surveyId,surveyName,visitorId,href,createdAt,completedAt,userId,partnerAnonymousId,os,browser,userAgent,customMetadata,triggeringEvent,responseGroupUid,eventProperties,Q1_Question_Text,Q1_Response,Q1_Response_NPSCategory,Q2_Question_Text,Q2_Response,Q2_Theme,Q2_Theme_1,Q2_Theme_2,Q2_Theme_3,Q2_Theme_4,Q2_Theme_5,Q2_Theme_6,Q2_Theme_7,Q2_Theme_8,Q2_Theme_9,Q2_Theme_10,Q2_Theme_11,Q2_Theme_12,Q2_Theme_13,Q2_Theme_14,Q2_Theme_15,Q2_Theme_16,Q2_Theme_17,Q2_Theme_18,Q2_Theme_19,Q2_Theme_20,Q2_Theme_21,Q3_Question_Text,Q3_Response,Q3_Theme,Q3_Theme_1,Q3_Theme_2,Q3_Theme_3,Q3_Theme_4,Q3_Theme_5,Q3_Theme_6,Q3_Theme_7,Q3_Theme_8,Q3_Theme_9,Q3_Theme_10,Q3_Theme_11,Q3_Theme_12,Q4_Question_Text,Q4_Response,Q4_Theme,Q4_Theme_1,Q4_Theme_2,Q4_Theme_3,Q4_Theme_4,Q4_Theme_5,Attribute_1,Attribute_2,Attribute_3,Attribute_4,Attribute_5,Attribute_6,Attribute_7,Attribute_8,Attribute_9,Attribute_10,Attribute_11,Attribute_12,Attribute_13,Attribute_14,Attribute_15,Attribute_16,Attribute_17,Attribute_18,Attribute_19,Attribute_20,Attribute_21,Attribute_22
Survey ID,Survey Name,Visitor ID,URL,Created At,Completed At,User ID,Partner Anonymous ID,OS,Browser,User Agent,Custom Metadata,Triggering Event,Response Group ID,Event Properties,How likely are you to recommend SuperSummary to a friend or colleague?*,How likely are you to recommend SuperSummary to a friend or colleague?*,NPS Category,What's the main reason for your score?,What's the main reason for your score?,Q2 Theme,Book Club Support,Character and Theme Analysis,Comprehensive Coverage,Comprehensive Summaries,Content Depth,Convenience,Detailed Analysis,Discussion Questions,Ease of Use,Enhances Reading Experience,Frequent Use,Helpful for Book Discussions,Informative Layout,Insightful Content,Memory Aid,Resource for Difficult Reads,Study Guides,Time-Saving,User Recommendations,Valuable Resource,Wide Selection,What's one thing you'd like to see added or improved on SuperSummary?,What's one thing you'd like to see added or improved on SuperSummary?,Q3 Theme,AI Features,Audio Versions,Book Club Features,Book Recommendations,Bug Fixes,Character Lists,Ease of Use,Historical Timelines,Improved Criticism,More Books,Nonfiction Summaries,Printable Content,Is there a book you've searched for on SuperSummary but couldn't find?,Is there a book you've searched for on SuperSummary but couldn't find?,Q4 Theme,Forgotten Titles,Interest in Popular Series,No Unfound Books,Specific Titles Missing,Varied Book Interests,appVersion,audience,audienceCategory,deviceType,email,firstName,gradeLevel,isStaff,isSubscribed,lastDownloadDate,lastName,last_visited_guide,osVersion,planId,planType,sdkVersion,status,subscribed,subscriberStatus,subscriptionDate,tenure,totalGuideDownloads
349231,NPS Mobile App / BCM,e63b3a20-f0c2-41a7-882a-53d23eceeb67,file:///var/containers/Bundle/Application/9187E949-9B54-4D00-AB49-27BDE0E53D80/Runner.app/Frameworks/UserLeapKit.framework/sprig_web_assets.bundle/snippet.html,09/01/2026 01:45:56,09/01/2026 01:46:01,506348,,iOS,WebKit,"Mozilla/5.0 (iPhone; CPU iPhone OS 18_7 like Mac OS X) AppleWebKit/605.1.15 (KHTML, like Gecko) Mobile/15E148",{},[App] Guide Viewed,d952f2b6-8c1d-466d-8678-b5aae44be14d,{},How likely are you to recommend SuperSummary to a friend or colleague?,3,detractor,What's the main reason for your score?,[skipped by user],,,,,,,,,,,,,,,,,,,,,,,What's one thing you'd like to see added or improved on SuperSummary?,[skipped by user],,,,,,,,,,,,,,,,,,,,,,1.22.0,book_club_member,book_club_member,,u_719f4d26daf76191,[name],null,false,true,,[name],the-perfect-couple,26.6.1,annual,annual,4.27.0,Active Subscriber,true,Active Subscriber,2024-03-04T11:24:02.000-08:00,30,0
349231,NPS Mobile App / BCM,68a0ce79-811e-4a7e-b62c-10a9efa1f72b,file:///var/containers/Bundle/Application/F8A55543-3F5B-4505-A635-37961808F806/Runner.app/Frameworks/UserLeapKit.framework/sprig_web_assets.bundle/snippet.html,09/01/2026 01:32:56,,1610532,,iOS,WebKit,"Mozilla/5.0 (iPhone; CPU iPhone OS 18_7 like Mac OS X) AppleWebKit/605.1.15 (KHTML, like Gecko) Mobile/15E148",{},[App] Guide Viewed,fe6eba2e-2ace-41f1-913a-52e5108c018c,{},How likely are you to recommend SuperSummary to a friend or colleague?,10,promoter,,,,,,,,,,,,,,,,,,,,,,,,,,,,,,,,,,,,,,,,,,,,,,,,1.22.0,book_club_member,book_club_member,,u_8f8a6e189259314c,[name],null,false,true,,[name],home-robinson,26.6,annual_plus,annual,4.27.0,Active Subscriber,true,Active Subscriber,2026-04-22T20:34:01.000-07:00,3,
349231,NPS Mobile App / BCM,c7c2c050-fb10-4be6-a180-b4ce820507ab,file:///var/containers/Bundle/Application/0941495C-1EC9-4753-8517-6F923EF70051/Runner.app/Frameworks/UserLeapKit.framework/sprig_web_assets.bundle/snippet.html,08/31/2026 22:40:42,,578565,,iOS,WebKit,"Mozilla/5.0 (iPhone; CPU iPhone OS 18_7 like Mac OS X) AppleWebKit/605.1.15 (KHTML, like Gecko) Mobile/15E148",{},[App] Guide Viewed,5d43144e-3ce5-4da1-87af-116866498a1c,{},How likely are you to recommend SuperSummary to a friend or colleague?,10,promoter,What's the main reason for your score?,[skipped by user],,,,,,,,,,,,,,,,,,,,,,,,,,,,,,,,,,,,,,,,,,,,,,1.22.0,book_club_member,book_club_member,,u_7053c22db9b27337,[name],null,false,true,,[name],james,26.6.1,annual,annual,4.27.0,Active Subscriber,true,Non Renewing Subscriber,2024-05-20T15:48:53.000-07:00,25,0
349231,NPS Mobile App / BCM,f8a0ffbb-24bc-4a12-9e35-5c63af9c9ccd,file:///var/containers/Bundle/Application/1D43036F-7473-4324-BFA7-506F249D7D49/Runner.app/Frameworks/UserLeapKit.framework/sprig_web_assets.bundle/snippet.html,08/31/2026 16:41:51,08/31/2026 16:42:12,187495,,iOS,WebKit,"Mozilla/5.0 (iPhone; CPU iPhone OS 18_7 like Mac OS X) AppleWebKit/605.1.15 (KHTML, like Gecko) Mobile/15E148",{},[App] Guide Viewed,196c28b0-4dda-4482-b871-639306f95fda,{},How likely are you to recommend SuperSummary to a friend or colleague?,10,promoter,What's the main reason for your score?,[skipped by user],,,,,,,,,,,,,,,,,,,,,,,What's one thing you'd like to see added or improved on SuperSummary?,Refresh books I’ve read,More Books,,,,,,,,,,1,,,Is there a book you've searched for on SuperSummary but couldn't find?,No,No Unfound Books,,,1,,,,book_club_member,book_club_member,,u_19925627693a0f6f,[name],null,false,true,2022-04-02T11:51:10.517-07:00,[name],the-7-deaths-of-evelyn-hardcastle,,,annual,,Active Subscriber,true,Active Subscriber,2022-04-02T11:47:48.000-07:00,44,1
349231,NPS Mobile App / BCM,4f802130-a7dd-4856-9ac6-9e1325ae0491,file:///var/containers/Bundle/Application/C89B1CCD-97CA-4C74-8686-7DB1BACB94C2/Runner.app/Frameworks/UserLeapKit.framework/sprig_web_assets.bundle/snippet.html,08/31/2026 02:38:21,,914410,,iOS,WebKit,"Mozilla/5.0 (iPhone; CPU iPhone OS 18_7 like Mac OS X) AppleWebKit/605.1.15 (KHTML, like Gecko) Mobile/15E148",{},[App] Guide Viewed,30f9acc6-4179-43f0-b9d4-c7ec9c711144,{},How likely are you to recommend SuperSummary to a friend or colleague?,10,promoter,,,,,,,,,,,,,,,,,,,,,,,,,,,,,,,,,,,,,,,,,,,,,,,,,book_club_member,book_club_member,,u_f7ed01dd57dc7b30,[name],null,false,true,,[name],the-calamity-club,,annual_essentials,annual,,Active Subscriber,true,Active Subscriber,2026-02-28T06:42:15.000-08:00,20,
349231,NPS Mobile App / BCM,3a86ad28-e959-4bb0-b691-da8f55698740,file:///var/containers/Bundle/Application/7D0A7919-5A3F-450D-AC1D-C1E6B577C3E0/Runner.app/Frameworks/UserLeapKit.framework/sprig_web_assets.bundle/snippet.html,08/30/2026 15:34:02,,863321,,iOS,WebKit,"Mozilla/5.0 (iPhone; CPU iPhone OS 18_7 like Mac OS X) AppleWebKit/605.1.15 (KHTML, like Gecko) Mobile/15E148",{},[App] Guide Viewed,2a959f23-8000-47e5-91fb-5fb65c0ca97d,{},How likely are you to recommend SuperSummary to a friend or colleague?,8,passive,,,,,,,,,,,,,,,,,,,,,,,,,,,,,,,,,,,,,,,,,,,,,,,,,book_club_member,book_club_member,,u_4473819ca416f26f,[name],null,false,true,,[name],march,,annual,annual,,Active Subscriber,true,Active Subscriber,2024-12-05T09:25:51.000-08:00,22,
349231,NPS Mobile App / BCM,a864451e-1f74-438c-8baf-b9ee4e337f97,file:///var/containers/Bundle/Application/376C4D98-9B2B-4CFF-AFF3-A03E96F9382D/Runner.app/Frameworks/UserLeapKit.framework/sprig_web_assets.bundle/snippet.html,08/30/2026 03:25:23,08/30/2026 03:26:30,448430,,iOS,WebKit,"Mozilla/5.0 (iPhone; CPU iPhone OS 18_7 like Mac OS X) AppleWebKit/605.1.15 (KHTML, like Gecko) Mobile/15E148",{},[App] Guide Viewed,528917b9-e4f5-4114-8542-5a890968b0bf,{},How likely are you to recommend SuperSummary to a friend or colleague?,9,promoter,What's the main reason for your score?,"It does a good job of summarizing each chapter, character, and plot.",Comprehensive Summaries,,,,1,,,,,,,,,,,,,,,,,,What's one thing you'd like to see added or improved on SuperSummary?,[skipped by user],,,,,,,,,,,,,,,,,,,,,,,book_club_member,book_club_member,,u_6da69493d869461c,[name],null,false,true,,[name],the-book-club-for-troublesome-women,,annual,annual,,Active Subscriber,true,Active Subscriber,2025-03-02T19:58:26.000-08:00,32,0
349231,NPS Mobile App / BCM,5558005c-730d-4c1c-a8e1-5fb25b8f9ea1,file:///var/containers/Bundle/Application/03E8F3F0-4904-4527-AEE1-667B36AAEB04/Runner.app/Frameworks/UserLeapKit.framework/sprig_web_assets.bundle/snippet.html,08/30/2026 00:19:36,,650857,,iOS,WebKit,"Mozilla/5.0 (iPhone; CPU iPhone OS 18_7 like Mac OS X) AppleWebKit/605.1.15 (KHTML, like Gecko) Mobile/15E148",{},[App] Guide Viewed,bff20013-d4c2-4df0-86ba-5d4e372bc1f6,{},How likely are you to recommend SuperSummary to a friend or colleague?,10,promoter,,,,,,,,,,,,,,,,,,,,,,,,,,,,,,,,,,,,,,,,,,,,,,,,1.22.0,book_club_member,book_club_member,,u_11306475c417df08,[name],null,false,true,,[name],the-tenant-freida-mcfadden,26.6,annual_subscription_36-USD,annual,4.27.0,,true,Active Subscriber,2024-09-04T16:49:11.000-07:00,24,
349231,NPS Mobile App / BCM,b7239338-e11b-4f52-afbf-f7ca15438da3,file:///android_asset/snippet.html,08/29/2026 23:33:51,08/29/2026 23:34:38,401347,,Android,Chrome WebView,"Mozilla/5.0 (Linux; Android 16; SM-S918U1 Build/BP4A.251205.006; wv) AppleWebKit/537.36 (KHTML, like Gecko) Version/4.0 Chrome/151.0.7922.199 Mobile Safari/537.36",{},[App] Guide Viewed,790b5cb8-1243-4a6b-abbd-1817ebfe28d8,{},,10,promoter,,Super informative and interesting. Helps with bookclub discussions,Book Club Support,1,,,,,,,,,,,,,,,,,,,,,,[skipped by user],,,,,,,,,,,,,,,[skipped by user],,,,,,,1.22.0,book_club_member,book_club_member,,u_a1127183834395f7,[name],null,false,true,,[name],the-calamity-club,16,annual,annual,2.17.8,Active Subscriber,true,Active Subscriber,2025-08-25T06:52:28.000-07:00,37,0
349231,NPS Mobile App / BCM,4bf4a6b3-6d21-4475-80b9-1b15ebfba094,file:///var/containers/Bundle/Application/ADB56453-41E6-4D9F-A969-A8D6F962BC53/Runner.app/Frameworks/UserLeapKit.framework/sprig_web_assets.bundle/snippet.html,08/29/2026 22:25:20,08/29/2026 22:27:21,1118450,,iOS,WebKit,"Mozilla/5.0 (iPhone; CPU iPhone OS 18_7 like Mac OS X) AppleWebKit/605.1.15 (KHTML, like Gecko) Mobile/15E148",{},[App] Guide Viewed,6a8e190d-e77b-4e66-82c0-5bd719667b44,{},How likely are you to recommend SuperSummary to a friend or colleague?,10,promoter,What's the main reason for your score?,Helps in understanding overall book content,Comprehensive Summaries,,,,1,,,,,,,,,,,,,,,,,,What's one thing you'd like to see added or improved on SuperSummary?,Easier or permanent sign while having a subscription sign in,Ease of Use,,,,,,,1,,,,,,,,,,,,,,1.22.0,book_club_member,book_club_member,,u_953302c74cae6474,[name],null,false,true,,[name],the-correspondent,26.6,annual_plus,annual,4.27.0,Active Subscriber,true,Active Subscriber,2026-04-06T14:01:08.000-07:00,5,
349231,NPS Mobile App / BCM,b2a9bd94-f205-4f81-88aa-c42856a83fdf,file:///var/containers/Bundle/Application/5E609399-9497-4BB2-A456-68A205FEDEC8/Runner.app/Frameworks/UserLeapKit.framework/sprig_web_assets.bundle/snippet.html,08/29/2026 21:36:49,08/29/2026 21:36:53,1015717,,iOS,WebKit,"Mozilla/5.0 (iPhone; CPU iPhone OS 18_7 like Mac OS X) AppleWebKit/605.1.15 (KHTML, like Gecko) Mobile/15E148",{},[App] Guide Viewed,86024f37-5b37-4874-88d1-eb0ff7631718,{},How likely are you to recommend SuperSummary to a friend or colleague?,9,promoter,What's the main reason for your score?,[skipped by user],,,,,,,,,,,,,,,,,,,,,,,What's one thing you'd like to see added or improved on SuperSummary?,[skipped by user],,,,,,,,,,,,,,,,,,,,,,,book_club_member,book_club_member,,u_de68dce28b9afeb3,[name],null,false,true,,[name],the-blackhouse-peter-may,,,annual,,Active Subscriber,true,Non Renewing Subscriber,2025-02-20T17:51:43.000-08:00,9,
349231,NPS Mobile App / BCM,2dbf3d95-ccd4-4ffb-b552-5c1bb2a15c10,file:///var/containers/Bundle/Application/3C194EB3-EE3C-40D7-BAE5-708D79EAAA08/Runner.app/Frameworks/UserLeapKit.framework/sprig_web_assets.bundle/snippet.html,08/29/2026 13:29:09,08/29/2026 13:29:30,1614964,,iOS,WebKit,"Mozilla/5.0 (Macintosh; Intel Mac OS X 10_15_7) AppleWebKit/605.1.15 (KHTML, like Gecko)",{},[App] Guide Viewed,39bfc404-f311-44d7-a428-cc7067a134c9,{},How likely are you to recommend SuperSummary to a friend or colleague?,10,promoter,What's the main reason for your score?,[skipped by user],,,,,,,,,,,,,,,,,,,,,,,What's one thing you'd like to see added or improved on SuperSummary?,[skipped by user],,,,,,,,,,,,,,,,,,,,,,1.17.3,book_club_member,book_club_member,,u_b7ecae0a34766284,[name],null,false,true,,[name],an-american-beauty,26.6,annual_essentials,annual,4.27.0,Active Subscriber,true,Non Renewing Subscriber,2026-04-25T17:35:22.000-07:00,4,
349231,NPS Mobile App / BCM,17fe47b5-c4b4-4ee5-ae80-8f7c927d8d03,file:///android_asset/snippet.html,08/28/2026 20:12:04,08/28/2026 20:12:09,1667733,,Android,Chrome WebView,"Mozilla/5.0 (Linux; Android 16; SM-X210 Build/BP2A.250605.031.A3; wv) AppleWebKit/537.36 (KHTML, like Gecko) Version/4.0 Chrome/152.0.7977.64 Safari/537.36",{},[App] Guide Viewed,071f3cf2-9edb-439a-961d-67dd67c6fb03,{},,0,detractor,,[skipped by user],,,,,,,,,,,,,,,,,,,,,,,,[skipped by user],,,,,,,,,,,,,,,[skipped by user],,,,,,,,book_club_member,book_club_member,,u_60c275633cf4efbf,[name],null,false,true,,[name],the-book-club-for-troublesome-women,,annual_plus,annual,,Active Subscriber,true,Active Subscriber,2026-06-07T10:02:29.000-07:00,2,
349231,NPS Mobile App / BCM,9f87c979-9966-4f87-a9da-4a2a18370d25,file:///var/containers/Bundle/Application/19631045-7AAD-4235-AC79-1B27F40F81F1/Runner.app/Frameworks/UserLeapKit.framework/sprig_web_assets.bundle/snippet.html,08/28/2026 19:53:57,,875088,,iOS,WebKit,"Mozilla/5.0 (iPhone; CPU iPhone OS 18_7 like Mac OS X) AppleWebKit/605.1.15 (KHTML, like Gecko) Mobile/15E148",{},[App] Guide Viewed,d75e8526-e472-41f3-89c7-c9ba23678bec,{},How likely are you to recommend SuperSummary to a friend or colleague?,8,passive,What's the main reason for your score?,Easy to use,Ease of Use,,,,,,,,,1,,,,,,,,,,,,,,,,,,,,,,,,,,,,,,,,,,,,,book_club_member,book_club_member,,u_22015ebe8cb09890,[name],null,false,true,,[name],north-woods,,,annual,,Active Subscriber,true,Active Subscriber,2025-01-10T17:38:09.000-08:00,10,
349231,NPS Mobile App / BCM,564312e1-0fc1-479a-95d1-b6bce7a8a17c,file:///var/containers/Bundle/Application/D2927BB5-7F88-4ED3-BE65-EF5A7E0B1C45/Runner.app/Frameworks/UserLeapKit.framework/sprig_web_assets.bundle/snippet.html,08/28/2026 13:46:31,08/28/2026 13:46:44,1035437,,iOS,WebKit,"Mozilla/5.0 (iPhone; CPU iPhone OS 18_7 like Mac OS X) AppleWebKit/605.1.15 (KHTML, like Gecko) Mobile/15E148",{},[App] Guide Viewed,42e8db11-1d01-4a95-9e59-b184174cda41,{},How likely are you to recommend SuperSummary to a friend or colleague?,9,promoter,What's the main reason for your score?,[skipped by user],,,,,,,,,,,,,,,,,,,,,,,What's one thing you'd like to see added or improved on SuperSummary?,Not sure,,,,,,,,,,,,,,,,,,,,,,1.22.0,book_club_member,book_club_member,,u_38ce16ad8cee22d1,[name],null,false,true,,[name],tess-of-the-d-urbervilles,26.6,annual,annual,4.27.0,Active Subscriber,true,Active Subscriber,2025-02-28T22:00:12.000-08:00,19,
349231,NPS Mobile App / BCM,96921b59-915a-4cfd-86b6-adc3aa197afa,file:///android_asset/snippet.html,08/28/2026 12:30:04,08/28/2026 12:31:02,762967,,Android,Chrome WebView,"Mozilla/5.0 (Linux; Android 16; SM-S911U Build/BP4A.251205.006; wv) AppleWebKit/537.36 (KHTML, like Gecko) Version/4.0 Chrome/152.0.7977.64 Mobile Safari/537.36",{},[App] Guide Viewed,65561109-8935-4e25-a494-6c678a7b978e,{},,10,promoter,,So helpful when leading a book club discussion,Book Club Support,1,,,,,,,,,,,,,,,,,,,,,,I can't think of anything,,,,,,,,,,,,,,,No,No Unfound Books,,,1,,,1.21.1,book_club_member,book_club_member,,u_94cfe3be32e95c45,[name],null,false,true,,[name],the-extraordinary-life-of-sam-hell,16,annual,annual,2.17.8,Active Subscriber,true,Active Subscriber,2024-11-21T14:39:04.000-08:00,22,
349231,NPS Mobile App / BCM,a1b48156-4d7f-4845-becc-246e2039e563,file:///var/containers/Bundle/Application/54D2BC2D-D28F-44F9-AABC-2DED1F055772/Runner.app/Frameworks/UserLeapKit.framework/sprig_web_assets.bundle/snippet.html,08/28/2026 01:26:30,08/28/2026 01:26:36,1043098,,iOS,WebKit,"Mozilla/5.0 (Macintosh; Intel Mac OS X 10_15_7) AppleWebKit/605.1.15 (KHTML, like Gecko)",{},[App] Guide Viewed,b3d49fc8-f7ad-47ae-915e-5041f538ffba,{},How likely are you to recommend SuperSummary to a friend or colleague?,10,promoter,What's the main reason for your score?,[skipped by user],,,,,,,,,,,,,,,,,,,,,,,What's one thing you'd like to see added or improved on SuperSummary?,[skipped by user],,,,,,,,,,,,,,,,,,,,,,1.22.0,book_club_member,book_club_member,,u_09e4b32c65faddf0,[name],null,false,true,,[name],oh-william,26.6,annual,annual,4.27.0,Active Subscriber,true,Active Subscriber,2025-03-04T11:09:52.000-08:00,14,
349231,NPS Mobile App / BCM,1d4bd6e4-9f29-408b-bbf2-f6838b5ef7db,file:///var/containers/Bundle/Application/5213CC9B-A076-47F6-AD56-FB52A4D7B54B/Runner.app/Frameworks/UserLeapKit.framework/sprig_web_assets.bundle/snippet.html,08/28/2026 00:17:34,08/28/2026 00:18:20,1014400,,iOS,WebKit,"Mozilla/5.0 (iPhone; CPU iPhone OS 18_7 like Mac OS X) AppleWebKit/605.1.15 (KHTML, like Gecko) Mobile/15E148",{},[App] Guide Viewed,0ab0ae73-eb4f-4d74-ace8-ad78b706b345,{},How likely are you to recommend SuperSummary to a friend or colleague?,9,promoter,What's the main reason for your score?,"I’d rate it a 10 instead of 9, but it’s expensive.",,,,,,,,,,,,,,,,,,,,,,,What's one thing you'd like to see added or improved on SuperSummary?,[skipped by user],,,,,,,,,,,,,,,,,,,,,,1.22.0,book_club_member,book_club_member,,u_c3f8405d2c816ce0,[name],null,false,true,,[name],lula-deans-little-library-of-banned-books,26.6.1,annual_plus,annual,4.27.0,Active Subscriber,true,Active Subscriber,2026-05-09T10:04:27.000-07:00,3,
349231,NPS Mobile App / BCM,0ef5d3c4-fdae-428b-b949-5f82ff0a6f52,file:///var/containers/Bundle/Application/8FEE39C7-A354-4F29-866A-416CAA2FA578/Runner.app/Frameworks/UserLeapKit.framework/sprig_web_assets.bundle/snippet.html,08/27/2026 23:00:32,,1485651,,iOS,WebKit,"Mozilla/5.0 (iPhone; CPU iPhone OS 18_7 like Mac OS X) AppleWebKit/605.1.15 (KHTML, like Gecko) Mobile/15E148",{},[App] Guide Viewed,78458954-4be9-4fbf-a848-66bac53b925d,{},How likely are you to recommend SuperSummary to a friend or colleague?,8,passive,,,,,,,,,,,,,,,,,,,,,,,,,,,,,,,,,,,,,,,,,,,,,,,,,book_club_member,book_club_member,,u_6552c1f135a99f8e,[name],null,false,true,,[name],my-friends-fredrik-backman,,annual_plus,annual,,Active Subscriber,true,Active Subscriber,2026-01-23T18:15:57.000-08:00,7,
349231,NPS Mobile App / BCM,4016779a-ca5c-4e42-8b12-46bc4257344b,file:///var/containers/Bundle/Application/9C862010-6D80-4BBF-8C03-E3099ADDF1F2/Runner.app/Frameworks/UserLeapKit.framework/sprig_web_assets.bundle/snippet.html,08/27/2026 22:50:46,,1611823,,iOS,WebKit,"Mozilla/5.0 (iPhone; CPU iPhone OS 18_7 like Mac OS X) AppleWebKit/605.1.15 (KHTML, like Gecko) Mobile/15E148",{},[App] Guide Viewed,872a1d18-d5dc-4edd-a44f-4cdbf0d16d8f,{},How likely are you to recommend SuperSummary to a friend or colleague?,8,passive,,,,,,,,,,,,,,,,,,,,,,,,,,,,,,,,,,,,,,,,,,,,,,,,1.22.0,book_club_member,book_club_member,,u_682515d91bfcddc1,[name],null,false,true,,[name],behind-the-beautiful-forevers,26.6,annual_essentials,annual,4.27.0,Active Subscriber,true,Active Subscriber,2026-04-23T05:32:49.000-07:00,5,
349231,NPS Mobile App / BCM,abdf2427-084f-4d3a-8156-6c1f7a871edb,file:///var/containers/Bundle/Application/55514073-A2D6-4DCA-8D4E-DF63F89419AC/Runner.app/Frameworks/UserLeapKit.framework/sprig_web_assets.bundle/snippet.html,08/27/2026 20:01:42,,551470,,iOS,WebKit,"Mozilla/5.0 (iPad; CPU OS 18_7 like Mac OS X) AppleWebKit/605.1.15 (KHTML, like Gecko) Mobile/15E148",{},[App] Guide Viewed,8af1e109-896d-4655-8fdc-f0c1bad77a50,{},How likely are you to recommend SuperSummary to a friend or colleague?,10,promoter,What's the main reason for your score?,Improves understanding and recollection of books.,Enhances Reading Experience,,,,,,,,,,1,,,,,,,,,,,,,,,,,,,,,,,,,,,,,,,,,,,,book_club_member,book_club_member,,u_e36cf7ea14e22fb5,[name],null,false,true,,[name],we-the-people,,annual,annual,,Active Subscriber,true,Active Subscriber,2024-04-29T09:16:58.000-07:00,29,0
349231,NPS Mobile App / BCM,cdeab918-ecfb-4bbe-89ee-5d5ed8396932,file:///var/containers/Bundle/Application/E5F120EB-30BF-440D-A83A-A312CDD82C3C/Runner.app/Frameworks/UserLeapKit.framework/sprig_web_assets.bundle/snippet.html,08/27/2026 17:17:11,,1564779,,iOS,WebKit,"Mozilla/5.0 (Macintosh; Intel Mac OS X 10_15_7) AppleWebKit/605.1.15 (KHTML, like Gecko)",{},[App] Guide Viewed,b73a1a3e-9807-461d-89b9-32482692d259,{},How likely are you to recommend SuperSummary to a friend or colleague?,8,passive,,,,,,,,,,,,,,,,,,,,,,,,,,,,,,,,,,,,,,,,,,,,,,,,1.22.0,book_club_member,book_club_member,,u_e851fffb6e7d873d,[name],null,false,true,,[name],the-ghostwriter-julie-clark,26.6,annual_essentials,annual,4.27.0,Active Subscriber,true,Active Subscriber,2026-04-03T08:04:18.000-07:00,5,
349231,NPS Mobile App / BCM,d639b844-8ce5-4ccb-8ba7-15f8ecdace90,file:///var/containers/Bundle/Application/594D19AF-4760-4601-862C-27532A506D31/Runner.app/Frameworks/UserLeapKit.framework/sprig_web_assets.bundle/snippet.html,08/27/2026 10:26:40,,1067813,,iOS,WebKit,"Mozilla/5.0 (iPhone; CPU iPhone OS 18_7 like Mac OS X) AppleWebKit/605.1.15 (KHTML, like Gecko) Mobile/15E148",{},[App] Guide Viewed,a419c207-c99f-4b28-a476-6b3dc3f0f1bd,{},How likely are you to recommend SuperSummary to a friend or colleague?,10,promoter,,,,,,,,,,,,,,,,,,,,,,,,,,,,,,,,,,,,,,,,,,,,,,,,1.22.0,book_club_member,book_club_member,,u_16cd9869f05b8eb2,[name],null,false,true,,[name],the-testaments,26.6,monthly_plus_apple-ZAR,monthly,4.27.0,,true,Active Subscriber,2026-03-28T06:53:20.000-07:00,3,
349231,NPS Mobile App / BCM,5c0c16f5-37f5-477f-b8cd-6ea3c3ecb652,file:///var/containers/Bundle/Application/6379C4FF-C3FC-4F88-9E73-8678E1BC1C0D/Runner.app/Frameworks/UserLeapKit.framework/sprig_web_assets.bundle/snippet.html,08/27/2026 01:32:16,,1693565,,iOS,WebKit,"Mozilla/5.0 (Macintosh; Intel Mac OS X 10_15_7) AppleWebKit/605.1.15 (KHTML, like Gecko)",{},[App] Guide Viewed,8b4452a8-577e-418c-9993-8d18ad6101d9,{},How likely are you to recommend SuperSummary to a friend or colleague?,1,detractor,,,,,,,,,,,,,,,,,,,,,,,,,,,,,,,,,,,,,,,,,,,,,,,,,book_club_member,book_club_member,,u_1793f14f19a145ee,[name],null,false,true,,[name],a-marriage-at-sea-elmhirst,,annual_plus,annual,,,true,Active Subscriber,2026-07-10T15:36:07.000-07:00,2,
349231,NPS Mobile App / BCM,25b8362b-b7b3-40e7-aa0f-45df932eeae6,file:///android_asset/snippet.html,08/26/2026 16:14:27,08/26/2026 16:15:11,1125347,,Android,Chrome WebView,"Mozilla/5.0 (Linux; Android 16; SM-S926U Build/BP4A.251205.006; wv) AppleWebKit/537.36 (KHTML, like Gecko) Version/4.0 Chrome/151.0.7922.170 Mobile Safari/537.36",{},[App] Guide Viewed,1077644a-bbdb-42f3-9aa3-761e7788819b,{},,10,promoter,,"I think this app gives a great overview, while in depth review.",Comprehensive Coverage,,,1,,,,,,,,,,,,,,,,,,,,[skipped by user],,,,,,,,,,,,,,,[skipped by user],,,,,,,1.22.0,book_club_member,book_club_member,,u_06cca2ea0404c374,[name],null,false,true,,[name],kin-tayari-jones,16,annual_plus_google-60-USD,annual,2.17.8,Active Subscriber,true,Non Renewing Subscriber,2026-05-06T14:01:31.000-07:00,2,
349231,NPS Mobile App / BCM,706f69eb-0901-4094-b4aa-9137fb996ec4,file:///var/containers/Bundle/Application/85DE4F49-1E95-4EAE-AABB-F8FC86E2E365/Runner.app/Frameworks/UserLeapKit.framework/sprig_web_assets.bundle/snippet.html,08/26/2026 14:48:02,,517209,,iOS,WebKit,"Mozilla/5.0 (iPhone; CPU iPhone OS 18_7 like Mac OS X) AppleWebKit/605.1.15 (KHTML, like Gecko) Mobile/15E148",{},[App] Guide Viewed,67b3b4d9-1d39-492a-8710-e027bd032276,{},How likely are you to recommend SuperSummary to a friend or colleague?,8,passive,What's the main reason for your score?,It helps me to summarize,Time-Saving,,,,,,,,,,,,,,,,,,1,,,,,,,,,,,,,,,,,,,,,,,,,,,1.22.0,book_club_member,book_club_member,,u_3801ba13dba01880,[name],null,false,true,,[name],iona-iversons-rules-for-commuting,26.6,annual_plus,annual,4.27.0,Active Subscriber,true,Active Subscriber,2025-10-26T02:18:57.000-07:00,10,
349231,NPS Mobile App / BCM,232d57b2-b714-4f32-98b1-07969b5f2777,file:///var/containers/Bundle/Application/B414F54A-F4B9-4C2B-85AE-EF1DA3FDCA1E/Runner.app/Frameworks/UserLeapKit.framework/sprig_web_assets.bundle/snippet.html,08/26/2026 14:45:39,,734355,,iOS,WebKit,"Mozilla/5.0 (iPhone; CPU iPhone OS 18_7 like Mac OS X) AppleWebKit/605.1.15 (KHTML, like Gecko) Mobile/15E148",{},[App] Guide Viewed,34217bbc-ec5f-494d-bb89-a5bcf7e14f10,{},How likely are you to recommend SuperSummary to a friend or colleague?,10,promoter,,,,,,,,,,,,,,,,,,,,,,,,,,,,,,,,,,,,,,,,,,,,,,,,,book_club_member,book_club_member,,u_7c682866c39fac83,[name],null,false,true,,[name],the-thing-in-the-forest,,annual,annual,,Active Subscriber,true,Non Renewing Subscriber,2024-10-16T08:08:28.000-07:00,23,
349231,NPS Mobile App / BCM,433c4d22-8468-42a4-8f33-026c687e86a5,file:///var/containers/Bundle/Application/1B4CE46B-B11B-43A4-A81C-97475E8E20E4/Runner.app/Frameworks/UserLeapKit.framework/sprig_web_assets.bundle/snippet.html,08/26/2026 02:49:11,,966114,,iOS,WebKit,"Mozilla/5.0 (iPhone; CPU iPhone OS 18_7 like Mac OS X) AppleWebKit/605.1.15 (KHTML, like Gecko) Mobile/15E148",{},[App] Guide Viewed,4fba428c-e6de-40cc-92c9-d56c05f8885f,{},How likely are you to recommend SuperSummary to a friend or colleague?,10,promoter,,,,,,,,,,,,,,,,,,,,,,,,,,,,,,,,,,,,,,,,,,,,,,,,,book_club_member,book_club_member,,u_5fd5990a3c1f2f60,[name],null,false,true,,[name],michael-without-apology,,annual,annual,,Active Subscriber,true,Active Subscriber,2025-01-29T06:47:47.000-08:00,20,
349231,NPS Mobile App / BCM,d28c917a-0850-4d71-9454-5f54a3b0d540,file:///var/containers/Bundle/Application/560F259B-7599-4D84-91E2-227F18B58636/Runner.app/Frameworks/UserLeapKit.framework/sprig_web_assets.bundle/snippet.html,08/25/2026 23:05:31,08/25/2026 23:05:33,1342015,,iOS,WebKit,"Mozilla/5.0 (iPhone; CPU iPhone OS 18_7 like Mac OS X) AppleWebKit/605.1.15 (KHTML, like Gecko) Mobile/15E148",{},[App] Guide Viewed,79ab142e-baf7-4a31-8d69-15a6d3fcd619,{},How likely are you to recommend SuperSummary to a friend or colleague?,10,promoter,What's the main reason for your score?,[skipped by user],,,,,,,,,,,,,,,,,,,,,,,What's one thing you'd like to see added or improved on SuperSummary?,[skipped by user],,,,,,,,,,,,,,,,,,,,,,1.22.0,book_club_member,book_club_member,,u_93e4d11086a557fd,[name],null,false,true,,[name],twice,26.6,annual_plus,annual,4.27.0,Active Subscriber,true,Active Subscriber,2025-09-27T12:47:43.000-07:00,7,
349231,NPS Mobile App / BCM,3e3401c4-b65c-4fa6-937f-06e615417f46,file:///var/containers/Bundle/Application/32C2F227-312A-4EE4-AE32-76E351A8E92E/Runner.app/Frameworks/UserLeapKit.framework/sprig_web_assets.bundle/snippet.html,08/25/2026 21:54:28,,633555,,iOS,WebKit,"Mozilla/5.0 (iPhone; CPU iPhone OS 18_7 like Mac OS X) AppleWebKit/605.1.15 (KHTML, like Gecko) Mobile/15E148",{},[App] Guide Viewed,399b8aec-75ef-46e1-a976-e1ce63deee6e,{},How likely are you to recommend SuperSummary to a friend or colleague?,7,passive,,,,,,,,,,,,,,,,,,,,,,,,,,,,,,,,,,,,,,,,,,,,,,,,,book_club_member,book_club_member,,u_6ff617160bbd8284,[name],null,false,true,,[name],portrait-of-a-thief,,annual_plus,annual,,Active Subscriber,true,Active Subscriber,2025-09-16T13:56:41.000-07:00,6,
349231,NPS Mobile App / BCM,3a50bebf-fc5d-4b6f-bcd9-5969062a7225,file:///var/containers/Bundle/Application/9595EF15-FAD5-4D9A-9002-61AD74D9EA42/Runner.app/Frameworks/UserLeapKit.framework/sprig_web_assets.bundle/snippet.html,08/25/2026 20:38:39,08/25/2026 20:39:04,80316,,iOS,WebKit,"Mozilla/5.0 (iPhone; CPU iPhone OS 18_7 like Mac OS X) AppleWebKit/605.1.15 (KHTML, like Gecko) Mobile/15E148",{},[App] Guide Viewed,58567bc3-8bdc-400b-b4e0-964dae9f9084,{},How likely are you to recommend SuperSummary to a friend or colleague?,10,promoter,What's the main reason for your score?,It helps me with review after I read a book.,Helpful for Book Discussions,,,,,,,,,,,,1,,,,,,,,,,What's one thing you'd like to see added or improved on SuperSummary?,[skipped by user],,,,,,,,,,,,,,,,,,,,,,1.22.0,book_club_member,book_club_member,,u_17eecafa81f7a904,[name],null,false,true,2021-09-24T18:36:44.901-07:00,[name],,26.6,,annual,4.27.0,Active Subscriber,true,Active Subscriber,2021-06-21T14:38:13.000-07:00,49,3
349231,NPS Mobile App / BCM,6825403f-4cab-40bf-96d4-07e34046bce5,file:///var/containers/Bundle/Application/8600AB83-B056-45C7-A4EA-682B89A0EB96/Runner.app/Frameworks/UserLeapKit.framework/sprig_web_assets.bundle/snippet.html,08/25/2026 02:17:08,,1646078,,iOS,WebKit,"Mozilla/5.0 (iPad; CPU OS 18_7 like Mac OS X) AppleWebKit/605.1.15 (KHTML, like Gecko) Mobile/15E148",{},[App] Guide Viewed,3e7564f0-4700-476b-baf3-49bf28c622ad,{},How likely are you to recommend SuperSummary to a friend or colleague?,10,promoter,,,,,,,,,,,,,,,,,,,,,,,,,,,,,,,,,,,,,,,,,,,,,,,,1.22.0,book_club_member,book_club_member,,u_7b3de073d6cb0d8b,[name],null,false,true,,[name],the-book-club-for-troublesome-women,26.6,annual_plus,annual,4.27.0,Active Subscriber,true,Active Subscriber,2026-05-18T14:23:07.000-07:00,4,
349231,NPS Mobile App / BCM,441b8848-6443-4583-b25b-5a6c3068c920,file:///var/containers/Bundle/Application/DEC23F15-ED67-46BB-BB4A-683AC214BB44/Runner.app/Frameworks/UserLeapKit.framework/sprig_web_assets.bundle/snippet.html,08/24/2026 22:41:30,,461519,,iOS,WebKit,"Mozilla/5.0 (Macintosh; Intel Mac OS X 10_15_7) AppleWebKit/605.1.15 (KHTML, like Gecko)",{},[App] Guide Viewed,aad06f4b-1f5b-48e3-b178-8576b34db612,{},How likely are you to recommend SuperSummary to a friend or colleague?,10,promoter,,,,,,,,,,,,,,,,,,,,,,,,,,,,,,,,,,,,,,,,,,,,,,,,1.22.0,book_club_member,book_club_member,,u_f45e5c67ca2a97b9,[name],null,false,true,,[name],the-one-in-a-million-boy,17.7.11,annual_subscription_36-USD,annual,4.27.0,Active Subscriber,true,Active Subscriber,2024-09-12T13:11:05.000-07:00,24,0
349231,NPS Mobile App / BCM,0bd39478-a705-48cc-8769-25c3fd52dcfd,file:///var/containers/Bundle/Application/D344A05C-9BA0-48D8-98F2-496ABEE52CE7/Runner.app/Frameworks/UserLeapKit.framework/sprig_web_assets.bundle/snippet.html,08/24/2026 17:47:31,08/24/2026 17:47:34,542609,,iOS,WebKit,"Mozilla/5.0 (iPhone; CPU iPhone OS 18_7 like Mac OS X) AppleWebKit/605.1.15 (KHTML, like Gecko) Mobile/15E148",{},[App] Guide Viewed,2e90eaf2-4a15-4c00-a6f1-2f28885cc625,{},How likely are you to recommend SuperSummary to a friend or colleague?,10,promoter,What's the main reason for your score?,[skipped by user],,,,,,,,,,,,,,,,,,,,,,,What's one thing you'd like to see added or improved on SuperSummary?,[skipped by user],,,,,,,,,,,,,,,,,,,,,,1.22.0,book_club_member,book_club_member,,u_db82053c010cbc00,[name],null,false,true,,[name],culpability,26.3.1,annual,annual,4.27.0,Active Subscriber,true,Active Subscriber,2024-04-23T08:06:55.000-07:00,27,0
349231,NPS Mobile App / BCM,39910e4c-6c98-47ee-9894-365444903877,file:///var/containers/Bundle/Application/4966BF8F-88FE-4099-874C-C51B746F328E/Runner.app/Frameworks/UserLeapKit.framework/sprig_web_assets.bundle/snippet.html,08/24/2026 17:07:41,08/24/2026 17:08:18,1380691,,iOS,WebKit,"Mozilla/5.0 (iPhone; CPU iPhone OS 18_7 like Mac OS X) AppleWebKit/605.1.15 (KHTML, like Gecko) Mobile/15E148",{},[App] Guide Viewed,15d4963d-5ed5-4f8a-b6f6-652784d4c92c,{},How likely are you to recommend SuperSummary to a friend or colleague?,10,promoter,What's the main reason for your score?,Helps me facilitate our book club.,Book Club Support,1,,,,,,,,,,,,,,,,,,,,,What's one thing you'd like to see added or improved on SuperSummary?,All is good.,,,,,,,,,,,,,,,,,,,,,,1.22.0,book_club_member,book_club_member,,u_13b33a8e5cc7dbc3,[name],null,false,true,,[name],the-german-wife,26.6,annual_plus,annual,4.27.0,,true,Active Subscriber,2025-11-21T09:16:54.000-08:00,9,
349231,NPS Mobile App / BCM,b6f08ac6-6ddc-4276-a45b-68b27b8be380,file:///android_asset/snippet.html,08/24/2026 15:31:48,08/24/2026 15:32:18,1584813,,Android,Chrome WebView,"Mozilla/5.0 (Linux; Android 16; SM-S928U Build/BP4A.251205.006; wv) AppleWebKit/537.36 (KHTML, like Gecko) Version/4.0 Chrome/150.0.7871.183 Mobile Safari/537.36",{},[App] Guide Viewed,61146263-5c37-4621-bdaa-c8dab502f05d,{},,10,promoter,,❤️ it!!,Enhances Reading Experience,,,,,,,,,,1,,,,,,,,,,,,,Nothing,,,,,,,,,,,,,,,No,No Unfound Books,,,1,,,1.22.0,book_club_member,Book club member,,u_b2a773c18f4cece1,[name],null,false,true,,[name],birth-vibes,16,annual_plus_google-60-USD,annual,2.17.8,,true,Active Subscriber,2026-06-22T08:02:22.000-07:00,2,
349231,NPS Mobile App / BCM,0d97a01f-c9dc-4a01-9569-9aabbb8874ed,file:///var/containers/Bundle/Application/EB41CAA7-88D6-47FF-B2B2-10AECE0A1C50/Runner.app/Frameworks/UserLeapKit.framework/sprig_web_assets.bundle/snippet.html,08/24/2026 05:48:03,,1212091,,iOS,WebKit,"Mozilla/5.0 (iPhone; CPU iPhone OS 18_7 like Mac OS X) AppleWebKit/605.1.15 (KHTML, like Gecko) Mobile/15E148",{},[App] Guide Viewed,de1b4d13-e679-4002-8043-d0a31ee6c021,{},How likely are you to recommend SuperSummary to a friend or colleague?,9,promoter,What's the main reason for your score?,[skipped by user],,,,,,,,,,,,,,,,,,,,,,,,,,,,,,,,,,,,,,,,,,,,,,,book_club_member,book_club_member,,u_bc745b2efaddb3d0,[name],null,false,true,,[name],honor-umrigar,,,annual,,,true,Active Subscriber,2025-05-25T14:35:29.000-07:00,7,
349231,NPS Mobile App / BCM,f6abdf2f-8194-4ca7-9069-78f16334b8bd,file:///var/containers/Bundle/Application/0A7912B8-C55B-418B-8876-19164227BF5F/Runner.app/Frameworks/UserLeapKit.framework/sprig_web_assets.bundle/snippet.html,08/24/2026 05:07:11,08/24/2026 05:07:17,1652976,,iOS,WebKit,"Mozilla/5.0 (Macintosh; Intel Mac OS X 10_15_7) AppleWebKit/605.1.15 (KHTML, like Gecko)",{},[App] Guide Viewed,ad9e663d-410c-43ca-a80c-cdee44390c23,{},How likely are you to recommend SuperSummary to a friend or colleague?,10,promoter,What's the main reason for your score?,[skipped by user],,,,,,,,,,,,,,,,,,,,,,,What's one thing you'd like to see added or improved on SuperSummary?,[skipped by user],,,,,,,,,,,,,,,,,,,,,,1.22.0,book_club_member,book_club_member,,u_4c3d62a7db4df448,[name],null,false,true,,[name],,18.7.9,annual_essentials_apple-USD,annual,4.27.0,,true,Active Subscriber,2026-05-24T09:27:19.000-07:00,2,
349231,NPS Mobile App / BCM,10467b3a-1586-4ed1-a1d1-137944f2afe2,file:///android_asset/snippet.html,08/23/2026 20:49:13,,1601951,,Android,Chrome WebView,"Mozilla/5.0 (Linux; Android 15; SM-G991U Build/AP3A.240905.015.A2; wv) AppleWebKit/537.36 (KHTML, like Gecko) Version/4.0 Chrome/150.0.7871.183 Mobile Safari/537.36",{},[App] Guide Viewed,2206d10a-c750-4d0d-9010-d62ef86d3576,{},,8,passive,,Reserving a 10 for when the library is more expansive.,Wide Selection,,,,,,,,,,,,,,,,,,,,,1,,More books in the library or a recommendation feature for Guides we would like.,More Books,,,,,,,,,,1,,,,,,,,,,,1.22.0,other,book_club_member,,u_8a8f9b777325e360,[name],null,false,true,,[name],my-favorite-thing-is-monsters,15,annual_essentials,annual,2.17.8,Active Subscriber,true,Active Subscriber,2026-04-16T06:47:11.000-07:00,2,
349231,NPS Mobile App / BCM,a357e4b5-9d57-4d40-a1c1-1c5b22163733,file:///var/containers/Bundle/Application/0438ECB6-E019-4636-956C-DC1757745E14/Runner.app/Frameworks/UserLeapKit.framework/sprig_web_assets.bundle/snippet.html,08/23/2026 15:55:02,,670374,,iOS,WebKit,"Mozilla/5.0 (iPhone; CPU iPhone OS 18_7 like Mac OS X) AppleWebKit/605.1.15 (KHTML, like Gecko) Mobile/15E148",{},[App] Guide Viewed,4087c274-1ba1-458f-a30f-4192ccb006de,{},How likely are you to recommend SuperSummary to a friend or colleague?,6,detractor,,,,,,,,,,,,,,,,,,,,,,,,,,,,,,,,,,,,,,,,,,,,,,,,,book_club_member,book_club_member,,u_369563469cae6c9a,[name],null,false,true,,[name],the-adventures-of-huckleberry-finn,,,annual,,Active Subscriber,true,Active Subscriber,2024-09-19T13:17:59.000-07:00,13,
349231,NPS Mobile App / BCM,c90884b9-1f78-4880-9ffb-66ff186db5f7,file:///var/containers/Bundle/Application/26CBB354-0C9E-472F-BFE1-75A02C47A4E6/Runner.app/Frameworks/UserLeapKit.framework/sprig_web_assets.bundle/snippet.html,08/23/2026 15:47:22,08/23/2026 15:47:23,1556161,,iOS,WebKit,"Mozilla/5.0 (iPhone; CPU iPhone OS 18_7 like Mac OS X) AppleWebKit/605.1.15 (KHTML, like Gecko) Mobile/15E148",{},[App] Guide Viewed,dc8afed3-38df-493d-a3e2-73f4036d541e,{},How likely are you to recommend SuperSummary to a friend or colleague?,10,promoter,What's the main reason for your score?,[skipped by user],,,,,,,,,,,,,,,,,,,,,,,What's one thing you'd like to see added or improved on SuperSummary?,[skipped by user],,,,,,,,,,,,,,,,,,,,,,1.22.0,book_club_member,book_club_member,,u_9359f2fef7205cca,[name],null,false,true,,[name],hatchet,26.6,monthly_plus,monthly,4.27.0,Active Subscriber,true,Active Subscriber,2026-07-20T12:20:55.000-07:00,3,
349231,NPS Mobile App / BCM,f2b69f6e-450e-4140-bfe9-c1a0369a907e,file:///android_asset/snippet.html,08/23/2026 15:39:07,08/23/2026 15:40:21,1030849,,Android,Chrome WebView,"Mozilla/5.0 (Linux; Android 16; SM-A566B Build/BP4A.251205.006; wv) AppleWebKit/537.36 (KHTML, like Gecko) Version/4.0 Chrome/151.0.7922.169 Mobile Safari/537.36",{},[App] Guide Viewed,041e02f4-ae4a-48e3-ba17-3ebb7ba8391a,{},,9,promoter,,Great to use for my Book Group reads.,Book Club Support,1,,,,,,,,,,,,,,,,,,,,,,More books.,More Books,,,,,,,,,,1,,,,"Sorry, can't remember at the moment.",Forgotten Titles,1,,,,,,book_club_member,book_club_member,,u_e559fb7c836178d4,[name],null,false,true,,[name],summer,,annual,annual,,Active Subscriber,true,Active Subscriber,2025-03-05T13:18:45.000-08:00,13,
349231,NPS Mobile App / BCM,cc42ebba-e818-49a8-a848-3af7e40d433e,file:///var/containers/Bundle/Application/482599D3-7CB1-4534-8412-3CA6D3EC2037/Runner.app/Frameworks/UserLeapKit.framework/sprig_web_assets.bundle/snippet.html,08/23/2026 15:32:01,,1531801,,iOS,WebKit,"Mozilla/5.0 (iPhone; CPU iPhone OS 18_7 like Mac OS X) AppleWebKit/605.1.15 (KHTML, like Gecko) Mobile/15E148",{},[App] Guide Viewed,1c983515-9d6a-4338-adb3-737a264df290,{},How likely are you to recommend SuperSummary to a friend or colleague?,9,promoter,,,,,,,,,,,,,,,,,,,,,,,,,,,,,,,,,,,,,,,,,,,,,,,,1.22.0,book_club_member,book_club_member,,u_1a9c51fc305005c2,[name],null,false,true,,[name],jurassic-park,26.6,annual_plus,annual,4.27.0,Active Subscriber,true,Active Subscriber,2026-02-24T14:52:33.000-08:00,5,
349231,NPS Mobile App / BCM,8a439572-c079-4bd8-af72-52ca40514151,file:///android_asset/snippet.html,08/23/2026 15:25:55,,1148021,,Android,Chrome WebView,"Mozilla/5.0 (Linux; Android 16; SM-S901U Build/BP2A.250605.031.A3; wv) AppleWebKit/537.36 (KHTML, like Gecko) Version/4.0 Chrome/151.0.7922.85 Mobile Safari/537.36",{},[App] Guide Viewed,ffde8138-48d6-492b-93c6-ca7f3f6a88f9,{},,6,detractor,,,,,,,,,,,,,,,,,,,,,,,,,,,,,,,,,,,,,,,,,,,,,,,,,book_club_member,book_club_member,,u_f12e6143366433d7,[name],null,false,true,,[name],the-calamity-club,,annual_plus,annual,,Active Subscriber,true,Active Subscriber,2026-04-25T14:13:34.000-07:00,4,
349231,NPS Mobile App / BCM,d4bef2a3-02b0-4afc-820f-e3255732b60b,file:///var/containers/Bundle/Application/10A2A1C4-2CFE-428B-B13B-A36FECBAD60A/Runner.app/Frameworks/UserLeapKit.framework/sprig_web_assets.bundle/snippet.html,08/23/2026 00:03:06,,1344886,,iOS,WebKit,"Mozilla/5.0 (Macintosh; Intel Mac OS X 10_15_7) AppleWebKit/605.1.15 (KHTML, like Gecko)",{},[App] Guide Viewed,4c511ae4-cf8e-4207-965e-590a9679f6f2,{},How likely are you to recommend SuperSummary to a friend or colleague?,9,promoter,,,,,,,,,,,,,,,,,,,,,,,,,,,,,,,,,,,,,,,,,,,,,,,,1.21.1,book_club_member,book_club_member,,u_3cd0d0098e0a7dd5,[name],null,false,true,,[name],culpability,26.6.1,annual_essentials,annual,4.27.0,Active Subscriber,true,Active Subscriber,2026-02-12T13:06:08.000-08:00,6,
349231,NPS Mobile App / BCM,2bb6f5de-8d30-432b-aa10-9d40a2f4229f,file:///android_asset/snippet.html,08/22/2026 17:34:23,,1592287,,Android,Chrome WebView,"Mozilla/5.0 (Linux; Android 13; motorola edge 5G UW (2021) Build/T1RM33.1-110-17-8-2; wv) AppleWebKit/537.36 (KHTML, like Gecko) Version/4.0 Chrome/150.0.7871.183 Mobile Safari/537.36",{},[App] Guide Viewed,2c309b9e-3d2f-44c1-9bb0-61f8fc195318,{},,10,promoter,,,,,,,,,,,,,,,,,,,,,,,,,,,,,,,,,,,,,,,,,,,,,,,,1.22.0,book_club_member,book_club_member,,u_b31063fb24293c77,[name],null,false,true,,[name],becoming-madam-secretary,13,annual_essentials,annual,2.17.8,Active Subscriber,true,Active Subscriber,2026-04-09T07:46:43.000-07:00,5,
349231,NPS Mobile App / BCM,c1cbd3bb-4b9f-4477-b381-055da4cea5f2,file:///var/containers/Bundle/Application/273D89CB-56AD-405F-A217-2DDA47B1E519/Runner.app/Frameworks/UserLeapKit.framework/sprig_web_assets.bundle/snippet.html,08/22/2026 02:31:09,,525440,,iOS,WebKit,"Mozilla/5.0 (iPhone; CPU iPhone OS 18_7 like Mac OS X) AppleWebKit/605.1.15 (KHTML, like Gecko) Mobile/15E148",{},[App] Guide Viewed,daa21424-4ed3-4394-b7ad-6802fad4b383,{},How likely are you to recommend SuperSummary to a friend or colleague?,10,promoter,,,,,,,,,,,,,,,,,,,,,,,,,,,,,,,,,,,,,,,,,,,,,,,,1.22.0,book_club_member,book_club_member,,u_8f481690fd0a88da,[name],null,false,true,,[name],theo-of-golden,26.6,annual_essentials,annual,4.27.0,Active Subscriber,true,Active Subscriber,2026-01-12T09:36:08.000-08:00,20,0
349231,NPS Mobile App / BCM,63e8468c-4a18-4560-9b4c-c676fb3d5ad8,file:///var/containers/Bundle/Application/AC98DC4C-13A1-4D8F-A89E-549237497A5F/Runner.app/Frameworks/UserLeapKit.framework/sprig_web_assets.bundle/snippet.html,08/22/2026 02:23:22,08/22/2026 02:24:08,1235594,,iOS,WebKit,"Mozilla/5.0 (iPhone; CPU iPhone OS 18_7 like Mac OS X) AppleWebKit/605.1.15 (KHTML, like Gecko) Mobile/15E148",{},[App] Guide Viewed,4e19e4d2-6623-46e2-a25a-2a4cad7de855,{},How likely are you to recommend SuperSummary to a friend or colleague?,10,promoter,What's the main reason for your score?,Great resources for book club.,Book Club Support,1,,,,,,,,,,,,,,,,,,,,,What's one thing you'd like to see added or improved on SuperSummary?,Full books.,More Books,,,,,,,,,,1,,,Is there a book you've searched for on SuperSummary but couldn't find?,Not yet,No Unfound Books,,,1,,,1.22.0,book_club_member,book_club_member,,u_d7b0100572a01fd2,[name],null,false,true,,[name],the-alchemist,26.6.1,,annual,4.27.0,Active Subscriber,true,Active Subscriber,2025-06-13T10:14:57.000-07:00,4,
349231,NPS Mobile App / BCM,bb686f33-2f85-4433-b89b-ab125cdd5fbc,file:///android_asset/snippet.html,08/21/2026 21:45:27,,929660,,Android,Chrome WebView,"Mozilla/5.0 (Linux; Android 16; SM-S942U Build/BP4A.251205.006; wv) AppleWebKit/537.36 (KHTML, like Gecko) Version/4.0 Chrome/150.0.7871.183 Mobile Safari/537.36",{},[App] Guide Viewed,c90908cf-0d1d-478f-b4fe-4bd3190d7c5e,{},,10,promoter,,"Love the characters,  the story and Theo!!",Character and Theme Analysis,,1,,,,,,,,,,,,,,,,,,,,,,,,,,,,,,,,,,,,,,,,,,,1.9.1,book_club_member,book_club_member,,u_c7e03e5b3c230549,[name],null,false,true,,[name],,15,annual,annual,2.5.3,,true,Active Subscriber,2025-03-18T12:58:30.000-07:00,18,
349231,NPS Mobile App / BCM,70c2a1e8-8f9a-4048-af05-11eddc496eed,file:///android_asset/snippet.html,08/21/2026 04:39:46,08/21/2026 04:40:19,555824,,Android,Chrome WebView,"Mozilla/5.0 (Linux; Android 12; SM-G975U Build/SP1A.210812.016; wv) AppleWebKit/537.36 (KHTML, like Gecko) Version/4.0 Chrome/150.0.7871.183 Mobile Safari/537.36",{},[App] Guide Viewed,c19f0330-6097-40a8-81cd-9476155eef51,{},,9,promoter,,Love it for book club,Book Club Support,1,,,,,,,,,,,,,,,,,,,,,,[skipped by user],,,,,,,,,,,,,,,[skipped by user],,,,,,,1.22.0,book_club_member,book_club_member,,u_7039f8b4e68630c9,[name],null,false,true,,[name],a-history-of-the-world-in-6-glasses,12,annual,annual,2.17.8,Active Subscriber,true,Active Subscriber,2024-05-01T22:29:23.000-07:00,23,0
349231,NPS Mobile App / BCM,c262e248-bd1e-4961-baa2-3d6e22e3bd9d,file:///var/containers/Bundle/Application/E85F2737-B223-4415-B7EE-359F9E6A2AA5/Runner.app/Frameworks/UserLeapKit.framework/sprig_web_assets.bundle/snippet.html,08/21/2026 00:34:33,,317656,,iOS,WebKit,"Mozilla/5.0 (iPhone; CPU iPhone OS 18_7 like Mac OS X) AppleWebKit/605.1.15 (KHTML, like Gecko) Mobile/15E148",{},[App] Guide Viewed,1dd3c08c-31d1-4704-8edc-3afde4073048,{},How likely are you to recommend SuperSummary to a friend or colleague?,10,promoter,,,,,,,,,,,,,,,,,,,,,,,,,,,,,,,,,,,,,,,,,,,,,,,,1.22.0,book_club_member,book_club_member,,u_30e61af76d3817b6,[name],null,false,true,2023-02-20T16:26:21.723-08:00,[name],the-gown,26.6,annual_essentials_apple-USD,annual,4.27.0,Active Subscriber,true,Active Subscriber,2026-05-25T10:36:16.000-07:00,16,2
349231,NPS Mobile App / BCM,0029caaa-f50a-44f9-9630-99866d97fddd,file:///var/containers/Bundle/Application/E63490AF-CED7-42AD-BDA5-55DD67A29541/Runner.app/Frameworks/UserLeapKit.framework/sprig_web_assets.bundle/snippet.html,08/20/2026 22:15:17,,232140,,iOS,WebKit,"Mozilla/5.0 (iPhone; CPU iPhone OS 18_7 like Mac OS X) AppleWebKit/605.1.15 (KHTML, like Gecko) Mobile/15E148",{},[App] Guide Viewed,b1bcd7d2-d846-44d9-804b-626aab18a76c,{},How likely are you to recommend SuperSummary to a friend or colleague?,10,promoter,,,,,,,,,,,,,,,,,,,,,,,,,,,,,,,,,,,,,,,,,,,,,,,,1.22.0,book_club_member,book_club_member,,u_553d2108c9b7613c,[name],null,false,true,2023-01-12T11:41:27.723-08:00,[name],the-serviceberry,26.5,,annual,4.27.0,Active Subscriber,true,Active Subscriber,2022-07-20T19:54:01.000-07:00,43,3
349231,NPS Mobile App / BCM,d9e7ed73-d7a4-440b-a006-4a4e75e00c31,file:///var/containers/Bundle/Application/A83C6EC1-3DF1-4405-A66D-EE6BFFFBF5E1/Runner.app/Frameworks/UserLeapKit.framework/sprig_web_assets.bundle/snippet.html,08/20/2026 16:12:11,,227924,,iOS,WebKit,"Mozilla/5.0 (iPhone; CPU iPhone OS 18_7 like Mac OS X) AppleWebKit/605.1.15 (KHTML, like Gecko) Mobile/15E148",{},[App] Guide Viewed,07546059-8cd0-455e-b054-84b284a026e7,{},How likely are you to recommend SuperSummary to a friend or colleague?,8,passive,What's the main reason for your score?,[skipped by user],,,,,,,,,,,,,,,,,,,,,,,,,,,,,,,,,,,,,,,,,,,,,,1.22.0,book_club_member,book_club_member,,u_5711210832a29134,[name],null,false,true,2022-08-21T16:50:48.252-07:00,[name],tomorrow-and-tomorrow-and-tomorrow,26.5.2,annual,annual,4.27.0,Active Subscriber,true,Active Subscriber,2022-08-13T20:19:57.000-07:00,49,1
349231,NPS Mobile App / BCM,89e7e0ee-bd73-444e-98f5-75b192043ce5,file:///var/containers/Bundle/Application/F7C92956-B4E6-4685-8474-D0B4DF32DE99/Runner.app/Frameworks/UserLeapKit.framework/sprig_web_assets.bundle/snippet.html,08/20/2026 14:48:34,08/20/2026 14:48:38,483537,,iOS,WebKit,"Mozilla/5.0 (iPhone; CPU iPhone OS 18_7 like Mac OS X) AppleWebKit/605.1.15 (KHTML, like Gecko) Mobile/15E148",{},[App] Guide Viewed,e54c33a4-058c-45b5-902d-8cbe3fbcbeca,{},How likely are you to recommend SuperSummary to a friend or colleague?,10,promoter,What's the main reason for your score?,[skipped by user],,,,,,,,,,,,,,,,,,,,,,,What's one thing you'd like to see added or improved on SuperSummary?,[skipped by user],,,,,,,,,,,,,,,,,,,,,,,book_club_member,book_club_member,,u_a22b920b404175b2,[name],null,false,true,,[name],culpability,,annual_essentials,annual,,Active Subscriber,true,Active Subscriber,2026-04-07T14:10:11.000-07:00,28,0
349231,NPS Mobile App / BCM,3a56fcfb-18e9-4357-b5d1-d8575c1d174e,file:///android_asset/snippet.html,08/20/2026 05:28:40,,519886,,Android,Chrome WebView,"Mozilla/5.0 (Linux; Android 16; SM-S936U1 Build/BP4A.251205.006; wv) AppleWebKit/537.36 (KHTML, like Gecko) Version/4.0 Chrome/150.0.7871.181 Mobile Safari/537.36",{},[App] Guide Viewed,ca037c1b-93d6-4b61-800d-51faa4a90ee5,{},,10,promoter,,,,,,,,,,,,,,,,,,,,,,,,,,,,,,,,,,,,,,,,,,,,,,,,1.17.2,book_club_member,book_club_member,,u_53ef92b1fc605fa0,[name],null,false,true,,[name],the-life-impossible,16,annual,annual,2.17.8,Active Subscriber,true,Active Subscriber,2024-03-25T12:21:51.000-07:00,26,
349231,NPS Mobile App / BCM,a6bd7b71-8bd5-46c3-ace2-0c131ba9e779,file:///var/containers/Bundle/Application/2E25E86E-DF99-4A86-98B7-6E815BACC7B4/Runner.app/Frameworks/UserLeapKit.framework/sprig_web_assets.bundle/snippet.html,08/20/2026 02:45:13,08/20/2026 02:45:28,1260261,,iOS,WebKit,"Mozilla/5.0 (iPhone; CPU iPhone OS 18_7 like Mac OS X) AppleWebKit/605.1.15 (KHTML, like Gecko) Mobile/15E148",{},[App] Guide Viewed,13dc4b5a-80f5-41b5-93df-0e77ac54d5db,{},How likely are you to recommend SuperSummary to a friend or colleague?,10,promoter,What's the main reason for your score?,Like it so far,Enhances Reading Experience; Ease of Use,,,,,,,,,1,1,,,,,,,,,,,,What's one thing you'd like to see added or improved on SuperSummary?,[skipped by user],,,,,,,,,,,,,,,,,,,,,,1.22.0,book_club_member,book_club_member,,u_34d350c7016991a7,[name],null,false,true,,[name],the-thief-lord,26.6,annual_plus,annual,4.27.0,Active Subscriber,true,Non Renewing Subscriber,2026-05-19T13:05:39.000-07:00,2,
349231,NPS Mobile App / BCM,f490f30e-bcf0-4129-a54d-b6598ac5711b,file:///var/containers/Bundle/Application/29528380-41E5-4EDA-864A-7E40AECE5C6A/Runner.app/Frameworks/UserLeapKit.framework/sprig_web_assets.bundle/snippet.html,08/19/2026 23:55:21,08/19/2026 23:55:24,1559369,,iOS,WebKit,"Mozilla/5.0 (iPhone; CPU iPhone OS 18_7 like Mac OS X) AppleWebKit/605.1.15 (KHTML, like Gecko) Mobile/15E148",{},[App] Guide Viewed,e279ffb6-2a8a-46d1-ba68-4eeb0a496dd2,{},How likely are you to recommend SuperSummary to a friend or colleague?,10,promoter,What's the main reason for your score?,[skipped by user],,,,,,,,,,,,,,,,,,,,,,,What's one thing you'd like to see added or improved on SuperSummary?,[skipped by user],,,,,,,,,,,,,,,,,,,,,,1.22.0,book_club_member,book_club_member,,u_43f3d079c2d5adcf,[name],null,false,true,,[name],the-sacrifice-shantel-tessier,26.6,annual_essentials,annual,4.27.0,Active Subscriber,true,Non Renewing Subscriber,2026-03-15T05:24:16.000-07:00,6,
349231,NPS Mobile App / BCM,fb9bcd9f-2524-4152-9ed5-0e83b8ee6255,file:///var/containers/Bundle/Application/BE2AD8D9-9D29-4960-A48F-79D291C2B071/Runner.app/Frameworks/UserLeapKit.framework/sprig_web_assets.bundle/snippet.html,08/19/2026 23:15:31,,1239638,,iOS,WebKit,"Mozilla/5.0 (iPhone; CPU iPhone OS 18_7 like Mac OS X) AppleWebKit/605.1.15 (KHTML, like Gecko) Mobile/15E148",{},[App] Guide Viewed,4e85b05c-47ba-40cd-a950-7dff1cb1a84f,{},How likely are you to recommend SuperSummary to a friend or colleague?,10,promoter,,,,,,,,,,,,,,,,,,,,,,,,,,,,,,,,,,,,,,,,,,,,,,,,1.22.0,book_club_member,book_club_member,,u_196d330ff38b5297,[name],null,false,true,,[name],the-briar-club,26.6,annual_plus,annual,4.27.0,,true,Active Subscriber,2025-06-17T21:30:05.000-07:00,13,
349231,NPS Mobile App / BCM,54b7bd18-b339-4b57-80b3-5a53835405a5,file:///var/containers/Bundle/Application/52679D36-24D0-4127-A3E6-6B09F0CB8334/Runner.app/Frameworks/UserLeapKit.framework/sprig_web_assets.bundle/snippet.html,08/19/2026 22:21:59,,477541,,iOS,WebKit,"Mozilla/5.0 (iPhone; CPU iPhone OS 18_7 like Mac OS X) AppleWebKit/605.1.15 (KHTML, like Gecko) Mobile/15E148",{},[App] Guide Viewed,1209a33d-d309-49a5-b5af-9a7f568202c9,{},How likely are you to recommend SuperSummary to a friend or colleague?,10,promoter,,,,,,,,,,,,,,,,,,,,,,,,,,,,,,,,,,,,,,,,,,,,,,,,,book_club_member,book_club_member,,u_1229f78607416f9e,[name],null,false,true,,[name],horse,,,annual,,Active Subscriber,true,Active Subscriber,2024-01-10T13:11:43.000-08:00,16,0
349231,NPS Mobile App / BCM,015eabbe-8797-41a5-b4f2-0346d5630b75,file:///var/containers/Bundle/Application/B6CEA199-5694-437D-AF97-C39060A50A2F/Runner.app/Frameworks/UserLeapKit.framework/sprig_web_assets.bundle/snippet.html,08/19/2026 22:00:26,08/19/2026 22:02:36,1688999,,iOS,WebKit,"Mozilla/5.0 (Macintosh; Intel Mac OS X 10_15_7) AppleWebKit/605.1.15 (KHTML, like Gecko)",{},[App] Guide Viewed,23213959-e375-4a09-afd2-d118cda5eb9a,{},How likely are you to recommend SuperSummary to a friend or colleague?,7,passive,What's the main reason for your score?,A lot of what I am looking for are not available,,,,,,,,,,,,,,,,,,,,,,,What's one thing you'd like to see added or improved on SuperSummary?,Add more categories. History would be appreciated.,More Books,,,,,,,,,,1,,,,,,,,,,,1.22.0,book_club_member,book_club_member,,u_ba2e7f1ca37680f6,[name],null,false,true,,[name],the-lion-women-of-tehran,26.6,monthly_plus,monthly,4.27.0,,true,Non Renewing Subscriber,2026-07-02T18:10:34.000-07:00,2,
349231,NPS Mobile App / BCM,0d8a53ee-245d-441e-8d1d-96a951b72794,file:///var/containers/Bundle/Application/20230DF9-5B80-4AAB-900A-7754CBD45A31/Runner.app/Frameworks/UserLeapKit.framework/sprig_web_assets.bundle/snippet.html,08/19/2026 20:17:02,08/19/2026 20:17:44,963294,,iOS,WebKit,"Mozilla/5.0 (iPhone; CPU iPhone OS 18_7 like Mac OS X) AppleWebKit/605.1.15 (KHTML, like Gecko) Mobile/15E148",{},[App] Guide Viewed,fb6ecd8d-bb43-4c08-a350-b690a8789ed4,{},How likely are you to recommend SuperSummary to a friend or colleague?,10,promoter,What's the main reason for your score?,Vast amounts of quality information and insight and a very user friendly website,Ease of Use; Ease of Use,,,,,,,,,1,,,,,,,,,,,,,What's one thing you'd like to see added or improved on SuperSummary?,[skipped by user],,,,,,,,,,,,,,,,,,,,,,1.22.0,book_club_member,book_club_member,,u_43f3f7f601cdb794,[name],null,false,true,,[name],the-correspondent,26.6,annual,annual,4.27.0,Active Subscriber,true,Active Subscriber,2025-01-28T06:13:37.000-08:00,19,
349231,NPS Mobile App / BCM,1b3857b3-d112-47d3-bcf2-9abf1ffe2375,file:///var/containers/Bundle/Application/D8B0270C-5C15-4E40-9DB0-54039AAA9664/Runner.app/Frameworks/UserLeapKit.framework/sprig_web_assets.bundle/snippet.html,08/19/2026 18:53:45,08/19/2026 18:53:58,1256651,,iOS,WebKit,"Mozilla/5.0 (iPhone; CPU iPhone OS 18_7 like Mac OS X) AppleWebKit/605.1.15 (KHTML, like Gecko) Mobile/15E148",{},[App] Guide Viewed,a29ea8e1-2eec-48b7-a55b-4a255ffebfaf,{},How likely are you to recommend SuperSummary to a friend or colleague?,6,detractor,What's the main reason for your score?,[skipped by user],,,,,,,,,,,,,,,,,,,,,,,What's one thing you'd like to see added or improved on SuperSummary?,Better navigation toole,Ease of Use,,,,,,,1,,,,,,,,,,,,,,1.22.0,book_club_member,book_club_member,,u_4bef4ba820b36188,[name],null,false,true,,[name],wrong-place-wrong-time,26.6,annual,annual,4.27.0,Active Subscriber,true,Active Subscriber,2025-07-09T19:49:33.000-07:00,13,
349231,NPS Mobile App / BCM,a862d7aa-ae7c-44aa-a828-73caaaeb1f02,file:///var/containers/Bundle/Application/C10D21D3-AD0C-4754-B6A8-50D5B9D75EE3/Runner.app/Frameworks/UserLeapKit.framework/sprig_web_assets.bundle/snippet.html,08/19/2026 17:57:15,08/19/2026 17:57:18,1599372,,iOS,WebKit,"Mozilla/5.0 (iPhone; CPU iPhone OS 18_7 like Mac OS X) AppleWebKit/605.1.15 (KHTML, like Gecko) Mobile/15E148",{},[App] Guide Viewed,e5d5136c-2b87-4e3b-86ab-d13dedefd59b,{},How likely are you to recommend SuperSummary to a friend or colleague?,10,promoter,What's the main reason for your score?,[skipped by user],,,,,,,,,,,,,,,,,,,,,,,What's one thing you'd like to see added or improved on SuperSummary?,[skipped by user],,,,,,,,,,,,,,,,,,,,,,,book_club_member,book_club_member,,u_cdd8b4c1158f7b77,[name],null,false,true,,[name],her-last-breath-taylor-adams,,annual_plus,annual,,Active Subscriber,true,Active Subscriber,2026-04-20T18:19:03.000-07:00,3,
349231,NPS Mobile App / BCM,29056306-c0d5-4e2d-8a87-f2296b45c2d9,file:///var/containers/Bundle/Application/1137F6E8-B0FB-48DC-B337-CF6220FDDA0D/Runner.app/Frameworks/UserLeapKit.framework/sprig_web_assets.bundle/snippet.html,08/19/2026 16:37:10,,858603,,iOS,WebKit,"Mozilla/5.0 (Macintosh; Intel Mac OS X 10_15_7) AppleWebKit/605.1.15 (KHTML, like Gecko)",{},[App] Guide Viewed,efe04002-8547-49d8-8819-289e0dc8ba9c,{},How likely are you to recommend SuperSummary to a friend or colleague?,8,passive,,,,,,,,,,,,,,,,,,,,,,,,,,,,,,,,,,,,,,,,,,,,,,,,1.22.0,book_club_member,book_club_member,,u_181f69b3af3202f2,[name],null,false,true,,[name],the-last-report-on-the-miracles-at-little-no-horse,26.6,annual_subscription_36-USD,annual,4.27.0,,true,Active Subscriber,2026-01-22T15:20:00.000-08:00,6,
349231,NPS Mobile App / BCM,698a8a75-7be8-4d61-80c6-b467536e9cf2,file:///var/containers/Bundle/Application/B01FEB0A-AB5A-49BE-91D8-F7703542FD2D/Runner.app/Frameworks/UserLeapKit.framework/sprig_web_assets.bundle/snippet.html,08/19/2026 02:12:11,,381041,,iOS,WebKit,"Mozilla/5.0 (iPhone; CPU iPhone OS 18_7 like Mac OS X) AppleWebKit/605.1.15 (KHTML, like Gecko) Mobile/15E148",{},[App] Guide Viewed,d90e3ac3-f80b-4c60-bcda-a758fdafc80f,{},How likely are you to recommend SuperSummary to a friend or colleague?,10,promoter,,,,,,,,,,,,,,,,,,,,,,,,,,,,,,,,,,,,,,,,,,,,,,,,1.22.0,book_club_member,book_club_member,,u_439450b28251d267,[name],null,false,true,2024-02-23T00:35:39.123-08:00,[name],whistler-ann-patchett,26.6,annual,annual,4.27.0,Active Subscriber,true,Active Subscriber,2023-06-12T18:56:33.000-07:00,39,3
349231,NPS Mobile App / BCM,47754300-b19e-415e-b2f8-80bebee62b96,file:///var/containers/Bundle/Application/77185446-522B-474A-BEE0-EB02EC995009/Runner.app/Frameworks/UserLeapKit.framework/sprig_web_assets.bundle/snippet.html,08/19/2026 01:40:35,,1016997,,iOS,WebKit,"Mozilla/5.0 (iPhone; CPU iPhone OS 18_7 like Mac OS X) AppleWebKit/605.1.15 (KHTML, like Gecko) Mobile/15E148",{},[App] Guide Viewed,3e90bc57-4586-4c97-af14-ccc22817f3cb,{},How likely are you to recommend SuperSummary to a friend or colleague?,8,passive,,,,,,,,,,,,,,,,,,,,,,,,,,,,,,,,,,,,,,,,,,,,,,,,,book_club_member,book_club_member,,u_f879a8e1c4c683e4,[name],null,false,true,,[name],the-greatest-sentence-ever-written,,annual,annual,,Active Subscriber,true,Active Subscriber,2025-02-21T09:16:03.000-08:00,17,
349231,NPS Mobile App / BCM,24edb871-2ea8-40fe-9fb2-dc235f257add,file:///android_asset/snippet.html,08/18/2026 23:46:04,,1540705,,Android,Chrome WebView,"Mozilla/5.0 (Linux; Android 16; SM-S901U Build/BP2A.250605.031.A3; wv) AppleWebKit/537.36 (KHTML, like Gecko) Version/4.0 Chrome/149.0.7827.159 Mobile Safari/537.36",{},[App] Guide Viewed,212dd6fb-c9cb-4227-ad97-4aff49995721,{},,10,promoter,,,,,,,,,,,,,,,,,,,,,,,,,,,,,,,,,,,,,,,,,,,,,,,,1.22.0,book_club_member,book_club_member,,u_9e8b18be4db29230,[name],null,false,true,,[name],,16,annual_essentials_google-3600-USD,annual,2.17.8,Active Subscriber,true,Active Subscriber,2026-04-22T06:31:12.000-07:00,3,
349231,NPS Mobile App / BCM,9e90107c-fbbe-4eb6-9766-4ca0a33cf994,file:///var/containers/Bundle/Application/099B1039-9951-4A4F-8A68-30EB3BF03B4E/Runner.app/Frameworks/UserLeapKit.framework/sprig_web_assets.bundle/snippet.html,08/18/2026 22:45:13,,1643310,,iOS,WebKit,"Mozilla/5.0 (iPhone; CPU iPhone OS 18_7 like Mac OS X) AppleWebKit/605.1.15 (KHTML, like Gecko) Mobile/15E148",{},[App] Guide Viewed,5c3bed8d-94b5-4607-9f21-b82eb5eff295,{},How likely are you to recommend SuperSummary to a friend or colleague?,10,promoter,,,,,,,,,,,,,,,,,,,,,,,,,,,,,,,,,,,,,,,,,,,,,,,,,book_club_member,book_club_member,,u_a1056a5a54573137,[name],null,false,true,,[name],the-golden-bowl,,annual_essentials,annual,,Active Subscriber,true,Active Subscriber,2026-05-16T08:32:03.000-07:00,4,
349231,NPS Mobile App / BCM,73e60dbb-66ad-469e-acec-c9a99e209ea1,file:///android_asset/snippet.html,08/18/2026 18:50:49,,1410995,,Android,Chrome WebView,"Mozilla/5.0 (Linux; Android 16; SM-S918U Build/BP4A.251205.006; wv) AppleWebKit/537.36 (KHTML, like Gecko) Version/4.0 Chrome/151.0.7922.137 Mobile Safari/537.36",{},[App] Guide Viewed,44219b8e-cf16-45c0-9040-208e2faaa10c,{},,10,promoter,,,,,,,,,,,,,,,,,,,,,,,,,,,,,,,,,,,,,,,,,,,,,,,,,book_club_member,book_club_member,,u_21623e90048f2565,[name],null,false,true,,[name],the-heaven-earth-grocery-store,,annual_plus,annual,,Active Subscriber,true,Active Subscriber,2025-11-17T13:59:54.000-08:00,7,
349231,NPS Mobile App / BCM,c2e97c59-b5e9-450a-8d1e-e973309c39a1,file:///var/containers/Bundle/Application/30BE111D-3AA4-4692-8A4D-00298F41FB1E/Runner.app/Frameworks/UserLeapKit.framework/sprig_web_assets.bundle/snippet.html,08/18/2026 17:22:46,08/18/2026 17:23:13,940862,,iOS,WebKit,"Mozilla/5.0 (Macintosh; Intel Mac OS X 10_15_7) AppleWebKit/605.1.15 (KHTML, like Gecko)",{},[App] Guide Viewed,c095b4d0-79ab-4dc7-856c-fb1f28c4d248,{},How likely are you to recommend SuperSummary to a friend or colleague?,10,promoter,What's the main reason for your score?,I like it,Valuable Resource; Ease of Use,,,,,,,,,1,,,,,,,,,,,1,,What's one thing you'd like to see added or improved on SuperSummary?,More reads,More Books,,,,,,,,,,1,,,,,,,,,,,,book_club_member,book_club_member,,u_d7cc9562688f7e27,[name],null,false,true,,[name],the-girls-of-good-fortune,,annual,annual,,Active Subscriber,true,Active Subscriber,2025-01-18T07:22:44.000-08:00,17,
349231,NPS Mobile App / BCM,f08907e8-4227-477d-a597-b924730f9058,file:///var/containers/Bundle/Application/F8E1DF58-92EC-493D-A7EC-C16D7015942A/Runner.app/Frameworks/UserLeapKit.framework/sprig_web_assets.bundle/snippet.html,08/18/2026 14:47:17,08/18/2026 14:48:28,293020,,iOS,WebKit,"Mozilla/5.0 (Macintosh; Intel Mac OS X 10_15_7) AppleWebKit/605.1.15 (KHTML, like Gecko)",{},[App] Guide Viewed,cc4c7157-587a-4585-8b29-485c9fac1506,{},How likely are you to recommend SuperSummary to a friend or colleague?,10,promoter,What's the main reason for your score?,Always helpful for personal understanding and book club discussions,Book Club Support,1,,,,,,,,,,,,,,,,,,,,,What's one thing you'd like to see added or improved on SuperSummary?,So far nothing,,,,,,,,,,,,,,,,,,,,,,,book_club_member,book_club_member,,u_f885852b7d25ff5c,[name],null,false,true,2023-11-01T17:51:34.163-07:00,[name],broken-country,,,annual,,Active Subscriber,true,Active Subscriber,2023-05-04T06:16:31.000-07:00,33,1
349231,NPS Mobile App / BCM,ceac43ab-6c76-44fb-940b-c73532f650b9,file:///var/containers/Bundle/Application/EE2ACBE4-E303-42FA-8027-3F1E73E1273E/Runner.app/Frameworks/UserLeapKit.framework/sprig_web_assets.bundle/snippet.html,08/18/2026 01:35:13,08/18/2026 01:35:17,826197,,iOS,WebKit,"Mozilla/5.0 (iPhone; CPU iPhone OS 18_7 like Mac OS X) AppleWebKit/605.1.15 (KHTML, like Gecko) Mobile/15E148",{},[App] Guide Viewed,482ddf87-9eba-41ac-ae5e-3646d6433580,{},How likely are you to recommend SuperSummary to a friend or colleague?,10,promoter,What's the main reason for your score?,[skipped by user],,,,,,,,,,,,,,,,,,,,,,,What's one thing you'd like to see added or improved on SuperSummary?,[skipped by user],,,,,,,,,,,,,,,,,,,,,,,book_club_member,book_club_member,,u_475a20c2a663f2b1,[name],null,false,true,,[name],broken-country,,annual_plus,annual,,Active Subscriber,true,Active Subscriber,2026-02-16T19:34:46.000-08:00,4,
349231,NPS Mobile App / BCM,38c40957-9aa2-49e9-b5d2-70a2cc5f7f9f,file:///var/containers/Bundle/Application/5AD75C4F-C29C-4FEC-B7CB-350BDF2D96FD/Runner.app/Frameworks/UserLeapKit.framework/sprig_web_assets.bundle/snippet.html,08/18/2026 01:11:03,08/18/2026 01:11:09,238864,,iOS,WebKit,"Mozilla/5.0 (iPad; CPU OS 18_7 like Mac OS X) AppleWebKit/605.1.15 (KHTML, like Gecko) Mobile/15E148",{},[App] Guide Viewed,2b62028d-1dc6-4c46-b2e6-679cc75f3c2f,{},How likely are you to recommend SuperSummary to a friend or colleague?,9,promoter,What's the main reason for your score?,[skipped by user],,,,,,,,,,,,,,,,,,,,,,,What's one thing you'd like to see added or improved on SuperSummary?,[skipped by user],,,,,,,,,,,,,,,,,,,,,,1.22.0,book_club_member,book_club_member,,u_e0bb74b6a02a4a1d,[name],null,false,true,2022-08-28T06:55:50.503-07:00,[name],the-terror-dan-simmons,26.6,annual,annual,4.27.0,Active Subscriber,true,Active Subscriber,2022-08-27T12:11:03.000-07:00,47,1
349231,NPS Mobile App / BCM,a11a8cb3-6909-4a1b-99c3-c3b6f212f744,file:///var/containers/Bundle/Application/0C72BCB6-7218-495A-AE2C-749223D69C1F/Runner.app/Frameworks/UserLeapKit.framework/sprig_web_assets.bundle/snippet.html,08/17/2026 19:51:37,,480973,,iOS,WebKit,"Mozilla/5.0 (iPhone; CPU iPhone OS 18_7 like Mac OS X) AppleWebKit/605.1.15 (KHTML, like Gecko) Mobile/15E148",{},[App] Guide Viewed,12102c8f-4d82-4116-8907-49c19bcd3a3d,{},How likely are you to recommend SuperSummary to a friend or colleague?,10,promoter,,,,,,,,,,,,,,,,,,,,,,,,,,,,,,,,,,,,,,,,,,,,,,,,,book_club_member,book_club_member,,u_2a2810031c6173af,[name],null,false,true,,[name],hamnet,,annual,annual,,Active Subscriber,true,Active Subscriber,2024-01-19T10:11:56.000-08:00,28,0
349231,NPS Mobile App / BCM,aa511a9f-de57-48f7-bf92-dc3f20435aae,file:///android_asset/snippet.html,08/17/2026 16:59:23,,1221200,,Android,Chrome WebView,"Mozilla/5.0 (Linux; Android 16; SM-S938W Build/BP4A.251205.006; wv) AppleWebKit/537.36 (KHTML, like Gecko) Version/4.0 Chrome/150.0.7871.183 Mobile Safari/537.36",{},[App] Guide Viewed,12d740f8-63bb-4dda-8858-065a6ea32ce7,{},,7,passive,,,,,,,,,,,,,,,,,,,,,,,,,,,,,,,,,,,,,,,,,,,,,,,,,book_club_member,book_club_member,,u_08953718ffa302c8,[name],null,false,true,,[name],culpability,,,annual,,Active Subscriber,true,Active Subscriber,2025-05-31T21:07:38.000-07:00,8,
349231,NPS Mobile App / BCM,6716c999-0787-4ca3-8277-b4568c19fb0d,file:///var/containers/Bundle/Application/32900BF4-C07B-4F92-8B12-A08A4FA84234/Runner.app/Frameworks/UserLeapKit.framework/sprig_web_assets.bundle/snippet.html,08/17/2026 04:19:33,,509259,,iOS,WebKit,"Mozilla/5.0 (iPhone; CPU iPhone OS 18_7 like Mac OS X) AppleWebKit/605.1.15 (KHTML, like Gecko) Mobile/15E148",{},[App] Guide Viewed,3f74cf7d-47f4-4669-8c4b-b2ef6089e513,{},How likely are you to recommend SuperSummary to a friend or colleague?,10,promoter,,,,,,,,,,,,,,,,,,,,,,,,,,,,,,,,,,,,,,,,,,,,,,,,1.22.0,book_club_member,book_club_member,,u_155b730e4f036978,[name],null,false,true,,[name],,26.6,,annual,4.27.0,Active Subscriber,true,Active Subscriber,2024-03-07T22:36:37.000-08:00,13,0
349231,NPS Mobile App / BCM,48c24237-9633-4d0b-9a68-3e2cf239340d,file:///var/containers/Bundle/Application/C0D19017-2C91-4139-B6EA-7329E7CB4DE2/Runner.app/Frameworks/UserLeapKit.framework/sprig_web_assets.bundle/snippet.html,08/17/2026 01:26:06,08/17/2026 01:28:01,1254953,,iOS,WebKit,"Mozilla/5.0 (iPhone; CPU iPhone OS 18_7 like Mac OS X) AppleWebKit/605.1.15 (KHTML, like Gecko) Mobile/15E148",{},[App] Guide Viewed,d3ee065d-057a-42fc-a3ab-8ea7f50d86b0,{},How likely are you to recommend SuperSummary to a friend or colleague?,8,passive,What's the main reason for your score?,Summary helps me understand what’s going on in the story .,Comprehensive Summaries,,,,1,,,,,,,,,,,,,,,,,,What's one thing you'd like to see added or improved on SuperSummary?,[skipped by user],,,,,,,,,,,,,,,,,,,,,,1.22.0,book_club_member,book_club_member,,u_a35ea08931ec2b8c,[name],null,false,true,,[name],james,26.6,annual,annual,4.27.0,Active Subscriber,true,Active Subscriber,2025-07-07T18:15:53.000-07:00,13,
349231,NPS Mobile App / BCM,83de427a-43ae-4d0e-821f-eeef3f983ea8,file:///var/containers/Bundle/Application/91F2C5B3-5EC0-4CA4-9677-A8C108494961/Runner.app/Frameworks/UserLeapKit.framework/sprig_web_assets.bundle/snippet.html,08/17/2026 00:38:09,08/17/2026 00:38:16,1668864,,iOS,WebKit,"Mozilla/5.0 (iPhone; CPU iPhone OS 18_7 like Mac OS X) AppleWebKit/605.1.15 (KHTML, like Gecko) Mobile/15E148",{},[App] Guide Viewed,bc74351e-8941-4c22-bce6-5c240ec8dee0,{},How likely are you to recommend SuperSummary to a friend or colleague?,7,passive,What's the main reason for your score?,[skipped by user],,,,,,,,,,,,,,,,,,,,,,,What's one thing you'd like to see added or improved on SuperSummary?,[skipped by user],,,,,,,,,,,,,,,,,,,,,,,book_club_member,book_club_member,,u_0558caba04217812,[name],null,false,true,,[name],transcription-ben-lerner,,annual_plus,annual,,Active Subscriber,true,Active Subscriber,2026-06-08T10:33:12.000-07:00,3,
349231,NPS Mobile App / BCM,4285763f-a034-4a9a-af52-0c7963e08021,file:///var/containers/Bundle/Application/E5DBE1E7-A8B9-41AB-84E6-18AD33D63EA7/Runner.app/Frameworks/UserLeapKit.framework/sprig_web_assets.bundle/snippet.html,08/16/2026 20:04:35,,1466206,,iOS,WebKit,"Mozilla/5.0 (iPhone; CPU iPhone OS 18_7 like Mac OS X) AppleWebKit/605.1.15 (KHTML, like Gecko) Mobile/15E148",{},[App] Guide Viewed,aacfb9cf-5ae9-483f-9e03-16954642750c,{},How likely are you to recommend SuperSummary to a friend or colleague?,7,passive,,,,,,,,,,,,,,,,,,,,,,,,,,,,,,,,,,,,,,,,,,,,,,,,1.22.0,book_club_member,book_club_member,,u_c87b9462038b481d,[name],null,false,true,,[name],sipsworth,26.5.2,annual_plus,annual,4.27.0,Active Subscriber,true,Active Subscriber,2026-01-09T10:06:52.000-08:00,7,
349231,NPS Mobile App / BCM,569d489b-a02e-422e-a465-aa769349a5ed,file:///android_asset/snippet.html,08/16/2026 19:27:59,,1202388,,Android,Chrome WebView,"Mozilla/5.0 (Linux; Android 16; SM-S936U Build/BP4A.251205.006; wv) AppleWebKit/537.36 (KHTML, like Gecko) Version/4.0 Chrome/150.0.7871.181 Mobile Safari/537.36",{},[App] Guide Viewed,a90a3639-173c-4a8f-9e0a-dd3de93168f1,{},,10,promoter,,,,,,,,,,,,,,,,,,,,,,,,,,,,,,,,,,,,,,,,,,,,,,,,1.21.1,book_club_member,book_club_member,,u_ad56317502cff236,[name],null,false,true,,[name],john-of-john,16,annual,annual,2.17.8,,true,Active Subscriber,2025-06-05T11:14:07.000-07:00,13,
349231,NPS Mobile App / BCM,db058a05-be7b-4299-ad4e-25deba7d04f1,file:///android_asset/snippet.html,08/16/2026 15:25:56,08/16/2026 15:26:05,446217,,Android,Chrome WebView,"Mozilla/5.0 (Linux; Android 15; NoteAir5C Build/2026-06-09_21-11_4.2-rel_06092_63ac22d72; wv) AppleWebKit/537.36 (KHTML, like Gecko) Version/4.0 Chrome/146.0.7680.178 Safari/537.36",{},[App] Guide Viewed,7508f3a4-40a7-41a2-9f2a-623cea4b413b,{},,10,promoter,,[skipped by user],,,,,,,,,,,,,,,,,,,,,,,,[skipped by user],,,,,,,,,,,,,,,[skipped by user],,,,,,,0.3.1,book_club_member,book_club_member,"iPhone14,3",u_537f71b657b098da,[name],null,false,true,,[name],all-the-water-in-the-world,17.4.1,,annual,4.4.3,Active Subscriber,true,Active Subscriber,2023-11-03T20:14:42.000-07:00,21,0
349231,NPS Mobile App / BCM,1eceb099-8c12-42ac-bf30-b201059e9a51,file:///var/containers/Bundle/Application/755112D4-CF09-4C23-AD5A-66E0AF11963D/Runner.app/Frameworks/UserLeapKit.framework/sprig_web_assets.bundle/snippet.html,08/16/2026 03:24:29,,368372,,iOS,WebKit,"Mozilla/5.0 (iPhone; CPU iPhone OS 18_7 like Mac OS X) AppleWebKit/605.1.15 (KHTML, like Gecko) Mobile/15E148",{},[App] Guide Viewed,9c088428-dfaa-4d49-ba8a-0d130afa1a38,{},How likely are you to recommend SuperSummary to a friend or colleague?,10,promoter,,,,,,,,,,,,,,,,,,,,,,,,,,,,,,,,,,,,,,,,,,,,,,,,1.21.1,book_club_member,book_club_member,,u_3514c3c21aa55828,[name],null,false,true,2024-05-14T12:58:23.837-07:00,[name],yesteryear-caro-claire-burke,26.6,annual,annual,4.27.0,Active Subscriber,true,Active Subscriber,2023-05-14T13:46:49.000-07:00,39,7
349231,NPS Mobile App / BCM,10642f51-ee1b-4cd6-8462-1d6510d7ebb9,file:///android_asset/snippet.html,08/16/2026 02:28:13,08/16/2026 02:28:17,597843,,Android,Chrome WebView,"Mozilla/5.0 (Linux; Android 16; SM-X230 Build/BP4A.251205.006; wv) AppleWebKit/537.36 (KHTML, like Gecko) Version/4.0 Chrome/150.0.7871.181 Safari/537.36",{},[App] Guide Viewed,7b03f57d-695d-4f88-9f75-86fd6587ac81,{},,9,promoter,,[skipped by user],,,,,,,,,,,,,,,,,,,,,,,,[skipped by user],,,,,,,,,,,,,,,[skipped by user],,,,,,,,book_club_member,book_club_member,,u_e59e6a7d8337a8ca,[name],null,false,true,,[name],lady-tans-circle-of-women,,annual,annual,,Active Subscriber,true,Active Subscriber,2025-02-11T10:50:31.000-08:00,16,
349231,NPS Mobile App / BCM,3140c887-e4c0-43f9-a0ea-e9bda2761237,file:///var/containers/Bundle/Application/B3DDC614-951E-4839-9676-B8D9E2C0C61C/Runner.app/Frameworks/UserLeapKit.framework/sprig_web_assets.bundle/snippet.html,08/15/2026 21:41:02,08/15/2026 21:42:38,817500,,iOS,WebKit,"Mozilla/5.0 (Macintosh; Intel Mac OS X 10_15_7) AppleWebKit/605.1.15 (KHTML, like Gecko)",{},[App] Guide Viewed,9503fac8-f021-4c9d-b70c-387a72f506d6,{},How likely are you to recommend SuperSummary to a friend or colleague?,10,promoter,What's the main reason for your score?,Wish I had known about this fantastic resource much earlier!,Valuable Resource,,,,,,,,,,,,,,,,,,,,1,,What's one thing you'd like to see added or improved on SuperSummary?,I think you’ve got it all.,,,,,,,,,,,,,,,,,,,,,,,book_club_member,book_club_member,,u_ba7dc91a35881744,[name],null,false,true,,[name],the-secret-of-secrets,,annual,annual,,Active Subscriber,true,Active Subscriber,2024-11-16T05:00:06.000-08:00,22,
349231,NPS Mobile App / BCM,6b077537-310e-4e28-a70e-52bcf99a4689,file:///var/containers/Bundle/Application/7887C128-6CAC-434B-8E79-B874715CD692/Runner.app/Frameworks/UserLeapKit.framework/sprig_web_assets.bundle/snippet.html,08/15/2026 17:49:31,,672133,,iOS,WebKit,"Mozilla/5.0 (Macintosh; Intel Mac OS X 10_15_7) AppleWebKit/605.1.15 (KHTML, like Gecko)",{},[App] Guide Viewed,75608e12-5417-4618-918f-fe9efd4886cb,{},How likely are you to recommend SuperSummary to a friend or colleague?,9,promoter,What's the main reason for your score?,[skipped by user],,,,,,,,,,,,,,,,,,,,,,,,,,,,,,,,,,,,,,,,,,,,,,,book_club_member,book_club_member,,u_8d2382e50faef36c,[name],null,false,true,,[name],the-widow-grisham,,annual,annual,,Active Subscriber,true,Active Subscriber,2024-09-20T10:54:03.000-07:00,18,
349231,NPS Mobile App / BCM,9d35c704-c576-41b9-b4e4-fc78b877dd0a,file:///var/containers/Bundle/Application/CC748798-9491-42A3-B2AD-DF90D1E31C18/Runner.app/Frameworks/UserLeapKit.framework/sprig_web_assets.bundle/snippet.html,08/15/2026 16:31:03,08/15/2026 16:31:06,363310,,iOS,WebKit,"Mozilla/5.0 (iPhone; CPU iPhone OS 18_7 like Mac OS X) AppleWebKit/605.1.15 (KHTML, like Gecko) Mobile/15E148",{},[App] Guide Viewed,164a53e1-a9bc-481d-9895-b72630c2c6cb,{},How likely are you to recommend SuperSummary to a friend or colleague?,7,passive,What's the main reason for your score?,[skipped by user],,,,,,,,,,,,,,,,,,,,,,,What's one thing you'd like to see added or improved on SuperSummary?,[skipped by user],,,,,,,,,,,,,,,,,,,,,,1.22.0,other,book_club_member,,u_84885ab42bd3d6e4,[name],null,false,true,,[name],holier-than-thou,26.6,annual_subscription_36-USD,annual,4.27.0,Active Subscriber,true,Non Renewing Subscriber,2025-09-23T10:39:17.000-07:00,12,
349231,NPS Mobile App / BCM,56a3ee97-6931-4692-8fd1-bb514596de28,file:///android_asset/snippet.html,08/15/2026 16:23:06,,587815,,Android,Chrome WebView,"Mozilla/5.0 (Linux; Android 16; SM-S938U Build/BP4A.251205.006; wv) AppleWebKit/537.36 (KHTML, like Gecko) Version/4.0 Chrome/151.0.7922.83 Mobile Safari/537.36",{},[App] Guide Viewed,d145c6aa-289a-4c7f-88eb-306421b76a16,{},,7,passive,,,,,,,,,,,,,,,,,,,,,,,,,,,,,,,,,,,,,,,,,,,,,,,,1.22.0,book_club_member,book_club_member,,u_1212f48efe131aff,[name],null,false,true,,[name],little-one-muenter,16,supersummary_annual-36-USD,annual,2.17.8,,true,Active Subscriber,2025-08-05T14:25:28.000-07:00,12,
349231,NPS Mobile App / BCM,4a884b29-0fea-4dac-a811-1b3c462e29a8,file:///android_asset/snippet.html,08/15/2026 15:30:47,08/15/2026 15:31:56,812030,,Android,Chrome WebView,"Mozilla/5.0 (Linux; Android 16; SM-S942U Build/BP4A.251205.006; wv) AppleWebKit/537.36 (KHTML, like Gecko) Version/4.0 Chrome/150.0.7871.181 Mobile Safari/537.36",{},[App] Guide Viewed,a94e5b78-8aa5-4e25-85f8-34b75d07079f,{},,10,promoter,,Excellent study guides and summaries. Customer service A+++,Study Guides,,,,,,,,,,,,,,,,,1,,,,,,"Adding new books, more fantasy genre.",More Books,,,,,,,,,,1,,,,[skipped by user],,,,,,,1.22.0,book_club_member,book_club_member,,u_4cd316092a9c6542,[name],null,false,true,,[name],the-calamity-club,16,annual,annual,2.17.8,Active Subscriber,true,Active Subscriber,2025-07-20T08:33:14.000-07:00,13,
349231,NPS Mobile App / BCM,63a5f54a-7458-4281-9227-f84524373391,file:///var/containers/Bundle/Application/BB577374-2A01-40E8-8635-0F6767BF27DD/Runner.app/Frameworks/UserLeapKit.framework/sprig_web_assets.bundle/snippet.html,08/14/2026 20:25:53,,1352454,,iOS,WebKit,"Mozilla/5.0 (iPhone; CPU iPhone OS 18_7 like Mac OS X) AppleWebKit/605.1.15 (KHTML, like Gecko) Mobile/15E148",{},[App] Guide Viewed,43df76ca-f8f1-4182-8602-755bbe1efad5,{},How likely are you to recommend SuperSummary to a friend or colleague?,10,promoter,,,,,,,,,,,,,,,,,,,,,,,,,,,,,,,,,,,,,,,,,,,,,,,,,book_club_member,book_club_member,,u_649300a7e5212b99,[name],null,false,true,,[name],the-god-of-the-woods,,annual_plus,annual,,Active Subscriber,true,Active Subscriber,2025-10-05T13:42:48.000-07:00,9,
349231,NPS Mobile App / BCM,c2c5d7c7-d86f-4c56-ba8a-a77214c5f79a,file:///var/containers/Bundle/Application/013879F3-1048-4DBC-870F-773F6381171E/Runner.app/Frameworks/UserLeapKit.framework/sprig_web_assets.bundle/snippet.html,08/14/2026 18:36:11,08/14/2026 18:37:27,624940,,iOS,WebKit,"Mozilla/5.0 (iPhone; CPU iPhone OS 18_7 like Mac OS X) AppleWebKit/605.1.15 (KHTML, like Gecko) Mobile/15E148",{},[App] Guide Viewed,05ff5fd2-4c84-4897-a01c-74fa5b141516,{},How likely are you to recommend SuperSummary to a friend or colleague?,10,promoter,What's the main reason for your score?,It is a coherent place to verify spellings of character and location names and to dissect plots.,Detailed Analysis,,,,,,,1,,,,,,,,,,,,,,,What's one thing you'd like to see added or improved on SuperSummary?,I like it as it is.,,,,,,,,,,,,,,,,,,,,,,,book_club_member,book_club_member,,u_3bf6616d5ac80191,[name],null,false,true,,[name],lord-fouls-bane,,annual,annual,,Active Subscriber,true,Active Subscriber,2024-08-11T14:09:35.000-07:00,25,
349231,NPS Mobile App / BCM,f7c52f30-09be-450c-88f7-d6a3820fa394,file:///var/containers/Bundle/Application/9B3289CD-C861-4415-8C5A-C739028904A0/Runner.app/Frameworks/UserLeapKit.framework/sprig_web_assets.bundle/snippet.html,08/14/2026 18:21:48,,198324,,iOS,WebKit,"Mozilla/5.0 (iPhone; CPU iPhone OS 18_7 like Mac OS X) AppleWebKit/605.1.15 (KHTML, like Gecko) Mobile/15E148",{},[App] Guide Viewed,88f23abf-d68b-4414-a9f3-f90f9019e592,{},How likely are you to recommend SuperSummary to a friend or colleague?,10,promoter,,,,,,,,,,,,,,,,,,,,,,,,,,,,,,,,,,,,,,,,,,,,,,,,1.22.0,book_club_member,book_club_member,,u_7343e760bb48a60f,[name],null,false,true,2023-03-02T12:11:42.211-08:00,[name],the-berry-pickers,26.6,annual,annual,4.27.0,Active Subscriber,true,Active Subscriber,2022-05-03T05:28:29.000-07:00,48,2
349231,NPS Mobile App / BCM,09ecf953-7207-4a3a-9e49-4fa1dc5f835a,file:///var/containers/Bundle/Application/DAB72B5C-DA96-401E-BAD7-4468139E69EB/Runner.app/Frameworks/UserLeapKit.framework/sprig_web_assets.bundle/snippet.html,08/14/2026 18:02:39,08/14/2026 18:04:09,1008098,,iOS,WebKit,"Mozilla/5.0 (iPhone; CPU iPhone OS 18_7 like Mac OS X) AppleWebKit/605.1.15 (KHTML, like Gecko) Mobile/15E148",{},[App] Guide Viewed,fc00932c-30ee-446c-ad3d-cfa6c206ff51,{},How likely are you to recommend SuperSummary to a friend or colleague?,10,promoter,What's the main reason for your score?,"The great way it summarizes the plot and provides you with information related to characters, author background and themed.",Comprehensive Summaries,,,,1,,,,,,,,,,,,,,,,,,What's one thing you'd like to see added or improved on SuperSummary?,N/A,,,,,,,,,,,,,,,,,,,,,,,book_club_member,book_club_member,,u_be5772e9f7589b73,[name],null,false,true,,[name],the-heaven-earth-grocery-store,,annual,annual,,Active Subscriber,true,Active Subscriber,2025-02-18T07:14:33.000-08:00,19,
349231,NPS Mobile App / BCM,f2dc2e0f-3602-4f13-ba17-e837b6b6eda3,file:///var/containers/Bundle/Application/D8F87F6A-DC09-4F7A-B7F5-54A1254E04CB/Runner.app/Frameworks/UserLeapKit.framework/sprig_web_assets.bundle/snippet.html,08/14/2026 13:11:51,,616487,,iOS,WebKit,"Mozilla/5.0 (iPhone; CPU iPhone OS 18_7 like Mac OS X) AppleWebKit/605.1.15 (KHTML, like Gecko) Mobile/15E148",{},[App] Guide Viewed,4b2ee5f4-e033-4144-a5b0-3d987d473895,{},How likely are you to recommend SuperSummary to a friend or colleague?,9,promoter,,,,,,,,,,,,,,,,,,,,,,,,,,,,,,,,,,,,,,,,,,,,,,,,1.22.0,book_club_member,book_club_member,,u_d8b1eb67537648fd,[name],null,false,true,,[name],leaves-of-grass,26.5,annual,annual,4.27.0,Active Subscriber,true,Active Subscriber,2024-07-26T08:55:34.000-07:00,24,
349231,NPS Mobile App / BCM,3c280fa6-c73f-4905-aea2-76e67cbb19a6,file:///android_asset/snippet.html,08/14/2026 03:56:24,,379666,,Android,Chrome WebView,"Mozilla/5.0 (Linux; Android 16; SM-S926U Build/BP4A.251205.006; wv) AppleWebKit/537.36 (KHTML, like Gecko) Version/4.0 Chrome/150.0.7871.181 Mobile Safari/537.36",{},[App] Guide Viewed,227cdf50-ffed-4948-b8b6-3dc35fb2fc1a,{},,8,passive,,,,,,,,,,,,,,,,,,,,,,,,,,,,,,,,,,,,,,,,,,,,,,,,1.21.1,book_club_member,book_club_member,,u_ae7d22ea2c65a6d4,[name],null,false,true,2024-04-07T12:06:29.135-07:00,[name],blood-meridian,16,annual,annual,2.17.8,Active Subscriber,true,Active Subscriber,2023-06-08T08:52:16.000-07:00,38,13
349231,NPS Mobile App / BCM,047fe56b-7ba2-4161-9da4-b744fb34c8b9,file:///android_asset/snippet.html,08/14/2026 00:59:59,08/14/2026 01:01:50,1068800,,Android,Chrome WebView,"Mozilla/5.0 (Linux; Android 15; SM-G991U Build/AP3A.240905.015.A2; wv) AppleWebKit/537.36 (KHTML, like Gecko) Version/4.0 Chrome/150.0.7871.181 Mobile Safari/537.36",{},[App] Guide Viewed,a3a8e356-00a9-4252-b509-7145ef67f704,{},,10,promoter,,thorough. easy to use. has had every book I've needed so far. doesn't use AI ('fancy' autocomplete),Ease of Use,,,,,,,,,1,,,,,,,,,,,,,,[skipped by user],,,,,,,,,,,,,,,[skipped by user],,,,,,,,book_club_member,book_club_member,,u_e34fdbbd4fed05d9,[name],null,false,true,,[name],i-who-have-never-known-men,,,annual,,Active Subscriber,true,Active Subscriber,2025-03-15T21:16:12.000-07:00,5,
349231,NPS Mobile App / BCM,47b0be55-bdb3-40a1-ab28-ba77c95fb6e7,file:///var/containers/Bundle/Application/2A8179DE-66B3-4E38-B2C5-9DF6A74C9971/Runner.app/Frameworks/UserLeapKit.framework/sprig_web_assets.bundle/snippet.html,08/13/2026 17:26:21,,1283982,,iOS,WebKit,"Mozilla/5.0 (iPhone; CPU iPhone OS 18_7 like Mac OS X) AppleWebKit/605.1.15 (KHTML, like Gecko) Mobile/15E148",{},[App] Guide Viewed,1b069e9e-a3e4-48b4-8e8f-bb7885598c4e,{},How likely are you to recommend SuperSummary to a friend or colleague?,9,promoter,What's the main reason for your score?,[skipped by user],,,,,,,,,,,,,,,,,,,,,,,,,,,,,,,,,,,,,,,,,,,,,,,book_club_member,book_club_member,,u_d0c9d122a49740e7,[name],null,false,true,,[name],the-satanic-verses,,,annual,,Active Subscriber,true,Active Subscriber,2025-08-12T14:56:40.000-07:00,5,
349231,NPS Mobile App / BCM,ee1e99b6-03f9-44d7-a3e9-43b62e81ad14,file:///var/containers/Bundle/Application/B7596273-8ED0-4046-91DB-99E766F7373E/Runner.app/Frameworks/UserLeapKit.framework/sprig_web_assets.bundle/snippet.html,08/13/2026 13:26:45,,235384,,iOS,WebKit,"Mozilla/5.0 (iPhone; CPU iPhone OS 18_7 like Mac OS X) AppleWebKit/605.1.15 (KHTML, like Gecko) Mobile/15E148",{},[App] Guide Viewed,ae9f3e5e-74a5-49e3-8240-435a2d3efd34,{},How likely are you to recommend SuperSummary to a friend or colleague?,8,passive,,,,,,,,,,,,,,,,,,,,,,,,,,,,,,,,,,,,,,,,,,,,,,,,,book_club_member,book_club_member,,u_237e3ee49bab59bb,[name],null,false,true,,[name],how-to-age-disgracefully,,,annual,,Active Subscriber,true,Active Subscriber,2026-01-12T16:45:19.000-08:00,2,
349231,NPS Mobile App / BCM,72fce3a2-e859-4136-b2fe-d691dd8b20dd,file:///var/containers/Bundle/Application/8D2CFBBA-862C-493F-9B00-E84BC48A1747/Runner.app/Frameworks/UserLeapKit.framework/sprig_web_assets.bundle/snippet.html,08/12/2026 21:14:48,08/12/2026 21:15:13,513135,,iOS,WebKit,"Mozilla/5.0 (iPhone; CPU iPhone OS 18_7 like Mac OS X) AppleWebKit/605.1.15 (KHTML, like Gecko) Mobile/15E148",{},[App] Guide Viewed,a002a413-5d7e-44bc-86f3-a3a961cbfee8,{},How likely are you to recommend SuperSummary to a friend or colleague?,10,promoter,What's the main reason for your score?,Great support,Book Club Support; User Recommendations,1,,,,,,,,,,,,,,,,,,1,,,What's one thing you'd like to see added or improved on SuperSummary?,N/A,,,,,,,,,,,,,,,,,,,,,,0.2.6,book_club_member,book_club_member,"iPhone15,4",u_e87b666ea477da73,[name],null,false,true,,[name],the-henna-artist,17.4.1,annual,annual,4.4.3,Active Subscriber,true,Active Subscriber,2024-03-14T09:10:21.000-07:00,29,0
349231,NPS Mobile App / BCM,0d168bb2-c35a-426e-b4a8-0965cee1c97a,file:///android_asset/snippet.html,08/12/2026 20:24:08,,1074920,,Android,Chrome WebView,"Mozilla/5.0 (Linux; Android 16; SM-S721U Build/BP4A.251205.006; wv) AppleWebKit/537.36 (KHTML, like Gecko) Version/4.0 Chrome/150.0.7871.183 Mobile Safari/537.36",{},[App] Guide Viewed,367041bf-1172-40bd-9b1e-f624534bb9e4,{},,9,promoter,,,,,,,,,,,,,,,,,,,,,,,,,,,,,,,,,,,,,,,,,,,,,,,,1.22.0,book_club_member,book_club_member,,u_f7c37a2120523516,[name],null,false,true,,[name],fall-on-your-knees,16,annual,annual,2.17.8,Active Subscriber,true,Active Subscriber,2025-11-11T14:59:03.000-08:00,9,
349231,NPS Mobile App / BCM,c3f9b3d8-78cc-4ab6-955c-4e9a069f13c2,file:///var/containers/Bundle/Application/EBDD8D08-BA11-430B-A2CA-465F91C942A8/Runner.app/Frameworks/UserLeapKit.framework/sprig_web_assets.bundle/snippet.html,08/12/2026 16:15:34,,985229,,iOS,WebKit,"Mozilla/5.0 (iPhone; CPU iPhone OS 18_7 like Mac OS X) AppleWebKit/605.1.15 (KHTML, like Gecko) Mobile/15E148",{},[App] Guide Viewed,c31e5962-f551-45a4-841e-739e637e1d2f,{},How likely are you to recommend SuperSummary to a friend or colleague?,10,promoter,,,,,,,,,,,,,,,,,,,,,,,,,,,,,,,,,,,,,,,,,,,,,,,,1.22.0,book_club_member,book_club_member,,u_009dc9d00cb3fa5d,[name],null,false,true,,[name],foster,26.5.2,annual,annual,4.27.0,Active Subscriber,true,Active Subscriber,2025-02-08T08:53:16.000-08:00,19,
349231,NPS Mobile App / BCM,29d60877-ceb6-4ae7-a2b0-e54ae4bbeec3,file:///var/containers/Bundle/Application/F7AC4FEE-5669-4807-95D4-C8B7387C0D5A/Runner.app/Frameworks/UserLeapKit.framework/sprig_web_assets.bundle/snippet.html,08/12/2026 14:25:58,,1662905,,iOS,WebKit,"Mozilla/5.0 (iPhone; CPU iPhone OS 18_7 like Mac OS X) AppleWebKit/605.1.15 (KHTML, like Gecko) Mobile/15E148",{},[App] Guide Viewed,8f6ac8dc-0e02-4d1c-a99d-00eda5e177a9,{},How likely are you to recommend SuperSummary to a friend or colleague?,10,promoter,,,,,,,,,,,,,,,,,,,,,,,,,,,,,,,,,,,,,,,,,,,,,,,,1.22.0,book_club_member,book_club_member,,u_e8eab5862cd049f9,[name],null,false,true,,[name],my-husbands-wife,26.6,annual_essentials,annual,4.27.0,Active Subscriber,true,Active Subscriber,2026-06-02T08:25:56.000-07:00,2,
349231,NPS Mobile App / BCM,0b2d8480-2af6-478c-ac99-b92df45f08d3,file:///var/containers/Bundle/Application/505E2089-8E6A-4C4F-9DAF-4B55F3C39FAD/Runner.app/Frameworks/UserLeapKit.framework/sprig_web_assets.bundle/snippet.html,08/12/2026 04:19:43,08/12/2026 04:19:55,1267840,,iOS,WebKit,"Mozilla/5.0 (iPad; CPU OS 18_7 like Mac OS X) AppleWebKit/605.1.15 (KHTML, like Gecko) Mobile/15E148",{},[App] Guide Viewed,c0aecdfa-3fb2-4843-8ced-8e127ac2ec5c,{},How likely are you to recommend SuperSummary to a friend or colleague?,10,promoter,What's the main reason for your score?,It’s great,Convenience; Ease of Use,,,,,,1,,,1,,,,,,,,,,,,,What's one thing you'd like to see added or improved on SuperSummary?,[skipped by user],,,,,,,,,,,,,,,,,,,,,,,book_club_member,book_club_member,,u_b3d34dd3b533f8a8,[name],null,false,true,,[name],the-magician-colm-toibin,,annual,annual,,Active Subscriber,true,Active Subscriber,2025-07-24T11:33:59.000-07:00,12,
349231,NPS Mobile App / BCM,6cded8d8-5784-4cc8-a514-808e6c77c431,file:///var/containers/Bundle/Application/ACE3DABD-0F6D-42A5-98C4-0A7A9A83C582/Runner.app/Frameworks/UserLeapKit.framework/sprig_web_assets.bundle/snippet.html,08/12/2026 03:56:54,,615638,,iOS,WebKit,"Mozilla/5.0 (iPhone; CPU iPhone OS 18_7 like Mac OS X) AppleWebKit/605.1.15 (KHTML, like Gecko) Mobile/15E148",{},[App] Guide Viewed,97835c2d-6e9b-44db-ba4c-deb957461b1f,{},How likely are you to recommend SuperSummary to a friend or colleague?,7,passive,,,,,,,,,,,,,,,,,,,,,,,,,,,,,,,,,,,,,,,,,,,,,,,,,book_club_member,book_club_member,,u_17b01ff320c832cc,[name],null,false,true,,[name],theo-of-golden,,annual_essentials,annual,,Active Subscriber,true,Active Subscriber,2026-03-18T10:16:58.000-07:00,13,
349231,NPS Mobile App / BCM,216f3fec-8fa4-4658-b489-fd03bd28f621,file:///var/containers/Bundle/Application/82CBA182-33A2-4F85-A8AF-9BDCFC49CBA7/Runner.app/Frameworks/UserLeapKit.framework/sprig_web_assets.bundle/snippet.html,08/12/2026 03:50:06,,235246,,iOS,WebKit,"Mozilla/5.0 (iPhone; CPU iPhone OS 18_7 like Mac OS X) AppleWebKit/605.1.15 (KHTML, like Gecko) Mobile/15E148",{},[App] Guide Viewed,15ac004a-35ff-4d05-89d3-cab0f05e9970,{},How likely are you to recommend SuperSummary to a friend or colleague?,10,promoter,What's the main reason for your score?,[skipped by user],,,,,,,,,,,,,,,,,,,,,,,,,,,,,,,,,,,,,,,,,,,,,,1.17.3,book_club_member,book_club_member,"iPhone15,2",u_5b3574b3b924ad74,[name],null,false,true,2024-02-15T07:59:15.105-08:00,[name],the-land-in-winter,26.5.2,annual,annual,4.27.0,Active Subscriber,true,Active Subscriber,2022-08-10T19:50:39.000-07:00,46,6
349231,NPS Mobile App / BCM,512bc69b-f626-4240-baf9-99cf78478933,file:///var/containers/Bundle/Application/86965713-ADC2-42FC-94B6-2BCBE39E9863/Runner.app/Frameworks/UserLeapKit.framework/sprig_web_assets.bundle/snippet.html,08/12/2026 02:58:17,08/12/2026 02:58:20,694533,,iOS,WebKit,"Mozilla/5.0 (iPhone; CPU iPhone OS 18_7 like Mac OS X) AppleWebKit/605.1.15 (KHTML, like Gecko) Mobile/15E148",{},[App] Guide Viewed,ca743c10-84ca-452b-9f68-e26b42a7ed9a,{},How likely are you to recommend SuperSummary to a friend or colleague?,8,passive,What's the main reason for your score?,[skipped by user],,,,,,,,,,,,,,,,,,,,,,,What's one thing you'd like to see added or improved on SuperSummary?,[skipped by user],,,,,,,,,,,,,,,,,,,,,,,book_club_member,book_club_member,,u_fa40ba564254da81,[name],null,false,true,,[name],from-blood-and-ash,,,annual,,Active Subscriber,true,Non Renewing Subscriber,2024-09-30T21:28:16.000-07:00,13,
349231,NPS Mobile App / BCM,0687de22-dd66-4798-bbde-4e9bf4010257,file:///var/containers/Bundle/Application/27077EC7-399D-4DB5-ABE3-BD1A8A5F7397/Runner.app/Frameworks/UserLeapKit.framework/sprig_web_assets.bundle/snippet.html,08/12/2026 02:20:28,08/12/2026 02:21:06,1264451,,iOS,WebKit,"Mozilla/5.0 (Macintosh; Intel Mac OS X 10_15_7) AppleWebKit/605.1.15 (KHTML, like Gecko)",{},[App] Guide Viewed,81fdb19d-5839-4905-a40e-1d83086e7cc1,{},How likely are you to recommend SuperSummary to a friend or colleague?,9,promoter,What's the main reason for your score?,Detailed and thoughtful. More than a simple plot summary,Detailed Analysis,,,,,,,1,,,,,,,,,,,,,,,What's one thing you'd like to see added or improved on SuperSummary?,[skipped by user],,,,,,,,,,,,,,,,,,,,,,1.22.0,book_club_member,book_club_member,,u_33e2d6f0ac57dbd9,[name],null,false,true,,[name],a-farewell-to-arms,17.7.11,annual,annual,4.27.0,Active Subscriber,true,Active Subscriber,2025-07-20T11:28:13.000-07:00,13,
349231,NPS Mobile App / BCM,a0796b2a-8d1d-43dd-91cd-fc017e23509d,file:///var/containers/Bundle/Application/66C4AB1F-0237-4D1C-9004-4806FF566A0D/Runner.app/Frameworks/UserLeapKit.framework/sprig_web_assets.bundle/snippet.html,08/12/2026 01:51:55,08/12/2026 01:51:58,985697,,iOS,WebKit,"Mozilla/5.0 (iPhone; CPU iPhone OS 18_7 like Mac OS X) AppleWebKit/605.1.15 (KHTML, like Gecko) Mobile/15E148",{},[App] Guide Viewed,ae6ac181-6503-463b-acfe-aba0070eb195,{},How likely are you to recommend SuperSummary to a friend or colleague?,10,promoter,What's the main reason for your score?,[skipped by user],,,,,,,,,,,,,,,,,,,,,,,What's one thing you'd like to see added or improved on SuperSummary?,[skipped by user],,,,,,,,,,,,,,,,,,,,,,1.22.0,book_club_member,book_club_member,,u_920c8f9511c016c6,[name],null,false,true,,[name],lady-tans-circle-of-women,26.6,annual,annual,4.27.0,Active Subscriber,true,Active Subscriber,2025-02-08T14:42:24.000-08:00,17,
349231,NPS Mobile App / BCM,c49eca91-05d6-4f33-bd87-11ea64244602,file:///var/containers/Bundle/Application/CDDFD46A-A614-4180-B703-903CCD14DFEB/Runner.app/Frameworks/UserLeapKit.framework/sprig_web_assets.bundle/snippet.html,08/11/2026 23:08:31,,1481173,,iOS,WebKit,"Mozilla/5.0 (Macintosh; Intel Mac OS X 10_15_7) AppleWebKit/605.1.15 (KHTML, like Gecko)",{},[App] Guide Viewed,a6adea58-47aa-4c0c-9c17-edcaa4459e29,{},How likely are you to recommend SuperSummary to a friend or colleague?,10,promoter,,,,,,,,,,,,,,,,,,,,,,,,,,,,,,,,,,,,,,,,,,,,,,,,,book_club_member,book_club_member,,u_bec3e1be03106778,[name],null,false,true,,[name],john-of-john,,annual_plus,annual,,Active Subscriber,true,Active Subscriber,2026-01-20T17:00:57.000-08:00,7,
349231,NPS Mobile App / BCM,5efdb8a4-d07d-4faf-9d93-6e1528fd85a4,file:///var/containers/Bundle/Application/D2EB1298-8643-454E-B352-DB01CF8682EB/Runner.app/Frameworks/UserLeapKit.framework/sprig_web_assets.bundle/snippet.html,08/11/2026 20:17:13,,1683349,,iOS,WebKit,"Mozilla/5.0 (iPhone; CPU iPhone OS 18_7 like Mac OS X) AppleWebKit/605.1.15 (KHTML, like Gecko) Mobile/15E148",{},[App] Guide Viewed,e1186132-f1ea-4bf1-9d51-170a911df1d2,{},How likely are you to recommend SuperSummary to a friend or colleague?,10,promoter,,,,,,,,,,,,,,,,,,,,,,,,,,,,,,,,,,,,,,,,,,,,,,,,,book_club_member,book_club_member,,u_25d049eec0c0a5ab,[name],null,false,true,,[name],the-calamity-club,,annual_plus,annual,,,true,Active Subscriber,2026-06-24T12:45:36.000-07:00,2,
349231,NPS Mobile App / BCM,0e088d04-87b2-40df-9551-90a1786f3656,file:///android_asset/snippet.html,08/11/2026 19:06:30,08/11/2026 19:07:04,716698,,Android,Chrome WebView,"Mozilla/5.0 (Linux; Android 16; SM-S918U Build/BP4A.251205.006; wv) AppleWebKit/537.36 (KHTML, like Gecko) Version/4.0 Chrome/150.0.7871.181 Mobile Safari/537.36",{},[App] Guide Viewed,b358553e-1cc4-41d8-8de3-d6ceeeba0019,{},,10,promoter,,Thorough analysis of the book,Detailed Analysis,,,,,,,1,,,,,,,,,,,,,,,,[skipped by user],,,,,,,,,,,,,,,[skipped by user],,,,,,,1.21.1,book_club_member,book_club_member,,u_f19489f9f3f726e6,[name],null,false,true,,[name],love-and-other-consolation-prizes,16,,annual,2.17.8,,true,Active Subscriber,2025-01-14T14:47:29.000-08:00,5,
349231,NPS Mobile App / BCM,a9c6646c-b9e1-4570-be77-4b2320d5ac7d,file:///var/containers/Bundle/Application/AF29B055-8326-44ED-9635-BB1F7D6250BB/Runner.app/Frameworks/UserLeapKit.framework/sprig_web_assets.bundle/snippet.html,08/11/2026 19:06:07,08/11/2026 19:08:32,624684,,iOS,WebKit,"Mozilla/5.0 (iPhone; CPU iPhone OS 18_7 like Mac OS X) AppleWebKit/605.1.15 (KHTML, like Gecko) Mobile/15E148",{},[App] Guide Viewed,989ebee7-9d5f-4de9-bd6b-dedeaad5c013,{},How likely are you to recommend SuperSummary to a friend or colleague?,10,promoter,What's the main reason for your score?,"Such a thorough summary, as well as background information about the book, agendas for Book Clubs and background of author.",Comprehensive Summaries,,,,1,,,,,,,,,,,,,,,,,,What's one thing you'd like to see added or improved on SuperSummary?,Nothing!,,,,,,,,,,,,,,,,,,,,,,1.22.0,book_club_member,book_club_member,,u_1df0361284ffa943,[name],null,false,true,,[name],the-bees-laline-paull,26.6,annual_subscription_36-USD,annual,4.27.0,Active Subscriber,true,Active Subscriber,2024-10-24T21:54:27.000-07:00,21,
349231,NPS Mobile App / BCM,2dfeaf54-d542-46a8-914d-a8bb910493ef,file:///var/containers/Bundle/Application/8CBA3B78-AF2B-4F6B-979E-D8014D298B8D/Runner.app/Frameworks/UserLeapKit.framework/sprig_web_assets.bundle/snippet.html,08/11/2026 16:41:19,,1585487,,iOS,WebKit,"Mozilla/5.0 (iPhone; CPU iPhone OS 18_7 like Mac OS X) AppleWebKit/605.1.15 (KHTML, like Gecko) Mobile/15E148",{},[App] Guide Viewed,a34b2e61-4f8c-4be9-9f84-b5829dc46577,{},How likely are you to recommend SuperSummary to a friend or colleague?,10,promoter,,,,,,,,,,,,,,,,,,,,,,,,,,,,,,,,,,,,,,,,,,,,,,,,1.22.0,book_club_member,book_club_member,,u_c38f77530233c79a,[name],null,false,true,,[name],the-stolen-queen,26.6,annual_plus,annual,4.27.0,Active Subscriber,true,Active Subscriber,2026-04-03T14:31:51.000-07:00,3,
349231,NPS Mobile App / BCM,dcd5c9b8-b3c5-4012-b6e5-afc35afb090a,file:///var/containers/Bundle/Application/E1382FBC-F5ED-45A7-AE9F-4E8049E59B3F/Runner.app/Frameworks/UserLeapKit.framework/sprig_web_assets.bundle/snippet.html,08/11/2026 15:38:35,08/11/2026 15:40:02,1574071,,iOS,WebKit,"Mozilla/5.0 (iPhone; CPU iPhone OS 18_7 like Mac OS X) AppleWebKit/605.1.15 (KHTML, like Gecko) Mobile/15E148",{},[App] Guide Viewed,b5e70657-51e5-4e84-ae04-3f4f06cbe8af,{},How likely are you to recommend SuperSummary to a friend or colleague?,10,promoter,What's the main reason for your score?,It’s so convenient!  And reviewing plot and characters makes me glad I can speak up at my book club with confidence.,Convenience,,,,,,1,,,,,,,,,,,,,,,,What's one thing you'd like to see added or improved on SuperSummary?,[skipped by user],,,,,,,,,,,,,,,,,,,,,,1.22.0,book_club_member,book_club_member,,u_7205ea7d8d471c15,[name],null,false,true,,[name],theo-of-golden,26.3.1,annual_plus,annual,4.27.0,Active Subscriber,true,Active Subscriber,2026-03-25T14:50:27.000-07:00,3,
349231,NPS Mobile App / BCM,4f7ae68a-06ba-4c71-b713-3149d86cf0c5,file:///var/containers/Bundle/Application/BB836A84-908F-4503-B9E0-99263B612E5D/Runner.app/Frameworks/UserLeapKit.framework/sprig_web_assets.bundle/snippet.html,08/11/2026 13:59:31,,445582,,iOS,WebKit,"Mozilla/5.0 (iPhone; CPU iPhone OS 18_7 like Mac OS X) AppleWebKit/605.1.15 (KHTML, like Gecko) Mobile/15E148",{},[App] Guide Viewed,8088d2a8-f692-4f0f-9d3c-1c217e2f4299,{},How likely are you to recommend SuperSummary to a friend or colleague?,9,promoter,,,,,,,,,,,,,,,,,,,,,,,,,,,,,,,,,,,,,,,,,,,,,,,,1.22.0,book_club_member,book_club_member,,u_6a7c4b39220e5649,[name],null,false,true,2024-01-09T03:02:20.035-08:00,[name],what-we-can-know,26.6,,annual,4.27.0,Active Subscriber,true,Active Subscriber,2026-01-01T01:09:49.000-08:00,14,1
349231,NPS Mobile App / BCM,b8e2ad3f-df9d-4467-a0f6-1a93b28c9449,file:///var/containers/Bundle/Application/13A6E3AD-A73A-425E-A89E-CF04353B1400/Runner.app/Frameworks/UserLeapKit.framework/sprig_web_assets.bundle/snippet.html,08/11/2026 03:41:15,08/11/2026 03:42:13,1183363,,iOS,WebKit,"Mozilla/5.0 (iPhone; CPU iPhone OS 18_7 like Mac OS X) AppleWebKit/605.1.15 (KHTML, like Gecko) Mobile/15E148",{},[App] Guide Viewed,9109868c-be34-44ec-ae2f-4c63354d8a72,{},How likely are you to recommend SuperSummary to a friend or colleague?,10,promoter,What's the main reason for your score?,Very worthwhile for book detail and thoughtful insights,Comprehensive Summaries,,,,1,,,,,,,,,,,,,,,,,,What's one thing you'd like to see added or improved on SuperSummary?,Nothing,,,,,,,,,,,,,,,,,,,,,,1.21.1,book_club_member,book_club_member,,u_4308ff7a81b4529d,[name],null,false,true,,[name],the-house-across-the-lake,26.6,annual,annual,4.27.0,Active Subscriber,true,Active Subscriber,2025-05-08T15:43:19.000-07:00,13,
349231,NPS Mobile App / BCM,a4ba29c9-0e5f-490f-9b38-6b9ae1b6f7a0,file:///var/containers/Bundle/Application/3718B107-0E49-438A-BE31-495B07DD26BE/Runner.app/Frameworks/UserLeapKit.framework/sprig_web_assets.bundle/snippet.html,08/10/2026 21:09:10,08/10/2026 21:09:26,1244512,,iOS,WebKit,"Mozilla/5.0 (iPhone; CPU iPhone OS 18_7 like Mac OS X) AppleWebKit/605.1.15 (KHTML, like Gecko) Mobile/15E148",{},[App] Guide Viewed,b55201b5-6683-41d7-ba00-cc8f70410ce1,{},How likely are you to recommend SuperSummary to a friend or colleague?,7,passive,What's the main reason for your score?,[skipped by user],,,,,,,,,,,,,,,,,,,,,,,What's one thing you'd like to see added or improved on SuperSummary?,I have not used it yet,,,,,,,,,,,,,,,,,,,,,,,book_club_member,book_club_member,,u_ed84a71cc60361a5,[name],null,false,true,,[name],west-with-giraffes,,annual,annual,,Active Subscriber,true,Active Subscriber,2025-06-23T17:22:43.000-07:00,14,
349231,NPS Mobile App / BCM,5beed1bb-7f14-4cb3-bac3-e6baa7f0e9b7,file:///var/containers/Bundle/Application/85364648-945F-4EDA-A48F-9FDD7C9BE5CD/Runner.app/Frameworks/UserLeapKit.framework/sprig_web_assets.bundle/snippet.html,08/10/2026 16:06:38,,130942,,iOS,WebKit,"Mozilla/5.0 (iPhone; CPU iPhone OS 18_7 like Mac OS X) AppleWebKit/605.1.15 (KHTML, like Gecko) Mobile/15E148",{},[App] Guide Viewed,4c58ae99-a53e-4b10-b94d-c57731aba474,{},How likely are you to recommend SuperSummary to a friend or colleague?,10,promoter,,,,,,,,,,,,,,,,,,,,,,,,,,,,,,,,,,,,,,,,,,,,,,,,,book_club_member,book_club_member,,u_7d9d9cec1cd53ccc,[name],null,false,true,2023-08-30T17:13:37.728-07:00,[name],the-odyssey,,annual_essentials,annual,,Active Subscriber,true,Active Subscriber,2022-01-18T15:41:53.000-08:00,37,2
349231,NPS Mobile App / BCM,2b1fe3a4-4f3a-4500-8191-82e0ee6c8a42,file:///var/containers/Bundle/Application/D3BDCDDB-0C9B-4831-81FD-74264DFD6D37/Runner.app/Frameworks/UserLeapKit.framework/sprig_web_assets.bundle/snippet.html,08/10/2026 15:32:25,,109653,,iOS,WebKit,"Mozilla/5.0 (iPhone; CPU iPhone OS 18_7 like Mac OS X) AppleWebKit/605.1.15 (KHTML, like Gecko) Mobile/15E148",{},[App] Guide Viewed,d1d44347-c392-4ff2-9c8e-16f3045171fd,{},How likely are you to recommend SuperSummary to a friend or colleague?,10,promoter,What's the main reason for your score?,[skipped by user],,,,,,,,,,,,,,,,,,,,,,,What's one thing you'd like to see added or improved on SuperSummary?,An excellent tool for understanding books,More Books,,,,,,,,,,1,,,,,,,,,,,1.21.1,book_club_member,book_club_member,,u_de970de958773c89,[name],null,false,true,2023-10-31T11:45:38.659-07:00,[name],three-bags-full,26.6,annual,annual,4.27.0,Active Subscriber,true,Active Subscriber,2023-10-31T11:44:38.000-07:00,56,5
349231,NPS Mobile App / BCM,02732b81-e174-4a54-9b57-e5d86a402806,file:///var/containers/Bundle/Application/FDCEAAD6-E6B1-4780-A7F8-0559A801015A/Runner.app/Frameworks/UserLeapKit.framework/sprig_web_assets.bundle/snippet.html,08/10/2026 11:02:10,08/10/2026 11:03:19,350764,,iOS,WebKit,"Mozilla/5.0 (iPhone; CPU iPhone OS 18_7 like Mac OS X) AppleWebKit/605.1.15 (KHTML, like Gecko) Mobile/15E148",{},[App] Guide Viewed,52491a1b-35fb-422f-b26f-a8c8a1f03bf9,{},How likely are you to recommend SuperSummary to a friend or colleague?,10,promoter,What's the main reason for your score?,Comprehensive. Very useful tool when you can’t get around to reading the text and it’s entirety.,Comprehensive Coverage,,,1,,,,,,,,,,,,,,,,,,,What's one thing you'd like to see added or improved on SuperSummary?,Nothing,,,,,,,,,,,,,,,,,,,,,,1.21.1,book_club_member,book_club_member,,u_c88a788f8e36fe0d,[name],null,false,true,2024-04-04T16:41:40.019-07:00,[name],leviathan,26.6,annual_plus,annual,4.27.0,Active Subscriber,true,Active Subscriber,2023-04-17T14:53:24.000-07:00,40,4
349231,NPS Mobile App / BCM,1c1af7f7-d1a7-4f79-9b59-e7532ec8d5e3,file:///var/containers/Bundle/Application/A3F3E09B-F15D-44A1-A544-82761D2A315D/Runner.app/Frameworks/UserLeapKit.framework/sprig_web_assets.bundle/snippet.html,08/10/2026 10:26:20,,1584755,,iOS,WebKit,"Mozilla/5.0 (iPhone; CPU iPhone OS 18_7 like Mac OS X) AppleWebKit/605.1.15 (KHTML, like Gecko) Mobile/15E148",{},[App] Guide Viewed,2e37539a-683a-429e-a46c-b84b48bf2da3,{},How likely are you to recommend SuperSummary to a friend or colleague?,10,promoter,,,,,,,,,,,,,,,,,,,,,,,,,,,,,,,,,,,,,,,,,,,,,,,,,book_club_member,book_club_member,,u_54a77e63d855f901,[name],null,false,true,,[name],eight-dates,,annual_plus,annual,,Active Subscriber,true,Active Subscriber,2026-04-02T18:26:05.000-07:00,4,
349231,NPS Mobile App / BCM,2cabf7e6-e6b6-4d5e-8be3-28d3019b0405,file:///var/containers/Bundle/Application/1E65949C-2383-44EE-8971-BA0393557BCD/Runner.app/Frameworks/UserLeapKit.framework/sprig_web_assets.bundle/snippet.html,08/10/2026 06:29:14,08/10/2026 06:29:18,1468772,,iOS,WebKit,"Mozilla/5.0 (iPhone; CPU iPhone OS 18_7 like Mac OS X) AppleWebKit/605.1.15 (KHTML, like Gecko) Mobile/15E148",{},[App] Guide Viewed,892c2269-1226-4273-b010-781d4390affa,{},How likely are you to recommend SuperSummary to a friend or colleague?,10,promoter,What's the main reason for your score?,[skipped by user],,,,,,,,,,,,,,,,,,,,,,,What's one thing you'd like to see added or improved on SuperSummary?,[skipped by user],,,,,,,,,,,,,,,,,,,,,,1.21.1,book_club_member,book_club_member,,u_899a7a3b4d478df5,[name],null,false,true,,[name],the-end-of-the-affair,26.6,annual_essentials,annual,4.27.0,Active Subscriber,true,Active Subscriber,2026-01-11T18:10:15.000-08:00,4,
349231,NPS Mobile App / BCM,adad3076-7d5d-4a53-8ddd-a3c1f55dac7b,file:///android_asset/snippet.html,08/10/2026 02:41:41,,583451,,Android,Chrome WebView,"Mozilla/5.0 (Linux; Android 16; SM-S931U Build/BP4A.251205.006; wv) AppleWebKit/537.36 (KHTML, like Gecko) Version/4.0 Chrome/150.0.7871.183 Mobile Safari/537.36",{},[App] Guide Viewed,a95bdf64-e51a-445f-90d0-77a5f6c5229d,{},,7,passive,,,,,,,,,,,,,,,,,,,,,,,,,,,,,,,,,,,,,,,,,,,,,,,,,book_club_member,book_club_member,,u_69110b5ca9c1cdab,[name],null,false,true,,[name],buckeye,,annual_essentials,annual,,Active Subscriber,true,Active Subscriber,2026-06-07T20:28:42.000-07:00,16,
349231,NPS Mobile App / BCM,7d2ce6ff-edcc-4495-b45a-215bad9ab511,file:///var/containers/Bundle/Application/863CC56B-F173-4D6A-97CD-3C4D29CBA5F6/Runner.app/Frameworks/UserLeapKit.framework/sprig_web_assets.bundle/snippet.html,08/09/2026 23:43:41,,451990,,iOS,WebKit,"Mozilla/5.0 (Macintosh; Intel Mac OS X 10_15_7) AppleWebKit/605.1.15 (KHTML, like Gecko)",{},[App] Guide Viewed,cd7034fc-b625-4e33-8261-15d161116237,{},How likely are you to recommend SuperSummary to a friend or colleague?,10,promoter,,,,,,,,,,,,,,,,,,,,,,,,,,,,,,,,,,,,,,,,,,,,,,,,1.21.1,book_club_member,book_club_member,,u_29f62199374a6305,[name],null,false,true,,[name],dear-edward,26.6,annual,annual,4.27.0,Active Subscriber,true,Active Subscriber,2024-11-17T19:25:45.000-08:00,33,0
349231,NPS Mobile App / BCM,dff4582f-5d44-40b6-88b6-b8e553651cd3,file:///var/containers/Bundle/Application/F8188B18-046D-4F54-B61E-E76E349F68C4/Runner.app/Frameworks/UserLeapKit.framework/sprig_web_assets.bundle/snippet.html,08/09/2026 23:28:33,,1309724,,iOS,WebKit,"Mozilla/5.0 (iPhone; CPU iPhone OS 18_7 like Mac OS X) AppleWebKit/605.1.15 (KHTML, like Gecko) Mobile/15E148",{},[App] Guide Viewed,5ca7f68f-0d58-4735-a246-e21ac83ec1cd,{},How likely are you to recommend SuperSummary to a friend or colleague?,10,promoter,,,,,,,,,,,,,,,,,,,,,,,,,,,,,,,,,,,,,,,,,,,,,,,,1.21.1,book_club_member,book_club_member,,u_8be14665cf00d4f3,[name],null,false,true,,[name],london-falling-patrick-radden-keefe,26.6,annual,annual,4.27.0,Active Subscriber,true,Active Subscriber,2025-09-03T11:39:17.000-07:00,11,
349231,NPS Mobile App / BCM,f0a439f3-e8b3-4afe-a6a0-fd29742a2225,file:///var/containers/Bundle/Application/CE122805-3A37-42BD-B403-74D60F63F731/Runner.app/Frameworks/UserLeapKit.framework/sprig_web_assets.bundle/snippet.html,08/09/2026 15:09:18,08/09/2026 15:10:55,624390,,iOS,WebKit,"Mozilla/5.0 (iPhone; CPU iPhone OS 18_7 like Mac OS X) AppleWebKit/605.1.15 (KHTML, like Gecko) Mobile/15E148",{},[App] Guide Viewed,4166406d-618b-4bd4-bbea-1918a331cf24,{},How likely are you to recommend SuperSummary to a friend or colleague?,10,promoter,What's the main reason for your score?,SS enhances understanding and discussion for Book Club.,Helpful for Book Discussions,,,,,,,,,,,,1,,,,,,,,,,What's one thing you'd like to see added or improved on SuperSummary?,Nothing,,,,,,,,,,,,,,,,,,,,,,,book_club_member,book_club_member,,u_d1863c636c765385,[name],null,false,true,,[name],my-grandmother-asked-me-tell-you-shes-sorry,,annual,annual,,Active Subscriber,true,Active Subscriber,2024-08-10T16:38:16.000-07:00,22,
349231,NPS Mobile App / BCM,c067f735-b726-4b02-a013-cc2e3356a77a,file:///android_asset/snippet.html,08/09/2026 14:15:42,,393808,,Android,Chrome WebView,"Mozilla/5.0 (Linux; Android 11; KFTUWI Build/RS8338.3339N; wv) AppleWebKit/537.36 (KHTML, like Gecko) Version/4.0 Chrome/148.0.7778.258 Safari/537.36",{},[App] Guide Viewed,fa36f2e2-5e2d-4cb2-8f85-39332713eb58,{},,10,promoter,,[skipped by user],,,,,,,,,,,,,,,,,,,,,,,,,,,,,,,,,,,,,,,,,,,,,,,book_club_member,book_club_member,,u_894dbcbdac03971a,[name],null,false,true,,[name],tom-lake,,,annual,,Active Subscriber,true,Active Subscriber,2024-08-05T13:30:17.000-07:00,28,0
349231,NPS Mobile App / BCM,9889d1ff-8b18-4c96-9fd5-b017abb36dca,file:///var/containers/Bundle/Application/8220CA52-1534-4FF1-A118-D09665D4FA9D/Runner.app/Frameworks/UserLeapKit.framework/sprig_web_assets.bundle/snippet.html,08/09/2026 05:21:57,,306963,,iOS,WebKit,"Mozilla/5.0 (iPhone; CPU iPhone OS 18_7 like Mac OS X) AppleWebKit/605.1.15 (KHTML, like Gecko) Mobile/15E148",{},[App] Guide Viewed,225fbbf1-7a03-4d6f-9cf3-d1264c481c0f,{},How likely are you to recommend SuperSummary to a friend or colleague?,8,passive,,,,,,,,,,,,,,,,,,,,,,,,,,,,,,,,,,,,,,,,,,,,,,,,,book_club_member,book_club_member,,u_6345c70f2b52316b,[name],null,false,true,2023-09-09T14:56:48.006-07:00,[name],buckeye,,annual,annual,,Active Subscriber,true,Active Subscriber,2023-01-28T13:39:41.000-08:00,39,3
349231,NPS Mobile App / BCM,cb71f01c-4530-42fd-a9c6-6116a593e5c8,file:///var/containers/Bundle/Application/F5E1494B-7023-465E-88E9-3027743F3B04/Runner.app/Frameworks/UserLeapKit.framework/sprig_web_assets.bundle/snippet.html,08/08/2026 22:02:02,08/08/2026 22:02:05,1655533,,iOS,WebKit,"Mozilla/5.0 (iPhone; CPU iPhone OS 18_7 like Mac OS X) AppleWebKit/605.1.15 (KHTML, like Gecko) Mobile/15E148",{},[App] Guide Viewed,c7c3ae25-f71d-49ff-967a-f958e09e62da,{},How likely are you to recommend SuperSummary to a friend or colleague?,10,promoter,What's the main reason for your score?,[skipped by user],,,,,,,,,,,,,,,,,,,,,,,What's one thing you'd like to see added or improved on SuperSummary?,[skipped by user],,,,,,,,,,,,,,,,,,,,,,,book_club_member,book_club_member,,u_89593f76f0bd1351,[name],null,false,true,,[name],the-good-daughter,,annual_plus,annual,,Active Subscriber,true,Active Subscriber,2026-05-26T13:15:15.000-07:00,3,
349231,NPS Mobile App / BCM,2729c1c4-8a7e-4a35-94cf-9adcacca96ef,file:///var/containers/Bundle/Application/6AE7176B-E000-4B7E-B59E-B2DCA60AA663/Runner.app/Frameworks/UserLeapKit.framework/sprig_web_assets.bundle/snippet.html,08/08/2026 21:38:32,,367081,,iOS,WebKit,"Mozilla/5.0 (iPhone; CPU iPhone OS 18_7 like Mac OS X) AppleWebKit/605.1.15 (KHTML, like Gecko) Mobile/15E148",{},[App] Guide Viewed,bf3e0b26-cc0e-421c-9b84-0f584db3189b,{},How likely are you to recommend SuperSummary to a friend or colleague?,10,promoter,What's the main reason for your score?,So helpful when you listen to books and don’t always pay close attention,Memory Aid,,,,,,,,,,,,,,,1,,,,,,,What's one thing you'd like to see added or improved on SuperSummary?,Just keep the new titles coming.,More Books,,,,,,,,,,1,,,,,,,,,,,1.21.1,book_club_member,book_club_member,,u_06da2bcd3974874f,[name],null,false,true,,[name],sandwich,26.5.2,annual,annual,4.27.0,Active Subscriber,true,Active Subscriber,2023-05-11T13:00:11.000-07:00,39,0
349231,NPS Mobile App / BCM,bdf47755-84b7-4ae6-843c-66eb7d0916de,file:///var/containers/Bundle/Application/6CD0D6DB-0A73-4BBB-8D07-D67F0BE30DB8/Runner.app/Frameworks/UserLeapKit.framework/sprig_web_assets.bundle/snippet.html,08/08/2026 16:48:25,,1330300,,iOS,WebKit,"Mozilla/5.0 (iPhone; CPU iPhone OS 18_7 like Mac OS X) AppleWebKit/605.1.15 (KHTML, like Gecko) Mobile/15E148",{},[App] Guide Viewed,658eec2c-ef8c-43f0-9cd3-f981cbb6e5f0,{},How likely are you to recommend SuperSummary to a friend or colleague?,8,passive,,,,,,,,,,,,,,,,,,,,,,,,,,,,,,,,,,,,,,,,,,,,,,,,,book_club_member,book_club_member,,u_34eedc19d767144b,[name],null,false,true,,[name],theo-of-golden,,,annual,,Active Subscriber,true,Active Subscriber,2025-09-18T06:48:42.000-07:00,2,
349231,NPS Mobile App / BCM,be60bb4a-61f8-4736-ad6b-a605f79ff9ca,file:///var/folders/fb/frxv_fdj3m5gf0m2fm33kz3c0000gn/X/C56879E2-F704-56F1-AD12-17DDF68B961E/d/Wrapper/Runner.app/Frameworks/UserLeapKit.framework/sprig_web_assets.bundle/snippet.html,08/08/2026 11:54:44,,1578387,,iOS,WebKit,"Mozilla/5.0 (Macintosh; Intel Mac OS X 10_15_7) AppleWebKit/605.1.15 (KHTML, like Gecko)",{},[App] Guide Viewed,b0329f76-404d-4c3d-abf1-5fe205636203,{},How likely are you to recommend SuperSummary to a friend or colleague?,9,promoter,,,,,,,,,,,,,,,,,,,,,,,,,,,,,,,,,,,,,,,,,,,,,,,,1.17.2,book_club_member,book_club_member,,u_be34d4a05444eb40,[name],null,false,true,,[name],yesteryear-caro-claire-burke,26.6,annual_essentials,annual,4.27.0,Active Subscriber,true,Active Subscriber,2026-03-29T06:31:01.000-07:00,4,
349231,NPS Mobile App / BCM,c9be843f-cd22-434c-ad6d-a75e5181dc87,file:///var/containers/Bundle/Application/3D52EC0A-D2CE-4F94-9C9F-C33EF373EF0E/Runner.app/Frameworks/UserLeapKit.framework/sprig_web_assets.bundle/snippet.html,08/08/2026 07:17:03,,483017,,iOS,WebKit,"Mozilla/5.0 (iPhone; CPU iPhone OS 18_7 like Mac OS X) AppleWebKit/605.1.15 (KHTML, like Gecko) Mobile/15E148",{},[App] Guide Viewed,719d3c18-e59a-46f3-bc85-e507df71b84f,{},How likely are you to recommend SuperSummary to a friend or colleague?,10,promoter,What's the main reason for your score?,Content,Insightful Content,,,,,,,,,,,,,,1,,,,,,,,,,,,,,,,,,,,,,,,,,,,,,,1.21.1,book_club_member,book_club_member,,u_c6b788a57b39b982,[name],null,false,true,,[name],the-iliad,26.5.2,monthly,monthly,4.27.0,Active Subscriber,true,Active Subscriber,2024-12-22T05:31:41.000-08:00,10,0
349231,NPS Mobile App / BCM,ca5e3838-cf24-47f7-b8ff-07463ffdae4a,file:///android_asset/snippet.html,08/08/2026 03:12:21,,1395608,,Android,Chrome WebView,"Mozilla/5.0 (Linux; Android 16; SM-G990U1 Build/BP2A.250605.031.A3; wv) AppleWebKit/537.36 (KHTML, like Gecko) Version/4.0 Chrome/150.0.7871.181 Mobile Safari/537.36",{},[App] Guide Viewed,816abc4b-ae16-40f2-888d-8d7df734c82c,{},,10,promoter,,,,,,,,,,,,,,,,,,,,,,,,,,,,,,,,,,,,,,,,,,,,,,,,1.21.1,book_club_member,book_club_member,,u_184c968ee816e1ce,[name],null,false,true,,[name],surviving-savannah,16,annual,annual,2.17.8,Active Subscriber,true,Active Subscriber,2025-11-06T06:24:26.000-08:00,9,
349231,NPS Mobile App / BCM,e457d0af-65d8-46d8-a26f-2dd04e865bf5,file:///var/containers/Bundle/Application/79CB6CD3-42F5-4528-AFE1-7848426F53F8/Runner.app/Frameworks/UserLeapKit.framework/sprig_web_assets.bundle/snippet.html,08/07/2026 22:29:02,,1518355,,iOS,WebKit,"Mozilla/5.0 (iPhone; CPU iPhone OS 18_7 like Mac OS X) AppleWebKit/605.1.15 (KHTML, like Gecko) Mobile/15E148",{},[App] Guide Viewed,29324e9c-7370-48c7-a26f-c3fb91e2fda2,{},How likely are you to recommend SuperSummary to a friend or colleague?,10,promoter,,,,,,,,,,,,,,,,,,,,,,,,,,,,,,,,,,,,,,,,,,,,,,,,1.21.1,book_club_member,book_club_member,,u_94ab238a59df7428,[name],null,false,true,,[name],all-the-broken-places,26.5.2,annual_essentials,annual,4.27.0,Active Subscriber,true,Active Subscriber,2026-02-16T07:17:18.000-08:00,5,
349231,NPS Mobile App / BCM,c2b3f01e-41fb-44ec-83c4-acb96ddde811,file:///var/containers/Bundle/Application/6477DC87-1B98-4C3C-9344-D3AC1FF4030B/Runner.app/Frameworks/UserLeapKit.framework/sprig_web_assets.bundle/snippet.html,08/07/2026 11:55:25,,1466951,,iOS,WebKit,"Mozilla/5.0 (iPhone; CPU iPhone OS 18_7 like Mac OS X) AppleWebKit/605.1.15 (KHTML, like Gecko) Mobile/15E148",{},[App] Guide Viewed,8d541738-6899-4521-93ca-ce7a421e658d,{},How likely are you to recommend SuperSummary to a friend or colleague?,8,passive,,,,,,,,,,,,,,,,,,,,,,,,,,,,,,,,,,,,,,,,,,,,,,,,1.21.1,book_club_member,book_club_member,,u_bef4eceb88849941,[name],null,false,true,,[name],the-echo-of-old-books,26.5.2,annual_essentials,annual,4.27.0,Active Subscriber,true,Active Subscriber,2026-01-10T06:43:22.000-08:00,5,
349231,NPS Mobile App / BCM,a4253818-fc78-4f1c-b59b-e851d11e1d6d,file:///var/containers/Bundle/Application/4F1F1C39-6C76-48BB-A356-584A4BD17322/Runner.app/Frameworks/UserLeapKit.framework/sprig_web_assets.bundle/snippet.html,08/07/2026 02:22:00,,495064,,iOS,WebKit,"Mozilla/5.0 (iPhone; CPU iPhone OS 18_7 like Mac OS X) AppleWebKit/605.1.15 (KHTML, like Gecko) Mobile/15E148",{},[App] Guide Viewed,7afaf838-4f5a-44f5-8943-cb22ee0d0d61,{},How likely are you to recommend SuperSummary to a friend or colleague?,10,promoter,,,,,,,,,,,,,,,,,,,,,,,,,,,,,,,,,,,,,,,,,,,,,,,,1.21.1,book_club_member,book_club_member,,u_72ce53d1f359a05b,[name],null,false,true,,[name],,26.5.2,,annual,4.27.0,Active Subscriber,true,Active Subscriber,2024-02-15T10:48:27.000-08:00,2,0
349231,NPS Mobile App / BCM,9acee35b-fa3b-4d14-a532-22dcdeeb66fa,file:///var/containers/Bundle/Application/BCA8846B-07A2-4022-9819-A2EC15A36BD6/Runner.app/Frameworks/UserLeapKit.framework/sprig_web_assets.bundle/snippet.html,08/06/2026 21:30:53,08/06/2026 21:31:45,321874,,iOS,WebKit,"Mozilla/5.0 (iPhone; CPU iPhone OS 18_7 like Mac OS X) AppleWebKit/605.1.15 (KHTML, like Gecko) Mobile/15E148",{},[App] Guide Viewed,7063bb0b-7ce1-4d87-bf81-39c4dc58dfd6,{},How likely are you to recommend SuperSummary to a friend or colleague?,10,promoter,What's the main reason for your score?,It’s very helpful for my book club meetings.,Book Club Support,1,,,,,,,,,,,,,,,,,,,,,What's one thing you'd like to see added or improved on SuperSummary?,More full summaries.,More Books,,,,,,,,,,1,,,,,,,,,,,,book_club_member,book_club_member,,u_18916ccf39aa4c2d,[name],null,false,true,,[name],el-bronx-remembered,,annual,annual,,Active Subscriber,true,Active Subscriber,2025-06-12T14:20:36.000-07:00,11,
349231,NPS Mobile App / BCM,87590992-6c43-493b-904e-86768bba47b8,file:///var/containers/Bundle/Application/54943CEA-4194-4F44-BD00-FC9CEB684DF1/Runner.app/Frameworks/UserLeapKit.framework/sprig_web_assets.bundle/snippet.html,08/06/2026 18:58:52,08/06/2026 18:58:56,309142,,iOS,WebKit,"Mozilla/5.0 (Macintosh; Intel Mac OS X 10_15_7) AppleWebKit/605.1.15 (KHTML, like Gecko)",{},[App] Guide Viewed,17fbe9fa-ec55-4e33-ad30-52fd59f10646,{},How likely are you to recommend SuperSummary to a friend or colleague?,10,promoter,What's the main reason for your score?,[skipped by user],,,,,,,,,,,,,,,,,,,,,,,What's one thing you'd like to see added or improved on SuperSummary?,[skipped by user],,,,,,,,,,,,,,,,,,,,,,1.21.1,book_club_member,book_club_member,,u_db6c0bc77028c5da,[name],null,false,true,,[name],rules-of-civility,26.5.2,annual,annual,4.27.0,Active Subscriber,true,Active Subscriber,2023-02-01T22:18:48.000-08:00,41,0
349231,NPS Mobile App / BCM,19f14a21-7cab-4481-a860-88c252231163,file:///android_asset/snippet.html,08/06/2026 17:53:40,08/06/2026 17:56:40,650614,,Android,Chrome WebView,"Mozilla/5.0 (Linux; Android 16; SM-S908U Build/BP2A.250605.031.A3; wv) AppleWebKit/537.36 (KHTML, like Gecko) Version/4.0 Chrome/150.0.7871.181 Mobile Safari/537.36",{},[App] Guide Viewed,2a74c7e8-c13b-4cfd-bbbc-0d3fe9abffc1,{},,10,promoter,,Information is deep enough to share at book group of avid readers.,Content Depth,,,,,1,,,,,,,,,,,,,,,,,,[skipped by user],,,,,,,,,,,,,,,Land,,,,,,,1.21.1,book_club_member,book_club_member,,u_de42a0af884ba283,[name],null,false,true,,[name],,16,supersummary_annual-36-USD,annual,2.17.8,,true,Active Subscriber,2024-09-04T12:59:48.000-07:00,19,
349231,NPS Mobile App / BCM,4f2595b1-d476-4e2f-a498-bf4e709d8393,file:///var/containers/Bundle/Application/8B83EF12-FF7B-4AC6-9A09-C1F373EE6C82/Runner.app/Frameworks/UserLeapKit.framework/sprig_web_assets.bundle/snippet.html,08/06/2026 16:32:22,08/06/2026 16:33:28,1633300,,iOS,WebKit,"Mozilla/5.0 (Macintosh; Intel Mac OS X 10_15_7) AppleWebKit/605.1.15 (KHTML, like Gecko)",{},[App] Guide Viewed,c6497104-d010-42cb-942b-1bc6c432298f,{},How likely are you to recommend SuperSummary to a friend or colleague?,10,promoter,What's the main reason for your score?,It’s a wonderful resource,Valuable Resource,,,,,,,,,,,,,,,,,,,,1,,What's one thing you'd like to see added or improved on SuperSummary?,I haven’t used it enough to comment.,,,,,,,,,,,,,,,,,,,,,,,book_club_member,book_club_member,,u_0145b78dc0b33ddb,[name],null,false,true,,[name],hello-beautiful,,annual_plus,annual,,Active Subscriber,true,Active Subscriber,2026-05-08T12:03:23.000-07:00,3,
349231,NPS Mobile App / BCM,432c24d0-2123-4be5-a09c-f106c885e668,file:///var/containers/Bundle/Application/8BDF57B0-5DA6-4053-A2BD-164F66C933E2/Runner.app/Frameworks/UserLeapKit.framework/sprig_web_assets.bundle/snippet.html,08/06/2026 14:00:15,,1590715,,iOS,WebKit,"Mozilla/5.0 (iPhone; CPU iPhone OS 18_6_2 like Mac OS X) AppleWebKit/605.1.15 (KHTML, like Gecko) Mobile/15E148",{},[App] Guide Viewed,a0a99ef4-6135-479e-9e3c-bde2fbfc0889,{},How likely are you to recommend SuperSummary to a friend or colleague?,10,promoter,What's the main reason for your score?,[skipped by user],,,,,,,,,,,,,,,,,,,,,,,,,,,,,,,,,,,,,,,,,,,,,,1.17.2,book_club_member,book_club_member,,u_d7a2fc720fd8179f,[name],null,false,true,,[name],what-we-can-know,18.6.2,annual_plus,annual,4.27.0,Active Subscriber,true,Active Subscriber,2026-04-08T08:23:39.000-07:00,3,
349231,NPS Mobile App / BCM,7e8967a0-0124-4cb7-86a8-266f8cfcf4f8,file:///var/containers/Bundle/Application/801F8BE4-86E2-4593-AB1B-05FC98831891/Runner.app/Frameworks/UserLeapKit.framework/sprig_web_assets.bundle/snippet.html,08/06/2026 11:36:09,,1395564,,iOS,WebKit,"Mozilla/5.0 (iPhone; CPU iPhone OS 18_7 like Mac OS X) AppleWebKit/605.1.15 (KHTML, like Gecko) Mobile/15E148",{},[App] Guide Viewed,d8e344fe-79ad-4adc-8b81-b231e534ff9e,{},How likely are you to recommend SuperSummary to a friend or colleague?,10,promoter,,,,,,,,,,,,,,,,,,,,,,,,,,,,,,,,,,,,,,,,,,,,,,,,1.21.1,book_club_member,book_club_member,,u_01d83e84d97ba771,[name],null,false,true,,[name],parzival,26.5.2,annual_subscription_36-USD,annual,4.27.0,,true,Non Renewing Subscriber,2025-11-06T06:49:55.000-08:00,10,
349231,NPS Mobile App / BCM,aca0cc25-9c75-44f9-bd9c-14a265c37923,file:///var/containers/Bundle/Application/887953AC-EB39-4FC7-B357-77E6F45C0F48/Runner.app/Frameworks/UserLeapKit.framework/sprig_web_assets.bundle/snippet.html,08/06/2026 07:00:22,08/06/2026 07:03:56,344762,,iOS,WebKit,"Mozilla/5.0 (Macintosh; Intel Mac OS X 10_15_7) AppleWebKit/605.1.15 (KHTML, like Gecko)",{},[App] Guide Viewed,808619f8-96ac-420a-be83-a69169e03c02,{},How likely are you to recommend SuperSummary to a friend or colleague?,10,promoter,What's the main reason for your score?,As a retired academic and lifelong reader I find SuperSummary a great way to enjoy staying current as a way to remain relevant with my past profession.,Valuable Resource,,,,,,,,,,,,,,,,,,,,1,,What's one thing you'd like to see added or improved on SuperSummary?,The ability to have audio summaries.,Audio Versions,,1,,,,,,,,,,,,,,,,,,,1.21.1,book_club_member,book_club_member,,u_c0f58e411ea56e3c,[name],null,false,true,2024-01-07T11:17:37.815-08:00,[name],politics,26.6,annual,annual,4.27.0,Active Subscriber,true,Active Subscriber,2023-04-07T05:22:06.000-07:00,25,9
349231,NPS Mobile App / BCM,4c9b4661-0d2e-4ef8-b8f5-5ff8f3626378,file:///android_asset/snippet.html,08/06/2026 04:02:07,08/06/2026 04:02:12,1457317,,Android,Chrome WebView,"Mozilla/5.0 (Linux; Android 16; SM-F966U Build/BP4A.251205.006; wv) AppleWebKit/537.36 (KHTML, like Gecko) Version/4.0 Chrome/150.0.7871.181 Mobile Safari/537.36",{},[App] Guide Viewed,259cac3e-23d9-43c4-be55-c71add9d46f7,{},,5,detractor,,[skipped by user],,,,,,,,,,,,,,,,,,,,,,,,[skipped by user],,,,,,,,,,,,,,,[skipped by user],,,,,,,,book_club_member,book_club_member,,u_01b35f53ca243094,[name],null,false,true,,[name],the-daughters-war,,annual_plus,annual,,Active Subscriber,true,Active Subscriber,2026-01-01T19:44:32.000-08:00,6,
349231,NPS Mobile App / BCM,2e8cbdee-0b57-4b90-b09f-89188501ac04,file:///var/containers/Bundle/Application/1CD79432-4AD3-4FE4-90FB-E2C2F2CF75AD/Runner.app/Frameworks/UserLeapKit.framework/sprig_web_assets.bundle/snippet.html,08/06/2026 03:53:13,08/06/2026 03:53:48,864133,,iOS,WebKit,"Mozilla/5.0 (Macintosh; Intel Mac OS X 10_15_7) AppleWebKit/605.1.15 (KHTML, like Gecko)",{},[App] Guide Viewed,0cb2da4a-7816-4f11-860b-a32ac14288e8,{},How likely are you to recommend SuperSummary to a friend or colleague?,10,promoter,What's the main reason for your score?,[skipped by user],,,,,,,,,,,,,,,,,,,,,,,What's one thing you'd like to see added or improved on SuperSummary?,More about themes and characters,Character Lists,,,,,,1,,,,,,,,,,,,,,,,book_club_member,book_club_member,,u_9108df6fbbe297f5,[name],null,false,true,,[name],wild-dark-shore,,annual,annual,,Active Subscriber,true,Active Subscriber,2024-12-05T14:00:19.000-08:00,19,
349231,NPS Mobile App / BCM,356e9b28-2a61-4a50-ab65-e488ed461a37,file:///var/containers/Bundle/Application/7EE88C5F-EFA6-4F6F-AA09-A59E393A1426/Runner.app/Frameworks/UserLeapKit.framework/sprig_web_assets.bundle/snippet.html,08/05/2026 21:00:34,08/05/2026 21:01:23,629202,,iOS,WebKit,"Mozilla/5.0 (iPhone; CPU iPhone OS 18_7 like Mac OS X) AppleWebKit/605.1.15 (KHTML, like Gecko) Mobile/15E148",{},[App] Guide Viewed,4ff96aeb-a841-46b8-adf9-ede9c285b41d,{},How likely are you to recommend SuperSummary to a friend or colleague?,10,promoter,What's the main reason for your score?,It helped me prepare for the study group.,Book Club Support,1,,,,,,,,,,,,,,,,,,,,,What's one thing you'd like to see added or improved on SuperSummary?,Nothing,,,,,,,,,,,,,,,,,,,,,,,book_club_member,book_club_member,,u_b8a7a5c93c0a5a4b,[name],null,false,true,,[name],the-rainbow,,annual_plus,annual,,Active Subscriber,true,Active Subscriber,2026-04-18T07:41:23.000-07:00,13,
349231,NPS Mobile App / BCM,73ea987c-14ce-4359-b31c-f102b2de733a,file:///var/containers/Bundle/Application/60DDA4F6-BFC0-43FC-AC0A-80E0B11506CA/Runner.app/Frameworks/UserLeapKit.framework/sprig_web_assets.bundle/snippet.html,08/05/2026 18:42:25,08/05/2026 18:42:37,834680,,iOS,WebKit,"Mozilla/5.0 (iPhone; CPU iPhone OS 18_7 like Mac OS X) AppleWebKit/605.1.15 (KHTML, like Gecko) Mobile/15E148",{},[App] Guide Viewed,187416fe-f448-43b0-bdad-efd69fb19a56,{},How likely are you to recommend SuperSummary to a friend or colleague?,10,promoter,What's the main reason for your score?,[skipped by user],,,,,,,,,,,,,,,,,,,,,,,What's one thing you'd like to see added or improved on SuperSummary?,ns,,,,,,,,,,,,,,,,,,,,,,,book_club_member,book_club_member,,u_12da986f69dfc13e,[name],null,false,true,,[name],the-wedding-people,,annual,annual,,Active Subscriber,true,Active Subscriber,2024-11-22T06:58:22.000-08:00,13,
349231,NPS Mobile App / BCM,5213b9bb-c38a-4cc3-9205-d3d869678093,file:///var/containers/Bundle/Application/7EAB3AAB-8C4F-488E-92BB-E5082206D28A/Runner.app/Frameworks/UserLeapKit.framework/sprig_web_assets.bundle/snippet.html,08/05/2026 17:15:08,08/05/2026 17:15:12,1600928,,iOS,WebKit,"Mozilla/5.0 (Macintosh; Intel Mac OS X 10_15_7) AppleWebKit/605.1.15 (KHTML, like Gecko)",{},[App] Guide Viewed,5138575c-c28b-4f60-b810-f1b8ac7cd45b,{},How likely are you to recommend SuperSummary to a friend or colleague?,10,promoter,What's the main reason for your score?,[skipped by user],,,,,,,,,,,,,,,,,,,,,,,What's one thing you'd like to see added or improved on SuperSummary?,[skipped by user],,,,,,,,,,,,,,,,,,,,,,,book_club_member,book_club_member,,u_ff65cf68e7b715e3,[name],null,false,true,,[name],horse,,annual_plus,annual,,Active Subscriber,true,Active Subscriber,2026-04-15T11:22:50.000-07:00,4,
349231,NPS Mobile App / BCM,f0e00f85-4d98-4c26-8c04-48376812e395,file:///var/containers/Bundle/Application/02D6A44A-AD3A-4F5C-A21E-D2C01066EC5C/Runner.app/Frameworks/UserLeapKit.framework/sprig_web_assets.bundle/snippet.html,08/05/2026 15:11:46,,617315,,iOS,WebKit,"Mozilla/5.0 (Macintosh; Intel Mac OS X 10_15_7) AppleWebKit/605.1.15 (KHTML, like Gecko)",{},[App] Guide Viewed,2c625546-437b-4090-9a73-ba553fc8224e,{},How likely are you to recommend SuperSummary to a friend or colleague?,9,promoter,,,,,,,,,,,,,,,,,,,,,,,,,,,,,,,,,,,,,,,,,,,,,,,,,book_club_member,book_club_member,,u_d2da123a8669b19c,[name],null,false,true,,[name],theo-of-golden,,annual,annual,,Active Subscriber,true,Active Subscriber,2024-07-28T13:10:04.000-07:00,24,
349231,NPS Mobile App / BCM,8b8e7278-ee22-479f-83f8-539523d2343d,file:///var/containers/Bundle/Application/35C49204-5591-412B-B029-1FC9E15060C9/Runner.app/Frameworks/UserLeapKit.framework/sprig_web_assets.bundle/snippet.html,08/04/2026 10:59:30,,443849,,iOS,WebKit,"Mozilla/5.0 (iPhone; CPU iPhone OS 18_7 like Mac OS X) AppleWebKit/605.1.15 (KHTML, like Gecko) Mobile/15E148",{},[App] Guide Viewed,b7b74f3b-6f69-4c34-95d5-f4f62d6dd8e7,{},How likely are you to recommend SuperSummary to a friend or colleague?,10,promoter,What's the main reason for your score?,[skipped by user],,,,,,,,,,,,,,,,,,,,,,,,,,,,,,,,,,,,,,,,,,,,,,,book_club_member,book_club_member,,u_56fedc0b1b8c0195,[name],null,false,true,,[name],everyone-is-lying-to-you,,annual_subscription_36-USD,annual,,Active Subscriber,true,Active Subscriber,2025-11-30T05:19:52.000-08:00,33,0
349231,NPS Mobile App / BCM,81aacb7e-f2da-40c8-87c5-92565e79cea9,file:///var/containers/Bundle/Application/796017CC-E866-4F6F-AE7D-0E711646A18D/Runner.app/Frameworks/UserLeapKit.framework/sprig_web_assets.bundle/snippet.html,08/03/2026 23:05:02,,1020374,,iOS,WebKit,"Mozilla/5.0 (iPhone; CPU iPhone OS 18_7 like Mac OS X) AppleWebKit/605.1.15 (KHTML, like Gecko) Mobile/15E148",{},[App] Guide Viewed,ee5fe50f-5d0a-46c0-9b39-c95d63e633dc,{},How likely are you to recommend SuperSummary to a friend or colleague?,10,promoter,,,,,,,,,,,,,,,,,,,,,,,,,,,,,,,,,,,,,,,,,,,,,,,,1.21.1,book_club_member,book_club_member,,u_6dfcdedc30c2afbd,[name],null,false,true,,[name],the-invisible-life-of-addie-la-rue,26.5.2,annual,annual,4.27.0,Active Subscriber,true,Active Subscriber,2025-02-23T13:40:30.000-08:00,16,
349231,NPS Mobile App / BCM,1f5778c8-3aab-4b05-b9f5-4a754f729052,file:///android_asset/snippet.html,08/03/2026 19:17:25,08/03/2026 19:18:12,1315580,,Android,Chrome WebView,"Mozilla/5.0 (Linux; Android 16; SM-X210 Build/BP2A.250605.031.A3; wv) AppleWebKit/537.36 (KHTML, like Gecko) Version/4.0 Chrome/150.0.7871.181 Safari/537.36",{},[App] Guide Viewed,7e180a88-d01d-4595-bfe7-2580dc83d011,{},,10,promoter,,Excellent summary,Comprehensive Summaries,,,,1,,,,,,,,,,,,,,,,,,,Nothing,,,,,,,,,,,,,,,No,No Unfound Books,,,1,,,1.21.1,book_club_member,book_club_member,,u_9b53868ea195a227,[name],null,false,true,,[name],the-collected-stories-of-lydia-davis,16,annual_essentials,annual,2.17.8,Active Subscriber,true,Active Subscriber,2026-04-26T14:27:27.000-07:00,3,
349231,NPS Mobile App / BCM,9605bc87-2f19-4956-aed2-0c2e97d8dfc5,file:///var/containers/Bundle/Application/B9F7CC70-2F91-423A-B290-B1EF8DFF6A18/Runner.app/Frameworks/UserLeapKit.framework/sprig_web_assets.bundle/snippet.html,08/03/2026 17:55:00,,1562808,,iOS,WebKit,"Mozilla/5.0 (iPhone; CPU iPhone OS 18_7 like Mac OS X) AppleWebKit/605.1.15 (KHTML, like Gecko) Mobile/15E148",{},[App] Guide Viewed,6e9afd1b-1a98-41f0-b378-43929d3efc44,{},How likely are you to recommend SuperSummary to a friend or colleague?,5,detractor,,,,,,,,,,,,,,,,,,,,,,,,,,,,,,,,,,,,,,,,,,,,,,,,1.21.1,book_club_member,book_club_member,,u_d8897f27bfa7d7ab,[name],null,false,true,,[name],culpability,26.5.2,annual_plus_apple-USD,annual,4.27.0,Active Subscriber,true,Active Subscriber,2026-06-02T11:55:06.000-07:00,2,
349231,NPS Mobile App / BCM,7fee1ec4-9ef5-4ffd-9786-10fcba20cc01,file:///var/containers/Bundle/Application/DAF27923-A664-4CF5-BDAD-2B043E5449B9/Runner.app/Frameworks/UserLeapKit.framework/sprig_web_assets.bundle/snippet.html,08/03/2026 01:50:28,,347144,,iOS,WebKit,"Mozilla/5.0 (iPhone; CPU iPhone OS 18_7 like Mac OS X) AppleWebKit/605.1.15 (KHTML, like Gecko) Mobile/15E148",{},[App] Guide Viewed,5560af12-f4de-491d-bf83-6059871de2f8,{},How likely are you to recommend SuperSummary to a friend or colleague?,9,promoter,,,,,,,,,,,,,,,,,,,,,,,,,,,,,,,,,,,,,,,,,,,,,,,,,book_club_member,book_club_member,,u_b9aa02869bc9e991,[name],null,false,true,2023-04-14T13:21:22.010-07:00,[name],,,,annual,,Active Subscriber,true,Active Subscriber,2023-04-11T19:26:44.000-07:00,26,2
349231,NPS Mobile App / BCM,3fd04d45-65b1-4369-be0b-a8c1161a70f9,file:///var/containers/Bundle/Application/A778813D-C113-4160-8544-FCE74DF50ECA/Runner.app/Frameworks/UserLeapKit.framework/sprig_web_assets.bundle/snippet.html,08/02/2026 21:04:34,,653917,,iOS,WebKit,"Mozilla/5.0 (iPhone; CPU iPhone OS 18_7 like Mac OS X) AppleWebKit/605.1.15 (KHTML, like Gecko) Mobile/15E148",{},[App] Guide Viewed,5104ccc4-201e-4de4-9500-e9e3c1043d99,{},How likely are you to recommend SuperSummary to a friend or colleague?,9,promoter,What's the main reason for your score?,Good summaries,Comprehensive Summaries,,,,1,,,,,,,,,,,,,,,,,,,,,,,,,,,,,,,,,,,,,,,,,,book_club_member,book_club_member,,u_4b3132088aeb24d7,[name],null,false,true,,[name],the-boxcar-librarian,,annual,annual,,Active Subscriber,true,Active Subscriber,2024-09-08T10:35:55.000-07:00,21,
349231,NPS Mobile App / BCM,0e57b361-1b5c-4562-952b-ca7c0abccbac,file:///var/containers/Bundle/Application/8D04E7B5-5DC3-4539-9D84-699FC01D73B7/Runner.app/Frameworks/UserLeapKit.framework/sprig_web_assets.bundle/snippet.html,08/02/2026 13:32:20,08/02/2026 13:32:27,1459045,,iOS,WebKit,"Mozilla/5.0 (iPhone; CPU iPhone OS 18_7 like Mac OS X) AppleWebKit/605.1.15 (KHTML, like Gecko) Mobile/15E148",{},[App] Guide Viewed,1984f98e-c5aa-4353-a379-20d682dd9624,{},How likely are you to recommend SuperSummary to a friend or colleague?,10,promoter,What's the main reason for your score?,[skipped by user],,,,,,,,,,,,,,,,,,,,,,,What's one thing you'd like to see added or improved on SuperSummary?,[skipped by user],,,,,,,,,,,,,,,,,,,,,,,book_club_member,book_club_member,,u_30adb80ae47c8e9d,[name],null,false,true,,[name],thomas-jefferson-the-art-of-power,,annual_plus,annual,,Active Subscriber,true,Active Subscriber,2026-01-04T06:35:19.000-08:00,2,
349231,NPS Mobile App / BCM,afeaa5a4-c52c-42fe-a7f5-e10304052f14,file:///var/containers/Bundle/Application/8EC2822A-1234-47FA-88A9-1C93BB13B7F1/Runner.app/Frameworks/UserLeapKit.framework/sprig_web_assets.bundle/snippet.html,08/01/2026 23:49:47,,279466,,iOS,WebKit,"Mozilla/5.0 (Macintosh; Intel Mac OS X 10_15_7) AppleWebKit/605.1.15 (KHTML, like Gecko)",{},[App] Guide Viewed,e6c1f813-8c87-40f1-acdb-3bdb87cde4da,{},How likely are you to recommend SuperSummary to a friend or colleague?,10,promoter,,,,,,,,,,,,,,,,,,,,,,,,,,,,,,,,,,,,,,,,,,,,,,,,,book_club_member,book_club_member,,u_cf146c228e3aff78,[name],null,false,true,2023-02-07T17:02:29.061-08:00,[name],lessons,,,annual,,Active Subscriber,true,Active Subscriber,2022-11-19T08:06:00.000-08:00,30,2
349231,NPS Mobile App / BCM,d3970e16-1887-408f-9ea8-e4e9213a89e8,file:///var/containers/Bundle/Application/8B80A8E0-8608-4FCB-B6A0-E2DABD1C58AD/Runner.app/Frameworks/UserLeapKit.framework/sprig_web_assets.bundle/snippet.html,08/01/2026 23:12:20,08/01/2026 23:12:27,1584584,,iOS,WebKit,"Mozilla/5.0 (iPhone; CPU iPhone OS 18_7 like Mac OS X) AppleWebKit/605.1.15 (KHTML, like Gecko) Mobile/15E148",{},[App] Guide Viewed,1bb048c4-1c20-4044-adf3-2eadd8a1ef04,{},How likely are you to recommend SuperSummary to a friend or colleague?,8,passive,What's the main reason for your score?,[skipped by user],,,,,,,,,,,,,,,,,,,,,,,What's one thing you'd like to see added or improved on SuperSummary?,[skipped by user],,,,,,,,,,,,,,,,,,,,,,,book_club_member,book_club_member,,u_d8da77475948be3e,[name],null,false,true,,[name],1984,,annual_plus,annual,,Active Subscriber,true,Active Subscriber,2026-04-02T14:05:02.000-07:00,5,
349231,NPS Mobile App / BCM,e3a2ebcc-e50d-4e1a-b963-f1ad3afc0d54,file:///var/containers/Bundle/Application/C2CB8AA8-3E96-4F30-ABAE-4449502611A7/Runner.app/Frameworks/UserLeapKit.framework/sprig_web_assets.bundle/snippet.html,08/01/2026 12:27:40,08/01/2026 12:28:45,306620,,iOS,WebKit,"Mozilla/5.0 (iPhone; CPU iPhone OS 18_7 like Mac OS X) AppleWebKit/605.1.15 (KHTML, like Gecko) Mobile/15E148",{},[App] Guide Viewed,fe35d43b-eb52-4c02-8498-d4811137f8c4,{},How likely are you to recommend SuperSummary to a friend or colleague?,10,promoter,What's the main reason for your score?,It’s helpful before or after reading a book or if you’re preparing a discussion for a book club just has so many ways to help,Book Club Support,1,,,,,,,,,,,,,,,,,,,,,What's one thing you'd like to see added or improved on SuperSummary?,More ways to lead a discussion,Book Club Features,,,1,,,,,,,,,,,,,,,,,,1.21.1,book_club_member,book_club_member,,u_8e2ba5c8bffe027b,[name],null,false,true,2023-03-17T13:55:31.005-07:00,[name],kin-tayari-jones,26.5.2,monthly,monthly,4.27.0,Active Subscriber,true,Active Subscriber,2023-01-27T07:58:26.000-08:00,43,2
349231,NPS Mobile App / BCM,44c5c9b9-2a57-41c8-b5e0-3ae0fd04fc78,file:///var/containers/Bundle/Application/C3D05C98-845F-4621-A465-A51F16F73E95/Runner.app/Frameworks/UserLeapKit.framework/sprig_web_assets.bundle/snippet.html,08/01/2026 11:08:47,08/01/2026 11:09:10,309114,,iOS,WebKit,"Mozilla/5.0 (iPhone; CPU iPhone OS 18_7 like Mac OS X) AppleWebKit/605.1.15 (KHTML, like Gecko) Mobile/15E148",{},[App] Guide Viewed,d6b7974a-dc9a-4daa-bd1d-db2df6ea1ec9,{},How likely are you to recommend SuperSummary to a friend or colleague?,10,promoter,What's the main reason for your score?,Like it,Valuable Resource,,,,,,,,,,,,,,,,,,,,1,,What's one thing you'd like to see added or improved on SuperSummary?,Nothing,,,,,,,,,,,,,,,,,,,,,,1.21.1,book_club_member,book_club_member,,u_f5f3db0982b13573,[name],null,false,true,,[name],long-island,26.3.1,,annual,4.27.0,Active Subscriber,true,Active Subscriber,2023-02-01T20:30:49.000-08:00,19,0
