surveyId,surveyName,visitorId,href,createdAt,completedAt,userId,partnerAnonymousId,os,browser,userAgent,customMetadata,triggeringEvent,responseGroupUid,eventProperties,Q1_Question_Text,Q1_Response,Q1_Response_NPSCategory,Q2_Question_Text,Q2_Response,Q2_Theme,Q2_Theme_1,Q2_Theme_2,Q2_Theme_3,Q2_Theme_4,Q2_Theme_5,Q2_Theme_6,Q2_Theme_7,Q2_Theme_8,Q2_Theme_9,Q2_Theme_10,Q2_Theme_11,Q2_Theme_12,Q2_Theme_13,Q2_Theme_14,Q2_Theme_15,Q2_Theme_16,Q2_Theme_17,Q2_Theme_18,Q2_Theme_19,Q2_Theme_20,Q2_Theme_21,Q3_Question_Text,Q3_Response,Q3_Theme,Q3_Theme_1,Q3_Theme_2,Q3_Theme_3,Q3_Theme_4,Q3_Theme_5,Q3_Theme_6,Q3_Theme_7,Q3_Theme_8,Q3_Theme_9,Q3_Theme_10,Q3_Theme_11,Q3_Theme_12,Q4_Question_Text,Q4_Response,Q4_Theme,Q4_Theme_1,Q4_Theme_2,Q4_Theme_3,Q4_Theme_4,Attribute_1,Attribute_2,Attribute_3,Attribute_4,Attribute_5,Attribute_6,Attribute_7,Attribute_8,Attribute_9,Attribute_10,Attribute_11,Attribute_12,Attribute_13,Attribute_14,Attribute_15,Attribute_16,Attribute_17,Attribute_18,Attribute_19,Attribute_20,Attribute_21,Attribute_22
Survey ID,Survey Name,Visitor ID,URL,Created At,Completed At,User ID,Partner Anonymous ID,OS,Browser,User Agent,Custom Metadata,Triggering Event,Response Group ID,Event Properties,How likely are you to recommend SuperSummary to a friend or colleague?*,How likely are you to recommend SuperSummary to a friend or colleague?*,NPS Category,What's the main reason for your score?,What's the main reason for your score?,Q2 Theme,Book Club Support,Character and Theme Analysis,Comprehensive Coverage,Comprehensive Summaries,Content Depth,Convenience,Detailed Analysis,Discussion Questions,Ease of Use,Enhances Reading Experience,Frequent Use,Helpful for Book Discussions,Informative Layout,Insightful Content,Memory Aid,Resource for Difficult Reads,Study Guides,Time-Saving,User Recommendations,Valuable Resource,Wide Selection,What's one thing you'd like to see added or improved on SuperSummary?,What's one thing you'd like to see added or improved on SuperSummary?,Q3 Theme,AI Features,Audio Versions,Book Club Features,Book Recommendations,Bug Fixes,Character Lists,Ease of Use,Historical Timelines,Improved Criticism,More Books,Nonfiction Summaries,Printable Content,Is there a book you've searched for on SuperSummary but couldn't find?,Is there a book you've searched for on SuperSummary but couldn't find?,Q4 Theme,Diverse Book Interests,Memory Recall Issues,Positive Availability,Unmet Book Requests,appVersion,audience,audienceCategory,deviceType,email,firstName,gradeLevel,isStaff,isSubscribed,lastDownloadDate,lastName,last_visited_guide,osVersion,planId,planType,sdkVersion,status,subscribed,subscriberStatus,subscriptionDate,tenure,totalGuideDownloads
349231,NPS Mobile App / BCM,d32e41f7-6d4d-4605-a4af-ac49dbb95216,file:///android_asset/snippet.html,07/31/2026 10:39:06,,575699,,Android,Chrome WebView,"Mozilla/5.0 (Linux; Android 16; Pixel 9 Build/CP1A.260505.005; wv) AppleWebKit/537.36 (KHTML, like Gecko) Version/4.0 Chrome/150.0.7871.124 Mobile Safari/537.36",{},[App] Guide Viewed,41aa3a47-81ce-4e9b-8fc1-d6fa93927322,{},,7,passive,,,,,,,,,,,,,,,,,,,,,,,,,,,,,,,,,,,,,,,,,,,,,,,1.21.1,book_club_member,book_club_member,,u_69a0ba772b7f6a0c,[name],null,false,true,,[name],a-gathering-of-shadows,16,annual,annual,2.17.8,Active Subscriber,true,Active Subscriber,2024-05-17T11:26:31.000-07:00,26,0
349231,NPS Mobile App / BCM,fd9e34c9-da65-4012-b6dd-4c28e8ec92a6,file:///var/containers/Bundle/Application/13FA1F8E-F276-4402-A434-D87C53F74B07/Runner.app/Frameworks/UserLeapKit.framework/sprig_web_assets.bundle/snippet.html,07/31/2026 08:08:15,,174668,,iOS,WebKit,"Mozilla/5.0 (iPhone; CPU iPhone OS 18_7 like Mac OS X) AppleWebKit/605.1.15 (KHTML, like Gecko) Mobile/15E148",{},[App] Guide Viewed,5711ec7b-98f9-4e18-81a7-303474bc797a,{},How likely are you to recommend SuperSummary to a friend or colleague?,10,promoter,,,,,,,,,,,,,,,,,,,,,,,,,,,,,,,,,,,,,,,,,,,,,,,,book_club_member,book_club_member,,u_0b9b9949b63e8d6c,[name],null,false,true,,[name],atmosphere,,,annual,,Active Subscriber,true,Active Subscriber,2025-05-02T00:14:02.000-07:00,34,
349231,NPS Mobile App / BCM,157a1ee4-cd31-4849-a00e-2c19cee290fd,file:///var/containers/Bundle/Application/291B761F-20E2-4A71-9F8B-7C2C68BDE14A/Runner.app/Frameworks/UserLeapKit.framework/sprig_web_assets.bundle/snippet.html,07/31/2026 01:19:31,07/31/2026 01:19:36,1566179,,iOS,WebKit,"Mozilla/5.0 (iPhone; CPU iPhone OS 18_7 like Mac OS X) AppleWebKit/605.1.15 (KHTML, like Gecko) Mobile/15E148",{},[App] Guide Viewed,39fe0930-2d12-452f-b33d-7951a9b8d7c3,{},How likely are you to recommend SuperSummary to a friend or colleague?,9,promoter,What's the main reason for your score?,[skipped by user],,,,,,,,,,,,,,,,,,,,,,,What's one thing you'd like to see added or improved on SuperSummary?,[skipped by user],,,,,,,,,,,,,,,,,,,,,1.21.1,book_club_member,book_club_member,,u_61b0d2d36fcf3f05,[name],null,false,true,,[name],the-safekeep,26.5.2,annual_essentials,annual,4.27.0,Active Subscriber,true,Active Subscriber,2026-03-19T18:52:51.000-07:00,3,
349231,NPS Mobile App / BCM,cc8091e1-f1ec-4b40-a32b-19308a898a3e,file:///var/containers/Bundle/Application/315B59EA-84BC-4FBF-924E-8CFB5F1BABBA/Runner.app/Frameworks/UserLeapKit.framework/sprig_web_assets.bundle/snippet.html,07/31/2026 00:14:21,07/31/2026 00:14:29,1590620,,iOS,WebKit,"Mozilla/5.0 (iPhone; CPU iPhone OS 18_7 like Mac OS X) AppleWebKit/605.1.15 (KHTML, like Gecko) Mobile/15E148",{},[App] Guide Viewed,40f59599-1407-47a9-ab6b-a212a3ba7740,{},How likely are you to recommend SuperSummary to a friend or colleague?,9,promoter,What's the main reason for your score?,[skipped by user],,,,,,,,,,,,,,,,,,,,,,,What's one thing you'd like to see added or improved on SuperSummary?,[skipped by user],,,,,,,,,,,,,,,,,,,,,1.21.1,book_club_member,book_club_member,,u_347f93b1b9381332,[name],null,false,true,,[name],the-irish-goodbye,26.5.2,annual_essentials,annual,4.27.0,Active Subscriber,true,Active Subscriber,2026-04-08T07:21:34.000-07:00,3,
349231,NPS Mobile App / BCM,70f5a12d-d185-4628-8610-f32ddb759150,file:///var/containers/Bundle/Application/B9DFC2B2-FD18-4BEA-AB55-6F9E911C4C83/Runner.app/Frameworks/UserLeapKit.framework/sprig_web_assets.bundle/snippet.html,07/30/2026 20:29:25,07/30/2026 20:29:49,1624913,,iOS,WebKit,"Mozilla/5.0 (Macintosh; Intel Mac OS X 10_15_7) AppleWebKit/605.1.15 (KHTML, like Gecko)",{},[App] Guide Viewed,9a8a6ec9-8d25-44c4-bf50-a7551a26ac5c,{},How likely are you to recommend SuperSummary to a friend or colleague?,10,promoter,What's the main reason for your score?,Helpful,Valuable Resource,,,,,,,,,,,,,,,,,,,,1,,What's one thing you'd like to see added or improved on SuperSummary?,I’m good,,,,,,,,,,,,,,,,,,,,,1.21.1,book_club_member,book_club_member,,u_0a0888fb0eb4c1d3,[name],null,false,true,,[name],the-seat-of-the-soul,16.2,annual_essentials_apple-USD,annual,4.27.0,Active Subscriber,true,Non Renewing Subscriber,2026-05-03T05:22:05.000-07:00,2,
349231,NPS Mobile App / BCM,88f0c8c2-8d9e-441f-a782-02ded71086bb,file:///var/containers/Bundle/Application/68F05CD3-032A-460E-8CCE-1B8A5DFDE7A1/Runner.app/Frameworks/UserLeapKit.framework/sprig_web_assets.bundle/snippet.html,07/30/2026 19:48:50,07/30/2026 19:49:52,475385,,iOS,WebKit,"Mozilla/5.0 (iPhone; CPU iPhone OS 18_3_1 like Mac OS X) AppleWebKit/605.1.15 (KHTML, like Gecko) Mobile/15E148",{},[App] Guide Viewed,98730b01-dcb3-4530-8d86-a8e0bd5066ba,{},How likely are you to recommend SuperSummary to a friend or colleague?,10,promoter,What's the main reason for your score?,Book club Cliff Notes when I don’t have the time to finish the book.,Convenience,,,,,,1,,,,,,,,,,,,,,,,What's one thing you'd like to see added or improved on SuperSummary?,[skipped by user],,,,,,,,,,,,,,,,,,,,,1.21.1,book_club_member,book_club_member,,u_9b62ce5f4b3560d3,[name],null,false,true,2024-01-28T14:16:51.069-08:00,[name],theo-of-golden,18.3.1,annual,annual,4.27.0,Active Subscriber,true,Active Subscriber,2024-01-05T13:17:07.000-08:00,31,2
349231,NPS Mobile App / BCM,d8ad7c7e-5023-432d-9662-004c75efe862,file:///var/containers/Bundle/Application/4A94774F-8B16-447C-BD85-3E38CC8413C3/Runner.app/Frameworks/UserLeapKit.framework/sprig_web_assets.bundle/snippet.html,07/30/2026 18:07:43,07/30/2026 18:07:46,589217,,iOS,WebKit,"Mozilla/5.0 (iPhone; CPU iPhone OS 18_7 like Mac OS X) AppleWebKit/605.1.15 (KHTML, like Gecko) Mobile/15E148",{},[App] Guide Viewed,31d0e87e-2495-48a7-9e73-75d563817931,{},How likely are you to recommend SuperSummary to a friend or colleague?,10,promoter,What's the main reason for your score?,[skipped by user],,,,,,,,,,,,,,,,,,,,,,,What's one thing you'd like to see added or improved on SuperSummary?,[skipped by user],,,,,,,,,,,,,,,,,,,,,,book_club_member,book_club_member,,u_88466d24e0417a0e,[name],null,false,true,,[name],the-book-of-lost-names,,annual_subscription_36-USD,annual,,Active Subscriber,true,Active Subscriber,2024-12-30T15:46:33.000-08:00,15,
349231,NPS Mobile App / BCM,ea1ae62f-ed0f-4f37-a03e-a4a3432142e3,file:///var/containers/Bundle/Application/2AD98599-C0E9-4D83-856F-3923AD6DDEC7/Runner.app/Frameworks/UserLeapKit.framework/sprig_web_assets.bundle/snippet.html,07/30/2026 17:03:22,,392467,,iOS,WebKit,"Mozilla/5.0 (iPhone; CPU iPhone OS 18_7 like Mac OS X) AppleWebKit/605.1.15 (KHTML, like Gecko) Mobile/15E148",{},[App] Guide Viewed,ab4b6a38-d32c-4f6e-84ce-6ab4812b86cd,{},How likely are you to recommend SuperSummary to a friend or colleague?,10,promoter,,,,,,,,,,,,,,,,,,,,,,,,,,,,,,,,,,,,,,,,,,,,,,,1.21.1,book_club_member,book_club_member,,u_f7781bf03d9e43e0,[name],null,false,true,2023-11-21T01:39:13.140-08:00,[name],the-murder-of-roger-ackroyd,26.5.2,annual,annual,4.27.0,Active Subscriber,true,Active Subscriber,2023-07-30T09:49:30.000-07:00,35,3
349231,NPS Mobile App / BCM,62ff2145-29e1-4424-904f-b43bc8172986,file:///var/containers/Bundle/Application/B7896612-84E6-45EE-888D-FCBCA10BBCB3/Runner.app/Frameworks/UserLeapKit.framework/sprig_web_assets.bundle/snippet.html,07/30/2026 02:53:08,,560507,,iOS,WebKit,"Mozilla/5.0 (iPhone; CPU iPhone OS 18_7 like Mac OS X) AppleWebKit/605.1.15 (KHTML, like Gecko) Mobile/15E148",{},[App] Guide Viewed,c478c66b-9de0-496c-939a-52e98e0ac40c,{},How likely are you to recommend SuperSummary to a friend or colleague?,10,promoter,,,,,,,,,,,,,,,,,,,,,,,,,,,,,,,,,,,,,,,,,,,,,,,1.21.1,book_club_member,book_club_member,,u_d374a1a0cc29c498,[name],null,false,true,,[name],theo-of-golden,26.5.2,annual,annual,4.27.0,Active Subscriber,true,Active Subscriber,2024-05-06T06:19:43.000-07:00,27,0
349231,NPS Mobile App / BCM,b821ba70-39f3-4a49-835e-160aabef59c8,file:///var/containers/Bundle/Application/8EC5D513-E786-4916-A8CB-7C16C5B2D35F/Runner.app/Frameworks/UserLeapKit.framework/sprig_web_assets.bundle/snippet.html,07/30/2026 01:13:38,07/30/2026 01:14:06,1486736,,iOS,WebKit,"Mozilla/5.0 (iPad; CPU OS 18_7 like Mac OS X) AppleWebKit/605.1.15 (KHTML, like Gecko) Mobile/15E148",{},[App] Guide Viewed,d224a2c5-63b3-4359-96e6-a11df7e0ed76,{},How likely are you to recommend SuperSummary to a friend or colleague?,10,promoter,What's the main reason for your score?,Valuable resource for book club discussions,Book Club Support,1,,,,,,,,,,,,,,,,,,,,,What's one thing you'd like to see added or improved on SuperSummary?,Nothing,,,,,,,,,,,,,,,,,,,,,1.21.1,book_club_member,book_club_member,,u_f06c4da864b9d2df,[name],null,false,true,,[name],the-river-we-remember,26.3,annual_essentials,annual,4.27.0,Active Subscriber,true,Active Subscriber,2026-01-25T06:39:59.000-08:00,6,
349231,NPS Mobile App / BCM,bdecfa58-fbc7-4cfc-8803-7a87b96dafab,file:///android_asset/snippet.html,07/29/2026 17:39:00,,1533722,,Android,Chrome WebView,"Mozilla/5.0 (Linux; Android 17; Pixel 9 Pro XL Build/CP2A.260705.006; wv) AppleWebKit/537.36 (KHTML, like Gecko) Version/4.0 Chrome/150.0.7871.181 Mobile Safari/537.36",{},[App] Guide Viewed,5d4b99cc-36ca-49ec-8328-0e1250f71f25,{},,9,promoter,,,,,,,,,,,,,,,,,,,,,,,,,,,,,,,,,,,,,,,,,,,,,,,1.21.1,book_club_member,book_club_member,,u_7e33ed5b3eb9af80,[name],null,false,true,,[name],my-name-is-emilia-del-valle,17,annual_essentials,annual,2.17.8,Active Subscriber,true,Active Subscriber,2026-02-25T14:14:58.000-08:00,2,
349231,NPS Mobile App / BCM,eb96b58b-bef9-4fee-a8a5-51b5144eef41,file:///var/containers/Bundle/Application/D666087B-C04E-4376-94B7-65B38AC5B383/Runner.app/Frameworks/UserLeapKit.framework/sprig_web_assets.bundle/snippet.html,07/29/2026 15:53:41,07/29/2026 15:54:17,1683380,,iOS,WebKit,"Mozilla/5.0 (iPhone; CPU iPhone OS 18_7 like Mac OS X) AppleWebKit/605.1.15 (KHTML, like Gecko) Mobile/15E148",{},[App] Guide Viewed,f2e91687-04ed-41a6-a6ef-77074015eadb,{},How likely are you to recommend SuperSummary to a friend or colleague?,10,promoter,What's the main reason for your score?,"Love the summaries, discussion questions and extras",Discussion Questions,,,,,,,,1,,,,,,,,,,,,,,What's one thing you'd like to see added or improved on SuperSummary?,[skipped by user],,,,,,,,,,,,,,,,,,,,,,book_club_member,book_club_member,,u_162a6cd295323f8a,[name],null,false,true,,[name],,,annual_plus,annual,,,true,Active Subscriber,2026-06-24T13:10:40.000-07:00,2,
349231,NPS Mobile App / BCM,961dd5e5-f1a3-49fc-ae92-041d126d80ae,file:///var/containers/Bundle/Application/2E7B5933-C979-48DD-9DBF-DA25549BB379/Runner.app/Frameworks/UserLeapKit.framework/sprig_web_assets.bundle/snippet.html,07/29/2026 14:58:57,07/29/2026 14:59:06,386863,,iOS,WebKit,"Mozilla/5.0 (iPhone; CPU iPhone OS 18_7 like Mac OS X) AppleWebKit/605.1.15 (KHTML, like Gecko) Mobile/15E148",{},[App] Guide Viewed,f50c8d5c-ca6f-4c41-80c0-0769c8ccd0ac,{},How likely are you to recommend SuperSummary to a friend or colleague?,10,promoter,What's the main reason for your score?,[skipped by user],,,,,,,,,,,,,,,,,,,,,,,What's one thing you'd like to see added or improved on SuperSummary?,[skipped by user],,,,,,,,,,,,,,,,,,,,,,book_club_member,book_club_member,,u_9621824a8845b829,[name],null,false,true,,[name],how-to-be-both,,annual,annual,,Active Subscriber,true,Active Subscriber,2023-07-07T16:10:12.000-07:00,38,0
349231,NPS Mobile App / BCM,9a084067-e4d1-4bbf-9a84-d66546aaa10d,file:///var/containers/Bundle/Application/7EFF7908-8AD8-49BA-AA00-C89FC41CA5E2/Runner.app/Frameworks/UserLeapKit.framework/sprig_web_assets.bundle/snippet.html,07/29/2026 12:03:20,,365002,,iOS,WebKit,"Mozilla/5.0 (iPhone; CPU iPhone OS 18_7 like Mac OS X) AppleWebKit/605.1.15 (KHTML, like Gecko) Mobile/15E148",{},[App] Guide Viewed,39b7509f-4c2b-4641-a210-2c4db43b2808,{},How likely are you to recommend SuperSummary to a friend or colleague?,7,passive,,,,,,,,,,,,,,,,,,,,,,,,,,,,,,,,,,,,,,,,,,,,,,,1.21.1,book_club_member,book_club_member,,u_e1071a7ac736bfe1,[name],null,false,true,2023-11-07T17:22:10.151-08:00,[name],the-correspondent,26.5.2,annual,annual,4.27.0,Active Subscriber,true,Active Subscriber,2023-05-08T17:46:52.000-07:00,38,2
349231,NPS Mobile App / BCM,fd3c7416-a2a2-4ce7-85c8-2c776a3963d5,file:///var/containers/Bundle/Application/1BE89FA3-2011-4D52-8E3B-9633A9B977D7/Runner.app/Frameworks/UserLeapKit.framework/sprig_web_assets.bundle/snippet.html,07/29/2026 11:31:20,07/29/2026 11:31:57,230294,,iOS,WebKit,"Mozilla/5.0 (iPhone; CPU iPhone OS 18_7 like Mac OS X) AppleWebKit/605.1.15 (KHTML, like Gecko) Mobile/15E148",{},[App] Guide Viewed,3ffee008-3b5f-43e3-9088-01f1e6ae909c,{},How likely are you to recommend SuperSummary to a friend or colleague?,10,promoter,What's the main reason for your score?,Accuracy …. love audio option too!,Detailed Analysis,,,,,,,1,,,,,,,,,,,,,,,What's one thing you'd like to see added or improved on SuperSummary?,[skipped by user],,,,,,,,,,,,,,,,,,,,,1.21.1,book_club_member,book_club_member,,u_4316e1c6c8fcf8fd,[name],null,false,true,2022-10-14T13:11:42.016-07:00,[name],black-woods-blue-sky,26.5.2,annual,annual,4.27.0,Active Subscriber,true,Active Subscriber,2025-02-25T12:40:58.000-08:00,29,10
349231,NPS Mobile App / BCM,a16817bd-2c4f-4bd3-b93d-60987e29e806,file:///android_asset/snippet.html,07/29/2026 02:26:00,,1635307,,Android,Chrome WebView,"Mozilla/5.0 (Linux; Android 13; SM-G781V Build/TP1A.220624.014; wv) AppleWebKit/537.36 (KHTML, like Gecko) Version/4.0 Chrome/150.0.7871.124 Mobile Safari/537.36",{},[App] Guide Viewed,7d8d80ef-0460-41d4-86d5-7809c54d4035,{},,5,detractor,,Cost,,,,,,,,,,,,,,,,,,,,,,,,Better price,,,,,,,,,,,,,,,,,,,,,1.21.1,book_club_member,book_club_member,,u_b3bbd99694d8575f,[name],null,false,true,,[name],abigail-adams,13,annual_essentials,annual,2.17.8,Active Subscriber,true,Active Subscriber,2026-05-10T21:05:16.000-07:00,2,
349231,NPS Mobile App / BCM,49212886-ded0-4c5f-a099-9e889a17ddc6,file:///var/containers/Bundle/Application/511D8DB3-6E44-4261-B481-B7206B95DB0B/Runner.app/Frameworks/UserLeapKit.framework/sprig_web_assets.bundle/snippet.html,07/28/2026 23:54:14,,1258620,,iOS,WebKit,"Mozilla/5.0 (iPhone; CPU iPhone OS 18_7 like Mac OS X) AppleWebKit/605.1.15 (KHTML, like Gecko) Mobile/15E148",{},[App] Guide Viewed,67d0d8e8-b6e1-41b2-b6d3-fb8691ba193d,{},How likely are you to recommend SuperSummary to a friend or colleague?,9,promoter,,,,,,,,,,,,,,,,,,,,,,,,,,,,,,,,,,,,,,,,,,,,,,,,book_club_member,book_club_member,,u_057d35a3d768fdc7,[name],null,false,true,,[name],the-little-friend,,annual,annual,,Active Subscriber,true,Active Subscriber,2025-07-12T21:18:07.000-07:00,12,
349231,NPS Mobile App / BCM,2da39b4c-9f13-42a8-87f0-e8c6fcad8035,file:///var/containers/Bundle/Application/33A492BB-42AB-4327-8D62-8D2742A79909/Runner.app/Frameworks/UserLeapKit.framework/sprig_web_assets.bundle/snippet.html,07/28/2026 12:40:12,,1058862,,iOS,WebKit,"Mozilla/5.0 (iPhone; CPU iPhone OS 18_7 like Mac OS X) AppleWebKit/605.1.15 (KHTML, like Gecko) Mobile/15E148",{},[App] Guide Viewed,605440d2-e9ca-4710-afea-4d9128650b5c,{},How likely are you to recommend SuperSummary to a friend or colleague?,10,promoter,,,,,,,,,,,,,,,,,,,,,,,,,,,,,,,,,,,,,,,,,,,,,,,1.21.1,book_club_member,book_club_member,,u_3fb803246577e228,[name],null,false,true,,[name],the-vanishing-half,26.5.2,annual,annual,4.27.0,Active Subscriber,true,Active Subscriber,2025-03-11T08:14:25.000-07:00,13,
349231,NPS Mobile App / BCM,62ce4d5d-e4e6-4089-8649-514efae0da60,file:///var/containers/Bundle/Application/755E9788-0E43-40B2-B6F6-364AE89884CE/Runner.app/Frameworks/UserLeapKit.framework/sprig_web_assets.bundle/snippet.html,07/28/2026 08:47:32,,631285,,iOS,WebKit,"Mozilla/5.0 (Macintosh; Intel Mac OS X 10_15_7) AppleWebKit/605.1.15 (KHTML, like Gecko)",{},[App] Guide Viewed,82df4a68-e5d8-46aa-8e3f-9277b22fca9e,{},How likely are you to recommend SuperSummary to a friend or colleague?,10,promoter,What's the main reason for your score?,[skipped by user],,,,,,,,,,,,,,,,,,,,,,,,,,,,,,,,,,,,,,,,,,,,,1.21.1,book_club_member,book_club_member,,u_474a74b24f5e8584,[name],null,false,true,,[name],,26.5.2,,annual,4.27.0,Active Subscriber,true,Active Subscriber,2024-08-17T15:52:13.000-07:00,13,
349231,NPS Mobile App / BCM,656fe351-e1ea-40a5-a5cb-40aba7f1ef8a,file:///var/containers/Bundle/Application/63AE1CBE-A2A8-4485-A567-CD1DC7BFA726/Runner.app/Frameworks/UserLeapKit.framework/sprig_web_assets.bundle/snippet.html,07/28/2026 04:39:09,07/28/2026 04:40:18,325677,,iOS,WebKit,"Mozilla/5.0 (Macintosh; Intel Mac OS X 10_15_7) AppleWebKit/605.1.15 (KHTML, like Gecko)",{},[App] Guide Viewed,682a2bfb-9baa-445a-946b-c71a6be731be,{},How likely are you to recommend SuperSummary to a friend or colleague?,10,promoter,What's the main reason for your score?,It’s so helpful to understand some books and to remember characters and get the subtle nuances es of a book if you miss them,Character and Theme Analysis,,1,,,,,,,,,,,,,,,,,,,,What's one thing you'd like to see added or improved on SuperSummary?,Nothing,,,,,,,,,,,,,,,,,,,,,1.21.1,book_club_member,book_club_member,,u_a9ccef4ac7d2dab2,[name],null,false,true,2023-03-06T15:46:51.483-08:00,[name],orbital,26.5.2,annual,annual,4.27.0,Active Subscriber,true,Active Subscriber,2023-03-06T15:41:59.000-08:00,38,2
349231,NPS Mobile App / BCM,268d8503-608c-4627-a4ed-32ae8b109e29,file:///var/containers/Bundle/Application/5F885C6F-DB7D-43E6-A39C-8F80B6AB7B88/Runner.app/Frameworks/UserLeapKit.framework/sprig_web_assets.bundle/snippet.html,07/28/2026 00:44:16,,634185,,iOS,WebKit,"Mozilla/5.0 (Macintosh; Intel Mac OS X 10_15_7) AppleWebKit/605.1.15 (KHTML, like Gecko)",{},[App] Guide Viewed,cf6692c9-5452-4611-9abb-3e40e42a90a6,{},How likely are you to recommend SuperSummary to a friend or colleague?,10,promoter,,,,,,,,,,,,,,,,,,,,,,,,,,,,,,,,,,,,,,,,,,,,,,,,book_club_member,book_club_member,,u_3d36a1a888d476d4,[name],null,false,true,,[name],the-frozen-river,,,annual,,Active Subscriber,true,Active Subscriber,2024-08-21T04:39:11.000-07:00,6,
349231,NPS Mobile App / BCM,febcb4cc-2e6b-4e1d-94bb-e7559fc4ed22,file:///var/containers/Bundle/Application/E9B0D8AB-3078-455C-8A8B-57CDF5062CEE/Runner.app/Frameworks/UserLeapKit.framework/sprig_web_assets.bundle/snippet.html,07/27/2026 23:42:30,07/27/2026 23:42:50,592355,,iOS,WebKit,"Mozilla/5.0 (iPhone; CPU iPhone OS 18_7 like Mac OS X) AppleWebKit/605.1.15 (KHTML, like Gecko) Mobile/15E148",{},[App] Guide Viewed,8555c66d-2ade-4bb4-9c2c-649c180e3be6,{},How likely are you to recommend SuperSummary to a friend or colleague?,10,promoter,What's the main reason for your score?,It’s a good summary,Comprehensive Summaries,,,,1,,,,,,,,,,,,,,,,,,What's one thing you'd like to see added or improved on SuperSummary?,[skipped by user],,,,,,,,,,,,,,,,,,,,,,book_club_member,book_club_member,,u_9f1e70323312c0d9,[name],null,false,true,,[name],,,,annual,,Active Subscriber,true,Active Subscriber,2024-06-06T07:19:13.000-07:00,2,
349231,NPS Mobile App / BCM,90cfc825-b471-45de-ac8e-bfbd33ddc20f,file:///var/containers/Bundle/Application/6BE81220-5552-405D-A3C1-F7CB38B83875/Runner.app/Frameworks/UserLeapKit.framework/sprig_web_assets.bundle/snippet.html,07/27/2026 17:27:16,,88502,,iOS,WebKit,"Mozilla/5.0 (iPhone; CPU iPhone OS 18_7 like Mac OS X) AppleWebKit/605.1.15 (KHTML, like Gecko) Mobile/15E148",{},[App] Guide Viewed,c175bca4-ead6-43bd-8d40-ff922bbe8a6e,{},How likely are you to recommend SuperSummary to a friend or colleague?,10,promoter,,,,,,,,,,,,,,,,,,,,,,,,,,,,,,,,,,,,,,,,,,,,,,,1.21.1,other,book_club_member,,u_11af7829608e0481,[name],null,false,true,2024-05-21T11:14:35.395-07:00,[name],miguel-street,26.5.2,annual,annual,4.27.0,Active Subscriber,true,Active Subscriber,2021-08-11T14:59:26.000-07:00,60,4
349231,NPS Mobile App / BCM,3522c491-02b5-4880-9087-045db237f115,file:///var/folders/s8/g_ynpg8n4zb9xf164p_5sy7w0000gn/X/4E1694CB-501E-52C0-9658-0C6E4A5FF6C0/d/Wrapper/Runner.app/Frameworks/UserLeapKit.framework/sprig_web_assets.bundle/snippet.html,07/27/2026 16:39:19,07/27/2026 16:40:18,1354083,,iOS,WebKit,"Mozilla/5.0 (Macintosh; Intel Mac OS X 10_15_7) AppleWebKit/605.1.15 (KHTML, like Gecko)",{},[App] Guide Viewed,8d094862-61e3-4ae2-a39e-a1d428c802d4,{},How likely are you to recommend SuperSummary to a friend or colleague?,9,promoter,What's the main reason for your score?,"really helps when in jam no finishing
love symbols",Convenience,,,,,,1,,,,,,,,,,,,,,,,What's one thing you'd like to see added or improved on SuperSummary?,none can hink of,,,,,,,,,,,,,,,,,,,,,1.20.0,book_club_member,book_club_member,,u_a9773ff210c48dc7,[name],null,false,true,,[name],the-personal-librarian,18.5,annual_plus,annual,4.27.0,Active Subscriber,true,Active Subscriber,2025-10-29T16:54:05.000-07:00,8,
349231,NPS Mobile App / BCM,35ff2161-f73a-44cf-9f4d-e9b3805a2b67,file:///var/containers/Bundle/Application/877BB1FC-2B1A-4057-98A0-11CCC179A12B/Runner.app/Frameworks/UserLeapKit.framework/sprig_web_assets.bundle/snippet.html,07/27/2026 02:07:31,,927578,,iOS,WebKit,"Mozilla/5.0 (iPhone; CPU iPhone OS 18_7 like Mac OS X) AppleWebKit/605.1.15 (KHTML, like Gecko) Mobile/15E148",{},[App] Guide Viewed,ee084d00-3832-4b5f-aa33-b6577d0afc9d,{},How likely are you to recommend SuperSummary to a friend or colleague?,10,promoter,,,,,,,,,,,,,,,,,,,,,,,,,,,,,,,,,,,,,,,,,,,,,,,,book_club_member,book_club_member,,u_94ac99daf1a1b171,[name],null,false,true,,[name],,,,annual,,Active Subscriber,true,Non Renewing Subscriber,2025-10-20T07:14:36.000-07:00,3,
349231,NPS Mobile App / BCM,bd491b17-33b8-4c9c-8ead-1b83cd5e4396,file:///var/containers/Bundle/Application/DFFFC4C0-DD2B-4719-85D3-B2358D76A7FB/Runner.app/Frameworks/UserLeapKit.framework/sprig_web_assets.bundle/snippet.html,07/26/2026 21:48:02,,763309,,iOS,WebKit,"Mozilla/5.0 (iPhone; CPU iPhone OS 18_7 like Mac OS X) AppleWebKit/605.1.15 (KHTML, like Gecko) Mobile/15E148",{},[App] Guide Viewed,fb6a4521-faf5-4183-97ce-16d541f22a5c,{},How likely are you to recommend SuperSummary to a friend or colleague?,8,passive,,,,,,,,,,,,,,,,,,,,,,,,,,,,,,,,,,,,,,,,,,,,,,,1.21.1,book_club_member,book_club_member,,u_a1f1a262d9db2b87,[name],null,false,true,,[name],book-of-ages,26.4.2,annual,annual,4.27.0,Active Subscriber,true,Active Subscriber,2025-08-24T17:15:02.000-07:00,8,
349231,NPS Mobile App / BCM,b82028e9-88b8-43b8-a7ab-c1e8e8a8bd37,file:///var/containers/Bundle/Application/0EBFBB83-8C46-4474-B729-254567749964/Runner.app/Frameworks/UserLeapKit.framework/sprig_web_assets.bundle/snippet.html,07/26/2026 20:05:09,,561298,,iOS,WebKit,"Mozilla/5.0 (iPhone; CPU iPhone OS 18_7 like Mac OS X) AppleWebKit/605.1.15 (KHTML, like Gecko) Mobile/15E148",{},[App] Guide Viewed,fea1983b-99c0-482a-818f-2b3fd589d06e,{},How likely are you to recommend SuperSummary to a friend or colleague?,10,promoter,,,,,,,,,,,,,,,,,,,,,,,,,,,,,,,,,,,,,,,,,,,,,,,1.21.1,book_club_member,book_club_member,,u_4836db5646f4b4aa,[name],null,false,true,,[name],the-hiding-place,26.5.2,annual,annual,4.27.0,Active Subscriber,true,Active Subscriber,2024-05-06T15:28:40.000-07:00,26,
349231,NPS Mobile App / BCM,e9338b80-ae30-4b97-88ca-fa05fe4d2a80,file:///var/containers/Bundle/Application/0E0EAC61-5865-4C1F-B4CC-D867C1F54349/Runner.app/Frameworks/UserLeapKit.framework/sprig_web_assets.bundle/snippet.html,07/26/2026 19:52:58,07/26/2026 19:53:26,303166,,iOS,WebKit,"Mozilla/5.0 (iPhone; CPU iPhone OS 18_7 like Mac OS X) AppleWebKit/605.1.15 (KHTML, like Gecko) Mobile/15E148",{},[App] Guide Viewed,5372eac8-2df7-403c-844d-c798d64e7b42,{},How likely are you to recommend SuperSummary to a friend or colleague?,10,promoter,What's the main reason for your score?,[skipped by user],,,,,,,,,,,,,,,,,,,,,,,What's one thing you'd like to see added or improved on SuperSummary?,[skipped by user],,,,,,,,,,,,,,,,,,,,,,book_club_member,book_club_member,,u_c08cd7480ab51293,[name],null,false,true,2023-02-22T18:24:30.723-08:00,[name],daughters-of-the-sun-and-moon,,annual,annual,,Active Subscriber,true,Active Subscriber,2024-04-25T15:38:21.000-07:00,41,1
349231,NPS Mobile App / BCM,5920267b-8f8c-4f6d-9fbf-6d1564bef615,file:///var/containers/Bundle/Application/C127405A-66B6-48A9-9FE3-9A106B7FB38C/Runner.app/Frameworks/UserLeapKit.framework/sprig_web_assets.bundle/snippet.html,07/26/2026 18:47:21,07/26/2026 18:47:31,1548919,,iOS,WebKit,"Mozilla/5.0 (iPhone; CPU iPhone OS 18_7 like Mac OS X) AppleWebKit/605.1.15 (KHTML, like Gecko) Mobile/15E148",{},[App] Guide Viewed,707f28b1-2599-4158-ab1b-a69cb141d52f,{},How likely are you to recommend SuperSummary to a friend or colleague?,5,detractor,What's the main reason for your score?,Expensive,,,,,,,,,,,,,,,,,,,,,,,What's one thing you'd like to see added or improved on SuperSummary?,[skipped by user],,,,,,,,,,,,,,,,,,,,,,book_club_member,book_club_member,,u_52980d4ca22feb87,[name],null,false,true,,[name],arrow-of-god,,monthly_plus,monthly,,Active Subscriber,true,Active Subscriber,2026-03-07T13:48:28.000-08:00,5,
349231,NPS Mobile App / BCM,199a2adf-d1f5-451b-bcc8-00388196fa37,file:///var/containers/Bundle/Application/3F2E9178-53A7-49FB-960E-EC6AA8224162/Runner.app/Frameworks/UserLeapKit.framework/sprig_web_assets.bundle/snippet.html,07/26/2026 08:46:06,07/26/2026 08:46:19,1411517,,iOS,WebKit,"Mozilla/5.0 (Macintosh; Intel Mac OS X 10_15_7) AppleWebKit/605.1.15 (KHTML, like Gecko)",{},[App] Guide Viewed,3a0c5eba-7054-407a-88d5-4a36cc66296b,{},How likely are you to recommend SuperSummary to a friend or colleague?,8,passive,What's the main reason for your score?,Good content,Insightful Content,,,,,,,,,,,,,,1,,,,,,,,What's one thing you'd like to see added or improved on SuperSummary?,[skipped by user],,,,,,,,,,,,,,,,,,,,,1.21.1,book_club_member,book_club_member,,u_68cea4de437080c9,[name],null,false,true,,[name],stoner,18.6.2,annual_plus,annual,4.27.0,Active Subscriber,true,Active Subscriber,2026-04-19T03:40:12.000-07:00,2,
349231,NPS Mobile App / BCM,a6638831-8b51-4129-aecf-da4c7759ac7a,file:///var/containers/Bundle/Application/9C9FEE54-EE39-4604-92FA-28917F8DDBC3/Runner.app/Frameworks/UserLeapKit.framework/sprig_web_assets.bundle/snippet.html,07/25/2026 19:24:35,,328296,,iOS,WebKit,"Mozilla/5.0 (iPhone; CPU iPhone OS 18_7 like Mac OS X) AppleWebKit/605.1.15 (KHTML, like Gecko) Mobile/15E148",{},[App] Guide Viewed,e8b98192-45ec-425d-ba40-b5ab3e0a71d1,{},How likely are you to recommend SuperSummary to a friend or colleague?,8,passive,,,,,,,,,,,,,,,,,,,,,,,,,,,,,,,,,,,,,,,,,,,,,,,1.21.1,book_club_member,book_club_member,,u_781252aa5c7ec64e,[name],null,false,true,2024-05-23T07:12:46.808-07:00,[name],chain-of-iron,26.5,annual,annual,4.27.0,Active Subscriber,true,Active Subscriber,2023-03-10T08:42:13.000-08:00,40,6
349231,NPS Mobile App / BCM,e06e815d-5ba8-4653-9a20-14178d0f0baf,file:///var/containers/Bundle/Application/C41EAD80-9C4E-4CA9-A122-826067D0AB9D/Runner.app/Frameworks/UserLeapKit.framework/sprig_web_assets.bundle/snippet.html,07/25/2026 13:25:45,07/25/2026 13:25:48,586295,,iOS,WebKit,"Mozilla/5.0 (iPhone; CPU iPhone OS 18_7 like Mac OS X) AppleWebKit/605.1.15 (KHTML, like Gecko) Mobile/15E148",{},[App] Guide Viewed,47625159-fde8-4c0d-b382-873a75a94b06,{},How likely are you to recommend SuperSummary to a friend or colleague?,10,promoter,What's the main reason for your score?,[skipped by user],,,,,,,,,,,,,,,,,,,,,,,What's one thing you'd like to see added or improved on SuperSummary?,[skipped by user],,,,,,,,,,,,,,,,,,,,,1.21.1,book_club_member,book_club_member,,u_2f1fac5c67fce8ab,[name],null,false,true,2024-05-29T02:06:38.923-07:00,[name],the-women-hannah,26.5.2,annual,annual,4.27.0,Active Subscriber,true,Active Subscriber,2024-05-29T02:06:13.000-07:00,25,1
349231,NPS Mobile App / BCM,ea845b46-758a-4d1f-9dee-2f1e8b56b8fc,file:///var/containers/Bundle/Application/828245E0-5469-4E1C-892B-ACDB2E3E7708/Runner.app/Frameworks/UserLeapKit.framework/sprig_web_assets.bundle/snippet.html,07/25/2026 06:54:48,07/25/2026 06:55:01,614008,,iOS,WebKit,"Mozilla/5.0 (Macintosh; Intel Mac OS X 10_15_7) AppleWebKit/605.1.15 (KHTML, like Gecko)",{},[App] Guide Viewed,45bc7010-441c-4912-a4a4-bd6f985d1188,{},How likely are you to recommend SuperSummary to a friend or colleague?,8,passive,What's the main reason for your score?,Helpful,Valuable Resource,,,,,,,,,,,,,,,,,,,,1,,What's one thing you'd like to see added or improved on SuperSummary?,[skipped by user],,,,,,,,,,,,,,,,,,,,,1.21.1,book_club_member,book_club_member,,u_12f8e2e6437d52ce,[name],null,false,true,,[name],all-boys-arent-blue,26.5.2,annual,annual,4.27.0,Active Subscriber,true,Active Subscriber,2024-07-21T16:37:23.000-07:00,24,
349231,NPS Mobile App / BCM,06af9279-2da3-4134-ba4c-6baa30e3e733,file:///android_asset/snippet.html,07/25/2026 04:27:54,,381266,,Android,Chrome WebView,"Mozilla/5.0 (Linux; Android 16; SM-S721U Build/BP4A.251205.006; wv) AppleWebKit/537.36 (KHTML, like Gecko) Version/4.0 Chrome/150.0.7871.124 Mobile Safari/537.36",{},[App] Guide Viewed,df66712a-ed6c-41a9-867d-9c8871d69d56,{},,10,promoter,,,,,,,,,,,,,,,,,,,,,,,,,,,,,,,,,,,,,,,,,,,,,,,,book_club_member,book_club_member,,u_f55fe26c0f951663,[name],null,false,true,2024-05-22T10:21:26.937-07:00,[name],theo-of-golden,,annual,annual,,Active Subscriber,true,Active Subscriber,2023-06-13T12:19:12.000-07:00,38,1
349231,NPS Mobile App / BCM,d270a8ee-624e-4e1a-96a5-bffe900861bc,file:///var/containers/Bundle/Application/82DEA6F3-D015-4A1A-BAE4-173D49552F3B/Runner.app/Frameworks/UserLeapKit.framework/sprig_web_assets.bundle/snippet.html,07/25/2026 03:34:51,07/25/2026 03:35:22,422539,,iOS,WebKit,"Mozilla/5.0 (iPhone; CPU iPhone OS 18_7 like Mac OS X) AppleWebKit/605.1.15 (KHTML, like Gecko) Mobile/15E148",{},[App] Guide Viewed,ad938f26-0323-4019-b141-f9233fb3bd90,{},How likely are you to recommend SuperSummary to a friend or colleague?,8,passive,What's the main reason for your score?,Easy to use. Like the audio assistant,Ease of Use,,,,,,,,,1,,,,,,,,,,,,,What's one thing you'd like to see added or improved on SuperSummary?,[skipped by user],,,,,,,,,,,,,,,,,,,,,1.21.1,book_club_member,book_club_member,,u_9173f40e6ce8adb7,[name],null,false,true,,[name],a-thousand-splendid-suns,26.5.2,annual,annual,4.27.0,Active Subscriber,true,Active Subscriber,2024-04-24T16:20:53.000-07:00,27,0
349231,NPS Mobile App / BCM,e2cdfabd-8188-4b99-9964-9b56ac051113,file:///var/containers/Bundle/Application/5EEC5FF2-904D-495B-A4AF-6CC29C0DD8B6/Runner.app/Frameworks/UserLeapKit.framework/sprig_web_assets.bundle/snippet.html,07/24/2026 12:10:19,,922217,,iOS,WebKit,"Mozilla/5.0 (iPhone; CPU iPhone OS 18_7 like Mac OS X) AppleWebKit/605.1.15 (KHTML, like Gecko) Mobile/15E148",{},[App] Guide Viewed,ca7434f3-ac09-4812-934d-e5bc2740bdfc,{},How likely are you to recommend SuperSummary to a friend or colleague?,10,promoter,,,,,,,,,,,,,,,,,,,,,,,,,,,,,,,,,,,,,,,,,,,,,,,1.21.1,book_club_member,book_club_member,,u_40ec544986eb0a89,[name],null,false,true,,[name],a-little-life,26.5.2,annual,annual,4.27.0,Active Subscriber,true,Active Subscriber,2025-02-10T18:01:35.000-08:00,16,
349231,NPS Mobile App / BCM,173bdfe9-6b46-4c0c-a905-6989a3c12a8d,file:///var/containers/Bundle/Application/23A33484-20A7-4D25-8CCA-F45F4B329DB9/Runner.app/Frameworks/UserLeapKit.framework/sprig_web_assets.bundle/snippet.html,07/24/2026 12:06:25,07/24/2026 12:06:56,529325,,iOS,WebKit,"Mozilla/5.0 (iPhone; CPU iPhone OS 18_7 like Mac OS X) AppleWebKit/605.1.15 (KHTML, like Gecko) Mobile/15E148",{},[App] Guide Viewed,4b9cac3d-e49d-412d-8b54-efcf6df0d045,{},How likely are you to recommend SuperSummary to a friend or colleague?,10,promoter,What's the main reason for your score?,It’s helpful,Enhances Reading Experience,,,,,,,,,,1,,,,,,,,,,,,What's one thing you'd like to see added or improved on SuperSummary?,Can’t think of anything,,,,,,,,,,,,,,,,,,,,,,book_club_member,book_club_member,,u_70d66429b14c1cad,[name],null,false,true,,[name],the-lincoln-highway,,annual,annual,,Active Subscriber,true,Active Subscriber,2024-04-09T17:10:10.000-07:00,28,0
349231,NPS Mobile App / BCM,ef38e4fc-1dd7-42fa-8f8f-45f241f91255,file:///var/containers/Bundle/Application/3D125A98-12E4-4681-BD1A-4A589DFA7E33/Runner.app/Frameworks/UserLeapKit.framework/sprig_web_assets.bundle/snippet.html,07/24/2026 01:07:09,07/24/2026 01:08:06,22663,,iOS,WebKit,"Mozilla/5.0 (iPhone; CPU iPhone OS 18_7 like Mac OS X) AppleWebKit/605.1.15 (KHTML, like Gecko) Mobile/15E148",{},[App] Guide Viewed,946d17e2-3196-458b-b518-bc5ccb4b366f,{},How likely are you to recommend SuperSummary to a friend or colleague?,10,promoter,What's the main reason for your score?,Highly academic… thorough and insightful.  Lots of research,Detailed Analysis,,,,,,,1,,,,,,,,,,,,,,,What's one thing you'd like to see added or improved on SuperSummary?,[skipped by user],,,,,,,,,,,,,,,,,,,,,1.21.1,book_club_member,book_club_member,,u_d99b9bdcb5e296de,[name],null,false,true,,[name],before-dorothy,26.5.2,annual_subscription_36-USD,annual,4.27.0,Canceled Subscriber,true,Active Subscriber,2024-06-26T02:39:04.000-07:00,38,
349231,NPS Mobile App / BCM,8808d4d4-fe73-4582-bc13-16461da41f68,file:///var/containers/Bundle/Application/DE1019C9-08CA-46C9-9E80-9A4EDFB81995/Runner.app/Frameworks/UserLeapKit.framework/sprig_web_assets.bundle/snippet.html,07/23/2026 22:44:42,,1337583,,iOS,WebKit,"Mozilla/5.0 (iPhone; CPU iPhone OS 18_7 like Mac OS X) AppleWebKit/605.1.15 (KHTML, like Gecko) Mobile/15E148",{},[App] Guide Viewed,3443e129-9c27-405a-bdbe-4a96d49182d1,{},How likely are you to recommend SuperSummary to a friend or colleague?,10,promoter,,,,,,,,,,,,,,,,,,,,,,,,,,,,,,,,,,,,,,,,,,,,,,,1.21.1,book_club_member,book_club_member,,u_bb42238b13c702bd,[name],null,false,true,,[name],the-perks-of-being-a-wallflower,26.5.2,,annual,4.27.0,Active Subscriber,true,Active Subscriber,2025-09-24T06:24:38.000-07:00,2,
349231,NPS Mobile App / BCM,8c0446a4-ffcf-4a39-a77a-6eeee0aea699,file:///android_asset/snippet.html,07/23/2026 19:09:24,07/23/2026 19:10:45,1459880,,Android,Chrome WebView,"Mozilla/5.0 (Linux; Android 16; SM-S906U Build/BP2A.250605.031.A3; wv) AppleWebKit/537.36 (KHTML, like Gecko) Version/4.0 Chrome/150.0.7871.124 Mobile Safari/537.36",{},[App] Guide Viewed,22ffde2d-8ef2-4d5d-837b-5cdc7f26f2e3,{},,10,promoter,,Extremely helpful to keep on track while reading a book and helpful for book club discussions,Helpful for Book Discussions,,,,,,,,,,,,1,,,,,,,,,,,Nothing at the moment,,,,,,,,,,,,,,,No,Positive Availability,,,1,,1.16.0,book_club_member,book_club_member,,u_b3d80c327b2f0e8e,[name],null,false,true,,[name],the-names-florence-knapp,16,,annual,2.17.8,Active Subscriber,true,Active Subscriber,2026-01-04T22:29:23.000-08:00,2,
349231,NPS Mobile App / BCM,287f5cce-39d7-4050-a47d-2d25b1c995cf,file:///android_asset/snippet.html,07/23/2026 18:48:42,,176597,,Android,Chrome WebView,"Mozilla/5.0 (Linux; Android 16; SM-S948U1 Build/BP4A.251205.006; wv) AppleWebKit/537.36 (KHTML, like Gecko) Version/4.0 Chrome/150.0.7871.124 Mobile Safari/537.36",{},[App] Guide Viewed,391334fa-c0d1-4c6a-9286-69ad2761b45d,{},,10,promoter,,Study guides,Study Guides,,,,,,,,,,,,,,,,,1,,,,,,,,,,,,,,,,,,,,,,,,,,,,book_club_member,book_club_member,,u_e6119a6d4e447a96,[name],null,false,true,2022-08-17T13:36:47.545-07:00,[name],the-correspondent,,annual,annual,,Active Subscriber,true,Active Subscriber,2022-03-18T17:03:47.000-07:00,53,1
349231,NPS Mobile App / BCM,7119eb43-74d0-4d95-8d9f-7e4e18204cc2,file:///android_asset/snippet.html,07/23/2026 16:09:22,07/23/2026 16:09:27,1312294,,Android,Chrome WebView,"Mozilla/5.0 (Linux; Android 16; SM-A166U1 Build/BP4A.251205.006; wv) AppleWebKit/537.36 (KHTML, like Gecko) Version/4.0 Chrome/151.0.7922.29 Mobile Safari/537.36",{},[App] Guide Viewed,9e1e8892-6444-4a04-805a-8e13d4c7d7f3,{},,8,passive,,[skipped by user],,,,,,,,,,,,,,,,,,,,,,,,[skipped by user],,,,,,,,,,,,,,,[skipped by user],,,,,,1.21.1,book_club_member,book_club_member,,u_7d3ace08b0415a97,[name],null,false,true,,[name],theo-of-golden,16,annual_plus,annual,2.17.8,Active Subscriber,true,Active Subscriber,2026-03-11T11:33:12.000-07:00,4,
349231,NPS Mobile App / BCM,f30560ea-5f47-415a-8c9a-f46daadf0d88,file:///var/containers/Bundle/Application/FC1B0576-CE40-465D-9786-1CFA6A287314/Runner.app/Frameworks/UserLeapKit.framework/sprig_web_assets.bundle/snippet.html,07/23/2026 12:09:57,07/23/2026 12:10:21,581288,,iOS,WebKit,"Mozilla/5.0 (iPhone; CPU iPhone OS 18_7 like Mac OS X) AppleWebKit/605.1.15 (KHTML, like Gecko) Mobile/15E148",{},[App] Guide Viewed,ddc7234f-fa69-4a82-8a9d-2a1061bbcd3c,{},How likely are you to recommend SuperSummary to a friend or colleague?,10,promoter,What's the main reason for your score?,Accuracy and ease of use,Ease of Use,,,,,,,,,1,,,,,,,,,,,,,What's one thing you'd like to see added or improved on SuperSummary?,[skipped by user],,,,,,,,,,,,,,,,,,,,,1.21.1,book_club_member,book_club_member,,u_fe81ca0fd22176c9,[name],null,false,true,2024-05-22T19:55:53.367-07:00,[name],little-fires-everywhere,26.5.2,,annual,4.27.0,Active Subscriber,true,Active Subscriber,2024-05-22T19:53:32.000-07:00,2,1
349231,NPS Mobile App / BCM,f8adeb60-ce78-4ed0-826b-3ab8924e0f9f,file:///var/containers/Bundle/Application/24F5E964-EC0C-4AA9-886F-8040E5A95AD8/Runner.app/Frameworks/UserLeapKit.framework/sprig_web_assets.bundle/snippet.html,07/23/2026 00:31:36,,626755,,iOS,WebKit,"Mozilla/5.0 (iPhone; CPU iPhone OS 18_7 like Mac OS X) AppleWebKit/605.1.15 (KHTML, like Gecko) Mobile/15E148",{},[App] Guide Viewed,6e6ff6fa-6762-4438-8e23-172e3e012397,{},How likely are you to recommend SuperSummary to a friend or colleague?,10,promoter,,,,,,,,,,,,,,,,,,,,,,,,,,,,,,,,,,,,,,,,,,,,,,,,book_club_member,book_club_member,,u_a301448104236101,[name],null,false,true,,[name],broken-country,,,annual,,Active Subscriber,true,Active Subscriber,2024-08-13T08:38:02.000-07:00,14,
349231,NPS Mobile App / BCM,f4b0f1cb-c356-42d6-9150-bb7656b458bb,file:///var/containers/Bundle/Application/18410726-9B64-4901-9E57-BD0333EFB63E/Runner.app/Frameworks/UserLeapKit.framework/sprig_web_assets.bundle/snippet.html,07/23/2026 00:02:25,07/23/2026 00:02:38,243967,,iOS,WebKit,"Mozilla/5.0 (iPhone; CPU iPhone OS 18_7 like Mac OS X) AppleWebKit/605.1.15 (KHTML, like Gecko) Mobile/15E148",{},[App] Guide Viewed,69c446a2-e4e1-4795-8b2c-4951cfb8998b,{},How likely are you to recommend SuperSummary to a friend or colleague?,10,promoter,What's the main reason for your score?,It’s such a great help for a book club,Book Club Support,1,,,,,,,,,,,,,,,,,,,,,What's one thing you'd like to see added or improved on SuperSummary?,[skipped by user],,,,,,,,,,,,,,,,,,,,,,book_club_member,book_club_member,,u_e339e47b41789a36,[name],null,false,true,2022-10-27T13:20:46.940-07:00,[name],hour-of-the-witch,,,annual,,Active Subscriber,true,Active Subscriber,2022-09-09T11:22:43.000-07:00,39,2
349231,NPS Mobile App / BCM,087a7e2f-27ad-4aaa-914b-751846662acc,file:///var/containers/Bundle/Application/67791C35-8E9D-4201-A826-333FAC86A8CC/Runner.app/Frameworks/UserLeapKit.framework/sprig_web_assets.bundle/snippet.html,07/22/2026 19:27:52,,664741,,iOS,WebKit,"Mozilla/5.0 (iPhone; CPU iPhone OS 18_7 like Mac OS X) AppleWebKit/605.1.15 (KHTML, like Gecko) Mobile/15E148",{},[App] Guide Viewed,340b03f1-5d18-4d7f-b197-a4c20922c4ff,{},How likely are you to recommend SuperSummary to a friend or colleague?,10,promoter,,,,,,,,,,,,,,,,,,,,,,,,,,,,,,,,,,,,,,,,,,,,,,,1.21.1,book_club_member,book_club_member,,u_2757812bfe210568,[name],null,false,true,,[name],the-other-side-of-the-bridge,26.5.2,,annual,4.27.0,Active Subscriber,true,Active Subscriber,2024-09-17T07:46:27.000-07:00,14,
349231,NPS Mobile App / BCM,4397583d-aa94-4d6c-973b-050713ef809c,file:///android_asset/snippet.html,07/22/2026 14:38:10,07/22/2026 14:38:38,1231098,,Android,Chrome WebView,"Mozilla/5.0 (Linux; Android 16; SM-S928U Build/BP4A.251205.006; wv) AppleWebKit/537.36 (KHTML, like Gecko) Version/4.0 Chrome/150.0.7871.124 Mobile Safari/537.36",{},[App] Guide Viewed,b2f64d01-ccd7-4ad1-9625-c54d06d05b17,{},,10,promoter,,I LOVE IT,Valuable Resource,,,,,,,,,,,,,,,,,,,,1,,,Nothing,,,,,,,,,,,,,,,The bird artist,Unmet Book Requests,,,,1,1.21.0,book_club_member,book_club_member,,u_f0ba4fc3ba01b065,[name],null,false,true,,[name],mexican-gothic,16,annual,annual,2.17.8,Active Subscriber,true,Active Subscriber,2025-08-11T06:51:25.000-07:00,11,
349231,NPS Mobile App / BCM,96b79245-b23e-4092-b296-f36d340863de,file:///var/containers/Bundle/Application/4E5F098B-A33B-4D82-98EE-60B3AF8A8FC9/Runner.app/Frameworks/UserLeapKit.framework/sprig_web_assets.bundle/snippet.html,07/22/2026 04:26:49,,636873,,iOS,WebKit,"Mozilla/5.0 (iPhone; CPU iPhone OS 18_7 like Mac OS X) AppleWebKit/605.1.15 (KHTML, like Gecko) Mobile/15E148",{},[App] Guide Viewed,322c5864-97cb-4ae1-b33a-cebe3385b411,{},How likely are you to recommend SuperSummary to a friend or colleague?,10,promoter,,,,,,,,,,,,,,,,,,,,,,,,,,,,,,,,,,,,,,,,,,,,,,,1.21.1,book_club_member,book_club_member,,u_0f81feff1b835127,[name],null,false,true,,[name],the-house-of-the-spirits,26.5.2,annual,annual,4.27.0,Active Subscriber,true,Active Subscriber,2024-08-25T03:11:03.000-07:00,21,
349231,NPS Mobile App / BCM,cac2bbb4-cb82-4092-a739-df6ad220ebed,file:///var/containers/Bundle/Application/089392BF-5627-4AC9-B5C3-A430BAA7A36F/Runner.app/Frameworks/UserLeapKit.framework/sprig_web_assets.bundle/snippet.html,07/22/2026 04:08:27,07/22/2026 04:09:45,454681,,iOS,WebKit,"Mozilla/5.0 (iPhone; CPU iPhone OS 18_7 like Mac OS X) AppleWebKit/605.1.15 (KHTML, like Gecko) Mobile/15E148",{},[App] Guide Viewed,dea79c51-2add-4c0d-b60d-fff7953a01d8,{},How likely are you to recommend SuperSummary to a friend or colleague?,10,promoter,What's the main reason for your score?,I love this site. It helps me choose books for my book club. It also saves me time when the book someone else chose is NOT what I want to read,Book Club Support,1,,,,,,,,,,,,,,,,,,,,,What's one thing you'd like to see added or improved on SuperSummary?,It is great,,,,,,,,,,,,,,,,,,,,,,book_club_member,book_club_member,,u_1ec75349a5cc9a29,[name],null,false,true,,[name],the-unlikely-pilgrimage-of-harold-fry,,annual,annual,,Active Subscriber,true,Active Subscriber,2023-11-17T22:22:00.000-08:00,32,0
349231,NPS Mobile App / BCM,9f260fe9-1f9e-463b-9502-00c2d0259164,file:///var/containers/Bundle/Application/81257A0E-D21F-41E2-B2BD-A136A89E1BDF/Runner.app/Frameworks/UserLeapKit.framework/sprig_web_assets.bundle/snippet.html,07/21/2026 19:48:01,07/21/2026 19:48:43,301101,,iOS,WebKit,"Mozilla/5.0 (iPhone; CPU iPhone OS 18_7 like Mac OS X) AppleWebKit/605.1.15 (KHTML, like Gecko) Mobile/15E148",{},[App] Guide Viewed,98151b87-ab50-40ab-934a-8f108c2e99e4,{},How likely are you to recommend SuperSummary to a friend or colleague?,10,promoter,What's the main reason for your score?,Very helpful,Study Guides,,,,,,,,,,,,,,,,,1,,,,,What's one thing you'd like to see added or improved on SuperSummary?,[skipped by user],,,,,,,,,,,,,,,,,,,,,,book_club_member,book_club_member,,u_8d3c658c7f72b806,[name],null,false,true,,[name],cry-the-beloved-country,,annual,annual,,Active Subscriber,true,Active Subscriber,2024-06-12T13:56:05.000-07:00,37,0
349231,NPS Mobile App / BCM,36ba08ab-c7fa-4244-bf04-a18ef0fc1672,file:///android_asset/snippet.html,07/21/2026 18:09:33,,399773,,Android,Chrome WebView,"Mozilla/5.0 (Linux; Android 16; SM-S948U Build/BP4A.251205.006; wv) AppleWebKit/537.36 (KHTML, like Gecko) Version/4.0 Chrome/150.0.7871.46 Mobile Safari/537.36",{},[App] Guide Viewed,80bd46e3-0138-4df2-a1b5-eeecd0201b28,{},,10,promoter,,[skipped by user],,,,,,,,,,,,,,,,,,,,,,,,[skipped by user],,,,,,,,,,,,,,,,,,,,,1.21.1,book_club_member,book_club_member,,u_d698ce0386d6a7a4,[name],null,false,true,2023-08-21T05:16:12.694-07:00,[name],the-boy-the-mole-the-fox-and-the-horse,16,annual,annual,2.17.8,Active Subscriber,true,Active Subscriber,2023-08-21T05:10:58.000-07:00,32,2
349231,NPS Mobile App / BCM,28341e59-ea1b-40bd-9082-c4795b601b63,file:///var/containers/Bundle/Application/F671029B-0BA7-4788-B32A-18CCADDCDCFE/Runner.app/Frameworks/UserLeapKit.framework/sprig_web_assets.bundle/snippet.html,07/21/2026 17:35:44,07/21/2026 17:36:37,422993,,iOS,WebKit,"Mozilla/5.0 (iPhone; CPU iPhone OS 18_7 like Mac OS X) AppleWebKit/605.1.15 (KHTML, like Gecko) Mobile/15E148",{},[App] Guide Viewed,60095bc1-3f53-4124-b8f3-fcd781136d98,{},How likely are you to recommend SuperSummary to a friend or colleague?,10,promoter,What's the main reason for your score?,I love all of the resources and your app is so user-friendly!,Ease of Use,,,,,,,,,1,,,,,,,,,,,,,What's one thing you'd like to see added or improved on SuperSummary?,n/a,,,,,,,,,,,,,,,,,,,,,1.21.1,book_club_member,book_club_member,,u_f4bab3c2baa795d4,[name],null,false,true,,[name],last-twilight-in-paris,26.5.2,,annual,4.27.0,Active Subscriber,true,Active Subscriber,2023-09-28T15:04:55.000-07:00,25,0
349231,NPS Mobile App / BCM,287a2980-7f7b-45ea-864d-7b9c1f1bcf04,file:///android_asset/snippet.html,07/21/2026 16:29:20,,684481,,Android,Chrome WebView,"Mozilla/5.0 (Linux; Android 16; SM-S936U Build/BP4A.251205.006; wv) AppleWebKit/537.36 (KHTML, like Gecko) Version/4.0 Chrome/150.0.7871.124 Mobile Safari/537.36",{},[App] Guide Viewed,a7df7eee-6b0e-44eb-a8e9-e8022eb43ddb,{},,9,promoter,,[skipped by user],,,,,,,,,,,,,,,,,,,,,,,,[skipped by user],,,,,,,,,,,,,,,,,,,,,1.21.1,book_club_member,book_club_member,,u_0039b2e4a00fce59,[name],null,false,true,,[name],the-lion-women-of-tehran,16,annual,annual,2.17.8,Active Subscriber,true,Active Subscriber,2024-09-26T10:44:37.000-07:00,22,
349231,NPS Mobile App / BCM,dcb1fe3b-514e-475a-a9b2-76abe2d0bfac,file:///android_asset/snippet.html,07/21/2026 15:22:23,07/21/2026 15:23:17,1479318,,Android,Chrome WebView,"Mozilla/5.0 (Linux; Android 15; SM-A146U1 Build/AP3A.240905.015.A2; wv) AppleWebKit/537.36 (KHTML, like Gecko) Version/4.0 Chrome/150.0.7871.46 Mobile Safari/537.36",{},[App] Guide Viewed,7dc8b41f-6e0e-4107-a829-03d0b063ca78,{},,10,promoter,,So great for someone who reads alot and has to report to a book club.,Book Club Support,1,,,,,,,,,,,,,,,,,,,,,,[skipped by user],,,,,,,,,,,,,,,[skipped by user],,,,,,1.21.1,book_club_member,book_club_member,,u_e8c4aca2be589087,[name],null,false,true,,[name],good-night-irene,15,annual_essentials,annual,2.17.8,Active Subscriber,true,Active Subscriber,2026-01-20T13:56:59.000-08:00,4,
349231,NPS Mobile App / BCM,4632cf9d-d871-408e-b46c-7f36b97f30d4,file:///var/containers/Bundle/Application/16A0D5CA-EADD-454E-879F-F4D3CB683149/Runner.app/Frameworks/UserLeapKit.framework/sprig_web_assets.bundle/snippet.html,07/21/2026 11:10:05,07/21/2026 11:11:34,1073975,,iOS,WebKit,"Mozilla/5.0 (iPhone; CPU iPhone OS 18_7 like Mac OS X) AppleWebKit/605.1.15 (KHTML, like Gecko) Mobile/15E148",{},[App] Guide Viewed,5fa85d30-a962-483e-8b5d-1761bbb4bda6,{},How likely are you to recommend SuperSummary to a friend or colleague?,10,promoter,What's the main reason for your score?,It helps jog my memory about books for a book club.,Memory Aid,,,,,,,,,,,,,,,1,,,,,,,What's one thing you'd like to see added or improved on SuperSummary?,The more books the better. Lol,More Books,,,,,,,,,,1,,,Is there a book you've searched for on SuperSummary but couldn't find?,The Beach House,Unmet Book Requests,,,,1,1.21.1,book_club_member,book_club_member,,u_9626211814759aa0,[name],null,false,true,,[name],the-beach-house,26.5.2,annual,annual,4.27.0,Active Subscriber,true,Active Subscriber,2026-03-29T17:26:43.000-07:00,4,
349231,NPS Mobile App / BCM,5ab3e3ab-a7ed-4fff-8fe1-ead62bbbdc94,file:///var/containers/Bundle/Application/1282CAD6-705A-4F7D-B667-FD70B2074F32/Runner.app/Frameworks/UserLeapKit.framework/sprig_web_assets.bundle/snippet.html,07/21/2026 07:36:24,07/21/2026 07:37:29,504829,,iOS,WebKit,"Mozilla/5.0 (iPhone; CPU iPhone OS 18_7 like Mac OS X) AppleWebKit/605.1.15 (KHTML, like Gecko) Mobile/15E148",{},[App] Guide Viewed,1d921644-4fc7-40dd-830d-d1c5fc70aa18,{},How likely are you to recommend SuperSummary to a friend or colleague?,10,promoter,What's the main reason for your score?,Excellent study guide,Study Guides,,,,,,,,,,,,,,,,,1,,,,,What's one thing you'd like to see added or improved on SuperSummary?,Can’t think of anything you missed.,,,,,,,,,,,,,,,,,,,,,1.21.1,book_club_member,book_club_member,,u_5f9c0b8f9c8aae20,[name],null,false,true,2024-03-02T09:39:10.478-08:00,[name],broken-country,26.5.2,,annual,4.27.0,Active Subscriber,true,Active Subscriber,2024-03-01T17:43:29.000-08:00,20,1
349231,NPS Mobile App / BCM,79e4b598-cb73-46fe-b087-5bb510d930cd,file:///var/containers/Bundle/Application/34135002-A495-4890-B296-20EDAEEE86D5/Runner.app/Frameworks/UserLeapKit.framework/sprig_web_assets.bundle/snippet.html,07/21/2026 02:29:12,,1031165,,iOS,WebKit,"Mozilla/5.0 (iPhone; CPU iPhone OS 18_7 like Mac OS X) AppleWebKit/605.1.15 (KHTML, like Gecko) Mobile/15E148",{},[App] Guide Viewed,12658ce9-ecfc-4673-afdb-9628811fbf4a,{},How likely are you to recommend SuperSummary to a friend or colleague?,8,passive,,,,,,,,,,,,,,,,,,,,,,,,,,,,,,,,,,,,,,,,,,,,,,,,book_club_member,book_club_member,,u_167fa905aca681e1,[name],null,false,true,,[name],the-midnight-library,,,annual,,Active Subscriber,true,Active Subscriber,2025-02-27T06:27:42.000-08:00,5,
349231,NPS Mobile App / BCM,58783c06-b043-4eef-ba5c-461d6b560b69,file:///var/containers/Bundle/Application/417F8E41-554C-40A3-A57F-BDF5CF46EEC5/Runner.app/Frameworks/UserLeapKit.framework/sprig_web_assets.bundle/snippet.html,07/21/2026 01:52:05,,1410105,,iOS,WebKit,"Mozilla/5.0 (iPhone; CPU iPhone OS 18_7 like Mac OS X) AppleWebKit/605.1.15 (KHTML, like Gecko) Mobile/15E148",{},[App] Guide Viewed,2c7f2496-fb9b-4974-82b4-30f12ee4d412,{},How likely are you to recommend SuperSummary to a friend or colleague?,10,promoter,What's the main reason for your score?,[skipped by user],,,,,,,,,,,,,,,,,,,,,,,,,,,,,,,,,,,,,,,,,,,,,1.21.1,book_club_member,book_club_member,,u_462471e279205349,[name],null,false,true,,[name],a-girl-called-samson,26.5.2,annual_plus,annual,4.27.0,Active Subscriber,true,Active Subscriber,2025-11-17T06:13:56.000-08:00,9,
349231,NPS Mobile App / BCM,cc829222-a0d3-433e-8f27-84e6dc1d31b6,file:///var/containers/Bundle/Application/26554EA5-DB32-443F-9F34-300785CC5CC4/Runner.app/Frameworks/UserLeapKit.framework/sprig_web_assets.bundle/snippet.html,07/20/2026 23:49:34,07/20/2026 23:51:08,1414496,,iOS,WebKit,"Mozilla/5.0 (iPhone; CPU iPhone OS 18_7 like Mac OS X) AppleWebKit/605.1.15 (KHTML, like Gecko) Mobile/15E148",{},[App] Guide Viewed,c218fa0b-9eaa-40e9-ac25-bdedfa3dd1d4,{},How likely are you to recommend SuperSummary to a friend or colleague?,10,promoter,What's the main reason for your score?,Great insights into books I am reading!,Insightful Content,,,,,,,,,,,,,,1,,,,,,,,What's one thing you'd like to see added or improved on SuperSummary?,Can’t —love the 2-yr book brief!!,More Books,,,,,,,,,,1,,,Is there a book you've searched for on SuperSummary but couldn't find?,[skipped by user],,,,,,1.15.5,book_club_member,book_club_member,,u_869aac0f0648ec7e,[name],null,false,true,,[name],how-to-read-a-book,18.6.2,annual_subscription_36-USD,annual,4.25.2,Active Subscriber,true,Active Subscriber,2025-11-19T11:09:30.000-08:00,7,
349231,NPS Mobile App / BCM,8ad6f722-daee-4e71-a75d-08a9f4b1a944,file:///var/containers/Bundle/Application/56060900-B3F5-46CB-86B7-C2CF8995EDCA/Runner.app/Frameworks/UserLeapKit.framework/sprig_web_assets.bundle/snippet.html,07/20/2026 22:53:30,07/20/2026 22:53:56,1017557,,iOS,WebKit,"Mozilla/5.0 (iPhone; CPU iPhone OS 18_7 like Mac OS X) AppleWebKit/605.1.15 (KHTML, like Gecko) Mobile/15E148",{},[App] Guide Viewed,9a0c7785-3d76-4cea-90cb-c724dcdce2cb,{},How likely are you to recommend SuperSummary to a friend or colleague?,10,promoter,What's the main reason for your score?,It’s very detailed,Detailed Analysis,,,,,,,1,,,,,,,,,,,,,,,What's one thing you'd like to see added or improved on SuperSummary?,NA,,,,,,,,,,,,,,,,,,,,,,book_club_member,book_club_member,,u_8c53f5750a57482d,[name],null,false,true,,[name],the-greatest-sentence-ever-written,,annual,annual,,Active Subscriber,true,Active Subscriber,2025-02-21T13:43:49.000-08:00,16,
349231,NPS Mobile App / BCM,503b7611-779d-4c59-a5a1-caf38e7b6b1d,file:///var/containers/Bundle/Application/D17E919A-B465-4965-9417-EB2CD13C637A/Runner.app/Frameworks/UserLeapKit.framework/sprig_web_assets.bundle/snippet.html,07/20/2026 21:24:52,07/20/2026 21:25:14,170087,,iOS,WebKit,"Mozilla/5.0 (iPhone; CPU iPhone OS 18_7 like Mac OS X) AppleWebKit/605.1.15 (KHTML, like Gecko) Mobile/15E148",{},[App] Guide Viewed,7c461cae-d711-4e05-abe9-cd63c4bc199d,{},How likely are you to recommend SuperSummary to a friend or colleague?,10,promoter,What's the main reason for your score?,Helpful,Valuable Resource; Study Guides,,,,,,,,,,,,,,,,,1,,,1,,What's one thing you'd like to see added or improved on SuperSummary?,[skipped by user],,,,,,,,,,,,,,,,,,,,,,book_club_member,book_club_member,,u_1101ddb5534bd3a6,[name],null,false,true,2023-04-24T14:48:38.821-07:00,[name],theo-of-golden,,annual,annual,,Active Subscriber,true,Active Subscriber,2022-03-09T14:29:48.000-08:00,50,1
349231,NPS Mobile App / BCM,dd8cffc3-5c9d-4d24-a706-26ce0eb1aaab,file:///var/containers/Bundle/Application/0E1D9580-9AD8-4B71-A1DF-7D8EF2D69616/Runner.app/Frameworks/UserLeapKit.framework/sprig_web_assets.bundle/snippet.html,07/20/2026 20:21:20,07/20/2026 20:21:44,618917,,iOS,WebKit,"Mozilla/5.0 (iPhone; CPU iPhone OS 18_7 like Mac OS X) AppleWebKit/605.1.15 (KHTML, like Gecko) Mobile/15E148",{},[App] Guide Viewed,50c78b38-a4b3-4c3f-9b82-d64fefbc5ae7,{},How likely are you to recommend SuperSummary to a friend or colleague?,10,promoter,What's the main reason for your score?,Good summary,Comprehensive Summaries,,,,1,,,,,,,,,,,,,,,,,,What's one thing you'd like to see added or improved on SuperSummary?,Nothing,,,,,,,,,,,,,,,,,,,,,,book_club_member,book_club_member,,u_76ae4eddf4d9252f,[name],null,false,true,,[name],go-as-a-river,,annual,annual,,Active Subscriber,true,Active Subscriber,2025-08-14T04:56:51.000-07:00,10,
349231,NPS Mobile App / BCM,9d28c437-1338-4479-8fce-3f26328ca39a,file:///var/containers/Bundle/Application/BF38EC1D-E82C-4225-BB11-AAA769585DAF/Runner.app/Frameworks/UserLeapKit.framework/sprig_web_assets.bundle/snippet.html,07/20/2026 17:54:09,,908045,,iOS,WebKit,"Mozilla/5.0 (iPhone; CPU iPhone OS 18_7 like Mac OS X) AppleWebKit/605.1.15 (KHTML, like Gecko) Mobile/15E148",{},[App] Guide Viewed,6d03cf5f-1623-4fa1-bbcf-88e3d0163ded,{},How likely are you to recommend SuperSummary to a friend or colleague?,6,detractor,,,,,,,,,,,,,,,,,,,,,,,,,,,,,,,,,,,,,,,,,,,,,,,,book_club_member,book_club_member,,u_dbed6d848ec69959,[name],null,false,true,,[name],broken-country,,annual,annual,,Active Subscriber,true,Active Subscriber,2025-01-01T20:12:22.000-08:00,19,
349231,NPS Mobile App / BCM,b8444d09-b16b-4e12-90c9-00e787bae290,file:///android_asset/snippet.html,07/20/2026 17:43:00,07/20/2026 17:43:51,1538044,,Android,Chrome WebView,"Mozilla/5.0 (Linux; Android 15; SM-G998U Build/AP3A.240905.015.A2; wv) AppleWebKit/537.36 (KHTML, like Gecko) Version/4.0 Chrome/150.0.7871.46 Mobile Safari/537.36",{},[App] Guide Viewed,c585a368-9a59-46e7-a070-a4bbc09f0190,{},,10,promoter,,Great source to refresh your memory of a book.,Memory Aid,,,,,,,,,,,,,,,1,,,,,,,,[skipped by user],,,,,,,,,,,,,,,[skipped by user],,,,,,,book_club_member,book_club_member,,u_1119577f1bf4a272,[name],null,false,true,,[name],no-name,,annual_plus,annual,,Active Subscriber,true,Active Subscriber,2026-02-28T13:26:09.000-08:00,4,
349231,NPS Mobile App / BCM,fc637673-aa82-493a-89af-32554d0a3162,file:///var/containers/Bundle/Application/9E5B57F3-AAFD-46EE-A9C8-99018630CD0B/Runner.app/Frameworks/UserLeapKit.framework/sprig_web_assets.bundle/snippet.html,07/20/2026 17:10:49,,1593597,,iOS,WebKit,"Mozilla/5.0 (iPhone; CPU iPhone OS 18_7 like Mac OS X) AppleWebKit/605.1.15 (KHTML, like Gecko) Mobile/15E148",{},[App] Guide Viewed,abeb412b-7e99-4429-950b-0c90d23638eb,{},How likely are you to recommend SuperSummary to a friend or colleague?,7,passive,,,,,,,,,,,,,,,,,,,,,,,,,,,,,,,,,,,,,,,,,,,,,,,,book_club_member,book_club_member,,u_7f4b74db9033ee6d,[name],null,false,true,,[name],in-the-distance,,annual_essentials,annual,,Active Subscriber,true,Active Subscriber,2026-04-14T07:41:03.000-07:00,2,
349231,NPS Mobile App / BCM,f889c6f7-4840-4d65-888c-ad2b9478e452,file:///android_asset/snippet.html,07/20/2026 17:03:13,07/20/2026 17:03:38,1219026,,Android,Chrome WebView,"Mozilla/5.0 (Linux; Android 16; SM-X230 Build/BP4A.251205.006; wv) AppleWebKit/537.36 (KHTML, like Gecko) Version/4.0 Chrome/150.0.7871.46 Safari/537.36",{},[App] Guide Viewed,10cf6b61-2877-41e5-a215-0b7590303d0b,{},,10,promoter,,Availability,Wide Selection,,,,,,,,,,,,,,,,,,,,,1,,[skipped by user],,,,,,,,,,,,,,,[skipped by user],,,,,,1.9.1,book_club_member,book_club_member,,u_e8ed28a36b6f9757,[name],null,false,true,,[name],,14,annual,annual,2.5.3,,true,Active Subscriber,2025-07-23T14:42:11.000-07:00,13,
349231,NPS Mobile App / BCM,750c9530-b93a-4aaf-a850-f2952589c8a3,file:///var/containers/Bundle/Application/387FB669-B25C-40F7-9ED3-F6A686A3ED72/Runner.app/Frameworks/UserLeapKit.framework/sprig_web_assets.bundle/snippet.html,07/20/2026 14:42:40,,534068,,iOS,WebKit,"Mozilla/5.0 (Macintosh; Intel Mac OS X 10_15_7) AppleWebKit/605.1.15 (KHTML, like Gecko)",{},[App] Guide Viewed,12a6affa-4e6e-4988-945e-08d36ebfec4a,{},How likely are you to recommend SuperSummary to a friend or colleague?,10,promoter,,,,,,,,,,,,,,,,,,,,,,,,,,,,,,,,,,,,,,,,,,,,,,,0.3.1,book_club_member,book_club_member,"iPhone14,7",u_c121eabc25d6d2a7,[name],null,false,true,,[name],atmosphere,17.4.1,annual_subscription_36-USD,annual,4.4.3,Active Subscriber,true,Active Subscriber,2025-12-14T17:48:38.000-08:00,19,
349231,NPS Mobile App / BCM,adc6a2c4-1a91-403a-af97-653970ad8013,file:///var/containers/Bundle/Application/C4001220-8322-496D-B1EC-35B3AEE91C8F/Runner.app/Frameworks/UserLeapKit.framework/sprig_web_assets.bundle/snippet.html,07/20/2026 14:22:13,,1138252,,iOS,WebKit,"Mozilla/5.0 (iPhone; CPU iPhone OS 18_7 like Mac OS X) AppleWebKit/605.1.15 (KHTML, like Gecko) Mobile/15E148",{},[App] Guide Viewed,45158bcf-9b88-4cac-9104-f1570b9725fe,{},How likely are you to recommend SuperSummary to a friend or colleague?,8,passive,What's the main reason for your score?,[skipped by user],,,,,,,,,,,,,,,,,,,,,,,,,,,,,,,,,,,,,,,,,,,,,,book_club_member,book_club_member,,u_4d7cb18137e252a3,[name],null,false,true,,[name],1929-sorkin,,annual,annual,,Active Subscriber,true,Active Subscriber,2025-04-17T06:06:41.000-07:00,13,
349231,NPS Mobile App / BCM,eebfaf41-66aa-4f00-8684-c7b9e799e222,file:///android_asset/snippet.html,07/20/2026 02:36:27,07/20/2026 02:36:31,1128288,,Android,Chrome WebView,"Mozilla/5.0 (Linux; Android 16; SM-X820 Build/BP4A.251205.006; wv) AppleWebKit/537.36 (KHTML, like Gecko) Version/4.0 Chrome/150.0.7871.124 Safari/537.36",{},[App] Guide Viewed,e5af0639-ec6b-44da-ac84-7d615f668f27,{},,7,passive,,[skipped by user],,,,,,,,,,,,,,,,,,,,,,,,[skipped by user],,,,,,,,,,,,,,,[skipped by user],,,,,,,book_club_member,book_club_member,,u_6f5d780284ef83b7,[name],null,false,true,,[name],the-cat-who-saved-books,,annual,annual,,Active Subscriber,true,Active Subscriber,2025-04-12T10:37:38.000-07:00,15,
349231,NPS Mobile App / BCM,36a02650-5941-4fb1-bd2d-fa28b0f61cf5,file:///var/containers/Bundle/Application/148F7BB1-D0FC-4110-B336-8E431A5F866D/Runner.app/Frameworks/UserLeapKit.framework/sprig_web_assets.bundle/snippet.html,07/19/2026 19:05:56,07/19/2026 19:06:01,693470,,iOS,WebKit,"Mozilla/5.0 (iPhone; CPU iPhone OS 18_7 like Mac OS X) AppleWebKit/605.1.15 (KHTML, like Gecko) Mobile/15E148",{},[App] Guide Viewed,7f1acf0c-dcb1-492b-9260-803398866a70,{},How likely are you to recommend SuperSummary to a friend or colleague?,7,passive,What's the main reason for your score?,[skipped by user],,,,,,,,,,,,,,,,,,,,,,,What's one thing you'd like to see added or improved on SuperSummary?,[skipped by user],,,,,,,,,,,,,,,,,,,,,,book_club_member,book_club_member,,u_e54146c58f75f24f,[name],null,false,true,,[name],santa-evita,,annual,annual,,Active Subscriber,true,Non Renewing Subscriber,2024-09-30T14:40:11.000-07:00,22,
349231,NPS Mobile App / BCM,d89fc128-b18d-4f24-ab03-22be8961bc35,file:///var/containers/Bundle/Application/46343036-AA5A-4F45-A995-46E13C988BB7/Runner.app/Frameworks/UserLeapKit.framework/sprig_web_assets.bundle/snippet.html,07/19/2026 18:58:05,07/19/2026 18:59:00,643613,,iOS,WebKit,"Mozilla/5.0 (iPhone; CPU iPhone OS 18_7 like Mac OS X) AppleWebKit/605.1.15 (KHTML, like Gecko) Mobile/15E148",{},[App] Guide Viewed,dca35e26-4461-48b1-b8e7-7c55ff0990b4,{},How likely are you to recommend SuperSummary to a friend or colleague?,10,promoter,What's the main reason for your score?,Great way to catch up (i.e. remember what happened) on earlier books in a series,Memory Aid,,,,,,,,,,,,,,,1,,,,,,,What's one thing you'd like to see added or improved on SuperSummary?,[skipped by user],,,,,,,,,,,,,,,,,,,,,,book_club_member,book_club_member,,u_d16e4ebe734bf85e,[name],null,false,true,,[name],the-great-alone,,,annual,,Active Subscriber,true,Active Subscriber,2024-08-29T15:57:54.000-07:00,13,
349231,NPS Mobile App / BCM,0f83c6e0-f3bc-4e97-89e4-b452389bbaa5,file:///var/containers/Bundle/Application/F31BD6A5-7097-42E0-AD09-4C13586F4CC1/Runner.app/Frameworks/UserLeapKit.framework/sprig_web_assets.bundle/snippet.html,07/19/2026 16:04:25,07/19/2026 16:51:48,1448493,,iOS,WebKit,"Mozilla/5.0 (iPhone; CPU iPhone OS 18_7 like Mac OS X) AppleWebKit/605.1.15 (KHTML, like Gecko) Mobile/15E148",{},[App] Guide Viewed,bf7fe5fe-b639-483e-8e6a-88d0bc27e2f9,{},How likely are you to recommend SuperSummary to a friend or colleague?,10,promoter,What's the main reason for your score?,Almost every book I look up is available. I find it very helpful when listening to audiobooks when it can be difficult to follow all the names with and world building without a visual of names etc. great for recaps while waiting for books in a series. Ai questions are awesome when I sometimes feel like I missed something and can ask questions,Resource for Difficult Reads; Wide Selection,,,,,,,,,,,,,,,,1,,,,,1,What's one thing you'd like to see added or improved on SuperSummary?,Sometimes the parts I find important to remember are the moments that develop relationships between characters rather than the major plot events.,Character Lists,,,,,,1,,,,,,,,,,,,,,,book_club_member,book_club_member,,u_d708f53c1ab4aab4,[name],null,false,true,,[name],a-vow-in-vengeance,,annual_plus,annual,,Active Subscriber,true,Active Subscriber,2025-12-16T20:27:23.000-08:00,5,
349231,NPS Mobile App / BCM,33dcc671-7245-45bc-b28a-37b3035496f0,file:///var/containers/Bundle/Application/42D18202-7630-4F3F-B224-B2A3C9F5FA52/Runner.app/Frameworks/UserLeapKit.framework/sprig_web_assets.bundle/snippet.html,07/19/2026 10:38:02,,599551,,iOS,WebKit,"Mozilla/5.0 (Macintosh; Intel Mac OS X 10_15_7) AppleWebKit/605.1.15 (KHTML, like Gecko)",{},[App] Guide Viewed,c4a30bf0-54f6-4dc6-8a38-a3c4e28264c2,{},How likely are you to recommend SuperSummary to a friend or colleague?,8,passive,,,,,,,,,,,,,,,,,,,,,,,,,,,,,,,,,,,,,,,,,,,,,,,,book_club_member,book_club_member,,u_c9c81bf359217df8,[name],null,false,true,,[name],wild-dark-shore,,annual,annual,,Active Subscriber,true,Active Subscriber,2024-06-18T11:01:39.000-07:00,24,
349231,NPS Mobile App / BCM,399ad43a-5caf-47a7-b93c-a0176be1993d,file:///android_asset/snippet.html,07/19/2026 01:48:02,07/19/2026 01:48:15,390572,,Android,Chrome WebView,"Mozilla/5.0 (Linux; Android 16; SM-S911U Build/BP4A.251205.006; wv) AppleWebKit/537.36 (KHTML, like Gecko) Version/4.0 Chrome/149.0.7827.159 Mobile Safari/537.36",{},[App] Guide Viewed,06bc9558-4612-4675-9692-919aa42da72b,{},,8,passive,,[skipped by user],,,,,,,,,,,,,,,,,,,,,,,,Nothing,,,,,,,,,,,,,,,[skipped by user],,,,,,,book_club_member,book_club_member,,u_063441d93ac0dc76,[name],null,false,true,,[name],the-secret-book-of-flora-lea,,,annual,,Active Subscriber,true,Active Subscriber,2023-09-04T10:36:38.000-07:00,14,0
349231,NPS Mobile App / BCM,6e93ac27-f811-4b06-beea-79a5134ed1c0,file:///android_asset/snippet.html,07/19/2026 00:11:20,,374356,,Android,Chrome WebView,"Mozilla/5.0 (Linux; Android 16; Pixel 10 Pro Build/CP1A.260505.005; wv) AppleWebKit/537.36 (KHTML, like Gecko) Version/4.0 Chrome/150.0.7871.46 Mobile Safari/537.36",{},[App] Guide Viewed,318045cd-4782-4cac-9c88-8ee83c064879,{},,10,promoter,,Great summary,Comprehensive Summaries,,,,1,,,,,,,,,,,,,,,,,,,,,,,,,,,,,,,,,,,,,,,,,book_club_member,book_club_member,,u_7055af24fe3a1d1d,[name],null,false,true,2023-05-25T05:55:26.319-07:00,[name],the-lion-women-of-tehran,,annual,annual,,Active Subscriber,true,Active Subscriber,2023-05-25T05:52:11.000-07:00,38,1
349231,NPS Mobile App / BCM,08dfbec0-a36a-4289-9331-b75d8f5e9361,file:///var/containers/Bundle/Application/FE4E6DCA-C354-45B5-B901-35FD86FE0803/Runner.app/Frameworks/UserLeapKit.framework/sprig_web_assets.bundle/snippet.html,07/18/2026 20:36:49,,26154,,iOS,WebKit,"Mozilla/5.0 (Macintosh; Intel Mac OS X 10_15_7) AppleWebKit/605.1.15 (KHTML, like Gecko)",{},[App] Guide Viewed,e7a42811-d28d-4eb0-a3d7-1ac93147e48e,{},How likely are you to recommend SuperSummary to a friend or colleague?,8,passive,,,,,,,,,,,,,,,,,,,,,,,,,,,,,,,,,,,,,,,,,,,,,,,1.15.4,book_club_member,book_club_member,,u_ae6f18358515a7d8,[name],null,false,true,,[name],the-ministry-of-time,18.6.2,annual_subscription_36-USD,annual,4.25.2,Active Subscriber,true,Active Subscriber,2025-06-13T07:09:39.000-07:00,13,
349231,NPS Mobile App / BCM,e58d7a0e-92ee-444b-b16b-cce128e30b8c,file:///android_asset/snippet.html,07/18/2026 20:17:24,07/18/2026 20:17:31,1550401,,Android,Chrome WebView,"Mozilla/5.0 (Linux; Android 16; SM-X210 Build/BP2A.250605.031.A3; wv) AppleWebKit/537.36 (KHTML, like Gecko) Version/4.0 Chrome/150.0.7871.46 Safari/537.36",{},[App] Guide Viewed,4225ea6a-2b75-40e1-a307-f4fdb22a68f5,{},,9,promoter,,[skipped by user],,,,,,,,,,,,,,,,,,,,,,,,[skipped by user],,,,,,,,,,,,,,,[skipped by user],,,,,,,book_club_member,book_club_member,,u_7d397687b5a59f25,[name],null,false,true,,[name],the-dark-forest,,annual_essentials,annual,,Active Subscriber,true,Active Subscriber,2026-03-08T20:20:49.000-07:00,4,
349231,NPS Mobile App / BCM,e55a5635-89ce-4360-99c0-7d7172028f48,file:///var/containers/Bundle/Application/71C2A18A-5275-4030-A476-5177F9B1CDB9/Runner.app/Frameworks/UserLeapKit.framework/sprig_web_assets.bundle/snippet.html,07/18/2026 17:57:33,,597738,,iOS,WebKit,"Mozilla/5.0 (iPhone; CPU iPhone OS 18_7 like Mac OS X) AppleWebKit/605.1.15 (KHTML, like Gecko) Mobile/15E148",{},[App] Guide Viewed,7dee4292-6644-4ef1-9c99-6c2ee556f811,{},How likely are you to recommend SuperSummary to a friend or colleague?,10,promoter,What's the main reason for your score?,[skipped by user],,,,,,,,,,,,,,,,,,,,,,,,,,,,,,,,,,,,,,,,,,,,,,book_club_member,book_club_member,,u_b658be4686b9dbee,[name],null,false,true,,[name],god-of-war-rina-kent,,annual,annual,,Active Subscriber,true,Active Subscriber,2025-07-01T11:54:03.000-07:00,12,
349231,NPS Mobile App / BCM,51ddcfe3-4501-4da7-bbf7-96807e78e78b,file:///var/containers/Bundle/Application/09153F62-3070-4FBD-B8F6-F80ED7E929D4/Runner.app/Frameworks/UserLeapKit.framework/sprig_web_assets.bundle/snippet.html,07/18/2026 17:01:52,,1023861,,iOS,WebKit,"Mozilla/5.0 (Macintosh; Intel Mac OS X 10_15_7) AppleWebKit/605.1.15 (KHTML, like Gecko)",{},[App] Guide Viewed,56d01d29-0db5-4b8c-b69f-f772671cb69b,{},How likely are you to recommend SuperSummary to a friend or colleague?,10,promoter,,,,,,,,,,,,,,,,,,,,,,,,,,,,,,,,,,,,,,,,,,,,,,,,book_club_member,book_club_member,,u_5b9b913be75098d0,[name],null,false,true,,[name],the-midnight-library,,,annual,,Active Subscriber,true,Active Subscriber,2025-02-24T16:09:26.000-08:00,11,
349231,NPS Mobile App / BCM,1f429d92-20b1-4a22-8554-c992fa53451f,file:///var/containers/Bundle/Application/CE655F1C-F784-4852-A1FB-CEDF55B4D045/Runner.app/Frameworks/UserLeapKit.framework/sprig_web_assets.bundle/snippet.html,07/18/2026 16:37:23,,1563020,,iOS,WebKit,"Mozilla/5.0 (iPhone; CPU iPhone OS 18_7 like Mac OS X) AppleWebKit/605.1.15 (KHTML, like Gecko) Mobile/15E148",{},[App] Guide Viewed,6af7aeb1-d893-46d7-8b5c-3d06e2599a05,{},How likely are you to recommend SuperSummary to a friend or colleague?,5,detractor,,,,,,,,,,,,,,,,,,,,,,,,,,,,,,,,,,,,,,,,,,,,,,,,book_club_member,book_club_member,,u_6e49e031d03a7426,[name],null,false,true,,[name],the-river-is-waiting,,annual_essentials,annual,,Active Subscriber,true,Active Subscriber,2026-03-17T16:53:45.000-07:00,2,
349231,NPS Mobile App / BCM,25f05d11-f496-4d9e-b77a-1e9e40ef4720,file:///var/containers/Bundle/Application/775EEA0B-4598-421A-96E3-6FCE1F3B645E/Runner.app/Frameworks/UserLeapKit.framework/sprig_web_assets.bundle/snippet.html,07/18/2026 06:17:29,07/18/2026 06:17:34,1610975,,iOS,WebKit,"Mozilla/5.0 (iPhone; CPU iPhone OS 18_7 like Mac OS X) AppleWebKit/605.1.15 (KHTML, like Gecko) Mobile/15E148",{},[App] Guide Viewed,25c5d9ee-91a0-4975-8486-8015f92a4523,{},How likely are you to recommend SuperSummary to a friend or colleague?,8,passive,What's the main reason for your score?,[skipped by user],,,,,,,,,,,,,,,,,,,,,,,What's one thing you'd like to see added or improved on SuperSummary?,[skipped by user],,,,,,,,,,,,,,,,,,,,,1.17.2,book_club_member,book_club_member,,u_85a6a698ebb30de9,[name],null,false,true,,[name],atmosphere,26.3.1,annual_plus_apple-USD,annual,4.27.0,Active Subscriber,true,Active Subscriber,2026-04-22T12:56:00.000-07:00,2,
349231,NPS Mobile App / BCM,74b5dd61-c9c3-4c60-93d2-00c5a6fc14ef,file:///var/containers/Bundle/Application/D9A0C374-11A3-450A-B170-CD49426A6220/Runner.app/Frameworks/UserLeapKit.framework/sprig_web_assets.bundle/snippet.html,07/18/2026 04:21:51,,537591,,iOS,WebKit,"Mozilla/5.0 (Macintosh; Intel Mac OS X 10_15_7) AppleWebKit/605.1.15 (KHTML, like Gecko)",{},[App] Guide Viewed,20b15f49-ff55-42c8-b5a7-0d964434a75f,{},How likely are you to recommend SuperSummary to a friend or colleague?,10,promoter,What's the main reason for your score?,Helpful for book cluns,Helpful for Book Discussions,,,,,,,,,,,,1,,,,,,,,,,,,,,,,,,,,,,,,,,,,,,,,,book_club_member,book_club_member,,u_9b540be3fe5bcf14,[name],null,false,true,2024-04-17T12:37:12.311-07:00,[name],gone-before-goodbye,,annual,annual,,Active Subscriber,true,Active Subscriber,2024-04-17T12:36:11.000-07:00,23,1
349231,NPS Mobile App / BCM,367c43a9-f6bc-4602-8199-9e9afb4216ff,file:///var/containers/Bundle/Application/357C5CE9-5C52-48B1-8F43-0029EAF7858A/Runner.app/Frameworks/UserLeapKit.framework/sprig_web_assets.bundle/snippet.html,07/17/2026 05:23:46,,607231,,iOS,WebKit,"Mozilla/5.0 (iPhone; CPU iPhone OS 18_7 like Mac OS X) AppleWebKit/605.1.15 (KHTML, like Gecko) Mobile/15E148",{},[App] Guide Viewed,5b5eafc6-ad8b-4cc1-a350-4e1d9a5eb838,{},How likely are you to recommend SuperSummary to a friend or colleague?,10,promoter,,,,,,,,,,,,,,,,,,,,,,,,,,,,,,,,,,,,,,,,,,,,,,,,book_club_member,book_club_member,,u_c1681040bccbe854,[name],null,false,true,,[name],we-used-to-live-here,,annual,annual,,Active Subscriber,true,Active Subscriber,2024-07-06T06:30:38.000-07:00,25,
349231,NPS Mobile App / BCM,cb184cac-df04-45d4-a84f-74ee80f48097,file:///var/containers/Bundle/Application/BC7B29A6-1FA6-435D-B985-63A8D4D8ECFD/Runner.app/Frameworks/UserLeapKit.framework/sprig_web_assets.bundle/snippet.html,07/16/2026 20:10:04,,361721,,iOS,WebKit,"Mozilla/5.0 (iPhone; CPU iPhone OS 18_7 like Mac OS X) AppleWebKit/605.1.15 (KHTML, like Gecko) Mobile/15E148",{},[App] Guide Viewed,2b629ef7-61e3-40dc-b336-e7a1f085aaf6,{},How likely are you to recommend SuperSummary to a friend or colleague?,10,promoter,,,,,,,,,,,,,,,,,,,,,,,,,,,,,,,,,,,,,,,,,,,,,,,,book_club_member,book_club_member,,u_de6f57aa2bafdf9b,[name],null,false,true,2023-10-31T15:56:34.002-07:00,[name],yesteryear-caro-claire-burke,,annual,annual,,Active Subscriber,true,Active Subscriber,2023-05-03T07:35:55.000-07:00,39,1
349231,NPS Mobile App / BCM,a73c9938-394f-4b1c-97b4-78e2ebf2e1d1,file:///var/containers/Bundle/Application/3C1EA853-99E0-4213-961B-B79468D97C85/Runner.app/Frameworks/UserLeapKit.framework/sprig_web_assets.bundle/snippet.html,07/16/2026 17:48:51,07/16/2026 17:50:37,1296691,,iOS,WebKit,"Mozilla/5.0 (iPhone; CPU iPhone OS 18_7 like Mac OS X) AppleWebKit/605.1.15 (KHTML, like Gecko) Mobile/15E148",{},[App] Guide Viewed,47d64e4e-b672-4f3d-a982-57549347a873,{},How likely are you to recommend SuperSummary to a friend or colleague?,10,promoter,What's the main reason for your score?,"Superb and intelligent, the crafting of each report is in-depth yet a good length",Detailed Analysis,,,,,,,1,,,,,,,,,,,,,,,What's one thing you'd like to see added or improved on SuperSummary?,Nothing comes to mind. It is so impressive.,,,,,,,,,,,,,,,,,,,,,,book_club_member,book_club_member,,u_5d2eab3b1e455630,[name],null,false,true,,[name],theo-of-golden,,annual,annual,,Active Subscriber,true,Active Subscriber,2025-08-24T07:14:19.000-07:00,8,
349231,NPS Mobile App / BCM,47476290-c0c5-4716-837f-05b38cbf4a6f,file:///var/containers/Bundle/Application/F287430D-47A6-4879-84BA-F45B6EC06610/Runner.app/Frameworks/UserLeapKit.framework/sprig_web_assets.bundle/snippet.html,07/16/2026 12:59:01,,1078029,,iOS,WebKit,"Mozilla/5.0 (iPhone; CPU iPhone OS 18_7 like Mac OS X) AppleWebKit/605.1.15 (KHTML, like Gecko) Mobile/15E148",{},[App] Guide Viewed,01b13939-49b1-4f29-94f5-274490687b9c,{},How likely are you to recommend SuperSummary to a friend or colleague?,10,promoter,What's the main reason for your score?,Very helpful for book club,Book Club Support,1,,,,,,,,,,,,,,,,,,,,,,,,,,,,,,,,,,,,,,,,,,,,book_club_member,book_club_member,,u_eece549b8c257a65,[name],null,false,true,,[name],the-lions-of-fifth-avenue,,annual_subscription_36-USD,annual,,,true,Non Renewing Subscriber,2025-03-19T14:49:01.000-07:00,17,
349231,NPS Mobile App / BCM,015eefaa-87c4-4d62-a335-d06a8cc15694,file:///android_asset/snippet.html,07/16/2026 04:51:48,07/16/2026 04:51:56,1210282,,Android,Chrome WebView,"Mozilla/5.0 (Linux; Android 16; SM-S931U Build/BP4A.251205.006; wv) AppleWebKit/537.36 (KHTML, like Gecko) Version/4.0 Chrome/150.0.7871.46 Mobile Safari/537.36",{},[App] Guide Viewed,e4c80cf5-6555-468e-b26b-95b9986fb785,{},,9,promoter,,[skipped by user],,,,,,,,,,,,,,,,,,,,,,,,[skipped by user],,,,,,,,,,,,,,,[skipped by user],,,,,,,book_club_member,book_club_member,,u_2b7a2b911236126a,[name],null,false,true,,[name],the-correspondent,,supersummary_annual-36-USD,annual,,Active Subscriber,true,Active Subscriber,2025-10-31T08:22:34.000-07:00,6,
349231,NPS Mobile App / BCM,0572a117-7e4d-4dbb-9d4d-d12767018618,file:///var/containers/Bundle/Application/3239B97B-E6E2-4D46-BDC9-433B35CF2954/Runner.app/Frameworks/UserLeapKit.framework/sprig_web_assets.bundle/snippet.html,07/15/2026 23:41:18,07/15/2026 23:41:33,208599,,iOS,WebKit,"Mozilla/5.0 (Macintosh; Intel Mac OS X 10_15_7) AppleWebKit/605.1.15 (KHTML, like Gecko)",{},[App] Guide Viewed,b0ad1463-445b-4ca8-ad70-83654c481890,{},How likely are you to recommend SuperSummary to a friend or colleague?,9,promoter,What's the main reason for your score?,The plot summaries,Comprehensive Summaries,,,,1,,,,,,,,,,,,,,,,,,What's one thing you'd like to see added or improved on SuperSummary?,[skipped by user],,,,,,,,,,,,,,,,,,,,,,book_club_member,book_club_member,,u_e4accc0a9f356b5f,[name],null,false,true,,[name],the-frozen-river,,annual,annual,,Active Subscriber,true,Active Subscriber,2022-05-21T18:58:11.000-07:00,50,0
349231,NPS Mobile App / BCM,f43a7c35-8913-4652-90f0-2b88d95145c7,file:///var/containers/Bundle/Application/50B1A052-134D-49A6-AC36-C958DA1F5FE7/Runner.app/Frameworks/UserLeapKit.framework/sprig_web_assets.bundle/snippet.html,07/15/2026 18:53:40,,508188,,iOS,WebKit,"Mozilla/5.0 (iPhone; CPU iPhone OS 18_7 like Mac OS X) AppleWebKit/605.1.15 (KHTML, like Gecko) Mobile/15E148",{},[App] Guide Viewed,c10d0054-579c-4f8e-b76c-cd74b83ccefb,{},How likely are you to recommend SuperSummary to a friend or colleague?,10,promoter,,,,,,,,,,,,,,,,,,,,,,,,,,,,,,,,,,,,,,,,,,,,,,,,book_club_member,book_club_member,,u_65d5019f92b8dfeb,[name],null,false,true,,[name],the-book-thief,,,annual,,Active Subscriber,true,Active Subscriber,2025-08-09T09:43:28.000-07:00,16,0
349231,NPS Mobile App / BCM,de55b18e-1d3d-4529-928d-ca13ffb41a81,file:///var/containers/Bundle/Application/DEA2090E-FA73-4222-9AAE-36E1D5E2F24A/Runner.app/Frameworks/UserLeapKit.framework/sprig_web_assets.bundle/snippet.html,07/15/2026 16:27:23,07/15/2026 16:28:19,356514,,iOS,WebKit,"Mozilla/5.0 (iPhone; CPU iPhone OS 18_7 like Mac OS X) AppleWebKit/605.1.15 (KHTML, like Gecko) Mobile/15E148",{},[App] Guide Viewed,260626b3-e951-48c6-9dd1-4c1e664df154,{},How likely are you to recommend SuperSummary to a friend or colleague?,10,promoter,What's the main reason for your score?,Complete and Thorough,Comprehensive Summaries,,,,1,,,,,,,,,,,,,,,,,,What's one thing you'd like to see added or improved on SuperSummary?,[skipped by user],,,,,,,,,,,,,,,,,,,,,,book_club_member,book_club_member,,u_cd526270f49e413b,[name],null,false,true,2023-06-25T13:56:02.363-07:00,[name],the-wager,,annual,annual,,Active Subscriber,true,Active Subscriber,2025-05-07T09:09:30.000-07:00,13,2
349231,NPS Mobile App / BCM,07d19130-4f64-4dcb-a854-c7dd527cd063,file:///var/containers/Bundle/Application/4F2C94AB-C549-4E10-8144-41A6C712BEBB/Runner.app/Frameworks/UserLeapKit.framework/sprig_web_assets.bundle/snippet.html,07/15/2026 15:50:11,07/15/2026 15:50:38,1325503,,iOS,WebKit,"Mozilla/5.0 (Macintosh; Intel Mac OS X 10_15_7) AppleWebKit/605.1.15 (KHTML, like Gecko)",{},[App] Guide Viewed,f6d82912-bf05-416e-a502-165f031cd723,{},How likely are you to recommend SuperSummary to a friend or colleague?,10,promoter,What's the main reason for your score?,I use it to help run book club.,Book Club Support,1,,,,,,,,,,,,,,,,,,,,,What's one thing you'd like to see added or improved on SuperSummary?,[skipped by user],,,,,,,,,,,,,,,,,,,,,1.15.3,book_club_member,book_club_member,,u_a4f8e381f944dda9,[name],null,false,true,,[name],yesteryear-caro-claire-burke,26.2.1,annual_plus,annual,4.25.2,Active Subscriber,true,Active Subscriber,2025-09-15T08:12:16.000-07:00,10,
349231,NPS Mobile App / BCM,08efbbca-8ac6-4a08-8b73-17bdcd555c03,file:///var/containers/Bundle/Application/0F47D5F1-40C7-4216-BB26-7A2A515400B3/Runner.app/Frameworks/UserLeapKit.framework/sprig_web_assets.bundle/snippet.html,07/15/2026 01:41:05,,1329684,,iOS,WebKit,"Mozilla/5.0 (iPhone; CPU iPhone OS 18_7 like Mac OS X) AppleWebKit/605.1.15 (KHTML, like Gecko) Mobile/15E148",{},[App] Guide Viewed,fdbf7173-45d2-4e23-ae52-671f603d59a8,{},How likely are you to recommend SuperSummary to a friend or colleague?,10,promoter,What's the main reason for your score?,[skipped by user],,,,,,,,,,,,,,,,,,,,,,,,,,,,,,,,,,,,,,,,,,,,,,book_club_member,book_club_member,,u_f84e059cf7201798,[name],null,false,true,,[name],finding-margaret-fuller,,annual_essentials_3599,annual,,Active Subscriber,true,Active Subscriber,2025-09-17T17:48:22.000-07:00,9,
349231,NPS Mobile App / BCM,54220dde-f0b3-49a1-a5cc-82a7a776f84b,file:///var/containers/Bundle/Application/E05886D5-EF15-43D2-BF2E-7C4C354DDB05/Runner.app/Frameworks/UserLeapKit.framework/sprig_web_assets.bundle/snippet.html,07/14/2026 19:15:26,,1639676,,iOS,WebKit,"Mozilla/5.0 (iPhone; CPU iPhone OS 18_7 like Mac OS X) AppleWebKit/605.1.15 (KHTML, like Gecko) Mobile/15E148",{},[App] Guide Viewed,317277a1-d24d-4eaf-bf77-62e1a92b029f,{},How likely are you to recommend SuperSummary to a friend or colleague?,6,detractor,,,,,,,,,,,,,,,,,,,,,,,,,,,,,,,,,,,,,,,,,,,,,,,1.17.3,book_club_member,book_club_member,,u_f72205ea8936b281,[name],null,false,true,,[name],unravel-me,26.4.2,free-plan,annual,4.27.0,Active Subscriber,true,Active Subscriber,2026-05-13T11:00:30.000-07:00,2,
349231,NPS Mobile App / BCM,9cf2f2ec-adba-4ed4-aaf4-214fc26ced3f,file:///var/containers/Bundle/Application/A2A69402-7148-4208-A4E3-EBB064A48104/Runner.app/Frameworks/UserLeapKit.framework/sprig_web_assets.bundle/snippet.html,07/14/2026 16:18:26,,1544159,,iOS,WebKit,"Mozilla/5.0 (iPhone; CPU iPhone OS 18_7 like Mac OS X) AppleWebKit/605.1.15 (KHTML, like Gecko) Mobile/15E148",{},[App] Guide Viewed,bb6464ba-d151-4eeb-a8df-6c58d7a9efe2,{},How likely are you to recommend SuperSummary to a friend or colleague?,8,passive,,,,,,,,,,,,,,,,,,,,,,,,,,,,,,,,,,,,,,,,,,,,,,,,book_club_member,book_club_member,,u_7713d35c51bd8b40,[name],null,false,true,,[name],when-two-feathers-fell-from-the-sky,,annual_plus,annual,,Active Subscriber,true,Active Subscriber,2026-03-04T07:48:11.000-08:00,3,
349231,NPS Mobile App / BCM,7ca8021d-99d5-48bf-924e-70b6d5264ae6,file:///var/containers/Bundle/Application/C69C96D7-CF6D-4E1E-B8AA-310D14D13D6F/Runner.app/Frameworks/UserLeapKit.framework/sprig_web_assets.bundle/snippet.html,07/14/2026 14:40:27,,501381,,iOS,WebKit,"Mozilla/5.0 (iPhone; CPU iPhone OS 18_7 like Mac OS X) AppleWebKit/605.1.15 (KHTML, like Gecko) Mobile/15E148",{},[App] Guide Viewed,9d250ea5-bf40-4e8b-9dd9-de1ba403461a,{},How likely are you to recommend SuperSummary to a friend or colleague?,8,passive,,,,,,,,,,,,,,,,,,,,,,,,,,,,,,,,,,,,,,,,,,,,,,,,book_club_member,book_club_member,,u_3c019dde643ac078,[name],null,false,true,2024-03-18T10:55:43.179-07:00,[name],mercury-pictures-presents,,,annual,,Active Subscriber,true,Active Subscriber,2024-02-26T10:51:49.000-08:00,17,2
349231,NPS Mobile App / BCM,6ed2453b-c152-4de5-a79c-4c886833038d,file:///android_asset/snippet.html,07/14/2026 06:55:26,07/14/2026 06:56:03,1439733,,Android,Chrome WebView,"Mozilla/5.0 (Linux; Android 16; SM-S948U Build/BP4A.251205.006; wv) AppleWebKit/537.36 (KHTML, like Gecko) Version/4.0 Chrome/149.0.7827.159 Mobile Safari/537.36",{},[App] Guide Viewed,ec4fa2ad-7e54-4da9-b352-fc94a09dba38,{},,1,detractor,,Too difficult to navigate.,,,,,,,,,,,,,,,,,,,,,,,,[skipped by user],,,,,,,,,,,,,,,[skipped by user],,,,,,,book_club_member,book_club_member,,u_45d27c3326fa0c2d,[name],null,false,true,,[name],a-thousand-ships,,annual_plus,annual,,Active Subscriber,true,Active Subscriber,2025-12-09T20:20:07.000-08:00,7,
349231,NPS Mobile App / BCM,b82c9f9b-ed16-436d-b639-f0bef8dea0e7,file:///var/containers/Bundle/Application/9C1CE30B-895A-4242-807C-BFE0CB0E6D09/Runner.app/Frameworks/UserLeapKit.framework/sprig_web_assets.bundle/snippet.html,07/14/2026 01:03:18,07/14/2026 01:03:23,888495,,iOS,WebKit,"Mozilla/5.0 (iPhone; CPU iPhone OS 18_7 like Mac OS X) AppleWebKit/605.1.15 (KHTML, like Gecko) Mobile/15E148",{},[App] Guide Viewed,a3928ab9-c052-4aa6-a29b-ec5d2b06e3a2,{},How likely are you to recommend SuperSummary to a friend or colleague?,10,promoter,What's the main reason for your score?,[skipped by user],,,,,,,,,,,,,,,,,,,,,,,What's one thing you'd like to see added or improved on SuperSummary?,[skipped by user],,,,,,,,,,,,,,,,,,,,,,book_club_member,book_club_member,,u_8ce7b479806edb45,[name],null,false,true,,[name],culpability,,,annual,,Active Subscriber,true,Active Subscriber,2024-12-15T12:04:12.000-08:00,9,
349231,NPS Mobile App / BCM,58dd7ebe-0432-46fc-83fd-67ba1f3e637d,file:///android_asset/snippet.html,07/14/2026 00:53:41,07/14/2026 00:55:13,665494,,Android,Chrome WebView,"Mozilla/5.0 (Linux; Android 16; SM-S901U Build/BP2A.250605.031.A3; wv) AppleWebKit/537.36 (KHTML, like Gecko) Version/4.0 Chrome/150.0.7871.46 Mobile Safari/537.36",{},[App] Guide Viewed,cd001ba0-84f6-4b0f-8c84-f4d38ff0ab29,{},,10,promoter,,Help with book club,Book Club Support,1,,,,,,,,,,,,,,,,,,,,,,[skipped by user],,,,,,,,,,,,,,,Corrections in Ink,Unmet Book Requests,,,,1,,book_club_member,book_club_member,,u_540102d54e2e3e7d,[name],null,false,true,,[name],the-correspondent,,annual_plus,annual,,Active Subscriber,true,Active Subscriber,2025-10-14T12:57:09.000-07:00,22,
349231,NPS Mobile App / BCM,30973f2b-2aeb-4dd8-8fd2-ab36900698e2,file:///android_asset/snippet.html,07/14/2026 00:08:24,,605819,,Android,Chrome WebView,"Mozilla/5.0 (Linux; Android 16; SM-S928U Build/BP4A.251205.006; wv) AppleWebKit/537.36 (KHTML, like Gecko) Version/4.0 Chrome/149.0.7827.159 Mobile Safari/537.36",{},[App] Guide Viewed,5d625e83-32df-4367-90fa-0a49dd632990,{},,10,promoter,,,,,,,,,,,,,,,,,,,,,,,,,,,,,,,,,,,,,,,,,,,,,,,,book_club_member,book_club_member,,u_64c8c8e94932f4cd,[name],null,false,true,,[name],eat-your-ice-cream,,annual,annual,,Active Subscriber,true,Active Subscriber,2024-07-02T10:25:40.000-07:00,22,
349231,NPS Mobile App / BCM,2bd39bf1-f265-46e1-9618-8198a5dfb2ea,file:///var/containers/Bundle/Application/7FCF0849-23D2-45A4-B6D7-AD1978C6D45A/Runner.app/Frameworks/UserLeapKit.framework/sprig_web_assets.bundle/snippet.html,07/13/2026 23:30:15,07/13/2026 23:30:22,1528983,,iOS,WebKit,"Mozilla/5.0 (Macintosh; Intel Mac OS X 10_15_7) AppleWebKit/605.1.15 (KHTML, like Gecko)",{},[App] Guide Viewed,3c58be3d-17ad-498c-b360-3676514df513,{},How likely are you to recommend SuperSummary to a friend or colleague?,7,passive,What's the main reason for your score?,[skipped by user],,,,,,,,,,,,,,,,,,,,,,,What's one thing you'd like to see added or improved on SuperSummary?,[skipped by user],,,,,,,,,,,,,,,,,,,,,,book_club_member,book_club_member,,u_7a2641263e916ff8,[name],null,false,true,,[name],the-river-is-waiting,,annual_essentials,annual,,Active Subscriber,true,Active Subscriber,2026-02-23T08:20:18.000-08:00,2,
349231,NPS Mobile App / BCM,6477db7f-638a-42c5-937e-bffd5e382701,file:///var/containers/Bundle/Application/D2A43234-1592-453A-B443-FDB174B988B7/Runner.app/Frameworks/UserLeapKit.framework/sprig_web_assets.bundle/snippet.html,07/13/2026 17:40:20,07/13/2026 17:40:27,2369,,iOS,WebKit,"Mozilla/5.0 (iPhone; CPU iPhone OS 18_7 like Mac OS X) AppleWebKit/605.1.15 (KHTML, like Gecko) Mobile/15E148",{},[App] Guide Viewed,3034608f-9ce5-4f2a-899e-f4bb06642c6a,{},How likely are you to recommend SuperSummary to a friend or colleague?,9,promoter,What's the main reason for your score?,[skipped by user],,,,,,,,,,,,,,,,,,,,,,,What's one thing you'd like to see added or improved on SuperSummary?,[skipped by user],,,,,,,,,,,,,,,,,,,,,,book_club_member,book_club_member,,u_2bfc5564caaa8154,[name],null,false,true,,[name],the-beekeeper-of-aleppo,,,annual,,Active Subscriber,true,Active Subscriber,2023-07-08T14:47:13.000-07:00,54,0
349231,NPS Mobile App / BCM,fc7a449a-a3f5-4af4-8927-848513cbe304,file:///var/containers/Bundle/Application/67764528-DDCF-4143-B800-0470D5860D1E/Runner.app/Frameworks/UserLeapKit.framework/sprig_web_assets.bundle/snippet.html,07/13/2026 17:38:37,,481587,,iOS,WebKit,"Mozilla/5.0 (iPhone; CPU iPhone OS 18_7 like Mac OS X) AppleWebKit/605.1.15 (KHTML, like Gecko) Mobile/15E148",{},[App] Guide Viewed,7940635d-e996-4ad1-aca3-f0309dcb8092,{},How likely are you to recommend SuperSummary to a friend or colleague?,8,passive,,,,,,,,,,,,,,,,,,,,,,,,,,,,,,,,,,,,,,,,,,,,,,,,book_club_member,book_club_member,,u_57aa21221c22ec30,[name],null,false,true,2024-01-29T11:02:25.867-08:00,[name],wreck-catherine-newman,,annual,annual,,Active Subscriber,true,Active Subscriber,2024-01-21T14:31:02.000-08:00,27,1
349231,NPS Mobile App / BCM,9552277a-2636-4bb8-9d5b-39c99fd32029,file:///var/containers/Bundle/Application/99CE594D-B3D0-471B-8425-8A22CE2B43F9/Runner.app/Frameworks/UserLeapKit.framework/sprig_web_assets.bundle/snippet.html,07/13/2026 16:18:19,07/13/2026 16:18:26,1565419,,iOS,WebKit,"Mozilla/5.0 (iPhone; CPU iPhone OS 18_7 like Mac OS X) AppleWebKit/605.1.15 (KHTML, like Gecko) Mobile/15E148",{},[App] Guide Viewed,c99efcd3-9c73-4dc9-a1a4-e3101aecdf96,{},How likely are you to recommend SuperSummary to a friend or colleague?,10,promoter,What's the main reason for your score?,[skipped by user],,,,,,,,,,,,,,,,,,,,,,,What's one thing you'd like to see added or improved on SuperSummary?,[skipped by user],,,,,,,,,,,,,,,,,,,,,,book_club_member,book_club_member,,u_5d64f621748a3489,[name],null,false,true,,[name],the-widow-grisham,,annual_essentials,annual,,Active Subscriber,true,Active Subscriber,2026-03-19T08:48:41.000-07:00,3,
349231,NPS Mobile App / BCM,2cfcaf1b-a321-45a8-a810-7e3236f839cc,file:///var/containers/Bundle/Application/0D3CD4BB-4548-4AA5-8335-F7A10A1F81DA/Runner.app/Frameworks/UserLeapKit.framework/sprig_web_assets.bundle/snippet.html,07/13/2026 13:14:40,,333889,,iOS,WebKit,"Mozilla/5.0 (iPad; CPU OS 18_6_2 like Mac OS X) AppleWebKit/605.1.15 (KHTML, like Gecko) Mobile/15E148",{},[App] Guide Viewed,cbd27a43-e674-4d60-9cf5-1400a6e63bc1,{},How likely are you to recommend SuperSummary to a friend or colleague?,10,promoter,What's the main reason for your score?,[skipped by user],,,,,,,,,,,,,,,,,,,,,,,,,,,,,,,,,,,,,,,,,,,,,,book_club_member,book_club_member,,u_0493461d66ba171a,[name],null,false,true,2023-03-20T17:31:43.190-07:00,[name],wolf-hall,,annual,annual,,Active Subscriber,true,Active Subscriber,2023-03-20T17:30:42.000-07:00,37,1
349231,NPS Mobile App / BCM,aebd305a-fcd1-41e5-bbfe-cf668f55cc5d,file:///var/containers/Bundle/Application/B3992DB5-1AD7-475A-8D4D-93B93207EDD0/Runner.app/Frameworks/UserLeapKit.framework/sprig_web_assets.bundle/snippet.html,07/13/2026 10:52:52,,188291,,iOS,WebKit,"Mozilla/5.0 (Macintosh; Intel Mac OS X 10_15_7) AppleWebKit/605.1.15 (KHTML, like Gecko)",{},[App] Guide Viewed,4b41bd06-e31c-4e28-94d0-dd8d1b9afd42,{},How likely are you to recommend SuperSummary to a friend or colleague?,10,promoter,,,,,,,,,,,,,,,,,,,,,,,,,,,,,,,,,,,,,,,,,,,,,,,,book_club_member,book_club_member,,u_dcb97c79b7b9fd88,[name],null,false,true,2023-02-07T14:46:49.053-08:00,[name],theo-of-golden,,annual,annual,,Active Subscriber,true,Active Subscriber,2024-03-11T16:03:05.000-07:00,38,2
349231,NPS Mobile App / BCM,bd299b5e-3ac9-4da9-b982-29727ce046dd,file:///var/containers/Bundle/Application/DD05D01A-6DBD-4986-A936-A3D9F6DC272E/Runner.app/Frameworks/UserLeapKit.framework/sprig_web_assets.bundle/snippet.html,07/13/2026 10:19:18,07/13/2026 10:19:59,480148,,iOS,WebKit,"Mozilla/5.0 (iPhone; CPU iPhone OS 18_7 like Mac OS X) AppleWebKit/605.1.15 (KHTML, like Gecko) Mobile/15E148",{},[App] Guide Viewed,98a0f9e7-9732-4dca-9a7c-aed309df9149,{},How likely are you to recommend SuperSummary to a friend or colleague?,10,promoter,What's the main reason for your score?,Memory,Memory Aid,,,,,,,,,,,,,,,1,,,,,,,What's one thing you'd like to see added or improved on SuperSummary?,Im not sure yet,,,,,,,,,,,,,,,,,,,,,,book_club_member,book_club_member,,u_5d55b37a19d5ae91,[name],null,false,true,,[name],the-teacher,,,annual,,Active Subscriber,true,Active Subscriber,2024-01-17T12:38:01.000-08:00,13,0
349231,NPS Mobile App / BCM,38a204d5-d16b-42e6-b9e2-78148a221986,file:///android_asset/snippet.html,07/13/2026 09:50:44,,1631540,,Android,Chrome WebView,"Mozilla/5.0 (Linux; Android 16; SM-A156U1 Build/BP2A.250605.031.A3; wv) AppleWebKit/537.36 (KHTML, like Gecko) Version/4.0 Chrome/149.0.7827.159 Mobile Safari/537.36",{},[App] Guide Viewed,1d715073-e72a-452f-9144-d5988de2cb90,{},,8,passive,,,,,,,,,,,,,,,,,,,,,,,,,,,,,,,,,,,,,,,,,,,,,,,,book_club_member,book_club_member,,u_67c9592f6a8c46f0,[name],null,false,true,,[name],something-in-the-water,,annual_plus,annual,,Active Subscriber,true,Active Subscriber,2026-05-07T08:28:02.000-07:00,2,
349231,NPS Mobile App / BCM,68951403-44eb-41f2-9374-b106ec689d6f,file:///android_asset/snippet.html,07/13/2026 03:35:10,07/13/2026 03:35:29,1142953,,Android,Chrome WebView,"Mozilla/5.0 (Linux; Android 11; 9198S Build/RKQ1.210614.002; wv) AppleWebKit/537.36 (KHTML, like Gecko) Version/4.0 Chrome/149.0.7827.160 Safari/537.36",{},[App] Guide Viewed,e04e7d01-68d6-472c-9aa9-30bfbc771771,{},,10,promoter,,Good summaries,Comprehensive Summaries,,,,1,,,,,,,,,,,,,,,,,,,[skipped by user],,,,,,,,,,,,,,,[skipped by user],,,,,,,book_club_member,book_club_member,,u_3ea2cefbdcd2f1cd,[name],null,false,true,,[name],bel-canto,,annual,annual,,Active Subscriber,true,Active Subscriber,2025-04-20T17:53:42.000-07:00,15,
349231,NPS Mobile App / BCM,5404787a-c119-4c48-afcf-ee62de33682b,file:///var/containers/Bundle/Application/9A2FDEC7-C4EF-4562-AF6C-78ABD042BB26/Runner.app/Frameworks/UserLeapKit.framework/sprig_web_assets.bundle/snippet.html,07/13/2026 01:59:25,07/13/2026 01:59:36,1593460,,iOS,WebKit,"Mozilla/5.0 (iPhone; CPU iPhone OS 18_7 like Mac OS X) AppleWebKit/605.1.15 (KHTML, like Gecko) Mobile/15E148",{},[App] Guide Viewed,a40845ad-9b2e-4ffb-9c66-8dda55d87043,{},How likely are you to recommend SuperSummary to a friend or colleague?,10,promoter,What's the main reason for your score?,Good resources,Valuable Resource,,,,,,,,,,,,,,,,,,,,1,,What's one thing you'd like to see added or improved on SuperSummary?,[skipped by user],,,,,,,,,,,,,,,,,,,,,1.17.2,book_club_member,book_club_member,,u_302f2dffb78a22de,[name],null,false,true,,[name],how-to-stand-up-to-a-dictator,26.4,annual_plus,annual,4.27.0,Active Subscriber,true,Active Subscriber,2026-04-10T04:13:52.000-07:00,2,
349231,NPS Mobile App / BCM,05687de0-68e5-4c6d-8da8-0109a63143da,file:///var/containers/Bundle/Application/8C2F33BA-9286-4EA7-99AB-F50B570AEB3D/Runner.app/Frameworks/UserLeapKit.framework/sprig_web_assets.bundle/snippet.html,07/13/2026 00:54:28,,230542,,iOS,WebKit,"Mozilla/5.0 (iPhone; CPU iPhone OS 18_7 like Mac OS X) AppleWebKit/605.1.15 (KHTML, like Gecko) Mobile/15E148",{},[App] Guide Viewed,b8642305-7c15-4bed-8f0b-45e7d102bf09,{},How likely are you to recommend SuperSummary to a friend or colleague?,8,passive,,,,,,,,,,,,,,,,,,,,,,,,,,,,,,,,,,,,,,,,,,,,,,,,book_club_member,book_club_member,,u_8115e51794458f71,[name],null,false,true,,[name],broken-country,,annual,annual,,Active Subscriber,true,Active Subscriber,2022-07-09T06:51:41.000-07:00,48,0
349231,NPS Mobile App / BCM,932e5523-9f83-4bf1-a857-79176053c1ca,file:///var/containers/Bundle/Application/D9CB0271-880C-41AB-9274-BF4EAEDE113A/Runner.app/Frameworks/UserLeapKit.framework/sprig_web_assets.bundle/snippet.html,07/12/2026 20:40:29,07/12/2026 20:41:53,491297,,iOS,WebKit,"Mozilla/5.0 (iPhone; CPU iPhone OS 18_7 like Mac OS X) AppleWebKit/605.1.15 (KHTML, like Gecko) Mobile/15E148",{},[App] Guide Viewed,cde6671f-bf55-4476-a100-38fc50bbd051,{},How likely are you to recommend SuperSummary to a friend or colleague?,10,promoter,What's the main reason for your score?,I love all the info and how it is laid out. It helps me form a discussion outline for book club.,Informative Layout,,,,,,,,,,,,,1,,,,,,,,,What's one thing you'd like to see added or improved on SuperSummary?,[skipped by user],,,,,,,,,,,,,,,,,,,,,,book_club_member,book_club_member,,u_354f438d9d2203d3,[name],null,false,true,,[name],my-friends-fredrik-backman,,annual,annual,,Active Subscriber,true,Active Subscriber,2024-02-08T17:45:42.000-08:00,26,
349231,NPS Mobile App / BCM,757e46d2-ef9e-4d63-b571-0cfa8c6f479d,file:///var/containers/Bundle/Application/09F34736-2AF8-4EE6-A613-FD6F31CB1125/Runner.app/Frameworks/UserLeapKit.framework/sprig_web_assets.bundle/snippet.html,07/12/2026 19:28:20,,331180,,iOS,WebKit,"Mozilla/5.0 (iPhone; CPU iPhone OS 18_7 like Mac OS X) AppleWebKit/605.1.15 (KHTML, like Gecko) Mobile/15E148",{},[App] Guide Viewed,a3fe13a2-8a07-467a-bae5-6bc33c8b08cd,{},How likely are you to recommend SuperSummary to a friend or colleague?,9,promoter,,,,,,,,,,,,,,,,,,,,,,,,,,,,,,,,,,,,,,,,,,,,,,,,book_club_member,book_club_member,,u_17f9dd05893ab87b,[name],null,false,true,2024-05-17T16:06:25.247-07:00,[name],atomic-habits,,annual,annual,,Active Subscriber,true,Active Subscriber,2023-03-15T17:45:33.000-07:00,40,4
349231,NPS Mobile App / BCM,9000f88d-4ed7-4a73-aa71-8aa347b0c3b8,file:///var/containers/Bundle/Application/AC90D3ED-6880-42D4-B157-FC810894D9D7/Runner.app/Frameworks/UserLeapKit.framework/sprig_web_assets.bundle/snippet.html,07/12/2026 18:37:45,07/12/2026 18:38:05,600743,,iOS,WebKit,"Mozilla/5.0 (iPhone; CPU iPhone OS 18_7 like Mac OS X) AppleWebKit/605.1.15 (KHTML, like Gecko) Mobile/15E148",{},[App] Guide Viewed,489e99cf-5768-4da0-ac3f-d1c14801bd34,{},How likely are you to recommend SuperSummary to a friend or colleague?,9,promoter,What's the main reason for your score?,It’s helpful to me,Valuable Resource,,,,,,,,,,,,,,,,,,,,1,,What's one thing you'd like to see added or improved on SuperSummary?,[skipped by user],,,,,,,,,,,,,,,,,,,,,,book_club_member,book_club_member,,u_afdec471a38582d0,[name],null,false,true,,[name],yesteryear-caro-claire-burke,,annual,annual,,Active Subscriber,true,Active Subscriber,2024-06-20T14:49:32.000-07:00,26,
349231,NPS Mobile App / BCM,ce4d2227-de4d-4ac9-8260-b5a52fca2b1a,file:///var/containers/Bundle/Application/DD344DF4-F071-4781-86E6-BBEA55B1993D/Runner.app/Frameworks/UserLeapKit.framework/sprig_web_assets.bundle/snippet.html,07/12/2026 18:04:28,,1578436,,iOS,WebKit,"Mozilla/5.0 (iPhone; CPU iPhone OS 18_7 like Mac OS X) AppleWebKit/605.1.15 (KHTML, like Gecko) Mobile/15E148",{},[App] Guide Viewed,4cc43297-0691-4c04-b1a7-0718f58fc6f2,{},How likely are you to recommend SuperSummary to a friend or colleague?,10,promoter,,,,,,,,,,,,,,,,,,,,,,,,,,,,,,,,,,,,,,,,,,,,,,,,book_club_member,book_club_member,,u_a3df259795de18ec,[name],null,false,true,,[name],fahrenheit-451,,annual_plus,annual,,Active Subscriber,true,Active Subscriber,2026-03-29T07:30:39.000-07:00,2,
349231,NPS Mobile App / BCM,5882175c-4cbb-4b2e-826e-238de6ffddf4,file:///var/containers/Bundle/Application/E71555C9-8225-4FFD-B0A5-D04377B4FD18/Runner.app/Frameworks/UserLeapKit.framework/sprig_web_assets.bundle/snippet.html,07/12/2026 17:27:57,,590861,,iOS,WebKit,"Mozilla/5.0 (iPhone; CPU iPhone OS 18_7 like Mac OS X) AppleWebKit/605.1.15 (KHTML, like Gecko) Mobile/15E148",{},[App] Guide Viewed,275f99b6-ebb5-4c18-a721-54d5f0261812,{},How likely are you to recommend SuperSummary to a friend or colleague?,8,passive,What's the main reason for your score?,[skipped by user],,,,,,,,,,,,,,,,,,,,,,,,,,,,,,,,,,,,,,,,,,,,,,book_club_member,book_club_member,,u_682b2abc7dbfe266,[name],null,false,true,,[name],the-women-hannah,,,annual,,Active Subscriber,true,Active Subscriber,2024-06-22T14:25:20.000-07:00,7,
349231,NPS Mobile App / BCM,dd1746c6-04f2-4ccb-98a1-e5cf2c5ed973,file:///android_asset/snippet.html,07/12/2026 17:27:40,,848986,,Android,Chrome WebView,"Mozilla/5.0 (Linux; Android 16; SM-F966U Build/BP4A.251205.006; wv) AppleWebKit/537.36 (KHTML, like Gecko) Version/4.0 Chrome/149.0.7827.159 Mobile Safari/537.36",{},[App] Guide Viewed,f0904367-4668-440b-93f7-5b085de006b2,{},,10,promoter,,,,,,,,,,,,,,,,,,,,,,,,,,,,,,,,,,,,,,,,,,,,,,,,book_club_member,book_club_member,,u_4b5752dc608c19b6,[name],null,false,true,,[name],the-dutch-house,,annual,annual,,Active Subscriber,true,Active Subscriber,2024-11-30T12:46:11.000-08:00,19,
349231,NPS Mobile App / BCM,e9f0ed15-4184-476a-9970-7ce2e1439ede,file:///var/containers/Bundle/Application/81F863FF-EDAB-4513-BEE5-D336CAFFB67B/Runner.app/Frameworks/UserLeapKit.framework/sprig_web_assets.bundle/snippet.html,07/12/2026 12:41:40,,1590168,,iOS,WebKit,"Mozilla/5.0 (iPad; CPU OS 18_7 like Mac OS X) AppleWebKit/605.1.15 (KHTML, like Gecko) Mobile/15E148",{},[App] Guide Viewed,d7ee362c-5ef1-4f23-8631-41f0c6b18bc5,{},How likely are you to recommend SuperSummary to a friend or colleague?,10,promoter,,,,,,,,,,,,,,,,,,,,,,,,,,,,,,,,,,,,,,,,,,,,,,,,book_club_member,book_club_member,,u_f22ba06af022f891,[name],null,false,true,,[name],the-correspondent,,annual_plus,annual,,Active Subscriber,true,Active Subscriber,2026-04-07T20:32:22.000-07:00,4,
349231,NPS Mobile App / BCM,00fb76f5-07f3-43d9-8b0c-bae9b93670e9,file:///var/containers/Bundle/Application/9D188E8A-1FE8-492F-9EFD-9887ADEF9235/Runner.app/Frameworks/UserLeapKit.framework/sprig_web_assets.bundle/snippet.html,07/12/2026 11:53:30,07/12/2026 11:55:22,392699,,iOS,WebKit,"Mozilla/5.0 (iPhone; CPU iPhone OS 18_7 like Mac OS X) AppleWebKit/605.1.15 (KHTML, like Gecko) Mobile/15E148",{},[App] Guide Viewed,dd4843da-ee38-4029-b0d5-8ab8f4beb1c1,{},How likely are you to recommend SuperSummary to a friend or colleague?,10,promoter,What's the main reason for your score?,I love SuperSummary analysid,Detailed Analysis,,,,,,,1,,,,,,,,,,,,,,,What's one thing you'd like to see added or improved on SuperSummary?,I find the various sections repetitive. Please condense the data.,Ease of Use,,,,,,,1,,,,,,,,,,,,,,book_club_member,book_club_member,,u_d8d8f13954b516e9,[name],null,false,true,2023-07-31T09:06:26.253-07:00,[name],the-everlasting,,annual_plus,annual,,Active Subscriber,true,Active Subscriber,2025-11-20T11:56:05.000-08:00,19,1
349231,NPS Mobile App / BCM,cf1e1328-0974-42bb-b088-87185cbd76be,file:///var/containers/Bundle/Application/DE0FDF3D-B5B7-4E36-B1F9-12F5B434D153/Runner.app/Frameworks/UserLeapKit.framework/sprig_web_assets.bundle/snippet.html,07/12/2026 02:19:46,,1283709,,iOS,WebKit,"Mozilla/5.0 (iPhone; CPU iPhone OS 18_7 like Mac OS X) AppleWebKit/605.1.15 (KHTML, like Gecko) Mobile/15E148",{},[App] Guide Viewed,d44170d0-2b29-434c-bd17-382c71cb0baf,{},How likely are you to recommend SuperSummary to a friend or colleague?,10,promoter,What's the main reason for your score?,[skipped by user],,,,,,,,,,,,,,,,,,,,,,,,,,,,,,,,,,,,,,,,,,,,,1.15.4,book_club_member,book_club_member,,u_b8e4ca4da442c483,[name],null,false,true,,[name],detransition-baby,26.2.1,annual_plus,annual,4.25.2,Active Subscriber,true,Active Subscriber,2025-08-12T11:33:38.000-07:00,11,
349231,NPS Mobile App / BCM,627ddbc1-9fa5-45b8-8525-7167b21151ba,file:///var/containers/Bundle/Application/C265C926-ACE1-4D3E-B23D-6256F0ADA34A/Runner.app/Frameworks/UserLeapKit.framework/sprig_web_assets.bundle/snippet.html,07/11/2026 16:46:15,07/11/2026 16:46:19,545409,,iOS,WebKit,"Mozilla/5.0 (iPhone; CPU iPhone OS 18_7 like Mac OS X) AppleWebKit/605.1.15 (KHTML, like Gecko) Mobile/15E148",{},[App] Guide Viewed,223efcac-ff8b-46d4-a753-9d1cc678303c,{},How likely are you to recommend SuperSummary to a friend or colleague?,10,promoter,What's the main reason for your score?,[skipped by user],,,,,,,,,,,,,,,,,,,,,,,What's one thing you'd like to see added or improved on SuperSummary?,[skipped by user],,,,,,,,,,,,,,,,,,,,,,book_club_member,book_club_member,,u_e21a32bb5081da10,[name],null,false,true,,[name],stone-yard-devotional,,annual,annual,,Active Subscriber,true,Active Subscriber,2025-06-03T08:23:04.000-07:00,13,0
349231,NPS Mobile App / BCM,1c881f6e-18ba-49cc-b49d-8ea86c769130,file:///var/containers/Bundle/Application/4CA4FB9A-1691-4D13-90BD-44D47F66E7D7/Runner.app/Frameworks/UserLeapKit.framework/sprig_web_assets.bundle/snippet.html,07/11/2026 15:55:21,,1499195,,iOS,WebKit,"Mozilla/5.0 (iPhone; CPU iPhone OS 18_7 like Mac OS X) AppleWebKit/605.1.15 (KHTML, like Gecko) Mobile/15E148",{},[App] Guide Viewed,2f1ab705-892f-4437-9d94-a72550c69380,{},How likely are you to recommend SuperSummary to a friend or colleague?,8,passive,,,,,,,,,,,,,,,,,,,,,,,,,,,,,,,,,,,,,,,,,,,,,,,,book_club_member,book_club_member,,u_8ede4f32fea75ebe,[name],null,false,true,,[name],the-stationery-shop,,annual_essentials,annual,,Active Subscriber,true,Active Subscriber,2026-02-02T17:53:23.000-08:00,3,
349231,NPS Mobile App / BCM,728f9f5a-2c01-44d0-b2fb-3870bf8befa9,file:///var/containers/Bundle/Application/AE73CE9F-F4B7-4DAA-A894-320EB0414AC2/Runner.app/Frameworks/UserLeapKit.framework/sprig_web_assets.bundle/snippet.html,07/11/2026 15:49:04,07/11/2026 15:49:23,260569,,iOS,WebKit,"Mozilla/5.0 (iPhone; CPU iPhone OS 18_7 like Mac OS X) AppleWebKit/605.1.15 (KHTML, like Gecko) Mobile/15E148",{},[App] Guide Viewed,6cf567ab-405e-45e3-8869-9b0832374795,{},How likely are you to recommend SuperSummary to a friend or colleague?,9,promoter,What's the main reason for your score?,Love it,User Recommendations,,,,,,,,,,,,,,,,,,,1,,,What's one thing you'd like to see added or improved on SuperSummary?,Unsure,,,,,,,,,,,,,,,,,,,,,,book_club_member,book_club_member,,u_2388882d3c4c6a45,[name],null,false,true,2023-04-24T07:39:42.035-07:00,[name],one-hundred-years-of-solitude,,,annual,,Active Subscriber,true,Active Subscriber,2022-10-16T13:18:27.000-07:00,24,1
349231,NPS Mobile App / BCM,e68b25fc-e527-4d85-9a39-4b1d59e64232,file:///var/containers/Bundle/Application/595F92FB-306E-48B6-8E51-37302611B8A6/Runner.app/Frameworks/UserLeapKit.framework/sprig_web_assets.bundle/snippet.html,07/11/2026 15:20:40,07/11/2026 15:20:43,700319,,iOS,WebKit,"Mozilla/5.0 (iPhone; CPU iPhone OS 18_7 like Mac OS X) AppleWebKit/605.1.15 (KHTML, like Gecko) Mobile/15E148",{},[App] Guide Viewed,68dee154-d368-46ce-8c42-ff2128cff995,{},How likely are you to recommend SuperSummary to a friend or colleague?,8,passive,What's the main reason for your score?,[skipped by user],,,,,,,,,,,,,,,,,,,,,,,What's one thing you'd like to see added or improved on SuperSummary?,[skipped by user],,,,,,,,,,,,,,,,,,,,,,book_club_member,book_club_member,,u_9c57535192978fa8,[name],null,false,true,,[name],project-hail-mary,,annual_plus,annual,,Active Subscriber,true,Active Subscriber,2025-07-31T14:14:17.000-07:00,12,
349231,NPS Mobile App / BCM,0e0543a9-8cff-49c5-8739-e6964cb1492f,file:///var/containers/Bundle/Application/36659D1D-363C-4CBE-A8FC-DF6174FA39F5/Runner.app/Frameworks/UserLeapKit.framework/sprig_web_assets.bundle/snippet.html,07/11/2026 14:28:17,07/11/2026 14:34:38,516144,,iOS,WebKit,"Mozilla/5.0 (iPhone; CPU iPhone OS 18_5 like Mac OS X) AppleWebKit/605.1.15 (KHTML, like Gecko) Mobile/15E148",{},[App] Guide Viewed,e4c70409-ddef-4947-bd8a-779a7ea0d0de,{},How likely are you to recommend SuperSummary to a friend or colleague?,7,passive,What's the main reason for your score?,It’s great but many times I don’t find the book I’m reading and not sure it has a way to nominate books to be added,Wide Selection,,,,,,,,,,,,,,,,,,,,,1,What's one thing you'd like to see added or improved on SuperSummary?,A way to nominate books to be added.,More Books,,,,,,,,,,1,,,Is there a book you've searched for on SuperSummary but couldn't find?,"Paradiso 17, Cuidad Láser, The Bad Habit",Unmet Book Requests,,,,1,,book_club_member,book_club_member,,u_d5ff8fc9c65cd5e9,[name],null,false,true,,[name],,,,annual,,Active Subscriber,true,Active Subscriber,2024-03-19T11:20:47.000-07:00,8,
349231,NPS Mobile App / BCM,ff31c7eb-7132-4721-99e7-8acc53a14d2a,file:///android_asset/snippet.html,07/11/2026 13:36:02,,129558,,Android,Chrome WebView,"Mozilla/5.0 (Linux; Android 15; SM-G991U Build/AP3A.240905.015.A2; wv) AppleWebKit/537.36 (KHTML, like Gecko) Version/4.0 Chrome/149.0.7827.160 Mobile Safari/537.36",{},[App] Guide Viewed,7e341f03-e0cb-4deb-9498-64acbdcc8b4a,{},,8,passive,,,,,,,,,,,,,,,,,,,,,,,,,,,,,,,,,,,,,,,,,,,,,,,,book_club_member,book_club_member,,u_5741a8a0f31de61e,[name],null,false,true,2023-11-15T10:50:07.517-08:00,[name],wild-dark-shore,,annual,annual,,Active Subscriber,true,Active Subscriber,2022-01-08T06:00:35.000-08:00,59,12
349231,NPS Mobile App / BCM,d62ae438-c20c-4c21-a1c8-e0ffebdbb525,file:///var/containers/Bundle/Application/3CD003D2-C206-4B4A-A6DC-63FA1C7F6BEE/Runner.app/Frameworks/UserLeapKit.framework/sprig_web_assets.bundle/snippet.html,07/11/2026 12:41:01,,254669,,iOS,WebKit,"Mozilla/5.0 (iPhone; CPU iPhone OS 18_7 like Mac OS X) AppleWebKit/605.1.15 (KHTML, like Gecko) Mobile/15E148",{},[App] Guide Viewed,61686436-16f8-461a-b55a-5d6599cfd256,{},How likely are you to recommend SuperSummary to a friend or colleague?,10,promoter,,,,,,,,,,,,,,,,,,,,,,,,,,,,,,,,,,,,,,,,,,,,,,,,book_club_member,book_club_member,,u_07456c9f0a7acbc5,[name],null,false,true,2023-05-02T12:21:54.644-07:00,[name],seven-days-in-june,,monthly,monthly,,Active Subscriber,true,Active Subscriber,2026-07-10T07:32:53.000-07:00,28,1
349231,NPS Mobile App / BCM,c98124c4-d165-4e8d-92e4-f6526dae624d,file:///var/containers/Bundle/Application/5345F635-5899-4E2D-81B1-2BE89AA3FAB4/Runner.app/Frameworks/UserLeapKit.framework/sprig_web_assets.bundle/snippet.html,07/10/2026 12:53:59,07/10/2026 12:54:02,957438,,iOS,WebKit,"Mozilla/5.0 (iPhone; CPU iPhone OS 18_7 like Mac OS X) AppleWebKit/605.1.15 (KHTML, like Gecko) Mobile/15E148",{},[App] Guide Viewed,5e422f43-ae2a-4515-9ea0-3275e6792197,{},How likely are you to recommend SuperSummary to a friend or colleague?,10,promoter,What's the main reason for your score?,[skipped by user],,,,,,,,,,,,,,,,,,,,,,,What's one thing you'd like to see added or improved on SuperSummary?,[skipped by user],,,,,,,,,,,,,,,,,,,,,,book_club_member,book_club_member,,u_58221fbded523003,[name],null,false,true,,[name],the-sweetness-at-the-bottom-of-the-pie,,,annual,,Active Subscriber,true,Active Subscriber,2025-01-26T07:55:34.000-08:00,12,
349231,NPS Mobile App / BCM,b93bee1e-a2b9-440a-9cd6-7a0472817d1f,file:///var/containers/Bundle/Application/111FF4E1-44C9-42F2-ACB2-B7C8A70B0DC7/Runner.app/Frameworks/UserLeapKit.framework/sprig_web_assets.bundle/snippet.html,07/09/2026 20:14:19,,1544959,,iOS,WebKit,"Mozilla/5.0 (Macintosh; Intel Mac OS X 10_15_7) AppleWebKit/605.1.15 (KHTML, like Gecko)",{},[App] Guide Viewed,423e7b0f-6857-40b2-804e-641844b49865,{},How likely are you to recommend SuperSummary to a friend or colleague?,10,promoter,,,,,,,,,,,,,,,,,,,,,,,,,,,,,,,,,,,,,,,,,,,,,,,,book_club_member,book_club_member,,u_30db05ebc2246305,[name],null,false,true,,[name],the-nightingale,,annual_essentials,annual,,Active Subscriber,true,Active Subscriber,2026-03-04T14:35:55.000-08:00,3,
349231,NPS Mobile App / BCM,4beb3965-b690-4275-b24a-34e2d23255c9,file:///var/containers/Bundle/Application/54144875-8DBB-4875-A105-27224679C5A8/Runner.app/Frameworks/UserLeapKit.framework/sprig_web_assets.bundle/snippet.html,07/08/2026 18:08:14,07/08/2026 18:08:29,557792,,iOS,WebKit,"Mozilla/5.0 (iPhone; CPU iPhone OS 18_7 like Mac OS X) AppleWebKit/605.1.15 (KHTML, like Gecko) Mobile/15E148",{},[App] Guide Viewed,f4f9f262-8cad-41f5-9761-37860cd5d7ff,{},How likely are you to recommend SuperSummary to a friend or colleague?,10,promoter,What's the main reason for your score?,Great help understanding book,Detailed Analysis,,,,,,,1,,,,,,,,,,,,,,,What's one thing you'd like to see added or improved on SuperSummary?,[skipped by user],,,,,,,,,,,,,,,,,,,,,,book_club_member,book_club_member,,u_9e9a55e368897eca,[name],null,false,true,,[name],the-sicilian-inheritance,,annual,annual,,Active Subscriber,true,Active Subscriber,2024-05-03T10:37:19.000-07:00,27,0
349231,NPS Mobile App / BCM,7e898b5b-b83c-406a-bf09-7499609f6fbe,file:///var/containers/Bundle/Application/AA767CFB-09F5-4D30-9D61-886514461040/Runner.app/Frameworks/UserLeapKit.framework/sprig_web_assets.bundle/snippet.html,07/08/2026 15:55:43,,1308170,,iOS,WebKit,"Mozilla/5.0 (iPhone; CPU iPhone OS 18_7 like Mac OS X) AppleWebKit/605.1.15 (KHTML, like Gecko) Mobile/15E148",{},[App] Guide Viewed,0f9e23d9-45ff-47d2-a1d8-fccc04a2a312,{},How likely are you to recommend SuperSummary to a friend or colleague?,10,promoter,,,,,,,,,,,,,,,,,,,,,,,,,,,,,,,,,,,,,,,,,,,,,,,1.15.4,book_club_member,book_club_member,,u_48348f59abc98b6d,[name],null,false,true,,[name],pride-and-pleasure-amanda-vaill,26.2.1,annual_plus_apple-USD,annual,4.25.2,Active Subscriber,true,Active Subscriber,2026-05-05T12:51:42.000-07:00,2,
349231,NPS Mobile App / BCM,66e08aac-af4d-47ba-9607-aabd6f005e15,file:///var/containers/Bundle/Application/D136B9A3-16C5-4464-B9F0-E369A3CF6FB8/Runner.app/Frameworks/UserLeapKit.framework/sprig_web_assets.bundle/snippet.html,07/08/2026 13:16:02,,1204413,,iOS,WebKit,"Mozilla/5.0 (iPhone; CPU iPhone OS 18_7 like Mac OS X) AppleWebKit/605.1.15 (KHTML, like Gecko) Mobile/15E148",{},[App] Guide Viewed,49b2c880-d2a3-45d7-b05a-4ea2a367a1ea,{},How likely are you to recommend SuperSummary to a friend or colleague?,10,promoter,,,,,,,,,,,,,,,,,,,,,,,,,,,,,,,,,,,,,,,,,,,,,,,,book_club_member,book_club_member,,u_073c0e2c5ddbff95,[name],null,false,true,,[name],strangers-burden,,annual,annual,,Active Subscriber,true,Active Subscriber,2025-05-20T10:04:04.000-07:00,13,
349231,NPS Mobile App / BCM,a1fd2f93-15da-4fdd-881f-2ed036cb0449,file:///var/containers/Bundle/Application/F0B05B04-9623-486F-A5FE-FA210EEF4CDE/Runner.app/Frameworks/UserLeapKit.framework/sprig_web_assets.bundle/snippet.html,07/08/2026 01:14:17,07/08/2026 01:15:48,1278061,,iOS,WebKit,"Mozilla/5.0 (iPhone; CPU iPhone OS 18_7 like Mac OS X) AppleWebKit/605.1.15 (KHTML, like Gecko) Mobile/15E148",{},[App] Guide Viewed,19ae5ece-3d09-4041-b917-871100390485,{},How likely are you to recommend SuperSummary to a friend or colleague?,10,promoter,What's the main reason for your score?,"It lets me “read” many more books, especially the ones I get behind on for book clubs!",Convenience,,,,,,1,,,,,,,,,,,,,,,,What's one thing you'd like to see added or improved on SuperSummary?,So far it’s had everything I’ve wanted,,,,,,,,,,,,,,,,,,,,,,book_club_member,book_club_member,,u_aa87c61008eb1dc6,[name],null,false,true,,[name],horse,,,annual,,Active Subscriber,true,Active Subscriber,2025-08-06T13:13:43.000-07:00,2,
349231,NPS Mobile App / BCM,b5f2109a-8c39-4c1c-b3cf-8fbe06a8fcdc,file:///var/containers/Bundle/Application/29E7E5E7-0452-48FA-BB34-71C069E11AC6/Runner.app/Frameworks/UserLeapKit.framework/sprig_web_assets.bundle/snippet.html,07/07/2026 19:41:50,07/07/2026 19:43:10,1297897,,iOS,WebKit,"Mozilla/5.0 (iPhone; CPU iPhone OS 18_7 like Mac OS X) AppleWebKit/605.1.15 (KHTML, like Gecko) Mobile/15E148",{},[App] Guide Viewed,9e9fc5d0-a7ab-4c0d-857f-fe48fde811e0,{},How likely are you to recommend SuperSummary to a friend or colleague?,10,promoter,What's the main reason for your score?,Excellent coverage. Great for book club discussions,Book Club Support,1,,,,,,,,,,,,,,,,,,,,,What's one thing you'd like to see added or improved on SuperSummary?,Can’t think of anything,,,,,,,,,,,,,,,,,,,,,,book_club_member,book_club_member,,u_13e55c8d279b0b07,[name],null,false,true,,[name],the-reading-list,,annual,annual,,Active Subscriber,true,Active Subscriber,2025-08-25T05:21:21.000-07:00,10,
349231,NPS Mobile App / BCM,3ee1afdd-4822-45df-bbd6-9451eac3e55f,file:///android_asset/snippet.html,07/07/2026 19:06:38,07/07/2026 19:07:58,437554,,Android,Chrome WebView,"Mozilla/5.0 (Linux; Android 13; SM-A426U Build/TP1A.220624.014; wv) AppleWebKit/537.36 (KHTML, like Gecko) Version/4.0 Chrome/149.0.7827.159 Mobile Safari/537.36",{},[App] Guide Viewed,35e9bde1-cdcc-4a1d-aa7f-e36aae072949,{},,10,promoter,,Very useful,Valuable Resource,,,,,,,,,,,,,,,,,,,,1,,,Suggestions for similar books.,Book Recommendations,,,,1,,,,,,,,,,Yes,Unmet Book Requests,,,,1,,book_club_member,book_club_member,,u_c61d7743737ae20a,[name],null,false,true,,[name],the-reading-list,,annual,annual,,Active Subscriber,true,Active Subscriber,2024-03-07T12:28:49.000-08:00,27,0
349231,NPS Mobile App / BCM,a5da5f67-7a75-49d2-84d7-2d8dc44d8705,file:///var/containers/Bundle/Application/5F9E47AB-46FE-4BD1-AFA2-36FE04998AFE/Runner.app/Frameworks/UserLeapKit.framework/sprig_web_assets.bundle/snippet.html,07/07/2026 18:57:56,,1034985,,iOS,WebKit,"Mozilla/5.0 (iPhone; CPU iPhone OS 18_7 like Mac OS X) AppleWebKit/605.1.15 (KHTML, like Gecko) Mobile/15E148",{},[App] Guide Viewed,36a5dffc-779a-4b25-962b-b35ae06d09b2,{},How likely are you to recommend SuperSummary to a friend or colleague?,8,passive,What's the main reason for your score?,[skipped by user],,,,,,,,,,,,,,,,,,,,,,,,,,,,,,,,,,,,,,,,,,,,,,book_club_member,book_club_member,,u_369f32dccb406982,[name],null,false,true,,[name],wild-dark-shore,,annual_plus,annual,,Active Subscriber,true,Active Subscriber,2026-05-02T07:19:53.000-07:00,14,
349231,NPS Mobile App / BCM,e6e0353c-47ef-4dd6-a8d0-fc1902eaca6b,file:///var/containers/Bundle/Application/73CC2E6F-5A32-41CE-8E76-4B5342F3654D/Runner.app/Frameworks/UserLeapKit.framework/sprig_web_assets.bundle/snippet.html,07/07/2026 06:06:27,,208189,,iOS,WebKit,"Mozilla/5.0 (iPhone; CPU iPhone OS 18_7 like Mac OS X) AppleWebKit/605.1.15 (KHTML, like Gecko) Mobile/15E148",{},[App] Guide Viewed,ced5b06b-9cef-4b8f-84f9-1c1928078f84,{},How likely are you to recommend SuperSummary to a friend or colleague?,9,promoter,,,,,,,,,,,,,,,,,,,,,,,,,,,,,,,,,,,,,,,,,,,,,,,,book_club_member,book_club_member,,u_d193a865955296cc,[name],null,false,true,2023-07-31T14:02:13.814-07:00,[name],last-twilight-in-paris,,annual,annual,,Active Subscriber,true,Active Subscriber,2022-05-20T22:35:17.000-07:00,47,5
349231,NPS Mobile App / BCM,92315f94-dcca-4a71-9390-19da102739cc,file:///var/containers/Bundle/Application/EEFAB2E9-8556-4B03-9295-A17E4F75CCBB/Runner.app/Frameworks/UserLeapKit.framework/sprig_web_assets.bundle/snippet.html,07/07/2026 05:46:11,,349182,,iOS,WebKit,"Mozilla/5.0 (iPhone; CPU iPhone OS 18_7 like Mac OS X) AppleWebKit/605.1.15 (KHTML, like Gecko) Mobile/15E148",{},[App] Guide Viewed,0a78acb5-3b14-4ecb-ae14-7e67e1eb56a0,{},How likely are you to recommend SuperSummary to a friend or colleague?,6,detractor,,,,,,,,,,,,,,,,,,,,,,,,,,,,,,,,,,,,,,,,,,,,,,,,book_club_member,book_club_member,,u_2dc0d0bb02634216,[name],null,false,true,,[name],the-correspondent,,annual,annual,,Active Subscriber,true,Active Subscriber,2025-07-24T23:10:45.000-07:00,35,0
349231,NPS Mobile App / BCM,1e85883f-5791-494e-9ba2-f11ea6d2292e,file:///android_asset/snippet.html,07/06/2026 06:27:00,,339311,,Android,Chrome WebView,"Mozilla/5.0 (Linux; Android 13; SM-A426U Build/TP1A.220624.014; wv) AppleWebKit/537.36 (KHTML, like Gecko) Version/4.0 Chrome/149.0.7827.159 Mobile Safari/537.36",{},[App] Guide Viewed,48a51198-0ca6-4a1e-a41e-eae4626ecbd9,{},,9,promoter,,,,,,,,,,,,,,,,,,,,,,,,,,,,,,,,,,,,,,,,,,,,,,,,book_club_member,book_club_member,,u_64912c0d7e1629ac,[name],null,false,true,,[name],autobiography-of-a-yogi,,annual,annual,,Active Subscriber,true,Active Subscriber,2023-03-28T17:27:29.000-07:00,37,
349231,NPS Mobile App / BCM,4c403437-3245-47cc-8d07-f233b3829453,file:///var/containers/Bundle/Application/68BD9914-F99F-4162-B6D4-72D717F52B56/Runner.app/Frameworks/UserLeapKit.framework/sprig_web_assets.bundle/snippet.html,07/06/2026 04:24:09,,1400656,,iOS,WebKit,"Mozilla/5.0 (Macintosh; Intel Mac OS X 10_15_7) AppleWebKit/605.1.15 (KHTML, like Gecko)",{},[App] Guide Viewed,8158746b-e663-46ef-acff-e8a9d667f813,{},How likely are you to recommend SuperSummary to a friend or colleague?,10,promoter,,,,,,,,,,,,,,,,,,,,,,,,,,,,,,,,,,,,,,,,,,,,,,,,book_club_member,book_club_member,,u_24389290126f28ae,[name],null,false,true,,[name],all-about-love,,annual,annual,,Active Subscriber,true,Active Subscriber,2025-11-10T09:48:01.000-08:00,7,
349231,NPS Mobile App / BCM,4e3d0dd7-b341-48cb-b6db-6164e966d26f,file:///var/containers/Bundle/Application/458D42CF-27C3-4085-A5AB-463D75D4056F/Runner.app/Frameworks/UserLeapKit.framework/sprig_web_assets.bundle/snippet.html,07/06/2026 01:26:33,,554479,,iOS,WebKit,"Mozilla/5.0 (iPhone; CPU iPhone OS 18_7 like Mac OS X) AppleWebKit/605.1.15 (KHTML, like Gecko) Mobile/15E148",{},[App] Guide Viewed,f5af420e-fac4-4337-98ad-6a512a445a7e,{},How likely are you to recommend SuperSummary to a friend or colleague?,9,promoter,,,,,,,,,,,,,,,,,,,,,,,,,,,,,,,,,,,,,,,,,,,,,,,,book_club_member,book_club_member,,u_b5518af614e97604,[name],null,false,true,,[name],the-personal-librarian,,annual,annual,,Active Subscriber,true,Active Subscriber,2024-05-01T05:24:02.000-07:00,24,0
349231,NPS Mobile App / BCM,a6f8f19e-0285-4caa-9c2e-91598098ca2e,file:///var/containers/Bundle/Application/6F155A8D-5BB6-4D14-B6AC-EB435AE00E55/Runner.app/Frameworks/UserLeapKit.framework/sprig_web_assets.bundle/snippet.html,07/05/2026 17:06:48,07/05/2026 17:08:24,1621198,,iOS,WebKit,"Mozilla/5.0 (iPad; CPU OS 18_7 like Mac OS X) AppleWebKit/605.1.15 (KHTML, like Gecko) Mobile/15E148",{},[App] Guide Viewed,39d04901-b4e0-4bca-a10b-0d0e816beaa9,{},How likely are you to recommend SuperSummary to a friend or colleague?,3,detractor,What's the main reason for your score?,"Rather difficult to navigate and use but ok
Does not include a number of books I’m reading",Wide Selection; Ease of Use,,,,,,,,,1,,,,,,,,,,,,1,What's one thing you'd like to see added or improved on SuperSummary?,Easier to use,Ease of Use,,,,,,,1,,,,,,,,,,,,,,book_club_member,book_club_member,,u_8ff58e302c65ec53,[name],null,false,true,,[name],men-we-reaped,,annual_plus,annual,,Active Subscriber,true,Active Subscriber,2026-04-29T15:52:36.000-07:00,2,
349231,NPS Mobile App / BCM,13b14fa5-5fb6-4774-b626-9e66064ea752,file:///var/containers/Bundle/Application/8838AD80-7759-4ADB-A364-045CB8754CE0/Runner.app/Frameworks/UserLeapKit.framework/sprig_web_assets.bundle/snippet.html,07/05/2026 01:06:07,07/05/2026 01:06:21,472087,,iOS,WebKit,"Mozilla/5.0 (iPhone; CPU iPhone OS 18_7 like Mac OS X) AppleWebKit/605.1.15 (KHTML, like Gecko) Mobile/15E148",{},[App] Guide Viewed,329891a3-9fd8-40da-9ca6-8d4839c766a2,{},How likely are you to recommend SuperSummary to a friend or colleague?,10,promoter,What's the main reason for your score?,[skipped by user],,,,,,,,,,,,,,,,,,,,,,,What's one thing you'd like to see added or improved on SuperSummary?,Well written,Improved Criticism,,,,,,,,,1,,,,,,,,,,,,book_club_member,book_club_member,,u_84889b2afda78190,[name],null,false,true,2024-02-22T21:14:16.418-08:00,[name],west-with-giraffes,,annual,annual,,Active Subscriber,true,Active Subscriber,2023-12-20T08:36:53.000-08:00,31,4
349231,NPS Mobile App / BCM,2dd32f69-db98-45b7-bb3f-0b67dc539856,file:///var/containers/Bundle/Application/7DD20E29-0EB6-4C05-A786-1CC650DD65C2/Runner.app/Frameworks/UserLeapKit.framework/sprig_web_assets.bundle/snippet.html,07/05/2026 00:08:25,,1522405,,iOS,WebKit,"Mozilla/5.0 (Macintosh; Intel Mac OS X 10_15_7) AppleWebKit/605.1.15 (KHTML, like Gecko)",{},[App] Guide Viewed,f927e00b-c170-4a56-916e-ec5c50641fe1,{},How likely are you to recommend SuperSummary to a friend or colleague?,10,promoter,,,,,,,,,,,,,,,,,,,,,,,,,,,,,,,,,,,,,,,,,,,,,,,1.17.3,book_club_member,book_club_member,,u_e0df4149dfe95d40,[name],null,false,true,,[name],the-faith-of-beasts,26.4.2,annual_plus,annual,4.27.0,Active Subscriber,true,Active Subscriber,2026-05-03T06:44:46.000-07:00,2,
349231,NPS Mobile App / BCM,2ac7a8ef-bda5-4aa2-888d-7f0f01a06aff,file:///var/containers/Bundle/Application/A7BF0DD4-BF82-475E-9BBF-72F06190EFCC/Runner.app/Frameworks/UserLeapKit.framework/sprig_web_assets.bundle/snippet.html,07/04/2026 17:00:49,07/04/2026 17:01:16,1567893,,iOS,WebKit,"Mozilla/5.0 (iPhone; CPU iPhone OS 18_7 like Mac OS X) AppleWebKit/605.1.15 (KHTML, like Gecko) Mobile/15E148",{},[App] Guide Viewed,aa4ea5ea-84d8-470f-a76d-5a3e3f0542a9,{},How likely are you to recommend SuperSummary to a friend or colleague?,10,promoter,What's the main reason for your score?,It’s everything I hoped it would be in terms of depth,Detailed Analysis,,,,,,,1,,,,,,,,,,,,,,,What's one thing you'd like to see added or improved on SuperSummary?,[skipped by user],,,,,,,,,,,,,,,,,,,,,,book_club_member,book_club_member,,u_1866a6c9384f1225,[name],null,false,true,,[name],lonesome-dove,,annual_plus,annual,,Active Subscriber,true,Active Subscriber,2026-03-21T17:40:48.000-07:00,4,
349231,NPS Mobile App / BCM,d49ba687-0a4b-4756-8beb-800a5c60c194,file:///var/containers/Bundle/Application/FD7EE522-FE19-454A-B8CB-68FFD755516D/Runner.app/Frameworks/UserLeapKit.framework/sprig_web_assets.bundle/snippet.html,07/04/2026 16:22:59,,375384,,iOS,WebKit,"Mozilla/5.0 (iPhone; CPU iPhone OS 18_7 like Mac OS X) AppleWebKit/605.1.15 (KHTML, like Gecko) Mobile/15E148",{},[App] Guide Viewed,616aefa3-d337-4422-ba3e-241fb134310c,{},How likely are you to recommend SuperSummary to a friend or colleague?,8,passive,,,,,,,,,,,,,,,,,,,,,,,,,,,,,,,,,,,,,,,,,,,,,,,,book_club_member,book_club_member,,u_14f8e7d663659b47,[name],null,false,true,,[name],the-mystery-of-edwin-drood,,,annual,,Active Subscriber,true,Active Subscriber,2023-05-28T15:02:31.000-07:00,32,0
349231,NPS Mobile App / BCM,07d4c470-1dd1-4cb3-921a-b3049fc1de50,file:///var/containers/Bundle/Application/17EE7720-D438-4053-9841-37A40ABD145D/Runner.app/Frameworks/UserLeapKit.framework/sprig_web_assets.bundle/snippet.html,07/03/2026 17:08:44,07/03/2026 17:08:47,983102,,iOS,WebKit,"Mozilla/5.0 (Macintosh; Intel Mac OS X 10_15_7) AppleWebKit/605.1.15 (KHTML, like Gecko)",{},[App] Guide Viewed,4f211bf5-77fd-4799-b7fd-93de75bed6b8,{},How likely are you to recommend SuperSummary to a friend or colleague?,10,promoter,What's the main reason for your score?,[skipped by user],,,,,,,,,,,,,,,,,,,,,,,What's one thing you'd like to see added or improved on SuperSummary?,[skipped by user],,,,,,,,,,,,,,,,,,,,,,book_club_member,book_club_member,,u_f5b3e51980e5712a,[name],null,false,true,,[name],anything-is-possible,,annual,annual,,Active Subscriber,true,Active Subscriber,2025-02-07T07:02:28.000-08:00,16,
349231,NPS Mobile App / BCM,6c2d123e-2711-4b9d-b64b-cf73c223e025,file:///var/containers/Bundle/Application/4C6E5C3E-C829-4A8E-BEC1-349B21DDD0C6/Runner.app/Frameworks/UserLeapKit.framework/sprig_web_assets.bundle/snippet.html,07/02/2026 12:05:36,,947463,,iOS,WebKit,"Mozilla/5.0 (Macintosh; Intel Mac OS X 10_15_7) AppleWebKit/605.1.15 (KHTML, like Gecko)",{},[App] Guide Viewed,a37d933f-48de-43ee-a314-6578215a7a5e,{},How likely are you to recommend SuperSummary to a friend or colleague?,10,promoter,,,,,,,,,,,,,,,,,,,,,,,,,,,,,,,,,,,,,,,,,,,,,,,,other,book_club_member,,u_3658bef1d129668e,[name],null,false,true,,[name],the-little-white-horse,,annual,annual,,Active Subscriber,true,Active Subscriber,2025-01-21T17:35:50.000-08:00,15,
349231,NPS Mobile App / BCM,044e9502-9e68-44a7-8eb8-36901f0bcda1,file:///var/containers/Bundle/Application/8FE40E75-9493-466B-BD37-E2583B0147A9/Runner.app/Frameworks/UserLeapKit.framework/sprig_web_assets.bundle/snippet.html,07/01/2026 22:56:25,07/01/2026 22:57:02,1214183,,iOS,WebKit,"Mozilla/5.0 (iPhone; CPU iPhone OS 18_7 like Mac OS X) AppleWebKit/605.1.15 (KHTML, like Gecko) Mobile/15E148",{},[App] Guide Viewed,644ca112-0f9c-4a44-9fed-a7707d628a96,{},How likely are you to recommend SuperSummary to a friend or colleague?,10,promoter,What's the main reason for your score?,Help in review fo book club discussion,Helpful for Book Discussions; Book Club Support,1,,,,,,,,,,,1,,,,,,,,,,What's one thing you'd like to see added or improved on SuperSummary?,[skipped by user],,,,,,,,,,,,,,,,,,,,,,book_club_member,book_club_member,,u_7b284f538c36ecd1,[name],null,false,true,,[name],the-music-of-bees,,annual,annual,,Active Subscriber,true,Active Subscriber,2025-06-01T19:27:23.000-07:00,13,
349231,NPS Mobile App / BCM,4fbba8c5-7f16-4868-809b-2678b00defc4,file:///var/containers/Bundle/Application/6D3E593D-C252-4917-A491-A87D800610E3/Runner.app/Frameworks/UserLeapKit.framework/sprig_web_assets.bundle/snippet.html,07/01/2026 19:32:03,07/01/2026 19:32:37,1123018,,iOS,WebKit,"Mozilla/5.0 (iPhone; CPU iPhone OS 18_7 like Mac OS X) AppleWebKit/605.1.15 (KHTML, like Gecko) Mobile/15E148",{},[App] Guide Viewed,1db8ccb1-4c4b-4640-be79-cfa5caa90537,{},How likely are you to recommend SuperSummary to a friend or colleague?,9,promoter,What's the main reason for your score?,I have used the app,Frequent Use,,,,,,,,,,,1,,,,,,,,,,,What's one thing you'd like to see added or improved on SuperSummary?,[skipped by user],,,,,,,,,,,,,,,,,,,,,,book_club_member,book_club_member,,u_5b9634f2b679ccf5,[name],null,false,true,,[name],wild-dark-shore,,annual,annual,,Active Subscriber,true,Active Subscriber,2025-04-09T15:41:04.000-07:00,14,
