exit_session_id,id,language,Audiences Names,acceptedOffers,deflectType,ownerFirstName,ownerLastName,ownerFullName,reason,reasonId,bbkReason,bbkReasonId,reasonOther,bbkCategory,bbkCategoryId,returnLikelihood,competitor,competitionOther,email,details,drilldown_modal_feedback,free_text_modal_feedback,has_details,value,company,last_action,startTime,Cancel date,endTime,Save date,age,lastActiveDate,status,validation_status,billing_interval,sub_renewal_date,sub_expired_date,mrr,billing_mrr,billing_price,source,repurchases,repurchases_revenue,repurchases_first_date,winbacks,winbacks_revenue,winbacks_first_date,internal_id,Customer Create Date,Customer Payment Method State,First Purchase Date,Country,Subscription ID,Coupon Codes,Interval Length,Subscription Activation Date,Subscription Currency,Owner Email,Subscription Status,Billing ID,Owner Last Name,Contract Value,Product ID,Subscription Trial Start Date,Subscription Current Period Start,Customer Audience,State,Quantity,Plan ID,Subscription Start Date,Customer Type,Plan Amount,Plan Interval,Product Name,Coupon IDs,Customer Grade Level,Owner First Name,Subscription Next Billing Date,Subscription Product Family ID,Subscription MRR,Subscription Trial End Date,Subscription Current Period End,Subscription Create Date,Subscription Unit Amount,Owner Full Name,Organization Name,Save return URL,Cancel confirmation URL,Legacy Retention Experiment,Page attributed,Subscription Trial Start Date UTC,First Purchase Date UTC,Subscription Trial End Date UTC,Cancel date UTC,Subscription Activation Date UTC,Subscription Create Date UTC,Customer Create Date UTC,Save date UTC,Subscription Start Date UTC,Subscription Next Billing Date UTC
cancel_Wg8V2G3_af986980b51bf5a1,1747646,,Students; fallback,,,[name],[name],[name],Unknown,Unknown,Unknown,Unknown,,Unknown,Unknown,0,,,u_929a6107db27baf9,,,,0,,,Canceled,2026-08-31T02:18:07.000Z,2026-08-31T02:18:07.000Z,2026-08-31T02:18:07.000Z,,17.51,,cancel,Valid Cancel,,,,9.95,,,Brightback,,,,,,,1747646,2026-08-31T02:15:27.000Z,,2026-08-31T02:15:29.000Z,,h_df0dae6844a05feb,,1,2026-08-31T02:15:29.000Z,USD,u_929a6107db27baf9,ACTIVE,h_b2c226ede7f04214,[name],9.95,monthly_essentials,,2026-08-31T02:15:29.000Z,student,,1,monthly_essentials,2026-08-31T02:15:29.000Z,_UNKNOWN,995,MONTH,monthly_essentials,,College,[name],2026-09-30T02:15:29.000Z,,995,,2026-09-30T02:15:29.000Z,2026-08-31T02:15:29.000Z,995,[name],,https://www.supersummary.com/subscription,https://www.supersummary.com/subscription/confirming/cancel,,Student Experience [July 2025] [25% one-time / No Entry Modal],,08-31-2026,,08-31-2026,08-31-2026,08-31-2026,08-31-2026,,08-31-2026,09-30-2026
cancel_Wg8V1SM_8159ac489ed98a84,1747526,,Students; fallback,,,[name],[name],[name],Unknown,Unknown,Unknown,Unknown,,Unknown,Unknown,0,,,u_273c7491f7a79763,,,,0,,,Canceled,2026-08-31T01:30:26.000Z,2026-08-31T01:30:26.000Z,2026-08-31T01:30:26.000Z,,17.55,,cancel,Valid Cancel,,,,16.65,,,Brightback,,,,,,,1747526,2026-08-31T01:27:01.000Z,,2026-08-31T01:27:05.000Z,,h_1754f8f5ffb4da87,,1,2026-08-31T01:27:05.000Z,USD,u_273c7491f7a79763,ACTIVE,h_6ff28901ec41c34b,[name],16.65,monthly_plus,,2026-08-31T01:27:05.000Z,student,,1,monthly_plus,2026-08-31T01:27:05.000Z,_UNKNOWN,1665,MONTH,monthly_plus,,Postgrad Program,[name],2026-09-30T01:27:05.000Z,,1665,,2026-09-30T01:27:05.000Z,2026-08-31T01:27:05.000Z,1665,[name],,https://www.supersummary.com/subscription,https://www.supersummary.com/subscription/confirming/cancel,,Student Experience [July 2025] [25% one-time / No Entry Modal],,08-31-2026,,08-31-2026,08-31-2026,08-31-2026,08-31-2026,,08-31-2026,09-30-2026
cancel_Wg8UJlH_9e594380026c76ca,402453,,Parents; Annual,,,[name],[name],[name],Unknown,Unknown,Unknown,Unknown,,Unknown,Unknown,0,,,u_cd3633d45d7c21e1,,,,0,,,Canceled,2026-08-31T00:22:57.000Z,2026-08-31T00:22:57.000Z,2026-08-31T00:22:57.000Z,,17.59,,cancel,Valid Cancel,,,,3.0,,,Brightback,,,,,,,402453,2023-08-27T22:22:39.000Z,,2023-08-27T22:22:41.000Z,,h_1a93fb0d90adba33,,1,2023-08-27T22:22:41.000Z,USD,u_cd3633d45d7c21e1,ACTIVE,h_560a2613715370ed,[name],36.0,annual,,2026-08-27T22:22:41.000Z,parent_of_student,,1,annual,2023-08-27T22:22:41.000Z,_UNKNOWN,3600,YEAR,annual,,High School,[name],2027-08-27T22:22:41.000Z,,300,,2027-08-27T22:22:41.000Z,2023-08-27T22:22:41.000Z,3600,[name],,https://www.supersummary.com/subscription,https://www.supersummary.com/subscription/confirming/cancel,,Parent Experience [July 2025] [25% one-time / Modal],,08-27-2023,,08-31-2026,08-27-2023,08-27-2023,08-27-2023,,08-27-2023,08-27-2027
cancel_Wg8UI1Q_849de3266796a6f2,1739544,,Students; fallback,,,[name],[name],[name],Unknown,Unknown,Unknown,Unknown,,Unknown,Unknown,0,,,u_98a20e68c59e3cbc,,,,0,,,Canceled,2026-08-30T18:03:08.000Z,2026-08-30T18:03:08.000Z,2026-08-30T18:03:08.000Z,,17.86,,cancel,Valid Cancel,,,,3.0,,,Brightback,,,,,,,1739544,2026-08-24T21:14:34.000Z,,2026-08-24T21:14:36.000Z,,h_1f50c040c0025a21,,1,2026-08-24T21:14:36.000Z,USD,u_98a20e68c59e3cbc,ACTIVE,h_8f406c75ce377859,[name],36.0,annual_essentials,,2026-08-24T21:14:36.000Z,student,,1,annual_essentials,2026-08-24T21:14:36.000Z,_UNKNOWN,3600,YEAR,annual_essentials,,College,[name],2027-08-24T21:14:36.000Z,,300,,2027-08-24T21:14:36.000Z,2026-08-24T21:14:36.000Z,3600,[name],,https://www.supersummary.com/subscription,https://www.supersummary.com/subscription/confirming/cancel,,Student Experience [July 2025] [25% one-time / No Entry Modal],,08-24-2026,,08-30-2026,08-24-2026,08-24-2026,08-24-2026,,08-24-2026,08-24-2027
cancel_Wg8U3Wx_874ecc5aa6776e49,AzqgIdVTkOTmY8ef1,,Students; fallback,,,[name],[name],,Unknown,Unknown,Unknown,Unknown,,Unknown,Unknown,0,,,u_3119021f086a271c,,,,0,,,Canceled,2026-08-30T03:33:32.000Z,2026-08-30T03:33:32.000Z,2026-08-30T03:33:32.000Z,,18.46,,cancel,Valid Cancel,,,,16.65,,,Brightback,,,,,,,AzqgIdVTkOTmY8ef1,2026-08-30T03:31:38.000Z,,2026-08-30T03:31:41.000Z,,h_39efbb53d5dfcc3e,,1,2026-08-30T03:31:41.000Z,USD,u_3119021f086a271c,ACTIVE,h_93a3aef01926a79f,[name],,,,2026-08-30T03:31:41.000Z,student,,1,monthly_plus,2026-08-30T03:31:41.000Z,_UNKNOWN,1665,MONTH,,,High School,[name],2026-09-30T03:31:41.000Z,,1665,,2026-09-30T03:31:41.000Z,2026-08-30T03:31:41.000Z,1665,,,,,,Student Experience [July 2025] [25% one-time / No Entry Modal],,08-30-2026,,08-30-2026,08-30-2026,08-30-2026,08-30-2026,,08-30-2026,09-30-2026
cancel_Wg8U2Oi_9a7b254938c8af9d,637768,,Students; Annual,,,[name],[name],[name],Unknown,Unknown,Unknown,Unknown,,Unknown,Unknown,0,,,u_63e20c8f0d8331b4,,,,0,,,Canceled,2026-08-30T02:28:21.000Z,2026-08-30T02:28:21.000Z,2026-08-30T02:28:21.000Z,,18.51,,cancel,Valid Cancel,,,,3.0,,,Brightback,,,,,,,637768,2024-08-26T05:28:08.000Z,,2024-08-26T05:28:10.000Z,,h_8f573f00d4d23a0f,,1,2024-08-26T05:28:10.000Z,USD,u_63e20c8f0d8331b4,ACTIVE,h_3fba05e39c4e2b5a,[name],36.0,annual,,2026-08-26T05:28:10.000Z,student,,1,annual,2024-08-26T05:28:10.000Z,_UNKNOWN,3600,YEAR,annual,,High School,[name],2027-08-26T05:28:10.000Z,,300,,2027-08-26T05:28:10.000Z,2024-08-26T05:28:10.000Z,3600,[name],,https://www.supersummary.com/subscription,https://www.supersummary.com/subscription/confirming/cancel,,Student Experience [July 2025] [25% one-time / No Entry Modal],,08-26-2024,,08-30-2026,08-26-2024,08-26-2024,08-26-2024,,08-26-2024,08-26-2027
cancel_Wg8TERQ_905926ee891dbb41,AzqLJUVI2VlgD4bcl,,Parents; fallback,,,[name],[name],,Unknown,Unknown,Unknown,Unknown,,Unknown,Unknown,0,,,u_30480358a62fa2f3,,,,0,,,Canceled,2026-08-29T14:31:27.000Z,2026-08-29T14:31:27.000Z,2026-08-29T14:31:27.000Z,,19.01,,cancel,Valid Cancel,,,,16.65,,,Brightback,,,,,,,AzqLJUVI2VlgD4bcl,2026-04-28T00:06:56.000Z,,2026-04-28T00:06:58.000Z,,h_bd11cd587cb7222e,,1,2026-04-28T00:06:58.000Z,USD,u_30480358a62fa2f3,ACTIVE,h_76a974d3cf105780,[name],,,,2026-08-28T00:06:58.000Z,parent_of_student,,1,monthly_plus,2026-04-28T00:06:58.000Z,_UNKNOWN,1665,MONTH,,,High School,[name],2026-09-28T00:06:58.000Z,,1665,,2026-09-28T00:06:58.000Z,2026-04-28T00:06:58.000Z,1665,,,,,,Parent Experience [July 2025] [25% one-time / No Entry Modal],,04-28-2026,,08-29-2026,04-28-2026,04-28-2026,04-28-2026,,04-28-2026,09-28-2026
cancel_Wg8SLwM_845084bf85cc32e2,16BUH7VTNNGOrRZi,,Students; fallback,,,[name],[name],,Unknown,Unknown,Unknown,Unknown,,Unknown,Unknown,0,,,u_47c9f3c2263def55,,,,0,,,Canceled,2026-08-30T08:43:25.000Z,2026-08-30T08:43:25.000Z,2026-08-30T08:43:25.000Z,,18.25,,cancel,Valid Cancel,,,,5.0,,,Brightback,,,,,,,16BUH7VTNNGOrRZi,2026-08-26T05:02:33.000Z,,2026-08-26T05:02:35.000Z,,h_c58b4fc29d58e106,,1,2026-08-26T05:02:35.000Z,USD,u_47c9f3c2263def55,ACTIVE,h_c36988048d1244fa,[name],,,,2026-08-26T05:02:35.000Z,student,,1,annual_plus,2026-08-26T05:02:35.000Z,_UNKNOWN,6000,YEAR,,,High School,[name],2027-08-26T05:02:35.000Z,,500,,2027-08-26T05:02:35.000Z,2026-08-26T05:02:35.000Z,6000,,,,,,Student Experience [July 2025] [25% one-time / No Entry Modal],,08-26-2026,,08-30-2026,08-26-2026,08-26-2026,08-26-2026,,08-26-2026,08-26-2027
cancel_Wg8SLuw_ac9d8d34c1ae837b,1741515,,Students; fallback,,,[name],[name],[name],Unknown,Unknown,Unknown,Unknown,,Unknown,Unknown,0,,,u_47c9f3c2263def55,,,,0,,,Canceled,2026-08-30T08:43:25.000Z,2026-08-30T08:43:25.000Z,2026-08-30T08:43:25.000Z,,18.25,,cancel,Valid Cancel,,,,5.0,,,Brightback,,,,,,,1741515,2026-08-26T05:02:33.000Z,,2026-08-26T05:02:35.000Z,,h_c58b4fc29d58e106,,1,2026-08-26T05:02:35.000Z,USD,u_47c9f3c2263def55,ACTIVE,h_c36988048d1244fa,[name],60.0,annual_plus,,2026-08-26T05:02:35.000Z,student,,1,annual_plus,2026-08-26T05:02:35.000Z,_UNKNOWN,6000,YEAR,annual_plus,,High School,[name],2027-08-26T05:02:35.000Z,,500,,2027-08-26T05:02:35.000Z,2026-08-26T05:02:35.000Z,6000,[name],,https://www.supersummary.com/subscription,https://www.supersummary.com/subscription/confirming/cancel,,Student Experience [July 2025] [25% one-time / No Entry Modal],,08-26-2026,,08-30-2026,08-26-2026,08-26-2026,08-26-2026,,08-26-2026,08-26-2027
cancel_Wg8SCBD_b7ef850231d8a451,1744155,,Book Club Members; fallback,,,[name],[name],[name],Unknown,Unknown,Unknown,Unknown,,Unknown,Unknown,0,,,u_857fef45ca306cd8,,,,0,,,Canceled,2026-08-28T13:34:11.000Z,2026-08-28T13:34:11.000Z,2026-08-28T13:34:11.000Z,,20.05,,cancel,Valid Cancel,,,,5.0,,,Brightback,,,,,,,1744155,2026-08-28T01:07:44.000Z,,2026-08-28T01:07:45.000Z,,h_128cc591c047eb21,,1,2026-08-28T01:07:45.000Z,USD,u_857fef45ca306cd8,ACTIVE,h_b7affa7f71814864,[name],60.0,annual_plus,,2026-08-28T01:07:45.000Z,book_club_member,,1,annual_plus,2026-08-28T01:07:45.000Z,_UNKNOWN,6000,YEAR,annual_plus,,,[name],2027-08-28T01:07:45.000Z,,500,,2027-08-28T01:07:45.000Z,2026-08-28T01:07:45.000Z,6000,[name],,https://www.supersummary.com/subscription,https://www.supersummary.com/subscription/confirming/cancel,,BCM Experience [July 2025] [25% one-time / No Entry Modal],,08-28-2026,,08-28-2026,08-28-2026,08-28-2026,08-28-2026,,08-28-2026,08-28-2027
cancel_Wg8S9I7_876dc6627fc4dcb6,1740130,,Students; fallback,,,[name],[name],[name],Unknown,Unknown,Unknown,Unknown,,Unknown,Unknown,0,,,u_4ae8091dee12bf67,,,,0,,,Canceled,2026-08-28T09:21:16.000Z,2026-08-28T09:21:16.000Z,2026-08-28T09:21:16.000Z,,20.22,,cancel,Valid Cancel,,,,5.0,,,Brightback,,,,,,,1740130,2026-08-28T09:06:44.000Z,,2026-08-28T09:06:47.000Z,,h_61b6628c006d5884,,1,2026-08-28T09:06:47.000Z,USD,u_4ae8091dee12bf67,ACTIVE,h_0729286717a5dec4,[name],60.0,annual_plus,,2026-08-28T09:06:47.000Z,student,,1,annual_plus,2026-08-28T09:06:47.000Z,_UNKNOWN,6000,YEAR,annual_plus,,High School,[name],2027-08-28T09:06:47.000Z,,500,,2027-08-28T09:06:47.000Z,2026-08-28T09:06:47.000Z,6000,[name],,https://www.supersummary.com/subscription,https://www.supersummary.com/subscription/confirming/cancel,,Student Experience [July 2025] [25% one-time / No Entry Modal],,08-28-2026,,08-28-2026,08-28-2026,08-28-2026,08-28-2026,,08-28-2026,08-28-2027
cancel_Wg8S8FI_9686e59446c932c7,16CSSVVTZqW9TC5a8,,Teachers; fallback,,,[name],[name],,Unknown,Unknown,Unknown,Unknown,,Unknown,Unknown,0,,,u_41b75ebe66564dfd,,,,0,,,Canceled,2026-08-28T08:16:55.000Z,2026-08-28T08:16:55.000Z,2026-08-28T08:16:55.000Z,,20.27,,cancel,Valid Cancel,,,,5.0,,,Brightback,,,,,,,16CSSVVTZqW9TC5a8,2026-08-28T08:14:00.000Z,,2026-08-28T08:14:03.000Z,,h_121d9ec1bbdaa08b,,1,2026-08-28T08:14:03.000Z,USD,u_41b75ebe66564dfd,ACTIVE,h_f10584faee81bece,[name],,,,2026-08-28T08:14:03.000Z,teacher,,1,annual_plus,2026-08-28T08:14:03.000Z,_UNKNOWN,6000,YEAR,,,Middle School,[name],2027-08-28T08:14:03.000Z,,500,,2027-08-28T08:14:03.000Z,2026-08-28T08:14:03.000Z,6000,,,,,,Teacher Experience [July 2025] [40% one-time / Modal],,08-28-2026,,08-28-2026,08-28-2026,08-28-2026,08-28-2026,,08-28-2026,08-28-2027
cancel_Wg8S05N_a02d7cda72b55482,1733611,,Book Club Members; fallback,,,[name],[name],[name],Unknown,Unknown,Unknown,Unknown,,Unknown,Unknown,0,,,u_6dfe870cf81bab33,,,,0,,,Canceled,2026-08-28T00:06:13.000Z,2026-08-28T00:06:13.000Z,2026-08-28T00:06:13.000Z,,20.61,,cancel,Valid Cancel,,,,9.95,,,Brightback,,,,,,,1733611,2026-08-20T20:09:49.000Z,,2026-08-20T20:09:53.000Z,,h_0ac446d3cf714b82,,1,2026-08-20T20:09:53.000Z,USD,u_6dfe870cf81bab33,ACTIVE,h_87e79e18e7f3f2a1,[name],9.95,monthly_essentials,,2026-08-20T20:09:53.000Z,book_club_member,,1,monthly_essentials,2026-08-20T20:09:53.000Z,_UNKNOWN,995,MONTH,monthly_essentials,,,[name],2026-09-20T20:09:53.000Z,,995,,2026-09-20T20:09:53.000Z,2026-08-20T20:09:53.000Z,995,[name],,https://www.supersummary.com/subscription,https://www.supersummary.com/subscription/confirming/cancel,,BCM Experience [July 2025] [25% one-time / No Entry Modal],,08-20-2026,,08-28-2026,08-20-2026,08-20-2026,08-20-2026,,08-20-2026,09-20-2026
cancel_Wg8RLkC_b16960640533fad7,1743918,,Book Club Members; fallback,,,[name],[name],[name],Unknown,Unknown,Unknown,Unknown,,Unknown,Unknown,0,,,u_a2763c4624c3e20c,,,,0,,,Canceled,2026-08-28T03:36:03.000Z,2026-08-28T03:36:03.000Z,2026-08-28T03:36:03.000Z,,20.46,,cancel,Valid Cancel,,,,3.75,,,Brightback,,,,,,,1743918,2026-08-27T21:45:40.000Z,,2026-08-27T21:45:42.000Z,,h_69e2cbd12d08c34a,,1,2026-08-27T21:45:42.000Z,USD,u_a2763c4624c3e20c,ACTIVE,h_4849d2d506b656fc,[name],60.0,annual_plus,,2026-08-27T21:45:42.000Z,book_club_member,,1,annual_plus,2026-08-27T21:45:42.000Z,_UNKNOWN,6000,YEAR,annual_plus,,,[name],2027-08-27T21:45:42.000Z,,500,,2027-08-27T21:45:42.000Z,2026-08-27T21:45:42.000Z,6000,[name],,https://www.supersummary.com/subscription,https://www.supersummary.com/subscription/confirming/cancel,,BCM Experience [July 2025] [25% one-time / No Entry Modal],,08-27-2026,,08-28-2026,08-27-2026,08-27-2026,08-27-2026,,08-27-2026,08-27-2027
cancel_Wg8RF2S_a72dd0fa1a71b65b,1737349,,Students; fallback,,,[name],[name],[name],Unknown,Unknown,Unknown,Unknown,,Unknown,Unknown,0,,,u_e0eb87544f93e6c7,,,,0,,,Canceled,2026-08-28T09:43:41.000Z,2026-08-28T09:43:41.000Z,2026-08-28T09:43:41.000Z,,20.21,,cancel,Valid Cancel,,,,5.0,,,Brightback,,,,,,,1737349,2026-08-25T13:33:59.000Z,,2026-08-25T13:34:02.000Z,,h_183932ab5573febc,,1,2026-08-25T13:34:02.000Z,USD,u_e0eb87544f93e6c7,ACTIVE,h_7aec07ed82ba0669,[name],60.0,annual_plus,,2026-08-25T13:34:02.000Z,student,,1,annual_plus,2026-08-25T13:34:02.000Z,_UNKNOWN,6000,YEAR,annual_plus,,High School,[name],2027-08-25T13:34:02.000Z,,500,,2027-08-25T13:34:02.000Z,2026-08-25T13:34:02.000Z,6000,[name],,https://www.supersummary.com/subscription,https://www.supersummary.com/subscription/confirming/cancel,,Student Experience [July 2025] [25% one-time / No Entry Modal],,08-25-2026,,08-28-2026,08-25-2026,08-25-2026,08-25-2026,,08-25-2026,08-25-2027
cancel_Wg8QNJH_b8ee26cfac207abe,16BWiWVTRowry4foh,,fallback,,,[name],[name],,Unknown,Unknown,Unknown,Unknown,,Unknown,Unknown,0,,,u_13cf24b62e3d5185,,,,0,,,Canceled,2026-08-28T13:27:27.000Z,2026-08-28T13:27:27.000Z,2026-08-28T13:27:27.000Z,,20.05,,cancel,Valid Cancel,,,,3.0,,,Brightback,,,,,,,16BWiWVTRowry4foh,2026-08-26T23:17:37.000Z,,2026-08-26T23:17:39.000Z,,h_d25763ac280c448d,,1,2026-08-26T23:17:39.000Z,USD,u_13cf24b62e3d5185,ACTIVE,h_0c769185e1598014,[name],,,,2026-08-26T23:17:39.000Z,avid_reader,,1,annual_essentials,2026-08-26T23:17:39.000Z,_UNKNOWN,3600,YEAR,,,,[name],2027-08-26T23:17:39.000Z,,300,,2027-08-26T23:17:39.000Z,2026-08-26T23:17:39.000Z,3600,,,,,,Default/Fallback [July 2025] [25% one time / No entry modal],,08-26-2026,,08-28-2026,08-26-2026,08-26-2026,08-26-2026,,08-26-2026,08-26-2027
cancel_Wg8QFf6_a75898852f82df64,1741935,,Students; fallback,,,[name],[name],[name],Unknown,Unknown,Unknown,Unknown,,Unknown,Unknown,0,,,u_e6291c06bd2fea2c,,,,0,,,Canceled,2026-08-27T12:35:44.000Z,2026-08-27T12:35:44.000Z,2026-08-27T12:35:44.000Z,,21.09,,cancel,Valid Cancel,,,,5.0,,,Brightback,,,,,,,1741935,2026-08-26T15:36:42.000Z,,2026-08-26T15:36:43.000Z,,h_7ac887f5819a07b9,,1,2026-08-26T15:36:43.000Z,USD,u_e6291c06bd2fea2c,ACTIVE,h_0b249baa0c04c79b,[name],60.0,annual_plus,,2026-08-26T15:36:43.000Z,student,,1,annual_plus,2026-08-26T15:36:43.000Z,_UNKNOWN,6000,YEAR,annual_plus,,Middle School,[name],2027-08-26T15:36:43.000Z,,500,,2027-08-26T15:36:43.000Z,2026-08-26T15:36:43.000Z,6000,[name],,https://www.supersummary.com/subscription,https://www.supersummary.com/subscription/confirming/cancel,,Student Experience [July 2025] [25% one-time / No Entry Modal],,08-26-2026,,08-27-2026,08-26-2026,08-26-2026,08-26-2026,,08-26-2026,08-26-2027
cancel_Wg8QCnn_8dda1b84cc6f794c,1687357,,Book Club Members; fallback,,,[name],[name],[name],Unknown,Unknown,Unknown,Unknown,,Unknown,Unknown,0,,,u_116a81b5063ec427,,,,0,,,Canceled,2026-08-26T12:50:46.000Z,2026-08-26T12:50:46.000Z,2026-08-26T12:50:46.000Z,,22.08,,cancel,Valid Cancel,,,,3.0,,,Brightback,,,,,,,1687357,2026-06-30T16:47:02.000Z,,2026-06-30T16:47:04.000Z,,h_6c5522c258ae57d4,,1,2026-06-30T16:47:04.000Z,USD,u_116a81b5063ec427,ACTIVE,h_241d2976642fd5b0,[name],36.0,annual_essentials,,2026-06-30T16:47:04.000Z,book_club_member,,1,annual_essentials,2026-06-30T16:47:04.000Z,_UNKNOWN,3600,YEAR,annual_essentials,,,[name],2027-06-30T16:47:04.000Z,,300,,2027-06-30T16:47:04.000Z,2026-06-30T16:47:04.000Z,3600,[name],,https://www.supersummary.com/subscription,https://www.supersummary.com/subscription/confirming/cancel,,BCM Experience [July 2025] [25% one-time / No Entry Modal],,06-30-2026,,08-26-2026,06-30-2026,06-30-2026,06-30-2026,,06-30-2026,06-30-2027
cancel_Wg8QAlR_a2f3b1e0d3963cc1,1741574,,fallback,,,[name],[name],[name],Unknown,Unknown,Unknown,Unknown,,Unknown,Unknown,0,,,u_f9f84e7e272aaff7,,,,0,,,Canceled,2026-08-26T10:48:21.000Z,2026-08-26T10:48:21.000Z,2026-08-26T10:48:21.000Z,,22.16,,cancel,Valid Cancel,,,,16.65,,,Brightback,,,,,,,1741574,2026-08-26T07:03:34.000Z,,2026-08-26T07:03:37.000Z,,h_3202484b73d5d3ba,,1,2026-08-26T07:03:37.000Z,USD,u_f9f84e7e272aaff7,ACTIVE,h_39510d507f4c06fa,[name],16.65,monthly_plus,,2026-08-26T07:03:37.000Z,avid_reader,,1,monthly_plus,2026-08-26T07:03:37.000Z,_UNKNOWN,1665,MONTH,monthly_plus,,,[name],2026-09-26T07:03:37.000Z,,1665,,2026-09-26T07:03:37.000Z,2026-08-26T07:03:37.000Z,1665,[name],,https://www.supersummary.com/subscription,https://www.supersummary.com/subscription/confirming/cancel,,Default/Fallback [July 2025] [25% one time / No entry modal],,08-26-2026,,08-26-2026,08-26-2026,08-26-2026,08-26-2026,,08-26-2026,09-26-2026
cancel_Wg8PKp2_9d3a88482c6108a2,16BgFIVT9IZ0A7r36,,Students; fallback,,,[name],[name],,Unknown,Unknown,Unknown,Unknown,,Unknown,Unknown,0,,,u_2821fc484dc33615,,,,0,,,Canceled,2026-08-27T14:34:23.000Z,2026-08-27T14:34:23.000Z,2026-08-27T14:34:23.000Z,,21.0,,cancel,Valid Cancel,,,,9.95,,,Brightback,,,,,,,16BgFIVT9IZ0A7r36,2026-08-23T19:14:28.000Z,,2026-08-23T19:16:06.000Z,,h_de8a2f3de558e52b,,1,2026-08-23T19:16:06.000Z,USD,u_2821fc484dc33615,ACTIVE,h_7effa113e811965c,[name],,,,2026-08-23T19:16:06.000Z,student,,1,monthly_essentials,2026-08-23T19:16:06.000Z,_UNKNOWN,995,MONTH,,,High School,[name],2026-09-23T19:16:06.000Z,,995,,2026-09-23T19:16:06.000Z,2026-08-23T19:16:06.000Z,995,,,,,,Student Experience [July 2025] [25% one-time / No Entry Modal],,08-23-2026,,08-27-2026,08-23-2026,08-23-2026,08-23-2026,,08-23-2026,09-23-2026
cancel_Wg8PHhv_8f0038fbae56a3e4,1694301,,Teachers; fallback,,,[name],[name],[name],Unknown,Unknown,Unknown,Unknown,,Unknown,Unknown,0,,,u_c8fcc3a04eff15c6,,,,0,,,Canceled,2026-08-26T07:24:07.000Z,2026-08-26T07:24:07.000Z,2026-08-26T07:24:07.000Z,,22.3,,cancel,Valid Cancel,,,,9.95,,,Brightback,,,,,,,1694301,2026-07-10T21:42:33.000Z,,2026-07-10T21:43:09.000Z,,h_831d690c9ae68add,,1,2026-07-10T21:43:09.000Z,USD,u_c8fcc3a04eff15c6,ACTIVE,h_23f74963208370da,[name],9.95,monthly_essentials,,2026-08-10T21:43:09.000Z,teacher,,1,monthly_essentials,2026-07-10T21:43:09.000Z,_UNKNOWN,995,MONTH,monthly_essentials,,Middle School,[name],2026-09-10T21:43:09.000Z,,995,,2026-09-10T21:43:09.000Z,2026-07-10T21:43:09.000Z,995,[name],,https://www.supersummary.com/subscription,https://www.supersummary.com/subscription/confirming/cancel,,Teacher Experience [July 2025] [40% one-time / Modal],,07-10-2026,,08-26-2026,07-10-2026,07-10-2026,07-10-2026,,07-10-2026,09-10-2026
cancel_Wg8OF3G_a49cb29b137ffb16,1738948,,Book Club Members; fallback,,,[name],[name],[name],Unknown,Unknown,Unknown,Unknown,,Unknown,Unknown,0,,,u_73bd165d8259f559,,,,0,,,Canceled,2026-08-25T09:36:22.000Z,2026-08-25T09:36:22.000Z,2026-08-25T09:36:22.000Z,,23.21,,cancel,Valid Cancel,,,,5.0,,,Brightback,,,,,,,1738948,2026-08-24T14:45:15.000Z,,2026-08-24T14:45:16.000Z,,h_404140583bd9e76b,,1,2026-08-24T14:45:16.000Z,USD,u_73bd165d8259f559,ACTIVE,h_d95fa9e8422ee57e,[name],60.0,annual_plus,,2026-08-24T14:45:16.000Z,book_club_member,,1,annual_plus,2026-08-24T14:45:16.000Z,_UNKNOWN,6000,YEAR,annual_plus,,,[name],2027-08-24T14:45:16.000Z,,500,,2027-08-24T14:45:16.000Z,2026-08-24T14:45:16.000Z,6000,[name],,https://www.supersummary.com/subscription,https://www.supersummary.com/subscription/confirming/cancel,,BCM Experience [July 2025] [25% one-time / No Entry Modal],,08-24-2026,,08-25-2026,08-24-2026,08-24-2026,08-24-2026,,08-24-2026,08-24-2027
cancel_Wg8OF13_b6f9db9541c96586,Azz1ATVTE2uHh1fzr,,Book Club Members; fallback,,,[name],[name],,Unknown,Unknown,Unknown,Unknown,,Unknown,Unknown,0,,,u_73bd165d8259f559,,,,0,,,Canceled,2026-08-25T09:36:22.000Z,2026-08-25T09:36:22.000Z,2026-08-25T09:36:22.000Z,,23.21,,cancel,Valid Cancel,,,,5.0,,,Brightback,,,,,,,Azz1ATVTE2uHh1fzr,2026-08-24T14:45:15.000Z,,2026-08-24T14:45:16.000Z,,h_404140583bd9e76b,,1,2026-08-24T14:45:16.000Z,USD,u_73bd165d8259f559,ACTIVE,h_d95fa9e8422ee57e,[name],,,,2026-08-24T14:45:16.000Z,book_club_member,,1,annual_plus,2026-08-24T14:45:16.000Z,_UNKNOWN,6000,YEAR,,,,[name],2027-08-24T14:45:16.000Z,,500,,2027-08-24T14:45:16.000Z,2026-08-24T14:45:16.000Z,6000,,,,,,BCM Experience [July 2025] [25% one-time / No Entry Modal],,08-24-2026,,08-25-2026,08-24-2026,08-24-2026,08-24-2026,,08-24-2026,08-24-2027
cancel_Wg8OEBX_a2af69ba01be6bff,AzqWFKVSsARxE30kf,,Students; fallback,,,[name],[name],,Unknown,Unknown,Unknown,Unknown,,Unknown,Unknown,0,,,u_04580a97e9c4600d,,,,0,,,Canceled,2026-08-25T09:35:09.000Z,2026-08-25T09:35:09.000Z,2026-08-25T09:35:09.000Z,,23.21,,cancel,Valid Cancel,,,,5.0,,,Brightback,,,,,,,AzqWFKVSsARxE30kf,2026-08-20T20:57:12.000Z,,2026-08-20T20:57:15.000Z,,h_e1a6f3c1384bd8f5,,1,2026-08-20T20:57:15.000Z,USD,u_04580a97e9c4600d,ACTIVE,h_9ba9ce58b299c658,[name],,,,2026-08-20T20:57:15.000Z,student,,1,annual_plus,2026-08-20T20:57:15.000Z,_UNKNOWN,6000,YEAR,,,High School,[name],2027-08-20T20:57:15.000Z,,500,,2027-08-20T20:57:15.000Z,2026-08-20T20:57:15.000Z,6000,,,,,,Student Experience [July 2025] [25% one-time / No Entry Modal],,08-20-2026,,08-25-2026,08-20-2026,08-20-2026,08-20-2026,,08-20-2026,08-20-2027
cancel_Wg8ODHg_a6a84c46c719dddf,1730416,,fallback,,,[name],[name],[name],Unknown,Unknown,Unknown,Unknown,,Unknown,Unknown,0,,,u_9eb3d6e579dc1b84,,,,0,,,Canceled,2026-08-24T13:23:25.000Z,2026-08-24T13:23:25.000Z,2026-08-24T13:23:25.000Z,,24.05,,cancel,Valid Cancel,,,,3.0,,,Brightback,,,,,,,1730416,2026-08-17T07:49:46.000Z,,2026-08-24T08:54:49.000Z,,h_73284a3fc198c565,,1,2026-08-24T08:54:49.000Z,USD,u_9eb3d6e579dc1b84,ACTIVE,h_99c23de1e1e94667,[name],36.0,annual_essentials,,2026-08-24T08:54:49.000Z,avid_reader,,1,annual_essentials,2026-08-24T08:54:49.000Z,_UNKNOWN,3600,YEAR,annual_essentials,,,[name],2027-08-24T08:54:49.000Z,,300,,2027-08-24T08:54:49.000Z,2026-08-24T08:54:49.000Z,3600,[name],,https://www.supersummary.com/subscription,https://www.supersummary.com/subscription/confirming/cancel,,Default/Fallback [July 2025] [25% one time / No entry modal],,08-24-2026,,08-24-2026,08-24-2026,08-24-2026,08-17-2026,,08-24-2026,08-24-2027
cancel_Wg8OCV6_8a37da34ee9a72b3,AzZjq4VSsTPxB3BTz,,Book Club Members; fallback,,,[name],[name],,Unknown,Unknown,Unknown,Unknown,,Unknown,Unknown,0,,,u_2ccc0ab0d7da112d,,,,0,,,Canceled,2026-08-25T14:50:37.000Z,2026-08-25T14:50:37.000Z,2026-08-25T14:50:37.000Z,,22.99,,cancel,Valid Cancel,,,,3.0,,,Brightback,,,,,,,AzZjq4VSsTPxB3BTz,2026-08-20T22:12:34.000Z,,2026-08-20T22:12:35.000Z,,h_68540c4b0cd8c2d6,,1,2026-08-20T22:12:35.000Z,USD,u_2ccc0ab0d7da112d,ACTIVE,h_55f7c136ea307478,[name],,,,2026-08-20T22:12:35.000Z,book_club_member,,1,annual_essentials,2026-08-20T22:12:35.000Z,_UNKNOWN,3600,YEAR,,,,[name],2027-08-20T22:12:35.000Z,,300,,2027-08-20T22:12:35.000Z,2026-08-20T22:12:35.000Z,3600,,,,,,BCM Experience [July 2025] [25% one-time / No Entry Modal],,08-20-2026,,08-25-2026,08-20-2026,08-20-2026,08-20-2026,,08-20-2026,08-20-2027
cancel_Wg8OC29_84881b299fa5b6f4,16BUGCVTDLhhv1JGB,,Students; fallback,,,[name],[name],,Unknown,Unknown,Unknown,Unknown,,Unknown,Unknown,0,,,u_5e7e1e59423c0f0a,,,,0,,,Canceled,2026-08-24T13:21:00.000Z,2026-08-24T13:21:00.000Z,2026-08-24T13:21:00.000Z,,24.05,,cancel,Valid Cancel,,,,3.0,,,Brightback,,,,,,,16BUGCVTDLhhv1JGB,2026-08-24T11:53:38.000Z,,2026-08-24T11:53:40.000Z,,h_3001d80102dee4ec,,1,2026-08-24T11:53:40.000Z,USD,u_5e7e1e59423c0f0a,ACTIVE,h_89c5ecaa54c6b3d6,[name],,,,2026-08-24T11:53:40.000Z,student,,1,annual_essentials,2026-08-24T11:53:40.000Z,_UNKNOWN,3600,YEAR,,,High School,[name],2027-08-24T11:53:40.000Z,,300,,2027-08-24T11:53:40.000Z,2026-08-24T11:53:40.000Z,3600,,,,,,Student Experience [July 2025] [25% one-time / No Entry Modal],,08-24-2026,,08-24-2026,08-24-2026,08-24-2026,08-24-2026,,08-24-2026,08-24-2027
cancel_Wg8O07t_88e836e62d5c2ea3,AzylmhVT5hC4g69YG,,Students; fallback,,,[name],[name],,Unknown,Unknown,Unknown,Unknown,,Unknown,Unknown,0,,,u_7ec0333af2c6983d,,,,0,,,Canceled,2026-08-25T13:10:18.000Z,2026-08-25T13:10:18.000Z,2026-08-25T13:10:18.000Z,,23.06,,cancel,Valid Cancel,,,,9.95,,,Brightback,,,,,,,AzylmhVT5hC4g69YG,2026-08-23T04:28:48.000Z,,2026-08-23T04:28:51.000Z,,h_b433f7ef0f0a83e1,,1,2026-08-23T04:28:51.000Z,USD,u_7ec0333af2c6983d,ACTIVE,h_e0f4da8dc14ed51c,[name],,,,2026-08-23T04:28:51.000Z,student,,1,monthly_essentials,2026-08-23T04:28:51.000Z,_UNKNOWN,995,MONTH,,,High School,[name],2026-09-23T04:28:51.000Z,,995,,2026-09-23T04:28:51.000Z,2026-08-23T04:28:51.000Z,995,,,,,,Student Experience [July 2025] [25% one-time / No Entry Modal],,08-23-2026,,08-25-2026,08-23-2026,08-23-2026,08-23-2026,,08-23-2026,09-23-2026
cancel_Wg8NNXo_975b24f424cf06c9,1738044,,Students; fallback,,,[name],[name],[name],Unknown,Unknown,Unknown,Unknown,,Unknown,Unknown,0,,,u_55c460375f7d8d54,,,,0,,,Canceled,2026-08-24T23:36:37.000Z,2026-08-24T23:36:37.000Z,2026-08-24T23:36:37.000Z,,23.63,,cancel,Valid Cancel,,,,3.0,,,Brightback,,,,,,,1738044,2026-08-23T21:53:07.000Z,,2026-08-23T21:53:08.000Z,,h_0978402bcd95c727,,1,2026-08-23T21:53:08.000Z,USD,u_55c460375f7d8d54,ACTIVE,h_5f65d1678af0382a,[name],36.0,annual_essentials,,2026-08-23T21:53:08.000Z,student,,1,annual_essentials,2026-08-23T21:53:08.000Z,_UNKNOWN,3600,YEAR,annual_essentials,,High School,[name],2027-08-23T21:53:08.000Z,,300,,2027-08-23T21:53:08.000Z,2026-08-23T21:53:08.000Z,3600,[name],,https://www.supersummary.com/subscription,https://www.supersummary.com/subscription/confirming/cancel,,Student Experience [July 2025] [25% one-time / No Entry Modal],,08-23-2026,,08-24-2026,08-23-2026,08-23-2026,08-23-2026,,08-23-2026,08-23-2027
cancel_Wg8NNKi_8a5e415480193064,1738073,,Book Club Members; fallback,,,[name],[name],[name],Unknown,Unknown,Unknown,Unknown,,Unknown,Unknown,0,,,u_009c8980583c9073,,,,0,,,Canceled,2026-08-23T23:23:36.000Z,2026-08-23T23:23:36.000Z,2026-08-23T23:23:36.000Z,,24.64,,cancel,Valid Cancel,,,,9.95,,,Brightback,,,,,,,1738073,2026-08-23T22:14:28.000Z,,2026-08-23T22:14:29.000Z,,h_649a75409150c252,,1,2026-08-23T22:14:29.000Z,USD,u_009c8980583c9073,ACTIVE,h_88b729737aa5f0fb,[name],9.95,monthly_essentials,,2026-08-23T22:14:29.000Z,book_club_member,,1,monthly_essentials,2026-08-23T22:14:29.000Z,_UNKNOWN,995,MONTH,monthly_essentials,,,[name],2026-09-23T22:14:29.000Z,,995,,2026-09-23T22:14:29.000Z,2026-08-23T22:14:29.000Z,995,[name],,https://www.supersummary.com/subscription,https://www.supersummary.com/subscription/confirming/cancel,,BCM Experience [July 2025] [25% one-time / No Entry Modal],,08-23-2026,,08-23-2026,08-23-2026,08-23-2026,08-23-2026,,08-23-2026,09-23-2026
cancel_Wg8NI1W_b72c0aeea5f36d55,AzZi0zVSUIWIh8fQC,,fallback,,,[name],[name],,Unknown,Unknown,Unknown,Unknown,,Unknown,Unknown,0,,,u_f0a290b06ca4d89c,,,,0,,,Canceled,2026-08-23T18:04:01.000Z,2026-08-23T18:04:01.000Z,2026-08-23T18:04:01.000Z,,24.86,,cancel,Valid Cancel,,,,5.0,,,Brightback,,,,,,,AzZi0zVSUIWIh8fQC,2026-08-16T18:58:44.000Z,,2026-08-16T18:58:46.000Z,,h_bb3e8c5a03b8252f,,1,2026-08-16T18:58:46.000Z,USD,u_f0a290b06ca4d89c,ACTIVE,h_a39e916d2a74d9b9,[name],,,,2026-08-16T18:58:46.000Z,avid_reader,,1,annual_plus,2026-08-16T18:58:46.000Z,_UNKNOWN,6000,YEAR,,,,[name],2027-08-16T18:58:46.000Z,,500,,2027-08-16T18:58:46.000Z,2026-08-16T18:58:46.000Z,6000,,,,,,Default/Fallback [July 2025] [25% one time / No entry modal],,08-16-2026,,08-23-2026,08-16-2026,08-16-2026,08-16-2026,,08-16-2026,08-16-2027
cancel_Wg8NElL_a3ac7540abe593ad,169xxoVT7XJI97Rnw,,Students; fallback,,,[name],[name],,Unknown,Unknown,Unknown,Unknown,,Unknown,Unknown,0,,,u_53f7c0e142d687d3,,,,0,,,Canceled,2026-08-23T14:49:26.000Z,2026-08-23T14:49:26.000Z,2026-08-23T14:49:26.000Z,,24.99,,cancel,Valid Cancel,,,,9.95,,,Brightback,,,,,,,169xxoVT7XJI97Rnw,2026-08-23T12:02:07.000Z,,2026-08-23T12:02:08.000Z,,h_03ec12031898a9bb,,1,2026-08-23T12:02:08.000Z,USD,u_53f7c0e142d687d3,ACTIVE,h_944d75be67792d48,[name],,,,2026-08-23T12:02:08.000Z,student,,1,monthly_essentials,2026-08-23T12:02:08.000Z,_UNKNOWN,995,MONTH,,,College,[name],2026-09-23T12:02:08.000Z,,995,,2026-09-23T12:02:08.000Z,2026-08-23T12:02:08.000Z,995,,,,,,Student Experience [July 2025] [25% one-time / No Entry Modal],,08-23-2026,,08-23-2026,08-23-2026,08-23-2026,08-23-2026,,08-23-2026,09-23-2026
cancel_Wg8N0MK_9dcc17ba54c15d81,1699484,,Book Club Members; fallback,,,[name],[name],[name],Unknown,Unknown,Unknown,Unknown,,Unknown,Unknown,0,,,u_a52f1587dcf355a8,,,,0,,,Canceled,2026-08-26T19:12:46.000Z,2026-08-26T19:12:46.000Z,2026-08-26T19:12:46.000Z,,21.81,,cancel,Valid Cancel,,,,12.49,,,Brightback,,,,,,,1699484,2026-07-17T18:57:46.000Z,,2026-07-17T19:12:43.000Z,,h_62cbf5566a3783dc,,1,2026-07-17T19:12:43.000Z,USD,u_a52f1587dcf355a8,ACTIVE,h_c00c71a61483363d,[name],16.65,monthly_plus,,2026-08-17T19:12:43.000Z,book_club_member,,1,monthly_plus,2026-07-17T19:12:43.000Z,_UNKNOWN,1665,MONTH,monthly_plus,,,[name],2026-09-17T19:12:43.000Z,,1665,,2026-09-17T19:12:43.000Z,2026-07-17T19:12:43.000Z,1665,[name],,https://www.supersummary.com/subscription,https://www.supersummary.com/subscription/confirming/cancel,,BCM Experience [July 2025] [25% one-time / No Entry Modal],,07-17-2026,,08-26-2026,07-17-2026,07-17-2026,07-17-2026,,07-17-2026,09-17-2026
cancel_Wg8MKKn_a39f9905f366e910,AzZV4mVT3hy6M5Hgw,,Students; fallback,,,[name],[name],,Unknown,Unknown,Unknown,Unknown,,Unknown,Unknown,0,,,u_2ffbbb4c76b6b7c3,,,,0,,,Canceled,2026-08-22T20:22:08.000Z,2026-08-22T20:22:08.000Z,2026-08-22T20:22:08.000Z,,25.76,,cancel,Valid Cancel,,,,3.0,,,Brightback,,,,,,,AzZV4mVT3hy6M5Hgw,2026-08-22T20:19:21.000Z,,2026-08-22T20:19:23.000Z,,h_c103535c8ae755c9,,1,2026-08-22T20:19:23.000Z,USD,u_2ffbbb4c76b6b7c3,ACTIVE,h_fedfbb93f47eed15,[name],,,,2026-08-22T20:19:23.000Z,student,,1,annual_essentials,2026-08-22T20:19:23.000Z,_UNKNOWN,3600,YEAR,,,College,[name],2027-08-22T20:19:23.000Z,,300,,2027-08-22T20:19:23.000Z,2026-08-22T20:19:23.000Z,3600,,,,,,Student Experience [July 2025] [25% one-time / No Entry Modal],,08-22-2026,,08-22-2026,08-22-2026,08-22-2026,08-22-2026,,08-22-2026,08-22-2027
cancel_Wg8MDcu_bde0123ac2802782,1734221,,Book Club Members; fallback,,,[name],[name],[name],Unknown,Unknown,Unknown,Unknown,,Unknown,Unknown,0,,,u_552237c22137d212,,,,0,,,Canceled,2026-08-25T14:50:01.000Z,2026-08-25T14:50:01.000Z,2026-08-25T14:50:01.000Z,,22.99,,cancel,Valid Cancel,,,,5.0,,,Brightback,,,,,,,1734221,2026-08-20T13:15:54.000Z,,2026-08-20T13:15:57.000Z,,h_32df9561c8b94381,,1,2026-08-20T13:15:57.000Z,USD,u_552237c22137d212,ACTIVE,h_faf5ee115e7e33d2,[name],60.0,annual_plus,,2026-08-20T13:15:57.000Z,book_club_member,,1,annual_plus,2026-08-20T13:15:57.000Z,_UNKNOWN,6000,YEAR,annual_plus,,,[name],2027-08-20T13:15:57.000Z,,500,,2027-08-20T13:15:57.000Z,2026-08-20T13:15:57.000Z,6000,[name],,https://www.supersummary.com/subscription,https://www.supersummary.com/subscription/confirming/cancel,,BCM Experience [July 2025] [25% one-time / No Entry Modal],,08-20-2026,,08-25-2026,08-20-2026,08-20-2026,08-20-2026,,08-20-2026,08-20-2027
cancel_Wg8LLG8_bcc64d2d7dbf4e13,1735944,,Book Club Members; fallback,,,[name],[name],[name],Unknown,Unknown,Unknown,Unknown,,Unknown,Unknown,0,,,u_b1d1c64c2d94546b,,,,0,,,Canceled,2026-08-21T21:17:39.000Z,2026-08-21T21:17:39.000Z,2026-08-21T21:17:39.000Z,,26.72,,cancel,Valid Cancel,,,,3.0,,,Brightback,,,,,,,1735944,2026-08-21T21:13:58.000Z,,2026-08-21T21:13:59.000Z,,h_c65bea9743c58bce,,1,2026-08-21T21:13:59.000Z,USD,u_b1d1c64c2d94546b,ACTIVE,h_968b6c58a125e441,[name],36.0,annual_essentials,,2026-08-21T21:13:59.000Z,book_club_member,,1,annual_essentials,2026-08-21T21:13:59.000Z,_UNKNOWN,3600,YEAR,annual_essentials,,,[name],2027-08-21T21:13:59.000Z,,300,,2027-08-21T21:13:59.000Z,2026-08-21T21:13:59.000Z,3600,[name],,https://www.supersummary.com/subscription,https://www.supersummary.com/subscription/confirming/cancel,,BCM Experience [July 2025] [25% one-time / No Entry Modal],,08-21-2026,,08-21-2026,08-21-2026,08-21-2026,08-21-2026,,08-21-2026,08-21-2027
cancel_Wg8LCui_a593ce21774b2ac6,AzZi0zVSNc5eY5DFF,,Students; fallback,,,[name],[name],,Unknown,Unknown,Unknown,Unknown,,Unknown,Unknown,0,,,u_6da419c1d26de68e,,,,0,,,Canceled,2026-08-25T14:26:58.000Z,2026-08-25T14:26:58.000Z,2026-08-25T14:26:58.000Z,,23.01,,cancel,Valid Cancel,,,,5.0,,,Brightback,,,,,,,AzZi0zVSNc5eY5DFF,2026-08-15T15:32:33.000Z,,2026-08-15T15:32:36.000Z,,h_3ea84970a88e629d,,1,2026-08-15T15:32:36.000Z,USD,u_6da419c1d26de68e,ACTIVE,h_52b5704eff194bcd,[name],,,,2026-08-15T15:32:36.000Z,student,,1,annual_plus,2026-08-15T15:32:36.000Z,_UNKNOWN,6000,YEAR,,,College,[name],2027-08-15T15:32:36.000Z,,500,,2027-08-15T15:32:36.000Z,2026-08-15T15:32:36.000Z,6000,,,,,,Student Experience [July 2025] [25% one-time / No Entry Modal],,08-15-2026,,08-25-2026,08-15-2026,08-15-2026,08-15-2026,,08-15-2026,08-15-2027
cancel_Wg8KFfq_b0cd7d19c915644a,1729859,,Teachers; fallback,,,[name],[name],[name],Unknown,Unknown,Unknown,Unknown,,Unknown,Unknown,0,,,u_0d5a0eaff2bc4537,,,,0,,,Canceled,2026-08-20T15:43:36.000Z,2026-08-20T15:43:36.000Z,2026-08-20T15:43:36.000Z,,27.96,,cancel,Valid Cancel,,,,5.97,,,Brightback,,,,,,,1729859,2026-08-16T20:16:56.000Z,,2026-08-16T20:16:57.000Z,,h_8d34bb5ec9f57834,,1,2026-08-16T20:16:57.000Z,USD,u_0d5a0eaff2bc4537,ACTIVE,h_be3736d2cb335cc6,[name],9.95,monthly_essentials,,2026-08-16T20:16:57.000Z,teacher,,1,monthly_essentials,2026-08-16T20:16:57.000Z,_UNKNOWN,995,MONTH,monthly_essentials,,other,[name],2026-09-16T20:16:57.000Z,,995,,2026-09-16T20:16:57.000Z,2026-08-16T20:16:57.000Z,995,[name],,https://www.supersummary.com/subscription,https://www.supersummary.com/subscription/confirming/cancel,,Teacher Experience [July 2025] [40% one-time / Modal],,08-16-2026,,08-20-2026,08-16-2026,08-16-2026,08-16-2026,,08-16-2026,09-16-2026
cancel_Wg8K2vm_8eb67bc760801f64,1733906,,fallback,,,[name],[name],[name],Unknown,Unknown,Unknown,Unknown,,Unknown,Unknown,0,,,u_3f8340663807afa2,,,,0,,,Canceled,2026-08-21T15:01:32.000Z,2026-08-21T15:01:32.000Z,2026-08-21T15:01:32.000Z,,26.98,,cancel,Valid Cancel,,,,5.0,,,Brightback,,,,,,,1733906,2026-08-20T02:40:44.000Z,,2026-08-20T02:40:46.000Z,,h_3e3270ddb5c5d0bb,,1,2026-08-20T02:40:46.000Z,USD,u_3f8340663807afa2,ACTIVE,h_b4f8aef76001952f,[name],60.0,annual_plus,,2026-08-20T02:40:46.000Z,other,,1,annual_plus,2026-08-20T02:40:46.000Z,_UNKNOWN,6000,YEAR,annual_plus,,,[name],2027-08-20T02:40:46.000Z,,500,,2027-08-20T02:40:46.000Z,2026-08-20T02:40:46.000Z,6000,[name],,https://www.supersummary.com/subscription,https://www.supersummary.com/subscription/confirming/cancel,,Default/Fallback [July 2025] [25% one time / No entry modal],,08-20-2026,,08-21-2026,08-20-2026,08-20-2026,08-20-2026,,08-20-2026,08-20-2027
cancel_Wg8K2df_9720d3991a29b92f,AzqBgYVSloecm2dG7,,Parents; fallback,,,[name],[name],,Unknown,Unknown,Unknown,Unknown,,Unknown,Unknown,0,,,u_72d2183732504458,,,,0,,,Canceled,2026-08-20T07:25:44.000Z,2026-08-20T07:25:44.000Z,2026-08-20T07:25:44.000Z,,28.3,,cancel,Valid Cancel,,,,5.0,,,Brightback,,,,,,,AzqBgYVSloecm2dG7,2026-08-19T18:53:01.000Z,,2026-08-19T18:53:02.000Z,,h_39124ffec41cd3b1,,1,2026-08-19T18:53:02.000Z,USD,u_72d2183732504458,ACTIVE,h_8ca01991ca366ea7,[name],,,,2026-08-19T18:53:02.000Z,parent_of_student,,1,annual_plus,2026-08-19T18:53:02.000Z,_UNKNOWN,6000,YEAR,,,Middle School,[name],2027-08-19T18:53:02.000Z,,500,,2027-08-19T18:53:02.000Z,2026-08-19T18:53:02.000Z,6000,,,,,,Parent Experience [July 2025] [25% one-time / No Entry Modal],,08-19-2026,,08-20-2026,08-19-2026,08-19-2026,08-19-2026,,08-19-2026,08-19-2027
cancel_Wg8JLw2_aebc349baf8d65e9,AzqCUDVSlHZln2335,,Students; fallback,,,[name],[name],,Unknown,Unknown,Unknown,Unknown,,Unknown,Unknown,0,,,u_143d403a250141fe,,,,0,,,Canceled,2026-08-21T14:59:18.000Z,2026-08-21T14:59:18.000Z,2026-08-21T14:59:18.000Z,,26.99,,cancel,Valid Cancel,,,,9.95,,,Brightback,,,,,,,AzqCUDVSlHZln2335,2026-08-19T16:41:36.000Z,,2026-08-19T16:41:39.000Z,,h_62551397328f15cb,,1,2026-08-19T16:41:39.000Z,USD,u_143d403a250141fe,ACTIVE,h_8eefc9597d8c83df,[name],,,,2026-08-19T16:41:39.000Z,student,,1,monthly_essentials,2026-08-19T16:41:39.000Z,_UNKNOWN,995,MONTH,,,High School,[name],2026-09-19T16:41:39.000Z,,995,,2026-09-19T16:41:39.000Z,2026-08-19T16:41:39.000Z,995,,,,,,Student Experience [July 2025] [25% one-time / No Entry Modal],,08-19-2026,,08-21-2026,08-19-2026,08-19-2026,08-19-2026,,08-19-2026,09-19-2026
cancel_Wg8JJDa_aeef7b01b270b8b6,AzybmmVSltdW62XvR,,fallback,,,[name],[name],,Unknown,Unknown,Unknown,Unknown,,Unknown,Unknown,0,,,u_929da28cb471740d,,,,0,,,Canceled,2026-08-21T14:58:59.000Z,2026-08-21T14:58:59.000Z,2026-08-21T14:58:59.000Z,,26.99,,cancel,Valid Cancel,,,,5.0,,,Brightback,,,,,,,AzybmmVSltdW62XvR,2026-08-19T19:12:10.000Z,,2026-08-19T19:12:50.000Z,,h_48be5fb99fb6ce96,,1,2026-08-19T19:12:50.000Z,USD,u_929da28cb471740d,ACTIVE,h_9e6a68268d2ccf7d,[name],,,,2026-08-19T19:12:50.000Z,avid_reader,,1,annual_plus,2026-08-19T19:12:50.000Z,_UNKNOWN,6000,YEAR,,,,[name],2027-08-19T19:12:50.000Z,,500,,2027-08-19T19:12:50.000Z,2026-08-19T19:12:50.000Z,6000,,,,,,Default/Fallback [July 2025] [25% one time / No entry modal],,08-19-2026,,08-21-2026,08-19-2026,08-19-2026,08-19-2026,,08-19-2026,08-19-2027
cancel_Wg8JDg7_940633455e77b952,1290996,,Book Club Members; Annual,,,[name],[name],[name],Unknown,Unknown,Unknown,Unknown,,Unknown,Unknown,0,,,u_981008306a524679,,,,0,,,Canceled,2026-08-19T13:43:38.000Z,2026-08-19T13:43:38.000Z,2026-08-19T13:43:38.000Z,,29.04,,cancel,Valid Cancel,,,,3.0,,,Brightback,,,,,,,1290996,2025-08-19T13:18:07.000Z,,2025-08-19T13:18:10.000Z,,h_01d3d869dfb07e7b,,1,2025-08-19T13:18:10.000Z,USD,u_981008306a524679,ACTIVE,h_8e766e6580954303,[name],36.0,annual,,2026-08-19T13:18:10.000Z,book_club_member,,1,annual,2025-08-19T13:18:10.000Z,_UNKNOWN,3600,YEAR,annual,,,[name],2027-08-19T13:18:10.000Z,,300,,2027-08-19T13:18:10.000Z,2025-08-19T13:18:10.000Z,3600,[name],,https://www.supersummary.com/subscription,https://www.supersummary.com/subscription/confirming/cancel,,BCM Experience [July 2025] [25% one-time / No Entry Modal],,08-19-2025,,08-19-2026,08-19-2025,08-19-2025,08-19-2025,,08-19-2025,08-19-2027
cancel_Wg8J60p_b169f4e7391c0bd6,Azycy7VShXzef3dS8,,Students; fallback,,,[name],[name],,Unknown,Unknown,Unknown,Unknown,,Unknown,Unknown,0,,,u_a4de56ccb2545e20,,,,0,,,Canceled,2026-08-19T13:47:19.000Z,2026-08-19T13:47:19.000Z,2026-08-19T13:47:19.000Z,,29.04,,cancel,Valid Cancel,,,,7.46,,,Brightback,,,,,,,Azycy7VShXzef3dS8,2026-08-19T01:17:00.000Z,,2026-08-19T01:21:46.000Z,,h_ba01b83bede7b3a7,,1,2026-08-19T01:21:46.000Z,USD,u_a4de56ccb2545e20,ACTIVE,h_81c5eeb4da868f5f,[name],,,,2026-08-19T01:21:46.000Z,student,,1,monthly_essentials,2026-08-19T01:21:46.000Z,_UNKNOWN,995,MONTH,,,High School,[name],2026-09-19T01:21:46.000Z,,995,,2026-09-19T01:21:46.000Z,2026-08-19T01:21:46.000Z,995,,,,,,Student Experience [July 2025] [25% one-time / No Entry Modal],,08-19-2026,,08-19-2026,08-19-2026,08-19-2026,08-19-2026,,08-19-2026,09-19-2026
cancel_Wg8J2mZ_8f25f13f880bde16,1285509,,Students; fallback,,,[name],[name],[name],Unknown,Unknown,Unknown,Unknown,,Unknown,Unknown,0,,,u_d877eb485fdb9392,,,,0,,,Canceled,2026-08-23T03:32:19.000Z,2026-08-23T03:32:19.000Z,2026-08-23T03:32:19.000Z,,25.46,,cancel,Valid Cancel,,,,3.0,,,Brightback,,,,,,,1285509,2025-08-14T03:32:17.000Z,,2025-08-14T03:32:18.000Z,,h_2c5700e4f91fef18,,1,2025-08-14T03:32:18.000Z,USD,u_d877eb485fdb9392,ACTIVE,h_a6f95b3c29331e0b,[name],36.0,annual_plus,,2026-08-14T03:32:18.000Z,student,,1,annual_plus,2025-08-14T03:32:18.000Z,_UNKNOWN,3600,YEAR,annual_plus,,other,[name],2027-08-14T03:32:18.000Z,,300,,2027-08-14T03:32:18.000Z,2025-08-14T03:32:18.000Z,3600,[name],,https://www.supersummary.com/subscription,https://www.supersummary.com/subscription/confirming/cancel,,Student Experience [July 2025] [25% one-time / No Entry Modal],,08-14-2025,,08-23-2026,08-14-2025,08-14-2025,08-14-2025,,08-14-2025,08-14-2027
cancel_Wg8INO9_af7c2950ee310bc7,1732344,,Teachers; fallback,,,[name],[name],[name],Unknown,Unknown,Unknown,Unknown,,Unknown,Unknown,0,,,u_0b2796d15b0d3677,,,,0,,,Canceled,2026-08-20T13:36:14.000Z,2026-08-20T13:36:14.000Z,2026-08-20T13:36:14.000Z,,28.04,,cancel,Valid Cancel,,,,3.0,,,Brightback,,,,,,,1732344,2026-08-18T20:44:57.000Z,,2026-08-18T20:44:59.000Z,,h_7da6f6e8c9d29d99,,1,2026-08-18T20:44:59.000Z,USD,u_0b2796d15b0d3677,ACTIVE,h_db093b99679ec765,[name],60.0,annual_plus,,2026-08-18T20:44:59.000Z,teacher,,1,annual_plus,2026-08-18T20:44:59.000Z,_UNKNOWN,6000,YEAR,annual_plus,,Middle School,[name],2027-08-18T20:44:59.000Z,,500,,2027-08-18T20:44:59.000Z,2026-08-18T20:44:59.000Z,6000,[name],,https://www.supersummary.com/subscription,https://www.supersummary.com/subscription/confirming/cancel,,Teacher Experience [July 2025] [40% one-time / Modal],,08-18-2026,,08-20-2026,08-18-2026,08-18-2026,08-18-2026,,08-18-2026,08-18-2027
cancel_Wg8INdL_a96c59c7bb1bd279,1484216,,fallback,,,[name],[name],[name],Unknown,Unknown,Unknown,Unknown,,Unknown,Unknown,0,,,u_4fb98a1d66715e9e,,,,0,,,Canceled,2026-08-19T11:46:06.000Z,2026-08-19T11:46:06.000Z,2026-08-19T11:46:06.000Z,,29.12,,cancel,Valid Cancel,,,,5.0,,,Brightback,,,,,,,1484216,2026-08-16T21:19:26.000Z,,2026-08-16T21:19:29.000Z,,h_58b09ae1901e7126,,1,2026-08-16T21:19:29.000Z,USD,u_4fb98a1d66715e9e,ACTIVE,h_9fc25c88694570fc,[name],60.0,annual_plus,,2026-08-16T21:19:29.000Z,avid_reader,,1,annual_plus,2026-08-16T21:19:29.000Z,_UNKNOWN,6000,YEAR,annual_plus,,,[name],2027-08-16T21:19:29.000Z,,500,,2027-08-16T21:19:29.000Z,2026-08-16T21:19:29.000Z,6000,[name],,https://www.supersummary.com/subscription,https://www.supersummary.com/subscription/confirming/cancel,,Default/Fallback [July 2025] [25% one time / No entry modal],,08-16-2026,,08-19-2026,08-16-2026,08-16-2026,08-16-2026,,08-16-2026,08-16-2027
cancel_Wg8IGGZ_ac02c62e36126e91,16CVN1VSfKUUC2HyH,,Students; fallback,,,[name],[name],,Unknown,Unknown,Unknown,Unknown,,Unknown,Unknown,0,,,u_3102d430fef9f5f3,,,,0,,,Canceled,2026-08-18T20:56:01.000Z,2026-08-18T20:56:01.000Z,2026-08-18T20:56:01.000Z,,29.74,,cancel,Valid Cancel,,,,9.95,,,Brightback,,,,,,,16CVN1VSfKUUC2HyH,2026-08-18T16:15:32.000Z,,2026-08-18T16:15:35.000Z,,h_e452e98db7d6fbdd,,1,2026-08-18T16:15:35.000Z,USD,u_3102d430fef9f5f3,ACTIVE,h_f7d34753898c5ce6,[name],,,,2026-08-18T16:15:35.000Z,student,,1,monthly_essentials,2026-08-18T16:15:35.000Z,_UNKNOWN,995,MONTH,,,College,[name],2026-09-18T16:15:35.000Z,,995,,2026-09-18T16:15:35.000Z,2026-08-18T16:15:35.000Z,995,,,,,,Student Experience [July 2025] [25% one-time / No Entry Modal],,08-18-2026,,08-18-2026,08-18-2026,08-18-2026,08-18-2026,,08-18-2026,09-18-2026
cancel_Wg8IEHQ_a8ecf6a157a5f046,1287518,,Students; Annual,,,[name],[name],[name],Unknown,Unknown,Unknown,Unknown,,Unknown,Unknown,0,,,u_3dd5a409fb2e1bb1,,,,0,,,Canceled,2026-08-25T04:25:20.000Z,2026-08-25T04:25:20.000Z,2026-08-25T04:25:20.000Z,,23.43,,cancel,Valid Cancel,,,,2.25,,,Brightback,,,,,,,1287518,2025-08-16T04:25:18.000Z,,2025-08-16T04:25:19.000Z,,h_6e2677ed7d335d50,,1,2025-08-16T04:25:19.000Z,USD,u_3dd5a409fb2e1bb1,ACTIVE,h_81a35c3368a73cdb,[name],36.0,annual,,2026-08-16T04:25:19.000Z,student,,1,annual,2025-08-16T04:25:19.000Z,_UNKNOWN,3600,YEAR,annual,,College,[name],2027-08-16T04:25:19.000Z,,300,,2027-08-16T04:25:19.000Z,2025-08-16T04:25:19.000Z,3600,[name],,https://www.supersummary.com/subscription,https://www.supersummary.com/subscription/confirming/cancel,,Student Experience [July 2025] [25% one-time / No Entry Modal],,08-16-2025,,08-25-2026,08-16-2025,08-16-2025,08-16-2025,,08-16-2025,08-16-2027
cancel_Wg8I1Pj_8a0cf1660fa8cee6,1731393,,fallback,,,[name],[name],[name],Unknown,Unknown,Unknown,Unknown,,Unknown,Unknown,0,,,u_5b445af61875a095,,,,0,,,Canceled,2026-08-19T13:42:35.000Z,2026-08-19T13:42:35.000Z,2026-08-19T13:42:35.000Z,,29.04,,cancel,Valid Cancel,,,,3.0,,,Brightback,,,,,,,1731393,2026-08-18T01:22:11.000Z,,2026-08-18T01:22:12.000Z,,h_19e5f48f6cd3ac8f,,1,2026-08-18T01:22:12.000Z,USD,u_5b445af61875a095,ACTIVE,h_6a56e37dabd2d50e,[name],36.0,annual_essentials,,2026-08-18T01:22:12.000Z,avid_reader,,1,annual_essentials,2026-08-18T01:22:12.000Z,_UNKNOWN,3600,YEAR,annual_essentials,,,[name],2027-08-18T01:22:12.000Z,,300,,2027-08-18T01:22:12.000Z,2026-08-18T01:22:12.000Z,3600,[name],,https://www.supersummary.com/subscription,https://www.supersummary.com/subscription/confirming/cancel,,Default/Fallback [July 2025] [25% one time / No entry modal],,08-18-2026,,08-19-2026,08-18-2026,08-18-2026,08-18-2026,,08-18-2026,08-18-2027
cancel_Wg8HJ2A_aa538c94f1728c6e,1730932,,Book Club Members; fallback,,,[name],[name],[name],Unknown,Unknown,Unknown,Unknown,,Unknown,Unknown,0,,,u_efaf0f01caa4b40e,,,,0,,,Canceled,2026-08-17T19:08:22.000Z,2026-08-17T19:08:22.000Z,2026-08-17T19:08:22.000Z,,30.81,,cancel,Valid Cancel,,,,5.0,,,Brightback,,,,,,,1730932,2026-08-17T19:01:07.000Z,,2026-08-17T19:01:08.000Z,,h_1f41b684898c571e,,1,2026-08-17T19:01:08.000Z,USD,u_efaf0f01caa4b40e,ACTIVE,h_b322a1c85d406960,[name],60.0,annual_plus,,2026-08-17T19:01:08.000Z,book_club_member,,1,annual_plus,2026-08-17T19:01:08.000Z,_UNKNOWN,6000,YEAR,annual_plus,,,[name],2027-08-17T19:01:08.000Z,,500,,2027-08-17T19:01:08.000Z,2026-08-17T19:01:08.000Z,6000,[name],,https://www.supersummary.com/subscription,https://www.supersummary.com/subscription/confirming/cancel,,BCM Experience [July 2025] [25% one-time / No Entry Modal],,08-17-2026,,08-17-2026,08-17-2026,08-17-2026,08-17-2026,,08-17-2026,08-17-2027
cancel_Wg8HHdB_865be79a40017841,1730886,,Teachers; fallback,,,[name],[name],[name],Unknown,Unknown,Unknown,Unknown,,Unknown,Unknown,0,,,u_975b051222129379,,,,0,,,Canceled,2026-08-19T13:40:30.000Z,2026-08-19T13:40:30.000Z,2026-08-19T13:40:30.000Z,,29.04,,cancel,Valid Cancel,,,,16.65,,,Brightback,,,,,,,1730886,2026-08-17T17:21:52.000Z,,2026-08-17T17:21:55.000Z,,h_cbc8ca63fb91f95f,,1,2026-08-17T17:21:55.000Z,USD,u_975b051222129379,ACTIVE,h_351a768b645cb7a0,[name],16.65,monthly_plus,,2026-08-17T17:21:55.000Z,teacher,,1,monthly_plus,2026-08-17T17:21:55.000Z,_UNKNOWN,1665,MONTH,monthly_plus,,High School,[name],2026-09-17T17:21:55.000Z,,1665,,2026-09-17T17:21:55.000Z,2026-08-17T17:21:55.000Z,1665,[name],,https://www.supersummary.com/subscription,https://www.supersummary.com/subscription/confirming/cancel,,Teacher Experience [July 2025] [40% one-time / Modal],,08-17-2026,,08-19-2026,08-17-2026,08-17-2026,08-17-2026,,08-17-2026,09-17-2026
cancel_Wg8HG9p_982575a0a65c89a7,16CGK1VSZPKdL1tPM,,fallback,,,[name],[name],,Unknown,Unknown,Unknown,Unknown,,Unknown,Unknown,0,,,u_7b33591afdf5d2b5,,,,0,,,Canceled,2026-08-19T13:39:07.000Z,2026-08-19T13:39:07.000Z,2026-08-19T13:39:07.000Z,,29.04,,cancel,Valid Cancel,,,,9.95,,,Brightback,,,,,,,16CGK1VSZPKdL1tPM,2026-08-17T15:57:10.000Z,,2026-08-17T15:57:11.000Z,,h_7a8f4eb4653a1c24,,1,2026-08-17T15:57:11.000Z,USD,u_7b33591afdf5d2b5,ACTIVE,h_6608e47045e95241,[name],,,,2026-08-17T15:57:11.000Z,avid_reader,,1,monthly_essentials,2026-08-17T15:57:11.000Z,_UNKNOWN,995,MONTH,,,,[name],2026-09-17T15:57:11.000Z,,995,,2026-09-17T15:57:11.000Z,2026-08-17T15:57:11.000Z,995,,,,,,Default/Fallback [July 2025] [25% one time / No entry modal],,08-17-2026,,08-19-2026,08-17-2026,08-17-2026,08-17-2026,,08-17-2026,09-17-2026
cancel_Wg8HCqC_834001e6cb73e3ed,6obCgVPFnlyvohf,,Teachers; fallback,,,[name],[name],,Unknown,Unknown,Unknown,Unknown,,Unknown,Unknown,0,,,u_8605c8119a043b3d,,,,0,,,Canceled,2026-08-17T12:56:29.000Z,2026-08-17T12:56:29.000Z,2026-08-17T12:56:29.000Z,,31.07,,cancel,Valid Cancel,,,,9.99,,,Brightback,,,,,,,6obCgVPFnlyvohf,2026-07-13T12:02:07.000Z,,2026-07-13T12:02:11.000Z,,h_4a7a270202c5e562,,1,2026-07-13T12:02:11.000Z,USD,u_8605c8119a043b3d,ACTIVE,h_1dcb9c588ef31910,[name],,,,2026-08-13T12:02:11.000Z,teacher,,1,monthly_plus,2026-07-13T12:02:11.000Z,_UNKNOWN,1665,MONTH,,7ldb9lCl3Zq,High School,[name],2026-09-13T12:02:11.000Z,,999,,2026-09-13T12:02:11.000Z,2026-07-13T12:02:11.000Z,1665,,,,,,Teacher Experience [July 2025] [40% one-time / Modal],,07-13-2026,,08-17-2026,07-13-2026,07-13-2026,07-13-2026,,07-13-2026,09-13-2026
cancel_Wg8HBcS_a4617f4ee6c91bbb,16CGK1VSYF0Nw10sr,,Students; fallback,,,[name],[name],,Unknown,Unknown,Unknown,Unknown,,Unknown,Unknown,0,,,u_263ac3b05f5692fd,,,,0,,,Canceled,2026-08-17T11:46:24.000Z,2026-08-17T11:46:24.000Z,2026-08-17T11:46:24.000Z,,31.12,,cancel,Valid Cancel,,,,9.95,,,Brightback,,,,,,,16CGK1VSYF0Nw10sr,2026-08-17T11:09:51.000Z,,2026-08-17T11:09:54.000Z,,h_0ce02c0e74e8f9ca,,1,2026-08-17T11:09:54.000Z,USD,u_263ac3b05f5692fd,ACTIVE,h_14bc3f03262487f8,[name],,,,2026-08-17T11:09:54.000Z,student,,1,monthly_essentials,2026-08-17T11:09:54.000Z,_UNKNOWN,995,MONTH,,,College,[name],2026-09-17T11:09:54.000Z,,995,,2026-09-17T11:09:54.000Z,2026-08-17T11:09:54.000Z,995,,,,,,Student Experience [July 2025] [25% one-time / No Entry Modal],,08-17-2026,,08-17-2026,08-17-2026,08-17-2026,08-17-2026,,08-17-2026,09-17-2026
cancel_Wg8GMld_9fa1327f9cb3fccf,1730036,,Book Club Members; fallback,,,[name],[name],[name],Unknown,Unknown,Unknown,Unknown,,Unknown,Unknown,0,,,u_8842e7a82a034f4a,,,,0,,,Canceled,2026-08-17T13:29:25.000Z,2026-08-17T13:29:25.000Z,2026-08-17T13:29:25.000Z,,31.05,,cancel,Valid Cancel,,,,3.0,,,Brightback,,,,,,,1730036,2026-08-16T22:45:53.000Z,,2026-08-16T22:45:54.000Z,,h_d589031f18d26574,,1,2026-08-16T22:45:54.000Z,USD,u_8842e7a82a034f4a,ACTIVE,h_d9e883acc4e3c672,[name],36.0,annual_essentials,,2026-08-16T22:45:54.000Z,book_club_member,,1,annual_essentials,2026-08-16T22:45:54.000Z,_UNKNOWN,3600,YEAR,annual_essentials,,,[name],2027-08-16T22:45:54.000Z,,300,,2027-08-16T22:45:54.000Z,2026-08-16T22:45:54.000Z,3600,[name],,https://www.supersummary.com/subscription,https://www.supersummary.com/subscription/confirming/cancel,,BCM Experience [July 2025] [25% one-time / No Entry Modal],,08-16-2026,,08-17-2026,08-16-2026,08-16-2026,08-16-2026,,08-16-2026,08-16-2027
cancel_Wg8G3iR_8cb22722d91603f1,AzyftlVSPGTj568FZ,,fallback,,,[name],[name],,Unknown,Unknown,Unknown,Unknown,,Unknown,Unknown,0,,,u_7188e1c98753cf60,,,,0,,,Canceled,2026-08-17T13:27:43.000Z,2026-08-17T13:27:43.000Z,2026-08-17T13:27:43.000Z,,31.05,,cancel,Valid Cancel,,,,3.0,,,Brightback,,,,,,,AzyftlVSPGTj568FZ,2026-08-15T22:19:16.000Z,,2026-08-15T22:19:18.000Z,,h_a0036124806634bd,,1,2026-08-15T22:19:18.000Z,USD,u_7188e1c98753cf60,ACTIVE,h_25b40a41093a60cb,[name],,,,2026-08-15T22:19:18.000Z,other,,1,annual_essentials,2026-08-15T22:19:18.000Z,_UNKNOWN,3600,YEAR,,,,[name],2027-08-15T22:19:18.000Z,,300,,2027-08-15T22:19:18.000Z,2026-08-15T22:19:18.000Z,3600,,,,,,Default/Fallback [July 2025] [25% one time / No entry modal],,08-15-2026,,08-17-2026,08-15-2026,08-15-2026,08-15-2026,,08-15-2026,08-15-2027
cancel_Wg8FMjA_a7c749fedc0470b7,AzZMyJTmR6NVw236r,,Book Club Members; Annual,,,[name],[name],,Unknown,Unknown,Unknown,Unknown,,Unknown,Unknown,0,,,u_5286f7cba890690d,,,,0,,,Canceled,2026-08-15T22:49:03.000Z,2026-08-15T22:49:03.000Z,2026-08-15T22:49:03.000Z,,32.66,,cancel,Valid Cancel,,,,3.0,,,Brightback,,,,,,,AzZMyJTmR6NVw236r,2023-08-09T11:48:07.000Z,,2023-08-09T11:48:09.000Z,,h_bc78e2c6d12fc2ae,,1,2023-08-09T11:48:09.000Z,USD,u_5286f7cba890690d,ACTIVE,h_30213671102cf525,[name],,,,2026-08-09T11:48:09.000Z,book_club_member,,1,annual,2023-08-09T11:48:09.000Z,_UNKNOWN,3600,YEAR,,,,[name],2027-08-09T11:48:09.000Z,,300,,2027-08-09T11:48:09.000Z,2023-08-09T11:48:09.000Z,3600,,,,,,BCM Experience [July 2025] [25% one-time / No Entry Modal],,08-09-2023,,08-15-2026,08-09-2023,08-09-2023,08-09-2023,,08-09-2023,08-09-2027
cancel_Wg8E74Q_983af10dda6d1580,16CIpPVMiPH6b1bke,,Parents; fallback,,,[name],[name],,Unknown,Unknown,Unknown,Unknown,,Unknown,Unknown,0,,,u_7e4f0c6c55eb370c,,,,0,,,Canceled,2026-08-14T07:05:35.000Z,2026-08-14T07:05:35.000Z,2026-08-14T07:05:35.000Z,,34.32,,cancel,Valid Cancel,,,,16.65,,,Brightback,,,,,,,16CIpPVMiPH6b1bke,2026-06-16T14:00:03.000Z,,2026-06-16T14:00:08.000Z,,h_a59f2454a3a37ba1,,1,2026-06-16T14:00:08.000Z,USD,u_7e4f0c6c55eb370c,ACTIVE,h_a8df5ef2fa0bf092,[name],,,,2026-07-16T14:00:08.000Z,parent_of_student,,1,monthly_plus,2026-06-16T14:00:08.000Z,_UNKNOWN,1665,MONTH,,,Middle School,[name],2026-08-16T14:00:08.000Z,,1665,,2026-08-16T14:00:08.000Z,2026-06-16T14:00:08.000Z,1665,,,,,,Parent Experience [July 2025] [25% one-time / No Entry Modal],,06-16-2026,,08-14-2026,06-16-2026,06-16-2026,06-16-2026,,06-16-2026,08-16-2026
cancel_Wg8DE6o_bbef4327d2197e93,1284506,,fallback,,,[name],[name],[name],Unknown,Unknown,Unknown,Unknown,,Unknown,Unknown,0,,,u_7bd3ac8c0797c9ee,,,,0,,,Canceled,2026-08-13T14:07:54.000Z,2026-08-13T14:07:54.000Z,2026-08-13T14:07:54.000Z,,35.02,,cancel,Valid Cancel,,,,3.0,,,Brightback,,,,,,,1284506,2025-08-13T10:05:42.000Z,,2025-08-13T10:05:45.000Z,,h_65617e59ecd9e52c,,1,2025-08-13T10:05:45.000Z,USD,u_7bd3ac8c0797c9ee,ACTIVE,h_7bbef654ea17cf4d,[name],36.0,annual,,2026-08-13T10:05:45.000Z,other,,1,annual,2025-08-13T10:05:45.000Z,_UNKNOWN,3600,YEAR,annual,,,[name],2027-08-13T10:05:45.000Z,,300,,2027-08-13T10:05:45.000Z,2025-08-13T10:05:45.000Z,3600,[name],,https://www.supersummary.com/subscription,https://www.supersummary.com/subscription/confirming/cancel,,Default/Fallback [July 2025] [25% one time / No entry modal],,08-13-2025,,08-13-2026,08-13-2025,08-13-2025,08-13-2025,,08-13-2025,08-13-2027
cancel_Wg8DDBa_9d2a5d89bc208bd0,Azqdg7VSBIeg91N4A,,Book Club Members; fallback,,,[name],[name],,Unknown,Unknown,Unknown,Unknown,,Unknown,Unknown,0,,,u_3d3b94598f386180,,,,0,,,Canceled,2026-08-13T14:33:40.000Z,2026-08-13T14:33:40.000Z,2026-08-13T14:33:40.000Z,,35.0,,cancel,Valid Cancel,,,,16.65,,,Brightback,,,,,,,Azqdg7VSBIeg91N4A,2026-07-02T13:38:05.000Z,,2026-08-13T13:00:08.000Z,,h_265a88f926c9e880,,1,2026-08-13T13:00:08.000Z,USD,u_3d3b94598f386180,ACTIVE,h_4feb541e814a1e88,[name],,,,2026-08-13T13:00:08.000Z,book_club_member,,1,annual_essentials,2026-08-13T13:00:08.000Z,_UNKNOWN,3600,YEAR,,nmTKUhkQCvq,,[name],2027-08-13T13:00:08.000Z,,225,,2027-08-13T13:00:08.000Z,2026-08-13T13:00:08.000Z,3600,,,,,,BCM Experience [July 2025] [25% one-time / No Entry Modal],,08-13-2026,,08-13-2026,08-13-2026,08-13-2026,07-02-2026,,08-13-2026,08-13-2027
cancel_Wg8DD3R_89a30f4bec5c7ca5,480016,,Book Club Members; fallback,,,[name],[name],[name],Unknown,Unknown,Unknown,Unknown,,Unknown,Unknown,0,,,u_16a4e104848d5e03,,,,0,,,Canceled,2026-08-14T01:57:30.000Z,2026-08-14T01:57:30.000Z,2026-08-14T01:57:30.000Z,,34.53,,cancel,Valid Cancel,,,,9.95,,,Brightback,,,,,,,480016,2024-01-17T15:43:47.000Z,,2026-03-05T01:57:27.000Z,,h_b13b27dc0ea97d5b,,1,2026-03-05T01:57:27.000Z,USD,u_16a4e104848d5e03,ACTIVE,h_f40fbd22d542eb3f,[name],9.95,monthly_essentials,,2026-08-05T01:57:27.000Z,book_club_member,,1,monthly_essentials,2026-03-05T01:57:27.000Z,_UNKNOWN,995,MONTH,monthly_essentials,,,[name],2026-09-05T01:57:27.000Z,,995,,2026-09-05T01:57:27.000Z,2026-03-05T01:57:27.000Z,995,[name],,https://www.supersummary.com/subscription,https://www.supersummary.com/subscription/confirming/cancel,,BCM Experience [July 2025] [25% one-time / No Entry Modal],,03-05-2026,,08-14-2026,03-05-2026,03-05-2026,01-17-2024,,03-05-2026,09-05-2026
cancel_Wg8D4Yc_ad3c1598809aab0e,6orCQVS9Emn1Flh,,fallback,,,[name],[name],,Unknown,Unknown,Unknown,Unknown,,Unknown,Unknown,0,,,u_ed2781e3fef486bb,,,,0,,,Canceled,2026-08-14T14:13:33.000Z,2026-08-14T14:13:33.000Z,2026-08-14T14:13:33.000Z,,34.02,,cancel,Valid Cancel,,,,9.95,,,Brightback,,,,,,,6orCQVS9Emn1Flh,2026-08-13T04:32:12.000Z,,2026-08-13T04:32:13.000Z,,h_797e8cde80b6deb4,,1,2026-08-13T04:32:13.000Z,USD,u_ed2781e3fef486bb,ACTIVE,h_e0abc37a641d4257,[name],,,,2026-08-13T04:32:13.000Z,avid_reader,,1,monthly_essentials,2026-08-13T04:32:13.000Z,_UNKNOWN,995,MONTH,,,,[name],2026-09-13T04:32:13.000Z,,995,,2026-09-13T04:32:13.000Z,2026-08-13T04:32:13.000Z,995,,,,,,Default/Fallback [July 2025] [25% one time / No entry modal],,08-13-2026,,08-14-2026,08-13-2026,08-13-2026,08-13-2026,,08-13-2026,09-13-2026
cancel_Wg8C3bZ_bab426de73d12295,1723932,,Students; fallback,,,[name],[name],[name],Unknown,Unknown,Unknown,Unknown,,Unknown,Unknown,0,,,u_dea9860d73b3b85c,,,,0,,,Canceled,2026-08-12T08:00:01.000Z,2026-08-12T08:00:01.000Z,2026-08-12T08:00:01.000Z,,36.28,,cancel,Valid Cancel,,,,5.0,,,Brightback,,,,,,,1723932,2026-08-11T03:45:06.000Z,,2026-08-11T03:45:07.000Z,,h_747ac63fe6e4aaf1,,1,2026-08-11T03:45:07.000Z,USD,u_dea9860d73b3b85c,ACTIVE,h_91c1109a8c6faf13,[name],60.0,annual_plus,,2026-08-11T03:45:07.000Z,student,,1,annual_plus,2026-08-11T03:45:07.000Z,_UNKNOWN,6000,YEAR,annual_plus,,High School,[name],2027-08-11T03:45:07.000Z,,500,,2027-08-11T03:45:07.000Z,2026-08-11T03:45:07.000Z,6000,[name],,https://www.supersummary.com/subscription,https://www.supersummary.com/subscription/confirming/cancel,,Student Experience [July 2025] [25% one-time / No Entry Modal],,08-11-2026,,08-12-2026,08-11-2026,08-11-2026,08-11-2026,,08-11-2026,08-11-2027
cancel_Wg8C3b6_adc08db67b2a215c,AzqHfIVRxLsTTAMS,,Students; fallback,,,[name],[name],,Unknown,Unknown,Unknown,Unknown,,Unknown,Unknown,0,,,u_dea9860d73b3b85c,,,,0,,,Canceled,2026-08-12T08:00:01.000Z,2026-08-12T08:00:01.000Z,2026-08-12T08:00:01.000Z,,36.28,,cancel,Valid Cancel,,,,5.0,,,Brightback,,,,,,,AzqHfIVRxLsTTAMS,2026-08-11T03:45:06.000Z,,2026-08-11T03:45:07.000Z,,h_747ac63fe6e4aaf1,,1,2026-08-11T03:45:07.000Z,USD,u_dea9860d73b3b85c,ACTIVE,h_91c1109a8c6faf13,[name],,,,2026-08-11T03:45:07.000Z,student,,1,annual_plus,2026-08-11T03:45:07.000Z,_UNKNOWN,6000,YEAR,,,High School,[name],2027-08-11T03:45:07.000Z,,500,,2027-08-11T03:45:07.000Z,2026-08-11T03:45:07.000Z,6000,,,,,,Student Experience [July 2025] [25% one-time / No Entry Modal],,08-11-2026,,08-12-2026,08-11-2026,08-11-2026,08-11-2026,,08-11-2026,08-11-2027
cancel_Wg8C3Al_8a571c49ac350d26,614841,,Teachers; Annual,,,[name],[name],[name],Unknown,Unknown,Unknown,Unknown,,Unknown,Unknown,0,,,u_3e58db64cd41d546,,,,0,,,Canceled,2026-08-21T02:25:48.000Z,2026-08-21T02:25:48.000Z,2026-08-21T02:25:48.000Z,,27.51,,cancel,Valid Cancel,,,,1.8,,,Brightback,,,,,,,614841,2024-08-12T02:25:43.000Z,,2024-08-12T02:25:47.000Z,,h_84539f28d64b526b,,1,2024-08-12T02:25:47.000Z,USD,u_3e58db64cd41d546,ACTIVE,h_01f353f9177322a5,[name],36.0,annual,,2026-08-12T02:25:47.000Z,teacher,,1,annual,2024-08-12T02:25:47.000Z,_UNKNOWN,3600,YEAR,annual,,other,[name],2027-08-12T02:25:47.000Z,,300,,2027-08-12T02:25:47.000Z,2024-08-12T02:25:47.000Z,3600,[name],,https://www.supersummary.com/subscription,https://www.supersummary.com/subscription/confirming/cancel,,Teacher Experience [July 2025] [40% one-time / Modal],,08-12-2024,,08-21-2026,08-12-2024,08-12-2024,08-12-2024,,08-12-2024,08-12-2027
cancel_Wg8BKvl_b4b28ea0d0b28c5d,1724779,,fallback,,,[name],[name],[name],Unknown,Unknown,Unknown,Unknown,,Unknown,Unknown,0,,,u_35199a4f4c870f01,,,,0,,,Canceled,2026-08-12T07:05:16.000Z,2026-08-12T07:05:16.000Z,2026-08-12T07:05:16.000Z,,36.32,,cancel,Valid Cancel,,,,3.0,,,Brightback,,,,,,,1724779,2026-08-11T20:09:40.000Z,,2026-08-11T20:09:42.000Z,,h_0d2da24cc6a37283,,1,2026-08-11T20:09:42.000Z,USD,u_35199a4f4c870f01,ACTIVE,h_633f1aded37fe6a0,[name],36.0,annual_essentials,,2026-08-11T20:09:42.000Z,avid_reader,,1,annual_essentials,2026-08-11T20:09:42.000Z,_UNKNOWN,3600,YEAR,annual_essentials,,,[name],2027-08-11T20:09:42.000Z,,300,,2027-08-11T20:09:42.000Z,2026-08-11T20:09:42.000Z,3600,[name],,https://www.supersummary.com/subscription,https://www.supersummary.com/subscription/confirming/cancel,,Default/Fallback [July 2025] [25% one time / No entry modal],,08-11-2026,,08-12-2026,08-11-2026,08-11-2026,08-11-2026,,08-11-2026,08-11-2027
cancel_Wg8BJLI_9016c5f3a7ec9979,1701263,,Book Club Members; fallback,,,[name],[name],[name],Unknown,Unknown,Unknown,Unknown,,Unknown,Unknown,0,,,u_5580c67924d92eff,,,,0,,,Canceled,2026-08-11T19:25:55.000Z,2026-08-11T19:25:55.000Z,2026-08-11T19:25:55.000Z,,36.8,,cancel,Valid Cancel,,,,3.0,,,Brightback,,,,,,,1701263,2026-07-20T12:02:04.000Z,,2026-07-20T12:02:06.000Z,,h_a98325ae100c3bbb,,1,2026-07-20T12:02:06.000Z,USD,u_5580c67924d92eff,ACTIVE,h_ea2270ac1cedd10a,[name],36.0,annual_essentials,,2026-07-20T12:02:06.000Z,book_club_member,,1,annual_essentials,2026-07-20T12:02:06.000Z,_UNKNOWN,3600,YEAR,annual_essentials,,,[name],2027-07-20T12:02:06.000Z,,300,,2027-07-20T12:02:06.000Z,2026-07-20T12:02:06.000Z,3600,[name],,https://www.supersummary.com/subscription,https://www.supersummary.com/subscription/confirming/cancel,,BCM Experience [July 2025] [25% one-time / No Entry Modal],,07-20-2026,,08-11-2026,07-20-2026,07-20-2026,07-20-2026,,07-20-2026,07-20-2027
cancel_Wg8BGAH_b7a75977b353ccaa,16CRG7VRzvj1V1ogE,,Book Club Members; fallback,,,[name],[name],,Unknown,Unknown,Unknown,Unknown,,Unknown,Unknown,0,,,u_35a6acff44b00c3f,,,,0,,,Canceled,2026-08-12T07:54:38.000Z,2026-08-12T07:54:38.000Z,2026-08-12T07:54:38.000Z,,36.28,,cancel,Valid Cancel,,,,5.0,,,Brightback,,,,,,,16CRG7VRzvj1V1ogE,2026-08-11T14:20:01.000Z,,2026-08-11T14:20:03.000Z,,h_05bdb0b561cc3cea,,1,2026-08-11T14:20:03.000Z,USD,u_35a6acff44b00c3f,ACTIVE,h_9f1929007177730c,[name],,,,2026-08-11T14:20:03.000Z,book_club_member,,1,annual_plus,2026-08-11T14:20:03.000Z,_UNKNOWN,6000,YEAR,,,,[name],2027-08-11T14:20:03.000Z,,500,,2027-08-11T14:20:03.000Z,2026-08-11T14:20:03.000Z,6000,,,,,,BCM Experience [July 2025] [25% one-time / No Entry Modal],,08-11-2026,,08-12-2026,08-11-2026,08-11-2026,08-11-2026,,08-11-2026,08-11-2027
cancel_Wg8BAJp_9c8458b57fd7986f,1724110,,Students; fallback,,,[name],[name],[name],Unknown,Unknown,Unknown,Unknown,,Unknown,Unknown,0,,,u_7b61943f8134bc2b,,,,0,,,Canceled,2026-08-11T10:30:59.000Z,2026-08-11T10:30:59.000Z,2026-08-11T10:30:59.000Z,,37.17,,cancel,Valid Cancel,,,,3.0,,,Brightback,,,,,,,1724110,2026-08-11T10:18:59.000Z,,2026-08-11T10:19:02.000Z,,h_cc35db20af3a81fd,,1,2026-08-11T10:19:02.000Z,USD,u_7b61943f8134bc2b,ACTIVE,h_8e95ec96547ae21b,[name],36.0,annual_essentials,,2026-08-11T10:19:02.000Z,student,,1,annual_essentials,2026-08-11T10:19:02.000Z,_UNKNOWN,3600,YEAR,annual_essentials,,High School,[name],2027-08-11T10:19:02.000Z,,300,,2027-08-11T10:19:02.000Z,2026-08-11T10:19:02.000Z,3600,[name],,https://www.supersummary.com/subscription,https://www.supersummary.com/subscription/confirming/cancel,,Student Experience [July 2025] [25% one-time / No Entry Modal],,08-11-2026,,08-11-2026,08-11-2026,08-11-2026,08-11-2026,,08-11-2026,08-11-2027
cancel_Wg8B6bY_b6c64c410279d860,1724030,,Students; fallback,,,[name],[name],[name],Unknown,Unknown,Unknown,Unknown,,Unknown,Unknown,0,,,u_236f43797859134b,,,,0,,,Canceled,2026-08-11T06:43:24.000Z,2026-08-11T06:43:24.000Z,2026-08-11T06:43:24.000Z,,37.33,,cancel,Valid Cancel,,,,5.0,,,Brightback,,,,,,,1724030,2026-08-11T06:32:55.000Z,,2026-08-11T06:32:58.000Z,,h_40cfb9ebe6bff513,,1,2026-08-11T06:32:58.000Z,USD,u_236f43797859134b,ACTIVE,h_c31fc8e475288a3c,[name],60.0,annual_plus,,2026-08-11T06:32:58.000Z,student,,1,annual_plus,2026-08-11T06:32:58.000Z,_UNKNOWN,6000,YEAR,annual_plus,,High School,[name],2027-08-11T06:32:58.000Z,,500,,2027-08-11T06:32:58.000Z,2026-08-11T06:32:58.000Z,6000,[name],,https://www.supersummary.com/subscription,https://www.supersummary.com/subscription/confirming/cancel,,Student Experience [July 2025] [25% one-time / No Entry Modal],,08-11-2026,,08-11-2026,08-11-2026,08-11-2026,08-11-2026,,08-11-2026,08-11-2027
cancel_Wg8AKaO_a1b1276cc63cc6e8,AzZeMmVRHRAtd3BSS,,Parents; fallback,,,[name],[name],,Unknown,Unknown,Unknown,Unknown,,Unknown,Unknown,0,,,u_162c93f5b6c9d98d,,,,0,,,Canceled,2026-08-11T13:54:49.000Z,2026-08-11T13:54:49.000Z,2026-08-11T13:54:49.000Z,,37.03,,cancel,Valid Cancel,,,,5.0,,,Brightback,,,,,,,AzZeMmVRHRAtd3BSS,2026-08-03T23:42:42.000Z,,2026-08-03T23:42:44.000Z,,h_70920bbe35ed1ccf,,1,2026-08-03T23:42:44.000Z,USD,u_162c93f5b6c9d98d,ACTIVE,h_1eaea2945927b423,[name],,,,2026-08-03T23:42:44.000Z,parent_of_student,,1,annual_plus,2026-08-03T23:42:44.000Z,_UNKNOWN,6000,YEAR,,,Middle School,[name],2027-08-03T23:42:44.000Z,,500,,2027-08-03T23:42:44.000Z,2026-08-03T23:42:44.000Z,6000,,,,,,Parent Experience [July 2025] [25% one-time / No Entry Modal],,08-03-2026,,08-11-2026,08-03-2026,08-03-2026,08-03-2026,,08-03-2026,08-03-2027
cancel_Wg8ABUA_b5c9a1dac3684bce,1721851,,Book Club Members; fallback,,,[name],[name],[name],Unknown,Unknown,Unknown,Unknown,,Unknown,Unknown,0,,,u_67c685e1b6ae4892,,,,0,,,Canceled,2026-08-12T07:47:16.000Z,2026-08-12T07:47:16.000Z,2026-08-12T07:47:16.000Z,,36.29,,cancel,Valid Cancel,,,,3.0,,,Brightback,,,,,,,1721851,2026-08-09T15:14:38.000Z,,2026-08-09T15:14:40.000Z,,h_3359e57ed089ad50,,1,2026-08-09T15:14:40.000Z,USD,u_67c685e1b6ae4892,ACTIVE,h_99189da06735a78b,[name],36.0,annual_essentials,,2026-08-09T15:14:40.000Z,book_club_member,,1,annual_essentials,2026-08-09T15:14:40.000Z,_UNKNOWN,3600,YEAR,annual_essentials,,,[name],2027-08-09T15:14:40.000Z,,300,,2027-08-09T15:14:40.000Z,2026-08-09T15:14:40.000Z,3600,[name],,https://www.supersummary.com/subscription,https://www.supersummary.com/subscription/confirming/cancel,,BCM Experience [July 2025] [25% one-time / No Entry Modal],,08-09-2026,,08-12-2026,08-09-2026,08-09-2026,08-09-2026,,08-09-2026,08-09-2027
cancel_Wg89MuJ_9161ceab23ae6e24,AzZWZDVRqBoPD74CU,,Students; fallback,,,[name],[name],,Unknown,Unknown,Unknown,Unknown,,Unknown,Unknown,0,,,u_6d8c07d12606f538,,,,0,,,Canceled,2026-08-11T14:16:23.000Z,2026-08-11T14:16:23.000Z,2026-08-11T14:16:23.000Z,,37.02,,cancel,Valid Cancel,,,,5.0,,,Brightback,,,,,,,AzZWZDVRqBoPD74CU,2026-08-09T22:21:12.000Z,,2026-08-09T22:21:14.000Z,,h_ba53635711381eb6,,1,2026-08-09T22:21:14.000Z,USD,u_6d8c07d12606f538,ACTIVE,h_fa772ff04ec01a5e,[name],,,,2026-08-09T22:21:14.000Z,student,,1,annual_plus,2026-08-09T22:21:14.000Z,_UNKNOWN,6000,YEAR,,,Postgrad Program,[name],2027-08-09T22:21:14.000Z,,500,,2027-08-09T22:21:14.000Z,2026-08-09T22:21:14.000Z,6000,,,,,,Student Experience [July 2025] [25% one-time / No Entry Modal],,08-09-2026,,08-11-2026,08-09-2026,08-09-2026,08-09-2026,,08-09-2026,08-09-2027
cancel_Wg89J9R_b41ae8572872543a,1591683,,fallback,,,[name],[name],[name],Unknown,Unknown,Unknown,Unknown,,Unknown,Unknown,0,,,u_236073a62cfaa18e,,,,0,,,Canceled,2026-08-10T13:50:27.000Z,2026-08-10T13:50:27.000Z,2026-08-10T13:50:27.000Z,,38.03,,cancel,Valid Cancel,,,,3.0,,,Brightback,,,,,,,1591683,2026-04-09T02:20:12.000Z,,2026-08-05T17:34:38.000Z,,h_efb0c59c56ea9108,,1,2026-08-05T17:34:38.000Z,USD,u_236073a62cfaa18e,ACTIVE,h_32033f051b4c53f4,[name],36.0,annual_essentials,,2026-08-05T17:34:38.000Z,other,,1,annual_essentials,2026-08-05T17:34:38.000Z,_UNKNOWN,3600,YEAR,annual_essentials,,,[name],2027-08-05T17:34:38.000Z,,300,,2027-08-05T17:34:38.000Z,2026-08-05T17:34:38.000Z,3600,[name],,https://www.supersummary.com/subscription,https://www.supersummary.com/subscription/confirming/cancel,,Default/Fallback [July 2025] [25% one time / No entry modal],,08-05-2026,,08-10-2026,08-05-2026,08-05-2026,04-09-2026,,08-05-2026,08-05-2027
cancel_Wg89AZJ_8d5df2943954ae66,1721692,,Students; fallback,,,[name],[name],[name],Unknown,Unknown,Unknown,Unknown,,Unknown,Unknown,0,,,u_4fda4e4fad706492,,,,0,,,Canceled,2026-08-09T10:36:25.000Z,2026-08-09T10:36:25.000Z,2026-08-09T10:36:25.000Z,,39.17,,cancel,Valid Cancel,,,,2.25,,,Brightback,,,,,,,1721692,2026-08-09T10:33:26.000Z,,2026-08-09T10:34:44.000Z,,h_6dbcdd0d672b985b,,1,2026-08-09T10:34:44.000Z,USD,u_4fda4e4fad706492,ACTIVE,h_8d6c28f72e314a28,[name],36.0,annual_essentials,,2026-08-09T10:34:44.000Z,student,,1,annual_essentials,2026-08-09T10:34:44.000Z,_UNKNOWN,3600,YEAR,annual_essentials,,High School,[name],2027-08-09T10:34:44.000Z,,300,,2027-08-09T10:34:44.000Z,2026-08-09T10:34:44.000Z,3600,[name],,https://www.supersummary.com/subscription,https://www.supersummary.com/subscription/confirming/cancel,,Student Experience [July 2025] [25% one-time / No Entry Modal],,08-09-2026,,08-09-2026,08-09-2026,08-09-2026,08-09-2026,,08-09-2026,08-09-2027
cancel_Wg89AiD_886c19001e9e1e2d,AzqIqzVRf2MhU1QCg,,Students; fallback,,,[name],[name],,Unknown,Unknown,Unknown,Unknown,,Unknown,Unknown,0,,,u_13bb6f009f067fb0,,,,0,,,Canceled,2026-08-11T14:13:53.000Z,2026-08-11T14:13:53.000Z,2026-08-11T14:13:53.000Z,,37.02,,cancel,Valid Cancel,,,,9.95,,,Brightback,,,,,,,AzqIqzVRf2MhU1QCg,2026-08-08T00:34:41.000Z,,2026-08-08T00:34:43.000Z,,h_8067cee9fd30258e,,1,2026-08-08T00:34:43.000Z,USD,u_13bb6f009f067fb0,ACTIVE,h_466d926d562969c0,[name],,,,2026-08-08T00:34:43.000Z,student,,1,monthly_essentials,2026-08-08T00:34:43.000Z,_UNKNOWN,995,MONTH,,,College,[name],2026-09-08T00:34:43.000Z,,995,,2026-09-08T00:34:43.000Z,2026-08-08T00:34:43.000Z,995,,,,,,Student Experience [July 2025] [25% one-time / No Entry Modal],,08-08-2026,,08-11-2026,08-08-2026,08-08-2026,08-08-2026,,08-08-2026,09-08-2026
cancel_Wg895Gb_ab5257bb7b1c177c,1721575,,Teachers; fallback,,,[name],[name],[name],Unknown,Unknown,Unknown,Unknown,,Unknown,Unknown,0,,,u_94de9cd8fa8758d1,,,,0,,,Canceled,2026-08-11T14:12:09.000Z,2026-08-11T14:12:09.000Z,2026-08-11T14:12:09.000Z,,37.02,,cancel,Valid Cancel,,,,5.0,,,Brightback,,,,,,,1721575,2026-08-09T04:33:40.000Z,,2026-08-09T04:33:43.000Z,,h_8331a00811f94730,,1,2026-08-09T04:33:43.000Z,USD,u_94de9cd8fa8758d1,ACTIVE,h_032e29f1e404b727,[name],60.0,annual_plus,,2026-08-09T04:33:43.000Z,teacher,,1,annual_plus,2026-08-09T04:33:43.000Z,_UNKNOWN,6000,YEAR,annual_plus,,High School,[name],2027-08-09T04:33:43.000Z,,500,,2027-08-09T04:33:43.000Z,2026-08-09T04:33:43.000Z,6000,[name],,https://www.supersummary.com/subscription,https://www.supersummary.com/subscription/confirming/cancel,,Teacher Experience [July 2025] [40% one-time / Modal],,08-09-2026,,08-11-2026,08-09-2026,08-09-2026,08-09-2026,,08-09-2026,08-09-2027
cancel_Wg88N6m_83ff9aa6fb825f4f,1718233,,Students; fallback,,,[name],[name],[name],Unknown,Unknown,Unknown,Unknown,,Unknown,Unknown,0,,,u_df5909737c0bcec2,,,,0,,,Canceled,2026-08-11T14:11:14.000Z,2026-08-11T14:11:14.000Z,2026-08-11T14:11:14.000Z,,37.02,,cancel,Valid Cancel,,,,16.65,,,Brightback,,,,,,,1718233,2026-08-05T19:54:31.000Z,,2026-08-05T19:54:34.000Z,,h_f2701ccca4b00e7a,,1,2026-08-05T19:54:34.000Z,USD,u_df5909737c0bcec2,ACTIVE,h_70ee903bab3231b8,[name],16.65,monthly_plus,,2026-08-05T19:54:34.000Z,student,,1,monthly_plus,2026-08-05T19:54:34.000Z,_UNKNOWN,1665,MONTH,monthly_plus,,High School,[name],2026-09-05T19:54:34.000Z,,1665,,2026-09-05T19:54:34.000Z,2026-08-05T19:54:34.000Z,1665,[name],,https://www.supersummary.com/subscription,https://www.supersummary.com/subscription/confirming/cancel,,Student Experience [July 2025] [25% one-time / No Entry Modal],,08-05-2026,,08-11-2026,08-05-2026,08-05-2026,08-05-2026,,08-05-2026,09-05-2026
cancel_Wg88I7h_8a2b44720a67cbd1,1721160,,Students; fallback,,,[name],[name],[name],Unknown,Unknown,Unknown,Unknown,,Unknown,Unknown,0,,,u_fd2d812caa6b417e,,,,0,,,Canceled,2026-08-08T20:31:01.000Z,2026-08-08T20:31:01.000Z,2026-08-08T20:31:01.000Z,,39.76,,cancel,Valid Cancel,,,,3.0,,,Brightback,,,,,,,1721160,2026-08-08T18:06:49.000Z,,2026-08-08T18:06:51.000Z,,h_e7780ad4bdd1f49e,,1,2026-08-08T18:06:51.000Z,USD,u_fd2d812caa6b417e,ACTIVE,h_1935582d5ffe3bd0,[name],36.0,annual_essentials,,2026-08-08T18:06:51.000Z,student,,1,annual_essentials,2026-08-08T18:06:51.000Z,_UNKNOWN,3600,YEAR,annual_essentials,,Postgrad Program,[name],2027-08-08T18:06:51.000Z,,300,,2027-08-08T18:06:51.000Z,2026-08-08T18:06:51.000Z,3600,[name],,https://www.supersummary.com/subscription,https://www.supersummary.com/subscription/confirming/cancel,,Student Experience [July 2025] [25% one-time / No Entry Modal],,08-08-2026,,08-08-2026,08-08-2026,08-08-2026,08-08-2026,,08-08-2026,08-08-2027
cancel_Wg884bw_890db91c09bfb113,6oqJcUKo5Dd0ETJn,,Students; Annual,,,[name],[name],,Unknown,Unknown,Unknown,Unknown,,Unknown,Unknown,0,,,u_300fecaf0549ffe3,,,,0,,,Canceled,2026-08-16T22:29:47.000Z,2026-08-16T22:29:47.000Z,2026-08-16T22:29:47.000Z,,31.67,,cancel,Valid Cancel,,,,3.0,,,Brightback,,,,,,,6oqJcUKo5Dd0ETJn,2024-08-07T22:29:42.000Z,,2024-08-07T22:29:45.000Z,,h_9895088325e4b94b,,1,2024-08-07T22:29:45.000Z,USD,u_300fecaf0549ffe3,ACTIVE,h_469e664eb4eb42a8,[name],,,,2026-08-07T22:29:45.000Z,student,,1,annual,2024-08-07T22:29:45.000Z,_UNKNOWN,3600,YEAR,,,College,[name],2027-08-07T22:29:45.000Z,,300,,2027-08-07T22:29:45.000Z,2024-08-07T22:29:45.000Z,3600,,,,,,Student Experience [July 2025] [25% one-time / No Entry Modal],,08-07-2024,,08-16-2026,08-07-2024,08-07-2024,08-07-2024,,08-07-2024,08-07-2027
cancel_Wg878OZ_b73826df7084d892,16BgDLVR9Xbqn8ff9,,fallback,,,[name],[name],,Unknown,Unknown,Unknown,Unknown,,Unknown,Unknown,0,,,u_1cade361ba5b8327,,,,0,,,Canceled,2026-08-27T06:15:15.000Z,2026-08-27T06:15:15.000Z,2026-08-27T06:15:15.000Z,,21.35,,cancel,Valid Cancel,,,,3.75,,,Brightback,,,,,,,16BgDLVR9Xbqn8ff9,2026-08-02T15:18:05.000Z,,2026-08-02T15:18:06.000Z,,h_f9b4ef18ecb2841e,,1,2026-08-02T15:18:06.000Z,USD,u_1cade361ba5b8327,ACTIVE,h_18535224137ae7e6,[name],,,,2026-08-02T15:18:06.000Z,avid_reader,,1,annual_plus,2026-08-02T15:18:06.000Z,_UNKNOWN,6000,YEAR,,,,[name],2027-08-02T15:18:06.000Z,,500,,2027-08-02T15:18:06.000Z,2026-08-02T15:18:06.000Z,6000,,,,,,Default/Fallback [July 2025] [25% one time / No entry modal],,08-02-2026,,08-27-2026,08-02-2026,08-02-2026,08-02-2026,,08-02-2026,08-02-2027
cancel_Wg8748V_abc1192771f23e03,1719829,,fallback,,,[name],[name],[name],Unknown,Unknown,Unknown,Unknown,,Unknown,Unknown,0,,,u_4c01014348c478a7,,,,0,,,Canceled,2026-08-10T07:05:13.000Z,2026-08-10T07:05:13.000Z,2026-08-10T07:05:13.000Z,,38.32,,cancel,Valid Cancel,,,,5.0,,,Brightback,,,,,,,1719829,2026-08-07T03:34:00.000Z,,2026-08-07T03:34:02.000Z,,h_007f648c8df1b8b4,,1,2026-08-07T03:34:02.000Z,USD,u_4c01014348c478a7,ACTIVE,h_30c06a61688e0faf,[name],60.0,annual_plus,,2026-08-07T03:34:02.000Z,avid_reader,,1,annual_plus,2026-08-07T03:34:02.000Z,_UNKNOWN,6000,YEAR,annual_plus,,,[name],2027-08-07T03:34:02.000Z,,500,,2027-08-07T03:34:02.000Z,2026-08-07T03:34:02.000Z,6000,[name],,https://www.supersummary.com/subscription,https://www.supersummary.com/subscription/confirming/cancel,,Default/Fallback [July 2025] [25% one time / No entry modal],,08-07-2026,,08-10-2026,08-07-2026,08-07-2026,08-07-2026,,08-07-2026,08-07-2027
cancel_Wg871q0_96bdc6fa528b2a75,Azz72aVQg7Wou1e0l,,Students; fallback,,,[name],[name],,Unknown,Unknown,Unknown,Unknown,,Unknown,Unknown,0,,,u_b8ba9834a4567aa6,,,,0,,,Canceled,2026-08-07T01:54:42.000Z,2026-08-07T01:54:42.000Z,2026-08-07T01:54:42.000Z,,41.53,,cancel,Valid Cancel,,,,2.25,,,Brightback,,,,,,,Azz72aVQg7Wou1e0l,2023-03-28T23:29:44.000Z,,2026-07-28T14:32:37.000Z,,h_dc1ea8b899461732,,1,2026-07-28T14:32:37.000Z,USD,u_b8ba9834a4567aa6,ACTIVE,h_a133b915774f1ce4,[name],,,,2026-07-28T14:32:37.000Z,student,,1,annual_essentials,2026-07-28T14:32:37.000Z,_UNKNOWN,3600,YEAR,,,College,[name],2027-07-28T14:32:37.000Z,,300,,2027-07-28T14:32:37.000Z,2026-07-28T14:32:37.000Z,3600,,,,,,Student Experience [July 2025] [25% one-time / No Entry Modal],,07-28-2026,,08-07-2026,07-28-2026,07-28-2026,03-28-2023,,07-28-2026,07-28-2027
cancel_Wg86Ml6_b50a37a790e6f820,169uvHVLdFLRr16l,,Students; fallback,,,[name],[name],,Unknown,Unknown,Unknown,Unknown,,Unknown,Unknown,0,,,u_0264b29428a3e856,,,,0,,,Canceled,2026-08-14T02:20:28.000Z,2026-08-14T02:20:28.000Z,2026-08-14T02:20:28.000Z,,34.51,,cancel,Valid Cancel,,,,9.95,,,Brightback,,,,,,,169uvHVLdFLRr16l,2026-06-05T02:19:07.000Z,,2026-06-05T02:20:27.000Z,,h_4efbd828e378b65a,,1,2026-06-05T02:20:27.000Z,USD,u_0264b29428a3e856,ACTIVE,h_8034c2b136783d17,[name],,,,2026-08-05T02:20:27.000Z,student,,1,monthly_essentials,2026-06-05T02:20:27.000Z,_UNKNOWN,995,MONTH,,,College,[name],2026-09-05T02:20:27.000Z,,995,,2026-09-05T02:20:27.000Z,2026-06-05T02:20:27.000Z,995,,,,,,Student Experience [July 2025] [25% one-time / No Entry Modal],,06-05-2026,,08-14-2026,06-05-2026,06-05-2026,06-05-2026,,06-05-2026,09-05-2026
cancel_Wg86KBU_9beb7ee1f1338ab4,1704984,,Students; fallback,,,[name],[name],[name],Unknown,Unknown,Unknown,Unknown,,Unknown,Unknown,0,,,u_b033483ff1398e31,,,,0,,,Canceled,2026-08-06T20:12:09.000Z,2026-08-06T20:12:09.000Z,2026-08-06T20:12:09.000Z,,41.77,,cancel,Valid Cancel,,,,9.95,,,Brightback,,,,,,,1704984,2026-07-23T19:42:55.000Z,,2026-07-23T19:42:57.000Z,,h_4efbde84f933c12d,,1,2026-07-23T19:42:57.000Z,USD,u_b033483ff1398e31,ACTIVE,h_cc5a35a5e5133652,[name],9.95,monthly_essentials,,2026-07-23T19:42:57.000Z,student,,1,monthly_essentials,2026-07-23T19:42:57.000Z,_UNKNOWN,995,MONTH,monthly_essentials,,College,[name],2026-08-23T19:42:57.000Z,,995,,2026-08-23T19:42:57.000Z,2026-07-23T19:42:57.000Z,995,[name],,https://www.supersummary.com/subscription,https://www.supersummary.com/subscription/confirming/cancel,,Student Experience [July 2025] [25% one-time / No Entry Modal],,07-23-2026,,08-06-2026,07-23-2026,07-23-2026,07-23-2026,,07-23-2026,08-23-2026
cancel_Wg86Jkh_97172cad2eaf4a7a,1716474,,Students; fallback,,,[name],[name],[name],Unknown,Unknown,Unknown,Unknown,,Unknown,Unknown,0,,,u_78e80a2cdea3fb2b,,,,0,,,Canceled,2026-08-06T19:47:57.000Z,2026-08-06T19:47:57.000Z,2026-08-06T19:47:57.000Z,,41.79,,cancel,Valid Cancel,,,,9.95,,,Brightback,,,,,,,1716474,2026-08-04T22:10:49.000Z,,2026-08-04T22:10:52.000Z,,h_8c658c4cbdc785bf,,1,2026-08-04T22:10:52.000Z,USD,u_78e80a2cdea3fb2b,ACTIVE,h_b3ee4e8ee2b6cf8a,[name],9.95,monthly_essentials,,2026-08-04T22:10:52.000Z,student,,1,monthly_essentials,2026-08-04T22:10:52.000Z,_UNKNOWN,995,MONTH,monthly_essentials,,Postgrad Program,[name],2026-09-04T22:10:52.000Z,,995,,2026-09-04T22:10:52.000Z,2026-08-04T22:10:52.000Z,995,[name],,https://www.supersummary.com/subscription,https://www.supersummary.com/subscription/confirming/cancel,,Student Experience [July 2025] [25% one-time / No Entry Modal],,08-04-2026,,08-06-2026,08-04-2026,08-04-2026,08-04-2026,,08-04-2026,09-04-2026
cancel_Wg86HxG_b46132695d7e2ab5,1719176,,Students; fallback,,,[name],[name],[name],Unknown,Unknown,Unknown,Unknown,,Unknown,Unknown,0,,,u_b020b1c3844de950,,,,0,,,Canceled,2026-08-06T18:04:44.000Z,2026-08-06T18:04:44.000Z,2026-08-06T18:04:44.000Z,,41.86,,cancel,Valid Cancel,,,,16.65,,,Brightback,,,,,,,1719176,2026-08-06T16:12:24.000Z,,2026-08-06T16:17:19.000Z,,h_9ee12cdf87d07eec,,1,2026-08-06T16:17:19.000Z,USD,u_b020b1c3844de950,ACTIVE,h_09bf043203448ecd,[name],16.65,monthly_plus,,2026-08-06T16:17:19.000Z,student,,1,monthly_plus,2026-08-06T16:17:19.000Z,_UNKNOWN,1665,MONTH,monthly_plus,,Postgrad Program,[name],2026-09-06T16:17:19.000Z,,1665,,2026-09-06T16:17:19.000Z,2026-08-06T16:17:19.000Z,1665,[name],,https://www.supersummary.com/subscription,https://www.supersummary.com/subscription/confirming/cancel,,Student Experience [July 2025] [25% one-time / No Entry Modal],,08-06-2026,,08-06-2026,08-06-2026,08-06-2026,08-06-2026,,08-06-2026,09-06-2026
cancel_Wg850wJ_ac4df359d716a76b,AzZLKfVQzqjG43T9x,,Parents; fallback,,,[name],[name],,Unknown,Unknown,Unknown,Unknown,,Unknown,Unknown,0,,,u_7f29a2b7bf96ab28,,,,0,,,Canceled,2026-08-07T15:54:28.000Z,2026-08-07T15:54:28.000Z,2026-08-07T15:54:28.000Z,,40.95,,cancel,Valid Cancel,,,,3.0,,,Brightback,,,,,,,AzZLKfVQzqjG43T9x,2026-07-31T23:31:17.000Z,,2026-07-31T23:31:20.000Z,,h_17c011c06cc1bbf9,,1,2026-07-31T23:31:20.000Z,USD,u_7f29a2b7bf96ab28,ACTIVE,h_a3ec0445286af8d1,[name],,,,2026-07-31T23:31:20.000Z,parent_of_student,,1,annual_essentials,2026-07-31T23:31:20.000Z,_UNKNOWN,3600,YEAR,,,Middle School,[name],2027-07-31T23:31:20.000Z,,300,,2027-07-31T23:31:20.000Z,2026-07-31T23:31:20.000Z,3600,,,,,,Parent Experience [July 2025] [25% one-time / No Entry Modal],,07-31-2026,,08-07-2026,07-31-2026,07-31-2026,07-31-2026,,07-31-2026,07-31-2027
cancel_Wg84F2C_8c5411002b9d94fa,Azz4sqVQoCx5b2hK1,,Students; fallback,,,[name],[name],,Unknown,Unknown,Unknown,Unknown,,Unknown,Unknown,0,,,u_1da004ef2809b869,,,,0,,,Canceled,2026-08-07T14:15:01.000Z,2026-08-07T14:15:01.000Z,2026-08-07T14:15:01.000Z,,41.02,,cancel,Valid Cancel,,,,5.0,,,Brightback,,,,,,,Azz4sqVQoCx5b2hK1,2026-07-29T23:44:18.000Z,,2026-07-29T23:44:20.000Z,,h_35c07a4f3c37f053,,1,2026-07-29T23:44:20.000Z,USD,u_1da004ef2809b869,ACTIVE,h_f6284792685750e9,[name],,,,2026-07-29T23:44:20.000Z,student,,1,annual_plus,2026-07-29T23:44:20.000Z,_UNKNOWN,6000,YEAR,,,College,[name],2027-07-29T23:44:20.000Z,,500,,2027-07-29T23:44:20.000Z,2026-07-29T23:44:20.000Z,6000,,,,,,Student Experience [July 2025] [25% one-time / No Entry Modal],,07-29-2026,,08-07-2026,07-29-2026,07-29-2026,07-29-2026,,07-29-2026,07-29-2027
cancel_Wg84BNp_aedba475c208cdf8,AzqU33VR5rcw06OFj,,fallback,,,[name],[name],,Unknown,Unknown,Unknown,Unknown,,Unknown,Unknown,0,,,u_5f25faba683ac878,,,,0,,,Canceled,2026-08-04T11:26:58.000Z,2026-08-04T11:26:58.000Z,2026-08-04T11:26:58.000Z,,44.13,,cancel,Valid Cancel,,,,3.0,,,Brightback,,,,,,,AzqU33VR5rcw06OFj,2026-08-02T00:12:30.000Z,,2026-08-02T00:12:32.000Z,,h_59898a23483edfcb,,1,2026-08-02T00:12:32.000Z,USD,u_5f25faba683ac878,ACTIVE,h_d6066385c3dabf69,[name],,,,2026-08-02T00:12:32.000Z,avid_reader,,1,annual_essentials,2026-08-02T00:12:32.000Z,_UNKNOWN,3600,YEAR,,,,[name],2027-08-02T00:12:32.000Z,,300,,2027-08-02T00:12:32.000Z,2026-08-02T00:12:32.000Z,3600,,,,,,Default/Fallback [July 2025] [25% one time / No entry modal],,08-02-2026,,08-04-2026,08-02-2026,08-02-2026,08-02-2026,,08-02-2026,08-02-2027
cancel_Wg842rG_9dd5333d29bb871f,1715941,,fallback,,,[name],[name],[name],Unknown,Unknown,Unknown,Unknown,,Unknown,Unknown,0,,,u_43c3783da6f6e78b,,,,0,,,Canceled,2026-08-04T03:37:01.000Z,2026-08-04T03:37:01.000Z,2026-08-04T03:37:01.000Z,,44.46,,cancel,Valid Cancel,,,,9.95,,,Brightback,,,,,,,1715941,2026-08-04T02:51:18.000Z,,2026-08-04T02:51:19.000Z,,h_509b052d58d58122,,1,2026-08-04T02:51:19.000Z,USD,u_43c3783da6f6e78b,ACTIVE,h_6613b82b9ea5ffd1,[name],9.95,monthly_essentials,,2026-08-04T02:51:19.000Z,avid_reader,,1,monthly_essentials,2026-08-04T02:51:19.000Z,_UNKNOWN,995,MONTH,monthly_essentials,,,[name],2026-09-04T02:51:19.000Z,,995,,2026-09-04T02:51:19.000Z,2026-08-04T02:51:19.000Z,995,[name],,https://www.supersummary.com/subscription,https://www.supersummary.com/subscription/confirming/cancel,,Default/Fallback [July 2025] [25% one time / No entry modal],,08-04-2026,,08-04-2026,08-04-2026,08-04-2026,08-04-2026,,08-04-2026,09-04-2026
cancel_Wg83KcX_95a5ecaac5afe4c2,1715498,,Teachers; fallback,,,[name],[name],[name],Unknown,Unknown,Unknown,Unknown,,Unknown,Unknown,0,,,u_d5eebf9c953c55db,,,,0,,,Canceled,2026-08-03T20:41:20.000Z,2026-08-03T20:41:20.000Z,2026-08-03T20:41:20.000Z,,44.75,,cancel,Valid Cancel,,,,3.0,,,Brightback,,,,,,,1715498,2026-08-03T20:28:25.000Z,,2026-08-03T20:28:27.000Z,,h_a33e40dd8d37de45,,1,2026-08-03T20:28:27.000Z,USD,u_d5eebf9c953c55db,ACTIVE,h_2b5c1a29e13c0d24,[name],60.0,annual_plus,,2026-08-03T20:28:27.000Z,teacher,,1,annual_plus,2026-08-03T20:28:27.000Z,_UNKNOWN,6000,YEAR,annual_plus,,High School,[name],2027-08-03T20:28:27.000Z,,500,,2027-08-03T20:28:27.000Z,2026-08-03T20:28:27.000Z,6000,[name],,https://www.supersummary.com/subscription,https://www.supersummary.com/subscription/confirming/cancel,,Teacher Experience [July 2025] [40% one-time / Modal],,08-03-2026,,08-03-2026,08-03-2026,08-03-2026,08-03-2026,,08-03-2026,08-03-2027
cancel_Wg831UQ_8d2d07af3e128e93,1675806,,Students; fallback,,,[name],[name],[name],Unknown,Unknown,Unknown,Unknown,,Unknown,Unknown,0,,,u_8a39d43522453ac1,,,,0,,,Canceled,2026-08-03T14:59:11.000Z,2026-08-03T14:59:11.000Z,2026-08-03T14:59:11.000Z,,44.99,,cancel,Valid Cancel,,,,9.95,,,Brightback,,,,,,,1675806,2026-06-15T19:07:58.000Z,,2026-06-15T19:08:02.000Z,,h_ba78a8f84d4166e4,,1,2026-06-15T19:08:02.000Z,USD,u_8a39d43522453ac1,ACTIVE,h_8c89b70a2eebfc5c,[name],9.95,monthly_essentials,,2026-07-15T19:08:02.000Z,student,,1,monthly_essentials,2026-06-15T19:08:02.000Z,_UNKNOWN,995,MONTH,monthly_essentials,,High School,[name],2026-08-15T19:08:02.000Z,,995,,2026-08-15T19:08:02.000Z,2026-06-15T19:08:02.000Z,995,[name],,https://www.supersummary.com/subscription,https://www.supersummary.com/subscription/confirming/cancel,,Student Experience [July 2025] [25% one-time / No Entry Modal],,06-15-2026,,08-03-2026,06-15-2026,06-15-2026,06-15-2026,,06-15-2026,08-15-2026
cancel_Wg82MZd_a70d90272421022d,AzZQe4Utt5pW13ERf,,Parents; Annual,,,[name],[name],,Unknown,Unknown,Unknown,Unknown,,Unknown,Unknown,0,,,u_c85e3b3562a21607,,,,0,,,Canceled,2026-08-02T22:39:24.000Z,2026-08-02T22:39:24.000Z,2026-08-02T22:39:24.000Z,,45.67,,cancel,Valid Cancel,,,,2.25,,,Brightback,,,,,,,AzZQe4Utt5pW13ERf,2025-08-14T21:54:18.000Z,,2025-08-14T21:54:21.000Z,,h_45c250af762db664,,1,2025-08-14T21:54:21.000Z,USD,u_c85e3b3562a21607,ACTIVE,h_e17f08a04daa4b74,[name],,,,2025-08-14T21:54:21.000Z,parent_of_student,,1,annual,2025-08-14T21:54:21.000Z,_UNKNOWN,3600,YEAR,,,other,[name],2026-08-14T21:54:21.000Z,,300,,2026-08-14T21:54:21.000Z,2025-08-14T21:54:21.000Z,3600,,,,,,Parent Experience [July 2025] [25% one-time / Modal],,08-14-2025,,08-02-2026,08-14-2025,08-14-2025,08-14-2025,,08-14-2025,08-14-2026
cancel_Wg82D1v_872a479115d5721c,294510,,fallback,,,[name],[name],[name],Unknown,Unknown,Unknown,Unknown,,Unknown,Unknown,0,,,u_56c2a4a1ebeb0c16,,,,0,,,Canceled,2026-08-05T14:03:09.000Z,2026-08-05T14:03:09.000Z,2026-08-05T14:03:09.000Z,,43.03,,cancel,Valid Cancel,,,,16.65,,,Brightback,,,,,,,294510,2026-08-02T12:59:25.000Z,,2026-08-02T12:59:29.000Z,,h_5d014540f86d4529,,1,2026-08-02T12:59:29.000Z,USD,u_56c2a4a1ebeb0c16,ACTIVE,h_58f5a1de687a38f3,[name],16.65,monthly_plus,,2026-08-02T12:59:29.000Z,avid_reader,,1,monthly_plus,2026-08-02T12:59:29.000Z,_UNKNOWN,1665,MONTH,monthly_plus,,,[name],2026-09-02T12:59:29.000Z,,1665,,2026-09-02T12:59:29.000Z,2026-08-02T12:59:29.000Z,1665,[name],,https://www.supersummary.com/subscription,https://www.supersummary.com/subscription/confirming/cancel,,Default/Fallback [July 2025] [25% one time / No entry modal],,08-02-2026,,08-05-2026,08-02-2026,08-02-2026,08-02-2026,,08-02-2026,09-02-2026
cancel_Wg82Blc_b72dfe4ee247752b,AzZUgAVR8doWd7cSC,,fallback,,,[name],[name],,Unknown,Unknown,Unknown,Unknown,,Unknown,Unknown,0,,,u_b98c5b7a7e73291e,,,,0,,,Canceled,2026-08-03T14:57:51.000Z,2026-08-03T14:57:51.000Z,2026-08-03T14:57:51.000Z,,44.99,,cancel,Valid Cancel,,,,0.0,,,Brightback,,,,,,,AzZUgAVR8doWd7cSC,2026-08-02T11:36:27.000Z,,2026-08-02T11:36:29.000Z,,h_01d284c34036716b,,1,2026-08-02T11:36:29.000Z,USD,u_b98c5b7a7e73291e,ACTIVE,h_57ea06289939ef87,[name],,,,2026-08-02T11:36:29.000Z,avid_reader,,1,annual_plus,2026-08-02T11:36:29.000Z,_UNKNOWN,6000,YEAR,,,,[name],2027-08-02T11:36:29.000Z,,500,,2027-08-02T11:36:29.000Z,2026-08-02T11:36:29.000Z,6000,,,,,,Default/Fallback [July 2025] [25% one time / No entry modal],,08-02-2026,,08-03-2026,08-02-2026,08-02-2026,08-02-2026,,08-02-2026,08-02-2027
cancel_Wg820wH_ad1a816361bd659f,AzZuKNUKFZJDz3rLO,,Students; Annual,,,[name],[name],,Unknown,Unknown,Unknown,Unknown,,Unknown,Unknown,0,,,u_35fa800fa4dddb72,,,,0,,,Canceled,2026-08-11T00:49:45.000Z,2026-08-11T00:49:45.000Z,2026-08-11T00:49:45.000Z,,37.58,,cancel,Valid Cancel,,,,3.0,,,Brightback,,,,,,,AzZuKNUKFZJDz3rLO,2024-08-02T00:49:43.000Z,,2024-08-02T00:49:44.000Z,,h_99dcccbac339a854,,1,2024-08-02T00:49:44.000Z,USD,u_35fa800fa4dddb72,ACTIVE,h_d58953d242585a01,[name],,,,2026-08-02T00:49:44.000Z,student,,1,annual,2024-08-02T00:49:44.000Z,_UNKNOWN,3600,YEAR,,,College,[name],2027-08-02T00:49:44.000Z,,300,,2027-08-02T00:49:44.000Z,2024-08-02T00:49:44.000Z,3600,,,,,,Student Experience [July 2025] [25% one-time / No Entry Modal],,08-02-2024,,08-11-2026,08-02-2024,08-02-2024,08-02-2024,,08-02-2024,08-02-2027
cancel_Wg81J4U_bd3be99c28556f73,169pmIVQVqsNOlfz,,Book Club Members; fallback,,,[name],[name],,Unknown,Unknown,Unknown,Unknown,,Unknown,Unknown,0,,,u_d0a307f9c5ad9976,,,,0,,,Canceled,2026-08-01T19:06:04.000Z,2026-08-01T19:06:04.000Z,2026-08-01T19:06:04.000Z,,46.81,,cancel,Valid Cancel,,,,3.0,,,Brightback,,,,,,,169pmIVQVqsNOlfz,2026-07-26T20:23:42.000Z,,2026-07-26T20:23:45.000Z,,h_c4f54b147d671a25,,1,2026-07-26T20:23:45.000Z,USD,u_d0a307f9c5ad9976,ACTIVE,h_d4119b01b38d9ab8,[name],,,,2026-07-26T20:23:45.000Z,book_club_member,,1,annual_essentials,2026-07-26T20:23:45.000Z,_UNKNOWN,3600,YEAR,,,,[name],2027-07-26T20:23:45.000Z,,300,,2027-07-26T20:23:45.000Z,2026-07-26T20:23:45.000Z,3600,,,,,,BCM Experience [July 2025] [25% one-time / No Entry Modal],,07-26-2026,,08-01-2026,07-26-2026,07-26-2026,07-26-2026,,07-26-2026,07-26-2027
cancel_Wg81DLs_be38cc80aba0a3b1,1709915,,Book Club Members; fallback,,,[name],[name],[name],Unknown,Unknown,Unknown,Unknown,,Unknown,Unknown,0,,,u_908b8e34bedac9b3,,,,0,,,Canceled,2026-08-03T14:55:33.000Z,2026-08-03T14:55:33.000Z,2026-08-03T14:55:33.000Z,,44.99,,cancel,Valid Cancel,,,,3.0,,,Brightback,,,,,,,1709915,2026-07-28T23:07:06.000Z,,2026-07-28T23:07:08.000Z,,h_002ec11486cf5a33,,1,2026-07-28T23:07:08.000Z,USD,u_908b8e34bedac9b3,ACTIVE,h_108c0ce99841703d,[name],36.0,annual_essentials,,2026-07-28T23:07:08.000Z,book_club_member,,1,annual_essentials,2026-07-28T23:07:08.000Z,_UNKNOWN,3600,YEAR,annual_essentials,,,[name],2027-07-28T23:07:08.000Z,,300,,2027-07-28T23:07:08.000Z,2026-07-28T23:07:08.000Z,3600,[name],,https://www.supersummary.com/subscription,https://www.supersummary.com/subscription/confirming/cancel,,BCM Experience [July 2025] [25% one-time / No Entry Modal],,07-28-2026,,08-03-2026,07-28-2026,07-28-2026,07-28-2026,,07-28-2026,07-28-2027
cancel_Wg7VNUw_be6632548f8affd8,AzZapxVQzpQWV3S3Z,,Book Club Members; fallback,,,[name],[name],,Unknown,Unknown,Unknown,Unknown,,Unknown,Unknown,0,,,u_794e19d10f6c6d1c,,,,0,,,Canceled,2026-08-01T04:49:00.000Z,2026-08-01T04:49:00.000Z,2026-08-01T04:49:00.000Z,,47.41,,cancel,Valid Cancel,,,,16.65,,,Brightback,,,,,,,AzZapxVQzpQWV3S3Z,2026-07-31T23:26:07.000Z,,2026-07-31T23:26:09.000Z,,h_56184069924c45d9,,1,2026-07-31T23:26:09.000Z,USD,u_794e19d10f6c6d1c,ACTIVE,h_95f61e70235fff82,[name],,,,2026-07-31T23:26:09.000Z,book_club_member,,1,monthly_plus,2026-07-31T23:26:09.000Z,_UNKNOWN,1665,MONTH,,,,[name],2026-08-31T23:26:09.000Z,,1665,,2026-08-31T23:26:09.000Z,2026-07-31T23:26:09.000Z,1665,,,,,,BCM Experience [July 2025] [25% one-time / No Entry Modal],,07-31-2026,,08-01-2026,07-31-2026,07-31-2026,07-31-2026,,07-31-2026,08-31-2026
cancel_Wg7VNk0_92b068603e9256d9,233427,,Book Club Members; Annual,,,[name],[name],[name],Unknown,Unknown,Unknown,Unknown,,Unknown,Unknown,0,,,u_9db7cbdc88a8c2b3,,,,0,,,Canceled,2026-08-03T11:20:27.000Z,2026-08-03T11:20:27.000Z,2026-08-03T11:20:27.000Z,,45.14,,cancel,Valid Cancel,,,,3.0,,,Brightback,,,,,,,233427,2022-07-31T19:46:52.000Z,,2022-07-31T19:46:53.000Z,,h_e2773323fe68860c,,1,2022-07-31T19:46:53.000Z,USD,u_9db7cbdc88a8c2b3,ACTIVE,h_5bb87f62be01ee87,[name],36.0,annual,,2026-07-31T19:46:53.000Z,book_club_member,,1,annual,2022-07-31T19:46:53.000Z,_UNKNOWN,3600,YEAR,annual,,,[name],2027-07-31T19:46:53.000Z,,300,,2027-07-31T19:46:53.000Z,2022-07-31T19:46:53.000Z,3600,[name],,https://www.supersummary.com/subscription,https://www.supersummary.com/subscription/confirming/cancel,,BCM Experience [July 2025] [25% one-time / No Entry Modal],,07-31-2022,,08-03-2026,07-31-2022,07-31-2022,07-31-2022,,07-31-2022,07-31-2027
cancel_Wg7VDPm_add839684248cea2,AzqgT2VPsvpaNFcd,,fallback,,,[name],[name],,Unknown,Unknown,Unknown,Unknown,,Unknown,Unknown,0,,,u_00b882e4b76a4ae3,,,,0,,,Canceled,2026-08-03T14:52:53.000Z,2026-08-03T14:52:53.000Z,2026-08-03T14:52:53.000Z,,44.99,,cancel,Valid Cancel,,,,3.0,,,Brightback,,,,,,,AzqgT2VPsvpaNFcd,2026-07-20T04:38:47.000Z,,2026-07-20T04:38:49.000Z,,h_2c034b1552f7f2a7,,1,2026-07-20T04:38:49.000Z,USD,u_00b882e4b76a4ae3,ACTIVE,h_1cc29a1d7f79ff6b,[name],,,,2026-07-20T04:38:49.000Z,other,,1,annual_essentials,2026-07-20T04:38:49.000Z,_UNKNOWN,3600,YEAR,,,,[name],2027-07-20T04:38:49.000Z,,300,,2027-07-20T04:38:49.000Z,2026-07-20T04:38:49.000Z,3600,,,,,,Default/Fallback [July 2025] [25% one time / No entry modal],,07-20-2026,,08-03-2026,07-20-2026,07-20-2026,07-20-2026,,07-20-2026,07-20-2027
cancel_Wg7VDOB_832b2265b05a8ea4,1701128,,fallback,,,[name],[name],[name],Unknown,Unknown,Unknown,Unknown,,Unknown,Unknown,0,,,u_00b882e4b76a4ae3,,,,0,,,Canceled,2026-08-03T14:52:53.000Z,2026-08-03T14:52:53.000Z,2026-08-03T14:52:53.000Z,,44.99,,cancel,Valid Cancel,,,,3.0,,,Brightback,,,,,,,1701128,2026-07-20T04:38:47.000Z,,2026-07-20T04:38:49.000Z,,h_2c034b1552f7f2a7,,1,2026-07-20T04:38:49.000Z,USD,u_00b882e4b76a4ae3,ACTIVE,h_1cc29a1d7f79ff6b,[name],36.0,annual_essentials,,2026-07-20T04:38:49.000Z,other,,1,annual_essentials,2026-07-20T04:38:49.000Z,_UNKNOWN,3600,YEAR,annual_essentials,,,[name],2027-07-20T04:38:49.000Z,,300,,2027-07-20T04:38:49.000Z,2026-07-20T04:38:49.000Z,3600,[name],,https://www.supersummary.com/subscription,https://www.supersummary.com/subscription/confirming/cancel,,Default/Fallback [July 2025] [25% one time / No entry modal],,07-20-2026,,08-03-2026,07-20-2026,07-20-2026,07-20-2026,,07-20-2026,07-20-2027
cancel_Wg7UNxQ_b662a8171215d624,1236537,,Book Club Members; fallback,,,[name],[name],[name],Unknown,Unknown,Unknown,Unknown,,Unknown,Unknown,0,,,u_e1930eaa7c67650d,,,,0,,,Canceled,2026-08-09T10:01:18.000Z,2026-08-09T10:01:18.000Z,2026-08-09T10:01:18.000Z,,39.19,,cancel,Valid Cancel,,,,7.46,,,Brightback,,,,,,,1236537,2025-11-08T03:56:17.000Z,,2025-11-08T03:56:20.000Z,,h_4d6434486d350bee,,1,2025-11-08T03:56:20.000Z,USD,u_e1930eaa7c67650d,ACTIVE,h_9e06f5498188dc7d,[name],9.95,monthly_essentials,,2026-07-08T03:56:20.000Z,book_club_member,,1,monthly_essentials,2025-11-08T03:56:20.000Z,_UNKNOWN,995,MONTH,monthly_essentials,,,[name],2026-08-08T03:56:20.000Z,,995,,2026-08-08T03:56:20.000Z,2025-11-08T03:56:20.000Z,995,[name],,https://www.supersummary.com/subscription,https://www.supersummary.com/subscription/confirming/cancel,,BCM Experience [July 2025] [25% one-time / No Entry Modal],,11-08-2025,,08-09-2026,11-08-2025,11-08-2025,11-08-2025,,11-08-2025,08-08-2026
cancel_Wg7SFuj_bdf16d2d48995290,1152881,,Teachers; Monthly,,,[name],[name],[name],Unknown,Unknown,Unknown,Unknown,,Unknown,Unknown,0,,,u_dc6c98ec10098e96,,,,0,,,Canceled,2026-08-02T21:59:13.000Z,2026-08-02T21:59:13.000Z,2026-08-02T21:59:13.000Z,,45.69,,cancel,Valid Cancel,,,,9.95,,,Brightback,,,,,,,1152881,2025-04-24T21:59:08.000Z,,2025-04-24T21:59:09.000Z,,h_bac1d76e7bc00e06,,1,2025-04-24T21:59:09.000Z,USD,u_dc6c98ec10098e96,ACTIVE,h_392b381602c4e596,[name],9.95,monthly,,2026-07-24T21:59:09.000Z,teacher,,1,monthly,2025-04-24T21:59:09.000Z,_UNKNOWN,995,MONTH,monthly,,High School,[name],2026-08-24T21:59:09.000Z,,995,,2026-08-24T21:59:09.000Z,2025-04-24T21:59:09.000Z,995,[name],,https://www.supersummary.com/subscription,https://www.supersummary.com/subscription/confirming/cancel,,Teacher Experience [July 2025] [40% forever / No entry modal],,04-24-2025,,08-02-2026,04-24-2025,04-24-2025,04-24-2025,,04-24-2025,08-24-2026
cancel_Wg7R6jK_b065be7de97a1300,16BlsbVFKiSKl6IGE,,fallback,,,[name],[name],,Unknown,Unknown,Unknown,Unknown,,Unknown,Unknown,0,,,u_4c73f47e5a45db88,,,,0,,,Canceled,2026-08-08T07:23:38.000Z,2026-08-08T07:23:38.000Z,2026-08-08T07:23:38.000Z,,40.3,,cancel,Valid Cancel,,,,9.95,,,Brightback,,,,,,,16BlsbVFKiSKl6IGE,2026-03-30T07:23:34.000Z,,2026-03-30T07:23:37.000Z,,h_69df53b66635b919,,1,2026-03-30T07:23:37.000Z,USD,u_4c73f47e5a45db88,ACTIVE,h_45d3a1fb8282b363,[name],,,,2026-06-30T07:23:37.000Z,other,,1,monthly_essentials,2026-03-30T07:23:37.000Z,_UNKNOWN,995,MONTH,,,,[name],2026-07-30T07:23:37.000Z,,995,,2026-07-30T07:23:37.000Z,2026-03-30T07:23:37.000Z,995,,,,,,Default/Fallback [July 2025] [25% one time / No entry modal],,03-30-2026,,08-08-2026,03-30-2026,03-30-2026,03-30-2026,,03-30-2026,07-30-2026
cancel_Wg7KDn6_b8b171fe3f41fa06,1271456,,fallback,,,[name],[name],[name],Unknown,Unknown,Unknown,Unknown,,Unknown,Unknown,0,,,u_51483647b890e7c3,,,,0,,,Canceled,2026-08-10T13:15:04.000Z,2026-08-10T13:15:04.000Z,2026-08-10T13:15:04.000Z,,38.06,,cancel,Valid Cancel,,,,3.0,,,Brightback,,,,,,,1271456,2025-07-29T20:31:50.000Z,,2025-07-29T20:31:53.000Z,,h_24e97d9088996a4e,,1,2025-07-29T20:31:53.000Z,USD,u_51483647b890e7c3,ACTIVE,h_8ffd6a9686b413fe,[name],36.0,annual,,2025-07-29T20:31:53.000Z,other,,1,annual,2025-07-29T20:31:53.000Z,_UNKNOWN,3600,YEAR,annual,,,[name],2026-07-29T20:31:53.000Z,,300,,2026-07-29T20:31:53.000Z,2025-07-29T20:31:53.000Z,3600,[name],,https://www.supersummary.com/subscription,https://www.supersummary.com/subscription/confirming/cancel,,Default/Fallback [July 2025] [25% one time / No entry modal],,07-29-2025,,08-10-2026,07-29-2025,07-29-2025,07-29-2025,,07-29-2025,07-29-2026
cancel_Wg7JNqP_9877c7ce029bf677,AzZnAnUDdGSCX6BNv,,Book Club Members; Annual,,,[name],[name],,Unknown,Unknown,Unknown,Unknown,,Unknown,Unknown,0,,,u_7b8e564544250208,,,,0,,,Canceled,2026-08-07T12:53:01.000Z,2026-08-07T12:53:01.000Z,2026-08-07T12:53:01.000Z,,41.07,,cancel,Valid Cancel,,,,2.25,,,Brightback,,,,,,,AzZnAnUDdGSCX6BNv,2024-05-23T20:43:11.000Z,,2024-05-23T20:43:13.000Z,,h_3b9cef9cb718a27f,,1,2026-07-19T23:51:53.000Z,USD,u_7b8e564544250208,ACTIVE,h_be32251b077f323d,[name],,,,2026-07-19T23:51:53.000Z,book_club_member,,1,annual,2024-05-23T20:43:13.000Z,_UNKNOWN,3600,YEAR,,,,[name],2027-07-19T23:51:53.000Z,,300,,2027-07-19T23:51:53.000Z,2024-05-23T20:43:13.000Z,3600,,,,,,BCM Experience [July 2025] [25% one-time / No Entry Modal],,05-23-2024,,08-07-2026,07-19-2026,05-23-2024,05-23-2024,,05-23-2024,07-19-2027
cancel_Wg7HMs0_8eacf2d229667d22,6obBnVPfeSAI2Ndk,,fallback,,,[name],[name],,Unknown,Unknown,Unknown,Unknown,,Unknown,Unknown,0,,,u_3a55aee5d0662f4e,,,,0,,,Canceled,2026-08-05T23:46:12.000Z,2026-08-05T23:46:12.000Z,2026-08-05T23:46:12.000Z,,42.62,,cancel,Valid Cancel,,,,3.0,,,Brightback,,,,,,,6obBnVPfeSAI2Ndk,2026-07-17T22:08:13.000Z,,2026-07-17T22:08:15.000Z,,h_fd8602dec275e7f3,,1,2026-07-17T22:08:15.000Z,USD,u_3a55aee5d0662f4e,ACTIVE,h_02785686972f1066,[name],,,,2026-07-17T22:08:15.000Z,other,,1,annual_essentials,2026-07-17T22:08:15.000Z,_UNKNOWN,3600,YEAR,,,,[name],2027-07-17T22:08:15.000Z,,300,,2027-07-17T22:08:15.000Z,2026-07-17T22:08:15.000Z,3600,,,,,,Default/Fallback [July 2025] [25% one time / No entry modal],,07-17-2026,,08-05-2026,07-17-2026,07-17-2026,07-17-2026,,07-17-2026,07-17-2027
cancel_Wg7G3Si_add78ef51267aa31,16BR5TVPVFmRv3ECI,,Students; fallback,,,[name],[name],,Unknown,Unknown,Unknown,Unknown,,Unknown,Unknown,0,,,u_2dfab81e9c796a74,,,,0,,,Canceled,2026-08-12T16:27:16.000Z,2026-08-12T16:27:16.000Z,2026-08-12T16:27:16.000Z,,35.93,,cancel,Valid Cancel,,,,3.0,,,Brightback,,,,,,,16BR5TVPVFmRv3ECI,2026-07-16T03:27:29.000Z,,2026-07-16T03:27:31.000Z,,h_7c08c8edab49fa2b,,1,2026-07-16T03:27:31.000Z,USD,u_2dfab81e9c796a74,ACTIVE,h_b41b8b458366c4e5,[name],,,,2026-07-16T03:27:31.000Z,student,,1,annual_essentials,2026-07-16T03:27:31.000Z,_UNKNOWN,3600,YEAR,,,College,[name],2027-07-16T03:27:31.000Z,,300,,2027-07-16T03:27:31.000Z,2026-07-16T03:27:31.000Z,3600,,,,,,Student Experience [July 2025] [25% one-time / No Entry Modal],,07-16-2026,,08-12-2026,07-16-2026,07-16-2026,07-16-2026,,07-16-2026,07-16-2027
cancel_Wg7ELi8_9259908ed89ccf67,AzqYEKUhEoRJG4yYh,,Students; Monthly,,,[name],[name],,Unknown,Unknown,Unknown,Unknown,,Unknown,Unknown,0,,,u_9e10105f9bb423b0,,,,0,,,Canceled,2026-08-11T18:47:52.000Z,2026-08-11T18:47:52.000Z,2026-08-11T18:47:52.000Z,,36.83,,cancel,Valid Cancel,,,,5.97,,,Brightback,,,,,,,AzqYEKUhEoRJG4yYh,2025-04-02T18:47:46.000Z,,2025-04-02T18:47:49.000Z,,h_df4b16f1b5c6a0cf,,1,2025-04-02T18:47:49.000Z,USD,u_9e10105f9bb423b0,ACTIVE,h_c98d51c874f481e5,[name],,,,2026-07-02T18:47:49.000Z,student,,1,monthly,2025-04-02T18:47:49.000Z,_UNKNOWN,995,MONTH,,,College,[name],2026-08-02T18:47:49.000Z,,995,,2026-08-02T18:47:49.000Z,2025-04-02T18:47:49.000Z,995,,,,,,Student Experience [July 2025] [40% forever / Modal],,04-02-2025,,08-11-2026,04-02-2025,04-02-2025,04-02-2025,,04-02-2025,08-02-2026
