exit_session_id,id,language,Audiences Names,acceptedOffers,deflectType,ownerFirstName,ownerLastName,ownerFullName,reason,reasonId,bbkReason,bbkReasonId,reasonOther,bbkCategory,bbkCategoryId,returnLikelihood,competitor,competitionOther,email,details,drilldown_modal_feedback,free_text_modal_feedback,has_details,value,company,last_action,startTime,Cancel date,endTime,Save date,age,lastActiveDate,status,validation_status,billing_interval,sub_renewal_date,sub_expired_date,mrr,billing_mrr,billing_price,source,repurchases,repurchases_revenue,repurchases_first_date,winbacks,winbacks_revenue,winbacks_first_date,internal_id,Customer Create Date,Customer Payment Method State,First Purchase Date,Country,Subscription ID,Coupon Codes,Interval Length,Subscription Activation Date,Subscription Currency,Owner Email,Subscription Status,Billing ID,Owner Last Name,Contract Value,Product ID,Subscription Trial Start Date,Subscription Current Period Start,Customer Audience,State,Quantity,Plan ID,Subscription Start Date,Customer Type,Plan Amount,Plan Interval,Product Name,Coupon IDs,Customer Grade Level,Owner First Name,Subscription Next Billing Date,Subscription Product Family ID,Subscription MRR,Subscription Trial End Date,Subscription Current Period End,Subscription Create Date,Subscription Unit Amount,Owner Full Name,Organization Name,Save return URL,Cancel confirmation URL,Legacy Retention Experiment,Page attributed,Subscription Trial Start Date UTC,First Purchase Date UTC,Subscription Trial End Date UTC,Cancel date UTC,Subscription Activation Date UTC,Subscription Create Date UTC,Customer Create Date UTC,Save date UTC,Subscription Start Date UTC,Subscription Next Billing Date UTC
Wg8VNXb_ab449e8b41e9e6b9,AzyqfJVSTo6Bf90Za,,Students; fallback,,,[name],[name],,I don’t want my subscription to renew automatically,too_expensive_for_value_provided_1447236661,I don't want to commit to a subscription,i_dont_want_to_commit_to_a_subscription,,Pricing (eCommerce),pricing_ecommerce,5,,,u_118babbd94c847a2,,,,0,,,Canceled,2026-08-31T23:33:38.000Z,2026-08-31T23:33:55.000Z,2026-08-31T23:33:55.000Z,,16.63,2026-08-31T23:33:55.000Z,cancel,Valid Cancel,monthly,2026-09-16T16:57:56.000Z,2026-09-16T16:57:56.000Z,9.95,9.95,9.95,Brightback,,,,,,,AzyqfJVSTo6Bf90Za,2026-08-16T16:57:55.000Z,,2026-08-16T16:57:56.000Z,,h_0c9837dc43630422,,1,2026-08-16T16:57:56.000Z,USD,u_118babbd94c847a2,ACTIVE,h_fee60b3eb2288078,[name],,,,2026-08-16T16:57:56.000Z,student,,1,monthly_essentials,2026-08-16T16:57:56.000Z,_UNKNOWN,995,MONTH,,,College,[name],2026-09-16T16:57:56.000Z,,995,,2026-09-16T16:57:56.000Z,2026-08-16T16:57:56.000Z,995,,,,,,Student Experience [July 2025] [25% one-time / No Entry Modal],,08-16-2026,,08-31-2026,08-16-2026,08-16-2026,08-16-2026,,08-16-2026,09-16-2026
Wg8VNUl_b696d56b6a5e3c48,16BeiYUvUri8jARMw,,Parents; Annual,,,[name],[name],,I don’t want my subscription to renew automatically,too_expensive_for_value_provided_1447236661,I don't want to commit to a subscription,i_dont_want_to_commit_to_a_subscription,,Pricing (eCommerce),pricing_ecommerce,4,,,u_dafefea5d918be60,,,,0,,,Canceled,2026-08-31T23:30:49.000Z,2026-08-31T23:31:08.000Z,2026-08-31T23:31:08.000Z,,16.63,2026-08-31T23:31:08.000Z,cancel,Valid Cancel,annual,2027-08-31T23:25:30.000Z,2027-08-31T23:25:30.000Z,3.0,3.0,36.0,Brightback,,,,,,,16BeiYUvUri8jARMw,2025-08-31T23:25:28.000Z,,2025-08-31T23:25:30.000Z,,h_677c8a7d68faaf5f,,1,2025-08-31T23:25:30.000Z,USD,u_dafefea5d918be60,ACTIVE,h_6d08ddf62232143e,[name],,,,2026-08-31T23:25:30.000Z,parent_of_student,,1,annual,2025-08-31T23:25:30.000Z,_UNKNOWN,3600,YEAR,,,Postgrad Program,[name],2027-08-31T23:25:30.000Z,,300,,2027-08-31T23:25:30.000Z,2025-08-31T23:25:30.000Z,3600,,,,,,Parent Experience [July 2025] [25% one-time / Modal],,08-31-2025,,08-31-2026,08-31-2025,08-31-2025,08-31-2025,,08-31-2025,08-31-2027
Wg8VLt1_927b9967ba6ce69a,16COLNSh1iRGe1j4H,,Parents; Annual,,,[name],[name],,I don’t want my subscription to renew automatically,too_expensive_for_value_provided_1447236661,I don't want to commit to a subscription,i_dont_want_to_commit_to_a_subscription,,Pricing (eCommerce),pricing_ecommerce,3,,,u_91380d11f70647ab,,,,0,,,Canceled,2026-08-31T21:55:03.000Z,2026-08-31T21:55:38.000Z,2026-08-31T21:55:38.000Z,,16.7,2026-08-31T21:55:38.000Z,cancel,Valid Cancel,annual,2027-08-24T17:23:24.000Z,2027-08-24T17:23:24.000Z,3.0,3.0,36.0,Brightback,,,,,,,16COLNSh1iRGe1j4H,2021-08-24T17:21:15.000Z,,2021-08-24T17:23:24.000Z,,h_989112e1fb4db15c,,1,2021-08-24T17:23:24.000Z,USD,u_91380d11f70647ab,ACTIVE,h_d71137a1a9fc0e28,[name],,,,2026-08-24T17:23:24.000Z,parent_of_student,,1,annual,2021-08-24T17:23:24.000Z,_UNKNOWN,3600,YEAR,,,Middle School,[name],2027-08-24T17:23:24.000Z,,300,,2027-08-24T17:23:24.000Z,2021-08-24T17:23:24.000Z,3600,,,,,,Parent Experience [July 2025] [25% one-time / Modal],,08-24-2021,,08-31-2026,08-24-2021,08-24-2021,08-24-2021,,08-24-2021,08-24-2027
Wg8VKmX_9bc1358071004733,AzqPRlVT9Txl97FQ,,Students; fallback,,,[name],[name],,I don’t want my subscription to renew automatically,too_expensive_for_value_provided_1447236661,I don't want to commit to a subscription,i_dont_want_to_commit_to_a_subscription,,Pricing (eCommerce),pricing_ecommerce,8,,,u_73ab9b3c19b5136f,,,,0,,,Canceled,2026-08-31T20:48:42.000Z,2026-08-31T20:49:22.000Z,2026-08-31T20:49:22.000Z,,16.74,2026-08-31T20:49:22.000Z,cancel,Valid Cancel,monthly,2026-09-23T20:01:23.000Z,2026-09-23T20:01:23.000Z,16.65,16.65,16.65,Brightback,,,,,,,AzqPRlVT9Txl97FQ,2026-08-23T20:01:20.000Z,,2026-08-23T20:01:23.000Z,,h_af7b253eae233a05,,1,2026-08-23T20:01:23.000Z,USD,u_73ab9b3c19b5136f,ACTIVE,h_3c56347a1483b022,[name],,,,2026-08-23T20:01:23.000Z,student,,1,monthly_plus,2026-08-23T20:01:23.000Z,_UNKNOWN,1665,MONTH,,,High School,[name],2026-09-23T20:01:23.000Z,,1665,,2026-09-23T20:01:23.000Z,2026-08-23T20:01:23.000Z,1665,,,,,,Student Experience [July 2025] [25% one-time / No Entry Modal],,08-23-2026,,08-31-2026,08-23-2026,08-23-2026,08-23-2026,,08-23-2026,09-23-2026
Wg8VHoL_877d9b7f512018c1,491807,,Students; fallback,,,[name],[name],[name],I don’t want my subscription to renew automatically,too_expensive_for_value_provided_1447236661,I don't want to commit to a subscription,i_dont_want_to_commit_to_a_subscription,,Pricing (eCommerce),pricing_ecommerce,6,,,u_3af18b89a7374c5f,,,,0,36.0,,Canceled,2026-08-31T17:50:29.000Z,2026-08-31T17:51:47.000Z,2026-08-31T17:51:47.000Z,,16.87,2026-08-31T17:52:02.000Z,cancel,Valid Cancel,annual,2027-08-23T16:09:22.000Z,2027-08-23T16:09:22.000Z,3.0,3.0,36.0,Brightback,,,,,,,491807,2026-08-23T16:09:20.000Z,,2026-08-23T16:09:22.000Z,,h_091c953f9be7c6d4,,1,2026-08-23T16:09:22.000Z,USD,u_3af18b89a7374c5f,ACTIVE,h_9ef53b437907a9bd,[name],36.0,annual_essentials,,2026-08-23T16:09:22.000Z,student,,1,annual_essentials,2026-08-23T16:09:22.000Z,_UNKNOWN,3600,YEAR,annual_essentials,,Middle School,[name],2027-08-23T16:09:22.000Z,,300,,2027-08-23T16:09:22.000Z,2026-08-23T16:09:22.000Z,3600,[name],,https://www.supersummary.com/subscription,https://www.supersummary.com/subscription/confirming/cancel,,Student Experience [July 2025] [25% one-time / No Entry Modal],,08-23-2026,,08-31-2026,08-23-2026,08-23-2026,08-23-2026,,08-23-2026,08-23-2027
Wg8VGoc_8ae80779e44d684e,1283995,,Students; Annual,,,[name],[name],[name],I don’t want my subscription to renew automatically,too_expensive_for_value_provided_1447236661,I don't want to commit to a subscription,i_dont_want_to_commit_to_a_subscription,,Pricing (eCommerce),pricing_ecommerce,3,,,u_5aaf90bef20cf7bb,,,,0,36.0,,Canceled,2026-08-31T16:50:53.000Z,2026-08-31T16:51:17.000Z,2026-08-31T16:51:17.000Z,,16.91,2026-08-31T16:51:17.000Z,cancel,Valid Cancel,annual,2027-08-12T22:05:48.000Z,2027-08-12T22:05:48.000Z,3.0,3.0,36.0,Brightback,,,,,,,1283995,2025-08-12T22:05:46.000Z,,2025-08-12T22:05:48.000Z,,h_12fb813536854a47,,1,2025-08-12T22:05:48.000Z,USD,u_5aaf90bef20cf7bb,ACTIVE,h_29b774e48b0e6767,[name],36.0,annual,,2026-08-12T22:05:48.000Z,student,,1,annual,2025-08-12T22:05:48.000Z,_UNKNOWN,3600,YEAR,annual,,Postgrad Program,[name],2027-08-12T22:05:48.000Z,,300,,2027-08-12T22:05:48.000Z,2025-08-12T22:05:48.000Z,3600,[name],,https://www.supersummary.com/subscription,https://www.supersummary.com/subscription/confirming/cancel,,Student Experience [July 2025] [25% one-time / No Entry Modal],,08-12-2025,,08-31-2026,08-12-2025,08-12-2025,08-12-2025,,08-12-2025,08-12-2027
Wg8VFv6_9106497d114ffdb4,1513972,,fallback,,,[name],[name],[name],I don’t want my subscription to renew automatically,too_expensive_for_value_provided_1447236661,I don't want to commit to a subscription,i_dont_want_to_commit_to_a_subscription,,Pricing (eCommerce),pricing_ecommerce,5,,,u_70d79a537104f100,,,,0,16.65,,Canceled,2026-08-31T15:57:16.000Z,2026-08-31T15:57:49.000Z,2026-08-31T15:57:49.000Z,,16.95,2026-08-31T15:57:49.000Z,cancel,Valid Cancel,monthly,2026-09-28T21:17:53.000Z,2026-09-28T21:17:53.000Z,16.65,16.65,16.65,Brightback,,,,,,,1513972,2026-08-28T21:17:50.000Z,,2026-08-28T21:17:53.000Z,,h_a37185fe38814923,,1,2026-08-28T21:17:53.000Z,USD,u_70d79a537104f100,ACTIVE,h_0989b168f6a6a8be,[name],16.65,monthly_plus,,2026-08-28T21:17:53.000Z,avid_reader,,1,monthly_plus,2026-08-28T21:17:53.000Z,_UNKNOWN,1665,MONTH,monthly_plus,,,[name],2026-09-28T21:17:53.000Z,,1665,,2026-09-28T21:17:53.000Z,2026-08-28T21:17:53.000Z,1665,[name],,https://www.supersummary.com/subscription,https://www.supersummary.com/subscription/confirming/cancel,,Default/Fallback [July 2025] [25% one time / No entry modal],,08-28-2026,,08-31-2026,08-28-2026,08-28-2026,08-28-2026,,08-28-2026,09-28-2026
Wg8VDm6_8ad50d2e0c96a98d,16BlMZUMIjG9S4kZx,,Students; Annual,,,[name],[name],,I don’t want my subscription to renew automatically,too_expensive_for_value_provided_1447236661,I don't want to commit to a subscription,i_dont_want_to_commit_to_a_subscription,,Pricing (eCommerce),pricing_ecommerce,1,,,u_392f4f52538798cc,,,,0,,,Canceled,2026-08-31T13:48:10.000Z,2026-08-31T13:48:38.000Z,2026-08-31T13:48:38.000Z,,17.04,2026-08-31T13:48:38.000Z,cancel,Valid Cancel,annual,2027-08-23T18:45:50.000Z,2027-08-23T18:45:50.000Z,3.0,3.0,36.0,Brightback,,,,,,,16BlMZUMIjG9S4kZx,2024-08-23T18:45:48.000Z,,2024-08-23T18:45:50.000Z,,h_50dc32f64f9439b2,,1,2024-08-23T18:45:50.000Z,USD,u_392f4f52538798cc,ACTIVE,h_5f93fa232350ae17,[name],,,,2026-08-23T18:45:50.000Z,student,,1,annual,2024-08-23T18:45:50.000Z,_UNKNOWN,3600,YEAR,,,College,[name],2027-08-23T18:45:50.000Z,,300,,2027-08-23T18:45:50.000Z,2024-08-23T18:45:50.000Z,3600,,,,,,Student Experience [July 2025] [25% one-time / No Entry Modal],,08-23-2024,,08-31-2026,08-23-2024,08-23-2024,08-23-2024,,08-23-2024,08-23-2027
Wg8VBtF_ac413ff7a1afd020,AzqOPRUv4wsfg1s3W,,Teachers; Annual,,,[name],[name],,I don’t want my subscription to renew automatically,too_expensive_for_value_provided_1447236661,I don't want to commit to a subscription,i_dont_want_to_commit_to_a_subscription,,Pricing (eCommerce),pricing_ecommerce,7,,,u_1be80c9efc70f887,,,,0,,,Canceled,2026-08-31T11:55:18.000Z,2026-08-31T11:55:40.000Z,2026-08-31T11:55:41.000Z,,17.11,2026-08-31T11:55:41.000Z,cancel,Valid Cancel,annual,2027-08-27T13:02:57.000Z,2027-08-27T13:02:57.000Z,3.0,3.0,36.0,Brightback,,,,1,36.0,2026-08-31T13:03:03.000Z,AzqOPRUv4wsfg1s3W,2025-08-27T13:02:54.000Z,,2025-08-27T13:02:57.000Z,,h_bf49a4f4563e3c3a,,1,2025-08-27T13:02:57.000Z,USD,u_1be80c9efc70f887,ACTIVE,h_9a96af38271c079f,[name],,,,2026-08-27T13:02:57.000Z,teacher,,1,annual,2025-08-27T13:02:57.000Z,_UNKNOWN,3600,YEAR,,,High School,[name],2027-08-27T13:02:57.000Z,,300,,2027-08-27T13:02:57.000Z,2025-08-27T13:02:57.000Z,3600,,,,,,Teacher Experience [July 2025] [40% one-time / Modal],,08-27-2025,,08-31-2026,08-27-2025,08-27-2025,08-27-2025,,08-27-2025,08-27-2027
Wg8V01N_876b788d12ad96b1,AzZdB2VMHuIAW2gbd,,Students; fallback,,,[name],[name],,I don’t want my subscription to renew automatically,too_expensive_for_value_provided_1447236661,I don't want to commit to a subscription,i_dont_want_to_commit_to_a_subscription,,Pricing (eCommerce),pricing_ecommerce,5,,,u_e6f5a79fa3b8a4b0,,,,0,,,Canceled,2026-08-31T00:01:28.000Z,2026-08-31T00:02:21.000Z,2026-08-31T00:02:21.000Z,,17.61,2026-08-31T00:02:21.000Z,cancel,Valid Cancel,annual,2027-06-12T01:13:59.000Z,2027-06-12T01:13:59.000Z,3.0,3.0,36.0,Brightback,,,,,,,AzZdB2VMHuIAW2gbd,2026-06-12T01:13:57.000Z,,2026-06-12T01:13:59.000Z,,h_c6e8a92928f9c49c,,1,2026-06-12T01:13:59.000Z,USD,u_e6f5a79fa3b8a4b0,ACTIVE,h_7eadbf452881d6ee,[name],,,,2026-06-12T01:13:59.000Z,student,,1,annual_essentials,2026-06-12T01:13:59.000Z,_UNKNOWN,3600,YEAR,,,College,[name],2027-06-12T01:13:59.000Z,,300,,2027-06-12T01:13:59.000Z,2026-06-12T01:13:59.000Z,3600,,,,,,Student Experience [July 2025] [25% one-time / No Entry Modal],,06-12-2026,,08-31-2026,06-12-2026,06-12-2026,06-12-2026,,06-12-2026,06-12-2027
Wg8ULvS_9290ee58746a17a5,169wxpUutsU1eZTL,,Parents; Annual,,,[name],[name],,I don’t want my subscription to renew automatically,too_expensive_for_value_provided_1447236661,I don't want to commit to a subscription,i_dont_want_to_commit_to_a_subscription,,Pricing (eCommerce),pricing_ecommerce,5,,,u_6b7f83cfe68b662f,,,,0,,,Canceled,2026-08-30T21:57:33.000Z,2026-08-30T21:58:17.000Z,2026-08-30T21:58:17.000Z,,17.7,2026-08-30T21:58:17.000Z,cancel,Valid Cancel,annual,2027-08-25T15:36:29.000Z,2027-08-25T15:36:29.000Z,3.0,3.0,36.0,Brightback,,,,,,,169wxpUutsU1eZTL,2025-08-25T15:36:26.000Z,,2025-08-25T15:36:29.000Z,,h_22ba1541cdebeb97,,1,2025-08-25T15:36:29.000Z,USD,u_6b7f83cfe68b662f,ACTIVE,h_931f056afd171c93,[name],,,,2026-08-25T15:36:29.000Z,parent_of_student,,1,annual,2025-08-25T15:36:29.000Z,_UNKNOWN,3600,YEAR,,,High School,[name],2027-08-25T15:36:29.000Z,,300,,2027-08-25T15:36:29.000Z,2025-08-25T15:36:29.000Z,3600,,,,,,Parent Experience [July 2025] [25% one-time / Modal],,08-25-2025,,08-30-2026,08-25-2025,08-25-2025,08-25-2025,,08-25-2025,08-25-2027
Wg8ULpN_aef4aaede67784ff,16BeWuVPoJqf95gpX,,Book Club Members; fallback,,,[name],[name],,I don’t want my subscription to renew automatically,too_expensive_for_value_provided_1447236661,I don't want to commit to a subscription,i_dont_want_to_commit_to_a_subscription,,Pricing (eCommerce),pricing_ecommerce,5,,,u_7c30bef71775c51b,,,,0,,,Canceled,2026-08-30T21:51:30.000Z,2026-08-30T21:52:27.000Z,2026-08-30T21:52:27.000Z,,17.7,2026-08-30T21:52:27.000Z,cancel,Valid Cancel,annual,2027-07-19T09:42:51.000Z,2027-07-19T09:42:51.000Z,5.0,5.0,60.0,Brightback,,,,,,,16BeWuVPoJqf95gpX,2026-07-19T09:42:50.000Z,,2026-07-19T09:42:51.000Z,,h_395c931bdbf571c7,,1,2026-07-19T09:42:51.000Z,USD,u_7c30bef71775c51b,ACTIVE,h_9d0a737469118819,[name],,,,2026-07-19T09:42:51.000Z,book_club_member,,1,annual_plus,2026-07-19T09:42:51.000Z,_UNKNOWN,6000,YEAR,,,,[name],2027-07-19T09:42:51.000Z,,500,,2027-07-19T09:42:51.000Z,2026-07-19T09:42:51.000Z,6000,,,,,,BCM Experience [July 2025] [25% one-time / No Entry Modal],,07-19-2026,,08-30-2026,07-19-2026,07-19-2026,07-19-2026,,07-19-2026,07-19-2027
Wg8UKWZ_bd144c00bab9cb55,16A5SfUnuZOrlvHF,,fallback,,,[name],[name],,I don’t want my subscription to renew automatically,too_expensive_for_value_provided_1447236661,I don't want to commit to a subscription,i_dont_want_to_commit_to_a_subscription,,Pricing (eCommerce),pricing_ecommerce,5,,,u_28458acb76657213,,,,0,,,Canceled,2026-08-30T20:32:36.000Z,2026-08-30T20:33:00.000Z,2026-08-30T20:33:01.000Z,,17.75,2026-08-30T20:33:01.000Z,cancel,Valid Cancel,monthly,2026-09-12T13:04:48.000Z,2026-09-12T13:04:48.000Z,9.95,9.95,9.95,Brightback,,,,,,,16A5SfUnuZOrlvHF,2025-06-12T13:04:45.000Z,,2025-06-12T13:04:48.000Z,,h_c84077955559a5e6,,1,2025-06-12T13:04:48.000Z,USD,u_28458acb76657213,ACTIVE,h_d8e57e968e15323a,[name],,,,2026-08-12T13:04:48.000Z,other,,1,monthly,2025-06-12T13:04:48.000Z,_UNKNOWN,995,MONTH,,,,[name],2026-09-12T13:04:48.000Z,,995,,2026-09-12T13:04:48.000Z,2025-06-12T13:04:48.000Z,995,,,,,,Default/Fallback [July 2025] [25% one time / No entry modal],,06-12-2025,,08-30-2026,06-12-2025,06-12-2025,06-12-2025,,06-12-2025,09-12-2026
Wg8UJpW_833f864cc5576c6f,AzZNHuVTnySXWAYZh,,Teachers; fallback,,,[name],[name],,I don’t want my subscription to renew automatically,too_expensive_for_value_provided_1447236661,I don't want to commit to a subscription,i_dont_want_to_commit_to_a_subscription,,Pricing (eCommerce),pricing_ecommerce,3,,,u_1a3ef704bd125a21,,,,0,,,Canceled,2026-08-30T19:51:36.000Z,2026-08-30T19:52:04.000Z,2026-08-30T19:52:04.000Z,,17.78,2026-08-30T19:52:04.000Z,cancel,Valid Cancel,annual,2027-08-30T18:13:25.000Z,2027-08-30T18:13:25.000Z,5.0,5.0,60.0,Brightback,,,,,,,AzZNHuVTnySXWAYZh,2026-08-30T18:13:22.000Z,,2026-08-30T18:13:25.000Z,,h_0eeb80444510cbcc,,1,2026-08-30T18:13:25.000Z,USD,u_1a3ef704bd125a21,ACTIVE,h_8a06cebd3880fc61,[name],,,,2026-08-30T18:13:25.000Z,teacher,,1,annual_plus,2026-08-30T18:13:25.000Z,_UNKNOWN,6000,YEAR,,,other,[name],2027-08-30T18:13:25.000Z,,500,,2027-08-30T18:13:25.000Z,2026-08-30T18:13:25.000Z,6000,,,,,,Teacher Experience [July 2025] [40% one-time / Modal],,08-30-2026,,08-30-2026,08-30-2026,08-30-2026,08-30-2026,,08-30-2026,08-30-2027
Wg8UJ0R_b9142f0255a4c0f0,16A4RtVTo7rz8BPJQ,,Students; fallback,,,[name],[name],,I don’t want my subscription to renew automatically,too_expensive_for_value_provided_1447236661,I don't want to commit to a subscription,i_dont_want_to_commit_to_a_subscription,,Pricing (eCommerce),pricing_ecommerce,5,NA,,u_6a4af183aa98ef6a,Not require auto renewal ,,,1,,,Canceled,2026-08-30T19:00:29.000Z,2026-08-30T19:01:24.000Z,2026-09-12T19:24:02.000Z,,17.82,2026-09-12T19:24:02.000Z,cancel,Valid Cancel,annual,2027-08-30T18:50:47.000Z,2027-08-30T18:50:47.000Z,5.0,5.0,60.0,Brightback,,,,,,,16A4RtVTo7rz8BPJQ,2026-08-30T18:50:46.000Z,,2026-08-30T18:50:47.000Z,,h_6b2f6f7d6337dd56,,1,2026-08-30T18:50:47.000Z,USD,u_6a4af183aa98ef6a,ACTIVE,h_c65f471d7d1fc22a,[name],,,,2026-08-30T18:50:47.000Z,student,,1,annual_plus,2026-08-30T18:50:47.000Z,_UNKNOWN,6000,YEAR,,,High School,[name],2027-08-30T18:50:47.000Z,,500,,2027-08-30T18:50:47.000Z,2026-08-30T18:50:47.000Z,6000,,,,,,Student Experience [July 2025] [25% one-time / No Entry Modal],,08-30-2026,,08-30-2026,08-30-2026,08-30-2026,08-30-2026,,08-30-2026,08-30-2027
Wg8UGFv_87c0d09effd7a966,AzZhyAUvGKwl81N6G,,Teachers; Annual,,,[name],[name],,I don’t want my subscription to renew automatically,too_expensive_for_value_provided_1447236661,I don't want to commit to a subscription,i_dont_want_to_commit_to_a_subscription,,Pricing (eCommerce),pricing_ecommerce,1,,,u_92a090b9da83802a,,,,0,,,Canceled,2026-08-30T16:16:03.000Z,2026-08-30T16:16:45.000Z,2026-08-30T16:16:46.000Z,,17.93,2026-08-30T16:16:46.000Z,cancel,Valid Cancel,annual,2027-08-29T11:47:32.000Z,2027-08-29T11:47:32.000Z,3.0,3.0,36.0,Brightback,,,,,,,AzZhyAUvGKwl81N6G,2025-08-29T11:47:30.000Z,,2025-08-29T11:47:32.000Z,,h_e6b6efed99129c73,,1,2025-08-29T11:47:32.000Z,USD,u_92a090b9da83802a,ACTIVE,h_95b98d2a378095f7,[name],,,,2026-08-29T11:47:32.000Z,teacher,,1,annual,2025-08-29T11:47:32.000Z,_UNKNOWN,3600,YEAR,,,High School,[name],2027-08-29T11:47:32.000Z,,300,,2027-08-29T11:47:32.000Z,2025-08-29T11:47:32.000Z,3600,,,,,,Teacher Experience [July 2025] [40% one-time / Modal],,08-29-2025,,08-30-2026,08-29-2025,08-29-2025,08-29-2025,,08-29-2025,08-29-2027
Wg8UGEs_8fc39294b314b203,AzZNHuVTnUNynAFzj,,Teachers; fallback,,,[name],[name],,I don’t want my subscription to renew automatically,too_expensive_for_value_provided_1447236661,I don't want to commit to a subscription,i_dont_want_to_commit_to_a_subscription,,Pricing (eCommerce),pricing_ecommerce,4,,,u_35934beeefc2619d,,,,0,,,Canceled,2026-08-30T16:14:57.000Z,2026-08-30T16:15:30.000Z,2026-08-30T16:15:30.000Z,,17.93,2026-08-30T16:15:30.000Z,cancel,Valid Cancel,annual,2027-08-30T16:13:57.000Z,2027-08-30T16:13:57.000Z,5.0,5.0,60.0,Brightback,,,,,,,AzZNHuVTnUNynAFzj,2026-08-30T16:13:56.000Z,,2026-08-30T16:13:57.000Z,,h_a94d580fa0e913e7,,1,2026-08-30T16:13:57.000Z,USD,u_35934beeefc2619d,ACTIVE,h_3a8d244f38dbab25,[name],,,,2026-08-30T16:13:57.000Z,teacher,,1,annual_plus,2026-08-30T16:13:57.000Z,_UNKNOWN,6000,YEAR,,,other,[name],2027-08-30T16:13:57.000Z,,500,,2027-08-30T16:13:57.000Z,2026-08-30T16:13:57.000Z,6000,,,,,,Teacher Experience [July 2025] [40% one-time / Modal],,08-30-2026,,08-30-2026,08-30-2026,08-30-2026,08-30-2026,,08-30-2026,08-30-2027
Wg8UFWb_847b1ebcc5612346,AzqFWaVTnJnVTA9AU,,Book Club Members; fallback,,,[name],[name],,I don’t want my subscription to renew automatically,too_expensive_for_value_provided_1447236661,I don't want to commit to a subscription,i_dont_want_to_commit_to_a_subscription,,Pricing (eCommerce),pricing_ecommerce,9,,,u_be69b9bab0e1da6b,,,,0,,,Canceled,2026-08-30T15:32:39.000Z,2026-08-30T15:33:31.000Z,2026-08-30T15:33:31.000Z,,17.96,2026-08-30T15:33:31.000Z,cancel,Valid Cancel,monthly,2026-09-30T15:31:54.000Z,2026-09-30T15:31:54.000Z,9.95,9.95,9.95,Brightback,,,,,,,AzqFWaVTnJnVTA9AU,2026-08-30T15:31:52.000Z,,2026-08-30T15:31:54.000Z,,h_5554c29d28be67ea,,1,2026-08-30T15:31:54.000Z,USD,u_be69b9bab0e1da6b,ACTIVE,h_5be7e32085c07c9c,[name],,,,2026-08-30T15:31:54.000Z,book_club_member,,1,monthly_essentials,2026-08-30T15:31:54.000Z,_UNKNOWN,995,MONTH,,,,[name],2026-09-30T15:31:54.000Z,,995,,2026-09-30T15:31:54.000Z,2026-08-30T15:31:54.000Z,995,,,,,,BCM Experience [July 2025] [25% one-time / No Entry Modal],,08-30-2026,,08-30-2026,08-30-2026,08-30-2026,08-30-2026,,08-30-2026,09-30-2026
Wg8UFeo_8ae87a3a003f744d,1742171,,Students; fallback,,,[name],[name],[name],I don’t want my subscription to renew automatically,too_expensive_for_value_provided_1447236661,I don't want to commit to a subscription,i_dont_want_to_commit_to_a_subscription,,Pricing (eCommerce),pricing_ecommerce,8,,,u_d2e05b0563a49a7d,,,,0,9.95,,Canceled,2026-08-30T15:41:15.000Z,2026-08-30T15:41:55.000Z,2026-08-30T15:41:55.000Z,,17.96,2026-08-30T15:41:55.000Z,cancel,Valid Cancel,monthly,2026-09-30T15:32:00.000Z,2026-09-30T15:32:00.000Z,9.95,9.95,9.95,Brightback,,,,,,,1742171,2026-08-30T15:31:58.000Z,,2026-08-30T15:32:00.000Z,,h_d8e8411ada802f0b,,1,2026-08-30T15:32:00.000Z,USD,u_d2e05b0563a49a7d,ACTIVE,h_85d1fa94ae01bb4c,[name],9.95,monthly_essentials,,2026-08-30T15:32:00.000Z,student,,1,monthly_essentials,2026-08-30T15:32:00.000Z,_UNKNOWN,995,MONTH,monthly_essentials,,High School,[name],2026-09-30T15:32:00.000Z,,995,,2026-09-30T15:32:00.000Z,2026-08-30T15:32:00.000Z,995,[name],,https://www.supersummary.com/subscription,https://www.supersummary.com/subscription/confirming/cancel,,Student Experience [July 2025] [25% one-time / No Entry Modal],,08-30-2026,,08-30-2026,08-30-2026,08-30-2026,08-30-2026,,08-30-2026,09-30-2026
Wg8UFdZ_88aba150055a0b29,16BZTMVTmazIDAQRk,,Students; fallback,,,[name],[name],,I don’t want my subscription to renew automatically,too_expensive_for_value_provided_1447236661,I don't want to commit to a subscription,i_dont_want_to_commit_to_a_subscription,,Pricing (eCommerce),pricing_ecommerce,7,I will read,,u_f539edc8a8b9737d,Nothing thanks,,,1,,,Canceled,2026-08-30T15:39:38.000Z,2026-08-30T15:41:06.000Z,2026-08-30T15:41:07.000Z,,17.96,2026-08-30T15:41:07.000Z,cancel,Valid Cancel,annual,2027-08-30T12:33:54.000Z,2027-08-30T12:33:54.000Z,5.0,5.0,60.0,Brightback,,,,,,,16BZTMVTmazIDAQRk,2026-08-30T12:33:53.000Z,,2026-08-30T12:33:54.000Z,,h_c2ae87796e098a18,,1,2026-08-30T12:33:54.000Z,USD,u_f539edc8a8b9737d,ACTIVE,h_78083c35d82fbcb0,[name],,,,2026-08-30T12:33:54.000Z,student,,1,annual_plus,2026-08-30T12:33:54.000Z,_UNKNOWN,6000,YEAR,,,High School,[name],2027-08-30T12:33:54.000Z,,500,,2027-08-30T12:33:54.000Z,2026-08-30T12:33:54.000Z,6000,,,,,,Student Experience [July 2025] [25% one-time / No Entry Modal],,08-30-2026,,08-30-2026,08-30-2026,08-30-2026,08-30-2026,,08-30-2026,08-30-2027
Wg8UDZu_86d16608cead7ba6,AzqKGdVTmq7qEAd62,,Students; fallback,,,[name],[name],,I don’t want my subscription to renew automatically,too_expensive_for_value_provided_1447236661,I don't want to commit to a subscription,i_dont_want_to_commit_to_a_subscription,,Pricing (eCommerce),pricing_ecommerce,8,,,u_783ce3ad6d6e0b19,,,,0,,,Canceled,2026-08-30T13:36:04.000Z,2026-08-30T13:36:21.000Z,2026-08-30T13:36:21.000Z,,18.04,2026-08-30T13:36:21.000Z,cancel,Valid Cancel,monthly,2026-09-30T13:34:02.000Z,2026-09-30T13:34:02.000Z,16.65,16.65,16.65,Brightback,,,,,,,AzqKGdVTmq7qEAd62,2026-08-30T13:34:01.000Z,,2026-08-30T13:34:02.000Z,,h_f84c06ce8e88796a,,1,2026-08-30T13:34:02.000Z,USD,u_783ce3ad6d6e0b19,ACTIVE,h_8db487ae68fd8cd4,[name],,,,2026-08-30T13:34:02.000Z,student,,1,monthly_plus,2026-08-30T13:34:02.000Z,_UNKNOWN,1665,MONTH,,,Postgrad Program,[name],2026-09-30T13:34:02.000Z,,1665,,2026-09-30T13:34:02.000Z,2026-08-30T13:34:02.000Z,1665,,,,,,Student Experience [July 2025] [25% one-time / No Entry Modal],,08-30-2026,,08-30-2026,08-30-2026,08-30-2026,08-30-2026,,08-30-2026,09-30-2026
Wg8U5lG_8f7466014dc306a5,AzZNHuVTjSN3N81gq,,Book Club Members; fallback,,,[name],[name],,I don’t want my subscription to renew automatically,too_expensive_for_value_provided_1447236661,I don't want to commit to a subscription,i_dont_want_to_commit_to_a_subscription,,Pricing (eCommerce),pricing_ecommerce,5,,,u_17623730fe3ce95b,,,,0,,,Canceled,2026-08-30T05:47:19.000Z,2026-08-30T05:47:40.000Z,2026-08-30T05:47:41.000Z,,18.37,2026-08-30T05:47:41.000Z,cancel,Valid Cancel,annual,2027-08-29T23:40:52.000Z,2027-08-29T23:40:52.000Z,3.0,3.0,36.0,Brightback,,,,,,,AzZNHuVTjSN3N81gq,2026-08-29T23:40:50.000Z,,2026-08-29T23:40:52.000Z,,h_4bbaff6a3e3aee25,,1,2026-08-29T23:40:52.000Z,USD,u_17623730fe3ce95b,ACTIVE,h_51361c9275d7b830,[name],,,,2026-08-29T23:40:52.000Z,book_club_member,,1,annual_essentials,2026-08-29T23:40:52.000Z,_UNKNOWN,3600,YEAR,,,,[name],2027-08-29T23:40:52.000Z,,300,,2027-08-29T23:40:52.000Z,2026-08-29T23:40:52.000Z,3600,,,,,,BCM Experience [July 2025] [25% one-time / No Entry Modal],,08-29-2026,,08-30-2026,08-29-2026,08-29-2026,08-29-2026,,08-29-2026,08-29-2027
Wg8U4La_bb74ae9833f35965,1746328,,Teachers; fallback,,,[name],[name],[name],I don’t want my subscription to renew automatically,too_expensive_for_value_provided_1447236661,I don't want to commit to a subscription,i_dont_want_to_commit_to_a_subscription,,Pricing (eCommerce),pricing_ecommerce,5,,,u_192aba9931f824b9,,,,0,60.0,,Canceled,2026-08-30T04:21:46.000Z,2026-08-30T04:22:31.000Z,2026-08-30T04:22:31.000Z,,18.43,2026-08-30T04:22:31.000Z,cancel,Valid Cancel,annual,2027-08-30T04:01:07.000Z,2027-08-30T04:01:07.000Z,5.0,5.0,60.0,Brightback,,,,,,,1746328,2026-08-30T04:01:05.000Z,,2026-08-30T04:01:07.000Z,,h_8a505510c58eacd4,,1,2026-08-30T04:01:07.000Z,USD,u_192aba9931f824b9,ACTIVE,h_b45737e91be61dce,[name],60.0,annual_plus,,2026-08-30T04:01:07.000Z,teacher,,1,annual_plus,2026-08-30T04:01:07.000Z,_UNKNOWN,6000,YEAR,annual_plus,,High School,[name],2027-08-30T04:01:07.000Z,,500,,2027-08-30T04:01:07.000Z,2026-08-30T04:01:07.000Z,6000,[name],,https://www.supersummary.com/subscription,https://www.supersummary.com/subscription/confirming/cancel,,Teacher Experience [July 2025] [40% one-time / Modal],,08-30-2026,,08-30-2026,08-30-2026,08-30-2026,08-30-2026,,08-30-2026,08-30-2027
Wg8U455_a6b70e7071236fd7,16BYPdV3sSNDQ3qN1,,Parents; fallback,,,[name],[name],,I don’t want my subscription to renew automatically,too_expensive_for_value_provided_1447236661,I don't want to commit to a subscription,i_dont_want_to_commit_to_a_subscription,,Pricing (eCommerce),pricing_ecommerce,5,,,u_7996dbcbb5f3e91f,,,,0,,,Canceled,2026-08-30T04:05:08.000Z,2026-08-30T04:05:28.000Z,2026-08-30T04:05:28.000Z,,18.44,2026-08-30T04:05:28.000Z,cancel,Valid Cancel,monthly,2026-09-28T20:06:26.000Z,2026-09-28T20:06:26.000Z,9.95,9.95,9.95,Brightback,,,,,,,16BYPdV3sSNDQ3qN1,2025-11-28T20:06:24.000Z,,2025-11-28T20:06:26.000Z,,h_5b4bccc32645d16f,,1,2025-11-28T20:06:26.000Z,USD,u_7996dbcbb5f3e91f,ACTIVE,h_a03e67a44b17987c,[name],,,,2026-08-28T20:06:26.000Z,parent_of_student,,1,monthly_essentials,2025-11-28T20:06:26.000Z,_UNKNOWN,995,MONTH,,,other,[name],2026-09-28T20:06:26.000Z,,995,,2026-09-28T20:06:26.000Z,2025-11-28T20:06:26.000Z,995,,,,,,Parent Experience [July 2025] [25% one-time / No Entry Modal],,11-28-2025,,08-30-2026,11-28-2025,11-28-2025,11-28-2025,,11-28-2025,09-28-2026
Wg8U3fW_ba53d569ac9a1761,3998,,Parents; Annual,,,[name],[name],[name],I don’t want my subscription to renew automatically,too_expensive_for_value_provided_1447236661,I don't want to commit to a subscription,i_dont_want_to_commit_to_a_subscription,,Pricing (eCommerce),pricing_ecommerce,4,AI,,u_2f03de01421c0375,Remind about billing,,,1,36.0,,Canceled,2026-08-30T03:41:46.000Z,2026-08-30T03:43:08.000Z,2026-09-10T14:39:01.000Z,,18.46,2026-09-10T14:39:01.000Z,cancel,Valid Cancel,annual,2027-08-29T23:24:09.000Z,2027-08-29T23:24:09.000Z,3.0,3.0,36.0,Brightback,,,,,,,3998,2020-08-29T21:18:13.000Z,,2020-08-29T23:24:09.000Z,,h_1a57577726df1865,,1,2020-08-29T23:24:09.000Z,USD,u_2f03de01421c0375,ACTIVE,h_5e2dacbdf01b0bd3,[name],36.0,annual,,2026-08-29T23:24:09.000Z,parent_of_student,,1,annual,2020-08-29T23:24:09.000Z,_UNKNOWN,3600,YEAR,annual,,High School,[name],2027-08-29T23:24:09.000Z,,300,,2027-08-29T23:24:09.000Z,2020-08-29T23:24:09.000Z,3600,[name],,https://www.supersummary.com/subscription,https://www.supersummary.com/subscription/confirming/cancel,,Parent Experience [July 2025] [25% one-time / Modal],,08-29-2020,,08-30-2026,08-29-2020,08-29-2020,08-29-2020,,08-29-2020,08-29-2027
Wg8U1oZ_8856f2b39a59dde9,1730349,,Students; fallback,,,[name],[name],[name],I don’t want my subscription to renew automatically,too_expensive_for_value_provided_1447236661,I don't want to commit to a subscription,i_dont_want_to_commit_to_a_subscription,,Pricing (eCommerce),pricing_ecommerce,6,,,u_695c9213a111837d,,,,0,36.0,,Canceled,2026-08-30T01:50:57.000Z,2026-08-30T01:51:25.000Z,2026-08-30T01:51:25.000Z,,18.53,2026-08-30T01:51:25.000Z,cancel,Valid Cancel,annual,2027-08-17T05:15:22.000Z,2027-08-17T05:15:22.000Z,3.0,3.0,36.0,Brightback,,,,,,,1730349,2026-08-17T05:15:19.000Z,,2026-08-17T05:15:22.000Z,,h_4568ca3ad299017f,,1,2026-08-17T05:15:22.000Z,USD,u_695c9213a111837d,ACTIVE,h_dbc91c0d135b63e6,[name],36.0,annual_essentials,,2026-08-17T05:15:22.000Z,student,,1,annual_essentials,2026-08-17T05:15:22.000Z,_UNKNOWN,3600,YEAR,annual_essentials,,College,[name],2027-08-17T05:15:22.000Z,,300,,2027-08-17T05:15:22.000Z,2026-08-17T05:15:22.000Z,3600,[name],,https://www.supersummary.com/subscription,https://www.supersummary.com/subscription/confirming/cancel,,Student Experience [July 2025] [25% one-time / No Entry Modal],,08-17-2026,,08-30-2026,08-17-2026,08-17-2026,08-17-2026,,08-17-2026,08-17-2027
Wg8TMxp_be0c27424ecac90d,AzZo1RVQnqoal2WY0,,Book Club Members; fallback,,,[name],[name],,I don’t want my subscription to renew automatically,too_expensive_for_value_provided_1447236661,I don't want to commit to a subscription,i_dont_want_to_commit_to_a_subscription,,Pricing (eCommerce),pricing_ecommerce,6,,,u_eabe1029726447d0,,,,0,,,Canceled,2026-08-29T22:59:55.000Z,2026-08-29T23:00:09.000Z,2026-08-29T23:00:09.000Z,,18.65,2026-08-29T23:00:09.000Z,cancel,Valid Cancel,monthly,2026-09-29T22:16:24.000Z,2026-09-29T22:16:24.000Z,9.95,9.95,9.95,Brightback,,,,,,,AzZo1RVQnqoal2WY0,2026-07-29T22:16:21.000Z,,2026-07-29T22:16:24.000Z,,h_53dd346e1683ce36,,1,2026-07-29T22:16:24.000Z,USD,u_eabe1029726447d0,ACTIVE,h_5fb0a903ce1bf8a1,[name],,,,2026-08-29T22:16:24.000Z,book_club_member,,1,monthly_essentials,2026-07-29T22:16:24.000Z,_UNKNOWN,995,MONTH,,,,[name],2026-09-29T22:16:24.000Z,,995,,2026-09-29T22:16:24.000Z,2026-07-29T22:16:24.000Z,995,,,,,,BCM Experience [July 2025] [25% one-time / No Entry Modal],,07-29-2026,,08-29-2026,07-29-2026,07-29-2026,07-29-2026,,07-29-2026,09-29-2026
Wg8TMQV_8110317387a2f828,AzZj0uV7MQWxy9oJU,,Book Club Members; fallback,,,[name],[name],,I don’t want my subscription to renew automatically,too_expensive_for_value_provided_1447236661,I don't want to commit to a subscription,i_dont_want_to_commit_to_a_subscription,,Pricing (eCommerce),pricing_ecommerce,4,N/A,,u_c92f24f07c6849c8,,,,0,,,Canceled,2026-08-29T22:26:35.000Z,2026-08-29T22:27:36.000Z,2026-08-30T05:10:54.000Z,,18.68,2026-08-30T05:10:54.000Z,cancel,Valid Cancel,annual,2027-01-04T18:33:55.000Z,2027-01-04T18:33:55.000Z,3.0,3.0,36.0,Brightback,,,,,,,AzZj0uV7MQWxy9oJU,2026-01-04T18:33:52.000Z,,2026-01-04T18:33:55.000Z,,h_5e414b622a3a2fd8,,1,2026-01-04T18:33:55.000Z,USD,u_c92f24f07c6849c8,ACTIVE,h_4e7c92fc66767ef7,[name],,,,2026-01-04T18:33:55.000Z,book_club_member,,1,annual_essentials,2026-01-04T18:33:55.000Z,_UNKNOWN,3600,YEAR,,,,[name],2027-01-04T18:33:55.000Z,,300,,2027-01-04T18:33:55.000Z,2026-01-04T18:33:55.000Z,3600,,,,,,BCM Experience [July 2025] [25% one-time / No Entry Modal],,01-04-2026,,08-29-2026,01-04-2026,01-04-2026,01-04-2026,,01-04-2026,01-04-2027
Wg8TLXD_85e0cf88deb06121,16BbkTVTikFdl82eC,,fallback,,,[name],[name],,I don’t want my subscription to renew automatically,too_expensive_for_value_provided_1447236661,I don't want to commit to a subscription,i_dont_want_to_commit_to_a_subscription,,Pricing (eCommerce),pricing_ecommerce,1,,,u_8379a71f0a405a31,Don’t ask these surveys,,,1,,,Canceled,2026-08-29T21:33:15.000Z,2026-08-29T21:34:21.000Z,2026-08-29T21:34:21.000Z,,18.71,2026-08-29T21:34:21.000Z,cancel,Valid Cancel,monthly,2026-09-29T20:45:37.000Z,2026-09-29T20:45:37.000Z,9.95,9.95,9.95,Brightback,,,,,,,16BbkTVTikFdl82eC,2026-08-29T20:43:50.000Z,,2026-08-29T20:45:37.000Z,,h_c7527b935684d19d,,1,2026-08-29T20:45:37.000Z,USD,u_8379a71f0a405a31,ACTIVE,h_c5ff2b82c5fb71aa,[name],,,,2026-08-29T20:45:37.000Z,other,,1,monthly_essentials,2026-08-29T20:45:37.000Z,_UNKNOWN,995,MONTH,,,,[name],2026-09-29T20:45:37.000Z,,995,,2026-09-29T20:45:37.000Z,2026-08-29T20:45:37.000Z,995,,,,,,Default/Fallback [July 2025] [25% one time / No entry modal],,08-29-2026,,08-29-2026,08-29-2026,08-29-2026,08-29-2026,,08-29-2026,09-29-2026
Wg8TKEZ_a2479d277c720eb2,169xPBUMs9wE05GYQ,,Students; Annual,,,[name],[name],,I don’t want my subscription to renew automatically,too_expensive_for_value_provided_1447236661,I don't want to commit to a subscription,i_dont_want_to_commit_to_a_subscription,,Pricing (eCommerce),pricing_ecommerce,1,,,u_9c353b2f9ed304a2,,,,0,,,Canceled,2026-08-29T20:14:46.000Z,2026-08-29T20:15:04.000Z,2026-08-29T20:15:04.000Z,,18.77,2026-08-29T20:15:04.000Z,cancel,Valid Cancel,annual,2027-08-29T20:11:20.000Z,2027-08-29T20:11:20.000Z,3.0,3.0,36.0,Brightback,,,,,,,169xPBUMs9wE05GYQ,2024-08-29T20:11:19.000Z,,2024-08-29T20:11:20.000Z,,h_b9f92a1233dbc2ae,,1,2024-08-29T20:11:20.000Z,USD,u_9c353b2f9ed304a2,ACTIVE,h_1aa9f720583e8632,[name],,,,2026-08-29T20:11:20.000Z,student,,1,annual,2024-08-29T20:11:20.000Z,_UNKNOWN,3600,YEAR,,,College,[name],2027-08-29T20:11:20.000Z,,300,,2027-08-29T20:11:20.000Z,2024-08-29T20:11:20.000Z,3600,,,,,,Student Experience [July 2025] [25% one-time / No Entry Modal],,08-29-2024,,08-29-2026,08-29-2024,08-29-2024,08-29-2024,,08-29-2024,08-29-2027
Wg8TIa8_999a1e6cb4b4a8e8,16CFzGVThMpmp6tWG,,Book Club Members; fallback,,,[name],[name],,I don’t want my subscription to renew automatically,too_expensive_for_value_provided_1447236661,I don't want to commit to a subscription,i_dont_want_to_commit_to_a_subscription,,Pricing (eCommerce),pricing_ecommerce,7,,,u_37e2b94b21a0232c,,,,0,,,Canceled,2026-08-29T18:36:10.000Z,2026-08-29T18:36:30.000Z,2026-09-02T13:23:55.000Z,,18.84,2026-09-02T13:23:55.000Z,cancel,Valid Cancel,monthly,2026-09-29T15:06:19.000Z,2026-09-29T15:06:19.000Z,16.65,16.65,16.65,Brightback,,,,,,,16CFzGVThMpmp6tWG,2026-08-29T15:06:18.000Z,,2026-08-29T15:06:19.000Z,,h_fcf32d47a42b6f14,,1,2026-08-29T15:06:19.000Z,USD,u_37e2b94b21a0232c,ACTIVE,h_e0d105d0ccfba2a8,[name],,,,2026-08-29T15:06:19.000Z,book_club_member,,1,monthly_plus,2026-08-29T15:06:19.000Z,_UNKNOWN,1665,MONTH,,,,[name],2026-09-29T15:06:19.000Z,,1665,,2026-09-29T15:06:19.000Z,2026-08-29T15:06:19.000Z,1665,,,,,,BCM Experience [July 2025] [25% one-time / No Entry Modal],,08-29-2026,,08-29-2026,08-29-2026,08-29-2026,08-29-2026,,08-29-2026,09-29-2026
Wg8TAV3_93b6f9d17a96f4a2,AzqHKxVSUwOKz8zOI,,Teachers; fallback,,,[name],[name],,I don’t want my subscription to renew automatically,too_expensive_for_value_provided_1447236661,I don't want to commit to a subscription,i_dont_want_to_commit_to_a_subscription,,Pricing (eCommerce),pricing_ecommerce,5,Other Resources,,u_e2add1a586a14a3e,This was fine. I just don't need it or want it right now.,,,1,,,Canceled,2026-08-29T10:31:09.000Z,2026-08-29T10:32:52.000Z,2026-08-29T10:32:52.000Z,,19.17,2026-08-29T10:32:52.000Z,cancel,Valid Cancel,annual,2027-08-16T21:37:09.000Z,2027-08-16T21:37:09.000Z,3.0,3.0,36.0,Brightback,,,,,,,AzqHKxVSUwOKz8zOI,2026-08-16T21:37:06.000Z,,2026-08-16T21:37:09.000Z,,h_f91608ec81cdf16b,,1,2026-08-16T21:37:09.000Z,USD,u_e2add1a586a14a3e,ACTIVE,h_46e91edbd5e9c82b,[name],,,,2026-08-16T21:37:09.000Z,teacher,,1,annual_essentials,2026-08-16T21:37:09.000Z,_UNKNOWN,3600,YEAR,,,High School,[name],2027-08-16T21:37:09.000Z,,300,,2027-08-16T21:37:09.000Z,2026-08-16T21:37:09.000Z,3600,,,,,,Teacher Experience [July 2025] [40% one-time / Modal],,08-16-2026,,08-29-2026,08-16-2026,08-16-2026,08-16-2026,,08-16-2026,08-16-2027
Wg8SMPa_92e577c5c021605e,1594637,,Teachers; fallback,,,[name],[name],[name],I don’t want my subscription to renew automatically,too_expensive_for_value_provided_1447236661,I don't want to commit to a subscription,i_dont_want_to_commit_to_a_subscription,,Pricing (eCommerce),pricing_ecommerce,10,,,u_fbf925568fdcb9d5,,,,0,9.95,,Canceled,2026-08-28T22:26:14.000Z,2026-08-28T22:27:00.000Z,2026-08-28T22:27:10.000Z,,19.68,2026-08-28T22:27:10.000Z,cancel,Valid Cancel,monthly,2026-09-27T12:52:01.000Z,2026-09-27T12:52:01.000Z,9.95,9.95,9.95,Brightback,,,,1,9.95,2026-09-03T12:52:06.000Z,1594637,2026-04-27T12:51:57.000Z,,2026-04-27T12:52:01.000Z,,h_211b6a32d62142f9,,1,2026-04-27T12:52:01.000Z,USD,u_fbf925568fdcb9d5,ACTIVE,h_56aa99267d6754c7,[name],9.95,monthly_essentials,,2026-08-27T12:52:01.000Z,teacher,,1,monthly_essentials,2026-04-27T12:52:01.000Z,_UNKNOWN,995,MONTH,monthly_essentials,,High School,[name],2026-09-27T12:52:01.000Z,,995,,2026-09-27T12:52:01.000Z,2026-04-27T12:52:01.000Z,995,[name],,https://www.supersummary.com/subscription,https://www.supersummary.com/subscription/confirming/cancel,,Teacher Experience [July 2025] [40% one-time / Modal],,04-27-2026,,08-28-2026,04-27-2026,04-27-2026,04-27-2026,,04-27-2026,09-27-2026
Wg8SJK6_9361713bddd92a14,1658151,,Students; fallback,,,[name],[name],[name],I don’t want my subscription to renew automatically,too_expensive_for_value_provided_1447236661,I don't want to commit to a subscription,i_dont_want_to_commit_to_a_subscription,,Pricing (eCommerce),pricing_ecommerce,6,,,u_e5ac0a55a1cd8af4,,,,0,9.95,,Canceled,2026-08-28T19:20:12.000Z,2026-08-28T19:20:36.000Z,2026-08-28T19:20:36.000Z,,19.8,2026-08-28T19:20:36.000Z,cancel,Valid Cancel,monthly,2026-09-28T19:00:06.000Z,2026-09-28T19:00:06.000Z,9.95,9.95,9.95,Brightback,,,,,,,1658151,2026-05-28T19:00:05.000Z,,2026-05-28T19:00:06.000Z,,h_6764d9e9dd482f21,,1,2026-05-28T19:00:06.000Z,USD,u_e5ac0a55a1cd8af4,ACTIVE,h_524f90b8e1fdc6a5,[name],9.95,monthly_essentials,,2026-08-28T19:00:06.000Z,student,,1,monthly_essentials,2026-05-28T19:00:06.000Z,_UNKNOWN,995,MONTH,monthly_essentials,,College,[name],2026-09-28T19:00:06.000Z,,995,,2026-09-28T19:00:06.000Z,2026-05-28T19:00:06.000Z,995,[name],,https://www.supersummary.com/subscription,https://www.supersummary.com/subscription/confirming/cancel,,Student Experience [July 2025] [25% one-time / No Entry Modal],,05-28-2026,,08-28-2026,05-28-2026,05-28-2026,05-28-2026,,05-28-2026,09-28-2026
Wg8SJ8J_918c21917cb76034,Azz1AxVTTPc5Q5Xr4,,Students; fallback,,,[name],[name],,I don’t want my subscription to renew automatically,too_expensive_for_value_provided_1447236661,I don't want to commit to a subscription,i_dont_want_to_commit_to_a_subscription,,Pricing (eCommerce),pricing_ecommerce,6,Nothing it was a one time thing,,u_7a2bfc412cbaeacb,"Not much to change, it was very helpful but the help was stuck behind a paywall",,,1,,,Canceled,2026-08-28T19:08:23.000Z,2026-08-28T19:10:12.000Z,2026-08-28T19:10:12.000Z,,19.81,2026-08-28T19:10:12.000Z,cancel,Valid Cancel,monthly,2026-09-27T05:49:33.000Z,2026-09-27T05:49:33.000Z,9.95,9.95,9.95,Brightback,,,,,,,Azz1AxVTTPc5Q5Xr4,2026-08-27T05:49:32.000Z,,2026-08-27T05:49:33.000Z,,h_f8e103d1fb7d7a87,,1,2026-08-27T05:49:33.000Z,USD,u_7a2bfc412cbaeacb,ACTIVE,h_c01f795d42659053,[name],,,,2026-08-27T05:49:33.000Z,student,,1,monthly_essentials,2026-08-27T05:49:33.000Z,_UNKNOWN,995,MONTH,,,High School,[name],2026-09-27T05:49:33.000Z,,995,,2026-09-27T05:49:33.000Z,2026-08-27T05:49:33.000Z,995,,,,,,Student Experience [July 2025] [25% one-time / No Entry Modal],,08-27-2026,,08-28-2026,08-27-2026,08-27-2026,08-27-2026,,08-27-2026,09-27-2026
Wg8SFga_94bc8ddde500de6f,1692293,,fallback,,,[name],[name],[name],I don’t want my subscription to renew automatically,too_expensive_for_value_provided_1447236661,I don't want to commit to a subscription,i_dont_want_to_commit_to_a_subscription,,Pricing (eCommerce),pricing_ecommerce,6,,,u_3aa299ff71a4e2fa,,,,0,36.0,,Canceled,2026-08-28T15:43:22.000Z,2026-08-28T15:44:07.000Z,2026-08-28T15:44:08.000Z,,19.96,2026-08-28T15:44:08.000Z,cancel,Valid Cancel,annual,2027-08-21T00:49:19.000Z,2027-08-21T00:49:19.000Z,3.0,3.0,36.0,Brightback,,,,,,,1692293,2026-08-21T00:49:16.000Z,,2026-08-21T00:49:19.000Z,,h_4fb6c6739516df2e,,1,2026-08-21T00:49:19.000Z,USD,u_3aa299ff71a4e2fa,ACTIVE,h_680243ec809a7e18,[name],36.0,annual_essentials,,2026-08-21T00:49:19.000Z,avid_reader,,1,annual_essentials,2026-08-21T00:49:19.000Z,_UNKNOWN,3600,YEAR,annual_essentials,,,[name],2027-08-21T00:49:19.000Z,,300,,2027-08-21T00:49:19.000Z,2026-08-21T00:49:19.000Z,3600,[name],,https://www.supersummary.com/subscription,https://www.supersummary.com/subscription/confirming/cancel,,Default/Fallback [July 2025] [25% one time / No entry modal],,08-21-2026,,08-28-2026,08-21-2026,08-21-2026,08-21-2026,,08-21-2026,08-21-2027
Wg8SEth_b75e1c44d0d963fe,6ol1jVQgB7me1g11,,Book Club Members; fallback,,,[name],[name],,I don’t want my subscription to renew automatically,too_expensive_for_value_provided_1447236661,I don't want to commit to a subscription,i_dont_want_to_commit_to_a_subscription,,Pricing (eCommerce),pricing_ecommerce,5,,,u_65dde3c0161ce9d3,,,,0,,,Canceled,2026-08-28T14:55:44.000Z,2026-08-28T14:56:03.000Z,2026-08-28T14:56:03.000Z,,19.99,2026-08-28T14:56:03.000Z,cancel,Valid Cancel,monthly,2026-09-28T14:46:54.000Z,2026-09-28T14:46:54.000Z,9.95,9.95,9.95,Brightback,,,,,,,6ol1jVQgB7me1g11,2026-07-28T14:46:53.000Z,,2026-07-28T14:46:54.000Z,,h_39672006ec7243fb,,1,2026-07-28T14:46:54.000Z,USD,u_65dde3c0161ce9d3,ACTIVE,h_ae9b2d28d78c2f9f,[name],,,,2026-08-28T14:46:54.000Z,book_club_member,,1,monthly_essentials,2026-07-28T14:46:54.000Z,_UNKNOWN,995,MONTH,,,,[name],2026-09-28T14:46:54.000Z,,995,,2026-09-28T14:46:54.000Z,2026-07-28T14:46:54.000Z,995,,,,,,BCM Experience [July 2025] [25% one-time / No Entry Modal],,07-28-2026,,08-28-2026,07-28-2026,07-28-2026,07-28-2026,,07-28-2026,09-28-2026
Wg8SElX_85a10d326009bb37,16Bi6WVSl4lNv22YF,,Students; fallback,,,[name],[name],,I don’t want my subscription to renew automatically,too_expensive_for_value_provided_1447236661,I don't want to commit to a subscription,i_dont_want_to_commit_to_a_subscription,,Pricing (eCommerce),pricing_ecommerce,6,Not,,u_3e42d1f7f71a8294,,,,0,,,Canceled,2026-08-28T14:47:39.000Z,2026-08-28T14:48:54.000Z,2026-08-28T14:48:55.000Z,,19.99,2026-08-28T14:48:55.000Z,cancel,Valid Cancel,monthly,2026-09-19T15:56:25.000Z,2026-09-19T15:56:25.000Z,16.65,16.65,16.65,Brightback,,,,,,,16Bi6WVSl4lNv22YF,2026-08-19T15:49:10.000Z,,2026-08-19T15:50:45.000Z,,h_add072cd12dfd667,,1,2026-08-19T15:50:45.000Z,USD,u_3e42d1f7f71a8294,ACTIVE,h_d08f985b7e8e9366,[name],,,,2026-08-19T15:56:25.000Z,student,,1,monthly_plus,2026-08-19T15:50:45.000Z,_UNKNOWN,1665,MONTH,,,High School,[name],2026-09-19T15:56:25.000Z,,1665,,2026-09-19T15:56:25.000Z,2026-08-19T15:50:45.000Z,1665,,,,,,Student Experience [July 2025] [25% one-time / No Entry Modal],,08-19-2026,,08-28-2026,08-19-2026,08-19-2026,08-19-2026,,08-19-2026,09-19-2026
Wg8S9oR_a710380d3feec0b7,169xQuVTa41yMBMi9,,fallback,,,[name],[name],,I don’t want my subscription to renew automatically,too_expensive_for_value_provided_1447236661,I don't want to commit to a subscription,i_dont_want_to_commit_to_a_subscription,,Pricing (eCommerce),pricing_ecommerce,5,,,u_4e02c3faf22cae95,,,,0,,,Canceled,2026-08-28T09:50:31.000Z,2026-08-28T09:59:28.000Z,2026-08-28T09:59:29.000Z,,20.2,2026-08-28T09:59:29.000Z,cancel,Valid Cancel,annual,2027-08-28T09:07:44.000Z,2027-08-28T09:07:44.000Z,3.0,3.0,36.0,Brightback,,,,,,,169xQuVTa41yMBMi9,2024-11-19T19:53:25.000Z,,2026-08-28T09:07:44.000Z,,h_7e6305ad87ff829a,,1,2026-08-28T09:07:44.000Z,USD,u_4e02c3faf22cae95,ACTIVE,h_5c39a3bb3a7a534a,[name],,,,2026-08-28T09:07:44.000Z,other,,1,annual_essentials,2026-08-28T09:07:44.000Z,_UNKNOWN,3600,YEAR,,,,[name],2027-08-28T09:07:44.000Z,,300,,2027-08-28T09:07:44.000Z,2026-08-28T09:07:44.000Z,3600,,,,,,Default/Fallback [July 2025] [25% one time / No entry modal],,08-28-2026,,08-28-2026,08-28-2026,08-28-2026,11-19-2024,,08-28-2026,08-28-2027
Wg8S8Fh_aee52c30dab71a23,1743045,,Teachers; fallback,,,[name],[name],[name],I don’t want my subscription to renew automatically,too_expensive_for_value_provided_1447236661,I don't want to commit to a subscription,i_dont_want_to_commit_to_a_subscription,,Pricing (eCommerce),pricing_ecommerce,10,I only need the service for one year!,,u_41b75ebe66564dfd,,,,0,60.0,,Canceled,2026-08-28T08:16:12.000Z,2026-08-28T08:16:53.000Z,2026-08-28T08:16:53.000Z,,20.27,2026-08-28T08:16:53.000Z,cancel,Valid Cancel,annual,2027-08-28T08:14:03.000Z,2027-08-28T08:14:03.000Z,5.0,5.0,60.0,Brightback,,,,,,,1743045,2026-08-28T08:14:00.000Z,,2026-08-28T08:14:03.000Z,,h_121d9ec1bbdaa08b,,1,2026-08-28T08:14:03.000Z,USD,u_41b75ebe66564dfd,ACTIVE,h_f10584faee81bece,[name],60.0,annual_plus,,2026-08-28T08:14:03.000Z,teacher,,1,annual_plus,2026-08-28T08:14:03.000Z,_UNKNOWN,6000,YEAR,annual_plus,,Middle School,[name],2027-08-28T08:14:03.000Z,,500,,2027-08-28T08:14:03.000Z,2026-08-28T08:14:03.000Z,6000,[name],,https://www.supersummary.com/subscription,https://www.supersummary.com/subscription/confirming/cancel,,Teacher Experience [July 2025] [40% one-time / Modal],,08-28-2026,,08-28-2026,08-28-2026,08-28-2026,08-28-2026,,08-28-2026,08-28-2027
Wg8S3FP_93c1d7156336e6aa,1744304,,fallback,,,[name],[name],[name],I don’t want my subscription to renew automatically,too_expensive_for_value_provided_1447236661,I don't want to commit to a subscription,i_dont_want_to_commit_to_a_subscription,To much,Pricing (eCommerce),pricing_ecommerce,5,Nothing,,u_6dc66787128222fb,Idk,,,1,16.65,,Canceled,2026-08-28T03:15:31.000Z,2026-08-28T03:17:12.000Z,2026-08-28T03:17:13.000Z,,20.47,2026-08-28T03:17:13.000Z,cancel,Valid Cancel,monthly,2026-09-28T03:07:01.000Z,2026-09-28T03:07:01.000Z,16.65,16.65,16.65,Brightback,,,,,,,1744304,2026-08-28T03:07:00.000Z,,2026-08-28T03:07:01.000Z,,h_7f5433016fd56d47,,1,2026-08-28T03:07:01.000Z,USD,u_6dc66787128222fb,ACTIVE,h_14a4603c1a190d48,[name],16.65,monthly_plus,,2026-08-28T03:07:01.000Z,other,,1,monthly_plus,2026-08-28T03:07:01.000Z,_UNKNOWN,1665,MONTH,monthly_plus,,,[name],2026-09-28T03:07:01.000Z,,1665,,2026-09-28T03:07:01.000Z,2026-08-28T03:07:01.000Z,1665,[name],,https://www.supersummary.com/subscription,https://www.supersummary.com/subscription/confirming/cancel,,Default/Fallback [July 2025] [25% one time / No entry modal],,08-28-2026,,08-28-2026,08-28-2026,08-28-2026,08-28-2026,,08-28-2026,09-28-2026
Wg8S1so_97a9b82b74e9bf00,639603,,Book Club Members; Annual,,,[name],[name],[name],I don’t want my subscription to renew automatically,too_expensive_for_value_provided_1447236661,I don't want to commit to a subscription,i_dont_want_to_commit_to_a_subscription,,Pricing (eCommerce),pricing_ecommerce,1,,,u_4e30bad7deea9e10,,,,0,36.0,,Canceled,2026-08-28T01:54:57.000Z,2026-08-28T01:55:32.000Z,2026-08-28T01:55:32.000Z,,20.53,2026-08-28T01:55:32.000Z,cancel,Valid Cancel,annual,2027-08-27T23:53:08.000Z,2027-08-27T23:53:08.000Z,3.0,3.0,36.0,Brightback,,,,,,,639603,2024-08-27T23:53:06.000Z,,2024-08-27T23:53:08.000Z,,h_3fa733894da01eff,,1,2024-08-27T23:53:08.000Z,USD,u_4e30bad7deea9e10,ACTIVE,h_792471e39541f0b1,[name],36.0,annual,,2026-08-27T23:53:08.000Z,book_club_member,,1,annual,2024-08-27T23:53:08.000Z,_UNKNOWN,3600,YEAR,annual,,,[name],2027-08-27T23:53:08.000Z,,300,,2027-08-27T23:53:08.000Z,2024-08-27T23:53:08.000Z,3600,[name],,https://www.supersummary.com/subscription,https://www.supersummary.com/subscription/confirming/cancel,,BCM Experience [July 2025] [25% one-time / No Entry Modal],,08-27-2024,,08-28-2026,08-27-2024,08-27-2024,08-27-2024,,08-27-2024,08-27-2027
Wg8RMXu_bc207ef08cb93d6c,AzqJWRTWQESUk1iMJ,,Students; Monthly,,,[name],[name],,I don’t want my subscription to renew automatically,too_expensive_for_value_provided_1447236661,I don't want to commit to a subscription,i_dont_want_to_commit_to_a_subscription,,Pricing (eCommerce),pricing_ecommerce,1,,,u_af26e1187e2420ec,,,,0,,,Canceled,2026-08-27T22:34:00.000Z,2026-08-27T22:34:26.000Z,2026-08-27T22:34:26.000Z,,20.67,2026-08-27T22:34:26.000Z,cancel,Valid Cancel,monthly,2026-09-20T16:31:53.000Z,2026-09-20T16:31:53.000Z,9.95,9.95,9.95,Brightback,,,,,,,AzqJWRTWQESUk1iMJ,2023-02-20T16:31:51.000Z,,2023-02-20T16:31:53.000Z,,h_01a83db0b4ccb315,,1,2023-02-20T16:31:53.000Z,USD,u_af26e1187e2420ec,ACTIVE,h_59f1d7c684584f9e,[name],,,,2026-08-20T16:31:53.000Z,student,,1,monthly,2023-02-20T16:31:53.000Z,_UNKNOWN,995,MONTH,,,College,[name],2026-09-20T16:31:53.000Z,,995,,2026-09-20T16:31:53.000Z,2023-02-20T16:31:53.000Z,995,,,,,,Student Experience [July 2025] [40% forever / Modal],,02-20-2023,,08-27-2026,02-20-2023,02-20-2023,02-20-2023,,02-20-2023,09-20-2026
Wg8RMm6_b8c6334a097a120a,1300359,,fallback,,,[name],[name],[name],I don’t want my subscription to renew automatically,too_expensive_for_value_provided_1447236661,I don't want to commit to a subscription,i_dont_want_to_commit_to_a_subscription,,Pricing (eCommerce),pricing_ecommerce,4,Nothing. ,,u_0d01d4a06da66a3c,Nothing. Just don't need it for the next year,,,1,36.0,,Canceled,2026-08-27T22:48:25.000Z,2026-08-27T22:49:17.000Z,2026-08-27T22:49:18.000Z,,20.66,2026-08-27T22:49:18.000Z,cancel,Valid Cancel,annual,2026-08-29T14:20:38.000Z,2026-08-29T14:20:38.000Z,3.0,3.0,36.0,Brightback,,,,,,,1300359,2025-08-29T14:09:49.000Z,,2025-08-29T14:20:38.000Z,,h_0a2f6d1c8f059c48,,1,2025-08-29T14:20:38.000Z,USD,u_0d01d4a06da66a3c,ACTIVE,h_83dcb307cec0ae61,[name],36.0,annual,,2025-08-29T14:20:38.000Z,other,,1,annual,2025-08-29T14:20:38.000Z,_UNKNOWN,3600,YEAR,annual,,,[name],2026-08-29T14:20:38.000Z,,300,,2026-08-29T14:20:38.000Z,2025-08-29T14:20:38.000Z,3600,[name],,https://www.supersummary.com/subscription,https://www.supersummary.com/subscription/confirming/cancel,,Default/Fallback [July 2025] [25% one time / No entry modal],,08-29-2025,,08-27-2026,08-29-2025,08-29-2025,08-29-2025,,08-29-2025,08-29-2026
Wg8RKuW_8095e7e9bff11773,169q4pVTX5myD9ZSx,,Book Club Members; fallback,,,[name],[name],,I don’t want my subscription to renew automatically,too_expensive_for_value_provided_1447236661,I don't want to commit to a subscription,i_dont_want_to_commit_to_a_subscription,,Pricing (eCommerce),pricing_ecommerce,6,,,u_4a2a6b225e2811f5,,,,0,,,Canceled,2026-08-27T20:56:35.000Z,2026-08-27T20:57:04.000Z,2026-08-27T20:57:04.000Z,,20.74,2026-08-27T20:57:04.000Z,cancel,Valid Cancel,annual,2027-08-27T20:55:54.000Z,2027-08-27T20:55:54.000Z,3.0,3.0,36.0,Brightback,,,,,,,169q4pVTX5myD9ZSx,2026-08-27T20:55:53.000Z,,2026-08-27T20:55:54.000Z,,h_b417ce5e1c13c2aa,,1,2026-08-27T20:55:54.000Z,USD,u_4a2a6b225e2811f5,ACTIVE,h_8e89ca86b92a2420,[name],,,,2026-08-27T20:55:54.000Z,book_club_member,,1,annual_essentials,2026-08-27T20:55:54.000Z,_UNKNOWN,3600,YEAR,,,,[name],2027-08-27T20:55:54.000Z,,300,,2027-08-27T20:55:54.000Z,2026-08-27T20:55:54.000Z,3600,,,,,,BCM Experience [July 2025] [25% one-time / No Entry Modal],,08-27-2026,,08-27-2026,08-27-2026,08-27-2026,08-27-2026,,08-27-2026,08-27-2027
Wg8RKRU_ab0f37bee6c103c4,1301359,,Parents; Annual,,,[name],[name],[name],I don’t want my subscription to renew automatically,too_expensive_for_value_provided_1447236661,I don't want to commit to a subscription,i_dont_want_to_commit_to_a_subscription,,Pricing (eCommerce),pricing_ecommerce,5,,,u_8cbaac70de3d70ac,,,,0,36.0,,Canceled,2026-08-27T20:27:44.000Z,2026-08-27T20:28:21.000Z,2026-08-27T20:28:22.000Z,,20.76,2026-08-27T20:28:22.000Z,cancel,Valid Cancel,annual,2027-08-27T20:21:10.000Z,2027-08-27T20:21:10.000Z,3.0,3.0,36.0,Brightback,,,,,,,1301359,2025-08-27T20:21:08.000Z,,2025-08-27T20:21:10.000Z,,h_b817fa2e7a22753b,,1,2025-08-27T20:21:10.000Z,USD,u_8cbaac70de3d70ac,ACTIVE,h_3119c620f435b7e3,[name],36.0,annual,,2026-08-27T20:21:10.000Z,parent_of_student,,1,annual,2025-08-27T20:21:10.000Z,_UNKNOWN,3600,YEAR,annual,,other,[name],2027-08-27T20:21:10.000Z,,300,,2027-08-27T20:21:10.000Z,2025-08-27T20:21:10.000Z,3600,[name],,https://www.supersummary.com/subscription,https://www.supersummary.com/subscription/confirming/cancel,,Parent Experience [July 2025] [25% one-time / Modal],,08-27-2025,,08-27-2026,08-27-2025,08-27-2025,08-27-2025,,08-27-2025,08-27-2027
Wg8RJWf_bca780a6a4254768,1743752,,Teachers; fallback,,,[name],[name],[name],I don’t want my subscription to renew automatically,too_expensive_for_value_provided_1447236661,I don't want to commit to a subscription,i_dont_want_to_commit_to_a_subscription,,Pricing (eCommerce),pricing_ecommerce,5,,,u_98b17b41a3da460b,,,,0,36.0,,Canceled,2026-08-27T19:37:58.000Z,2026-08-27T19:38:25.000Z,2026-08-27T19:38:25.000Z,,20.79,2026-08-27T19:38:25.000Z,cancel,Valid Cancel,annual,2027-08-27T19:30:22.000Z,2027-08-27T19:30:22.000Z,3.0,3.0,36.0,Brightback,,,,,,,1743752,2026-08-27T19:30:13.000Z,,2026-08-27T19:30:22.000Z,,h_f1c87dd7a6fb8e59,,1,2026-08-27T19:30:22.000Z,USD,u_98b17b41a3da460b,ACTIVE,h_e2b4eedaf97b7cde,[name],36.0,annual_essentials,,2026-08-27T19:30:22.000Z,teacher,,1,annual_essentials,2026-08-27T19:30:22.000Z,_UNKNOWN,3600,YEAR,annual_essentials,,High School,[name],2027-08-27T19:30:22.000Z,,300,,2027-08-27T19:30:22.000Z,2026-08-27T19:30:22.000Z,3600,[name],,https://www.supersummary.com/subscription,https://www.supersummary.com/subscription/confirming/cancel,,Teacher Experience [July 2025] [40% one-time / Modal],,08-27-2026,,08-27-2026,08-27-2026,08-27-2026,08-27-2026,,08-27-2026,08-27-2027
Wg8RIv4_8ba22f66e93d145b,1301233,,Teachers; Annual,,,[name],[name],[name],I don’t want my subscription to renew automatically,too_expensive_for_value_provided_1447236661,I don't want to commit to a subscription,i_dont_want_to_commit_to_a_subscription,,Pricing (eCommerce),pricing_ecommerce,3,,,u_ddf7aa4398596496,,,,0,36.0,,Canceled,2026-08-27T18:57:19.000Z,2026-08-27T18:57:51.000Z,2026-08-27T18:57:51.000Z,,20.82,2026-08-27T18:57:51.000Z,cancel,Valid Cancel,annual,2027-08-27T18:32:20.000Z,2027-08-27T18:32:20.000Z,3.0,3.0,36.0,Brightback,,,,1,36.0,2026-08-31T18:32:26.000Z,1301233,2025-08-27T18:32:17.000Z,,2025-08-27T18:32:20.000Z,,h_58942f0e34f07c89,,1,2025-08-27T18:32:20.000Z,USD,u_ddf7aa4398596496,ACTIVE,h_a14a7e1f2bd86f3e,[name],36.0,annual,,2026-08-27T18:32:20.000Z,teacher,,1,annual,2025-08-27T18:32:20.000Z,_UNKNOWN,3600,YEAR,annual,,Postgrad Program,[name],2027-08-27T18:32:20.000Z,,300,,2027-08-27T18:32:20.000Z,2025-08-27T18:32:20.000Z,3600,[name],,https://www.supersummary.com/subscription,https://www.supersummary.com/subscription/confirming/cancel,,Teacher Experience [July 2025] [40% one-time / Modal],,08-27-2025,,08-27-2026,08-27-2025,08-27-2025,08-27-2025,,08-27-2025,08-27-2027
Wg8RGYT_b807e861369fcda1,89849,,Parents; Annual,,,[name],[name],[name],I don’t want my subscription to renew automatically,too_expensive_for_value_provided_1447236661,I don't want to commit to a subscription,i_dont_want_to_commit_to_a_subscription,,Pricing (eCommerce),pricing_ecommerce,4,,,u_928b5e108504136d,,,,0,36.0,,Canceled,2026-08-27T16:34:54.000Z,2026-08-27T16:35:35.000Z,2026-08-27T16:35:35.000Z,,20.92,2026-08-27T16:35:35.000Z,cancel,Valid Cancel,annual,2027-08-23T02:42:51.000Z,2027-08-23T02:42:51.000Z,3.0,3.0,36.0,Brightback,,,,,,,89849,2021-08-23T02:42:07.000Z,,2021-08-23T02:42:51.000Z,,h_180640159ddbbf07,,1,2021-08-23T02:42:51.000Z,USD,u_928b5e108504136d,ACTIVE,h_5c88143cecc8ca85,[name],36.0,annual,,2026-08-23T02:42:51.000Z,parent_of_student,,1,annual,2021-08-23T02:42:51.000Z,_UNKNOWN,3600,YEAR,annual,,High School,[name],2027-08-23T02:42:51.000Z,,300,,2027-08-23T02:42:51.000Z,2021-08-23T02:42:51.000Z,3600,[name],,https://www.supersummary.com/subscription,https://www.supersummary.com/subscription/confirming/cancel,,Parent Experience [July 2025] [25% one-time / Modal],,08-23-2021,,08-27-2026,08-23-2021,08-23-2021,08-23-2021,,08-23-2021,08-23-2027
Wg8RGMe_a57a35ed6320d784,AzqB4VVSxfIut2WSD,,Book Club Members; fallback,,,[name],[name],,I don’t want my subscription to renew automatically,too_expensive_for_value_provided_1447236661,I don't want to commit to a subscription,i_dont_want_to_commit_to_a_subscription,,Pricing (eCommerce),pricing_ecommerce,7,,,u_903ecbc2fa34b447,,,,0,,,Canceled,2026-08-27T16:22:46.000Z,2026-08-27T16:23:23.000Z,2026-08-27T16:23:24.000Z,,20.93,2026-08-27T16:23:24.000Z,cancel,Valid Cancel,annual,2027-08-21T19:31:10.000Z,2027-08-21T19:31:10.000Z,5.0,5.0,60.0,Brightback,,,,,,,AzqB4VVSxfIut2WSD,2026-08-21T19:31:09.000Z,,2026-08-21T19:31:10.000Z,,h_483d267ee86536bd,,1,2026-08-21T19:31:10.000Z,USD,u_903ecbc2fa34b447,ACTIVE,h_bf306885cb0afa77,[name],,,,2026-08-21T19:31:10.000Z,book_club_member,,1,annual_plus,2026-08-21T19:31:10.000Z,_UNKNOWN,6000,YEAR,,,,[name],2027-08-21T19:31:10.000Z,,500,,2027-08-21T19:31:10.000Z,2026-08-21T19:31:10.000Z,6000,,,,,,BCM Experience [July 2025] [25% one-time / No Entry Modal],,08-21-2026,,08-27-2026,08-21-2026,08-21-2026,08-21-2026,,08-21-2026,08-21-2027
Wg8REqo_a85de14991385df8,402175,,Teachers; Annual,,,[name],[name],[name],I don’t want my subscription to renew automatically,too_expensive_for_value_provided_1447236661,I don't want to commit to a subscription,i_dont_want_to_commit_to_a_subscription,,Pricing (eCommerce),pricing_ecommerce,3,My own notes,,u_d6c7abe241957d9f,It's good for newer teachers but I have plenty of my own resources.,,,1,36.0,,Canceled,2026-08-27T14:53:08.000Z,2026-08-27T14:54:20.000Z,2026-08-27T14:54:20.000Z,,20.99,2026-08-27T14:54:20.000Z,cancel,Valid Cancel,annual,2027-08-27T10:12:39.000Z,2027-08-27T10:12:39.000Z,3.0,3.0,36.0,Brightback,,,,,,,402175,2023-08-27T10:12:37.000Z,,2023-08-27T10:12:39.000Z,,h_52db8cf652533b01,,1,2023-08-27T10:12:39.000Z,USD,u_d6c7abe241957d9f,ACTIVE,h_b1de4a3a29ae4ce5,[name],36.0,annual,,2026-08-27T10:12:39.000Z,teacher,,1,annual,2023-08-27T10:12:39.000Z,_UNKNOWN,3600,YEAR,annual,,High School,[name],2027-08-27T10:12:39.000Z,,300,,2027-08-27T10:12:39.000Z,2023-08-27T10:12:39.000Z,3600,[name],,https://www.supersummary.com/subscription,https://www.supersummary.com/subscription/confirming/cancel,,Teacher Experience [July 2025] [40% one-time / Modal],,08-27-2023,,08-27-2026,08-27-2023,08-27-2023,08-27-2023,,08-27-2023,08-27-2027
Wg8RDmJ_85f22d5f24dbcecc,169qNeVTVLoQh73bi,,Students; fallback,,,[name],[name],,I don’t want my subscription to renew automatically,too_expensive_for_value_provided_1447236661,I don't want to commit to a subscription,i_dont_want_to_commit_to_a_subscription,,Pricing (eCommerce),pricing_ecommerce,1,,,u_e714d1ada5cfb351,,,,0,,,Canceled,2026-08-27T13:48:23.000Z,2026-08-27T13:48:39.000Z,2026-08-27T13:48:39.000Z,,21.03,2026-08-27T13:48:39.000Z,cancel,Valid Cancel,annual,2027-08-27T13:47:00.000Z,2027-08-27T13:47:00.000Z,3.0,3.0,36.0,Brightback,,,,,,,169qNeVTVLoQh73bi,2026-08-27T13:46:59.000Z,,2026-08-27T13:47:00.000Z,,h_9ac1a508f2a684ac,,1,2026-08-27T13:47:00.000Z,USD,u_e714d1ada5cfb351,ACTIVE,h_4ca4e0497fdaf26c,[name],,,,2026-08-27T13:47:00.000Z,student,,1,annual_essentials,2026-08-27T13:47:00.000Z,_UNKNOWN,3600,YEAR,,,College,[name],2027-08-27T13:47:00.000Z,,300,,2027-08-27T13:47:00.000Z,2026-08-27T13:47:00.000Z,3600,,,,,,Student Experience [July 2025] [25% one-time / No Entry Modal],,08-27-2026,,08-27-2026,08-27-2026,08-27-2026,08-27-2026,,08-27-2026,08-27-2027
Wg8RChB_a0d6db16bd7e0883,1737931,,fallback,,,[name],[name],[name],I don’t want my subscription to renew automatically,too_expensive_for_value_provided_1447236661,I don't want to commit to a subscription,i_dont_want_to_commit_to_a_subscription,,Pricing (eCommerce),pricing_ecommerce,4,,,u_f94938bfe345d6b7,,,,0,16.65,,Canceled,2026-08-27T12:43:17.000Z,2026-08-27T12:43:44.000Z,2026-08-27T12:43:44.000Z,,21.08,2026-08-27T12:43:44.000Z,cancel,Valid Cancel,monthly,2026-09-23T20:29:27.000Z,2026-09-23T20:29:27.000Z,16.65,16.65,16.65,Brightback,,,,,,,1737931,2026-08-23T20:29:26.000Z,,2026-08-23T20:29:27.000Z,,h_cb069f138fc4368a,,1,2026-08-23T20:29:27.000Z,USD,u_f94938bfe345d6b7,ACTIVE,h_222d9eb3039b01f8,[name],16.65,monthly_plus,,2026-08-23T20:29:27.000Z,other,,1,monthly_plus,2026-08-23T20:29:27.000Z,_UNKNOWN,1665,MONTH,monthly_plus,,,[name],2026-09-23T20:29:27.000Z,,1665,,2026-09-23T20:29:27.000Z,2026-08-23T20:29:27.000Z,1665,[name],,https://www.supersummary.com/subscription,https://www.supersummary.com/subscription/confirming/cancel,,Default/Fallback [July 2025] [25% one time / No entry modal],,08-23-2026,,08-27-2026,08-23-2026,08-23-2026,08-23-2026,,08-23-2026,09-23-2026
Wg8R8av_997bb8f6ed938510,1390458,,Teachers; fallback,,,[name],[name],[name],I don’t want my subscription to renew automatically,too_expensive_for_value_provided_1447236661,I don't want to commit to a subscription,i_dont_want_to_commit_to_a_subscription,,Pricing (eCommerce),pricing_ecommerce,1,,,u_31c6bd03d231d022,,,,0,60.0,,Canceled,2026-08-27T08:37:07.000Z,2026-08-27T08:37:43.000Z,2026-08-27T08:37:44.000Z,,21.25,2026-08-27T08:37:44.000Z,cancel,Valid Cancel,annual,2026-11-03T14:14:40.000Z,2026-11-03T14:14:40.000Z,5.0,5.0,60.0,Brightback,,,,,,,1390458,2025-11-03T14:14:08.000Z,,2025-11-03T14:14:40.000Z,,h_5a7d0ec84e92946d,,1,2025-11-03T14:14:40.000Z,USD,u_31c6bd03d231d022,ACTIVE,h_2efa8b2b98691877,[name],60.0,annual_plus,,2025-11-03T14:14:40.000Z,teacher,,1,annual_plus,2025-11-03T14:14:40.000Z,_UNKNOWN,6000,YEAR,annual_plus,,Middle School,[name],2026-11-03T14:14:40.000Z,,500,,2026-11-03T14:14:40.000Z,2025-11-03T14:14:40.000Z,6000,[name],,https://www.supersummary.com/subscription,https://www.supersummary.com/subscription/confirming/cancel,,Teacher Experience [July 2025] [40% one-time / Modal],,11-03-2025,,08-27-2026,11-03-2025,11-03-2025,11-03-2025,,11-03-2025,11-03-2026
Wg8R1J6_a6a7db38570255b0,238763,,Students; Annual,,,[name],[name],[name],I don’t want my subscription to renew automatically,too_expensive_for_value_provided_1447236661,I don't want to commit to a subscription,i_dont_want_to_commit_to_a_subscription,,Pricing (eCommerce),pricing_ecommerce,1,,,u_a8c7e08fb9fffeae,,,,0,36.0,,Canceled,2026-08-27T01:19:29.000Z,2026-08-27T01:19:52.000Z,2026-08-27T01:19:52.000Z,,21.56,2026-08-27T01:19:52.000Z,cancel,Valid Cancel,annual,2027-08-27T00:19:30.000Z,2027-08-27T00:19:30.000Z,3.0,3.0,36.0,Brightback,,,,,,,238763,2022-08-27T00:19:29.000Z,,2022-08-27T00:19:30.000Z,,h_37d05c80d903b8c2,,1,2022-08-27T00:19:30.000Z,USD,u_a8c7e08fb9fffeae,ACTIVE,h_69274c391084bee6,[name],36.0,annual,,2026-08-27T00:19:30.000Z,student,,1,annual,2022-08-27T00:19:30.000Z,_UNKNOWN,3600,YEAR,annual,,other,[name],2027-08-27T00:19:30.000Z,,300,,2027-08-27T00:19:30.000Z,2022-08-27T00:19:30.000Z,3600,[name],,https://www.supersummary.com/subscription,https://www.supersummary.com/subscription/confirming/cancel,,Student Experience [July 2025] [25% one-time / No Entry Modal],,08-27-2022,,08-27-2026,08-27-2022,08-27-2022,08-27-2022,,08-27-2022,08-27-2027
Wg8R19g_a9f620fcf28d498d,1048337,,fallback,,,[name],[name],[name],I don’t want my subscription to renew automatically,too_expensive_for_value_provided_1447236661,I don't want to commit to a subscription,i_dont_want_to_commit_to_a_subscription,,Pricing (eCommerce),pricing_ecommerce,8,,,u_ef22562762db1f44,,,,0,36.0,,Canceled,2026-08-27T01:09:51.000Z,2026-08-27T01:10:02.000Z,2026-08-27T01:10:03.000Z,,21.56,2026-08-27T01:10:03.000Z,cancel,Valid Cancel,annual,2027-03-10T13:27:42.000Z,2027-03-10T13:27:42.000Z,2.25,2.25,36.0,Brightback,,,,,,,1048337,2025-03-06T17:13:07.000Z,,2025-03-06T17:13:09.000Z,,h_8caca404231efe4f,,1,2026-03-10T13:27:42.000Z,USD,u_ef22562762db1f44,ACTIVE,h_95535a0a8e537bef,[name],36.0,annual,,2026-03-10T13:27:42.000Z,librarian,,1,annual,2025-03-06T17:13:09.000Z,_UNKNOWN,3600,YEAR,annual,nmTKUhkQCvq,,[name],2027-03-10T13:27:42.000Z,,225,,2027-03-10T13:27:42.000Z,2025-03-06T17:13:09.000Z,3600,[name],,https://www.supersummary.com/subscription,https://www.supersummary.com/subscription/confirming/cancel,,Default/Fallback [July 2025] [25% one time / No entry modal],,03-06-2025,,08-27-2026,03-10-2026,03-06-2025,03-06-2025,,03-06-2025,03-10-2027
Wg8R0Yr_a705d51af62291d5,6okdIU5PhwJlLOVL,,Students; Monthly,,,[name],[name],,I don’t want my subscription to renew automatically,too_expensive_for_value_provided_1447236661,I don't want to commit to a subscription,i_dont_want_to_commit_to_a_subscription,,Pricing (eCommerce),pricing_ecommerce,1,,,u_730ed0de559f4c4c,,,,0,,,Canceled,2026-08-27T00:35:00.000Z,2026-08-27T00:35:14.000Z,2026-08-27T00:35:15.000Z,,21.59,2026-08-27T00:35:15.000Z,cancel,Valid Cancel,monthly,2026-09-26T17:13:32.000Z,2026-09-26T17:13:32.000Z,9.95,9.95,9.95,Brightback,,,,,,,6okdIU5PhwJlLOVL,2024-02-26T17:13:29.000Z,,2024-02-26T17:13:32.000Z,,h_d144324d58eac27a,,1,2024-02-26T17:13:32.000Z,USD,u_730ed0de559f4c4c,ACTIVE,h_8b68940de2dcbe91,[name],,,,2026-08-26T17:13:32.000Z,student,,1,monthly,2024-02-26T17:13:32.000Z,_UNKNOWN,995,MONTH,,,College,[name],2026-09-26T17:13:32.000Z,,995,,2026-09-26T17:13:32.000Z,2024-02-26T17:13:32.000Z,995,,,,,,Student Experience [July 2025] [40% forever / Modal],,02-26-2024,,08-27-2026,02-26-2024,02-26-2024,02-26-2024,,02-26-2024,09-26-2026
Wg8R03n_a736af23a8acbc67,169n1pUMbKx0Q6uM2,,Parents; Annual,,,[name],[name],,I don’t want my subscription to renew automatically,too_expensive_for_value_provided_1447236661,I don't want to commit to a subscription,i_dont_want_to_commit_to_a_subscription,,Pricing (eCommerce),pricing_ecommerce,3,AI,,u_8c3286dc4e964bb1,,,,0,,,Canceled,2026-08-27T00:03:51.000Z,2026-08-27T00:04:17.000Z,2026-08-27T00:04:17.000Z,,21.61,2026-08-27T00:04:17.000Z,cancel,Valid Cancel,annual,2027-08-26T23:08:27.000Z,2027-08-26T23:08:27.000Z,3.0,3.0,36.0,Brightback,,,,,,,169n1pUMbKx0Q6uM2,2024-08-26T23:08:25.000Z,,2024-08-26T23:08:27.000Z,,h_ba008a437f8b7c84,,1,2024-08-26T23:08:27.000Z,USD,u_8c3286dc4e964bb1,ACTIVE,h_e97eaf7cefa81dbe,[name],,,,2026-08-26T23:08:27.000Z,parent_of_student,,1,annual,2024-08-26T23:08:27.000Z,_UNKNOWN,3600,YEAR,,,Middle School,[name],2027-08-26T23:08:27.000Z,,300,,2027-08-26T23:08:27.000Z,2024-08-26T23:08:27.000Z,3600,,,,,,Parent Experience [July 2025] [25% one-time / Modal],,08-26-2024,,08-27-2026,08-26-2024,08-26-2024,08-26-2024,,08-26-2024,08-26-2027
Wg8QNR4_aafa7f8b1b9b6483,6okVrUMUGvtOJ3Hd,,Parents; Annual,,,[name],[name],,I don’t want my subscription to renew automatically,too_expensive_for_value_provided_1447236661,I don't want to commit to a subscription,i_dont_want_to_commit_to_a_subscription,,Pricing (eCommerce),pricing_ecommerce,3,,,u_0ec67e5dc7b89133,,,,0,,,Canceled,2026-08-26T23:27:08.000Z,2026-08-26T23:27:41.000Z,2026-08-26T23:27:41.000Z,,21.63,2026-08-26T23:27:41.000Z,cancel,Valid Cancel,annual,2027-08-25T18:08:35.000Z,2027-08-25T18:08:35.000Z,3.0,3.0,36.0,Brightback,,,,,,,6okVrUMUGvtOJ3Hd,2024-08-25T18:08:34.000Z,,2024-08-25T18:08:35.000Z,,h_2105630d02cf9652,,1,2024-08-25T18:08:35.000Z,USD,u_0ec67e5dc7b89133,ACTIVE,h_672608d3240d032d,[name],,,,2026-08-25T18:08:35.000Z,parent_of_student,,1,annual,2024-08-25T18:08:35.000Z,_UNKNOWN,3600,YEAR,,,Middle School,[name],2027-08-25T18:08:35.000Z,,300,,2027-08-25T18:08:35.000Z,2024-08-25T18:08:35.000Z,3600,,,,,,Parent Experience [July 2025] [25% one-time / Modal],,08-25-2024,,08-26-2026,08-25-2024,08-25-2024,08-25-2024,,08-25-2024,08-25-2027
Wg8QM68_8b38f1d21441b5f6,Azq9RYTqyxdLe3nI2,,Students; Annual,,,[name],[name],,I don’t want my subscription to renew automatically,too_expensive_for_value_provided_1447236661,I don't want to commit to a subscription,i_dont_want_to_commit_to_a_subscription,,Pricing (eCommerce),pricing_ecommerce,2,,,u_4950750c8bc155e3,,,,0,,,Canceled,2026-08-26T22:06:11.000Z,2026-08-26T22:06:35.000Z,2026-08-26T22:06:36.000Z,,21.69,2026-08-26T22:06:36.000Z,cancel,Valid Cancel,annual,2026-09-26T16:42:11.000Z,2026-09-26T16:42:11.000Z,3.0,3.0,36.0,Brightback,,,,,,,Azq9RYTqyxdLe3nI2,2023-09-26T16:42:10.000Z,,2023-09-26T16:42:11.000Z,,h_51457eaa1cea367b,,1,2023-09-26T16:42:11.000Z,USD,u_4950750c8bc155e3,ACTIVE,h_a5b7d8ef551773cc,[name],,,,2025-09-26T16:42:11.000Z,student,,1,annual,2023-09-26T16:42:11.000Z,_UNKNOWN,3600,YEAR,,,College,[name],2026-09-26T16:42:11.000Z,,300,,2026-09-26T16:42:11.000Z,2023-09-26T16:42:11.000Z,3600,,,,,,Student Experience [July 2025] [25% one-time / No Entry Modal],,09-26-2023,,08-26-2026,09-26-2023,09-26-2023,09-26-2023,,09-26-2023,09-26-2026
Wg8QLjG_b44a136ff4796be0,638269,,Book Club Members; Annual,,,[name],[name],[name],I don’t want my subscription to renew automatically,too_expensive_for_value_provided_1447236661,I don't want to commit to a subscription,i_dont_want_to_commit_to_a_subscription,,Pricing (eCommerce),pricing_ecommerce,5,Read a book,,u_53724f06e0ca7620,It’s a good program. Just don’t use it very often ,,,1,36.0,,Canceled,2026-08-26T21:45:29.000Z,2026-08-26T21:46:44.000Z,2026-08-26T21:46:44.000Z,,21.7,2026-08-26T21:47:29.000Z,cancel,Valid Cancel,annual,2027-08-26T19:36:23.000Z,2027-08-26T19:36:23.000Z,3.0,3.0,36.0,Brightback,,,,,,,638269,2024-08-26T19:36:20.000Z,,2024-08-26T19:36:23.000Z,,h_23d34c67565e09cc,,1,2024-08-26T19:36:23.000Z,USD,u_53724f06e0ca7620,ACTIVE,h_ea687c972654eee7,[name],36.0,annual,,2026-08-26T19:36:23.000Z,book_club_member,,1,annual,2024-08-26T19:36:23.000Z,_UNKNOWN,3600,YEAR,annual,,,[name],2027-08-26T19:36:23.000Z,,300,,2027-08-26T19:36:23.000Z,2024-08-26T19:36:23.000Z,3600,[name],,https://www.supersummary.com/subscription,https://www.supersummary.com/subscription/confirming/cancel,,BCM Experience [July 2025] [25% one-time / No Entry Modal],,08-26-2024,,08-26-2026,08-26-2024,08-26-2024,08-26-2024,,08-26-2024,08-26-2027
Wg8QI8j_a134d4b384a40ea5,1741992,,Parents; fallback,,,[name],[name],[name],I don’t want my subscription to renew automatically,too_expensive_for_value_provided_1447236661,I don't want to commit to a subscription,i_dont_want_to_commit_to_a_subscription,,Pricing (eCommerce),pricing_ecommerce,6,,,u_86b0ca12959578ff,,,,0,36.0,,Canceled,2026-08-26T18:08:55.000Z,2026-08-26T18:09:24.000Z,2026-08-26T18:09:24.000Z,,21.85,2026-08-26T18:09:24.000Z,cancel,Valid Cancel,annual,2027-08-26T15:59:15.000Z,2027-08-26T15:59:15.000Z,3.0,3.0,36.0,Brightback,,,,,,,1741992,2026-08-26T15:59:14.000Z,,2026-08-26T15:59:15.000Z,,h_5127315b8494401c,,1,2026-08-26T15:59:15.000Z,USD,u_86b0ca12959578ff,ACTIVE,h_031e2f7ce59189cb,[name],36.0,annual_essentials,,2026-08-26T15:59:15.000Z,parent_of_student,,1,annual_essentials,2026-08-26T15:59:15.000Z,_UNKNOWN,3600,YEAR,annual_essentials,,Middle School,[name],2027-08-26T15:59:15.000Z,,300,,2027-08-26T15:59:15.000Z,2026-08-26T15:59:15.000Z,3600,[name],,https://www.supersummary.com/subscription,https://www.supersummary.com/subscription/confirming/cancel,,Parent Experience [July 2025] [25% one-time / No Entry Modal],,08-26-2026,,08-26-2026,08-26-2026,08-26-2026,08-26-2026,,08-26-2026,08-26-2027
Wg8QF5p_8e3f52e170f87509,169nc2V2RPC9A1ztk,,Students; fallback,,,[name],[name],,I don’t want my subscription to renew automatically,too_expensive_for_value_provided_1447236661,I don't want to commit to a subscription,i_dont_want_to_commit_to_a_subscription,,Pricing (eCommerce),pricing_ecommerce,3,nothing,,u_40136e4851864bdf,,,,0,,,Canceled,2026-08-26T15:05:55.000Z,2026-08-26T15:06:19.000Z,2026-08-26T15:06:20.000Z,,21.98,2026-08-26T15:06:20.000Z,cancel,Valid Cancel,annual,2026-11-13T14:35:34.000Z,2026-11-13T14:35:34.000Z,5.0,5.0,60.0,Brightback,,,,,,,169nc2V2RPC9A1ztk,2025-11-13T14:35:31.000Z,,2025-11-13T14:35:34.000Z,,h_ae48aa8a0f7ec2da,,1,2025-11-13T14:35:34.000Z,USD,u_40136e4851864bdf,ACTIVE,h_782437118df7e0a6,[name],,,,2025-11-13T14:35:34.000Z,student,,1,annual_plus,2025-11-13T14:35:34.000Z,_UNKNOWN,6000,YEAR,,,College,[name],2026-11-13T14:35:34.000Z,,500,,2026-11-13T14:35:34.000Z,2025-11-13T14:35:34.000Z,6000,,,,,,Student Experience [July 2025] [25% one-time / No Entry Modal],,11-13-2025,,08-26-2026,11-13-2025,11-13-2025,11-13-2025,,11-13-2025,11-13-2026
Wg8QF5k_99d7f12d3f962d55,1727181,,Teachers; fallback,,,[name],[name],[name],I don’t want my subscription to renew automatically,too_expensive_for_value_provided_1447236661,I don't want to commit to a subscription,i_dont_want_to_commit_to_a_subscription,,Pricing (eCommerce),pricing_ecommerce,2,,,u_bdf1da79c97cdcf5,,,,0,36.0,,Canceled,2026-08-26T15:05:55.000Z,2026-08-26T15:06:18.000Z,2026-08-26T15:06:18.000Z,,21.98,2026-08-26T15:06:18.000Z,cancel,Valid Cancel,annual,2027-08-13T18:20:31.000Z,2027-08-13T18:20:31.000Z,3.0,3.0,36.0,Brightback,,,,,,,1727181,2026-08-13T18:20:30.000Z,,2026-08-13T18:20:31.000Z,,h_0fc68a2a61b1f19e,,1,2026-08-13T18:20:31.000Z,USD,u_bdf1da79c97cdcf5,ACTIVE,h_e781a7bb443027b4,[name],36.0,annual_essentials,,2026-08-13T18:20:31.000Z,teacher,,1,annual_essentials,2026-08-13T18:20:31.000Z,_UNKNOWN,3600,YEAR,annual_essentials,,High School,[name],2027-08-13T18:20:31.000Z,,300,,2027-08-13T18:20:31.000Z,2026-08-13T18:20:31.000Z,3600,[name],,https://www.supersummary.com/subscription,https://www.supersummary.com/subscription/confirming/cancel,,Teacher Experience [July 2025] [40% one-time / Modal],,08-13-2026,,08-26-2026,08-13-2026,08-13-2026,08-13-2026,,08-13-2026,08-13-2027
Wg8QCoJ_85fb0b2ad5b57f4c,AzZvk1VO2wezm5G40,,Book Club Members; fallback,,,[name],[name],,I don’t want my subscription to renew automatically,too_expensive_for_value_provided_1447236661,I don't want to commit to a subscription,i_dont_want_to_commit_to_a_subscription,,Pricing (eCommerce),pricing_ecommerce,1,,,u_116a81b5063ec427,,,,0,,,Canceled,2026-08-26T12:50:22.000Z,2026-08-26T12:50:44.000Z,2026-08-26T12:50:45.000Z,,22.08,2026-08-26T12:50:45.000Z,cancel,Valid Cancel,annual,2027-06-30T16:47:04.000Z,2027-06-30T16:47:04.000Z,3.0,3.0,36.0,Brightback,,,,,,,AzZvk1VO2wezm5G40,2026-06-30T16:47:02.000Z,,2026-06-30T16:47:04.000Z,,h_6c5522c258ae57d4,,1,2026-06-30T16:47:04.000Z,USD,u_116a81b5063ec427,ACTIVE,h_241d2976642fd5b0,[name],,,,2026-06-30T16:47:04.000Z,book_club_member,,1,annual_essentials,2026-06-30T16:47:04.000Z,_UNKNOWN,3600,YEAR,,,,[name],2027-06-30T16:47:04.000Z,,300,,2027-06-30T16:47:04.000Z,2026-06-30T16:47:04.000Z,3600,,,,,,BCM Experience [July 2025] [25% one-time / No Entry Modal],,06-30-2026,,08-26-2026,06-30-2026,06-30-2026,06-30-2026,,06-30-2026,06-30-2027
Wg8QCNu_8753326633678aa0,AzZJVBVTP9tD41qNd,,fallback,,,[name],[name],,I don’t want my subscription to renew automatically,too_expensive_for_value_provided_1447236661,I don't want to commit to a subscription,i_dont_want_to_commit_to_a_subscription,,Pricing (eCommerce),pricing_ecommerce,10,,,u_a62322c70c662c4a,,,,0,,,Canceled,2026-08-26T12:24:00.000Z,2026-08-26T12:24:40.000Z,2026-08-26T12:24:40.000Z,,22.09,2026-08-26T12:24:40.000Z,cancel,Valid Cancel,annual,2027-08-26T12:22:00.000Z,2027-08-26T12:22:00.000Z,5.0,5.0,60.0,Brightback,,,,,,,AzZJVBVTP9tD41qNd,2026-08-26T12:21:58.000Z,,2026-08-26T12:22:00.000Z,,h_1ab0bd7a12e736e0,,1,2026-08-26T12:22:00.000Z,USD,u_a62322c70c662c4a,ACTIVE,h_28de06c4c5e4e25f,[name],,,,2026-08-26T12:22:00.000Z,avid_reader,,1,annual_plus,2026-08-26T12:22:00.000Z,_UNKNOWN,6000,YEAR,,,,[name],2027-08-26T12:22:00.000Z,,500,,2027-08-26T12:22:00.000Z,2026-08-26T12:22:00.000Z,6000,,,,,,Default/Fallback [July 2025] [25% one time / No entry modal],,08-26-2026,,08-26-2026,08-26-2026,08-26-2026,08-26-2026,,08-26-2026,08-26-2027
Wg8QAsi_b4883f5e8224b5aa,1243785,,Teachers; fallback,,,[name],[name],[name],I don’t want my subscription to renew automatically,too_expensive_for_value_provided_1447236661,I don't want to commit to a subscription,i_dont_want_to_commit_to_a_subscription,,Pricing (eCommerce),pricing_ecommerce,5,,,u_9dbd26efa46d5327,,,,0,60.0,,Canceled,2026-08-26T10:54:52.000Z,2026-08-26T10:55:56.000Z,2026-08-26T10:55:56.000Z,,22.16,2026-08-26T10:55:56.000Z,cancel,Valid Cancel,annual,2026-09-01T11:57:49.000Z,,5.0,5.0,60.0,Brightback,,,,,,,1243785,2025-09-01T11:57:47.000Z,,2025-09-01T11:57:49.000Z,,h_f1bee51d2baefb9f,,1,2025-09-01T11:57:49.000Z,USD,u_9dbd26efa46d5327,NON_RENEWING,h_943db8bf16f0cbf8,[name],60.0,annual_plus,,2025-09-01T11:57:49.000Z,teacher,,1,annual_plus,2025-09-01T11:57:49.000Z,_UNKNOWN,6000,YEAR,annual_plus,,High School,[name],,,500,,2026-09-01T11:57:49.000Z,2025-09-01T11:57:49.000Z,6000,[name],,https://www.supersummary.com/subscription,https://www.supersummary.com/subscription/confirming/cancel,,Teacher Experience [July 2025] [40% one-time / Modal],,09-01-2025,,08-26-2026,09-01-2025,09-01-2025,09-01-2025,,09-01-2025,
Wg8QAs2_a9438058d6ceeea8,Azz6vpUvXv71r1hgg,,Teachers; fallback,,,[name],[name],,I don’t want my subscription to renew automatically,too_expensive_for_value_provided_1447236661,I don't want to commit to a subscription,i_dont_want_to_commit_to_a_subscription,,Pricing (eCommerce),pricing_ecommerce,5,,,u_9dbd26efa46d5327,,,,0,,,Canceled,2026-08-26T10:54:06.000Z,2026-08-26T10:54:37.000Z,2026-08-26T10:54:37.000Z,,22.16,2026-08-26T10:54:37.000Z,cancel,Valid Cancel,annual,2026-09-01T11:57:49.000Z,2026-09-01T11:57:49.000Z,5.0,5.0,60.0,Brightback,,,,,,,Azz6vpUvXv71r1hgg,2025-09-01T11:57:47.000Z,,2025-09-01T11:57:49.000Z,,h_f1bee51d2baefb9f,,1,2025-09-01T11:57:49.000Z,USD,u_9dbd26efa46d5327,ACTIVE,h_943db8bf16f0cbf8,[name],,,,2025-09-01T11:57:49.000Z,teacher,,1,annual_plus,2025-09-01T11:57:49.000Z,_UNKNOWN,6000,YEAR,,,High School,[name],2026-09-01T11:57:49.000Z,,500,,2026-09-01T11:57:49.000Z,2025-09-01T11:57:49.000Z,6000,,,,,,Teacher Experience [July 2025] [40% one-time / Modal],,09-01-2025,,08-26-2026,09-01-2025,09-01-2025,09-01-2025,,09-01-2025,09-01-2026
Wg8Q9lZ_ac0ba74f81fe87e1,1374045,,fallback,,,[name],[name],[name],I don’t want my subscription to renew automatically,too_expensive_for_value_provided_1447236661,I don't want to commit to a subscription,i_dont_want_to_commit_to_a_subscription,,Pricing (eCommerce),pricing_ecommerce,2,,,u_6aa31d480a3182b3,A,,,1,16.65,,Canceled,2026-08-26T09:47:48.000Z,2026-08-26T09:49:28.000Z,2026-08-26T09:49:29.000Z,,22.2,2026-08-26T09:49:29.000Z,cancel,Valid Cancel,monthly,2026-09-21T20:41:06.000Z,2026-09-21T20:41:06.000Z,16.65,16.65,16.65,Brightback,,,,,,,1374045,2025-10-21T20:41:01.000Z,,2025-10-21T20:41:06.000Z,,h_765db325fc3fdc4d,,1,2025-10-21T20:41:06.000Z,USD,u_6aa31d480a3182b3,ACTIVE,h_7ddf9408ae00536e,[name],16.65,monthly_plus,,2026-08-21T20:41:06.000Z,other,,1,monthly_plus,2025-10-21T20:41:06.000Z,_UNKNOWN,1665,MONTH,monthly_plus,,,[name],2026-09-21T20:41:06.000Z,,1665,,2026-09-21T20:41:06.000Z,2025-10-21T20:41:06.000Z,1665,[name],,https://www.supersummary.com/subscription,https://www.supersummary.com/subscription/confirming/cancel,,Default/Fallback [July 2025] [25% one time / No entry modal],,10-21-2025,,08-26-2026,10-21-2025,10-21-2025,10-21-2025,,10-21-2025,09-21-2026
Wg8Q6Go_b00df4b8f60825d7,1740844,,Students; fallback,,,[name],[name],[name],I don’t want my subscription to renew automatically,too_expensive_for_value_provided_1447236661,I don't want to commit to a subscription,i_dont_want_to_commit_to_a_subscription,,Pricing (eCommerce),pricing_ecommerce,1,NothkG,,u_3d3290f3f0912634,No,,,1,9.95,,Canceled,2026-08-26T06:16:58.000Z,2026-08-26T06:17:27.000Z,2026-08-26T06:17:28.000Z,,22.35,2026-08-26T06:17:28.000Z,cancel,Valid Cancel,monthly,2026-09-25T22:01:11.000Z,,9.95,9.95,9.95,Brightback,,,,,,,1740844,2026-08-25T22:01:09.000Z,,2026-08-25T22:01:11.000Z,,h_766e653c5e5a2ddc,,1,2026-08-25T22:01:11.000Z,USD,u_3d3290f3f0912634,ACTIVE,h_a44acc4833ad7b6f,[name],9.95,monthly_essentials,,2026-08-25T22:01:11.000Z,student,,1,monthly_essentials,2026-08-25T22:01:11.000Z,_UNKNOWN,995,MONTH,monthly_essentials,,High School,[name],2026-09-25T22:01:11.000Z,,995,,2026-09-25T22:01:11.000Z,2026-08-25T22:01:11.000Z,995,[name],,https://www.supersummary.com/subscription,https://www.supersummary.com/subscription/confirming/cancel,,Student Experience [July 2025] [25% one-time / No Entry Modal],,08-25-2026,,08-26-2026,08-25-2026,08-25-2026,08-25-2026,,08-25-2026,09-25-2026
Wg8Q5qi_9bf41a3e7704308a,1741521,,fallback,,,[name],[name],[name],I don’t want my subscription to renew automatically,too_expensive_for_value_provided_1447236661,I don't want to commit to a subscription,i_dont_want_to_commit_to_a_subscription,,Pricing (eCommerce),pricing_ecommerce,10,,,u_99a03552939e5b0d,,,,0,60.0,,Canceled,2026-08-26T05:53:34.000Z,2026-08-26T05:54:24.000Z,2026-08-26T05:54:24.000Z,,22.36,2026-08-26T05:54:24.000Z,cancel,Valid Cancel,annual,2027-08-26T05:20:07.000Z,2027-08-26T05:20:07.000Z,5.0,5.0,60.0,Brightback,,,,,,,1741521,2026-08-26T05:20:05.000Z,,2026-08-26T05:20:07.000Z,,h_09208a6b488bb547,,1,2026-08-26T05:20:07.000Z,USD,u_99a03552939e5b0d,ACTIVE,h_43450fb679fc0c1a,[name],60.0,annual_plus,,2026-08-26T05:20:07.000Z,librarian,,1,annual_plus,2026-08-26T05:20:07.000Z,_UNKNOWN,6000,YEAR,annual_plus,,,[name],2027-08-26T05:20:07.000Z,,500,,2027-08-26T05:20:07.000Z,2026-08-26T05:20:07.000Z,6000,[name],,https://www.supersummary.com/subscription,https://www.supersummary.com/subscription/confirming/cancel,,Default/Fallback [July 2025] [25% one time / No entry modal],,08-26-2026,,08-26-2026,08-26-2026,08-26-2026,08-26-2026,,08-26-2026,08-26-2027
Wg8Q4he_b758d18bbb201f3a,AzywevT1QTtft2qgK,,Students; Annual,,,[name],[name],,I don’t want my subscription to renew automatically,too_expensive_for_value_provided_1447236661,I don't want to commit to a subscription,i_dont_want_to_commit_to_a_subscription,dumb,Pricing (eCommerce),pricing_ecommerce,1,,,u_1a0b91e15879235a,,,,0,,,Canceled,2026-08-26T04:43:43.000Z,2026-08-26T04:44:22.000Z,2026-08-26T04:44:22.000Z,,22.41,2026-08-26T04:44:22.000Z,cancel,Valid Cancel,annual,2027-03-29T00:37:55.000Z,2027-03-29T00:37:55.000Z,3.0,3.0,36.0,Brightback,,,,,,,AzywevT1QTtft2qgK,2022-03-29T00:37:53.000Z,,2022-03-29T00:37:55.000Z,,h_c51d0a97588e271a,,1,2022-03-29T00:37:55.000Z,USD,u_1a0b91e15879235a,ACTIVE,h_931b36a6229255c9,[name],,,,2026-03-29T00:37:55.000Z,student,,1,annual,2022-03-29T00:37:55.000Z,_UNKNOWN,3600,YEAR,,,College,[name],2027-03-29T00:37:55.000Z,,300,,2027-03-29T00:37:55.000Z,2022-03-29T00:37:55.000Z,3600,,,,,,Student Experience [July 2025] [25% one-time / No Entry Modal],,03-29-2022,,08-26-2026,03-29-2022,03-29-2022,03-29-2022,,03-29-2022,03-29-2027
Wg8Q3Ts_b30ac2ff57c2333f,90354,,Teachers; Annual,,,[name],[name],[name],I don’t want my subscription to renew automatically,too_expensive_for_value_provided_1447236661,I don't want to commit to a subscription,i_dont_want_to_commit_to_a_subscription,,Pricing (eCommerce),pricing_ecommerce,6,,,u_0f0934e831fbb1d9,,,,0,36.0,,Canceled,2026-08-26T03:30:01.000Z,2026-08-26T03:31:02.000Z,2026-08-26T03:31:02.000Z,,22.46,2026-08-26T03:31:02.000Z,cancel,Valid Cancel,annual,2027-08-26T02:23:02.000Z,2027-08-26T02:23:02.000Z,3.0,3.0,36.0,Brightback,,,,,,,90354,2021-08-26T02:22:34.000Z,,2021-08-26T02:23:02.000Z,,h_0ab2370a70cbecc5,,1,2021-08-26T02:23:02.000Z,USD,u_0f0934e831fbb1d9,ACTIVE,h_a7f402e2c3cce90c,[name],36.0,annual,,2026-08-26T02:23:02.000Z,teacher,,1,annual,2021-08-26T02:23:02.000Z,_UNKNOWN,3600,YEAR,annual,,High School,[name],2027-08-26T02:23:02.000Z,,300,,2027-08-26T02:23:02.000Z,2021-08-26T02:23:02.000Z,3600,[name],,https://www.supersummary.com/subscription,https://www.supersummary.com/subscription/confirming/cancel,,Teacher Experience [July 2025] [40% one-time / Modal],,08-26-2021,,08-26-2026,08-26-2021,08-26-2021,08-26-2021,,08-26-2021,08-26-2027
Wg8Q2cv_b2654fc815b9cf30,16BUH7VTMhhhO1do,,Students; fallback,,,[name],[name],,I don’t want my subscription to renew automatically,too_expensive_for_value_provided_1447236661,I don't want to commit to a subscription,i_dont_want_to_commit_to_a_subscription,,Pricing (eCommerce),pricing_ecommerce,10,nothing,,u_6eed5a4ad1f4e307,free,,,1,,,Canceled,2026-08-26T02:39:01.000Z,2026-08-26T02:39:28.000Z,2026-08-26T02:39:29.000Z,,22.5,2026-08-26T02:39:29.000Z,cancel,Valid Cancel,monthly,2026-09-26T02:17:30.000Z,2026-09-26T02:17:30.000Z,16.65,16.65,16.65,Brightback,,,,,,,16BUH7VTMhhhO1do,2026-08-26T02:17:27.000Z,,2026-08-26T02:17:30.000Z,,h_791a44ea3af0b9c5,,1,2026-08-26T02:17:30.000Z,USD,u_6eed5a4ad1f4e307,ACTIVE,h_671f50a8c53e594f,[name],,,,2026-08-26T02:17:30.000Z,student,,1,monthly_plus,2026-08-26T02:17:30.000Z,_UNKNOWN,1665,MONTH,,,College,[name],2026-09-26T02:17:30.000Z,,1665,,2026-09-26T02:17:30.000Z,2026-08-26T02:17:30.000Z,1665,,,,,,Student Experience [July 2025] [25% one-time / No Entry Modal],,08-26-2026,,08-26-2026,08-26-2026,08-26-2026,08-26-2026,,08-26-2026,09-26-2026
Wg8Q0Qb_b35981bae09935bd,Azq9RLTh6ktau2eQW,,Teachers; Annual,,,[name],[name],,I don’t want my subscription to renew automatically,too_expensive_for_value_provided_1447236661,I don't want to commit to a subscription,i_dont_want_to_commit_to_a_subscription,,Pricing (eCommerce),pricing_ecommerce,8,,,u_f0baf0367bf225c8,,,,0,,,Canceled,2026-08-26T00:26:46.000Z,2026-08-26T00:27:18.000Z,2026-08-26T00:27:18.000Z,,22.59,2026-08-26T00:27:18.000Z,cancel,Valid Cancel,annual,2027-08-19T18:44:06.000Z,2027-08-19T18:44:06.000Z,3.0,3.0,36.0,Brightback,,,,,,,Azq9RLTh6ktau2eQW,2023-06-13T23:52:56.000Z,,2023-06-13T23:52:58.000Z,,h_5b32fad8259fb170,,1,2025-08-19T18:44:06.000Z,USD,u_f0baf0367bf225c8,ACTIVE,h_1050bb0946587287,[name],,,,2026-08-19T18:44:06.000Z,teacher,,1,annual,2023-06-13T23:52:58.000Z,_UNKNOWN,3600,YEAR,,,High School,[name],2027-08-19T18:44:06.000Z,,300,,2027-08-19T18:44:06.000Z,2023-06-13T23:52:58.000Z,3600,,,,,,Teacher Experience [July 2025] [40% one-time / Modal],,06-13-2023,,08-26-2026,08-19-2025,06-13-2023,06-13-2023,,06-13-2023,08-19-2027
Wg8PKIb_bbf86f0aa1c5f857,275160,,Book Club Members; Annual,,,[name],[name],[name],I don’t want my subscription to renew automatically,too_expensive_for_value_provided_1447236661,I don't want to commit to a subscription,i_dont_want_to_commit_to_a_subscription,,Pricing (eCommerce),pricing_ecommerce,4,AI,,u_2fe59a17076986fa,Not Sure,,,1,36.0,,Canceled,2026-08-25T20:18:59.000Z,2026-08-25T20:20:17.000Z,2026-08-25T20:20:17.000Z,,22.76,2026-08-25T20:20:17.000Z,cancel,Valid Cancel,annual,2026-11-11T18:50:20.000Z,2026-11-11T18:50:20.000Z,3.0,3.0,36.0,Brightback,,,,,,,275160,2022-11-11T18:50:19.000Z,,2022-11-11T18:50:20.000Z,,h_631a2396b0b5ee30,,1,2022-11-11T18:50:20.000Z,USD,u_2fe59a17076986fa,ACTIVE,h_6f677fd15a6b972d,[name],36.0,annual,,2025-11-11T18:50:20.000Z,book_club_member,,1,annual,2022-11-11T18:50:20.000Z,_UNKNOWN,3600,YEAR,annual,,,[name],2026-11-11T18:50:20.000Z,,300,,2026-11-11T18:50:20.000Z,2022-11-11T18:50:20.000Z,3600,[name],,https://www.supersummary.com/subscription,https://www.supersummary.com/subscription/confirming/cancel,,BCM Experience [July 2025] [25% one-time / No Entry Modal],,11-11-2022,,08-25-2026,11-11-2022,11-11-2022,11-11-2022,,11-11-2022,11-11-2026
Wg8PHxt_aae63a1cefc8e9a2,412167,,Book Club Members; Annual,,,[name],[name],[name],I don’t want my subscription to renew automatically,too_expensive_for_value_provided_1447236661,I don't want to commit to a subscription,i_dont_want_to_commit_to_a_subscription,,Pricing (eCommerce),pricing_ecommerce,3,,,u_5a51d377a479fce9,Include more study guides of contemporary writers. ,,,1,36.0,,Canceled,2026-08-25T18:00:29.000Z,2026-08-25T18:01:44.000Z,2026-08-25T18:01:44.000Z,,22.86,2026-08-25T18:01:44.000Z,cancel,Valid Cancel,annual,2026-09-12T08:25:28.000Z,2026-09-12T08:25:28.000Z,3.0,3.0,36.0,Brightback,,,,1,36.0,2026-09-12T08:25:30.000Z,412167,2023-09-12T08:25:27.000Z,,2023-09-12T08:25:28.000Z,,h_105f6ac0c7f085c6,,1,2023-09-12T08:25:28.000Z,USD,u_5a51d377a479fce9,ACTIVE,h_f684d9ee8b2f1470,[name],36.0,annual,,2025-09-12T08:25:28.000Z,book_club_member,,1,annual,2023-09-12T08:25:28.000Z,_UNKNOWN,3600,YEAR,annual,,,[name],2026-09-12T08:25:28.000Z,,300,,2026-09-12T08:25:28.000Z,2023-09-12T08:25:28.000Z,3600,[name],,https://www.supersummary.com/subscription,https://www.supersummary.com/subscription/confirming/cancel,,BCM Experience [July 2025] [25% one-time / No Entry Modal],,09-12-2023,,08-25-2026,09-12-2023,09-12-2023,09-12-2023,,09-12-2023,09-12-2026
Wg8PGLQ_944a404b204b6446,AzqJPQVSxhHr82ZDZ,,fallback,,,[name],[name],,I don’t want my subscription to renew automatically,too_expensive_for_value_provided_1447236661,I don't want to commit to a subscription,i_dont_want_to_commit_to_a_subscription,,Pricing (eCommerce),pricing_ecommerce,6,,,u_05615be8966b01af,,,,0,,,Canceled,2026-08-25T16:21:30.000Z,2026-08-25T16:22:09.000Z,2026-08-25T16:22:10.000Z,,22.93,2026-08-25T16:22:10.000Z,cancel,Valid Cancel,monthly,2026-09-21T19:39:02.000Z,2026-09-21T19:39:02.000Z,9.95,9.95,9.95,Brightback,,,,,,,AzqJPQVSxhHr82ZDZ,2026-08-21T19:39:01.000Z,,2026-08-21T19:39:02.000Z,,h_5e98d553ac7fc716,,1,2026-08-21T19:39:02.000Z,USD,u_05615be8966b01af,ACTIVE,h_8170fc0d5c40317b,[name],,,,2026-08-21T19:39:02.000Z,avid_reader,,1,monthly_essentials,2026-08-21T19:39:02.000Z,_UNKNOWN,995,MONTH,,,,[name],2026-09-21T19:39:02.000Z,,995,,2026-09-21T19:39:02.000Z,2026-08-21T19:39:02.000Z,995,,,,,,Default/Fallback [July 2025] [25% one time / No entry modal],,08-21-2026,,08-25-2026,08-21-2026,08-21-2026,08-21-2026,,08-21-2026,09-21-2026
Wg8PFGO_af65a7e1e6db9cf1,1543228,,Teachers; fallback,,,[name],[name],[name],I don’t want my subscription to renew automatically,too_expensive_for_value_provided_1447236661,I don't want to commit to a subscription,i_dont_want_to_commit_to_a_subscription,,Pricing (eCommerce),pricing_ecommerce,8,,,u_d7a627bb84d538b3,,,,0,60.0,,Canceled,2026-08-25T15:16:42.000Z,2026-08-25T15:17:06.000Z,2026-08-25T15:17:06.000Z,,22.97,2026-08-25T15:17:06.000Z,cancel,Valid Cancel,annual,2027-03-05T15:44:16.000Z,2027-03-05T15:44:16.000Z,5.0,5.0,60.0,Brightback,,,,,,,1543228,2026-03-05T15:44:14.000Z,,2026-03-05T15:44:16.000Z,,h_9514e73bdd0d0c1b,,1,2026-03-05T15:44:16.000Z,USD,u_d7a627bb84d538b3,ACTIVE,h_2acb838bccf20ce8,[name],60.0,annual_plus,,2026-03-05T15:44:16.000Z,teacher,,1,annual_plus,2026-03-05T15:44:16.000Z,_UNKNOWN,6000,YEAR,annual_plus,,Middle School,[name],2027-03-05T15:44:16.000Z,,500,,2027-03-05T15:44:16.000Z,2026-03-05T15:44:16.000Z,6000,[name],,https://www.supersummary.com/subscription,https://www.supersummary.com/subscription/confirming/cancel,,Teacher Experience [July 2025] [40% one-time / Modal],,03-05-2026,,08-25-2026,03-05-2026,03-05-2026,03-05-2026,,03-05-2026,03-05-2027
Wg8PCQ0_aae26378aad53575,635078,,Students; fallback,,,[name],[name],[name],I don’t want my subscription to renew automatically,too_expensive_for_value_provided_1447236661,I don't want to commit to a subscription,i_dont_want_to_commit_to_a_subscription,,Pricing (eCommerce),pricing_ecommerce,6,,,u_94128c17f5e70a99,,,,0,60.0,,Canceled,2026-08-25T12:26:06.000Z,2026-08-25T12:26:39.000Z,2026-08-25T12:26:40.000Z,,23.09,2026-08-25T12:26:40.000Z,cancel,Valid Cancel,annual,2027-08-22T14:11:54.000Z,2027-08-22T14:11:54.000Z,4.0,4.0,60.0,Brightback,,,,,,,635078,2024-08-22T14:11:52.000Z,,2024-08-22T14:11:54.000Z,,h_fb4f7fe7f9785d21,,1,2024-08-22T14:11:54.000Z,USD,u_94128c17f5e70a99,ACTIVE,h_1c26d3a19ec79240,[name],60.0,annual_plus,,2026-08-22T14:11:54.000Z,student,,1,annual_plus,2024-08-22T14:11:54.000Z,_UNKNOWN,6000,YEAR,annual_plus,LEGACY_MIGRATION_20,College,[name],2027-08-22T14:11:54.000Z,,400,,2027-08-22T14:11:54.000Z,2024-08-22T14:11:54.000Z,6000,[name],,https://www.supersummary.com/subscription,https://www.supersummary.com/subscription/confirming/cancel,,Student Experience [July 2025] [25% one-time / No Entry Modal],,08-22-2024,,08-25-2026,08-22-2024,08-22-2024,08-22-2024,,08-22-2024,08-22-2027
Wg8P9bT_851dfd64e24c0c76,AzZoEpVJXVUTG4EcD,,Students; fallback,,,[name],[name],,I don’t want my subscription to renew automatically,too_expensive_for_value_provided_1447236661,I don't want to commit to a subscription,i_dont_want_to_commit_to_a_subscription,,Pricing (eCommerce),pricing_ecommerce,7,,,u_323c899c256915dc,,,,0,,,Canceled,2026-08-25T09:37:32.000Z,2026-08-25T09:38:14.000Z,2026-08-25T09:38:15.000Z,,23.21,2026-08-25T09:38:15.000Z,cancel,Valid Cancel,monthly,2026-09-13T21:49:11.000Z,2026-09-13T21:49:11.000Z,9.95,9.95,9.95,Brightback,,,,1,9.95,2026-09-14T01:52:10.000Z,AzZoEpVJXVUTG4EcD,2026-05-13T21:49:08.000Z,,2026-05-13T21:49:11.000Z,,h_93ad9a822f41145a,,1,2026-05-13T21:49:11.000Z,USD,u_323c899c256915dc,ACTIVE,h_c74e13fc482e16b4,[name],,,,2026-08-13T21:49:11.000Z,student,,1,monthly_essentials,2026-05-13T21:49:11.000Z,_UNKNOWN,995,MONTH,,,College,[name],2026-09-13T21:49:11.000Z,,995,,2026-09-13T21:49:11.000Z,2026-05-13T21:49:11.000Z,995,,,,,,Student Experience [July 2025] [25% one-time / No Entry Modal],,05-13-2026,,08-25-2026,05-13-2026,05-13-2026,05-13-2026,,05-13-2026,09-13-2026
Wg8P0NP_8ee2eee95eb8a5a7,16BSoBVTG3VpI3PjI,,Parents; fallback,,,[name],[name],,I don’t want my subscription to renew automatically,too_expensive_for_value_provided_1447236661,I don't want to commit to a subscription,i_dont_want_to_commit_to_a_subscription,,Pricing (eCommerce),pricing_ecommerce,10,,,u_1f19f9fa7ab56484,,,,0,,,Canceled,2026-08-25T00:23:27.000Z,2026-08-25T00:23:53.000Z,2026-08-25T00:23:53.000Z,,23.59,2026-08-25T00:23:53.000Z,cancel,Valid Cancel,monthly,2026-09-24T23:00:13.000Z,2026-09-24T23:00:13.000Z,9.95,9.95,9.95,Brightback,,,,,,,16BSoBVTG3VpI3PjI,2026-08-24T23:00:10.000Z,,2026-08-24T23:00:13.000Z,,h_44b562a8eff277d0,,1,2026-08-24T23:00:13.000Z,USD,u_1f19f9fa7ab56484,ACTIVE,h_818036d78dc2178f,[name],,,,2026-08-24T23:00:13.000Z,parent_of_student,,1,monthly_essentials,2026-08-24T23:00:13.000Z,_UNKNOWN,995,MONTH,,,Middle School,[name],2026-09-24T23:00:13.000Z,,995,,2026-09-24T23:00:13.000Z,2026-08-24T23:00:13.000Z,995,,,,,,Parent Experience [July 2025] [25% one-time / No Entry Modal],,08-24-2026,,08-25-2026,08-24-2026,08-24-2026,08-24-2026,,08-24-2026,09-24-2026
Wg8ONs7_9aa8df5dd42e526d,169kC5VSTLCUO8jPn,,Students; fallback,,,[name],[name],,I don’t want my subscription to renew automatically,too_expensive_for_value_provided_1447236661,I don't want to commit to a subscription,i_dont_want_to_commit_to_a_subscription,,Pricing (eCommerce),pricing_ecommerce,7,nothing,,u_4220cd8a54919964,nothing,,,1,,,Canceled,2026-08-24T23:54:10.000Z,2026-08-24T23:54:39.000Z,2026-08-24T23:54:39.000Z,,23.61,2026-08-24T23:54:39.000Z,cancel,Valid Cancel,monthly,2026-09-16T15:03:09.000Z,2026-09-16T15:03:09.000Z,9.95,9.95,9.95,Brightback,,,,,,,169kC5VSTLCUO8jPn,2026-08-16T15:02:15.000Z,,2026-08-16T15:03:09.000Z,,h_99008b507e419e2b,,1,2026-08-16T15:03:09.000Z,USD,u_4220cd8a54919964,ACTIVE,h_cdce761ce835fd24,[name],,,,2026-08-16T15:03:09.000Z,student,,1,monthly_essentials,2026-08-16T15:03:09.000Z,_UNKNOWN,995,MONTH,,,High School,[name],2026-09-16T15:03:09.000Z,,995,,2026-09-16T15:03:09.000Z,2026-08-16T15:03:09.000Z,995,,,,,,Student Experience [July 2025] [25% one-time / No Entry Modal],,08-16-2026,,08-24-2026,08-16-2026,08-16-2026,08-16-2026,,08-16-2026,09-16-2026
Wg8OMwh_8b44166311ca583f,AzqZjqVRvHMXI1JJo,,Students; fallback,,,[name],[name],,I don’t want my subscription to renew automatically,too_expensive_for_value_provided_1447236661,I don't want to commit to a subscription,i_dont_want_to_commit_to_a_subscription,,Pricing (eCommerce),pricing_ecommerce,2,Nothing,,u_db1d6a2321c6355d,Highlight text in summary or quote text used when explaining lines or paragraphs.,,,1,,,Canceled,2026-08-24T22:59:26.000Z,2026-08-24T23:01:10.000Z,2026-08-24T23:01:11.000Z,,23.65,2026-08-24T23:01:11.000Z,cancel,Valid Cancel,monthly,2026-09-10T19:58:50.000Z,2026-09-10T19:58:50.000Z,16.65,16.65,16.65,Brightback,,,,,,,AzqZjqVRvHMXI1JJo,2026-08-10T19:14:37.000Z,,2026-08-10T19:14:38.000Z,,h_571fe2f2c0390c09,,1,2026-08-10T19:14:38.000Z,USD,u_db1d6a2321c6355d,ACTIVE,h_1e284d3c45cf2ddd,[name],,,,2026-08-10T19:58:50.000Z,student,,1,monthly_plus,2026-08-10T19:14:38.000Z,_UNKNOWN,1665,MONTH,,,High School,[name],2026-09-10T19:58:50.000Z,,1665,,2026-09-10T19:58:50.000Z,2026-08-10T19:14:38.000Z,1665,,,,,,Student Experience [July 2025] [25% one-time / No Entry Modal],,08-10-2026,,08-24-2026,08-10-2026,08-10-2026,08-10-2026,,08-10-2026,09-10-2026
Wg8OK0n_9b2f0611f98ef5d2,16BcisUup2yjN9YdO,,Book Club Members; Annual,,,[name],[name],,I don’t want my subscription to renew automatically,too_expensive_for_value_provided_1447236661,I don't want to commit to a subscription,i_dont_want_to_commit_to_a_subscription,,Pricing (eCommerce),pricing_ecommerce,2,,,u_62d12ee07f0123a5,,,,0,,,Canceled,2026-08-24T20:01:04.000Z,2026-08-24T20:01:54.000Z,2026-08-24T20:02:04.000Z,,23.78,2026-08-24T20:02:04.000Z,cancel,Valid Cancel,annual,2027-08-24T19:46:49.000Z,2027-08-24T19:46:49.000Z,3.0,3.0,36.0,Brightback,,,,,,,16BcisUup2yjN9YdO,2025-08-24T19:46:46.000Z,,2025-08-24T19:46:49.000Z,,h_32e2ab2be6a03692,,1,2025-08-24T19:46:49.000Z,USD,u_62d12ee07f0123a5,ACTIVE,h_2c23f220f209271c,[name],,,,2026-08-24T19:46:49.000Z,book_club_member,,1,annual,2025-08-24T19:46:49.000Z,_UNKNOWN,3600,YEAR,,,,[name],2027-08-24T19:46:49.000Z,,300,,2027-08-24T19:46:49.000Z,2025-08-24T19:46:49.000Z,3600,,,,,,BCM Experience [July 2025] [25% one-time / No Entry Modal],,08-24-2025,,08-24-2026,08-24-2025,08-24-2025,08-24-2025,,08-24-2025,08-24-2027
Wg8OJ0D_8a6f36991fded51a,AzZZFmVT94L1w8JMA,,Parents; fallback,,,[name],[name],,I don’t want my subscription to renew automatically,too_expensive_for_value_provided_1447236661,I don't want to commit to a subscription,i_dont_want_to_commit_to_a_subscription,,Pricing (eCommerce),pricing_ecommerce,1,,,u_2e7ad6a090bd63bb,,,,0,,,Canceled,2026-08-24T19:00:16.000Z,2026-08-24T19:00:44.000Z,2026-08-24T19:00:44.000Z,,23.82,2026-08-24T19:00:44.000Z,cancel,Valid Cancel,annual,2027-08-23T18:19:36.000Z,2027-08-23T18:19:36.000Z,3.0,3.0,36.0,Brightback,,,,,,,AzZZFmVT94L1w8JMA,2026-08-23T18:19:35.000Z,,2026-08-23T18:19:36.000Z,,h_a589ba163a667a5a,,1,2026-08-23T18:19:36.000Z,USD,u_2e7ad6a090bd63bb,ACTIVE,h_8e86a81f856d443a,[name],,,,2026-08-23T18:19:36.000Z,parent_of_student,,1,annual_essentials,2026-08-23T18:19:36.000Z,_UNKNOWN,3600,YEAR,,,High School,[name],2027-08-23T18:19:36.000Z,,300,,2027-08-23T18:19:36.000Z,2026-08-23T18:19:36.000Z,3600,,,,,,Parent Experience [July 2025] [25% one-time / No Entry Modal],,08-23-2026,,08-24-2026,08-23-2026,08-23-2026,08-23-2026,,08-23-2026,08-23-2027
Wg8OIEl_9fe88be04afbf880,169kK9TnsKmyk2yBF,,Students; Annual,,,[name],[name],,I don’t want my subscription to renew automatically,too_expensive_for_value_provided_1447236661,I don't want to commit to a subscription,i_dont_want_to_commit_to_a_subscription,,Pricing (eCommerce),pricing_ecommerce,5,,,u_d5edee430b942f1c,I received ZERO emails about this renewal and quite honestly forgot all about this website. ,,,1,,,Canceled,2026-08-24T18:14:49.000Z,2026-08-24T18:15:47.000Z,2026-08-24T18:15:47.000Z,,23.85,2026-08-24T18:15:47.000Z,cancel,Valid Cancel,annual,2027-08-24T18:03:37.000Z,2027-08-24T18:03:37.000Z,3.0,3.0,36.0,Brightback,,,,,,,169kK9TnsKmyk2yBF,2023-08-24T18:03:36.000Z,,2023-08-24T18:03:37.000Z,,h_c8653f8c084ddcc6,,1,2023-08-24T18:03:37.000Z,USD,u_d5edee430b942f1c,ACTIVE,h_5a9226b99546712e,[name],,,,2026-08-24T18:03:37.000Z,student,,1,annual,2023-08-24T18:03:37.000Z,_UNKNOWN,3600,YEAR,,,Middle School,[name],2027-08-24T18:03:37.000Z,,300,,2027-08-24T18:03:37.000Z,2023-08-24T18:03:37.000Z,3600,,,,,,Student Experience [July 2025] [25% one-time / No Entry Modal],,08-24-2023,,08-24-2026,08-24-2023,08-24-2023,08-24-2023,,08-24-2023,08-24-2027
Wg8OHh2_b15704ce638ad500,AzZSd2VS6Kubm2JUL,,Parents; fallback,,,[name],[name],,I don’t want my subscription to renew automatically,too_expensive_for_value_provided_1447236661,I don't want to commit to a subscription,i_dont_want_to_commit_to_a_subscription,,Pricing (eCommerce),pricing_ecommerce,7,,,u_6e9cb23672c69996,,,,0,,,Canceled,2026-08-24T17:43:04.000Z,2026-08-24T17:43:31.000Z,2026-08-28T12:59:56.000Z,,23.87,2026-08-28T12:59:56.000Z,cancel,Valid Cancel,monthly,2026-09-12T16:37:44.000Z,2026-09-12T16:37:44.000Z,16.65,16.65,16.65,Brightback,,,,,,,AzZSd2VS6Kubm2JUL,2026-08-12T16:37:43.000Z,,2026-08-12T16:37:44.000Z,,h_994fbac036d1e978,,1,2026-08-12T16:37:44.000Z,USD,u_6e9cb23672c69996,ACTIVE,h_adea806c60e45303,[name],,,,2026-08-12T16:37:44.000Z,parent_of_student,,1,monthly_plus,2026-08-12T16:37:44.000Z,_UNKNOWN,1665,MONTH,,,High School,[name],2026-09-12T16:37:44.000Z,,1665,,2026-09-12T16:37:44.000Z,2026-08-12T16:37:44.000Z,1665,,,,,,Parent Experience [July 2025] [25% one-time / No Entry Modal],,08-12-2026,,08-24-2026,08-12-2026,08-12-2026,08-12-2026,,08-12-2026,09-12-2026
Wg8OGN2_a2a6d2895c02ec00,635590,,Parents; Annual,,,[name],[name],[name],I don’t want my subscription to renew automatically,too_expensive_for_value_provided_1447236661,I don't want to commit to a subscription,i_dont_want_to_commit_to_a_subscription,,Pricing (eCommerce),pricing_ecommerce,6,Unsure ,,u_3833af744a18ebf4,Unsure,,,1,36.0,,Canceled,2026-08-24T16:23:38.000Z,2026-08-24T16:25:02.000Z,2026-08-24T16:25:02.000Z,,23.93,2026-08-24T16:25:02.000Z,cancel,Valid Cancel,annual,2027-08-23T02:02:38.000Z,2027-08-23T02:02:38.000Z,3.0,3.0,36.0,Brightback,,,,,,,635590,2024-08-23T02:02:35.000Z,,2024-08-23T02:02:38.000Z,,h_f05ab5a5127f9938,,1,2024-08-23T02:02:38.000Z,USD,u_3833af744a18ebf4,ACTIVE,h_fbecab9511db8a53,[name],36.0,annual,,2026-08-23T02:02:38.000Z,parent_of_student,,1,annual,2024-08-23T02:02:38.000Z,_UNKNOWN,3600,YEAR,annual,,High School,[name],2027-08-23T02:02:38.000Z,,300,,2027-08-23T02:02:38.000Z,2024-08-23T02:02:38.000Z,3600,[name],,https://www.supersummary.com/subscription,https://www.supersummary.com/subscription/confirming/cancel,,Parent Experience [July 2025] [25% one-time / Modal],,08-23-2024,,08-24-2026,08-23-2024,08-23-2024,08-23-2024,,08-23-2024,08-23-2027
Wg8OExM_aadc4ec51d3329f3,1296726,,Students; Annual,,,[name],[name],[name],I don’t want my subscription to renew automatically,too_expensive_for_value_provided_1447236661,I don't want to commit to a subscription,i_dont_want_to_commit_to_a_subscription,,Pricing (eCommerce),pricing_ecommerce,1,,,u_5638de361e52d1ac,,,,0,36.0,,Canceled,2026-08-24T14:59:31.000Z,2026-08-24T15:00:04.000Z,2026-08-24T15:00:04.000Z,,23.99,2026-08-24T15:00:04.000Z,cancel,Valid Cancel,annual,2027-08-24T14:41:22.000Z,2027-08-24T14:41:22.000Z,3.0,3.0,36.0,Brightback,,,,,,,1296726,2025-08-24T14:41:20.000Z,,2025-08-24T14:41:22.000Z,,h_a8d08d1040815ff3,,1,2025-08-24T14:41:22.000Z,USD,u_5638de361e52d1ac,ACTIVE,h_52895a5cd0a08384,[name],36.0,annual,,2026-08-24T14:41:22.000Z,student,,1,annual,2025-08-24T14:41:22.000Z,_UNKNOWN,3600,YEAR,annual,,High School,[name],2027-08-24T14:41:22.000Z,,300,,2027-08-24T14:41:22.000Z,2025-08-24T14:41:22.000Z,3600,[name],,https://www.supersummary.com/subscription,https://www.supersummary.com/subscription/confirming/cancel,,Student Experience [July 2025] [25% one-time / No Entry Modal],,08-24-2025,,08-24-2026,08-24-2025,08-24-2025,08-24-2025,,08-24-2025,08-24-2027
Wg8OE52_b4dcf90bccd2c7bf,169k9VTmelt0M43Zw,,fallback,,,[name],[name],,I don’t want my subscription to renew automatically,too_expensive_for_value_provided_1447236661,I don't want to commit to a subscription,i_dont_want_to_commit_to_a_subscription,,Pricing (eCommerce),pricing_ecommerce,3,Nothing,,u_41d7dd89992d7a0a,Please advise before renewing or rebilling,,,1,,,Canceled,2026-08-24T14:05:07.000Z,2026-08-24T14:06:15.000Z,2026-08-24T14:06:15.000Z,,24.02,2026-08-24T14:06:15.000Z,cancel,Valid Cancel,annual,2027-08-11T19:54:34.000Z,2027-08-11T19:54:34.000Z,3.0,3.0,36.0,Brightback,,,,,,,169k9VTmelt0M43Zw,2023-08-11T19:54:32.000Z,,2023-08-11T19:54:34.000Z,,h_58aa4db93a12f66e,,1,2023-08-11T19:54:34.000Z,USD,u_41d7dd89992d7a0a,ACTIVE,h_b19ede87dd607268,[name],,,,2026-08-11T19:54:34.000Z,other,,1,annual,2023-08-11T19:54:34.000Z,_UNKNOWN,3600,YEAR,,,,[name],2027-08-11T19:54:34.000Z,,300,,2027-08-11T19:54:34.000Z,2023-08-11T19:54:34.000Z,3600,,,,,,Default/Fallback [July 2025] [25% one time / No entry modal],,08-11-2023,,08-24-2026,08-11-2023,08-11-2023,08-11-2023,,08-11-2023,08-11-2027
Wg8O9sP_a30f8179e1a987f7,1554456,,fallback,,,[name],[name],[name],I don’t want my subscription to renew automatically,too_expensive_for_value_provided_1447236661,I don't want to commit to a subscription,i_dont_want_to_commit_to_a_subscription,,Pricing (eCommerce),pricing_ecommerce,5,,,u_cee7ebd4ca6ac0c9,,,,0,36.0,,Canceled,2026-08-24T09:54:38.000Z,2026-08-24T09:56:01.000Z,2026-08-24T09:56:02.000Z,,24.2,2026-08-24T09:56:02.000Z,cancel,Valid Cancel,annual,2027-03-11T14:39:58.000Z,2027-03-11T14:39:58.000Z,3.0,3.0,36.0,Brightback,,,,,,,1554456,2026-03-11T14:36:17.000Z,,2026-03-11T14:39:58.000Z,,h_2fa2569365b20a97,,1,2026-03-11T14:39:58.000Z,USD,u_cee7ebd4ca6ac0c9,ACTIVE,h_c0cfb1472690199e,[name],36.0,annual_essentials,,2026-03-11T14:39:58.000Z,other,,1,annual_essentials,2026-03-11T14:39:58.000Z,_UNKNOWN,3600,YEAR,annual_essentials,,,[name],2027-03-11T14:39:58.000Z,,300,,2027-03-11T14:39:58.000Z,2026-03-11T14:39:58.000Z,3600,[name],,https://www.supersummary.com/subscription,https://www.supersummary.com/subscription/confirming/cancel,,Default/Fallback [July 2025] [25% one time / No entry modal],,03-11-2026,,08-24-2026,03-11-2026,03-11-2026,03-11-2026,,03-11-2026,03-11-2027
Wg8O42S_87b72e91d09c3d3a,1731753,,Teachers; fallback,,,[name],[name],[name],I don’t want my subscription to renew automatically,too_expensive_for_value_provided_1447236661,I don't want to commit to a subscription,i_dont_want_to_commit_to_a_subscription,,Pricing (eCommerce),pricing_ecommerce,5,,,u_73e0a07f683bd9e3,,,,0,16.65,,Canceled,2026-08-24T04:02:59.000Z,2026-08-24T04:03:24.000Z,2026-08-24T04:03:25.000Z,,24.44,2026-08-24T04:09:06.000Z,cancel,Valid Cancel,monthly,2026-09-18T12:27:28.000Z,2026-09-18T12:27:28.000Z,16.65,16.65,16.65,Brightback,,,,,,,1731753,2026-08-18T12:27:24.000Z,,2026-08-18T12:27:28.000Z,,h_377ce1d634d88269,,1,2026-08-18T12:27:28.000Z,USD,u_73e0a07f683bd9e3,ACTIVE,h_c0fe907c4860e336,[name],16.65,monthly_plus,,2026-08-18T12:27:28.000Z,teacher,,1,monthly_plus,2026-08-18T12:27:28.000Z,_UNKNOWN,1665,MONTH,monthly_plus,,High School,[name],2026-09-18T12:27:28.000Z,,1665,,2026-09-18T12:27:28.000Z,2026-08-18T12:27:28.000Z,1665,[name],,https://www.supersummary.com/subscription,https://www.supersummary.com/subscription/confirming/cancel,,Teacher Experience [July 2025] [40% one-time / Modal],,08-18-2026,,08-24-2026,08-18-2026,08-18-2026,08-18-2026,,08-18-2026,09-18-2026
Wg8O1Vw_93ae82765b23a72c,16A6Z1TnmdjY14EqK,,Teachers; Annual,,,[name],[name],,I don’t want my subscription to renew automatically,too_expensive_for_value_provided_1447236661,I don't want to commit to a subscription,i_dont_want_to_commit_to_a_subscription,,Pricing (eCommerce),pricing_ecommerce,1,Nothing,,u_36fe7913572c530f,Idk,,,1,,,Canceled,2026-08-24T01:32:02.000Z,2026-08-24T01:32:51.000Z,2026-08-24T01:32:51.000Z,,24.55,2026-08-24T01:32:51.000Z,cancel,Valid Cancel,annual,2027-08-23T18:41:14.000Z,2027-08-23T18:41:14.000Z,3.0,3.0,36.0,Brightback,,,,,,,16A6Z1TnmdjY14EqK,2023-08-23T18:41:13.000Z,,2023-08-23T18:41:14.000Z,,h_e975f78487cda452,,1,2023-08-23T18:41:14.000Z,USD,u_36fe7913572c530f,ACTIVE,h_61b521088aff9d03,[name],,,,2026-08-23T18:41:14.000Z,teacher,,1,annual,2023-08-23T18:41:14.000Z,_UNKNOWN,3600,YEAR,,,High School,[name],2027-08-23T18:41:14.000Z,,300,,2027-08-23T18:41:14.000Z,2023-08-23T18:41:14.000Z,3600,,,,,,Teacher Experience [July 2025] [40% one-time / Modal],,08-23-2023,,08-24-2026,08-23-2023,08-23-2023,08-23-2023,,08-23-2023,08-23-2027
Wg8O1pm_a17c334acc2f1dd8,169kBBTnW6jC4ELmX,,Teachers; Annual,,,[name],[name],,I don’t want my subscription to renew automatically,too_expensive_for_value_provided_1447236661,I don't want to commit to a subscription,i_dont_want_to_commit_to_a_subscription,,Pricing (eCommerce),pricing_ecommerce,5,n,,u_c8fb3ac966762b3d,,,,0,,,Canceled,2026-08-24T01:51:52.000Z,2026-08-24T01:52:31.000Z,2026-08-24T01:52:32.000Z,,24.53,2026-08-24T01:52:32.000Z,cancel,Valid Cancel,annual,2027-08-20T22:49:47.000Z,2027-08-20T22:49:47.000Z,3.0,3.0,36.0,Brightback,,,,,,,169kBBTnW6jC4ELmX,2023-08-20T22:49:45.000Z,,2023-08-20T22:49:47.000Z,,h_cec6dabc50a7310d,,1,2023-08-20T22:49:47.000Z,USD,u_c8fb3ac966762b3d,ACTIVE,h_214daab5ea34ae7f,[name],,,,2026-08-20T22:49:47.000Z,teacher,,1,annual,2023-08-20T22:49:47.000Z,_UNKNOWN,3600,YEAR,,,other,[name],2027-08-20T22:49:47.000Z,,300,,2027-08-20T22:49:47.000Z,2023-08-20T22:49:47.000Z,3600,,,,,,Teacher Experience [July 2025] [40% one-time / Modal],,08-20-2023,,08-24-2026,08-20-2023,08-20-2023,08-20-2023,,08-20-2023,08-20-2027
Wg8NNQQ_ac64ec6e7941af1f,400184,,Parents; Annual,,,[name],[name],[name],I don’t want my subscription to renew automatically,too_expensive_for_value_provided_1447236661,I don't want to commit to a subscription,i_dont_want_to_commit_to_a_subscription,,Pricing (eCommerce),pricing_ecommerce,1,,,u_d55c65e8d1a3146a,,,,0,36.0,,Canceled,2026-08-23T23:26:41.000Z,2026-08-23T23:27:09.000Z,2026-08-23T23:27:10.000Z,,24.63,2026-08-23T23:27:10.000Z,cancel,Valid Cancel,annual,2027-08-22T06:13:36.000Z,2027-08-22T06:13:36.000Z,3.0,3.0,36.0,Brightback,,,,,,,400184,2023-08-22T06:13:34.000Z,,2023-08-22T06:13:36.000Z,,h_9f44733a189be517,,1,2023-08-22T06:13:36.000Z,USD,u_d55c65e8d1a3146a,ACTIVE,h_a092b97f2221739b,[name],36.0,annual,,2026-08-22T06:13:36.000Z,parent_of_student,,1,annual,2023-08-22T06:13:36.000Z,_UNKNOWN,3600,YEAR,annual,,other,[name],2027-08-22T06:13:36.000Z,,300,,2027-08-22T06:13:36.000Z,2023-08-22T06:13:36.000Z,3600,[name],,https://www.supersummary.com/subscription,https://www.supersummary.com/subscription/confirming/cancel,,Parent Experience [July 2025] [25% one-time / Modal],,08-22-2023,,08-23-2026,08-22-2023,08-22-2023,08-22-2023,,08-22-2023,08-22-2027
Wg8NN5t_8d6f6ce86e5685f4,1737828,,Book Club Members; fallback,,,[name],[name],[name],I don’t want my subscription to renew automatically,too_expensive_for_value_provided_1447236661,I don't want to commit to a subscription,i_dont_want_to_commit_to_a_subscription,,Pricing (eCommerce),pricing_ecommerce,5,,,u_0abb214a9996a91b,,,,0,36.0,,Canceled,2026-08-23T23:06:07.000Z,2026-08-23T23:07:44.000Z,2026-08-23T23:07:44.000Z,,24.65,2026-08-23T23:07:44.000Z,cancel,Valid Cancel,annual,2027-08-23T22:01:02.000Z,2027-08-23T22:01:02.000Z,3.0,3.0,36.0,Brightback,,,,,,,1737828,2026-08-23T22:01:00.000Z,,2026-08-23T22:01:02.000Z,,h_83247c2c5d661aad,,1,2026-08-23T22:01:02.000Z,USD,u_0abb214a9996a91b,ACTIVE,h_6dc39efab0eded37,[name],36.0,annual_essentials,,2026-08-23T22:01:02.000Z,book_club_member,,1,annual_essentials,2026-08-23T22:01:02.000Z,_UNKNOWN,3600,YEAR,annual_essentials,,,[name],2027-08-23T22:01:02.000Z,,300,,2027-08-23T22:01:02.000Z,2026-08-23T22:01:02.000Z,3600,[name],,https://www.supersummary.com/subscription,https://www.supersummary.com/subscription/confirming/cancel,,BCM Experience [July 2025] [25% one-time / No Entry Modal],,08-23-2026,,08-23-2026,08-23-2026,08-23-2026,08-23-2026,,08-23-2026,08-23-2027
Wg8NM1t_87e9871b44308aaf,AzZUpFVT9Y6UN7xU6,,Students; fallback,,,[name],[name],,I don’t want my subscription to renew automatically,too_expensive_for_value_provided_1447236661,I don't want to commit to a subscription,i_dont_want_to_commit_to_a_subscription,Too expensive ,Pricing (eCommerce),pricing_ecommerce,6,Nothing ,,u_53c632c57ee451a5,,,,0,,,Canceled,2026-08-23T22:02:00.000Z,2026-08-23T22:03:40.000Z,2026-08-23T22:03:40.000Z,,24.69,2026-08-23T22:03:40.000Z,cancel,Valid Cancel,annual,2027-08-23T20:17:50.000Z,2027-08-23T20:17:50.000Z,5.0,5.0,60.0,Brightback,,,,,,,AzZUpFVT9Y6UN7xU6,2026-08-23T20:17:49.000Z,,2026-08-23T20:17:50.000Z,,h_511fbaa8ee93fc8a,,1,2026-08-23T20:17:50.000Z,USD,u_53c632c57ee451a5,ACTIVE,h_9e32c5371e49cefa,[name],,,,2026-08-23T20:17:50.000Z,student,,1,annual_plus,2026-08-23T20:17:50.000Z,_UNKNOWN,6000,YEAR,,,Middle School,[name],2027-08-23T20:17:50.000Z,,500,,2027-08-23T20:17:50.000Z,2026-08-23T20:17:50.000Z,6000,,,,,,Student Experience [July 2025] [25% one-time / No Entry Modal],,08-23-2026,,08-23-2026,08-23-2026,08-23-2026,08-23-2026,,08-23-2026,08-23-2027
Wg8NJcv_bc6d191be4f7e667,AzZV4mVT8UIYP7OuE,,Students; fallback,,,[name],[name],,I don’t want my subscription to renew automatically,too_expensive_for_value_provided_1447236661,I don't want to commit to a subscription,i_dont_want_to_commit_to_a_subscription,,Pricing (eCommerce),pricing_ecommerce,1,,,u_a3be80a54e25be05,,,,0,,,Canceled,2026-08-23T19:39:00.000Z,2026-08-23T19:39:19.000Z,2026-08-23T19:39:19.000Z,,24.79,2026-08-23T19:39:19.000Z,cancel,Valid Cancel,annual,2027-08-23T15:56:27.000Z,2027-08-23T15:56:27.000Z,5.0,5.0,60.0,Brightback,,,,,,,AzZV4mVT8UIYP7OuE,2026-08-23T15:56:26.000Z,,2026-08-23T15:56:27.000Z,,h_816ab3f886727deb,,1,2026-08-23T15:56:27.000Z,USD,u_a3be80a54e25be05,ACTIVE,h_4669502ffb0dcfee,[name],,,,2026-08-23T15:56:27.000Z,student,,1,annual_plus,2026-08-23T15:56:27.000Z,_UNKNOWN,6000,YEAR,,,High School,[name],2027-08-23T15:56:27.000Z,,500,,2027-08-23T15:56:27.000Z,2026-08-23T15:56:27.000Z,6000,,,,,,Student Experience [July 2025] [25% one-time / No Entry Modal],,08-23-2026,,08-23-2026,08-23-2026,08-23-2026,08-23-2026,,08-23-2026,08-23-2027
Wg8NG0X_a3c2bdbdcec0485e,1690166,,Book Club Members; fallback,,,[name],[name],[name],I don’t want my subscription to renew automatically,too_expensive_for_value_provided_1447236661,I don't want to commit to a subscription,i_dont_want_to_commit_to_a_subscription,,Pricing (eCommerce),pricing_ecommerce,7,,,u_e5cba44ae9934366,,,,0,9.95,,Canceled,2026-08-23T16:00:43.000Z,2026-08-23T16:01:19.000Z,2026-08-23T16:01:19.000Z,,24.94,2026-08-23T16:01:19.000Z,cancel,Valid Cancel,monthly,2026-09-05T13:47:44.000Z,2026-09-05T13:47:44.000Z,9.95,9.95,9.95,Brightback,,,,,,,1690166,2026-07-05T13:47:42.000Z,,2026-07-05T13:47:44.000Z,,h_09030bb8eacb282e,,1,2026-07-05T13:47:44.000Z,USD,u_e5cba44ae9934366,ACTIVE,h_677fcf6b3f7f836a,[name],9.95,monthly_essentials,,2026-08-05T13:47:44.000Z,book_club_member,,1,monthly_essentials,2026-07-05T13:47:44.000Z,_UNKNOWN,995,MONTH,monthly_essentials,,,[name],2026-09-05T13:47:44.000Z,,995,,2026-09-05T13:47:44.000Z,2026-07-05T13:47:44.000Z,995,[name],,https://www.supersummary.com/subscription,https://www.supersummary.com/subscription/confirming/cancel,,BCM Experience [July 2025] [25% one-time / No Entry Modal],,07-05-2026,,08-23-2026,07-05-2026,07-05-2026,07-05-2026,,07-05-2026,09-05-2026
Wg8NCwu_96c85f5d33425127,1735033,,Students; fallback,,,[name],[name],[name],I don’t want my subscription to renew automatically,too_expensive_for_value_provided_1447236661,I don't want to commit to a subscription,i_dont_want_to_commit_to_a_subscription,,Pricing (eCommerce),pricing_ecommerce,2,Mouthing ,,u_134c31a342d6a9a1,Noting ,,,1,36.0,,Canceled,2026-08-23T12:59:02.000Z,2026-08-23T12:59:20.000Z,2026-08-23T12:59:21.000Z,,25.07,2026-08-23T12:59:21.000Z,cancel,Valid Cancel,annual,2027-08-21T01:02:35.000Z,,3.0,3.0,36.0,Brightback,,,,,,,1735033,2026-08-21T01:02:34.000Z,,2026-08-21T01:02:35.000Z,,h_2862b4968d4dbd07,,1,2026-08-21T01:02:35.000Z,USD,u_134c31a342d6a9a1,NON_RENEWING,h_974c66f34672d8d5,[name],36.0,annual_essentials,,2026-08-21T01:02:35.000Z,student,,1,annual_essentials,2026-08-21T01:02:35.000Z,_UNKNOWN,3600,YEAR,annual_essentials,,College,[name],,,300,,2027-08-21T01:02:35.000Z,2026-08-21T01:02:35.000Z,3600,[name],,https://www.supersummary.com/subscription,https://www.supersummary.com/subscription/confirming/cancel,,Student Experience [July 2025] [25% one-time / No Entry Modal],,08-21-2026,,08-23-2026,08-21-2026,08-21-2026,08-21-2026,,08-21-2026,
Wg8NCdR_b2b3122c1c7a41eb,AzZWvCUueujNH3llu,,Teachers; Annual,,,[name],[name],,I don’t want my subscription to renew automatically,too_expensive_for_value_provided_1447236661,I don't want to commit to a subscription,i_dont_want_to_commit_to_a_subscription,,Pricing (eCommerce),pricing_ecommerce,5,,,u_693590989175d315,,,,0,,,Canceled,2026-08-23T12:39:34.000Z,2026-08-23T12:40:45.000Z,2026-08-23T12:40:45.000Z,,25.08,2026-08-23T12:40:45.000Z,cancel,Valid Cancel,annual,2027-08-23T02:11:20.000Z,2027-08-23T02:11:20.000Z,3.0,3.0,36.0,Brightback,,,,,,,AzZWvCUueujNH3llu,2025-08-23T02:11:18.000Z,,2025-08-23T02:11:20.000Z,,h_ff7204d0245a3b02,,1,2025-08-23T02:11:20.000Z,USD,u_693590989175d315,ACTIVE,h_10f14d2743331b72,[name],,,,2026-08-23T02:11:20.000Z,teacher,,1,annual,2025-08-23T02:11:20.000Z,_UNKNOWN,3600,YEAR,,,College,[name],2027-08-23T02:11:20.000Z,,300,,2027-08-23T02:11:20.000Z,2025-08-23T02:11:20.000Z,3600,,,,,,Teacher Experience [July 2025] [40% one-time / Modal],,08-23-2025,,08-23-2026,08-23-2025,08-23-2025,08-23-2025,,08-23-2025,08-23-2027
Wg8N6A8_a299234f19a870ca,1295414,,Book Club Members; Annual,,,[name],[name],[name],I don’t want my subscription to renew automatically,too_expensive_for_value_provided_1447236661,I don't want to commit to a subscription,i_dont_want_to_commit_to_a_subscription,,Pricing (eCommerce),pricing_ecommerce,4,,,u_8d195fa58a4e2dc0,,,,0,36.0,,Canceled,2026-08-23T06:10:31.000Z,2026-08-23T06:10:52.000Z,2026-08-23T06:10:52.000Z,,25.35,2026-08-23T06:10:52.000Z,cancel,Valid Cancel,annual,2027-08-22T19:25:47.000Z,2027-08-22T19:25:47.000Z,3.0,3.0,36.0,Brightback,,,,,,,1295414,2025-08-22T19:25:43.000Z,,2025-08-22T19:25:47.000Z,,h_923c36e6a4fbfded,,1,2025-08-22T19:25:47.000Z,USD,u_8d195fa58a4e2dc0,ACTIVE,h_721ac77abdc345ea,[name],36.0,annual,,2026-08-22T19:25:47.000Z,book_club_member,,1,annual,2025-08-22T19:25:47.000Z,_UNKNOWN,3600,YEAR,annual,,,[name],2027-08-22T19:25:47.000Z,,300,,2027-08-22T19:25:47.000Z,2025-08-22T19:25:47.000Z,3600,[name],,https://www.supersummary.com/subscription,https://www.supersummary.com/subscription/confirming/cancel,,BCM Experience [July 2025] [25% one-time / No Entry Modal],,08-22-2025,,08-23-2026,08-22-2025,08-22-2025,08-22-2025,,08-22-2025,08-22-2027
Wg8N5st_9935f18b6ed02ec0,237025,,Teachers; Annual,,,[name],[name],[name],I don’t want my subscription to renew automatically,too_expensive_for_value_provided_1447236661,I don't want to commit to a subscription,i_dont_want_to_commit_to_a_subscription,,Pricing (eCommerce),pricing_ecommerce,10,Nothing my budget is tight ,,u_baff3194ef39508e,Nothing ,,,1,36.0,,Canceled,2026-08-23T05:55:29.000Z,2026-08-23T05:58:02.000Z,2026-08-23T05:58:03.000Z,,25.36,2026-08-23T05:58:03.000Z,cancel,Valid Cancel,annual,2027-08-19T23:47:05.000Z,2027-08-19T23:47:05.000Z,3.0,3.0,36.0,Brightback,,,,1,36.0,2026-08-24T23:47:14.000Z,237025,2022-08-19T23:47:04.000Z,,2022-08-19T23:47:05.000Z,,h_12088af71b789c65,,1,2022-08-19T23:47:05.000Z,USD,u_baff3194ef39508e,ACTIVE,h_598004bbbf79beb2,[name],36.0,annual,,2026-08-19T23:47:05.000Z,teacher,,1,annual,2022-08-19T23:47:05.000Z,_UNKNOWN,3600,YEAR,annual,,High School,[name],2027-08-19T23:47:05.000Z,,300,,2027-08-19T23:47:05.000Z,2022-08-19T23:47:05.000Z,3600,[name],,https://www.supersummary.com/subscription,https://www.supersummary.com/subscription/confirming/cancel,,Teacher Experience [July 2025] [40% one-time / Modal],,08-19-2022,,08-23-2026,08-19-2022,08-19-2022,08-19-2022,,08-19-2022,08-19-2027
Wg8N4e0_81e00a771f58d63a,AzZsQTUuZdTUpJ8P,,Students; Annual,,,[name],[name],,I don’t want my subscription to renew automatically,too_expensive_for_value_provided_1447236661,I don't want to commit to a subscription,i_dont_want_to_commit_to_a_subscription,,Pricing (eCommerce),pricing_ecommerce,4,,,u_8ae888122d4ff4a5,,,,0,,,Canceled,2026-08-23T04:40:02.000Z,2026-08-23T04:40:53.000Z,2026-08-23T04:40:53.000Z,,25.42,2026-08-23T04:40:53.000Z,cancel,Valid Cancel,annual,2027-08-22T04:31:26.000Z,2027-08-22T04:31:26.000Z,3.0,3.0,36.0,Brightback,,,,1,36.0,2026-08-28T04:31:35.000Z,AzZsQTUuZdTUpJ8P,2025-08-22T04:31:23.000Z,,2025-08-22T04:31:26.000Z,,h_e0cbf3d20e07b40a,,1,2025-08-22T04:31:26.000Z,USD,u_8ae888122d4ff4a5,ACTIVE,h_249971629b93cd47,[name],,,,2026-08-22T04:31:26.000Z,student,,1,annual,2025-08-22T04:31:26.000Z,_UNKNOWN,3600,YEAR,,,College,[name],2027-08-22T04:31:26.000Z,,300,,2027-08-22T04:31:26.000Z,2025-08-22T04:31:26.000Z,3600,,,,,,Student Experience [July 2025] [25% one-time / No Entry Modal],,08-22-2025,,08-23-2026,08-22-2025,08-22-2025,08-22-2025,,08-22-2025,08-22-2027
Wg8MMTB_a029532bea9fad02,1736731,,Book Club Members; fallback,,,[name],[name],[name],I don’t want my subscription to renew automatically,too_expensive_for_value_provided_1447236661,I don't want to commit to a subscription,i_dont_want_to_commit_to_a_subscription,,Pricing (eCommerce),pricing_ecommerce,5,nothing,,u_5e196df4e6c1ce9e,,,,0,60.0,,Canceled,2026-08-22T22:29:46.000Z,2026-08-22T22:31:41.000Z,2026-08-22T22:31:42.000Z,,25.67,2026-08-22T22:31:42.000Z,cancel,Valid Cancel,annual,2027-08-22T19:19:06.000Z,2027-08-22T19:19:06.000Z,5.0,5.0,60.0,Brightback,,,,,,,1736731,2026-08-22T19:19:05.000Z,,2026-08-22T19:19:06.000Z,,h_ddc6463e27c964d0,,1,2026-08-22T19:19:06.000Z,USD,u_5e196df4e6c1ce9e,ACTIVE,h_916f053c1529fbfc,[name],60.0,annual_plus,,2026-08-22T19:19:06.000Z,book_club_member,,1,annual_plus,2026-08-22T19:19:06.000Z,_UNKNOWN,6000,YEAR,annual_plus,,,[name],2027-08-22T19:19:06.000Z,,500,,2027-08-22T19:19:06.000Z,2026-08-22T19:19:06.000Z,6000,[name],,https://www.supersummary.com/subscription,https://www.supersummary.com/subscription/confirming/cancel,,BCM Experience [July 2025] [25% one-time / No Entry Modal],,08-22-2026,,08-22-2026,08-22-2026,08-22-2026,08-22-2026,,08-22-2026,08-22-2027
Wg8MLCS_a8a24694de9fe0d2,AzZMykTEQ1DekBUQB,,Parents; Annual,,,[name],[name],,I don’t want my subscription to renew automatically,too_expensive_for_value_provided_1447236661,I don't want to commit to a subscription,i_dont_want_to_commit_to_a_subscription,,Pricing (eCommerce),pricing_ecommerce,7,Not currently needed,,u_a72820a7e73e10ea,,,,0,,,Canceled,2026-08-22T21:12:34.000Z,2026-08-22T21:14:30.000Z,2026-08-22T21:14:30.000Z,,25.73,2026-08-22T21:14:30.000Z,cancel,Valid Cancel,annual,2027-02-13T12:32:55.000Z,2027-02-13T12:32:55.000Z,3.0,3.0,36.0,Brightback,,,,,,,AzZMykTEQ1DekBUQB,2022-08-13T18:59:25.000Z,,2022-08-13T18:59:27.000Z,,h_91cea3c1fdb7a29c,,1,2022-08-13T18:59:27.000Z,USD,u_a72820a7e73e10ea,ACTIVE,h_d37a4f4df79864fb,[name],,,,2026-02-13T12:32:55.000Z,parent_of_student,,1,annual,2022-08-13T18:59:27.000Z,_UNKNOWN,3600,YEAR,,,High School,[name],2027-02-13T12:32:55.000Z,,300,,2027-02-13T12:32:55.000Z,2022-08-13T18:59:27.000Z,3600,,,,,,Parent Experience [July 2025] [25% one-time / Modal],,08-13-2022,,08-22-2026,08-13-2022,08-13-2022,08-13-2022,,08-13-2022,02-13-2027
Wg8MJOG_b6788c767adcb17f,AzZaioVSfjULf2bBU,,Students; fallback,,,[name],[name],,I don’t want my subscription to renew automatically,too_expensive_for_value_provided_1447236661,I don't want to commit to a subscription,i_dont_want_to_commit_to_a_subscription,,Pricing (eCommerce),pricing_ecommerce,1,,,u_d72700d5027c9669,,,,0,,,Canceled,2026-08-22T19:24:18.000Z,2026-08-22T19:24:39.000Z,2026-08-22T19:24:40.000Z,,25.8,2026-08-22T19:24:40.000Z,cancel,Valid Cancel,monthly,2026-09-18T17:54:53.000Z,2026-09-18T17:54:53.000Z,9.95,9.95,9.95,Brightback,,,,,,,AzZaioVSfjULf2bBU,2026-05-25T01:04:41.000Z,,2026-08-18T17:54:53.000Z,,h_cde90de5d560d076,,1,2026-08-18T17:54:53.000Z,USD,u_d72700d5027c9669,ACTIVE,h_80c00cdd4fbe4217,[name],,,,2026-08-18T17:54:53.000Z,student,,1,monthly_essentials,2026-08-18T17:54:53.000Z,_UNKNOWN,995,MONTH,,,College,[name],2026-09-18T17:54:53.000Z,,995,,2026-09-18T17:54:53.000Z,2026-08-18T17:54:53.000Z,995,,,,,,Student Experience [July 2025] [25% one-time / No Entry Modal],,08-18-2026,,08-22-2026,08-18-2026,08-18-2026,05-25-2026,,08-18-2026,09-18-2026
Wg8MI5h_a6e45361c79739e9,AzqiPcVT2VSyL4zZa,,fallback,,,[name],[name],,I don’t want my subscription to renew automatically,too_expensive_for_value_provided_1447236661,I don't want to commit to a subscription,i_dont_want_to_commit_to_a_subscription,,Pricing (eCommerce),pricing_ecommerce,2,,,u_6d8ca4830c491575,N/a,,,1,,,Canceled,2026-08-22T18:05:45.000Z,2026-08-22T18:06:14.000Z,2026-08-24T03:46:40.000Z,,25.86,2026-08-24T03:46:40.000Z,cancel,Valid Cancel,monthly,2026-09-22T15:23:27.000Z,2026-09-22T15:23:27.000Z,9.95,9.95,9.95,Brightback,,,,,,,AzqiPcVT2VSyL4zZa,2026-08-22T15:23:26.000Z,,2026-08-22T15:23:27.000Z,,h_c46e9c1ba5c03003,,1,2026-08-22T15:23:27.000Z,USD,u_6d8ca4830c491575,ACTIVE,h_c6004176aa16f10e,[name],,,,2026-08-22T15:23:27.000Z,other,,1,monthly_essentials,2026-08-22T15:23:27.000Z,_UNKNOWN,995,MONTH,,,,[name],2026-09-22T15:23:27.000Z,,995,,2026-09-22T15:23:27.000Z,2026-08-22T15:23:27.000Z,995,,,,,,Default/Fallback [July 2025] [25% one time / No entry modal],,08-22-2026,,08-22-2026,08-22-2026,08-22-2026,08-22-2026,,08-22-2026,09-22-2026
Wg8MGhg_96d730e2f7d7a2e2,16A1AKS8PVvaR1jBW,,Parents; Annual,,,[name],[name],,I don’t want my subscription to renew automatically,too_expensive_for_value_provided_1447236661,I don't want to commit to a subscription,i_dont_want_to_commit_to_a_subscription,,Pricing (eCommerce),pricing_ecommerce,5,,,u_366e90a2a600cc2d,,,,0,,,Canceled,2026-08-22T16:43:45.000Z,2026-08-22T16:44:15.000Z,2026-08-22T16:44:15.000Z,,25.91,2026-08-22T16:44:15.000Z,cancel,Valid Cancel,annual,2027-08-22T16:11:54.000Z,2027-08-22T16:11:54.000Z,3.0,3.0,36.0,Brightback,,,,,,,16A1AKS8PVvaR1jBW,2020-08-22T16:11:16.000Z,,2020-08-22T16:11:54.000Z,,h_d774b1121cde946e,,1,2020-08-22T16:11:54.000Z,USD,u_366e90a2a600cc2d,ACTIVE,h_55ce597a7af431a8,[name],,,,2026-08-22T16:11:54.000Z,parent_of_student,,1,annual,2020-08-22T16:11:54.000Z,_UNKNOWN,3600,YEAR,,,Middle School,[name],2027-08-22T16:11:54.000Z,,300,,2027-08-22T16:11:54.000Z,2020-08-22T16:11:54.000Z,3600,,,,,,Parent Experience [July 2025] [25% one-time / Modal],,08-22-2020,,08-22-2026,08-22-2020,08-22-2020,08-22-2020,,08-22-2020,08-22-2027
Wg8MD9W_8d873e8e4b22f6a0,AzZZUqVOH9zFw3I7R,,Parents; fallback,,,[name],[name],,I don’t want my subscription to renew automatically,too_expensive_for_value_provided_1447236661,I don't want to commit to a subscription,i_dont_want_to_commit_to_a_subscription,,Pricing (eCommerce),pricing_ecommerce,2,I don’t know,,u_f307da83943336c3,I don’t know,,,1,,,Canceled,2026-08-22T13:09:37.000Z,2026-08-22T13:10:21.000Z,2026-08-22T13:10:22.000Z,,26.06,2026-08-22T13:10:22.000Z,cancel,Valid Cancel,annual,2027-07-03T03:07:49.000Z,2027-07-03T03:07:49.000Z,3.0,3.0,36.0,Brightback,,,,,,,AzZZUqVOH9zFw3I7R,2026-07-03T03:07:46.000Z,,2026-07-03T03:07:49.000Z,,h_fb4d983ae4d6c45c,,1,2026-07-03T03:07:49.000Z,USD,u_f307da83943336c3,ACTIVE,h_c36123e7f2e7d480,[name],,,,2026-07-03T03:07:49.000Z,parent_of_student,,1,annual_essentials,2026-07-03T03:07:49.000Z,_UNKNOWN,3600,YEAR,,,other,[name],2027-07-03T03:07:49.000Z,,300,,2027-07-03T03:07:49.000Z,2026-07-03T03:07:49.000Z,3600,,,,,,Parent Experience [July 2025] [25% one-time / No Entry Modal],,07-03-2026,,08-22-2026,07-03-2026,07-03-2026,07-03-2026,,07-03-2026,07-03-2027
Wg8M8wp_861a99ecb80ac647,AzqXqSVQ5fyaenWE,,Teachers; fallback,,,[name],[name],,I don’t want my subscription to renew automatically,too_expensive_for_value_provided_1447236661,I don't want to commit to a subscription,i_dont_want_to_commit_to_a_subscription,,Pricing (eCommerce),pricing_ecommerce,7,,,u_13c99aeaa8019108,,,,0,,,Canceled,2026-08-22T08:58:56.000Z,2026-08-22T08:59:16.000Z,2026-08-22T08:59:16.000Z,,26.24,2026-08-22T08:59:16.000Z,cancel,Valid Cancel,monthly,2026-09-22T08:57:22.000Z,2026-09-22T08:57:22.000Z,16.65,16.65,16.65,Brightback,,,,,,,AzqXqSVQ5fyaenWE,2022-05-13T11:20:24.000Z,,2026-07-22T08:57:22.000Z,,h_7846e1b4c3e867ee,,1,2026-07-22T08:57:22.000Z,USD,u_13c99aeaa8019108,ACTIVE,h_e4727a5ea7f00f76,[name],,,,2026-08-22T08:57:22.000Z,teacher,,1,monthly_plus,2026-07-22T08:57:22.000Z,_UNKNOWN,1665,MONTH,,,High School,[name],2026-09-22T08:57:22.000Z,,1665,,2026-09-22T08:57:22.000Z,2026-07-22T08:57:22.000Z,1665,,,,,,Teacher Experience [July 2025] [40% one-time / Modal],,07-22-2026,,08-22-2026,07-22-2026,07-22-2026,05-13-2022,,07-22-2026,09-22-2026
Wg8M1GN_ae25bb6c434ed34b,AzyoPKVStbBSR2JU,,Students; fallback,,,[name],[name],,I don’t want my subscription to renew automatically,too_expensive_for_value_provided_1447236661,I don't want to commit to a subscription,i_dont_want_to_commit_to_a_subscription,,Pricing (eCommerce),pricing_ecommerce,9,N/a,,u_f2eea3dbc1d322ec,N/a,,,1,,,Canceled,2026-08-22T01:16:26.000Z,2026-08-22T01:17:16.000Z,2026-08-22T01:17:16.000Z,,26.56,2026-08-22T01:17:16.000Z,cancel,Valid Cancel,monthly,2026-09-21T02:49:43.000Z,2026-09-21T02:49:43.000Z,16.65,16.65,16.65,Brightback,,,,,,,AzyoPKVStbBSR2JU,2026-08-21T02:49:20.000Z,,2026-08-21T02:49:43.000Z,,h_743da505ad9a7d4e,,1,2026-08-21T02:49:43.000Z,USD,u_f2eea3dbc1d322ec,ACTIVE,h_001b2431e09364b7,[name],,,,2026-08-21T02:49:43.000Z,student,,1,monthly_plus,2026-08-21T02:49:43.000Z,_UNKNOWN,1665,MONTH,,,High School,[name],2026-09-21T02:49:43.000Z,,1665,,2026-09-21T02:49:43.000Z,2026-08-21T02:49:43.000Z,1665,,,,,,Student Experience [July 2025] [25% one-time / No Entry Modal],,08-21-2026,,08-22-2026,08-21-2026,08-21-2026,08-21-2026,,08-21-2026,09-21-2026
Wg8M00b_a8d113a98d85678e,1634302,,Students; fallback,,,[name],[name],[name],I don’t want my subscription to renew automatically,too_expensive_for_value_provided_1447236661,I don't want to commit to a subscription,i_dont_want_to_commit_to_a_subscription,,Pricing (eCommerce),pricing_ecommerce,6,College websites ,,u_5505e5d3292d8308,I love the experience but I may return soon,,,1,9.95,,Canceled,2026-08-22T00:00:43.000Z,2026-08-22T00:02:42.000Z,2026-08-22T00:02:42.000Z,,26.61,2026-08-22T00:02:42.000Z,cancel,Valid Cancel,monthly,2026-09-10T04:02:14.000Z,2026-09-10T04:02:14.000Z,9.95,9.95,9.95,Brightback,,,,,,,1634302,2026-05-10T04:02:11.000Z,,2026-05-10T04:02:14.000Z,,h_373cb39fd4bac863,,1,2026-05-10T04:02:14.000Z,USD,u_5505e5d3292d8308,ACTIVE,h_46d4b1a0406d6307,[name],9.95,monthly_essentials,,2026-08-10T04:02:14.000Z,student,,1,monthly_essentials,2026-05-10T04:02:14.000Z,_UNKNOWN,995,MONTH,monthly_essentials,,High School,[name],2026-09-10T04:02:14.000Z,,995,,2026-09-10T04:02:14.000Z,2026-05-10T04:02:14.000Z,995,[name],,https://www.supersummary.com/subscription,https://www.supersummary.com/subscription/confirming/cancel,,Student Experience [July 2025] [25% one-time / No Entry Modal],,05-10-2026,,08-22-2026,05-10-2026,05-10-2026,05-10-2026,,05-10-2026,09-10-2026
Wg8LKiI_b2bec1ea5edbee44,AzyUsVVSxx9RC2Xvl,,fallback,,,[name],[name],,I don’t want my subscription to renew automatically,too_expensive_for_value_provided_1447236661,I don't want to commit to a subscription,i_dont_want_to_commit_to_a_subscription,,Pricing (eCommerce),pricing_ecommerce,5,,,u_def32daddbcafc70,,,,0,,,Canceled,2026-08-21T20:44:24.000Z,2026-08-21T20:45:30.000Z,2026-08-21T20:45:31.000Z,,26.75,2026-08-21T20:45:31.000Z,cancel,Valid Cancel,annual,2027-08-21T20:42:03.000Z,2027-08-21T20:42:03.000Z,3.0,3.0,36.0,Brightback,,,,,,,AzyUsVVSxx9RC2Xvl,2026-08-21T20:42:01.000Z,,2026-08-21T20:42:03.000Z,,h_8a37efabd6b2826f,,1,2026-08-21T20:42:03.000Z,USD,u_def32daddbcafc70,ACTIVE,h_438278bfbe8be513,[name],,,,2026-08-21T20:42:03.000Z,avid_reader,,1,annual_essentials,2026-08-21T20:42:03.000Z,_UNKNOWN,3600,YEAR,,,,[name],2027-08-21T20:42:03.000Z,,300,,2027-08-21T20:42:03.000Z,2026-08-21T20:42:03.000Z,3600,,,,,,Default/Fallback [July 2025] [25% one time / No entry modal],,08-21-2026,,08-21-2026,08-21-2026,08-21-2026,08-21-2026,,08-21-2026,08-21-2027
Wg8LKhN_8d0b03dc527de8c6,AzqbTuUuXhem337PC,,Students; Annual,,,[name],[name],,I don’t want my subscription to renew automatically,too_expensive_for_value_provided_1447236661,I don't want to commit to a subscription,i_dont_want_to_commit_to_a_subscription,,Pricing (eCommerce),pricing_ecommerce,1,the order happened by mistake ,,u_1a546bedd3f1ca05,,,,0,,,Canceled,2026-08-21T20:43:33.000Z,2026-08-21T20:44:36.000Z,2026-08-21T20:44:36.000Z,,26.75,2026-08-21T20:44:36.000Z,cancel,Valid Cancel,annual,2027-08-21T20:35:30.000Z,2027-08-21T20:35:30.000Z,3.0,3.0,36.0,Brightback,,,,,,,AzqbTuUuXhem337PC,2025-08-21T20:35:27.000Z,,2025-08-21T20:35:30.000Z,,h_6567596d857e23ed,,1,2025-08-21T20:35:30.000Z,USD,u_1a546bedd3f1ca05,ACTIVE,h_57cedb15b16b8d17,[name],,,,2026-08-21T20:35:30.000Z,student,,1,annual,2025-08-21T20:35:30.000Z,_UNKNOWN,3600,YEAR,,,Postgrad Program,[name],2027-08-21T20:35:30.000Z,,300,,2027-08-21T20:35:30.000Z,2025-08-21T20:35:30.000Z,3600,,,,,,Student Experience [July 2025] [25% one-time / No Entry Modal],,08-21-2025,,08-21-2026,08-21-2025,08-21-2025,08-21-2025,,08-21-2025,08-21-2027
Wg8LJ6C_8731abc1e7ea5209,634252,,Teachers; Annual,,,[name],[name],[name],I don’t want my subscription to renew automatically,too_expensive_for_value_provided_1447236661,I don't want to commit to a subscription,i_dont_want_to_commit_to_a_subscription,,Pricing (eCommerce),pricing_ecommerce,5,I have better guides ,,u_ae9eab3eeb636d7f,not an annual renewal,,,1,36.0,,Canceled,2026-08-21T19:06:26.000Z,2026-08-21T19:07:12.000Z,2026-08-21T19:07:12.000Z,,26.81,2026-08-21T19:07:12.000Z,cancel,Valid Cancel,annual,2027-08-21T13:41:18.000Z,2027-08-21T13:41:18.000Z,3.0,3.0,36.0,Brightback,,,,,,,634252,2024-08-21T13:41:16.000Z,,2024-08-21T13:41:18.000Z,,h_d05d5aa0690c5925,,1,2024-08-21T13:41:18.000Z,USD,u_ae9eab3eeb636d7f,ACTIVE,h_25df731c1484b06d,[name],36.0,annual,,2026-08-21T13:41:18.000Z,teacher,,1,annual,2024-08-21T13:41:18.000Z,_UNKNOWN,3600,YEAR,annual,,High School,[name],2027-08-21T13:41:18.000Z,,300,,2027-08-21T13:41:18.000Z,2024-08-21T13:41:18.000Z,3600,[name],,https://www.supersummary.com/subscription,https://www.supersummary.com/subscription/confirming/cancel,,Teacher Experience [July 2025] [40% one-time / Modal],,08-21-2024,,08-21-2026,08-21-2024,08-21-2024,08-21-2024,,08-21-2024,08-21-2027
Wg8LHBs_89c70c9a6fb1cddb,AzZN2HTiIdI4m2QK0,,Book Club Members; Annual,,,[name],[name],,I don’t want my subscription to renew automatically,too_expensive_for_value_provided_1447236661,I don't want to commit to a subscription,i_dont_want_to_commit_to_a_subscription,,Pricing (eCommerce),pricing_ecommerce,5,,,u_64a854953f875af3,,,,0,,,Canceled,2026-08-21T17:11:56.000Z,2026-08-21T17:12:13.000Z,2026-08-21T17:12:13.000Z,,26.89,2026-08-21T17:12:13.000Z,cancel,Valid Cancel,annual,2027-06-26T15:06:54.000Z,2027-06-26T15:06:54.000Z,3.0,3.0,36.0,Brightback,,,,,,,AzZN2HTiIdI4m2QK0,2023-06-26T15:06:52.000Z,,2023-06-26T15:06:54.000Z,,h_3867c3c512274238,,1,2023-06-26T15:06:54.000Z,USD,u_64a854953f875af3,ACTIVE,h_6d586ad87c5b920f,[name],,,,2026-06-26T15:06:54.000Z,book_club_member,,1,annual,2023-06-26T15:06:54.000Z,_UNKNOWN,3600,YEAR,,,,[name],2027-06-26T15:06:54.000Z,,300,,2027-06-26T15:06:54.000Z,2023-06-26T15:06:54.000Z,3600,,,,,,BCM Experience [July 2025] [25% one-time / No Entry Modal],,06-26-2023,,08-21-2026,06-26-2023,06-26-2023,06-26-2023,,06-26-2023,06-26-2027
Wg8LGDZ_96a33b66ad0d510f,1735607,,Teachers; fallback,,,[name],[name],[name],I don’t want my subscription to renew automatically,too_expensive_for_value_provided_1447236661,I don't want to commit to a subscription,i_dont_want_to_commit_to_a_subscription,,Pricing (eCommerce),pricing_ecommerce,1,ANYTHING.,,u_13ba8ff296006bab,REALLY? You charge TWICE even if you cancel in the first month. So much for a money back guarantee. I'm filing a report with the BBB and will be warning my students and colleagues.,,,1,9.95,,Canceled,2026-08-21T16:14:00.000Z,2026-08-21T16:15:07.000Z,2026-08-21T16:15:08.000Z,,26.93,2026-08-21T16:15:08.000Z,cancel,Valid Cancel,monthly,2026-09-21T15:16:47.000Z,,9.95,9.95,9.95,Brightback,,,,,,,1735607,2026-08-21T15:16:46.000Z,,2026-08-21T15:16:47.000Z,,h_53527030b4115b37,,1,2026-08-21T15:16:47.000Z,USD,u_13ba8ff296006bab,NON_RENEWING,h_bd177659e90eb678,[name],9.95,monthly_essentials,,2026-08-21T15:16:47.000Z,teacher,,1,monthly_essentials,2026-08-21T15:16:47.000Z,_UNKNOWN,995,MONTH,monthly_essentials,,College,[name],,,995,,2026-09-21T15:16:47.000Z,2026-08-21T15:16:47.000Z,995,[name],,https://www.supersummary.com/subscription,https://www.supersummary.com/subscription/confirming/cancel,,Teacher Experience [July 2025] [40% one-time / Modal],,08-21-2026,,08-21-2026,08-21-2026,08-21-2026,08-21-2026,,08-21-2026,
Wg8LFqn_8dea037048d0aae9,AzqNjZVRzjPMw1e5N,,fallback,,,[name],[name],,I don’t want my subscription to renew automatically,too_expensive_for_value_provided_1447236661,I don't want to commit to a subscription,i_dont_want_to_commit_to_a_subscription,,Pricing (eCommerce),pricing_ecommerce,4,,,u_f000fb7251491ba8,,,,0,,,Canceled,2026-08-21T15:52:57.000Z,2026-08-21T15:53:20.000Z,2026-08-21T15:53:20.000Z,,26.95,2026-08-21T15:53:20.000Z,cancel,Valid Cancel,annual,2027-08-11T13:31:08.000Z,2027-08-11T13:31:08.000Z,5.0,5.0,60.0,Brightback,,,,,,,AzqNjZVRzjPMw1e5N,2026-08-11T13:31:07.000Z,,2026-08-11T13:31:08.000Z,,h_f4da8cbf756bd626,,1,2026-08-11T13:31:08.000Z,USD,u_f000fb7251491ba8,ACTIVE,h_76b4e5de2ef02e11,[name],,,,2026-08-11T13:31:08.000Z,avid_reader,,1,annual_plus,2026-08-11T13:31:08.000Z,_UNKNOWN,6000,YEAR,,,,[name],2027-08-11T13:31:08.000Z,,500,,2027-08-11T13:31:08.000Z,2026-08-11T13:31:08.000Z,6000,,,,,,Default/Fallback [July 2025] [25% one time / No entry modal],,08-11-2026,,08-21-2026,08-11-2026,08-11-2026,08-11-2026,,08-11-2026,08-11-2027
Wg8LEfW_ba98b7c75b171488,169lIBS8A8RlR2acq,,Students; Annual,,,[name],[name],,I don’t want my subscription to renew automatically,too_expensive_for_value_provided_1447236661,I don't want to commit to a subscription,i_dont_want_to_commit_to_a_subscription,,Pricing (eCommerce),pricing_ecommerce,1,,,u_dda4558fd07717b5,,,,0,,,Canceled,2026-08-21T14:41:38.000Z,2026-08-21T14:42:14.000Z,2026-08-21T14:42:15.000Z,,27.0,2026-08-21T14:42:15.000Z,cancel,Valid Cancel,annual,2027-08-20T01:06:06.000Z,2027-08-20T01:06:06.000Z,3.0,3.0,36.0,Brightback,,,,,,,169lIBS8A8RlR2acq,2020-08-20T01:03:55.000Z,,2020-08-20T01:06:06.000Z,,h_7d85311a4f2ee1c3,,1,2020-08-20T01:06:06.000Z,USD,u_dda4558fd07717b5,ACTIVE,h_498d06bb0281e57a,[name],,,,2026-08-20T01:06:06.000Z,student,,1,annual,2020-08-20T01:06:06.000Z,_UNKNOWN,3600,YEAR,,,High School,[name],2027-08-20T01:06:06.000Z,,300,,2027-08-20T01:06:06.000Z,2020-08-20T01:06:06.000Z,3600,,,,,,Student Experience [July 2025] [25% one-time / No Entry Modal],,08-20-2020,,08-21-2026,08-20-2020,08-20-2020,08-20-2020,,08-20-2020,08-20-2027
Wg8LBhu_9312d8cdcf2bedf2,Azq9doV8ebvc28yZG,,Students; fallback,,,[name],[name],,I don’t want my subscription to renew automatically,too_expensive_for_value_provided_1447236661,I don't want to commit to a subscription,i_dont_want_to_commit_to_a_subscription,,Pricing (eCommerce),pricing_ecommerce,1,,,u_149f1ab4647e8225,,,,0,,,Canceled,2026-08-21T11:44:00.000Z,2026-08-21T11:44:23.000Z,2026-08-21T11:44:23.000Z,,27.12,2026-08-21T11:44:23.000Z,cancel,Valid Cancel,monthly,2026-09-18T11:40:58.000Z,2026-09-18T11:40:58.000Z,16.65,16.65,16.65,Brightback,,,,,,,Azq9doV8ebvc28yZG,2026-01-18T11:40:57.000Z,,2026-01-18T11:40:58.000Z,,h_4dc8b7afb21fdc64,,1,2026-01-18T11:40:58.000Z,USD,u_149f1ab4647e8225,ACTIVE,h_a0cc91ea85c11b79,[name],,,,2026-08-18T11:40:58.000Z,student,,1,monthly_plus,2026-01-18T11:40:58.000Z,_UNKNOWN,1665,MONTH,,,Postgrad Program,[name],2026-09-18T11:40:58.000Z,,1665,,2026-09-18T11:40:58.000Z,2026-01-18T11:40:58.000Z,1665,,,,,,Student Experience [July 2025] [25% one-time / No Entry Modal],,01-18-2026,,08-21-2026,01-18-2026,01-18-2026,01-18-2026,,01-18-2026,09-18-2026
Wg8L6P9_9c1a1dcbe07b5ea0,1717459,,Teachers; fallback,,,[name],[name],[name],I don’t want my subscription to renew automatically,too_expensive_for_value_provided_1447236661,I don't want to commit to a subscription,i_dont_want_to_commit_to_a_subscription,,Pricing (eCommerce),pricing_ecommerce,8,,,u_b05fd97f6f59479b,,,,0,36.0,,Canceled,2026-08-21T06:25:15.000Z,2026-08-21T06:26:01.000Z,2026-08-21T06:26:01.000Z,,27.34,2026-08-21T06:26:23.000Z,cancel,Valid Cancel,annual,2027-08-05T03:25:29.000Z,2027-08-05T03:25:29.000Z,3.0,3.0,36.0,Brightback,,,,,,,1717459,2026-08-05T03:25:27.000Z,,2026-08-05T03:25:29.000Z,,h_eae1a41650925219,,1,2026-08-05T03:25:29.000Z,USD,u_b05fd97f6f59479b,ACTIVE,h_51507204a4bda40b,[name],36.0,annual_essentials,,2026-08-05T03:25:29.000Z,teacher,,1,annual_essentials,2026-08-05T03:25:29.000Z,_UNKNOWN,3600,YEAR,annual_essentials,,other,[name],2027-08-05T03:25:29.000Z,,300,,2027-08-05T03:25:29.000Z,2026-08-05T03:25:29.000Z,3600,[name],,https://www.supersummary.com/subscription,https://www.supersummary.com/subscription/confirming/cancel,,Teacher Experience [July 2025] [40% one-time / Modal],,08-05-2026,,08-21-2026,08-05-2026,08-05-2026,08-05-2026,,08-05-2026,08-05-2027
Wg8L2KF_a018f77f534bbc26,16A6UyTn9YfG061oQ,,Book Club Members; Annual,,,[name],[name],,I don’t want my subscription to renew automatically,too_expensive_for_value_provided_1447236661,I don't want to commit to a subscription,i_dont_want_to_commit_to_a_subscription,,Pricing (eCommerce),pricing_ecommerce,7,,,u_6533cf7037d9e258,,,,0,,,Canceled,2026-08-21T02:20:21.000Z,2026-08-21T02:20:48.000Z,2026-08-29T05:18:13.000Z,,27.51,2026-08-29T05:18:13.000Z,cancel,Valid Cancel,annual,2027-08-17T02:16:29.000Z,2027-08-17T02:16:29.000Z,3.0,3.0,36.0,Brightback,,,,,,,16A6UyTn9YfG061oQ,2023-08-17T02:16:27.000Z,,2023-08-17T02:16:29.000Z,,h_8f488ffc833c0a3a,,1,2023-08-17T02:16:29.000Z,USD,u_6533cf7037d9e258,ACTIVE,h_c1a79c8ccf6299c5,[name],,,,2026-08-17T02:16:29.000Z,book_club_member,,1,annual,2023-08-17T02:16:29.000Z,_UNKNOWN,3600,YEAR,,,,[name],2027-08-17T02:16:29.000Z,,300,,2027-08-17T02:16:29.000Z,2023-08-17T02:16:29.000Z,3600,,,,,,BCM Experience [July 2025] [25% one-time / No Entry Modal],,08-17-2023,,08-21-2026,08-17-2023,08-17-2023,08-17-2023,,08-17-2023,08-17-2027
Wg8L1Tr_867a3f0fd55e626f,AzyWsEUuSzg5s3rZo,,Teachers; Annual,,,[name],[name],,I don’t want my subscription to renew automatically,too_expensive_for_value_provided_1447236661,I don't want to commit to a subscription,i_dont_want_to_commit_to_a_subscription,,Pricing (eCommerce),pricing_ecommerce,7,?,,u_b3bdb308cf15772a,?,,,1,,,Canceled,2026-08-21T01:29:54.000Z,2026-08-21T01:30:46.000Z,2026-08-21T01:30:46.000Z,,27.55,2026-08-21T01:30:46.000Z,cancel,Valid Cancel,annual,2027-08-21T01:15:43.000Z,2027-08-21T01:15:43.000Z,3.0,3.0,36.0,Brightback,,,,,,,AzyWsEUuSzg5s3rZo,2025-08-21T01:15:41.000Z,,2025-08-21T01:15:43.000Z,,h_c8394368f1f97299,,1,2025-08-21T01:15:43.000Z,USD,u_b3bdb308cf15772a,ACTIVE,h_434ed2635b0b4b26,[name],,,,2026-08-21T01:15:43.000Z,teacher,,1,annual,2025-08-21T01:15:43.000Z,_UNKNOWN,3600,YEAR,,,Middle School,[name],2027-08-21T01:15:43.000Z,,300,,2027-08-21T01:15:43.000Z,2025-08-21T01:15:43.000Z,3600,,,,,,Teacher Experience [July 2025] [40% one-time / Modal],,08-21-2025,,08-21-2026,08-21-2025,08-21-2025,08-21-2025,,08-21-2025,08-21-2027
Wg8L1l5_890d4042bd84fd08,Azz0WHVStCwyZ3ewg,,Students; fallback,,,[name],[name],,I don’t want my subscription to renew automatically,too_expensive_for_value_provided_1447236661,I don't want to commit to a subscription,i_dont_want_to_commit_to_a_subscription,,Pricing (eCommerce),pricing_ecommerce,2,,,u_cec6053cc0ba1dd1,,,,0,,,Canceled,2026-08-21T01:47:11.000Z,2026-08-21T01:47:44.000Z,2026-08-21T01:47:45.000Z,,27.54,2026-08-21T01:47:45.000Z,cancel,Valid Cancel,annual,2027-08-21T01:13:27.000Z,2027-08-21T01:13:27.000Z,5.0,5.0,60.0,Brightback,,,,,,,Azz0WHVStCwyZ3ewg,2026-08-21T01:13:26.000Z,,2026-08-21T01:13:27.000Z,,h_d3fd02f541172ce7,,1,2026-08-21T01:13:27.000Z,USD,u_cec6053cc0ba1dd1,ACTIVE,h_9091e5d0ea8b8df4,[name],,,,2026-08-21T01:13:27.000Z,student,,1,annual_plus,2026-08-21T01:13:27.000Z,_UNKNOWN,6000,YEAR,,,Postgrad Program,[name],2027-08-21T01:13:27.000Z,,500,,2027-08-21T01:13:27.000Z,2026-08-21T01:13:27.000Z,6000,,,,,,Student Experience [July 2025] [25% one-time / No Entry Modal],,08-21-2026,,08-21-2026,08-21-2026,08-21-2026,08-21-2026,,08-21-2026,08-21-2027
Wg8L1cD_b96f85e436518354,399473,,Students; Annual,,,[name],[name],[name],I don’t want my subscription to renew automatically,too_expensive_for_value_provided_1447236661,I don't want to commit to a subscription,i_dont_want_to_commit_to_a_subscription,,Pricing (eCommerce),pricing_ecommerce,1,,,u_bbecc56e960fb6f1,,,,0,36.0,,Canceled,2026-08-21T01:38:22.000Z,2026-08-21T01:38:41.000Z,2026-08-21T01:38:41.000Z,,27.54,2026-08-21T01:38:41.000Z,cancel,Valid Cancel,annual,2027-08-20T21:27:15.000Z,2027-08-20T21:27:15.000Z,3.0,3.0,36.0,Brightback,,,,,,,399473,2023-08-20T21:27:13.000Z,,2023-08-20T21:27:15.000Z,,h_6836341ae1a3c849,,1,2023-08-20T21:27:15.000Z,USD,u_bbecc56e960fb6f1,ACTIVE,h_bba320902407f118,[name],36.0,annual,,2026-08-20T21:27:15.000Z,student,,1,annual,2023-08-20T21:27:15.000Z,_UNKNOWN,3600,YEAR,annual,,High School,[name],2027-08-20T21:27:15.000Z,,300,,2027-08-20T21:27:15.000Z,2023-08-20T21:27:15.000Z,3600,[name],,https://www.supersummary.com/subscription,https://www.supersummary.com/subscription/confirming/cancel,,Student Experience [July 2025] [25% one-time / No Entry Modal],,08-20-2023,,08-21-2026,08-20-2023,08-20-2023,08-20-2023,,08-20-2023,08-20-2027
Wg8KLYC_943d6afb72c64103,1292223,,Book Club Members; Annual,,,[name],[name],[name],I don’t want my subscription to renew automatically,too_expensive_for_value_provided_1447236661,I don't want to commit to a subscription,i_dont_want_to_commit_to_a_subscription,,Pricing (eCommerce),pricing_ecommerce,1,Nothing,,u_7c6a9a11dd42f588,"Just let me cancel
",,,1,36.0,,Canceled,2026-08-20T21:36:14.000Z,2026-08-20T21:38:21.000Z,2026-08-20T21:39:31.000Z,,27.71,2026-08-20T21:39:31.000Z,cancel,Valid Cancel,annual,2027-08-20T10:13:08.000Z,2027-08-20T10:13:08.000Z,3.0,3.0,36.0,Brightback,,,,,,,1292223,2025-08-20T10:13:05.000Z,,2025-08-20T10:13:08.000Z,,h_10f5cc0a9f8c03db,,1,2025-08-20T10:13:08.000Z,USD,u_7c6a9a11dd42f588,ACTIVE,h_1efa7fb96bda2c85,[name],36.0,annual,,2026-08-20T10:13:08.000Z,book_club_member,,1,annual,2025-08-20T10:13:08.000Z,_UNKNOWN,3600,YEAR,annual,,,[name],2027-08-20T10:13:08.000Z,,300,,2027-08-20T10:13:08.000Z,2025-08-20T10:13:08.000Z,3600,[name],,https://www.supersummary.com/subscription,https://www.supersummary.com/subscription/confirming/cancel,,BCM Experience [July 2025] [25% one-time / No Entry Modal],,08-20-2025,,08-20-2026,08-20-2025,08-20-2025,08-20-2025,,08-20-2025,08-20-2027
Wg8KJow_b4e7f0c3a4de3f62,169kBBTnTSnI4CBTq,,Students; Annual,,,[name],[name],,I don’t want my subscription to renew automatically,too_expensive_for_value_provided_1447236661,I don't want to commit to a subscription,i_dont_want_to_commit_to_a_subscription,,Pricing (eCommerce),pricing_ecommerce,1,,,u_bdf0b46ed7dcbc6f,,,,0,,,Canceled,2026-08-20T19:51:08.000Z,2026-08-20T19:51:40.000Z,2026-08-20T19:51:40.000Z,,27.78,2026-08-20T19:51:40.000Z,cancel,Valid Cancel,annual,2027-08-20T11:58:37.000Z,2027-08-20T11:58:37.000Z,3.0,3.0,36.0,Brightback,,,,,,,169kBBTnTSnI4CBTq,2023-08-20T11:58:35.000Z,,2023-08-20T11:58:37.000Z,,h_18d056f609683bac,,1,2023-08-20T11:58:37.000Z,USD,u_bdf0b46ed7dcbc6f,ACTIVE,h_c88e614f886353f1,[name],,,,2026-08-20T11:58:37.000Z,student,,1,annual,2023-08-20T11:58:37.000Z,_UNKNOWN,3600,YEAR,,,College,[name],2027-08-20T11:58:37.000Z,,300,,2027-08-20T11:58:37.000Z,2023-08-20T11:58:37.000Z,3600,,,,,,Student Experience [July 2025] [25% one-time / No Entry Modal],,08-20-2023,,08-20-2026,08-20-2023,08-20-2023,08-20-2023,,08-20-2023,08-20-2027
Wg8KJja_8110036fb068c1d3,AzZRrfVSrr2u42Yg0,,Parents; fallback,,,[name],[name],,I don’t want my subscription to renew automatically,too_expensive_for_value_provided_1447236661,I don't want to commit to a subscription,i_dont_want_to_commit_to_a_subscription,,Pricing (eCommerce),pricing_ecommerce,7,GEMINI AI,,u_6e50efbe2d7d3ffe,LOWER MONTHLY PRICE OPTION,,,1,,,Canceled,2026-08-20T19:45:40.000Z,2026-08-20T19:46:46.000Z,2026-08-20T19:46:46.000Z,,27.79,2026-08-20T19:46:46.000Z,cancel,Valid Cancel,annual,2027-08-20T19:40:10.000Z,2027-08-20T19:40:10.000Z,5.0,5.0,60.0,Brightback,,,,,,,AzZRrfVSrr2u42Yg0,2026-08-20T19:40:09.000Z,,2026-08-20T19:40:10.000Z,,h_9013d658cc33602b,,1,2026-08-20T19:40:10.000Z,USD,u_6e50efbe2d7d3ffe,ACTIVE,h_c0420d6975d77623,[name],,,,2026-08-20T19:40:10.000Z,parent_of_student,,1,annual_plus,2026-08-20T19:40:10.000Z,_UNKNOWN,6000,YEAR,,,other,[name],2027-08-20T19:40:10.000Z,,500,,2027-08-20T19:40:10.000Z,2026-08-20T19:40:10.000Z,6000,,,,,,Parent Experience [July 2025] [25% one-time / No Entry Modal],,08-20-2026,,08-20-2026,08-20-2026,08-20-2026,08-20-2026,,08-20-2026,08-20-2027
Wg8KJeD_a14b0e3f161a0b3e,16BVEVTDu7oUYO6X,,Students; Annual,,,[name],[name],,I don’t want my subscription to renew automatically,too_expensive_for_value_provided_1447236661,I don't want to commit to a subscription,i_dont_want_to_commit_to_a_subscription,,Pricing (eCommerce),pricing_ecommerce,1,,,u_146cd8edd4d8410f,,,,0,,,Canceled,2026-08-20T19:40:20.000Z,2026-08-20T19:40:45.000Z,2026-08-20T19:40:45.000Z,,27.79,2026-08-20T19:40:45.000Z,cancel,Valid Cancel,annual,2027-08-08T08:04:55.000Z,2027-08-08T08:04:55.000Z,3.0,3.0,36.0,Brightback,,,,,,,16BVEVTDu7oUYO6X,2022-08-08T08:04:54.000Z,,2022-08-08T08:04:55.000Z,,h_e65529adbfa9a1f1,,1,2022-08-08T08:04:55.000Z,USD,u_146cd8edd4d8410f,ACTIVE,h_c16bba5731e5ff54,[name],,,,2026-08-08T08:04:55.000Z,student,,1,annual,2022-08-08T08:04:55.000Z,_UNKNOWN,3600,YEAR,,,High School,[name],2027-08-08T08:04:55.000Z,,300,,2027-08-08T08:04:55.000Z,2022-08-08T08:04:55.000Z,3600,,,,,,Student Experience [July 2025] [25% one-time / No Entry Modal],,08-08-2022,,08-20-2026,08-08-2022,08-08-2022,08-08-2022,,08-08-2022,08-08-2027
Wg8KHet_a4da94ff813368d9,1685337,,Students; fallback,,,[name],[name],[name],I don’t want my subscription to renew automatically,too_expensive_for_value_provided_1447236661,I don't want to commit to a subscription,i_dont_want_to_commit_to_a_subscription,,Pricing (eCommerce),pricing_ecommerce,1,,,u_c4bd3d2f18365c40,,,,0,60.0,,Canceled,2026-08-20T17:41:05.000Z,2026-08-20T17:41:43.000Z,2026-08-20T17:41:43.000Z,,27.87,2026-08-20T17:41:43.000Z,cancel,Valid Cancel,annual,2027-06-27T18:24:01.000Z,2027-06-27T18:24:01.000Z,5.0,5.0,60.0,Brightback,,,,,,,1685337,2026-06-27T18:23:58.000Z,,2026-06-27T18:24:01.000Z,,h_df54142e51051f2a,,1,2026-06-27T18:24:01.000Z,USD,u_c4bd3d2f18365c40,ACTIVE,h_3ad9166fcd2c2fcc,[name],60.0,annual_plus,,2026-06-27T18:24:01.000Z,student,,1,annual_plus,2026-06-27T18:24:01.000Z,_UNKNOWN,6000,YEAR,annual_plus,,Postgrad Program,[name],2027-06-27T18:24:01.000Z,,500,,2027-06-27T18:24:01.000Z,2026-06-27T18:24:01.000Z,6000,[name],,https://www.supersummary.com/subscription,https://www.supersummary.com/subscription/confirming/cancel,,Student Experience [July 2025] [25% one-time / No Entry Modal],,06-27-2026,,08-20-2026,06-27-2026,06-27-2026,06-27-2026,,06-27-2026,06-27-2027
Wg8KFX9_84d95f707319f440,AzyWg4VSqphy41tUr,,Teachers; fallback,,,[name],[name],,I don’t want my subscription to renew automatically,too_expensive_for_value_provided_1447236661,I don't want to commit to a subscription,i_dont_want_to_commit_to_a_subscription,,Pricing (eCommerce),pricing_ecommerce,6,?,,u_a5e57b687c02c91c,?,,,1,,,Canceled,2026-08-20T15:33:12.000Z,2026-08-20T15:33:50.000Z,2026-09-08T22:29:29.000Z,,27.96,2026-09-08T22:29:29.000Z,cancel,Valid Cancel,monthly,2026-09-20T15:28:35.000Z,2026-09-20T15:28:35.000Z,16.65,16.65,16.65,Brightback,,,,,,,AzyWg4VSqphy41tUr,2026-08-20T15:28:33.000Z,,2026-08-20T15:28:35.000Z,,h_4b1f8ca606b3a840,,1,2026-08-20T15:28:35.000Z,USD,u_a5e57b687c02c91c,ACTIVE,h_2f65144608e95b11,[name],,,,2026-08-20T15:28:35.000Z,teacher,,1,monthly_plus,2026-08-20T15:28:35.000Z,_UNKNOWN,1665,MONTH,,,other,[name],2026-09-20T15:28:35.000Z,,1665,,2026-09-20T15:28:35.000Z,2026-08-20T15:28:35.000Z,1665,,,,,,Teacher Experience [July 2025] [40% one-time / Modal],,08-20-2026,,08-20-2026,08-20-2026,08-20-2026,08-20-2026,,08-20-2026,09-20-2026
Wg8KCWQ_a7ede16abe1ebe97,1727899,,fallback,,,[name],[name],[name],I don’t want my subscription to renew automatically,too_expensive_for_value_provided_1447236661,I don't want to commit to a subscription,i_dont_want_to_commit_to_a_subscription,,Pricing (eCommerce),pricing_ecommerce,5,,,u_7bb50667a6b2adba,,,,0,9.95,,Canceled,2026-08-20T12:32:35.000Z,2026-08-20T12:33:09.000Z,2026-08-20T12:58:57.000Z,,28.09,2026-08-20T12:58:57.000Z,cancel,Valid Cancel,monthly,2026-09-14T13:57:21.000Z,2026-09-14T13:57:21.000Z,9.95,9.95,9.95,Brightback,,,,,,,1727899,2026-08-14T13:57:18.000Z,,2026-08-14T13:57:21.000Z,,h_9a2d7f04db4570c7,,1,2026-08-14T13:57:21.000Z,USD,u_7bb50667a6b2adba,ACTIVE,h_13303964a44feafd,[name],9.95,monthly_essentials,,2026-08-14T13:57:21.000Z,other,,1,monthly_essentials,2026-08-14T13:57:21.000Z,_UNKNOWN,995,MONTH,monthly_essentials,,,[name],2026-09-14T13:57:21.000Z,,995,,2026-09-14T13:57:21.000Z,2026-08-14T13:57:21.000Z,995,[name],,https://www.supersummary.com/subscription,https://www.supersummary.com/subscription/confirming/cancel,,Default/Fallback [July 2025] [25% one time / No entry modal],,08-14-2026,,08-20-2026,08-14-2026,08-14-2026,08-14-2026,,08-14-2026,09-14-2026
Wg8KCmk_8d963a417a5ca491,Azz1ZNVSq9nRB1RHO,,Book Club Members; fallback,,,[name],[name],,I don’t want my subscription to renew automatically,too_expensive_for_value_provided_1447236661,I don't want to commit to a subscription,i_dont_want_to_commit_to_a_subscription,,Pricing (eCommerce),pricing_ecommerce,3,Nothing,,u_187994c47ab6c01c,,,,0,,,Canceled,2026-08-20T12:48:50.000Z,2026-08-20T12:49:20.000Z,2026-08-20T12:49:20.000Z,,28.08,2026-08-20T12:49:20.000Z,cancel,Valid Cancel,monthly,2026-09-20T12:42:06.000Z,2026-09-20T12:42:06.000Z,9.95,9.95,9.95,Brightback,,,,,,,Azz1ZNVSq9nRB1RHO,2026-08-20T12:42:05.000Z,,2026-08-20T12:42:06.000Z,,h_eb712c573a4a750f,,1,2026-08-20T12:42:06.000Z,USD,u_187994c47ab6c01c,ACTIVE,h_61054b6efd865cea,[name],,,,2026-08-20T12:42:06.000Z,book_club_member,,1,monthly_essentials,2026-08-20T12:42:06.000Z,_UNKNOWN,995,MONTH,,,,[name],2026-09-20T12:42:06.000Z,,995,,2026-09-20T12:42:06.000Z,2026-08-20T12:42:06.000Z,995,,,,,,BCM Experience [July 2025] [25% one-time / No Entry Modal],,08-20-2026,,08-20-2026,08-20-2026,08-20-2026,08-20-2026,,08-20-2026,09-20-2026
Wg8K6PS_890a9997114e5463,AzqLEPUtW1svAAPjC,,Parents; Annual,,,[name],[name],,I don’t want my subscription to renew automatically,too_expensive_for_value_provided_1447236661,I don't want to commit to a subscription,i_dont_want_to_commit_to_a_subscription,,Pricing (eCommerce),pricing_ecommerce,1,,,u_01453b7a595853d2,,,,0,,,Canceled,2026-08-20T06:25:36.000Z,2026-08-20T06:26:23.000Z,2026-08-20T06:26:24.000Z,,28.34,2026-08-20T06:26:24.000Z,cancel,Valid Cancel,annual,2027-08-10T23:14:25.000Z,2027-08-10T23:14:25.000Z,3.0,3.0,36.0,Brightback,,,,,,,AzqLEPUtW1svAAPjC,2025-08-10T23:14:23.000Z,,2025-08-10T23:14:25.000Z,,h_2c09a24054d84262,,1,2025-08-10T23:14:25.000Z,USD,u_01453b7a595853d2,ACTIVE,h_c21f5d1d81d6c346,[name],,,,2026-08-10T23:14:25.000Z,parent_of_student,,1,annual,2025-08-10T23:14:25.000Z,_UNKNOWN,3600,YEAR,,,Middle School,[name],2027-08-10T23:14:25.000Z,,300,,2027-08-10T23:14:25.000Z,2025-08-10T23:14:25.000Z,3600,,,,,,Parent Experience [July 2025] [25% one-time / Modal],,08-10-2025,,08-20-2026,08-10-2025,08-10-2025,08-10-2025,,08-10-2025,08-10-2027
Wg8K30K_b93c078798fe4951,16CHxqVDBY5uF6z9S,,Book Club Members; fallback,,,[name],[name],,I don’t want my subscription to renew automatically,too_expensive_for_value_provided_1447236661,I don't want to commit to a subscription,i_dont_want_to_commit_to_a_subscription,,Pricing (eCommerce),pricing_ecommerce,5,,,u_6c3c96a36eea0ee3,,,,0,,,Canceled,2026-08-20T03:00:23.000Z,2026-08-20T03:00:44.000Z,2026-08-27T19:41:19.000Z,,28.48,2026-08-27T19:41:19.000Z,cancel,Valid Cancel,monthly,2026-09-07T12:48:15.000Z,2026-09-07T12:48:15.000Z,9.95,9.95,9.95,Brightback,,,,,,,16CHxqVDBY5uF6z9S,2024-10-08T22:31:27.000Z,,2026-03-07T12:48:15.000Z,,h_fea928b178f3923f,,1,2026-03-07T12:48:15.000Z,USD,u_6c3c96a36eea0ee3,ACTIVE,h_d8ccb6dffeefa242,[name],,,,2026-08-07T12:48:15.000Z,book_club_member,,1,monthly_essentials,2026-03-07T12:48:15.000Z,_UNKNOWN,995,MONTH,,,,[name],2026-09-07T12:48:15.000Z,,995,,2026-09-07T12:48:15.000Z,2026-03-07T12:48:15.000Z,995,,,,,,BCM Experience [July 2025] [25% one-time / No Entry Modal],,03-07-2026,,08-20-2026,03-07-2026,03-07-2026,10-08-2024,,03-07-2026,09-07-2026
Wg8K2rD_a8618e185d0a2c03,AzyXXtTEznneN3Q3x,,Teachers; Annual,,,[name],[name],,I don’t want my subscription to renew automatically,too_expensive_for_value_provided_1447236661,I don't want to commit to a subscription,i_dont_want_to_commit_to_a_subscription,,Pricing (eCommerce),pricing_ecommerce,4,,,u_8068e72df8068ee1,,,,0,,,Canceled,2026-08-20T02:53:17.000Z,2026-08-20T02:53:29.000Z,2026-08-20T02:53:29.000Z,,28.49,2026-08-20T02:53:29.000Z,cancel,Valid Cancel,annual,2027-08-19T21:51:57.000Z,2027-08-19T21:51:57.000Z,3.0,3.0,36.0,Brightback,,,,,,,AzyXXtTEznneN3Q3x,2022-08-19T21:51:55.000Z,,2022-08-19T21:51:57.000Z,,h_cad7710e71f4298d,,1,2024-10-02T16:01:55.000Z,USD,u_8068e72df8068ee1,ACTIVE,h_fafd692b7db0f8ae,[name],,,,2026-08-19T21:51:57.000Z,teacher,,1,annual,2022-08-19T21:51:57.000Z,_UNKNOWN,3600,YEAR,,,Middle School,[name],2027-08-19T21:51:57.000Z,,300,,2027-08-19T21:51:57.000Z,2022-08-19T21:51:57.000Z,3600,,,,,,Teacher Experience [July 2025] [40% one-time / Modal],,08-19-2022,,08-20-2026,10-02-2024,08-19-2022,08-19-2022,,08-19-2022,08-19-2027
Wg8K2qM_91a3b041c7c12dce,630926,,Students; Annual,,,[name],[name],[name],I don’t want my subscription to renew automatically,too_expensive_for_value_provided_1447236661,I don't want to commit to a subscription,i_dont_want_to_commit_to_a_subscription,,Pricing (eCommerce),pricing_ecommerce,3,,,u_954f6b990924064d,,,,0,36.0,,Canceled,2026-08-20T02:52:30.000Z,2026-08-20T02:52:49.000Z,2026-08-20T02:52:50.000Z,,28.49,2026-08-20T02:52:50.000Z,cancel,Valid Cancel,annual,2027-08-17T02:48:40.000Z,2027-08-17T02:48:40.000Z,3.0,3.0,36.0,Brightback,,,,,,,630926,2024-08-17T02:48:38.000Z,,2024-08-17T02:48:40.000Z,,h_e22a34ef779dd8ac,,1,2024-08-17T02:48:40.000Z,USD,u_954f6b990924064d,ACTIVE,h_3fde7ab8f1b4607e,[name],36.0,annual,,2026-08-17T02:48:40.000Z,student,,1,annual,2024-08-17T02:48:40.000Z,_UNKNOWN,3600,YEAR,annual,,College,[name],2027-08-17T02:48:40.000Z,,300,,2027-08-17T02:48:40.000Z,2024-08-17T02:48:40.000Z,3600,[name],,https://www.supersummary.com/subscription,https://www.supersummary.com/subscription/confirming/cancel,,Student Experience [July 2025] [25% one-time / No Entry Modal],,08-17-2024,,08-20-2026,08-17-2024,08-17-2024,08-17-2024,,08-17-2024,08-17-2027
Wg8K1Wr_8e3fb9079127467e,AzqVgEU4Qjfogd0M,,Students; Annual,,,[name],[name],,I don’t want my subscription to renew automatically,too_expensive_for_value_provided_1447236661,I don't want to commit to a subscription,i_dont_want_to_commit_to_a_subscription,,Pricing (eCommerce),pricing_ecommerce,5,,,u_cd2df84d3b618e98,,,,0,,,Canceled,2026-08-20T01:33:02.000Z,2026-08-20T01:33:48.000Z,2026-08-20T01:33:49.000Z,,28.55,2026-08-20T01:33:49.000Z,cancel,Valid Cancel,annual,2027-02-16T06:57:49.000Z,2027-02-16T06:57:49.000Z,3.0,3.0,36.0,Brightback,,,,,,,AzqVgEU4Qjfogd0M,2024-02-16T06:57:46.000Z,,2024-02-16T06:57:49.000Z,,h_22f8170d59707069,,1,2024-02-16T06:57:49.000Z,USD,u_cd2df84d3b618e98,ACTIVE,h_daa3427d4de3179b,[name],,,,2026-02-16T06:57:49.000Z,student,,1,annual,2024-02-16T06:57:49.000Z,_UNKNOWN,3600,YEAR,,,other,[name],2027-02-16T06:57:49.000Z,,300,,2027-02-16T06:57:49.000Z,2024-02-16T06:57:49.000Z,3600,,,,,,Student Experience [July 2025] [25% one-time / No Entry Modal],,02-16-2024,,08-20-2026,02-16-2024,02-16-2024,02-16-2024,,02-16-2024,02-16-2027
Wg8K0oK_9f012649e0fe9bb9,16CR0VVSnD28b3Rxx,,Students; fallback,,,[name],[name],,I don’t want my subscription to renew automatically,too_expensive_for_value_provided_1447236661,I don't want to commit to a subscription,i_dont_want_to_commit_to_a_subscription,,Pricing (eCommerce),pricing_ecommerce,7,,,u_05061c08057b8dd6,,,,0,,,Canceled,2026-08-20T00:50:24.000Z,2026-08-20T00:50:55.000Z,2026-08-25T19:54:33.000Z,,28.58,2026-08-25T19:54:33.000Z,cancel,Valid Cancel,monthly,2026-09-20T00:36:09.000Z,2026-09-20T00:36:09.000Z,16.65,16.65,16.65,Brightback,,,,,,,16CR0VVSnD28b3Rxx,2026-08-20T00:36:08.000Z,,2026-08-20T00:36:09.000Z,,h_177122e8dbe70343,,1,2026-08-20T00:36:09.000Z,USD,u_05061c08057b8dd6,ACTIVE,h_59eaf58900a630f9,[name],,,,2026-08-20T00:36:09.000Z,student,,1,monthly_plus,2026-08-20T00:36:09.000Z,_UNKNOWN,1665,MONTH,,,High School,[name],2026-09-20T00:36:09.000Z,,1665,,2026-09-20T00:36:09.000Z,2026-08-20T00:36:09.000Z,1665,,,,,,Student Experience [July 2025] [25% one-time / No Entry Modal],,08-20-2026,,08-20-2026,08-20-2026,08-20-2026,08-20-2026,,08-20-2026,09-20-2026
Wg8JNeo_96b65d35768f4abb,16BlyqUtWHYiPAYGq,,Students; Annual,,,[name],[name],,I don’t want my subscription to renew automatically,too_expensive_for_value_provided_1447236661,I don't want to commit to a subscription,i_dont_want_to_commit_to_a_subscription,,Pricing (eCommerce),pricing_ecommerce,5,,,u_2819413b38a75691,,,,0,,,Canceled,2026-08-19T23:40:51.000Z,2026-08-19T23:41:05.000Z,2026-08-19T23:41:05.000Z,,28.62,2026-08-19T23:41:05.000Z,cancel,Valid Cancel,annual,2027-08-11T00:16:41.000Z,2027-08-11T00:16:41.000Z,3.0,3.0,36.0,Brightback,,,,,,,16BlyqUtWHYiPAYGq,2025-08-11T00:16:38.000Z,,2025-08-11T00:16:41.000Z,,h_28694f49ec8c47a7,,1,2025-08-11T00:16:41.000Z,USD,u_2819413b38a75691,ACTIVE,h_05d9523a8ca5b23a,[name],,,,2026-08-11T00:16:41.000Z,student,,1,annual,2025-08-11T00:16:41.000Z,_UNKNOWN,3600,YEAR,,,High School,[name],2027-08-11T00:16:41.000Z,,300,,2027-08-11T00:16:41.000Z,2025-08-11T00:16:41.000Z,3600,,,,,,Student Experience [July 2025] [25% one-time / No Entry Modal],,08-11-2025,,08-19-2026,08-11-2025,08-11-2025,08-11-2025,,08-11-2025,08-11-2027
Wg8JMCN_9895a4afcbe5dfaf,1478935,,Students; fallback,,,[name],[name],[name],I don’t want my subscription to renew automatically,too_expensive_for_value_provided_1447236661,I don't want to commit to a subscription,i_dont_want_to_commit_to_a_subscription,,Pricing (eCommerce),pricing_ecommerce,1,anything else,,u_94dd4811abc656b2,nothing,,,1,9.95,,Canceled,2026-08-19T22:12:28.000Z,2026-08-19T22:12:55.000Z,2026-08-19T22:12:56.000Z,,28.68,2026-08-19T22:13:35.000Z,cancel,Valid Cancel,monthly,2026-09-19T17:43:30.000Z,2026-09-19T17:43:30.000Z,9.95,9.95,9.95,Brightback,,,,,,,1478935,2026-01-19T17:42:51.000Z,,2026-01-19T17:43:30.000Z,,h_68998a60c1eb1fa3,,1,2026-01-19T17:43:30.000Z,USD,u_94dd4811abc656b2,ACTIVE,h_aff8907b0317fcac,[name],9.95,monthly_essentials,,2026-08-19T17:43:30.000Z,student,,1,monthly_essentials,2026-01-19T17:43:30.000Z,_UNKNOWN,995,MONTH,monthly_essentials,,Postgrad Program,[name],2026-09-19T17:43:30.000Z,,995,,2026-09-19T17:43:30.000Z,2026-01-19T17:43:30.000Z,995,[name],,https://www.supersummary.com/subscription,https://www.supersummary.com/subscription/confirming/cancel,,Student Experience [July 2025] [25% one-time / No Entry Modal],,01-19-2026,,08-19-2026,01-19-2026,01-19-2026,01-19-2026,,01-19-2026,09-19-2026
Wg8JLwi_8578585d65db90c7,AzyxZ7VSkeeRD1VOd,,fallback,,,[name],[name],,I don’t want my subscription to renew automatically,too_expensive_for_value_provided_1447236661,I don't want to commit to a subscription,i_dont_want_to_commit_to_a_subscription,,Pricing (eCommerce),pricing_ecommerce,10,,,u_1818d437648188b1,,,,0,,,Canceled,2026-08-19T21:58:46.000Z,2026-08-19T21:59:40.000Z,2026-08-19T21:59:41.000Z,,28.69,2026-08-19T21:59:41.000Z,cancel,Valid Cancel,monthly,2026-09-19T14:07:02.000Z,2026-09-19T14:07:02.000Z,16.65,16.65,16.65,Brightback,,,,,,,AzyxZ7VSkeeRD1VOd,2026-08-19T14:06:58.000Z,,2026-08-19T14:07:02.000Z,,h_4bead05cf48f171f,,1,2026-08-19T14:07:02.000Z,USD,u_1818d437648188b1,ACTIVE,h_07fdc1cf637a1039,[name],,,,2026-08-19T14:07:02.000Z,avid_reader,,1,monthly_plus,2026-08-19T14:07:02.000Z,_UNKNOWN,1665,MONTH,,,,[name],2026-09-19T14:07:02.000Z,,1665,,2026-09-19T14:07:02.000Z,2026-08-19T14:07:02.000Z,1665,,,,,,Default/Fallback [July 2025] [25% one time / No entry modal],,08-19-2026,,08-19-2026,08-19-2026,08-19-2026,08-19-2026,,08-19-2026,09-19-2026
Wg8JLMo_bc31738ea4c780af,1733597,,Book Club Members; fallback,,,[name],[name],[name],I don’t want my subscription to renew automatically,too_expensive_for_value_provided_1447236661,I don't want to commit to a subscription,i_dont_want_to_commit_to_a_subscription,,Pricing (eCommerce),pricing_ecommerce,1,Google,,u_dfc7655ec9cad6f5,Seems many options needed advance money subscription. Not worth it for me. This is book club which I host once a year. Too bad you cannot just buy one book summary. ,,,1,36.0,,Canceled,2026-08-19T21:23:40.000Z,2026-08-19T21:25:42.000Z,2026-08-19T21:25:42.000Z,,28.72,2026-08-19T21:25:42.000Z,cancel,Valid Cancel,annual,2027-08-19T21:14:17.000Z,2027-08-19T21:14:17.000Z,3.0,3.0,36.0,Brightback,,,,,,,1733597,2026-08-19T21:14:14.000Z,,2026-08-19T21:14:17.000Z,,h_e59e0c59eddfbfaf,,1,2026-08-19T21:14:17.000Z,USD,u_dfc7655ec9cad6f5,ACTIVE,h_ceb38730ff442b1f,[name],36.0,annual_essentials,,2026-08-19T21:14:17.000Z,book_club_member,,1,annual_essentials,2026-08-19T21:14:17.000Z,_UNKNOWN,3600,YEAR,annual_essentials,,,[name],2027-08-19T21:14:17.000Z,,300,,2027-08-19T21:14:17.000Z,2026-08-19T21:14:17.000Z,3600,[name],,https://www.supersummary.com/subscription,https://www.supersummary.com/subscription/confirming/cancel,,BCM Experience [July 2025] [25% one-time / No Entry Modal],,08-19-2026,,08-19-2026,08-19-2026,08-19-2026,08-19-2026,,08-19-2026,08-19-2027
Wg8JKNT_bcba742565b434fb,1729678,,Book Club Members; fallback,,,[name],[name],[name],I don’t want my subscription to renew automatically,too_expensive_for_value_provided_1447236661,I don't want to commit to a subscription,i_dont_want_to_commit_to_a_subscription,,Pricing (eCommerce),pricing_ecommerce,2,n/a,,u_eafc8721654474a0,,,,0,9.95,,Canceled,2026-08-19T20:23:33.000Z,2026-08-19T20:23:58.000Z,2026-08-19T20:23:58.000Z,,28.76,2026-08-19T20:23:58.000Z,cancel,Valid Cancel,monthly,2026-09-16T18:00:19.000Z,2026-09-16T18:00:19.000Z,9.95,9.95,9.95,Brightback,,,,,,,1729678,2026-08-16T18:00:17.000Z,,2026-08-16T18:00:19.000Z,,h_70855f58c810773f,,1,2026-08-16T18:00:19.000Z,USD,u_eafc8721654474a0,ACTIVE,h_ff74bf2802670714,[name],9.95,monthly_essentials,,2026-08-16T18:00:19.000Z,book_club_member,,1,monthly_essentials,2026-08-16T18:00:19.000Z,_UNKNOWN,995,MONTH,monthly_essentials,,,[name],2026-09-16T18:00:19.000Z,,995,,2026-09-16T18:00:19.000Z,2026-08-16T18:00:19.000Z,995,[name],,https://www.supersummary.com/subscription,https://www.supersummary.com/subscription/confirming/cancel,,BCM Experience [July 2025] [25% one-time / No Entry Modal],,08-16-2026,,08-19-2026,08-16-2026,08-16-2026,08-16-2026,,08-16-2026,09-16-2026
Wg8JKIY_84656904f4631e9d,AzZnY8VSlnrqR2dXB,,fallback,,,[name],[name],,I don’t want my subscription to renew automatically,too_expensive_for_value_provided_1447236661,I don't want to commit to a subscription,i_dont_want_to_commit_to_a_subscription,,Pricing (eCommerce),pricing_ecommerce,6,,,u_4736308d1a7aa64d,,,,0,,,Canceled,2026-08-19T20:18:39.000Z,2026-08-19T20:19:20.000Z,2026-08-19T20:19:21.000Z,,28.76,2026-08-19T20:19:21.000Z,cancel,Valid Cancel,annual,2027-08-19T18:49:55.000Z,2027-08-19T18:49:55.000Z,3.0,3.0,36.0,Brightback,,,,,,,AzZnY8VSlnrqR2dXB,2026-05-22T21:41:32.000Z,,2026-08-19T18:49:55.000Z,,h_96e6754cec9c555f,,1,2026-08-19T18:49:55.000Z,USD,u_4736308d1a7aa64d,ACTIVE,h_299baa5866d745bb,[name],,,,2026-08-19T18:49:55.000Z,other,,1,annual_essentials,2026-08-19T18:49:55.000Z,_UNKNOWN,3600,YEAR,,,,[name],2027-08-19T18:49:55.000Z,,300,,2027-08-19T18:49:55.000Z,2026-08-19T18:49:55.000Z,3600,,,,,,Default/Fallback [July 2025] [25% one time / No entry modal],,08-19-2026,,08-19-2026,08-19-2026,08-19-2026,05-22-2026,,08-19-2026,08-19-2027
Wg8JJgT_a80d462dda3576d7,16BUZcVGloU3Z4qA1,,Students; fallback,,,[name],[name],,I don’t want my subscription to renew automatically,too_expensive_for_value_provided_1447236661,I don't want to commit to a subscription,i_dont_want_to_commit_to_a_subscription,,Pricing (eCommerce),pricing_ecommerce,7,,,u_72873189862281ef,,,,0,,,Canceled,2026-08-19T19:42:35.000Z,2026-08-19T19:43:01.000Z,2026-08-19T19:43:01.000Z,,28.79,2026-08-19T19:43:01.000Z,cancel,Valid Cancel,monthly,2026-09-13T23:56:14.000Z,2026-09-13T23:56:14.000Z,9.95,9.95,9.95,Brightback,,,,,,,16BUZcVGloU3Z4qA1,2026-04-14T13:05:46.000Z,,2026-04-14T13:05:48.000Z,,h_7afa0b0227953e50,,1,2026-08-13T23:56:14.000Z,USD,u_72873189862281ef,ACTIVE,h_feab860b0fb3952c,[name],,,,2026-08-13T23:56:14.000Z,student,,1,monthly_essentials,2026-04-14T13:05:48.000Z,_UNKNOWN,995,MONTH,,,College,[name],2026-09-13T23:56:14.000Z,,995,,2026-09-13T23:56:14.000Z,2026-04-14T13:05:48.000Z,995,,,,,,Student Experience [July 2025] [25% one-time / No Entry Modal],,04-14-2026,,08-19-2026,08-13-2026,04-14-2026,04-14-2026,,04-14-2026,09-13-2026
Wg8JIpB_9565b5a7d784d2d3,1291423,,Book Club Members; Annual,,,[name],[name],[name],I don’t want my subscription to renew automatically,too_expensive_for_value_provided_1447236661,I don't want to commit to a subscription,i_dont_want_to_commit_to_a_subscription,,Pricing (eCommerce),pricing_ecommerce,1,nothing,,u_8c9be3b1abc880f1,,,,0,36.0,,Canceled,2026-08-19T18:52:04.000Z,2026-08-19T18:53:07.000Z,2026-08-19T18:53:07.000Z,,28.82,2026-08-19T18:53:07.000Z,cancel,Valid Cancel,annual,2027-08-19T18:47:05.000Z,2027-08-19T18:47:05.000Z,3.0,3.0,36.0,Brightback,,,,,,,1291423,2025-08-19T18:47:03.000Z,,2025-08-19T18:47:05.000Z,,h_d1bc8d07c6d5764d,,1,2025-08-19T18:47:05.000Z,USD,u_8c9be3b1abc880f1,ACTIVE,h_1db7e67f3da19442,[name],36.0,annual,,2026-08-19T18:47:05.000Z,book_club_member,,1,annual,2025-08-19T18:47:05.000Z,_UNKNOWN,3600,YEAR,annual,,,[name],2027-08-19T18:47:05.000Z,,300,,2027-08-19T18:47:05.000Z,2025-08-19T18:47:05.000Z,3600,[name],,https://www.supersummary.com/subscription,https://www.supersummary.com/subscription/confirming/cancel,,BCM Experience [July 2025] [25% one-time / No Entry Modal],,08-19-2025,,08-19-2026,08-19-2025,08-19-2025,08-19-2025,,08-19-2025,08-19-2027
Wg8JFhc_93d2da0a336b2e89,6olvjVS1aexH3RSy,,fallback,,,[name],[name],,I don’t want my subscription to renew automatically,too_expensive_for_value_provided_1447236661,I don't want to commit to a subscription,i_dont_want_to_commit_to_a_subscription,,Pricing (eCommerce),pricing_ecommerce,2,Nothing ,,u_1a1f58ef4d56e04d,,,,0,,,Canceled,2026-08-19T15:43:41.000Z,2026-08-19T15:44:40.000Z,2026-08-19T15:44:40.000Z,,28.95,2026-08-19T15:44:40.000Z,cancel,Valid Cancel,annual,2027-08-11T21:08:56.000Z,2027-08-11T21:08:56.000Z,3.0,3.0,36.0,Brightback,,,,,,,6olvjVS1aexH3RSy,2026-08-11T21:08:54.000Z,,2026-08-11T21:08:56.000Z,,h_896a811acdff1cb3,,1,2026-08-11T21:08:56.000Z,USD,u_1a1f58ef4d56e04d,ACTIVE,h_b484431c2e57badb,[name],,,,2026-08-11T21:08:56.000Z,avid_reader,,1,annual_essentials,2026-08-11T21:08:56.000Z,_UNKNOWN,3600,YEAR,,,,[name],2027-08-11T21:08:56.000Z,,300,,2027-08-11T21:08:56.000Z,2026-08-11T21:08:56.000Z,3600,,,,,,Default/Fallback [July 2025] [25% one time / No entry modal],,08-11-2026,,08-19-2026,08-11-2026,08-11-2026,08-11-2026,,08-11-2026,08-11-2027
Wg8JEsb_8249ecd15751a557,16BXkLUuEHCiPFVA5,,Parents; Annual,,,[name],[name],,I don’t want my subscription to renew automatically,too_expensive_for_value_provided_1447236661,I don't want to commit to a subscription,i_dont_want_to_commit_to_a_subscription,,Pricing (eCommerce),pricing_ecommerce,6,,,u_65f4aac8ca029640,,,,0,,,Canceled,2026-08-19T14:54:47.000Z,2026-08-19T14:55:17.000Z,2026-08-19T14:55:18.000Z,,28.99,2026-08-19T14:55:18.000Z,cancel,Valid Cancel,annual,2027-08-18T12:51:15.000Z,2027-08-18T12:51:15.000Z,3.0,3.0,36.0,Brightback,,,,,,,16BXkLUuEHCiPFVA5,2025-08-18T12:51:13.000Z,,2025-08-18T12:51:15.000Z,,h_ca1605ab8d780318,,1,2025-08-18T12:51:15.000Z,USD,u_65f4aac8ca029640,ACTIVE,h_f4680fe46fd31b38,[name],,,,2026-08-18T12:51:15.000Z,parent_of_student,,1,annual,2025-08-18T12:51:15.000Z,_UNKNOWN,3600,YEAR,,,other,[name],2027-08-18T12:51:15.000Z,,300,,2027-08-18T12:51:15.000Z,2025-08-18T12:51:15.000Z,3600,,,,,,Parent Experience [July 2025] [25% one-time / Modal],,08-18-2025,,08-19-2026,08-18-2025,08-18-2025,08-18-2025,,08-18-2025,08-18-2027
Wg8JCXN_8fb82a1ad3e0828e,16BXkLUu5apWhAfGe,,Students; Annual,,,[name],[name],,I don’t want my subscription to renew automatically,too_expensive_for_value_provided_1447236661,I don't want to commit to a subscription,i_dont_want_to_commit_to_a_subscription,,Pricing (eCommerce),pricing_ecommerce,8,,,u_f1ab6887df27b08e,,,,0,,,Canceled,2026-08-19T12:33:25.000Z,2026-08-19T12:34:05.000Z,2026-08-19T12:34:05.000Z,,29.09,2026-08-19T12:34:05.000Z,cancel,Valid Cancel,annual,2027-08-17T01:12:45.000Z,2027-08-17T01:12:45.000Z,3.0,3.0,36.0,Brightback,,,,,,,16BXkLUu5apWhAfGe,2025-08-17T01:12:44.000Z,,2025-08-17T01:12:45.000Z,,h_4d9ec62d42bbb832,,1,2025-08-17T01:12:45.000Z,USD,u_f1ab6887df27b08e,ACTIVE,h_57d67d7cd0b3a766,[name],,,,2026-08-17T01:12:45.000Z,student,,1,annual,2025-08-17T01:12:45.000Z,_UNKNOWN,3600,YEAR,,,Postgrad Program,[name],2027-08-17T01:12:45.000Z,,300,,2027-08-17T01:12:45.000Z,2025-08-17T01:12:45.000Z,3600,,,,,,Student Experience [July 2025] [25% one-time / No Entry Modal],,08-17-2025,,08-19-2026,08-17-2025,08-17-2025,08-17-2025,,08-17-2025,08-17-2027
Wg8J3TZ_8c40cf98cf0412b3,1732741,,Parents; fallback,,,[name],[name],[name],I don’t want my subscription to renew automatically,too_expensive_for_value_provided_1447236661,I don't want to commit to a subscription,i_dont_want_to_commit_to_a_subscription,,Pricing (eCommerce),pricing_ecommerce,8,,,u_2036626fc99f5946,,,,0,36.0,,Canceled,2026-08-19T03:29:37.000Z,2026-08-19T03:30:02.000Z,2026-08-19T03:30:02.000Z,,29.46,2026-08-19T03:30:02.000Z,cancel,Valid Cancel,annual,2027-08-19T03:13:46.000Z,2027-08-19T03:13:46.000Z,3.0,3.0,36.0,Brightback,,,,,,,1732741,2026-08-19T03:13:45.000Z,,2026-08-19T03:13:46.000Z,,h_64684196a78e197e,,1,2026-08-19T03:13:46.000Z,USD,u_2036626fc99f5946,ACTIVE,h_240a9eb5112f4d25,[name],36.0,annual_essentials,,2026-08-19T03:13:46.000Z,parent_of_student,,1,annual_essentials,2026-08-19T03:13:46.000Z,_UNKNOWN,3600,YEAR,annual_essentials,,High School,[name],2027-08-19T03:13:46.000Z,,300,,2027-08-19T03:13:46.000Z,2026-08-19T03:13:46.000Z,3600,[name],,https://www.supersummary.com/subscription,https://www.supersummary.com/subscription/confirming/cancel,,Parent Experience [July 2025] [25% one-time / No Entry Modal],,08-19-2026,,08-19-2026,08-19-2026,08-19-2026,08-19-2026,,08-19-2026,08-19-2027
Wg8J3q5_bd2571e7fa26181e,16BjhZV5BXuBE22xY,,Book Club Members; fallback,,,[name],[name],,I don’t want my subscription to renew automatically,too_expensive_for_value_provided_1447236661,I don't want to commit to a subscription,i_dont_want_to_commit_to_a_subscription,,Pricing (eCommerce),pricing_ecommerce,1,,,u_5108ead29a7e2b46,,,,0,,,Canceled,2026-08-19T03:52:06.000Z,2026-08-19T03:52:27.000Z,2026-08-19T03:52:27.000Z,,29.45,2026-08-19T03:52:27.000Z,cancel,Valid Cancel,monthly,2026-08-24T01:29:56.000Z,2026-08-24T01:29:56.000Z,9.95,9.95,9.95,Brightback,,,,,,,16BjhZV5BXuBE22xY,2025-12-12T16:56:24.000Z,,2025-12-12T16:56:27.000Z,,h_d3df259d2ec3229e,,1,2026-03-24T01:29:56.000Z,USD,u_5108ead29a7e2b46,ACTIVE,h_e5477ece05df2840,[name],,,,2026-07-24T01:29:56.000Z,book_club_member,,1,monthly_essentials,2025-12-12T16:56:27.000Z,_UNKNOWN,995,MONTH,,,,[name],2026-08-24T01:29:56.000Z,,995,,2026-08-24T01:29:56.000Z,2025-12-12T16:56:27.000Z,995,,,,,,BCM Experience [July 2025] [25% one-time / No Entry Modal],,12-12-2025,,08-19-2026,03-24-2026,12-12-2025,12-12-2025,,12-12-2025,08-24-2026
Wg8ILjp_b02dab468f95e4cf,1727476,,Students; fallback,,,[name],[name],[name],I don’t want my subscription to renew automatically,too_expensive_for_value_provided_1447236661,I don't want to commit to a subscription,i_dont_want_to_commit_to_a_subscription,,Pricing (eCommerce),pricing_ecommerce,5,,,u_7d0e51787a2fc639,,,,0,60.0,,Canceled,2026-08-18T21:45:56.000Z,2026-08-18T21:46:12.000Z,2026-08-18T21:46:12.000Z,,29.7,2026-08-18T21:46:12.000Z,cancel,Valid Cancel,annual,2027-08-14T00:24:56.000Z,,5.0,5.0,60.0,Brightback,,,,,,,1727476,2026-08-14T00:24:54.000Z,,2026-08-14T00:24:56.000Z,,h_05bb270143caa732,,1,2026-08-14T00:24:56.000Z,USD,u_7d0e51787a2fc639,NON_RENEWING,h_e962d0c6fb329746,[name],60.0,annual_plus,,2026-08-14T00:24:56.000Z,student,,1,annual_plus,2026-08-14T00:24:56.000Z,_UNKNOWN,6000,YEAR,annual_plus,,College,[name],,,500,,2027-08-14T00:24:56.000Z,2026-08-14T00:24:56.000Z,6000,[name],,https://www.supersummary.com/subscription,https://www.supersummary.com/subscription/confirming/cancel,,Student Experience [July 2025] [25% one-time / No Entry Modal],,08-14-2026,,08-18-2026,08-14-2026,08-14-2026,08-14-2026,,08-14-2026,
Wg8ILii_98aff1b9cb54f66e,16BPP5VSE53aQ3dIS,,Students; fallback,,,[name],[name],,I don’t want my subscription to renew automatically,too_expensive_for_value_provided_1447236661,I don't want to commit to a subscription,i_dont_want_to_commit_to_a_subscription,,Pricing (eCommerce),pricing_ecommerce,4,,,u_7d0e51787a2fc639,,,,0,,,Canceled,2026-08-18T21:44:50.000Z,2026-08-18T21:45:43.000Z,2026-08-18T21:45:43.000Z,,29.7,2026-08-18T21:45:43.000Z,cancel,Valid Cancel,annual,2027-08-14T00:24:56.000Z,2027-08-14T00:24:56.000Z,5.0,5.0,60.0,Brightback,,,,,,,16BPP5VSE53aQ3dIS,2026-08-14T00:24:54.000Z,,2026-08-14T00:24:56.000Z,,h_05bb270143caa732,,1,2026-08-14T00:24:56.000Z,USD,u_7d0e51787a2fc639,ACTIVE,h_e962d0c6fb329746,[name],,,,2026-08-14T00:24:56.000Z,student,,1,annual_plus,2026-08-14T00:24:56.000Z,_UNKNOWN,6000,YEAR,,,College,[name],2027-08-14T00:24:56.000Z,,500,,2027-08-14T00:24:56.000Z,2026-08-14T00:24:56.000Z,6000,,,,,,Student Experience [July 2025] [25% one-time / No Entry Modal],,08-14-2026,,08-18-2026,08-14-2026,08-14-2026,08-14-2026,,08-14-2026,08-14-2027
Wg8IKYR_bc62026b2f3cf048,6oqWqVBbaW4732au,,Students; fallback,,,[name],[name],,I don’t want my subscription to renew automatically,too_expensive_for_value_provided_1447236661,I don't want to commit to a subscription,i_dont_want_to_commit_to_a_subscription,,Pricing (eCommerce),pricing_ecommerce,1,,,u_33c130d6f5fa5705,I didn’t use the service and have been charged multiple times ,,,1,,,Canceled,2026-08-18T20:34:29.000Z,2026-08-18T20:35:32.000Z,2026-08-18T22:08:44.000Z,,29.75,2026-08-18T22:08:44.000Z,cancel,Valid Cancel,monthly,2026-09-18T18:43:11.000Z,2026-09-18T18:43:11.000Z,9.95,9.95,9.95,Brightback,,,,,,,6oqWqVBbaW4732au,2026-02-18T18:43:10.000Z,,2026-02-18T18:43:11.000Z,,h_743abfca6cb33433,,1,2026-02-18T18:43:11.000Z,USD,u_33c130d6f5fa5705,ACTIVE,h_55f73da36e5237c1,[name],,,,2026-08-18T18:43:11.000Z,student,,1,monthly_essentials,2026-02-18T18:43:11.000Z,_UNKNOWN,995,MONTH,,,College,[name],2026-09-18T18:43:11.000Z,,995,,2026-09-18T18:43:11.000Z,2026-02-18T18:43:11.000Z,995,,,,,,Student Experience [July 2025] [25% one-time / No Entry Modal],,02-18-2026,,08-18-2026,02-18-2026,02-18-2026,02-18-2026,,02-18-2026,09-18-2026
Wg8IIHn_8be6a230fa4e758d,1289377,,Teachers; Annual,,,[name],[name],[name],I don’t want my subscription to renew automatically,too_expensive_for_value_provided_1447236661,I don't want to commit to a subscription,i_dont_want_to_commit_to_a_subscription,,Pricing (eCommerce),pricing_ecommerce,2,i didn't agree to renew,,u_4405860ee048a623,alert me to renewal,,,1,36.0,,Canceled,2026-08-18T18:18:22.000Z,2026-08-18T18:19:42.000Z,2026-08-18T18:19:42.000Z,,29.85,2026-08-18T18:19:42.000Z,cancel,Valid Cancel,annual,2027-08-18T04:18:26.000Z,2027-08-18T04:18:26.000Z,3.0,3.0,36.0,Brightback,,,,,,,1289377,2025-08-18T04:18:24.000Z,,2025-08-18T04:18:26.000Z,,h_02629a6638ff3c6c,,1,2025-08-18T04:18:26.000Z,USD,u_4405860ee048a623,ACTIVE,h_0811fafabd0e41e2,[name],36.0,annual,,2026-08-18T04:18:26.000Z,teacher,,1,annual,2025-08-18T04:18:26.000Z,_UNKNOWN,3600,YEAR,annual,,College,[name],2027-08-18T04:18:26.000Z,,300,,2027-08-18T04:18:26.000Z,2025-08-18T04:18:26.000Z,3600,[name],,https://www.supersummary.com/subscription,https://www.supersummary.com/subscription/confirming/cancel,,Teacher Experience [July 2025] [40% one-time / Modal],,08-18-2025,,08-18-2026,08-18-2025,08-18-2025,08-18-2025,,08-18-2025,08-18-2027
Wg8IHVD_bc255e53d08544bb,1499625,,fallback,,,[name],[name],[name],I don’t want my subscription to renew automatically,too_expensive_for_value_provided_1447236661,I don't want to commit to a subscription,i_dont_want_to_commit_to_a_subscription,,Pricing (eCommerce),pricing_ecommerce,6,,,u_91602f4bfa50730c,,,,0,36.0,,Canceled,2026-08-18T17:31:33.000Z,2026-08-18T17:31:58.000Z,2026-08-18T17:31:58.000Z,,29.88,2026-08-18T17:31:58.000Z,cancel,Valid Cancel,annual,2027-02-03T11:33:22.000Z,2027-02-03T11:33:22.000Z,3.0,3.0,36.0,Brightback,,,,,,,1499625,2026-02-03T11:33:20.000Z,,2026-02-03T11:33:22.000Z,,h_56cb75b71bf1b9b2,,1,2026-02-03T11:33:22.000Z,USD,u_91602f4bfa50730c,ACTIVE,h_439fca55825c0dcf,[name],36.0,annual_essentials,,2026-02-03T11:33:22.000Z,librarian,,1,annual_essentials,2026-02-03T11:33:22.000Z,_UNKNOWN,3600,YEAR,annual_essentials,,,[name],2027-02-03T11:33:22.000Z,,300,,2027-02-03T11:33:22.000Z,2026-02-03T11:33:22.000Z,3600,[name],,https://www.supersummary.com/subscription,https://www.supersummary.com/subscription/confirming/cancel,,Default/Fallback [July 2025] [25% one time / No entry modal],,02-03-2026,,08-18-2026,02-03-2026,02-03-2026,02-03-2026,,02-03-2026,02-03-2027
Wg8IEv6_b010a7afa44c72cc,16BRVtVS7IjR12zyL,,Parents; fallback,,,[name],[name],,I don’t want my subscription to renew automatically,too_expensive_for_value_provided_1447236661,I don't want to commit to a subscription,i_dont_want_to_commit_to_a_subscription,,Pricing (eCommerce),pricing_ecommerce,6,,,u_c694eb8497ba67c0,,,,0,,,Canceled,2026-08-18T14:57:07.000Z,2026-08-18T14:57:38.000Z,2026-08-18T14:57:38.000Z,,29.99,2026-08-18T14:57:38.000Z,cancel,Valid Cancel,monthly,2026-09-12T20:35:21.000Z,2026-09-12T20:35:21.000Z,9.95,9.95,9.95,Brightback,,,,,,,16BRVtVS7IjR12zyL,2026-08-12T20:35:20.000Z,,2026-08-12T20:35:21.000Z,,h_8e79ee825eb705c8,,1,2026-08-12T20:35:21.000Z,USD,u_c694eb8497ba67c0,ACTIVE,h_5793a6e1a3a2b160,[name],,,,2026-08-12T20:35:21.000Z,parent_of_student,,1,monthly_essentials,2026-08-12T20:35:21.000Z,_UNKNOWN,995,MONTH,,,Middle School,[name],2026-09-12T20:35:21.000Z,,995,,2026-09-12T20:35:21.000Z,2026-08-12T20:35:21.000Z,995,,,,,,Parent Experience [July 2025] [25% one-time / No Entry Modal],,08-12-2026,,08-18-2026,08-12-2026,08-12-2026,08-12-2026,,08-12-2026,09-12-2026
Wg8IDnL_881eef61f5c89b3e,1307754,,Book Club Members; Annual,,,[name],[name],[name],I don’t want my subscription to renew automatically,too_expensive_for_value_provided_1447236661,I don't want to commit to a subscription,i_dont_want_to_commit_to_a_subscription,,Pricing (eCommerce),pricing_ecommerce,7,internet,,u_d92b8cce8311d1c5,Nothing...it was great!,,,1,36.0,,Canceled,2026-08-18T13:49:37.000Z,2026-08-18T13:50:44.000Z,2026-08-18T13:50:45.000Z,,30.03,2026-08-18T13:50:45.000Z,cancel,Valid Cancel,annual,2026-09-02T15:57:36.000Z,2026-09-02T15:57:36.000Z,3.0,3.0,36.0,Brightback,,,,,,,1307754,2025-09-02T15:57:33.000Z,,2025-09-02T15:57:36.000Z,,h_1f7affac461f3aa7,,1,2025-09-02T15:57:36.000Z,USD,u_d92b8cce8311d1c5,ACTIVE,h_43f1555bc59a89f1,[name],36.0,annual,,2025-09-02T15:57:36.000Z,book_club_member,,1,annual,2025-09-02T15:57:36.000Z,_UNKNOWN,3600,YEAR,annual,,,[name],2026-09-02T15:57:36.000Z,,300,,2026-09-02T15:57:36.000Z,2025-09-02T15:57:36.000Z,3600,[name],,https://www.supersummary.com/subscription,https://www.supersummary.com/subscription/confirming/cancel,,BCM Experience [July 2025] [25% one-time / No Entry Modal],,09-02-2025,,08-18-2026,09-02-2025,09-02-2025,09-02-2025,,09-02-2025,09-02-2026
Wg8ICB0_bff32adc8763e9ae,1731729,,Students; fallback,,,[name],[name],[name],I don’t want my subscription to renew automatically,too_expensive_for_value_provided_1447236661,I don't want to commit to a subscription,i_dont_want_to_commit_to_a_subscription,,Pricing (eCommerce),pricing_ecommerce,2,google,,u_3abf1a99c71ec1cc,,,,0,16.65,,Canceled,2026-08-18T12:11:09.000Z,2026-08-18T12:12:03.000Z,2026-08-18T12:12:03.000Z,,30.1,2026-08-18T12:12:03.000Z,cancel,Valid Cancel,monthly,2026-09-18T12:07:43.000Z,2026-09-18T12:07:43.000Z,16.65,16.65,16.65,Brightback,,,,,,,1731729,2026-08-18T12:07:41.000Z,,2026-08-18T12:07:43.000Z,,h_21944df1e82fa351,,1,2026-08-18T12:07:43.000Z,USD,u_3abf1a99c71ec1cc,ACTIVE,h_48968e35c6e140de,[name],16.65,monthly_plus,,2026-08-18T12:07:43.000Z,student,,1,monthly_plus,2026-08-18T12:07:43.000Z,_UNKNOWN,1665,MONTH,monthly_plus,,College,[name],2026-09-18T12:07:43.000Z,,1665,,2026-09-18T12:07:43.000Z,2026-08-18T12:07:43.000Z,1665,[name],,https://www.supersummary.com/subscription,https://www.supersummary.com/subscription/confirming/cancel,,Student Experience [July 2025] [25% one-time / No Entry Modal],,08-18-2026,,08-18-2026,08-18-2026,08-18-2026,08-18-2026,,08-18-2026,09-18-2026
Wg8I3Z3_8df89949d04f274f,330458,,Students; fallback,,,[name],[name],[name],I don’t want my subscription to renew automatically,too_expensive_for_value_provided_1447236661,I don't want to commit to a subscription,i_dont_want_to_commit_to_a_subscription,,Pricing (eCommerce),pricing_ecommerce,7,ChatGPT,,u_f7647590b6dbf249,n/a,,,1,36.0,,Canceled,2026-08-18T03:35:21.000Z,2026-08-18T03:36:08.000Z,2026-08-18T03:36:08.000Z,,30.46,2026-08-18T03:36:08.000Z,cancel,Valid Cancel,annual,2027-08-17T10:09:25.000Z,2027-08-17T10:09:25.000Z,3.0,3.0,36.0,Brightback,,,,,,,330458,2026-08-17T10:09:23.000Z,,2026-08-17T10:09:25.000Z,,h_da09068d269f50aa,,1,2026-08-17T10:09:25.000Z,USD,u_f7647590b6dbf249,ACTIVE,h_5ea2a25bd2f404c7,[name],36.0,annual_essentials,,2026-08-17T10:09:25.000Z,student,,1,annual_essentials,2026-08-17T10:09:25.000Z,_UNKNOWN,3600,YEAR,annual_essentials,,Postgrad Program,[name],2027-08-17T10:09:25.000Z,,300,,2027-08-17T10:09:25.000Z,2026-08-17T10:09:25.000Z,3600,[name],,https://www.supersummary.com/subscription,https://www.supersummary.com/subscription/confirming/cancel,,Student Experience [July 2025] [25% one-time / No Entry Modal],,08-17-2026,,08-18-2026,08-17-2026,08-17-2026,08-17-2026,,08-17-2026,08-17-2027
Wg8I39I_bc50ac1351ffc1f0,AzqVKNVS1vk7u3SU4,,Book Club Members; fallback,,,[name],[name],,I don’t want my subscription to renew automatically,too_expensive_for_value_provided_1447236661,I don't want to commit to a subscription,i_dont_want_to_commit_to_a_subscription,,Pricing (eCommerce),pricing_ecommerce,5,,,u_1ca2629755fa5188,,,,0,,,Canceled,2026-08-18T03:09:23.000Z,2026-08-18T03:09:57.000Z,2026-08-18T03:09:58.000Z,,30.48,2026-08-18T03:09:58.000Z,cancel,Valid Cancel,monthly,2026-09-11T22:32:40.000Z,2026-09-11T22:32:40.000Z,16.65,16.65,16.65,Brightback,,,,,,,AzqVKNVS1vk7u3SU4,2026-08-11T22:32:37.000Z,,2026-08-11T22:32:40.000Z,,h_65a66ded442dbee8,,1,2026-08-11T22:32:40.000Z,USD,u_1ca2629755fa5188,ACTIVE,h_bca5cbbee26ac03f,[name],,,,2026-08-11T22:32:40.000Z,book_club_member,,1,monthly_plus,2026-08-11T22:32:40.000Z,_UNKNOWN,1665,MONTH,,,,[name],2026-09-11T22:32:40.000Z,,1665,,2026-09-11T22:32:40.000Z,2026-08-11T22:32:40.000Z,1665,,,,,,BCM Experience [July 2025] [25% one-time / No Entry Modal],,08-11-2026,,08-18-2026,08-11-2026,08-11-2026,08-11-2026,,08-11-2026,09-11-2026
Wg8I343_b06b341899ccd546,AzZaioVSc1rhl6NO,,Parents; fallback,,,[name],[name],,I don’t want my subscription to renew automatically,too_expensive_for_value_provided_1447236661,I don't want to commit to a subscription,i_dont_want_to_commit_to_a_subscription,,Pricing (eCommerce),pricing_ecommerce,10,,,u_6d0f02e1bcc36246,,,,0,,,Canceled,2026-08-18T03:04:07.000Z,2026-08-18T03:04:40.000Z,2026-08-18T03:04:40.000Z,,30.48,2026-08-18T03:04:40.000Z,cancel,Valid Cancel,monthly,2026-09-18T02:42:47.000Z,2026-09-18T02:42:47.000Z,16.65,16.65,16.65,Brightback,,,,,,,AzZaioVSc1rhl6NO,2025-04-22T22:53:50.000Z,,2026-08-18T02:42:47.000Z,,h_09ac817207635021,,1,2026-08-18T02:42:47.000Z,USD,u_6d0f02e1bcc36246,ACTIVE,h_c4d430118a4e6aa3,[name],,,,2026-08-18T02:42:47.000Z,parent_of_student,,1,monthly_plus,2026-08-18T02:42:47.000Z,_UNKNOWN,1665,MONTH,,,High School,[name],2026-09-18T02:42:47.000Z,,1665,,2026-09-18T02:42:47.000Z,2026-08-18T02:42:47.000Z,1665,,,,,,Parent Experience [July 2025] [25% one-time / No Entry Modal],,08-18-2026,,08-18-2026,08-18-2026,08-18-2026,04-22-2025,,08-18-2026,09-18-2026
Wg8I30m_862bfe2895d57e62,1718680,,Students; fallback,,,[name],[name],[name],I don’t want my subscription to renew automatically,too_expensive_for_value_provided_1447236661,I don't want to commit to a subscription,i_dont_want_to_commit_to_a_subscription,,Pricing (eCommerce),pricing_ecommerce,4,,,u_946025079691d6fb,,,,0,36.0,,Canceled,2026-08-18T03:00:58.000Z,2026-08-18T03:01:12.000Z,2026-08-18T03:01:12.000Z,,30.48,2026-08-18T03:01:12.000Z,cancel,Valid Cancel,annual,2027-08-06T02:59:27.000Z,2027-08-06T02:59:27.000Z,3.0,3.0,36.0,Brightback,,,,,,,1718680,2026-08-06T02:59:25.000Z,,2026-08-06T02:59:27.000Z,,h_5c710aa3f30fe9e4,,1,2026-08-06T02:59:27.000Z,USD,u_946025079691d6fb,ACTIVE,h_759fef23698b248d,[name],36.0,annual_essentials,,2026-08-06T02:59:27.000Z,student,,1,annual_essentials,2026-08-06T02:59:27.000Z,_UNKNOWN,3600,YEAR,annual_essentials,,College,[name],2027-08-06T02:59:27.000Z,,300,,2027-08-06T02:59:27.000Z,2026-08-06T02:59:27.000Z,3600,[name],,https://www.supersummary.com/subscription,https://www.supersummary.com/subscription/confirming/cancel,,Student Experience [July 2025] [25% one-time / No Entry Modal],,08-06-2026,,08-18-2026,08-06-2026,08-06-2026,08-06-2026,,08-06-2026,08-06-2027
Wg8I2Gk_8f526d5371660a11,1289173,,Students; Annual,,,[name],[name],[name],I don’t want my subscription to renew automatically,too_expensive_for_value_provided_1447236661,I don't want to commit to a subscription,i_dont_want_to_commit_to_a_subscription,,Pricing (eCommerce),pricing_ecommerce,3,,,u_518f171f8c3110fe,,,,0,36.0,,Canceled,2026-08-18T02:17:09.000Z,2026-08-18T02:17:46.000Z,2026-08-18T02:17:46.000Z,,30.51,2026-08-18T02:17:46.000Z,cancel,Valid Cancel,annual,2027-08-18T01:30:24.000Z,2027-08-18T01:30:24.000Z,3.0,3.0,36.0,Brightback,,,,,,,1289173,2025-08-18T01:30:22.000Z,,2025-08-18T01:30:24.000Z,,h_789f87a39d215012,,1,2025-08-18T01:30:24.000Z,USD,u_518f171f8c3110fe,ACTIVE,h_fe03df6bf493be1f,[name],36.0,annual,,2026-08-18T01:30:24.000Z,student,,1,annual,2025-08-18T01:30:24.000Z,_UNKNOWN,3600,YEAR,annual,,Middle School,[name],2027-08-18T01:30:24.000Z,,300,,2027-08-18T01:30:24.000Z,2025-08-18T01:30:24.000Z,3600,[name],,https://www.supersummary.com/subscription,https://www.supersummary.com/subscription/confirming/cancel,,Student Experience [July 2025] [25% one-time / No Entry Modal],,08-18-2025,,08-18-2026,08-18-2025,08-18-2025,08-18-2025,,08-18-2025,08-18-2027
Wg8I0xE_ad0b7f8f18bf502e,AzZfqpVRDlzeypym,,Students; fallback,,,[name],[name],,I don’t want my subscription to renew automatically,too_expensive_for_value_provided_1447236661,I don't want to commit to a subscription,i_dont_want_to_commit_to_a_subscription,,Pricing (eCommerce),pricing_ecommerce,6,,,u_d2e673d73bb5164d,,,,0,,,Canceled,2026-08-18T00:59:16.000Z,2026-08-18T00:59:36.000Z,2026-08-18T00:59:36.000Z,,30.57,2026-08-18T00:59:36.000Z,cancel,Valid Cancel,annual,2027-08-03T08:40:20.000Z,2027-08-03T08:40:20.000Z,5.0,5.0,60.0,Brightback,,,,,,,AzZfqpVRDlzeypym,2026-08-03T08:40:18.000Z,,2026-08-03T08:40:20.000Z,,h_58e124750f7ea553,,1,2026-08-03T08:40:20.000Z,USD,u_d2e673d73bb5164d,ACTIVE,h_0502fa6ac98da9be,[name],,,,2026-08-03T08:40:20.000Z,student,,1,annual_plus,2026-08-03T08:40:20.000Z,_UNKNOWN,6000,YEAR,,,College,[name],2027-08-03T08:40:20.000Z,,500,,2027-08-03T08:40:20.000Z,2026-08-03T08:40:20.000Z,6000,,,,,,Student Experience [July 2025] [25% one-time / No Entry Modal],,08-03-2026,,08-18-2026,08-03-2026,08-03-2026,08-03-2026,,08-03-2026,08-03-2027
Wg8I0Wf_8072885d279a318c,619284,,Book Club Members; Annual,,,[name],[name],[name],I don’t want my subscription to renew automatically,too_expensive_for_value_provided_1447236661,I don't want to commit to a subscription,i_dont_want_to_commit_to_a_subscription,,Pricing (eCommerce),pricing_ecommerce,1,,,u_ec2b2f9c9f472281,,,,0,36.0,,Canceled,2026-08-18T00:33:04.000Z,2026-08-18T00:33:29.000Z,2026-08-18T00:33:30.000Z,,30.59,2026-08-18T00:33:30.000Z,cancel,Valid Cancel,annual,2027-08-01T14:35:41.000Z,2027-08-01T14:35:41.000Z,3.0,3.0,36.0,Brightback,,,,,,,619284,2024-08-01T14:35:39.000Z,,2024-08-01T14:35:41.000Z,,h_e6a16ed294154f5a,,1,2024-08-01T14:35:41.000Z,USD,u_ec2b2f9c9f472281,ACTIVE,h_697c4957cac390ea,[name],36.0,annual,,2026-08-01T14:35:41.000Z,book_club_member,,1,annual,2024-08-01T14:35:41.000Z,_UNKNOWN,3600,YEAR,annual,,,[name],2027-08-01T14:35:41.000Z,,300,,2027-08-01T14:35:41.000Z,2024-08-01T14:35:41.000Z,3600,[name],,https://www.supersummary.com/subscription,https://www.supersummary.com/subscription/confirming/cancel,,BCM Experience [July 2025] [25% one-time / No Entry Modal],,08-01-2024,,08-18-2026,08-01-2024,08-01-2024,08-01-2024,,08-01-2024,08-01-2027
Wg8I00S_bc6accb53f7edb7d,631098,,Teachers; Annual,,,[name],[name],[name],I don’t want my subscription to renew automatically,too_expensive_for_value_provided_1447236661,I don't want to commit to a subscription,i_dont_want_to_commit_to_a_subscription,,Pricing (eCommerce),pricing_ecommerce,9,I don't need the subscription. ,,u_99c9c4afe645bfcf,No improvement. ,,,1,36.0,,Canceled,2026-08-18T00:00:45.000Z,2026-08-18T00:01:45.000Z,2026-08-18T00:01:45.000Z,,30.61,2026-08-18T00:01:45.000Z,cancel,Valid Cancel,annual,2027-08-17T15:55:17.000Z,2027-08-17T15:55:17.000Z,3.0,3.0,36.0,Brightback,,,,,,,631098,2024-08-17T15:55:15.000Z,,2024-08-17T15:55:17.000Z,,h_4bb07b744ce43856,,1,2024-08-17T15:55:17.000Z,USD,u_99c9c4afe645bfcf,ACTIVE,h_680a957b19dc14b7,[name],36.0,annual,,2026-08-17T15:55:17.000Z,teacher,,1,annual,2024-08-17T15:55:17.000Z,_UNKNOWN,3600,YEAR,annual,,High School,[name],2027-08-17T15:55:17.000Z,,300,,2027-08-17T15:55:17.000Z,2024-08-17T15:55:17.000Z,3600,[name],,https://www.supersummary.com/subscription,https://www.supersummary.com/subscription/confirming/cancel,,Teacher Experience [July 2025] [40% one-time / Modal],,08-17-2024,,08-18-2026,08-17-2024,08-17-2024,08-17-2024,,08-17-2024,08-17-2027
Wg8HNQi_9b4bae91b1ca6df9,AzqZu6VOudLJs2FXT,,Teachers; fallback,,,[name],[name],,I don’t want my subscription to renew automatically,too_expensive_for_value_provided_1447236661,I don't want to commit to a subscription,i_dont_want_to_commit_to_a_subscription,,Pricing (eCommerce),pricing_ecommerce,1,,,u_be8fe8f6e77db3bf,,,,0,,,Canceled,2026-08-17T23:26:47.000Z,2026-08-17T23:27:23.000Z,2026-08-17T23:27:23.000Z,,30.63,2026-08-17T23:27:23.000Z,cancel,Valid Cancel,monthly,2026-09-09T21:09:02.000Z,2026-09-09T21:09:02.000Z,16.65,16.65,16.65,Brightback,,,,,,,AzqZu6VOudLJs2FXT,2026-07-09T21:09:00.000Z,,2026-07-09T21:09:02.000Z,,h_2f4df6867658f1fe,,1,2026-07-09T21:09:02.000Z,USD,u_be8fe8f6e77db3bf,ACTIVE,h_25a7922c03fd192f,[name],,,,2026-08-09T21:09:02.000Z,teacher,,1,monthly_plus,2026-07-09T21:09:02.000Z,_UNKNOWN,1665,MONTH,,,College,[name],2026-09-09T21:09:02.000Z,,1665,,2026-09-09T21:09:02.000Z,2026-07-09T21:09:02.000Z,1665,,,,,,Teacher Experience [July 2025] [40% one-time / Modal],,07-09-2026,,08-17-2026,07-09-2026,07-09-2026,07-09-2026,,07-09-2026,09-09-2026
Wg8HKql_b5503dae90a3d356,630473,,Teachers; Annual,,,[name],[name],[name],I don’t want my subscription to renew automatically,too_expensive_for_value_provided_1447236661,I don't want to commit to a subscription,i_dont_want_to_commit_to_a_subscription,,Pricing (eCommerce),pricing_ecommerce,5,chat gpt,,u_b75b2b6dd30f1341,overpriced,,,1,36.0,,Canceled,2026-08-17T20:53:02.000Z,2026-08-17T20:54:32.000Z,2026-08-17T20:54:33.000Z,,30.74,2026-08-17T20:54:33.000Z,cancel,Valid Cancel,annual,2027-08-16T10:54:31.000Z,2027-08-16T10:54:31.000Z,3.0,3.0,36.0,Brightback,,,,,,,630473,2024-08-16T10:54:29.000Z,,2024-08-16T10:54:31.000Z,,h_70631e35508279a7,,1,2024-08-16T10:54:31.000Z,USD,u_b75b2b6dd30f1341,ACTIVE,h_e8acc7b28e680b41,[name],36.0,annual,,2026-08-16T10:54:31.000Z,teacher,,1,annual,2024-08-16T10:54:31.000Z,_UNKNOWN,3600,YEAR,annual,,High School,[name],2027-08-16T10:54:31.000Z,,300,,2027-08-16T10:54:31.000Z,2024-08-16T10:54:31.000Z,3600,[name],,https://www.supersummary.com/subscription,https://www.supersummary.com/subscription/confirming/cancel,,Teacher Experience [July 2025] [40% one-time / Modal],,08-16-2024,,08-17-2026,08-16-2024,08-16-2024,08-16-2024,,08-16-2024,08-16-2027
Wg8HK7x_be97ff6323fb8b4b,169r4kVSZnf9l2B0f,,Parents; fallback,,,[name],[name],,I don’t want my subscription to renew automatically,too_expensive_for_value_provided_1447236661,I don't want to commit to a subscription,i_dont_want_to_commit_to_a_subscription,,Pricing (eCommerce),pricing_ecommerce,8,,,u_a1e8eef33230f881,,,,0,,,Canceled,2026-08-17T20:08:01.000Z,2026-08-17T20:09:03.000Z,2026-08-17T20:09:03.000Z,,30.77,2026-08-17T20:09:03.000Z,cancel,Valid Cancel,monthly,2026-09-17T17:33:50.000Z,2026-09-17T17:33:50.000Z,16.65,16.65,16.65,Brightback,,,,,,,169r4kVSZnf9l2B0f,2026-08-17T17:33:48.000Z,,2026-08-17T17:33:50.000Z,,h_61e5a90b8a78cf8c,,1,2026-08-17T17:33:50.000Z,USD,u_a1e8eef33230f881,ACTIVE,h_b8b9294bdbe85af3,[name],,,,2026-08-17T17:33:50.000Z,parent_of_student,,1,monthly_plus,2026-08-17T17:33:50.000Z,_UNKNOWN,1665,MONTH,,,Middle School,[name],2026-09-17T17:33:50.000Z,,1665,,2026-09-17T17:33:50.000Z,2026-08-17T17:33:50.000Z,1665,,,,,,Parent Experience [July 2025] [25% one-time / No Entry Modal],,08-17-2026,,08-17-2026,08-17-2026,08-17-2026,08-17-2026,,08-17-2026,09-17-2026
Wg8HJBu_b3ed506361998f57,1399443,,fallback,,,[name],[name],[name],I don’t want my subscription to renew automatically,too_expensive_for_value_provided_1447236661,I don't want to commit to a subscription,i_dont_want_to_commit_to_a_subscription,,Pricing (eCommerce),pricing_ecommerce,7,,,u_b00754ad1de4aecd,,,,0,60.0,,Canceled,2026-08-17T19:12:05.000Z,2026-08-17T19:12:33.000Z,2026-08-17T19:12:33.000Z,,30.81,2026-08-17T19:12:33.000Z,cancel,Valid Cancel,annual,2026-11-09T23:06:12.000Z,2026-11-09T23:06:12.000Z,5.0,5.0,60.0,Brightback,,,,,,,1399443,2025-11-09T23:06:11.000Z,,2025-11-09T23:06:12.000Z,,h_65f3d860083de246,,1,2025-11-09T23:06:12.000Z,USD,u_b00754ad1de4aecd,ACTIVE,h_2bb312d40d91abab,[name],60.0,annual_plus,,2025-11-09T23:06:12.000Z,other,,1,annual_plus,2025-11-09T23:06:12.000Z,_UNKNOWN,6000,YEAR,annual_plus,,,[name],2026-11-09T23:06:12.000Z,,500,,2026-11-09T23:06:12.000Z,2025-11-09T23:06:12.000Z,6000,[name],,https://www.supersummary.com/subscription,https://www.supersummary.com/subscription/confirming/cancel,,Default/Fallback [July 2025] [25% one time / No entry modal],,11-09-2025,,08-17-2026,11-09-2025,11-09-2025,11-09-2025,,11-09-2025,11-09-2026
Wg8HHVc_86d101f54043578a,1730881,,Teachers; fallback,,,[name],[name],[name],I don’t want my subscription to renew automatically,too_expensive_for_value_provided_1447236661,I don't want to commit to a subscription,i_dont_want_to_commit_to_a_subscription,,Pricing (eCommerce),pricing_ecommerce,8,,,u_6648b78116397514,,,,0,16.65,,Canceled,2026-08-17T17:31:45.000Z,2026-08-17T17:33:19.000Z,2026-08-17T17:33:19.000Z,,30.88,2026-08-17T17:33:19.000Z,cancel,Valid Cancel,monthly,2026-09-17T17:21:52.000Z,2026-09-17T17:21:52.000Z,16.65,16.65,16.65,Brightback,,,,,,,1730881,2026-08-17T17:21:50.000Z,,2026-08-17T17:21:52.000Z,,h_4f60c62b5e427bb9,,1,2026-08-17T17:21:52.000Z,USD,u_6648b78116397514,ACTIVE,h_3c1719414a6c15aa,[name],16.65,monthly_plus,,2026-08-17T17:21:52.000Z,teacher,,1,monthly_plus,2026-08-17T17:21:52.000Z,_UNKNOWN,1665,MONTH,monthly_plus,,High School,[name],2026-09-17T17:21:52.000Z,,1665,,2026-09-17T17:21:52.000Z,2026-08-17T17:21:52.000Z,1665,[name],,https://www.supersummary.com/subscription,https://www.supersummary.com/subscription/confirming/cancel,,Teacher Experience [July 2025] [40% one-time / Modal],,08-17-2026,,08-17-2026,08-17-2026,08-17-2026,08-17-2026,,08-17-2026,09-17-2026
Wg8HGNM_bef2e0287a41afb2,1613909,,Book Club Members; fallback,,,[name],[name],[name],I don’t want my subscription to renew automatically,too_expensive_for_value_provided_1447236661,I don't want to commit to a subscription,i_dont_want_to_commit_to_a_subscription,,Pricing (eCommerce),pricing_ecommerce,5,,,u_dedb9352050e6046,,,,0,9.95,,Canceled,2026-08-17T16:23:26.000Z,2026-08-17T16:23:38.000Z,2026-08-17T16:23:38.000Z,,30.93,2026-08-17T16:23:38.000Z,cancel,Valid Cancel,monthly,2026-08-24T18:43:25.000Z,2026-08-24T18:43:25.000Z,9.95,9.95,9.95,Brightback,,,,,,,1613909,2026-04-24T18:43:22.000Z,,2026-04-24T18:43:25.000Z,,h_a095b71689c6e836,,1,2026-04-24T18:43:25.000Z,USD,u_dedb9352050e6046,ACTIVE,h_7633b5467228a06b,[name],9.95,monthly_essentials,,2026-07-24T18:43:25.000Z,book_club_member,,1,monthly_essentials,2026-04-24T18:43:25.000Z,_UNKNOWN,995,MONTH,monthly_essentials,,,[name],2026-08-24T18:43:25.000Z,,995,,2026-08-24T18:43:25.000Z,2026-04-24T18:43:25.000Z,995,[name],,https://www.supersummary.com/subscription,https://www.supersummary.com/subscription/confirming/cancel,,BCM Experience [July 2025] [25% one-time / No Entry Modal],,04-24-2026,,08-17-2026,04-24-2026,04-24-2026,04-24-2026,,04-24-2026,08-24-2026
Wg8HE2k_9489d3a6a916fcf7,1725128,,Book Club Members; fallback,,,[name],[name],[name],I don’t want my subscription to renew automatically,too_expensive_for_value_provided_1447236661,I don't want to commit to a subscription,i_dont_want_to_commit_to_a_subscription,,Pricing (eCommerce),pricing_ecommerce,7,,,u_a4d0f4836a9faedb,,,,0,36.0,,Canceled,2026-08-17T14:02:52.000Z,2026-08-17T14:03:21.000Z,2026-08-17T14:03:22.000Z,,31.02,2026-08-17T14:03:22.000Z,cancel,Valid Cancel,annual,2027-08-12T01:28:43.000Z,2027-08-12T01:28:43.000Z,3.0,3.0,36.0,Brightback,,,,,,,1725128,2026-08-12T01:28:42.000Z,,2026-08-12T01:28:43.000Z,,h_146a218f1a731e39,,1,2026-08-12T01:28:43.000Z,USD,u_a4d0f4836a9faedb,ACTIVE,h_8470f874910e2513,[name],36.0,annual_essentials,,2026-08-12T01:28:43.000Z,book_club_member,,1,annual_essentials,2026-08-12T01:28:43.000Z,_UNKNOWN,3600,YEAR,annual_essentials,,,[name],2027-08-12T01:28:43.000Z,,300,,2027-08-12T01:28:43.000Z,2026-08-12T01:28:43.000Z,3600,[name],,https://www.supersummary.com/subscription,https://www.supersummary.com/subscription/confirming/cancel,,BCM Experience [July 2025] [25% one-time / No Entry Modal],,08-12-2026,,08-17-2026,08-12-2026,08-12-2026,08-12-2026,,08-12-2026,08-12-2027
Wg8HCJc_81ced69d643e917f,397484,,Book Club Members; Annual,,,[name],[name],[name],I don’t want my subscription to renew automatically,too_expensive_for_value_provided_1447236661,I don't want to commit to a subscription,i_dont_want_to_commit_to_a_subscription,,Pricing (eCommerce),pricing_ecommerce,1,I won't use any service,,u_e98322ac4b536f88,I never authorized auto renewal yet you charged me anyway,,,1,36.0,,Canceled,2026-08-17T12:19:58.000Z,2026-08-17T12:21:29.000Z,2026-08-17T12:21:29.000Z,,31.1,2026-08-17T12:21:29.000Z,cancel,Valid Cancel,annual,2027-08-15T14:06:14.000Z,2027-08-15T14:06:14.000Z,3.0,3.0,36.0,Brightback,,,,,,,397484,2023-08-15T14:06:12.000Z,,2023-08-15T14:06:14.000Z,,h_c309e50b24fbdc1e,,1,2023-08-15T14:06:14.000Z,USD,u_e98322ac4b536f88,ACTIVE,h_520491798385f1d2,[name],36.0,annual,,2026-08-15T14:06:14.000Z,book_club_member,,1,annual,2023-08-15T14:06:14.000Z,_UNKNOWN,3600,YEAR,annual,,,[name],2027-08-15T14:06:14.000Z,,300,,2027-08-15T14:06:14.000Z,2023-08-15T14:06:14.000Z,3600,[name],,https://www.supersummary.com/subscription,https://www.supersummary.com/subscription/confirming/cancel,,BCM Experience [July 2025] [25% one-time / No Entry Modal],,08-15-2023,,08-17-2026,08-15-2023,08-15-2023,08-15-2023,,08-15-2023,08-15-2027
Wg8H6Xr_92f9417be3a2d44e,16CbtvVMgRSNkRDx,,Teachers; fallback,,,[name],[name],,I don’t want my subscription to renew automatically,too_expensive_for_value_provided_1447236661,I don't want to commit to a subscription,i_dont_want_to_commit_to_a_subscription,,Pricing (eCommerce),pricing_ecommerce,7,,,u_08de3e14e7118088,,,,0,,,Canceled,2026-08-17T06:34:31.000Z,2026-08-17T06:34:53.000Z,2026-08-17T06:34:54.000Z,,31.34,2026-08-17T06:34:54.000Z,cancel,Valid Cancel,monthly,2026-09-16T05:56:15.000Z,,16.65,16.65,16.65,Brightback,,,,,,,16CbtvVMgRSNkRDx,2026-06-16T05:56:11.000Z,,2026-06-16T05:56:15.000Z,,h_96980bf23263206d,,1,2026-06-16T05:56:15.000Z,USD,u_08de3e14e7118088,ACTIVE,h_953084bf81c4c49c,[name],,,,2026-08-16T05:56:15.000Z,teacher,,1,monthly_plus,2026-06-16T05:56:15.000Z,_UNKNOWN,1665,MONTH,,,Middle School,[name],2026-09-16T05:56:15.000Z,,1665,,2026-09-16T05:56:15.000Z,2026-06-16T05:56:15.000Z,1665,,,,,,Teacher Experience [July 2025] [40% one-time / Modal],,06-16-2026,,08-17-2026,06-16-2026,06-16-2026,06-16-2026,,06-16-2026,09-16-2026
Wg8H4kb_b43880866effadcb,6oq4QV5bnqpyOZG,,Students; fallback,,,[name],[name],,I don’t want my subscription to renew automatically,too_expensive_for_value_provided_1447236661,I don't want to commit to a subscription,i_dont_want_to_commit_to_a_subscription,,Pricing (eCommerce),pricing_ecommerce,2,,,u_a6dcb09819b40733,,,,0,,,Canceled,2026-08-17T04:46:39.000Z,2026-08-17T04:47:01.000Z,2026-08-17T04:47:01.000Z,,31.41,2026-08-17T04:47:01.000Z,cancel,Valid Cancel,monthly,2026-09-17T04:42:52.000Z,2026-09-17T04:42:52.000Z,9.95,9.95,9.95,Brightback,,,,,,,6oq4QV5bnqpyOZG,2025-12-17T04:42:50.000Z,,2025-12-17T04:42:52.000Z,,h_f75eece2e70c05c8,,1,2025-12-17T04:42:52.000Z,USD,u_a6dcb09819b40733,ACTIVE,h_77beaec5c78e7a81,[name],,,,2026-08-17T04:42:52.000Z,student,,1,monthly_essentials,2025-12-17T04:42:52.000Z,_UNKNOWN,995,MONTH,,,College,[name],2026-09-17T04:42:52.000Z,,995,,2026-09-17T04:42:52.000Z,2025-12-17T04:42:52.000Z,995,,,,,,Student Experience [July 2025] [25% one-time / No Entry Modal],,12-17-2025,,08-17-2026,12-17-2025,12-17-2025,12-17-2025,,12-17-2025,09-17-2026
Wg8H1YM_ac99b47dc13b70e8,1730051,,Book Club Members; fallback,,,[name],[name],[name],I don’t want my subscription to renew automatically,too_expensive_for_value_provided_1447236661,I don't want to commit to a subscription,i_dont_want_to_commit_to_a_subscription,,Pricing (eCommerce),pricing_ecommerce,1,my local libraryand librarians,,u_df28cce37c623365,,,,0,60.0,,Canceled,2026-08-17T01:34:29.000Z,2026-08-17T01:36:02.000Z,2026-08-17T01:36:02.000Z,,31.54,2026-08-17T01:36:02.000Z,cancel,Valid Cancel,annual,2027-08-16T23:03:15.000Z,2027-08-16T23:03:15.000Z,5.0,5.0,60.0,Brightback,,,,,,,1730051,2026-08-16T23:03:13.000Z,,2026-08-16T23:03:15.000Z,,h_b580c620552a1b0c,,1,2026-08-16T23:03:15.000Z,USD,u_df28cce37c623365,ACTIVE,h_1919b78c553e6093,[name],60.0,annual_plus,,2026-08-16T23:03:15.000Z,book_club_member,,1,annual_plus,2026-08-16T23:03:15.000Z,_UNKNOWN,6000,YEAR,annual_plus,,,[name],2027-08-16T23:03:15.000Z,,500,,2027-08-16T23:03:15.000Z,2026-08-16T23:03:15.000Z,6000,[name],,https://www.supersummary.com/subscription,https://www.supersummary.com/subscription/confirming/cancel,,BCM Experience [July 2025] [25% one-time / No Entry Modal],,08-16-2026,,08-17-2026,08-16-2026,08-16-2026,08-16-2026,,08-16-2026,08-16-2027
Wg8H0at_b2a30aec613dbd6d,294152,,Book Club Members; Monthly,,,[name],[name],[name],I don’t want my subscription to renew automatically,too_expensive_for_value_provided_1447236661,I don't want to commit to a subscription,i_dont_want_to_commit_to_a_subscription,,Pricing (eCommerce),pricing_ecommerce,4,,,u_e2bc69627b6bb67c,,,,0,9.95,,Canceled,2026-08-17T00:37:25.000Z,2026-08-17T00:38:55.000Z,2026-08-17T00:38:55.000Z,,31.58,2026-08-17T00:38:55.000Z,cancel,Valid Cancel,monthly,2026-08-19T20:40:55.000Z,2026-08-19T20:40:55.000Z,9.95,9.95,9.95,Brightback,,,,,,,294152,2022-12-16T17:31:40.000Z,,2022-12-16T17:31:41.000Z,,h_e224ea25416e648f,,1,2026-05-19T20:40:55.000Z,USD,u_e2bc69627b6bb67c,ACTIVE,h_e4b03f9f750f8572,[name],9.95,monthly,,2026-07-19T20:40:55.000Z,book_club_member,,1,monthly,2022-12-16T17:31:41.000Z,_UNKNOWN,995,MONTH,monthly,,,[name],2026-08-19T20:40:55.000Z,,995,,2026-08-19T20:40:55.000Z,2022-12-16T17:31:41.000Z,995,[name],,https://www.supersummary.com/subscription,https://www.supersummary.com/subscription/confirming/cancel,,BCM Experience [July 2025] [25% forever / No Entry Modal],,12-16-2022,,08-17-2026,05-19-2026,12-16-2022,12-16-2022,,12-16-2022,08-19-2026
Wg8GLMa_a15cb4728f5c39b1,727739,,Book Club Members; fallback,,,[name],[name],[name],I don’t want my subscription to renew automatically,too_expensive_for_value_provided_1447236661,I don't want to commit to a subscription,i_dont_want_to_commit_to_a_subscription,,Pricing (eCommerce),pricing_ecommerce,3,,,u_a34dbb76b7d25092,,,,0,60.0,,Canceled,2026-08-16T21:22:55.000Z,2026-08-16T21:24:04.000Z,2026-08-16T21:24:05.000Z,,31.72,2026-08-16T21:24:05.000Z,cancel,Valid Cancel,annual,2027-07-08T14:34:33.000Z,2027-07-08T14:34:33.000Z,5.0,5.0,60.0,Brightback,,,,,,,727739,2026-07-08T14:34:30.000Z,,2026-07-08T14:34:33.000Z,,h_f8427d76113c8ecc,,1,2026-07-08T14:34:33.000Z,USD,u_a34dbb76b7d25092,ACTIVE,h_c3d7ce3b86439d5a,[name],60.0,annual_plus,,2026-07-08T14:34:33.000Z,book_club_member,,1,annual_plus,2026-07-08T14:34:33.000Z,_UNKNOWN,6000,YEAR,annual_plus,,,[name],2027-07-08T14:34:33.000Z,,500,,2027-07-08T14:34:33.000Z,2026-07-08T14:34:33.000Z,6000,[name],,https://www.supersummary.com/subscription,https://www.supersummary.com/subscription/confirming/cancel,,BCM Experience [July 2025] [25% one-time / No Entry Modal],,07-08-2026,,08-16-2026,07-08-2026,07-08-2026,07-08-2026,,07-08-2026,07-08-2027
Wg8GKUD_9e449e1b4e39be11,1700435,,Book Club Members; fallback,,,[name],[name],[name],I don’t want my subscription to renew automatically,too_expensive_for_value_provided_1447236661,I don't want to commit to a subscription,i_dont_want_to_commit_to_a_subscription,,Pricing (eCommerce),pricing_ecommerce,5,,,u_d94aae5e36b10911,,,,0,9.95,,Canceled,2026-08-16T20:30:23.000Z,2026-08-16T20:30:51.000Z,2026-08-16T20:30:51.000Z,,31.76,2026-08-16T20:30:51.000Z,cancel,Valid Cancel,monthly,2026-08-19T04:38:01.000Z,2026-08-19T04:38:01.000Z,9.95,9.95,9.95,Brightback,,,,,,,1700435,2026-07-19T04:37:59.000Z,,2026-07-19T04:38:01.000Z,,h_ffe76eb680262921,,1,2026-07-19T04:38:01.000Z,USD,u_d94aae5e36b10911,ACTIVE,h_9f4795e090c790c3,[name],9.95,monthly_essentials,,2026-07-19T04:38:01.000Z,book_club_member,,1,monthly_essentials,2026-07-19T04:38:01.000Z,_UNKNOWN,995,MONTH,monthly_essentials,,,[name],2026-08-19T04:38:01.000Z,,995,,2026-08-19T04:38:01.000Z,2026-07-19T04:38:01.000Z,995,[name],,https://www.supersummary.com/subscription,https://www.supersummary.com/subscription/confirming/cancel,,BCM Experience [July 2025] [25% one-time / No Entry Modal],,07-19-2026,,08-16-2026,07-19-2026,07-19-2026,07-19-2026,,07-19-2026,08-19-2026
Wg8GKa2_923e31bac478c299,1700941,,Book Club Members; fallback,,,[name],[name],[name],I don’t want my subscription to renew automatically,too_expensive_for_value_provided_1447236661,I don't want to commit to a subscription,i_dont_want_to_commit_to_a_subscription,,Pricing (eCommerce),pricing_ecommerce,5,,,u_264ce6825c932c4d,,,,0,36.0,,Canceled,2026-08-16T20:36:25.000Z,2026-08-16T20:36:46.000Z,2026-08-16T20:36:47.000Z,,31.75,2026-08-16T20:36:47.000Z,cancel,Valid Cancel,annual,2027-07-19T22:35:17.000Z,2027-07-19T22:35:17.000Z,3.0,3.0,36.0,Brightback,,,,,,,1700941,2026-07-19T22:35:15.000Z,,2026-07-19T22:35:17.000Z,,h_df5a380de38d8f6c,,1,2026-07-19T22:35:17.000Z,USD,u_264ce6825c932c4d,ACTIVE,h_56bf5b2753bf8183,[name],36.0,annual_essentials,,2026-07-19T22:35:17.000Z,book_club_member,,1,annual_essentials,2026-07-19T22:35:17.000Z,_UNKNOWN,3600,YEAR,annual_essentials,,,[name],2027-07-19T22:35:17.000Z,,300,,2027-07-19T22:35:17.000Z,2026-07-19T22:35:17.000Z,3600,[name],,https://www.supersummary.com/subscription,https://www.supersummary.com/subscription/confirming/cancel,,BCM Experience [July 2025] [25% one-time / No Entry Modal],,07-19-2026,,08-16-2026,07-19-2026,07-19-2026,07-19-2026,,07-19-2026,07-19-2027
Wg8GJ89_99048f908c99e775,AzZXNhUu3yLA19qfA,,Students; Annual,,,[name],[name],,I don’t want my subscription to renew automatically,too_expensive_for_value_provided_1447236661,I don't want to commit to a subscription,i_dont_want_to_commit_to_a_subscription,,Pricing (eCommerce),pricing_ecommerce,8,,,u_646bfcf2307cb4b7,,,,0,,,Canceled,2026-08-16T19:08:10.000Z,2026-08-16T19:08:49.000Z,2026-09-10T13:01:29.000Z,,31.81,2026-09-10T13:01:29.000Z,cancel,Valid Cancel,annual,2027-08-16T18:33:36.000Z,2027-08-16T18:33:36.000Z,3.0,3.0,36.0,Brightback,,,,,,,AzZXNhUu3yLA19qfA,2025-08-16T18:33:34.000Z,,2025-08-16T18:33:36.000Z,,h_c3f16caa3cb27e6d,,1,2025-08-16T18:33:36.000Z,USD,u_646bfcf2307cb4b7,ACTIVE,h_991a732a785ad719,[name],,,,2026-08-16T18:33:36.000Z,student,,1,annual,2025-08-16T18:33:36.000Z,_UNKNOWN,3600,YEAR,,,High School,[name],2027-08-16T18:33:36.000Z,,300,,2027-08-16T18:33:36.000Z,2025-08-16T18:33:36.000Z,3600,,,,,,Student Experience [July 2025] [25% one-time / No Entry Modal],,08-16-2025,,08-16-2026,08-16-2025,08-16-2025,08-16-2025,,08-16-2025,08-16-2027
Wg8GHM6_b9a2ec3022bcfcf7,1652462,,Book Club Members; fallback,,,[name],[name],[name],I don’t want my subscription to renew automatically,too_expensive_for_value_provided_1447236661,I don't want to commit to a subscription,i_dont_want_to_commit_to_a_subscription,,Pricing (eCommerce),pricing_ecommerce,7,I won’t use another service,,u_d8c220c2be5805be,Nothing. All good!,,,1,36.0,,Canceled,2026-08-16T17:22:16.000Z,2026-08-16T17:23:29.000Z,2026-08-16T17:23:29.000Z,,31.89,2026-08-16T17:23:29.000Z,cancel,Valid Cancel,annual,2027-05-23T22:36:11.000Z,2027-05-23T22:36:11.000Z,3.0,3.0,36.0,Brightback,,,,,,,1652462,2026-05-23T22:36:09.000Z,,2026-05-23T22:36:11.000Z,,h_140cfac6550c0295,,1,2026-05-23T22:36:11.000Z,USD,u_d8c220c2be5805be,ACTIVE,h_9ee6308fead9c577,[name],36.0,annual_essentials,,2026-05-23T22:36:11.000Z,book_club_member,,1,annual_essentials,2026-05-23T22:36:11.000Z,_UNKNOWN,3600,YEAR,annual_essentials,,,[name],2027-05-23T22:36:11.000Z,,300,,2027-05-23T22:36:11.000Z,2026-05-23T22:36:11.000Z,3600,[name],,https://www.supersummary.com/subscription,https://www.supersummary.com/subscription/confirming/cancel,,BCM Experience [July 2025] [25% one-time / No Entry Modal],,05-23-2026,,08-16-2026,05-23-2026,05-23-2026,05-23-2026,,05-23-2026,05-23-2027
Wg8GH1X_b032ee0150caba7d,AzqVe9UC1ay6o5jGl,,Parents; Annual,,,[name],[name],,I don’t want my subscription to renew automatically,too_expensive_for_value_provided_1447236661,I don't want to commit to a subscription,i_dont_want_to_commit_to_a_subscription,,Pricing (eCommerce),pricing_ecommerce,2,Nothing - kids in college now,,u_99631e9dbca70fd8,N/A,,,1,,,Canceled,2026-08-16T17:01:41.000Z,2026-08-16T17:02:30.000Z,2026-08-16T17:02:30.000Z,,31.9,2026-08-16T17:02:30.000Z,cancel,Valid Cancel,annual,2027-05-06T19:37:28.000Z,2027-05-06T19:37:28.000Z,3.0,3.0,36.0,Brightback,,,,,,,AzqVe9UC1ay6o5jGl,2024-05-06T19:37:26.000Z,,2024-05-06T19:37:28.000Z,,h_5326d53a0a7a9f9d,,1,2024-05-06T19:37:28.000Z,USD,u_99631e9dbca70fd8,ACTIVE,h_1c61ade33f946087,[name],,,,2026-05-06T19:37:28.000Z,parent_of_student,,1,annual,2024-05-06T19:37:28.000Z,_UNKNOWN,3600,YEAR,,,High School,[name],2027-05-06T19:37:28.000Z,,300,,2027-05-06T19:37:28.000Z,2024-05-06T19:37:28.000Z,3600,,,,,,Parent Experience [July 2025] [25% one-time / Modal],,05-06-2024,,08-16-2026,05-06-2024,05-06-2024,05-06-2024,,05-06-2024,05-06-2027
Wg8G9N5_bfd9c6c74afde097,AzZx7fVRwGJVF1smC,,fallback,,,[name],[name],,I don’t want my subscription to renew automatically,too_expensive_for_value_provided_1447236661,I don't want to commit to a subscription,i_dont_want_to_commit_to_a_subscription,,Pricing (eCommerce),pricing_ecommerce,4,,,u_3b3fe0970c783f0f,,,,0,,,Canceled,2026-08-16T09:23:20.000Z,2026-08-16T09:23:58.000Z,2026-08-16T09:23:58.000Z,,32.22,2026-08-16T09:23:58.000Z,cancel,Valid Cancel,monthly,2026-09-10T23:16:45.000Z,2026-09-10T23:16:45.000Z,9.95,9.95,9.95,Brightback,,,,,,,AzZx7fVRwGJVF1smC,2026-08-10T23:14:46.000Z,,2026-08-10T23:16:45.000Z,,h_2f47af82a13c1c0e,,1,2026-08-10T23:16:45.000Z,USD,u_3b3fe0970c783f0f,ACTIVE,h_c4f90e2a9e69629c,[name],,,,2026-08-10T23:16:45.000Z,avid_reader,,1,monthly_essentials,2026-08-10T23:16:45.000Z,_UNKNOWN,995,MONTH,,,,[name],2026-09-10T23:16:45.000Z,,995,,2026-09-10T23:16:45.000Z,2026-08-10T23:16:45.000Z,995,,,,,,Default/Fallback [July 2025] [25% one time / No entry modal],,08-10-2026,,08-16-2026,08-10-2026,08-10-2026,08-10-2026,,08-10-2026,09-10-2026
Wg8G8F5_9f8de2e295c6aa7e,AzZLHdUu18ncT89yV,,Teachers; Annual,,,[name],[name],,I don’t want my subscription to renew automatically,too_expensive_for_value_provided_1447236661,I don't want to commit to a subscription,i_dont_want_to_commit_to_a_subscription,,Pricing (eCommerce),pricing_ecommerce,1,Nothing ,,u_6c6e0f45e1e8d896,I canceled this! I unsubscribed so I shouldn’t be charged! I don’t know why it’s showing that I’m still subscribed ,,,1,,,Canceled,2026-08-16T08:15:11.000Z,2026-08-16T08:18:10.000Z,2026-08-16T08:18:10.000Z,,32.27,2026-08-16T08:18:10.000Z,cancel,Valid Cancel,annual,2027-08-16T06:56:19.000Z,2027-08-16T06:56:19.000Z,3.0,3.0,36.0,Brightback,,,,,,,AzZLHdUu18ncT89yV,2025-08-16T06:56:17.000Z,,2025-08-16T06:56:19.000Z,,h_a3e79035139f665e,,1,2025-08-16T06:56:19.000Z,USD,u_6c6e0f45e1e8d896,ACTIVE,h_befcafe4f5fb68cd,[name],,,,2026-08-16T06:56:19.000Z,teacher,,1,annual,2025-08-16T06:56:19.000Z,_UNKNOWN,3600,YEAR,,,other,[name],2027-08-16T06:56:19.000Z,,300,,2027-08-16T06:56:19.000Z,2025-08-16T06:56:19.000Z,3600,,,,,,Teacher Experience [July 2025] [40% one-time / Modal],,08-16-2025,,08-16-2026,08-16-2025,08-16-2025,08-16-2025,,08-16-2025,08-16-2027
Wg8G86x_a76d98f05996fea7,6obqwTpbs2tC7VhN,,Parents; Annual,,,[name],[name],,I don’t want my subscription to renew automatically,too_expensive_for_value_provided_1447236661,I don't want to commit to a subscription,i_dont_want_to_commit_to_a_subscription,,Pricing (eCommerce),pricing_ecommerce,4,Na,,u_0d2e5b7688267144,,,,0,,,Canceled,2026-08-16T08:07:02.000Z,2026-08-16T08:07:36.000Z,2026-08-16T08:07:36.000Z,,32.27,2026-08-16T08:07:36.000Z,cancel,Valid Cancel,annual,2026-09-12T03:26:51.000Z,2026-09-12T03:26:51.000Z,3.0,3.0,36.0,Brightback,,,,,,,6obqwTpbs2tC7VhN,2023-09-12T03:26:50.000Z,,2023-09-12T03:26:51.000Z,,h_89958aecaad2559d,,1,2023-09-12T03:26:51.000Z,USD,u_0d2e5b7688267144,ACTIVE,h_e5941c321d7ccf4a,[name],,,,2025-09-12T03:26:51.000Z,parent_of_student,,1,annual,2023-09-12T03:26:51.000Z,_UNKNOWN,3600,YEAR,,,other,[name],2026-09-12T03:26:51.000Z,,300,,2026-09-12T03:26:51.000Z,2023-09-12T03:26:51.000Z,3600,,,,,,Parent Experience [July 2025] [25% one-time / Modal],,09-12-2023,,08-16-2026,09-12-2023,09-12-2023,09-12-2023,,09-12-2023,09-12-2026
Wg8G0Ip_95404f9105d4592f,Azq9WOTkaJAhXf46,,Parents; Annual,,,[name],[name],,I don’t want my subscription to renew automatically,too_expensive_for_value_provided_1447236661,I don't want to commit to a subscription,i_dont_want_to_commit_to_a_subscription,,Pricing (eCommerce),pricing_ecommerce,5,,,u_1a80d573717a5dd9,,,,0,,,Canceled,2026-08-16T00:18:55.000Z,2026-08-16T00:19:40.000Z,2026-08-16T00:19:41.000Z,,32.6,2026-08-16T00:19:41.000Z,cancel,Valid Cancel,annual,2027-07-20T20:37:39.000Z,2027-07-20T20:37:39.000Z,3.0,3.0,36.0,Brightback,,,,,,,Azq9WOTkaJAhXf46,2023-07-20T20:37:37.000Z,,2023-07-20T20:37:39.000Z,,h_5630c297e2ae7de9,,1,2023-07-20T20:37:39.000Z,USD,u_1a80d573717a5dd9,ACTIVE,h_161b961c79326e8b,[name],,,,2026-07-20T20:37:39.000Z,parent_of_student,,1,annual,2023-07-20T20:37:39.000Z,_UNKNOWN,3600,YEAR,,,Middle School,[name],2027-07-20T20:37:39.000Z,,300,,2027-07-20T20:37:39.000Z,2023-07-20T20:37:39.000Z,3600,,,,,,Parent Experience [July 2025] [25% one-time / Modal],,07-20-2023,,08-16-2026,07-20-2023,07-20-2023,07-20-2023,,07-20-2023,07-20-2027
Wg8FMjm_b5db88b0a8201bff,395397,,Book Club Members; Annual,,,[name],[name],[name],I don’t want my subscription to renew automatically,too_expensive_for_value_provided_1447236661,I don't want to commit to a subscription,i_dont_want_to_commit_to_a_subscription,,Pricing (eCommerce),pricing_ecommerce,1,Research,,u_5286f7cba890690d,Less cluttered interface,,,1,36.0,,Canceled,2026-08-15T22:46:50.000Z,2026-08-15T22:49:01.000Z,2026-08-15T22:49:01.000Z,,32.66,2026-08-15T22:49:01.000Z,cancel,Valid Cancel,annual,2027-08-09T11:48:09.000Z,2027-08-09T11:48:09.000Z,3.0,3.0,36.0,Brightback,,,,,,,395397,2023-08-09T11:48:07.000Z,,2023-08-09T11:48:09.000Z,,h_bc78e2c6d12fc2ae,,1,2023-08-09T11:48:09.000Z,USD,u_5286f7cba890690d,ACTIVE,h_30213671102cf525,[name],36.0,annual,,2026-08-09T11:48:09.000Z,book_club_member,,1,annual,2023-08-09T11:48:09.000Z,_UNKNOWN,3600,YEAR,annual,,,[name],2027-08-09T11:48:09.000Z,,300,,2027-08-09T11:48:09.000Z,2023-08-09T11:48:09.000Z,3600,[name],,https://www.supersummary.com/subscription,https://www.supersummary.com/subscription/confirming/cancel,,BCM Experience [July 2025] [25% one-time / No Entry Modal],,08-09-2023,,08-15-2026,08-09-2023,08-09-2023,08-09-2023,,08-09-2023,08-09-2027
Wg8FL6Y_8d8a93349300b10e,1404847,,Students; fallback,,,[name],[name],[name],I don’t want my subscription to renew automatically,too_expensive_for_value_provided_1447236661,I don't want to commit to a subscription,i_dont_want_to_commit_to_a_subscription,,Pricing (eCommerce),pricing_ecommerce,8,,,u_2e55d63a82ce7878,,,,0,36.0,,Canceled,2026-08-15T21:07:18.000Z,2026-08-15T21:07:40.000Z,2026-08-15T21:07:40.000Z,,32.73,2026-08-15T21:07:40.000Z,cancel,Valid Cancel,annual,2026-11-13T03:50:36.000Z,2026-11-13T03:50:36.000Z,3.0,3.0,36.0,Brightback,,,,,,,1404847,2025-11-13T03:50:34.000Z,,2025-11-13T03:50:36.000Z,,h_a89e328a030f7263,,1,2025-11-13T03:50:36.000Z,USD,u_2e55d63a82ce7878,ACTIVE,h_7b6bd4794bd5d79e,[name],36.0,annual_essentials,,2025-11-13T03:50:36.000Z,student,,1,annual_essentials,2025-11-13T03:50:36.000Z,_UNKNOWN,3600,YEAR,annual_essentials,,High School,[name],2026-11-13T03:50:36.000Z,,300,,2026-11-13T03:50:36.000Z,2025-11-13T03:50:36.000Z,3600,[name],,https://www.supersummary.com/subscription,https://www.supersummary.com/subscription/confirming/cancel,,Student Experience [July 2025] [25% one-time / No Entry Modal],,11-13-2025,,08-15-2026,11-13-2025,11-13-2025,11-13-2025,,11-13-2025,11-13-2026
Wg8FL1v_ad76781b02165ddf,430574,,Teachers; Annual,,,[name],[name],[name],I don’t want my subscription to renew automatically,too_expensive_for_value_provided_1447236661,I don't want to commit to a subscription,i_dont_want_to_commit_to_a_subscription,,Pricing (eCommerce),pricing_ecommerce,1,,,u_075a9d9d8a078c4b,,,,0,36.0,,Canceled,2026-08-15T21:02:09.000Z,2026-08-15T21:02:40.000Z,2026-08-15T21:02:40.000Z,,32.73,2026-08-15T21:03:16.000Z,cancel,Valid Cancel,annual,2026-10-10T01:27:48.000Z,2026-10-10T01:27:48.000Z,3.0,3.0,36.0,Brightback,,,,,,,430574,2023-10-10T01:27:46.000Z,,2023-10-10T01:27:48.000Z,,h_e8bc11ff93118437,,1,2023-10-10T01:27:48.000Z,USD,u_075a9d9d8a078c4b,ACTIVE,h_152774a63d6a1b68,[name],36.0,annual,,2025-10-10T01:27:48.000Z,teacher,,1,annual,2023-10-10T01:27:48.000Z,_UNKNOWN,3600,YEAR,annual,,High School,[name],2026-10-10T01:27:48.000Z,,300,,2026-10-10T01:27:48.000Z,2023-10-10T01:27:48.000Z,3600,[name],,https://www.supersummary.com/subscription,https://www.supersummary.com/subscription/confirming/cancel,,Teacher Experience [July 2025] [40% one-time / Modal],,10-10-2023,,08-15-2026,10-10-2023,10-10-2023,10-10-2023,,10-10-2023,10-10-2026
Wg8FJvM_95bb93ba16e2b046,6oqMXULYDQv5CDaH,,Parents; Annual,,,[name],[name],,I don’t want my subscription to renew automatically,too_expensive_for_value_provided_1447236661,I don't want to commit to a subscription,i_dont_want_to_commit_to_a_subscription,,Pricing (eCommerce),pricing_ecommerce,8,,,u_af29289a7b913f6a,,,,0,,,Canceled,2026-08-15T19:57:26.000Z,2026-08-15T19:58:21.000Z,2026-08-15T19:58:21.000Z,,32.78,2026-08-15T19:58:21.000Z,cancel,Valid Cancel,annual,2027-08-15T19:50:54.000Z,2027-08-15T19:50:54.000Z,3.0,3.0,36.0,Brightback,,,,,,,6oqMXULYDQv5CDaH,2024-08-15T19:50:52.000Z,,2024-08-15T19:50:54.000Z,,h_706b57e1da92abf5,,1,2024-08-15T19:50:54.000Z,USD,u_af29289a7b913f6a,ACTIVE,h_c2a65325f0656f41,[name],,,,2026-08-15T19:50:54.000Z,parent_of_student,,1,annual,2024-08-15T19:50:54.000Z,_UNKNOWN,3600,YEAR,,,Middle School,[name],2027-08-15T19:50:54.000Z,,300,,2027-08-15T19:50:54.000Z,2024-08-15T19:50:54.000Z,3600,,,,,,Parent Experience [July 2025] [25% one-time / Modal],,08-15-2024,,08-15-2026,08-15-2024,08-15-2024,08-15-2024,,08-15-2024,08-15-2027
Wg8FIt7_8be9dea4edf20fe8,AzqgnYVOqgkzpFi5,,Students; fallback,,,[name],[name],,I don’t want my subscription to renew automatically,too_expensive_for_value_provided_1447236661,I don't want to commit to a subscription,i_dont_want_to_commit_to_a_subscription,,Pricing (eCommerce),pricing_ecommerce,7,,,u_0cd87d2424d349d0,,,,0,,,Canceled,2026-08-15T18:55:12.000Z,2026-08-15T18:55:50.000Z,2026-08-15T18:55:50.000Z,,32.82,2026-08-15T18:55:50.000Z,cancel,Valid Cancel,monthly,2026-09-09T04:57:30.000Z,2026-09-09T04:57:30.000Z,9.95,9.95,9.95,Brightback,,,,,,,AzqgnYVOqgkzpFi5,2026-07-09T04:57:29.000Z,,2026-07-09T04:57:30.000Z,,h_024de597a8072ba9,,1,2026-07-09T04:57:30.000Z,USD,u_0cd87d2424d349d0,ACTIVE,h_6115c19d26ecfe59,[name],,,,2026-08-09T04:57:30.000Z,student,,1,monthly_essentials,2026-07-09T04:57:30.000Z,_UNKNOWN,995,MONTH,,,College,[name],2026-09-09T04:57:30.000Z,,995,,2026-09-09T04:57:30.000Z,2026-07-09T04:57:30.000Z,995,,,,,,Student Experience [July 2025] [25% one-time / No Entry Modal],,07-09-2026,,08-15-2026,07-09-2026,07-09-2026,07-09-2026,,07-09-2026,09-09-2026
Wg8FIko_afb35b4a0d5c37c4,AzZW8kVSOO2fE67Qp,,Students; fallback,,,[name],[name],,I don’t want my subscription to renew automatically,too_expensive_for_value_provided_1447236661,I don't want to commit to a subscription,i_dont_want_to_commit_to_a_subscription,,Pricing (eCommerce),pricing_ecommerce,9,,,u_1e30f5f67b0825ac,,,,0,,,Canceled,2026-08-15T18:46:52.000Z,2026-08-15T18:47:24.000Z,2026-08-15T18:47:24.000Z,,32.83,2026-08-15T18:47:24.000Z,cancel,Valid Cancel,monthly,2026-09-15T18:43:04.000Z,2026-09-15T18:43:04.000Z,16.65,16.65,16.65,Brightback,,,,,,,AzZW8kVSOO2fE67Qp,2026-08-15T18:43:03.000Z,,2026-08-15T18:43:04.000Z,,h_a3c46eb64fba3765,,1,2026-08-15T18:43:04.000Z,USD,u_1e30f5f67b0825ac,ACTIVE,h_6ea5d1dd44c6efb2,[name],,,,2026-08-15T18:43:04.000Z,student,,1,monthly_plus,2026-08-15T18:43:04.000Z,_UNKNOWN,1665,MONTH,,,Middle School,[name],2026-09-15T18:43:04.000Z,,1665,,2026-09-15T18:43:04.000Z,2026-08-15T18:43:04.000Z,1665,,,,,,Student Experience [July 2025] [25% one-time / No Entry Modal],,08-15-2026,,08-15-2026,08-15-2026,08-15-2026,08-15-2026,,08-15-2026,09-15-2026
Wg8F909_b09a7a8228cc3393,1710913,,fallback,,,[name],[name],[name],I don’t want my subscription to renew automatically,too_expensive_for_value_provided_1447236661,I don't want to commit to a subscription,i_dont_want_to_commit_to_a_subscription,,Pricing (eCommerce),pricing_ecommerce,4,,,u_849c895782be2108,,,,0,36.0,,Canceled,2026-08-15T09:00:34.000Z,2026-08-15T09:02:23.000Z,2026-08-15T09:04:59.000Z,,33.23,2026-08-15T09:04:59.000Z,cancel,Valid Cancel,annual,2027-07-29T23:10:39.000Z,2027-07-29T23:10:39.000Z,3.0,3.0,36.0,Brightback,,,,,,,1710913,2026-07-29T23:10:36.000Z,,2026-07-29T23:10:39.000Z,,h_9df5cf21c375915a,,1,2026-07-29T23:10:39.000Z,USD,u_849c895782be2108,ACTIVE,h_db452eae791c2399,[name],36.0,annual_essentials,,2026-07-29T23:10:39.000Z,other,,1,annual_essentials,2026-07-29T23:10:39.000Z,_UNKNOWN,3600,YEAR,annual_essentials,,,[name],2027-07-29T23:10:39.000Z,,300,,2027-07-29T23:10:39.000Z,2026-07-29T23:10:39.000Z,3600,[name],,https://www.supersummary.com/subscription,https://www.supersummary.com/subscription/confirming/cancel,,Default/Fallback [July 2025] [25% one time / No entry modal],,07-29-2026,,08-15-2026,07-29-2026,07-29-2026,07-29-2026,,07-29-2026,07-29-2027
Wg8F3Ua_8890d5d9e172bf8f,Azqdy0VSKg1jk3dbZ,,fallback,,,[name],[name],,I don’t want my subscription to renew automatically,too_expensive_for_value_provided_1447236661,I don't want to commit to a subscription,i_dont_want_to_commit_to_a_subscription,,Pricing (eCommerce),pricing_ecommerce,2,Nothing ,,u_cd93a6a0b8e921ce,Free,,,1,,,Canceled,2026-08-15T03:30:39.000Z,2026-08-15T03:31:26.000Z,2026-08-15T03:31:26.000Z,,33.46,2026-08-15T03:31:26.000Z,cancel,Valid Cancel,annual,2027-08-15T03:29:25.000Z,2027-08-15T03:29:25.000Z,3.0,3.0,36.0,Brightback,,,,,,,Azqdy0VSKg1jk3dbZ,2026-08-15T03:29:24.000Z,,2026-08-15T03:29:25.000Z,,h_ac831ba1255f8fe2,,1,2026-08-15T03:29:25.000Z,USD,u_cd93a6a0b8e921ce,ACTIVE,h_a92f62b16d65bed9,[name],,,,2026-08-15T03:29:25.000Z,other,,1,annual_essentials,2026-08-15T03:29:25.000Z,_UNKNOWN,3600,YEAR,,,,[name],2027-08-15T03:29:25.000Z,,300,,2027-08-15T03:29:25.000Z,2026-08-15T03:29:25.000Z,3600,,,,,,Default/Fallback [July 2025] [25% one time / No entry modal],,08-15-2026,,08-15-2026,08-15-2026,08-15-2026,08-15-2026,,08-15-2026,08-15-2027
Wg8F1N4_971e4072dc4e0244,397293,,Parents; Annual,,,[name],[name],[name],I don’t want my subscription to renew automatically,too_expensive_for_value_provided_1447236661,I don't want to commit to a subscription,i_dont_want_to_commit_to_a_subscription,,Pricing (eCommerce),pricing_ecommerce,5,Child graduated so do not need.,,u_3cac80d510deedef,,,,0,36.0,,Canceled,2026-08-15T01:23:17.000Z,2026-08-15T01:24:17.000Z,2026-08-15T01:24:18.000Z,,33.55,2026-08-15T01:24:18.000Z,cancel,Valid Cancel,annual,2027-08-15T01:13:38.000Z,2027-08-15T01:13:38.000Z,3.0,3.0,36.0,Brightback,,,,,,,397293,2023-08-15T01:13:36.000Z,,2023-08-15T01:13:38.000Z,,h_471a59b892fad69a,,1,2023-08-15T01:13:38.000Z,USD,u_3cac80d510deedef,ACTIVE,h_7ae36d9b32a8f4e1,[name],36.0,annual,,2026-08-15T01:13:38.000Z,parent_of_student,,1,annual,2023-08-15T01:13:38.000Z,_UNKNOWN,3600,YEAR,annual,,High School,[name],2027-08-15T01:13:38.000Z,,300,,2027-08-15T01:13:38.000Z,2023-08-15T01:13:38.000Z,3600,[name],,https://www.supersummary.com/subscription,https://www.supersummary.com/subscription/confirming/cancel,,Parent Experience [July 2025] [25% one-time / Modal],,08-15-2023,,08-15-2026,08-15-2023,08-15-2023,08-15-2023,,08-15-2023,08-15-2027
Wg8ENWX_ba4c9f6a0ab84bca,1281653,,Book Club Members; Annual,,,[name],[name],[name],I don’t want my subscription to renew automatically,too_expensive_for_value_provided_1447236661,I don't want to commit to a subscription,i_dont_want_to_commit_to_a_subscription,,Pricing (eCommerce),pricing_ecommerce,4,,,u_eed0ab9ffda08b5b,,,,0,36.0,,Canceled,2026-08-14T23:32:46.000Z,2026-08-14T23:33:06.000Z,2026-08-14T23:33:06.000Z,,33.63,2026-08-14T23:33:06.000Z,cancel,Valid Cancel,annual,2027-08-11T01:09:13.000Z,2027-08-11T01:09:13.000Z,3.0,3.0,36.0,Brightback,,,,,,,1281653,2025-08-11T01:07:53.000Z,,2025-08-11T01:09:13.000Z,,h_706e0ecf9601a5f5,,1,2025-08-11T01:09:13.000Z,USD,u_eed0ab9ffda08b5b,ACTIVE,h_9bea6773663ed84a,[name],36.0,annual,,2026-08-11T01:09:13.000Z,book_club_member,,1,annual,2025-08-11T01:09:13.000Z,_UNKNOWN,3600,YEAR,annual,,,[name],2027-08-11T01:09:13.000Z,,300,,2027-08-11T01:09:13.000Z,2025-08-11T01:09:13.000Z,3600,[name],,https://www.supersummary.com/subscription,https://www.supersummary.com/subscription/confirming/cancel,,BCM Experience [July 2025] [25% one-time / No Entry Modal],,08-11-2025,,08-14-2026,08-11-2025,08-11-2025,08-11-2025,,08-11-2025,08-11-2027
Wg8ENS8_bd1c79098a21fdc5,AzZMtGTmwdMmd4w7Y,,Teachers; Annual,,,[name],[name],,I don’t want my subscription to renew automatically,too_expensive_for_value_provided_1447236661,I don't want to commit to a subscription,i_dont_want_to_commit_to_a_subscription,,Pricing (eCommerce),pricing_ecommerce,4,,,u_cb348d08da20f6de,,,,0,,,Canceled,2026-08-14T23:28:54.000Z,2026-08-14T23:29:53.000Z,2026-08-14T23:29:54.000Z,,33.63,2026-08-14T23:29:54.000Z,cancel,Valid Cancel,annual,2027-08-14T21:13:37.000Z,2027-08-14T21:13:37.000Z,3.0,3.0,36.0,Brightback,,,,,,,AzZMtGTmwdMmd4w7Y,2023-08-14T21:13:36.000Z,,2023-08-14T21:13:37.000Z,,h_e1a931a0ecd11b7a,,1,2023-08-14T21:13:37.000Z,USD,u_cb348d08da20f6de,ACTIVE,h_62bc3f08644988e8,[name],,,,2026-08-14T21:13:37.000Z,teacher,,1,annual,2023-08-14T21:13:37.000Z,_UNKNOWN,3600,YEAR,,,Middle School,[name],2027-08-14T21:13:37.000Z,,300,,2027-08-14T21:13:37.000Z,2023-08-14T21:13:37.000Z,3600,,,,,,Teacher Experience [July 2025] [40% one-time / Modal],,08-14-2023,,08-14-2026,08-14-2023,08-14-2023,08-14-2023,,08-14-2023,08-14-2027
Wg8EM5J_9ad57819a15a7129,397198,,Book Club Members; Annual,,,[name],[name],[name],I don’t want my subscription to renew automatically,too_expensive_for_value_provided_1447236661,I don't want to commit to a subscription,i_dont_want_to_commit_to_a_subscription,,Pricing (eCommerce),pricing_ecommerce,5,,,u_ee02ae6103a05029,,,,0,36.0,,Canceled,2026-08-14T22:05:37.000Z,2026-08-14T22:06:08.000Z,2026-08-14T22:06:08.000Z,,33.69,2026-08-14T22:06:08.000Z,cancel,Valid Cancel,annual,2027-08-14T21:25:26.000Z,2027-08-14T21:25:26.000Z,3.0,3.0,36.0,Brightback,,,,,,,397198,2023-08-14T21:25:25.000Z,,2023-08-14T21:25:26.000Z,,h_761a99e84d70ef36,,1,2023-08-14T21:25:26.000Z,USD,u_ee02ae6103a05029,ACTIVE,h_60a4aacd918f7060,[name],36.0,annual,,2026-08-14T21:25:26.000Z,book_club_member,,1,annual,2023-08-14T21:25:26.000Z,_UNKNOWN,3600,YEAR,annual,,,[name],2027-08-14T21:25:26.000Z,,300,,2027-08-14T21:25:26.000Z,2023-08-14T21:25:26.000Z,3600,[name],,https://www.supersummary.com/subscription,https://www.supersummary.com/subscription/confirming/cancel,,BCM Experience [July 2025] [25% one-time / No Entry Modal],,08-14-2023,,08-14-2026,08-14-2023,08-14-2023,08-14-2023,,08-14-2023,08-14-2027
Wg8EKWC_8bc15cce83c3ea7c,AzZoEpVJXrCxO4XLH,,Students; fallback,,,[name],[name],,I don’t want my subscription to renew automatically,too_expensive_for_value_provided_1447236661,I don't want to commit to a subscription,i_dont_want_to_commit_to_a_subscription,,Pricing (eCommerce),pricing_ecommerce,7,My brain. ,,u_43990386f49d02a2,,,,0,,,Canceled,2026-08-14T20:32:14.000Z,2026-08-14T20:33:05.000Z,2026-08-14T20:33:05.000Z,,33.75,2026-08-14T20:33:05.000Z,cancel,Valid Cancel,monthly,2026-09-13T23:15:27.000Z,2026-09-13T23:15:27.000Z,9.95,9.95,9.95,Brightback,,,,,,,AzZoEpVJXrCxO4XLH,2026-05-13T23:15:24.000Z,,2026-05-13T23:15:27.000Z,,h_00a555a11d99b189,,1,2026-05-13T23:15:27.000Z,USD,u_43990386f49d02a2,ACTIVE,h_5d009b1238780514,[name],,,,2026-08-13T23:15:27.000Z,student,,1,monthly_essentials,2026-05-13T23:15:27.000Z,_UNKNOWN,995,MONTH,,,College,[name],2026-09-13T23:15:27.000Z,,995,,2026-09-13T23:15:27.000Z,2026-05-13T23:15:27.000Z,995,,,,,,Student Experience [July 2025] [25% one-time / No Entry Modal],,05-13-2026,,08-14-2026,05-13-2026,05-13-2026,05-13-2026,,05-13-2026,09-13-2026
Wg8EKuV_96b5ef41063e9714,AzZi0zVSJ36Ir2i7g,,fallback,,,[name],[name],,I don’t want my subscription to renew automatically,too_expensive_for_value_provided_1447236661,I don't want to commit to a subscription,i_dont_want_to_commit_to_a_subscription,,Pricing (eCommerce),pricing_ecommerce,5,,,u_48b90a77927a42dd,,,,0,,,Canceled,2026-08-14T20:56:32.000Z,2026-08-14T20:57:21.000Z,2026-09-11T07:27:02.000Z,,33.74,2026-09-11T07:27:02.000Z,cancel,Valid Cancel,monthly,2026-09-14T20:48:32.000Z,2026-09-14T20:48:32.000Z,16.65,16.65,16.65,Brightback,,,,,,,AzZi0zVSJ36Ir2i7g,2026-08-14T20:48:30.000Z,,2026-08-14T20:48:32.000Z,,h_fffd965a46f17e30,,1,2026-08-14T20:48:32.000Z,USD,u_48b90a77927a42dd,ACTIVE,h_8a431aef244de25d,[name],,,,2026-08-14T20:48:32.000Z,avid_reader,,1,monthly_plus,2026-08-14T20:48:32.000Z,_UNKNOWN,1665,MONTH,,,,[name],2026-09-14T20:48:32.000Z,,1665,,2026-09-14T20:48:32.000Z,2026-08-14T20:48:32.000Z,1665,,,,,,Default/Fallback [July 2025] [25% one time / No entry modal],,08-14-2026,,08-14-2026,08-14-2026,08-14-2026,08-14-2026,,08-14-2026,09-14-2026
Wg8EJ5h_a25d170596594114,1664083,,Students; fallback,,,[name],[name],[name],I don’t want my subscription to renew automatically,too_expensive_for_value_provided_1447236661,I don't want to commit to a subscription,i_dont_want_to_commit_to_a_subscription,,Pricing (eCommerce),pricing_ecommerce,5,nothing,,u_b46da17c34bf2dc4,cheaper,,,1,36.0,,Canceled,2026-08-14T19:06:09.000Z,2026-08-14T19:07:22.000Z,2026-08-14T19:07:24.000Z,,33.81,2026-08-14T19:07:24.000Z,cancel,Valid Cancel,annual,2027-06-03T15:45:20.000Z,2027-06-03T15:45:20.000Z,3.0,3.0,36.0,Brightback,,,,,,,1664083,2026-06-03T15:45:18.000Z,,2026-06-03T15:45:20.000Z,,h_b8eb28b57c9f9f1f,,1,2026-06-03T15:45:20.000Z,USD,u_b46da17c34bf2dc4,ACTIVE,h_6ddc65fe6b333ad7,[name],36.0,annual_essentials,,2026-06-03T15:45:20.000Z,student,,1,annual_essentials,2026-06-03T15:45:20.000Z,_UNKNOWN,3600,YEAR,annual_essentials,,High School,[name],2027-06-03T15:45:20.000Z,,300,,2027-06-03T15:45:20.000Z,2026-06-03T15:45:20.000Z,3600,[name],,https://www.supersummary.com/subscription,https://www.supersummary.com/subscription/confirming/cancel,,Student Experience [July 2025] [25% one-time / No Entry Modal],,06-03-2026,,08-14-2026,06-03-2026,06-03-2026,06-03-2026,,06-03-2026,06-03-2027
Wg8EIZC_bb4cee1c41e3b8d6,1676775,,Book Club Members; fallback,,,[name],[name],[name],I don’t want my subscription to renew automatically,too_expensive_for_value_provided_1447236661,I don't want to commit to a subscription,i_dont_want_to_commit_to_a_subscription,,Pricing (eCommerce),pricing_ecommerce,5,,,u_81dc2e0b27f4b9a9,,,,0,60.0,,Canceled,2026-08-14T18:38:42.000Z,2026-08-14T18:38:53.000Z,2026-08-14T18:38:53.000Z,,33.83,2026-08-14T18:38:53.000Z,cancel,Valid Cancel,annual,2027-06-16T18:57:52.000Z,,5.0,5.0,60.0,Brightback,,,,,,,1676775,2026-06-16T18:57:51.000Z,,2026-06-16T18:57:52.000Z,,h_74646ba673728f11,,1,2026-06-16T18:57:52.000Z,USD,u_81dc2e0b27f4b9a9,ACTIVE,h_acb2698732001ea7,[name],60.0,annual_plus,,2026-06-16T18:57:52.000Z,book_club_member,,1,annual_plus,2026-06-16T18:57:52.000Z,_UNKNOWN,6000,YEAR,annual_plus,,,[name],2027-06-16T18:57:52.000Z,,500,,2027-06-16T18:57:52.000Z,2026-06-16T18:57:52.000Z,6000,[name],,https://www.supersummary.com/subscription,https://www.supersummary.com/subscription/confirming/cancel,,BCM Experience [July 2025] [25% one-time / No Entry Modal],,06-16-2026,,08-14-2026,06-16-2026,06-16-2026,06-16-2026,,06-16-2026,06-16-2027
Wg8EG6i_963180a4e9030665,1720963,,Book Club Members; fallback,,,[name],[name],[name],I don’t want my subscription to renew automatically,too_expensive_for_value_provided_1447236661,I don't want to commit to a subscription,i_dont_want_to_commit_to_a_subscription,,Pricing (eCommerce),pricing_ecommerce,7,,,u_458266ce28049635,,,,0,60.0,,Canceled,2026-08-14T16:07:00.000Z,2026-08-14T16:07:46.000Z,2026-08-14T16:07:47.000Z,,33.94,2026-08-14T16:07:47.000Z,cancel,Valid Cancel,annual,2027-08-08T14:18:05.000Z,2027-08-08T14:18:05.000Z,5.0,5.0,60.0,Brightback,,,,,,,1720963,2026-08-08T14:18:02.000Z,,2026-08-08T14:18:05.000Z,,h_b965a8efe6060f53,,1,2026-08-08T14:18:05.000Z,USD,u_458266ce28049635,ACTIVE,h_e8159a6bec20f525,[name],60.0,annual_plus,,2026-08-08T14:18:05.000Z,book_club_member,,1,annual_plus,2026-08-08T14:18:05.000Z,_UNKNOWN,6000,YEAR,annual_plus,,,[name],2027-08-08T14:18:05.000Z,,500,,2027-08-08T14:18:05.000Z,2026-08-08T14:18:05.000Z,6000,[name],,https://www.supersummary.com/subscription,https://www.supersummary.com/subscription/confirming/cancel,,BCM Experience [July 2025] [25% one-time / No Entry Modal],,08-08-2026,,08-14-2026,08-08-2026,08-08-2026,08-08-2026,,08-08-2026,08-08-2027
Wg8EFap_900518c69c77be3e,627703,,Book Club Members; Annual,,,[name],[name],[name],I don’t want my subscription to renew automatically,too_expensive_for_value_provided_1447236661,I don't want to commit to a subscription,i_dont_want_to_commit_to_a_subscription,,Pricing (eCommerce),pricing_ecommerce,1,,,u_1a2395ba3efa4611,,,,0,36.0,,Canceled,2026-08-14T15:37:04.000Z,2026-08-14T15:37:30.000Z,2026-08-14T15:37:30.000Z,,33.96,2026-08-14T15:37:30.000Z,cancel,Valid Cancel,annual,2027-08-14T03:00:36.000Z,2027-08-14T03:00:36.000Z,3.0,3.0,36.0,Brightback,,,,,,,627703,2024-08-14T03:00:35.000Z,,2024-08-14T03:00:36.000Z,,h_ffe61b6ae5777cfe,,1,2024-08-14T03:00:36.000Z,USD,u_1a2395ba3efa4611,ACTIVE,h_1d57e552d53631f1,[name],36.0,annual,,2026-08-14T03:00:36.000Z,book_club_member,,1,annual,2024-08-14T03:00:36.000Z,_UNKNOWN,3600,YEAR,annual,,,[name],2027-08-14T03:00:36.000Z,,300,,2027-08-14T03:00:36.000Z,2024-08-14T03:00:36.000Z,3600,[name],,https://www.supersummary.com/subscription,https://www.supersummary.com/subscription/confirming/cancel,,BCM Experience [July 2025] [25% one-time / No Entry Modal],,08-14-2024,,08-14-2026,08-14-2024,08-14-2024,08-14-2024,,08-14-2024,08-14-2027
Wg8EF2q_8b690355b8d3dc83,AzZnAgUtpUHsFemO,,Parents; Annual,,,[name],[name],,I don’t want my subscription to renew automatically,too_expensive_for_value_provided_1447236661,I don't want to commit to a subscription,i_dont_want_to_commit_to_a_subscription,,Pricing (eCommerce),pricing_ecommerce,5,,,u_f862bab4e538bfc0,,,,0,,,Canceled,2026-08-14T15:02:55.000Z,2026-08-14T15:04:09.000Z,2026-08-14T15:04:09.000Z,,33.98,2026-08-14T15:04:09.000Z,cancel,Valid Cancel,annual,2027-08-14T07:06:25.000Z,2027-08-14T07:06:25.000Z,3.0,3.0,36.0,Brightback,,,,,,,AzZnAgUtpUHsFemO,2025-08-14T07:06:23.000Z,,2025-08-14T07:06:25.000Z,,h_85289057be7b892b,,1,2025-08-14T07:06:25.000Z,USD,u_f862bab4e538bfc0,ACTIVE,h_ef7cadd41d106a85,[name],,,,2026-08-14T07:06:25.000Z,parent_of_student,,1,annual,2025-08-14T07:06:25.000Z,_UNKNOWN,3600,YEAR,,,High School,[name],2027-08-14T07:06:25.000Z,,300,,2027-08-14T07:06:25.000Z,2025-08-14T07:06:25.000Z,3600,,,,,,Parent Experience [July 2025] [25% one-time / Modal],,08-14-2025,,08-14-2026,08-14-2025,08-14-2025,08-14-2025,,08-14-2025,08-14-2027
Wg8E754_ac9c33cc9fe14d23,1676526,,Parents; fallback,,,[name],[name],[name],I don’t want my subscription to renew automatically,too_expensive_for_value_provided_1447236661,I don't want to commit to a subscription,i_dont_want_to_commit_to_a_subscription,,Pricing (eCommerce),pricing_ecommerce,5,,,u_7e4f0c6c55eb370c,,,,0,16.65,,Canceled,2026-08-14T07:05:10.000Z,2026-08-14T07:05:33.000Z,2026-08-14T07:05:59.000Z,,34.31,2026-08-14T07:05:59.000Z,cancel,Valid Cancel,monthly,2026-08-16T14:00:08.000Z,2026-08-16T14:00:08.000Z,16.65,16.65,16.65,Brightback,,,,,,,1676526,2026-06-16T14:00:03.000Z,,2026-06-16T14:00:08.000Z,,h_a59f2454a3a37ba1,,1,2026-06-16T14:00:08.000Z,USD,u_7e4f0c6c55eb370c,ACTIVE,h_a8df5ef2fa0bf092,[name],16.65,monthly_plus,,2026-07-16T14:00:08.000Z,parent_of_student,,1,monthly_plus,2026-06-16T14:00:08.000Z,_UNKNOWN,1665,MONTH,monthly_plus,,Middle School,[name],2026-08-16T14:00:08.000Z,,1665,,2026-08-16T14:00:08.000Z,2026-06-16T14:00:08.000Z,1665,[name],,https://www.supersummary.com/subscription,https://www.supersummary.com/subscription/confirming/cancel,,Parent Experience [July 2025] [25% one-time / No Entry Modal],,06-16-2026,,08-14-2026,06-16-2026,06-16-2026,06-16-2026,,06-16-2026,08-16-2026
Wg8E2r0_a0091245a5fdd433,1727619,,Students; fallback,,,[name],[name],[name],I don’t want my subscription to renew automatically,too_expensive_for_value_provided_1447236661,I don't want to commit to a subscription,i_dont_want_to_commit_to_a_subscription,,Pricing (eCommerce),pricing_ecommerce,7,nothing tbh,,u_ce90a2e3b639bfe4,its good i just dont need it after high school tbh,,,1,36.0,,Canceled,2026-08-14T02:53:05.000Z,2026-08-14T02:53:50.000Z,2026-08-14T02:53:50.000Z,,34.49,2026-08-14T02:53:50.000Z,cancel,Valid Cancel,annual,2027-08-14T02:52:25.000Z,2027-08-14T02:52:25.000Z,3.0,3.0,36.0,Brightback,,,,,,,1727619,2026-08-14T02:52:23.000Z,,2026-08-14T02:52:25.000Z,,h_9e0b782afab6fca1,,1,2026-08-14T02:52:25.000Z,USD,u_ce90a2e3b639bfe4,ACTIVE,h_8cab6519a64046a3,[name],36.0,annual_essentials,,2026-08-14T02:52:25.000Z,student,,1,annual_essentials,2026-08-14T02:52:25.000Z,_UNKNOWN,3600,YEAR,annual_essentials,,High School,[name],2027-08-14T02:52:25.000Z,,300,,2027-08-14T02:52:25.000Z,2026-08-14T02:52:25.000Z,3600,[name],,https://www.supersummary.com/subscription,https://www.supersummary.com/subscription/confirming/cancel,,Student Experience [July 2025] [25% one-time / No Entry Modal],,08-14-2026,,08-14-2026,08-14-2026,08-14-2026,08-14-2026,,08-14-2026,08-14-2027
Wg8E2dR_9d45725d716c8948,1715842,,Book Club Members; fallback,,,[name],[name],[name],I don’t want my subscription to renew automatically,too_expensive_for_value_provided_1447236661,I don't want to commit to a subscription,i_dont_want_to_commit_to_a_subscription,,Pricing (eCommerce),pricing_ecommerce,5,,,u_8b99d1b0dc157db5,,,,0,16.65,,Canceled,2026-08-14T02:39:35.000Z,2026-08-14T02:40:07.000Z,2026-08-14T02:40:08.000Z,,34.5,2026-08-14T02:40:08.000Z,cancel,Valid Cancel,monthly,2026-09-04T01:23:12.000Z,2026-09-04T01:23:12.000Z,16.65,16.65,16.65,Brightback,,,,,,,1715842,2026-08-04T01:23:08.000Z,,2026-08-04T01:23:12.000Z,,h_eeb45d05611f22b1,,1,2026-08-04T01:23:12.000Z,USD,u_8b99d1b0dc157db5,ACTIVE,h_f9f706118689d545,[name],16.65,monthly_plus,,2026-08-04T01:23:12.000Z,book_club_member,,1,monthly_plus,2026-08-04T01:23:12.000Z,_UNKNOWN,1665,MONTH,monthly_plus,,,[name],2026-09-04T01:23:12.000Z,,1665,,2026-09-04T01:23:12.000Z,2026-08-04T01:23:12.000Z,1665,[name],,https://www.supersummary.com/subscription,https://www.supersummary.com/subscription/confirming/cancel,,BCM Experience [July 2025] [25% one-time / No Entry Modal],,08-04-2026,,08-14-2026,08-04-2026,08-04-2026,08-04-2026,,08-04-2026,09-04-2026
Wg8DLqH_a806152e9e404470,Azz0PiUsCrYds3S,,Book Club Members; Annual,,,[name],[name],,I don’t want my subscription to renew automatically,too_expensive_for_value_provided_1447236661,I don't want to commit to a subscription,i_dont_want_to_commit_to_a_subscription,,Pricing (eCommerce),pricing_ecommerce,1,,,u_4d9915a19f63ce67,,,,0,,,Canceled,2026-08-13T21:52:22.000Z,2026-08-13T21:53:06.000Z,2026-08-13T21:53:06.000Z,,34.7,2026-08-13T21:53:06.000Z,cancel,Valid Cancel,annual,2027-07-28T02:05:21.000Z,2027-07-28T02:05:21.000Z,3.0,3.0,36.0,Brightback,,,,,,,Azz0PiUsCrYds3S,2025-07-28T02:05:17.000Z,,2025-07-28T02:05:21.000Z,,h_c813f1fa5c3bdd49,,1,2025-07-28T02:05:21.000Z,USD,u_4d9915a19f63ce67,ACTIVE,h_0d86316e18c3bb2c,[name],,,,2026-07-28T02:05:21.000Z,book_club_member,,1,annual,2025-07-28T02:05:21.000Z,_UNKNOWN,3600,YEAR,,,,[name],2027-07-28T02:05:21.000Z,,300,,2027-07-28T02:05:21.000Z,2025-07-28T02:05:21.000Z,3600,,,,,,BCM Experience [July 2025] [25% one-time / No Entry Modal],,07-28-2025,,08-13-2026,07-28-2025,07-28-2025,07-28-2025,,07-28-2025,07-28-2027
Wg8DLG6_b82ef138b259f56a,AzqVIjUth5H8x3533,,Parents; Annual,,,[name],[name],,I don’t want my subscription to renew automatically,too_expensive_for_value_provided_1447236661,I don't want to commit to a subscription,i_dont_want_to_commit_to_a_subscription,,Pricing (eCommerce),pricing_ecommerce,1,,,u_57dd489c116989b0,,,,0,,,Canceled,2026-08-13T21:16:07.000Z,2026-08-13T21:16:36.000Z,2026-08-29T13:11:28.000Z,,34.72,2026-08-29T13:11:28.000Z,cancel,Valid Cancel,annual,2027-08-12T20:36:53.000Z,2027-08-12T20:36:53.000Z,3.0,3.0,36.0,Brightback,,,,,,,AzqVIjUth5H8x3533,2025-08-12T20:36:51.000Z,,2025-08-12T20:36:53.000Z,,h_0f4eaf92e886d279,,1,2025-08-12T20:36:53.000Z,USD,u_57dd489c116989b0,ACTIVE,h_0adebbbaae2f2dbb,[name],,,,2026-08-12T20:36:53.000Z,parent_of_student,,1,annual,2025-08-12T20:36:53.000Z,_UNKNOWN,3600,YEAR,,,other,[name],2027-08-12T20:36:53.000Z,,300,,2027-08-12T20:36:53.000Z,2025-08-12T20:36:53.000Z,3600,,,,,,Parent Experience [July 2025] [25% one-time / Modal],,08-12-2025,,08-13-2026,08-12-2025,08-12-2025,08-12-2025,,08-12-2025,08-12-2027
Wg8DLDQ_9053ce108705defe,AzyZ49VS1ZN1Y3QBQ,,Students; fallback,,,[name],[name],,I don’t want my subscription to renew automatically,too_expensive_for_value_provided_1447236661,I don't want to commit to a subscription,i_dont_want_to_commit_to_a_subscription,,Pricing (eCommerce),pricing_ecommerce,6,,,u_6774f7d68fe8c186,,,,0,,,Canceled,2026-08-13T21:13:29.000Z,2026-08-13T21:14:05.000Z,2026-08-13T21:14:05.000Z,,34.73,2026-08-13T21:14:05.000Z,cancel,Valid Cancel,monthly,2026-09-11T21:03:48.000Z,2026-09-11T21:03:48.000Z,9.95,9.95,9.95,Brightback,,,,,,,AzyZ49VS1ZN1Y3QBQ,2026-08-11T21:03:45.000Z,,2026-08-11T21:03:48.000Z,,h_bc170413fcd3c4f5,,1,2026-08-11T21:03:48.000Z,USD,u_6774f7d68fe8c186,ACTIVE,h_d2330fdc507812d6,[name],,,,2026-08-11T21:03:48.000Z,student,,1,monthly_essentials,2026-08-11T21:03:48.000Z,_UNKNOWN,995,MONTH,,,Postgrad Program,[name],2026-09-11T21:03:48.000Z,,995,,2026-09-11T21:03:48.000Z,2026-08-11T21:03:48.000Z,995,,,,,,Student Experience [July 2025] [25% one-time / No Entry Modal],,08-11-2026,,08-13-2026,08-11-2026,08-11-2026,08-11-2026,,08-11-2026,09-11-2026
Wg8DI0U_878bb86eaebf1123,1555414,,fallback,,,[name],[name],[name],I don’t want my subscription to renew automatically,too_expensive_for_value_provided_1447236661,I don't want to commit to a subscription,i_dont_want_to_commit_to_a_subscription,,Pricing (eCommerce),pricing_ecommerce,1,,,u_20ad72705248c810,,,,0,9.95,,Canceled,2026-08-13T18:00:36.000Z,2026-08-13T18:00:57.000Z,2026-08-13T18:00:57.000Z,,34.86,2026-08-13T18:00:57.000Z,cancel,Valid Cancel,monthly,2026-09-12T00:06:49.000Z,2026-09-12T00:06:49.000Z,9.95,9.95,9.95,Brightback,,,,,,,1555414,2026-03-12T00:06:47.000Z,,2026-03-12T00:06:49.000Z,,h_e1699a3859aa0a1a,,1,2026-03-12T00:06:49.000Z,USD,u_20ad72705248c810,ACTIVE,h_df18095429d98005,[name],9.95,monthly_essentials,,2026-08-12T00:06:49.000Z,other,,1,monthly_essentials,2026-03-12T00:06:49.000Z,_UNKNOWN,995,MONTH,monthly_essentials,,,[name],2026-09-12T00:06:49.000Z,,995,,2026-09-12T00:06:49.000Z,2026-03-12T00:06:49.000Z,995,[name],,https://www.supersummary.com/subscription,https://www.supersummary.com/subscription/confirming/cancel,,Default/Fallback [July 2025] [25% one time / No entry modal],,03-12-2026,,08-13-2026,03-12-2026,03-12-2026,03-12-2026,,03-12-2026,09-12-2026
Wg8DHX2_b37616a7822151ce,AzqHn2VJUCse2ylu,,fallback,,,[name],[name],,I don’t want my subscription to renew automatically,too_expensive_for_value_provided_1447236661,I don't want to commit to a subscription,i_dont_want_to_commit_to_a_subscription,,Pricing (eCommerce),pricing_ecommerce,1,,,u_c1e9e3998226252e,Your source material is often flawed and inaccurate.,,,1,,,Canceled,2026-08-13T17:33:08.000Z,2026-08-13T17:34:04.000Z,2026-08-13T17:34:04.000Z,,34.88,2026-08-13T17:34:04.000Z,cancel,Valid Cancel,monthly,2026-09-13T08:16:27.000Z,2026-09-13T08:16:27.000Z,16.65,16.65,16.65,Brightback,,,,,,,AzqHn2VJUCse2ylu,2025-04-02T06:53:30.000Z,,2026-05-13T08:16:27.000Z,,h_babaf7a6aa8fd885,,1,2026-05-13T08:16:27.000Z,USD,u_c1e9e3998226252e,ACTIVE,h_82f9fee9f39339f2,[name],,,,2026-08-13T08:16:27.000Z,librarian,,1,monthly_plus,2026-05-13T08:16:27.000Z,_UNKNOWN,1665,MONTH,,,,[name],2026-09-13T08:16:27.000Z,,1665,,2026-09-13T08:16:27.000Z,2026-05-13T08:16:27.000Z,1665,,,,,,Default/Fallback [July 2025] [25% one time / No entry modal],,05-13-2026,,08-13-2026,05-13-2026,05-13-2026,04-02-2025,,05-13-2026,09-13-2026
Wg8DE7b_b0c269bb8ae62feb,AzZrD5UtkMuYH1JPh,,fallback,,,[name],[name],,I don’t want my subscription to renew automatically,too_expensive_for_value_provided_1447236661,I don't want to commit to a subscription,i_dont_want_to_commit_to_a_subscription,,Pricing (eCommerce),pricing_ecommerce,4,,,u_7bd3ac8c0797c9ee,,,,0,,,Canceled,2026-08-13T14:07:38.000Z,2026-08-13T14:07:52.000Z,2026-08-13T14:07:52.000Z,,35.02,2026-08-13T14:07:52.000Z,cancel,Valid Cancel,annual,2027-08-13T10:05:45.000Z,2027-08-13T10:05:45.000Z,3.0,3.0,36.0,Brightback,,,,,,,AzZrD5UtkMuYH1JPh,2025-08-13T10:05:42.000Z,,2025-08-13T10:05:45.000Z,,h_65617e59ecd9e52c,,1,2025-08-13T10:05:45.000Z,USD,u_7bd3ac8c0797c9ee,ACTIVE,h_7bbef654ea17cf4d,[name],,,,2026-08-13T10:05:45.000Z,other,,1,annual,2025-08-13T10:05:45.000Z,_UNKNOWN,3600,YEAR,,,,[name],2027-08-13T10:05:45.000Z,,300,,2027-08-13T10:05:45.000Z,2025-08-13T10:05:45.000Z,3600,,,,,,Default/Fallback [July 2025] [25% one time / No entry modal],,08-13-2025,,08-13-2026,08-13-2025,08-13-2025,08-13-2025,,08-13-2025,08-13-2027
Wg8DDRd_8f6c6f89635e7547,16CZj4UxGf4f81Jwo,,Book Club Members; fallback,,,[name],[name],,I don’t want my subscription to renew automatically,too_expensive_for_value_provided_1447236661,I don't want to commit to a subscription,i_dont_want_to_commit_to_a_subscription,,Pricing (eCommerce),pricing_ecommerce,5,,,u_9ae9a0a89f8a3618,,,,0,,,Canceled,2026-08-13T13:27:47.000Z,2026-08-13T13:29:04.000Z,2026-08-13T13:29:05.000Z,,35.05,2026-08-13T13:29:05.000Z,cancel,Valid Cancel,annual,2026-09-19T18:05:15.000Z,2026-09-19T18:05:15.000Z,6.0,6.0,71.99,Brightback,,,,,,,16CZj4UxGf4f81Jwo,2025-09-19T18:05:12.000Z,,2025-09-19T18:05:15.000Z,,h_d5609cb681661b11,,1,2025-09-19T18:05:15.000Z,USD,u_9ae9a0a89f8a3618,ACTIVE,h_e11ff11b5c71c36b,[name],,,,2025-09-19T18:05:15.000Z,book_club_member,,1,annual_plus_7199,2025-09-19T18:05:15.000Z,_UNKNOWN,7199,YEAR,,,,[name],2026-09-19T18:05:15.000Z,,600,,2026-09-19T18:05:15.000Z,2025-09-19T18:05:15.000Z,7199,,,,,,BCM Experience [July 2025] [25% one-time / No Entry Modal],,09-19-2025,,08-13-2026,09-19-2025,09-19-2025,09-19-2025,,09-19-2025,09-19-2026
Wg8DBcU_848c1023b2feb99d,169nENUtJ7p8c2nDk,,Parents; Annual,,,[name],[name],,I don’t want my subscription to renew automatically,too_expensive_for_value_provided_1447236661,I don't want to commit to a subscription,i_dont_want_to_commit_to_a_subscription,,Pricing (eCommerce),pricing_ecommerce,3,I’ll actually read the book,,u_b97d79b696331cc2,,,,0,,,Canceled,2026-08-13T11:38:40.000Z,2026-08-13T11:39:27.000Z,2026-08-13T11:39:28.000Z,,35.13,2026-08-13T11:39:28.000Z,cancel,Valid Cancel,annual,2027-08-08T18:16:28.000Z,2027-08-08T18:16:28.000Z,3.0,3.0,36.0,Brightback,,,,,,,169nENUtJ7p8c2nDk,2025-08-08T18:16:25.000Z,,2025-08-08T18:16:28.000Z,,h_d35af0ca2044403d,,1,2025-08-08T18:16:28.000Z,USD,u_b97d79b696331cc2,ACTIVE,h_6724b9d14a5e1190,[name],,,,2026-08-08T18:16:28.000Z,parent_of_student,,1,annual,2025-08-08T18:16:28.000Z,_UNKNOWN,3600,YEAR,,,College,[name],2027-08-08T18:16:28.000Z,,300,,2027-08-08T18:16:28.000Z,2025-08-08T18:16:28.000Z,3600,,,,,,Parent Experience [July 2025] [25% one-time / Modal],,08-08-2025,,08-13-2026,08-08-2025,08-08-2025,08-08-2025,,08-08-2025,08-08-2027
Wg8D4rS_ab5af652cc2d0c1b,1720520,,Students; fallback,,,[name],[name],[name],I don’t want my subscription to renew automatically,too_expensive_for_value_provided_1447236661,I don't want to commit to a subscription,i_dont_want_to_commit_to_a_subscription,,Pricing (eCommerce),pricing_ecommerce,3,qefq,,u_4c941706fb273b1a,qdqdq,,,1,60.0,,Canceled,2026-08-13T04:53:34.000Z,2026-08-13T04:53:50.000Z,2026-08-13T04:53:50.000Z,,35.41,2026-08-13T04:53:50.000Z,cancel,Valid Cancel,annual,2027-08-07T22:08:28.000Z,2027-08-07T22:08:28.000Z,5.0,5.0,60.0,Brightback,,,,,,,1720520,2026-08-07T22:08:27.000Z,,2026-08-07T22:08:28.000Z,,h_86c0363680a63221,,1,2026-08-07T22:08:28.000Z,USD,u_4c941706fb273b1a,ACTIVE,h_74c69cbfa5268213,[name],60.0,annual_plus,,2026-08-07T22:08:28.000Z,student,,1,annual_plus,2026-08-07T22:08:28.000Z,_UNKNOWN,6000,YEAR,annual_plus,,Postgrad Program,[name],2027-08-07T22:08:28.000Z,,500,,2027-08-07T22:08:28.000Z,2026-08-07T22:08:28.000Z,6000,[name],,https://www.supersummary.com/subscription,https://www.supersummary.com/subscription/confirming/cancel,,Student Experience [July 2025] [25% one-time / No Entry Modal],,08-07-2026,,08-13-2026,08-07-2026,08-07-2026,08-07-2026,,08-07-2026,08-07-2027
Wg8D4dR_a7e9b99f8fd84d91,AzZf4pUP82IMq2flv,,Teachers; Annual,,,[name],[name],,I don’t want my subscription to renew automatically,too_expensive_for_value_provided_1447236661,I don't want to commit to a subscription,i_dont_want_to_commit_to_a_subscription,,Pricing (eCommerce),pricing_ecommerce,4,,,u_1aa469e5f1a22ee4,,,,0,,,Canceled,2026-08-13T04:39:30.000Z,2026-08-13T04:40:07.000Z,2026-08-13T04:40:07.000Z,,35.42,2026-08-13T04:40:07.000Z,cancel,Valid Cancel,annual,2026-09-22T18:19:06.000Z,2026-09-22T18:19:06.000Z,3.0,3.0,36.0,Brightback,,,,,,,AzZf4pUP82IMq2flv,2024-09-22T18:19:05.000Z,,2024-09-22T18:19:06.000Z,,h_442382d702c156b6,,1,2024-09-22T18:19:06.000Z,USD,u_1aa469e5f1a22ee4,ACTIVE,h_261e14d6e0309f5c,[name],,,,2025-09-22T18:19:06.000Z,teacher,,1,annual,2024-09-22T18:19:06.000Z,_UNKNOWN,3600,YEAR,,,Postgrad Program,[name],2026-09-22T18:19:06.000Z,,300,,2026-09-22T18:19:06.000Z,2024-09-22T18:19:06.000Z,3600,,,,,,Teacher Experience [July 2025] [40% one-time / Modal],,09-22-2024,,08-13-2026,09-22-2024,09-22-2024,09-22-2024,,09-22-2024,09-22-2026
Wg8D0jx_833edd05219fc9e9,Azq9RGTfnX5rs46Cz,,Students; Annual,,,[name],[name],,I don’t want my subscription to renew automatically,too_expensive_for_value_provided_1447236661,I don't want to commit to a subscription,i_dont_want_to_commit_to_a_subscription,,Pricing (eCommerce),pricing_ecommerce,1,,,u_b32bee7b0c54a111,,,,0,,,Canceled,2026-08-13T00:46:01.000Z,2026-08-13T00:46:38.000Z,2026-08-13T00:46:38.000Z,,35.58,2026-08-13T00:46:38.000Z,cancel,Valid Cancel,annual,2027-05-31T02:30:05.000Z,2027-05-31T02:30:05.000Z,3.0,3.0,36.0,Brightback,,,,,,,Azq9RGTfnX5rs46Cz,2023-05-31T02:30:04.000Z,,2023-05-31T02:30:05.000Z,,h_0d2eb6f2a7d152c1,,1,2023-05-31T02:30:05.000Z,USD,u_b32bee7b0c54a111,ACTIVE,h_95c6eca9c8b9359a,[name],,,,2026-05-31T02:30:05.000Z,student,,1,annual,2023-05-31T02:30:05.000Z,_UNKNOWN,3600,YEAR,,,College,[name],2027-05-31T02:30:05.000Z,,300,,2027-05-31T02:30:05.000Z,2023-05-31T02:30:05.000Z,3600,,,,,,Student Experience [July 2025] [25% one-time / No Entry Modal],,05-31-2023,,08-13-2026,05-31-2023,05-31-2023,05-31-2023,,05-31-2023,05-31-2027
Wg8CM50_a707923b0ad8090f,1725199,,Students; fallback,,,[name],[name],[name],I don’t want my subscription to renew automatically,too_expensive_for_value_provided_1447236661,I don't want to commit to a subscription,i_dont_want_to_commit_to_a_subscription,,Pricing (eCommerce),pricing_ecommerce,3,,,u_c370cbbde7cbbe7c,,,,0,9.95,,Canceled,2026-08-12T22:05:10.000Z,2026-08-12T22:05:27.000Z,2026-08-12T22:05:27.000Z,,35.69,2026-08-12T22:05:27.000Z,cancel,Valid Cancel,monthly,2026-09-12T03:15:48.000Z,2026-09-12T03:15:48.000Z,9.95,9.95,9.95,Brightback,,,,,,,1725199,2026-08-12T03:05:38.000Z,,2026-08-12T03:15:48.000Z,,h_a49838a99accf5fb,,1,2026-08-12T03:15:48.000Z,USD,u_c370cbbde7cbbe7c,ACTIVE,h_ab52e06f993ed37e,[name],9.95,monthly_essentials,,2026-08-12T03:15:48.000Z,student,,1,monthly_essentials,2026-08-12T03:15:48.000Z,_UNKNOWN,995,MONTH,monthly_essentials,,College,[name],2026-09-12T03:15:48.000Z,,995,,2026-09-12T03:15:48.000Z,2026-08-12T03:15:48.000Z,995,[name],,https://www.supersummary.com/subscription,https://www.supersummary.com/subscription/confirming/cancel,,Student Experience [July 2025] [25% one-time / No Entry Modal],,08-12-2026,,08-12-2026,08-12-2026,08-12-2026,08-12-2026,,08-12-2026,09-12-2026
Wg8CKuu_942747abb45bf1e2,482257,,Students; Annual,,,[name],[name],[name],I don’t want my subscription to renew automatically,too_expensive_for_value_provided_1447236661,I don't want to commit to a subscription,i_dont_want_to_commit_to_a_subscription,,Pricing (eCommerce),pricing_ecommerce,4,,,u_15fc437185a1148c,,,,0,36.0,,Canceled,2026-08-12T20:57:06.000Z,2026-08-12T20:57:25.000Z,2026-08-12T20:57:25.000Z,,35.74,2026-08-12T20:57:25.000Z,cancel,Valid Cancel,annual,2027-01-23T02:07:29.000Z,2027-01-23T02:07:29.000Z,3.0,3.0,36.0,Brightback,,,,,,,482257,2024-01-23T02:07:25.000Z,,2024-01-23T02:07:29.000Z,,h_9a602b0d5ef114fd,,1,2024-01-23T02:07:29.000Z,USD,u_15fc437185a1148c,ACTIVE,h_3df686b242766f62,[name],36.0,annual,,2026-01-23T02:07:29.000Z,student,,1,annual,2024-01-23T02:07:29.000Z,_UNKNOWN,3600,YEAR,annual,,College,[name],2027-01-23T02:07:29.000Z,,300,,2027-01-23T02:07:29.000Z,2024-01-23T02:07:29.000Z,3600,[name],,https://www.supersummary.com/subscription,https://www.supersummary.com/subscription/confirming/cancel,,Student Experience [July 2025] [25% one-time / No Entry Modal],,01-23-2024,,08-12-2026,01-23-2024,01-23-2024,01-23-2024,,01-23-2024,01-23-2027
Wg8CKTF_bc178427f28722ea,169kHgVQZKPrU2FkK,,fallback,,,[name],[name],,I don’t want my subscription to renew automatically,too_expensive_for_value_provided_1447236661,I don't want to commit to a subscription,i_dont_want_to_commit_to_a_subscription,,Pricing (eCommerce),pricing_ecommerce,7,,,u_dfb123e263cd7a67,,,,0,,,Canceled,2026-08-12T20:29:19.000Z,2026-08-12T20:29:55.000Z,2026-08-12T20:29:55.000Z,,35.76,2026-08-12T20:29:55.000Z,cancel,Valid Cancel,annual,2027-07-27T10:39:54.000Z,2027-07-27T10:39:54.000Z,3.0,3.0,36.0,Brightback,,,,,,,169kHgVQZKPrU2FkK,2026-07-27T10:39:52.000Z,,2026-07-27T10:39:54.000Z,,h_8fc969d1100ca6d8,,1,2026-07-27T10:39:54.000Z,USD,u_dfb123e263cd7a67,ACTIVE,h_28d7558d920b41e0,[name],,,,2026-07-27T10:39:54.000Z,other,,1,annual_essentials,2026-07-27T10:39:54.000Z,_UNKNOWN,3600,YEAR,,,,[name],2027-07-27T10:39:54.000Z,,300,,2027-07-27T10:39:54.000Z,2026-07-27T10:39:54.000Z,3600,,,,,,Default/Fallback [July 2025] [25% one time / No entry modal],,07-27-2026,,08-12-2026,07-27-2026,07-27-2026,07-27-2026,,07-27-2026,07-27-2027
Wg8CIXZ_8d69f77bd2c526da,AzZwvgUtfFhQr1XCA,,Students; Annual,,,[name],[name],,I don’t want my subscription to renew automatically,too_expensive_for_value_provided_1447236661,I don't want to commit to a subscription,i_dont_want_to_commit_to_a_subscription,,Pricing (eCommerce),pricing_ecommerce,1,,,u_b515aeb6330d0d46,,,,0,,,Canceled,2026-08-12T18:33:36.000Z,2026-08-12T18:34:11.000Z,2026-08-12T18:34:11.000Z,,35.84,2026-08-12T18:34:11.000Z,cancel,Valid Cancel,annual,2027-08-12T13:05:44.000Z,2027-08-12T13:05:44.000Z,3.0,3.0,36.0,Brightback,,,,,,,AzZwvgUtfFhQr1XCA,2025-08-12T13:05:43.000Z,,2025-08-12T13:05:44.000Z,,h_7e12a5fa7c68874b,,1,2025-08-12T13:05:44.000Z,USD,u_b515aeb6330d0d46,ACTIVE,h_cfed7d72cd23632e,[name],,,,2026-08-12T13:05:44.000Z,student,,1,annual,2025-08-12T13:05:44.000Z,_UNKNOWN,3600,YEAR,,,Middle School,[name],2027-08-12T13:05:44.000Z,,300,,2027-08-12T13:05:44.000Z,2025-08-12T13:05:44.000Z,3600,,,,,,Student Experience [July 2025] [25% one-time / No Entry Modal],,08-12-2025,,08-12-2026,08-12-2025,08-12-2025,08-12-2025,,08-12-2025,08-12-2027
Wg8CHvY_bdd29ec727bfff7b,1283528,,Book Club Members; Annual,,,[name],[name],[name],I don’t want my subscription to renew automatically,too_expensive_for_value_provided_1447236661,I don't want to commit to a subscription,i_dont_want_to_commit_to_a_subscription,,Pricing (eCommerce),pricing_ecommerce,1,,,u_2f9fc2ab6a069aa1,,,,0,36.0,,Canceled,2026-08-12T17:58:01.000Z,2026-08-12T17:59:03.000Z,2026-08-12T17:59:03.000Z,,35.86,2026-08-12T17:59:03.000Z,cancel,Valid Cancel,annual,2027-08-12T16:10:18.000Z,2027-08-12T16:10:18.000Z,3.0,3.0,36.0,Brightback,,,,,,,1283528,2025-08-12T16:10:15.000Z,,2025-08-12T16:10:18.000Z,,h_b0e51d210f618d74,,1,2025-08-12T16:10:18.000Z,USD,u_2f9fc2ab6a069aa1,ACTIVE,h_24ab4b574aa47871,[name],36.0,annual,,2026-08-12T16:10:18.000Z,book_club_member,,1,annual,2025-08-12T16:10:18.000Z,_UNKNOWN,3600,YEAR,annual,,,[name],2027-08-12T16:10:18.000Z,,300,,2027-08-12T16:10:18.000Z,2025-08-12T16:10:18.000Z,3600,[name],,https://www.supersummary.com/subscription,https://www.supersummary.com/subscription/confirming/cancel,,BCM Experience [July 2025] [25% one-time / No Entry Modal],,08-12-2025,,08-12-2026,08-12-2025,08-12-2025,08-12-2025,,08-12-2025,08-12-2027
Wg8CHh5_ad78fd56a6156633,16BStnV7OdpeUAk1,,Teachers; fallback,,,[name],[name],,I don’t want my subscription to renew automatically,too_expensive_for_value_provided_1447236661,I don't want to commit to a subscription,i_dont_want_to_commit_to_a_subscription,,Pricing (eCommerce),pricing_ecommerce,8,,,u_1d083a8d1538ffbe,,,,0,,,Canceled,2026-08-12T17:43:36.000Z,2026-08-12T17:44:25.000Z,2026-08-12T17:44:25.000Z,,35.87,2026-08-12T17:44:25.000Z,cancel,Valid Cancel,monthly,2026-09-05T03:39:18.000Z,2026-09-05T03:39:18.000Z,16.65,16.65,16.65,Brightback,,,,,,,16BStnV7OdpeUAk1,2026-01-05T03:39:16.000Z,,2026-01-05T03:39:18.000Z,,h_17b413952c57e494,,1,2026-01-05T03:39:18.000Z,USD,u_1d083a8d1538ffbe,ACTIVE,h_eaf0a8de3889f828,[name],,,,2026-08-05T03:39:18.000Z,teacher,,1,monthly_plus,2026-01-05T03:39:18.000Z,_UNKNOWN,1665,MONTH,,,High School,[name],2026-09-05T03:39:18.000Z,,1665,,2026-09-05T03:39:18.000Z,2026-01-05T03:39:18.000Z,1665,,,,,,Teacher Experience [July 2025] [40% one-time / Modal],,01-05-2026,,08-12-2026,01-05-2026,01-05-2026,01-05-2026,,01-05-2026,09-05-2026
Wg8CGQu_8a920c5adc7461c9,1698338,,Students; fallback,,,[name],[name],[name],I don’t want my subscription to renew automatically,too_expensive_for_value_provided_1447236661,I don't want to commit to a subscription,i_dont_want_to_commit_to_a_subscription,,Pricing (eCommerce),pricing_ecommerce,5,,,u_2dfab81e9c796a74,,,,0,36.0,,Canceled,2026-08-12T16:27:01.000Z,2026-08-12T16:27:14.000Z,2026-08-12T16:27:15.000Z,,35.92,2026-08-12T16:27:15.000Z,cancel,Valid Cancel,annual,2027-07-16T03:27:31.000Z,2027-07-16T03:27:31.000Z,3.0,3.0,36.0,Brightback,,,,,,,1698338,2026-07-16T03:27:29.000Z,,2026-07-16T03:27:31.000Z,,h_7c08c8edab49fa2b,,1,2026-07-16T03:27:31.000Z,USD,u_2dfab81e9c796a74,ACTIVE,h_b41b8b458366c4e5,[name],36.0,annual_essentials,,2026-07-16T03:27:31.000Z,student,,1,annual_essentials,2026-07-16T03:27:31.000Z,_UNKNOWN,3600,YEAR,annual_essentials,,College,[name],2027-07-16T03:27:31.000Z,,300,,2027-07-16T03:27:31.000Z,2026-07-16T03:27:31.000Z,3600,[name],,https://www.supersummary.com/subscription,https://www.supersummary.com/subscription/confirming/cancel,,Student Experience [July 2025] [25% one-time / No Entry Modal],,07-16-2026,,08-12-2026,07-16-2026,07-16-2026,07-16-2026,,07-16-2026,07-16-2027
Wg8CFe6_8eee2c4a8daf3392,1725710,,Students; fallback,,,[name],[name],[name],I don’t want my subscription to renew automatically,too_expensive_for_value_provided_1447236661,I don't want to commit to a subscription,i_dont_want_to_commit_to_a_subscription,,Pricing (eCommerce),pricing_ecommerce,7,,,u_ddd8cb1dd5184c3a,"Definitely a free trial, i decided that I didn’t wanna commit like right away because I hadn’t tested with a free trial",,,1,16.65,,Canceled,2026-08-12T15:40:12.000Z,2026-08-12T15:41:46.000Z,2026-08-12T15:41:47.000Z,,35.96,2026-08-12T15:41:47.000Z,cancel,Valid Cancel,monthly,2026-09-12T15:34:39.000Z,2026-09-12T15:34:39.000Z,16.65,16.65,16.65,Brightback,,,,,,,1725710,2026-08-12T15:34:37.000Z,,2026-08-12T15:34:39.000Z,,h_1bba5b6b8db63a22,,1,2026-08-12T15:34:39.000Z,USD,u_ddd8cb1dd5184c3a,ACTIVE,h_047258467a91fe06,[name],16.65,monthly_plus,,2026-08-12T15:34:39.000Z,student,,1,monthly_plus,2026-08-12T15:34:39.000Z,_UNKNOWN,1665,MONTH,monthly_plus,,High School,[name],2026-09-12T15:34:39.000Z,,1665,,2026-09-12T15:34:39.000Z,2026-08-12T15:34:39.000Z,1665,[name],,https://www.supersummary.com/subscription,https://www.supersummary.com/subscription/confirming/cancel,,Student Experience [July 2025] [25% one-time / No Entry Modal],,08-12-2026,,08-12-2026,08-12-2026,08-12-2026,08-12-2026,,08-12-2026,09-12-2026
Wg8CEGX_872281e5679e2184,752280,,Parents; Annual,,,[name],[name],[name],I don’t want my subscription to renew automatically,too_expensive_for_value_provided_1447236661,I don't want to commit to a subscription,i_dont_want_to_commit_to_a_subscription,,Pricing (eCommerce),pricing_ecommerce,5,,,u_a3f90fc4d29e84ad,,,,0,36.0,,Canceled,2026-08-12T14:16:51.000Z,2026-08-12T14:17:37.000Z,2026-08-12T14:17:37.000Z,,36.02,2026-08-12T14:17:37.000Z,cancel,Valid Cancel,annual,2026-10-23T01:09:14.000Z,2026-10-23T01:09:14.000Z,3.0,3.0,36.0,Brightback,,,,,,,752280,2024-10-23T01:09:13.000Z,,2024-10-23T01:09:14.000Z,,h_acb6ae68a076a4c4,,1,2024-10-23T01:09:14.000Z,USD,u_a3f90fc4d29e84ad,ACTIVE,h_0ac5eae7084ef835,[name],36.0,annual,,2025-10-23T01:09:14.000Z,parent_of_student,,1,annual,2024-10-23T01:09:14.000Z,_UNKNOWN,3600,YEAR,annual,,High School,[name],2026-10-23T01:09:14.000Z,,300,,2026-10-23T01:09:14.000Z,2024-10-23T01:09:14.000Z,3600,[name],,https://www.supersummary.com/subscription,https://www.supersummary.com/subscription/confirming/cancel,,Parent Experience [July 2025] [25% one-time / Modal],,10-23-2024,,08-12-2026,10-23-2024,10-23-2024,10-23-2024,,10-23-2024,10-23-2026
Wg8CDQa_8f1540a9bcc313fc,1396080,,Teachers; fallback,,,[name],[name],[name],I don’t want my subscription to renew automatically,too_expensive_for_value_provided_1447236661,I don't want to commit to a subscription,i_dont_want_to_commit_to_a_subscription,,Pricing (eCommerce),pricing_ecommerce,8,,,u_a7a7ffdac9fd4b83,,,,0,60.0,,Canceled,2026-08-12T13:26:48.000Z,2026-08-12T13:27:36.000Z,2026-08-12T13:27:36.000Z,,36.05,2026-08-12T13:27:36.000Z,cancel,Valid Cancel,annual,2026-11-06T18:52:39.000Z,2026-11-06T18:52:39.000Z,5.0,5.0,60.0,Brightback,,,,,,,1396080,2025-11-06T18:52:36.000Z,,2025-11-06T18:52:39.000Z,,h_ffce86f3fd1c9669,,1,2025-11-06T18:52:39.000Z,USD,u_a7a7ffdac9fd4b83,ACTIVE,h_2a2c6461463f58ee,[name],60.0,annual_plus,,2025-11-06T18:52:39.000Z,teacher,,1,annual_plus,2025-11-06T18:52:39.000Z,_UNKNOWN,6000,YEAR,annual_plus,,Middle School,[name],2026-11-06T18:52:39.000Z,,500,,2026-11-06T18:52:39.000Z,2025-11-06T18:52:39.000Z,6000,[name],,https://www.supersummary.com/subscription,https://www.supersummary.com/subscription/confirming/cancel,,Teacher Experience [July 2025] [40% one-time / Modal],,11-06-2025,,08-12-2026,11-06-2025,11-06-2025,11-06-2025,,11-06-2025,11-06-2026
Wg8CACE_8b0be7e66377a1a0,1716476,,Parents; fallback,,,[name],[name],[name],I don’t want my subscription to renew automatically,too_expensive_for_value_provided_1447236661,I don't want to commit to a subscription,i_dont_want_to_commit_to_a_subscription,,Pricing (eCommerce),pricing_ecommerce,5,,,u_3a849b634ef850c9,,,,0,60.0,,Canceled,2026-08-12T10:14:00.000Z,2026-08-12T10:14:40.000Z,2026-08-12T10:14:40.000Z,,36.18,2026-08-12T10:14:40.000Z,cancel,Valid Cancel,annual,2027-08-04T14:40:22.000Z,,5.0,5.0,60.0,Brightback,,,,,,,1716476,2026-08-04T14:36:29.000Z,,2026-08-04T14:40:22.000Z,,h_2cb80b47218757f0,,1,2026-08-04T14:40:22.000Z,USD,u_3a849b634ef850c9,NON_RENEWING,h_83bc32d8c77b4413,[name],60.0,annual_plus,,2026-08-04T14:40:22.000Z,parent_of_student,,1,annual_plus,2026-08-04T14:40:22.000Z,_UNKNOWN,6000,YEAR,annual_plus,,High School,[name],,,500,,2027-08-04T14:40:22.000Z,2026-08-04T14:40:22.000Z,6000,[name],,https://www.supersummary.com/subscription,https://www.supersummary.com/subscription/confirming/cancel,,Parent Experience [July 2025] [25% one-time / No Entry Modal],,08-04-2026,,08-12-2026,08-04-2026,08-04-2026,08-04-2026,,08-04-2026,
Wg8C7wu_babef01b743ca03e,AzZvI6Uq3wddq6f0Z,,Parents; Annual,,,[name],[name],,I don’t want my subscription to renew automatically,too_expensive_for_value_provided_1447236661,I don't want to commit to a subscription,i_dont_want_to_commit_to_a_subscription,,Pricing (eCommerce),pricing_ecommerce,8,,,u_9299c37151e11faf,,,,0,,,Canceled,2026-08-12T07:59:25.000Z,2026-08-12T08:00:49.000Z,2026-08-12T08:00:50.000Z,,36.28,2026-08-12T08:00:50.000Z,cancel,Valid Cancel,annual,2027-07-05T08:31:19.000Z,2027-07-05T08:31:19.000Z,3.0,3.0,36.0,Brightback,,,,,,,AzZvI6Uq3wddq6f0Z,2025-07-05T08:28:31.000Z,,2025-07-05T08:31:19.000Z,,h_1c0cfd09bdaaeafc,,1,2025-07-05T08:31:19.000Z,USD,u_9299c37151e11faf,ACTIVE,h_334a7ab863ab6c5f,[name],,,,2026-07-05T08:31:19.000Z,parent_of_student,,1,annual,2025-07-05T08:31:19.000Z,_UNKNOWN,3600,YEAR,,,College,[name],2027-07-05T08:31:19.000Z,,300,,2027-07-05T08:31:19.000Z,2025-07-05T08:31:19.000Z,3600,,,,,,Parent Experience [July 2025] [25% one-time / Modal],,07-05-2025,,08-12-2026,07-05-2025,07-05-2025,07-05-2025,,07-05-2025,07-05-2027
Wg8C7uM_af1378877079ddd7,1534763,,fallback,,,[name],[name],[name],I don’t want my subscription to renew automatically,too_expensive_for_value_provided_1447236661,I don't want to commit to a subscription,i_dont_want_to_commit_to_a_subscription,,Pricing (eCommerce),pricing_ecommerce,7,,,u_f5bce54a298e9541,,,,0,9.95,,Canceled,2026-08-12T07:56:26.000Z,2026-08-12T07:56:57.000Z,2026-08-12T07:56:58.000Z,,36.28,2026-08-12T07:57:35.000Z,cancel,Valid Cancel,monthly,2026-08-26T14:46:44.000Z,2026-08-26T14:46:44.000Z,7.46,7.46,9.95,Brightback,,,,,,,1534763,2026-02-26T14:46:40.000Z,,2026-02-26T14:46:44.000Z,,h_fb87f072e0ce1a85,,1,2026-02-26T14:46:44.000Z,USD,u_f5bce54a298e9541,ACTIVE,h_73e69942eabe45c0,[name],9.95,monthly_essentials,,2026-07-26T14:46:44.000Z,other,,1,monthly_essentials,2026-02-26T14:46:44.000Z,_UNKNOWN,995,MONTH,monthly_essentials,nmTKUhkQCvq,,[name],2026-08-26T14:46:44.000Z,,746,,2026-08-26T14:46:44.000Z,2026-02-26T14:46:44.000Z,995,[name],,https://www.supersummary.com/subscription,https://www.supersummary.com/subscription/confirming/cancel,,Default/Fallback [July 2025] [25% one time / No entry modal],,02-26-2026,,08-12-2026,02-26-2026,02-26-2026,02-26-2026,,02-26-2026,08-26-2026
Wg8C3YT_b14555d265248d19,16A4GeVAzEOM12eA,,Students; fallback,,,[name],[name],,I don’t want my subscription to renew automatically,too_expensive_for_value_provided_1447236661,I don't want to commit to a subscription,i_dont_want_to_commit_to_a_subscription,,Pricing (eCommerce),pricing_ecommerce,1,Nothing,,u_0839f61a6d8600b8,Nothing,,,1,,,Canceled,2026-08-12T03:34:31.000Z,2026-08-12T03:34:58.000Z,2026-08-12T03:34:59.000Z,,36.46,2026-08-12T03:34:59.000Z,cancel,Valid Cancel,monthly,2026-08-12T05:16:58.000Z,2026-08-12T05:16:59.000Z,9.95,9.95,9.95,Brightback,,,,,,,16A4GeVAzEOM12eA,2026-02-12T05:16:55.000Z,,2026-02-12T05:16:58.000Z,,h_cffa0e5571f7b3b3,,1,2026-02-12T05:16:58.000Z,USD,u_0839f61a6d8600b8,ACTIVE,h_66c7f3104232b6ab,[name],,,,2026-07-12T05:16:58.000Z,student,,1,monthly_essentials,2026-02-12T05:16:58.000Z,_UNKNOWN,995,MONTH,,,College,[name],2026-08-12T05:16:58.000Z,,995,,2026-08-12T05:16:58.000Z,2026-02-12T05:16:58.000Z,995,,,,,,Student Experience [July 2025] [25% one-time / No Entry Modal],,02-12-2026,,08-12-2026,02-12-2026,02-12-2026,02-12-2026,,02-12-2026,08-12-2026
Wg8C2nD_96f05458977fcae1,1696545,,Book Club Members; fallback,,,[name],[name],[name],I don’t want my subscription to renew automatically,too_expensive_for_value_provided_1447236661,I don't want to commit to a subscription,i_dont_want_to_commit_to_a_subscription,,Pricing (eCommerce),pricing_ecommerce,7,,,u_a665c563bff7d8c7,,,,0,16.65,,Canceled,2026-08-12T02:49:17.000Z,2026-08-12T02:49:43.000Z,2026-08-12T02:49:43.000Z,,36.49,2026-08-12T02:49:43.000Z,cancel,Valid Cancel,monthly,2026-08-14T00:57:57.000Z,2026-08-14T00:57:57.000Z,12.49,12.49,16.65,Brightback,,,,,,,1696545,2026-07-14T00:57:54.000Z,,2026-07-14T00:57:57.000Z,,h_71e1eb0988c84f87,,1,2026-07-14T00:57:57.000Z,USD,u_a665c563bff7d8c7,ACTIVE,h_4f60afc72747a95b,[name],16.65,monthly_plus,,2026-07-14T00:57:57.000Z,book_club_member,,1,monthly_plus,2026-07-14T00:57:57.000Z,_UNKNOWN,1665,MONTH,monthly_plus,nmTKUhkQCvq,,[name],2026-08-14T00:57:57.000Z,,1249,,2026-08-14T00:57:57.000Z,2026-07-14T00:57:57.000Z,1665,[name],,https://www.supersummary.com/subscription,https://www.supersummary.com/subscription/confirming/cancel,,BCM Experience [July 2025] [25% one-time / No Entry Modal],,07-14-2026,,08-12-2026,07-14-2026,07-14-2026,07-14-2026,,07-14-2026,08-14-2026
Wg8BNWh_8765374947c1c7c3,624836,,Teachers; Annual,,,[name],[name],[name],I don’t want my subscription to renew automatically,too_expensive_for_value_provided_1447236661,I don't want to commit to a subscription,i_dont_want_to_commit_to_a_subscription,,Pricing (eCommerce),pricing_ecommerce,5,,,u_9ec00f72ca430507,,,,0,36.0,,Canceled,2026-08-11T23:32:54.000Z,2026-08-11T23:33:20.000Z,2026-08-11T23:33:20.000Z,,36.63,2026-08-11T23:33:20.000Z,cancel,Valid Cancel,annual,2027-08-11T18:49:24.000Z,2027-08-11T18:49:24.000Z,3.0,3.0,36.0,Brightback,,,,,,,624836,2024-08-11T18:43:54.000Z,,2024-08-11T18:49:24.000Z,,h_61de6f60f049bd22,,1,2024-08-11T18:49:24.000Z,USD,u_9ec00f72ca430507,ACTIVE,h_74f206f7f2001f7a,[name],36.0,annual,,2026-08-11T18:49:24.000Z,teacher,,1,annual,2024-08-11T18:49:24.000Z,_UNKNOWN,3600,YEAR,annual,,High School,[name],2027-08-11T18:49:24.000Z,,300,,2027-08-11T18:49:24.000Z,2024-08-11T18:49:24.000Z,3600,[name],,https://www.supersummary.com/subscription,https://www.supersummary.com/subscription/confirming/cancel,,Teacher Experience [July 2025] [40% one-time / Modal],,08-11-2024,,08-11-2026,08-11-2024,08-11-2024,08-11-2024,,08-11-2024,08-11-2027
Wg8BNRB_b99c318406c526d5,16A15DVNyWGDN2un1,,fallback,,,[name],[name],,I don’t want my subscription to renew automatically,too_expensive_for_value_provided_1447236661,I don't want to commit to a subscription,i_dont_want_to_commit_to_a_subscription,,Pricing (eCommerce),pricing_ecommerce,5,,,u_85710d4063223e8a,,,,0,,,Canceled,2026-08-11T23:27:30.000Z,2026-08-11T23:27:56.000Z,2026-08-11T23:27:56.000Z,,36.63,2026-08-11T23:27:56.000Z,cancel,Valid Cancel,monthly,2026-08-29T22:37:07.000Z,2026-08-29T22:37:07.000Z,9.95,9.95,9.95,Brightback,,,,,,,16A15DVNyWGDN2un1,2026-06-29T22:36:18.000Z,,2026-06-29T22:37:07.000Z,,h_afa61fe0bc75401a,,1,2026-06-29T22:37:07.000Z,USD,u_85710d4063223e8a,ACTIVE,h_8480c9e0570cc23c,[name],,,,2026-07-29T22:37:07.000Z,other,,1,monthly_essentials,2026-06-29T22:37:07.000Z,_UNKNOWN,995,MONTH,,,,[name],2026-08-29T22:37:07.000Z,,995,,2026-08-29T22:37:07.000Z,2026-06-29T22:37:07.000Z,995,,,,,,Default/Fallback [July 2025] [25% one time / No entry modal],,06-29-2026,,08-11-2026,06-29-2026,06-29-2026,06-29-2026,,06-29-2026,08-29-2026
Wg8BKaC_bbc053cf44069f45,Azz5gcVPrCbrw6sC4,,Students; fallback,,,[name],[name],,I don’t want my subscription to renew automatically,too_expensive_for_value_provided_1447236661,I don't want to commit to a subscription,i_dont_want_to_commit_to_a_subscription,,Pricing (eCommerce),pricing_ecommerce,5,,,u_04817147f4e17ed9,,,,0,,,Canceled,2026-08-11T20:36:15.000Z,2026-08-11T20:36:32.000Z,2026-08-11T20:36:32.000Z,,36.75,2026-08-11T20:36:32.000Z,cancel,Valid Cancel,monthly,2026-08-19T21:32:55.000Z,2026-08-19T21:32:55.000Z,9.95,9.95,9.95,Brightback,,,,,,,Azz5gcVPrCbrw6sC4,2026-07-19T21:32:54.000Z,,2026-07-19T21:32:55.000Z,,h_af52cac9f6982346,,1,2026-07-19T21:32:55.000Z,USD,u_04817147f4e17ed9,ACTIVE,h_756de72d4d827e22,[name],,,,2026-07-19T21:32:55.000Z,student,,1,monthly_essentials,2026-07-19T21:32:55.000Z,_UNKNOWN,995,MONTH,,,College,[name],2026-08-19T21:32:55.000Z,,995,,2026-08-19T21:32:55.000Z,2026-07-19T21:32:55.000Z,995,,,,,,Student Experience [July 2025] [25% one-time / No Entry Modal],,07-19-2026,,08-11-2026,07-19-2026,07-19-2026,07-19-2026,,07-19-2026,08-19-2026
Wg8BJOi_b5e8d237ebd35131,AzZUsUVPujQmJ19Cz,,Book Club Members; fallback,,,[name],[name],,I don’t want my subscription to renew automatically,too_expensive_for_value_provided_1447236661,I don't want to commit to a subscription,i_dont_want_to_commit_to_a_subscription,,Pricing (eCommerce),pricing_ecommerce,1,,,u_5580c67924d92eff,eu não tenho dinheiro para pagar.,,,1,,,Canceled,2026-08-11T19:25:06.000Z,2026-08-11T19:25:53.000Z,2026-08-11T19:25:54.000Z,,36.8,2026-08-11T19:25:54.000Z,cancel,Valid Cancel,annual,2027-07-20T12:02:06.000Z,2027-07-20T12:02:06.000Z,3.0,3.0,36.0,Brightback,,,,,,,AzZUsUVPujQmJ19Cz,2026-07-20T12:02:04.000Z,,2026-07-20T12:02:06.000Z,,h_a98325ae100c3bbb,,1,2026-07-20T12:02:06.000Z,USD,u_5580c67924d92eff,ACTIVE,h_ea2270ac1cedd10a,[name],,,,2026-07-20T12:02:06.000Z,book_club_member,,1,annual_essentials,2026-07-20T12:02:06.000Z,_UNKNOWN,3600,YEAR,,,,[name],2027-07-20T12:02:06.000Z,,300,,2027-07-20T12:02:06.000Z,2026-07-20T12:02:06.000Z,3600,,,,,,BCM Experience [July 2025] [25% one-time / No Entry Modal],,07-20-2026,,08-11-2026,07-20-2026,07-20-2026,07-20-2026,,07-20-2026,07-20-2027
Wg8BJeh_a95f792b4f5b5650,Azz8B6UaesDk77LPG,,Teachers; Annual,,,[name],[name],,I don’t want my subscription to renew automatically,too_expensive_for_value_provided_1447236661,I don't want to commit to a subscription,i_dont_want_to_commit_to_a_subscription,,Pricing (eCommerce),pricing_ecommerce,6,,,u_be2f831887e27d15,,,,0,,,Canceled,2026-08-11T19:40:49.000Z,2026-08-11T19:41:26.000Z,2026-08-11T19:41:26.000Z,,36.79,2026-08-11T19:41:26.000Z,cancel,Valid Cancel,annual,2027-01-23T00:23:45.000Z,2027-01-23T00:23:45.000Z,3.0,3.0,36.0,Brightback,,,,,,,Azz8B6UaesDk77LPG,2025-01-23T00:23:43.000Z,,2025-01-23T00:23:45.000Z,,h_3411fd5960156b30,,1,2025-01-23T00:23:45.000Z,USD,u_be2f831887e27d15,ACTIVE,h_e5155d404ad2e188,[name],,,,2026-01-23T00:23:45.000Z,teacher,,1,annual,2025-01-23T00:23:45.000Z,_UNKNOWN,3600,YEAR,,,Middle School,[name],2027-01-23T00:23:45.000Z,,300,,2027-01-23T00:23:45.000Z,2025-01-23T00:23:45.000Z,3600,,,,,,Teacher Experience [July 2025] [40% one-time / Modal],,01-23-2025,,08-11-2026,01-23-2025,01-23-2025,01-23-2025,,01-23-2025,01-23-2027
Wg8BHxP_a6de5a7e84a8e2f7,AzywoMUKsQgPS3PB5,,Teachers; Annual,,,[name],[name],,I don’t want my subscription to renew automatically,too_expensive_for_value_provided_1447236661,I don't want to commit to a subscription,i_dont_want_to_commit_to_a_subscription,,Pricing (eCommerce),pricing_ecommerce,7,,,u_4cede8c942da81a9,,,,0,,,Canceled,2026-08-11T17:59:28.000Z,2026-08-11T17:59:48.000Z,2026-08-11T17:59:48.000Z,,36.86,2026-08-11T17:59:48.000Z,cancel,Valid Cancel,annual,2027-08-08T16:20:05.000Z,2027-08-08T16:20:05.000Z,3.0,3.0,36.0,Brightback,,,,,,,AzywoMUKsQgPS3PB5,2024-08-08T16:20:04.000Z,,2024-08-08T16:20:05.000Z,,h_e4acd24723d61d55,,1,2024-08-08T16:20:05.000Z,USD,u_4cede8c942da81a9,ACTIVE,h_0bc64fc47e06c04e,[name],,,,2026-08-08T16:20:05.000Z,teacher,,1,annual,2024-08-08T16:20:05.000Z,_UNKNOWN,3600,YEAR,,,Middle School,[name],2027-08-08T16:20:05.000Z,,300,,2027-08-08T16:20:05.000Z,2024-08-08T16:20:05.000Z,3600,,,,,,Teacher Experience [July 2025] [40% one-time / Modal],,08-08-2024,,08-11-2026,08-08-2024,08-08-2024,08-08-2024,,08-08-2024,08-08-2027
Wg8BHWb_8c2e080614d73379,650564,,fallback,,,[name],[name],[name],I don’t want my subscription to renew automatically,too_expensive_for_value_provided_1447236661,I don't want to commit to a subscription,i_dont_want_to_commit_to_a_subscription,,Pricing (eCommerce),pricing_ecommerce,7,,,u_2730c6dd365bd377,,,,0,36.0,,Canceled,2026-08-11T17:33:12.000Z,2026-08-11T17:33:49.000Z,2026-08-11T18:10:06.000Z,,36.88,2026-08-11T18:10:06.000Z,cancel,Valid Cancel,annual,2026-09-08T04:33:54.000Z,2026-09-08T04:33:54.000Z,3.0,3.0,36.0,Brightback,,,,,,,650564,2024-09-05T11:48:25.000Z,,2024-09-08T04:33:54.000Z,,h_936727578f94b809,,1,2024-09-08T04:33:54.000Z,USD,u_2730c6dd365bd377,ACTIVE,h_c052e4fcc1e4f31e,[name],36.0,annual,,2025-09-08T04:33:54.000Z,other,,1,annual,2024-09-08T04:33:54.000Z,_UNKNOWN,3600,YEAR,annual,,,[name],2026-09-08T04:33:54.000Z,,300,,2026-09-08T04:33:54.000Z,2024-09-08T04:33:54.000Z,3600,[name],,https://www.supersummary.com/subscription,https://www.supersummary.com/subscription/confirming/cancel,,Default/Fallback [July 2025] [25% one time / No entry modal],,09-08-2024,,08-11-2026,09-08-2024,09-08-2024,09-05-2024,,09-08-2024,09-08-2026
Wg8BHiv_a38e7dfcba53a74a,16CPERVCfSGnkAbEF,,Students; fallback,,,[name],[name],,I don’t want my subscription to renew automatically,too_expensive_for_value_provided_1447236661,I don't want to commit to a subscription,i_dont_want_to_commit_to_a_subscription,,Pricing (eCommerce),pricing_ecommerce,4,,,u_934d0859815e73c6,,,,0,,,Canceled,2026-08-11T17:44:59.000Z,2026-08-11T17:45:21.000Z,2026-08-11T17:45:22.000Z,,36.87,2026-08-11T17:45:22.000Z,cancel,Valid Cancel,monthly,2026-09-02T01:04:24.000Z,2026-09-02T01:04:24.000Z,16.65,16.65,16.65,Brightback,,,,,,,16CPERVCfSGnkAbEF,2026-03-02T01:04:21.000Z,,2026-03-02T01:04:24.000Z,,h_a5ad10054036569a,,1,2026-03-02T01:04:24.000Z,USD,u_934d0859815e73c6,ACTIVE,h_578fc1754676b522,[name],,,,2026-08-02T01:04:24.000Z,student,,1,monthly_plus,2026-03-02T01:04:24.000Z,_UNKNOWN,1665,MONTH,,,High School,[name],2026-09-02T01:04:24.000Z,,1665,,2026-09-02T01:04:24.000Z,2026-03-02T01:04:24.000Z,1665,,,,,,Student Experience [July 2025] [25% one-time / No Entry Modal],,03-02-2026,,08-11-2026,03-02-2026,03-02-2026,03-02-2026,,03-02-2026,09-02-2026
Wg8BGq9_8d0ee8f9f1c6d5b6,169uXGUtOlFFq6UyC,,Parents; Annual,,,[name],[name],,I don’t want my subscription to renew automatically,too_expensive_for_value_provided_1447236661,I don't want to commit to a subscription,i_dont_want_to_commit_to_a_subscription,,Pricing (eCommerce),pricing_ecommerce,1,,,u_16e0bf4e06ba9dde,,,,0,,,Canceled,2026-08-11T16:52:11.000Z,2026-08-11T16:52:32.000Z,2026-08-11T16:52:32.000Z,,36.91,2026-08-11T16:52:32.000Z,cancel,Valid Cancel,annual,2027-08-09T17:24:25.000Z,2027-08-09T17:24:25.000Z,3.0,3.0,36.0,Brightback,,,,,,,169uXGUtOlFFq6UyC,2024-01-08T00:22:55.000Z,,2025-08-09T17:24:25.000Z,,h_8b95e781ad8ac180,,1,2025-08-09T17:24:25.000Z,USD,u_16e0bf4e06ba9dde,ACTIVE,h_18ee0b84ce171e87,[name],,,,2026-08-09T17:24:25.000Z,parent_of_student,,1,annual,2025-08-09T17:24:25.000Z,_UNKNOWN,3600,YEAR,,,Middle School,[name],2027-08-09T17:24:25.000Z,,300,,2027-08-09T17:24:25.000Z,2025-08-09T17:24:25.000Z,3600,,,,,,Parent Experience [July 2025] [25% one-time / Modal],,08-09-2025,,08-11-2026,08-09-2025,08-09-2025,01-08-2024,,08-09-2025,08-09-2027
Wg8BDpM_b8f61f732ca70e2a,Azyhh7UL98FFo7POK,,Parents; Annual,,,[name],[name],,I don’t want my subscription to renew automatically,too_expensive_for_value_provided_1447236661,I don't want to commit to a subscription,i_dont_want_to_commit_to_a_subscription,,Pricing (eCommerce),pricing_ecommerce,5,,,u_fd513ecd4a4cd7c7,,,,0,,,Canceled,2026-08-11T13:51:29.000Z,2026-08-11T13:51:59.000Z,2026-08-11T13:51:59.000Z,,37.03,2026-08-11T13:51:59.000Z,cancel,Valid Cancel,annual,2027-08-11T12:53:29.000Z,2027-08-11T12:53:29.000Z,3.0,3.0,36.0,Brightback,,,,,,,Azyhh7UL98FFo7POK,2024-08-11T12:53:28.000Z,,2024-08-11T12:53:29.000Z,,h_db59045db3e52763,,1,2024-08-11T12:53:29.000Z,USD,u_fd513ecd4a4cd7c7,ACTIVE,h_03a6c39b0d1bd85f,[name],,,,2026-08-11T12:53:29.000Z,parent_of_student,,1,annual,2024-08-11T12:53:29.000Z,_UNKNOWN,3600,YEAR,,,Middle School,[name],2027-08-11T12:53:29.000Z,,300,,2027-08-11T12:53:29.000Z,2024-08-11T12:53:29.000Z,3600,,,,,,Parent Experience [July 2025] [25% one-time / Modal],,08-11-2024,,08-11-2026,08-11-2024,08-11-2024,08-11-2024,,08-11-2024,08-11-2027
Wg8BDIk_a7ec22cb4d996cf5,463603,,Book Club Members; Annual,,,[name],[name],[name],I don’t want my subscription to renew automatically,too_expensive_for_value_provided_1447236661,I don't want to commit to a subscription,i_dont_want_to_commit_to_a_subscription,,Pricing (eCommerce),pricing_ecommerce,10,,,u_42cc24f6ab3c672e,,,,0,36.0,,Canceled,2026-08-11T13:19:01.000Z,2026-08-11T13:19:35.000Z,2026-08-11T13:19:35.000Z,,37.06,2026-08-11T13:19:35.000Z,cancel,Valid Cancel,annual,2027-08-11T13:13:34.000Z,2027-08-11T13:13:34.000Z,3.0,3.0,36.0,Brightback,,,,,,,463603,2023-12-05T17:39:05.000Z,,2025-08-11T13:13:34.000Z,,h_1c80eed6796045f2,,1,2025-08-11T13:13:34.000Z,USD,u_42cc24f6ab3c672e,ACTIVE,h_41c1e09b06ffa4cc,[name],36.0,annual,,2026-08-11T13:13:34.000Z,book_club_member,,1,annual,2025-08-11T13:13:34.000Z,_UNKNOWN,3600,YEAR,annual,,,[name],2027-08-11T13:13:34.000Z,,300,,2027-08-11T13:13:34.000Z,2025-08-11T13:13:34.000Z,3600,[name],,https://www.supersummary.com/subscription,https://www.supersummary.com/subscription/confirming/cancel,,BCM Experience [July 2025] [25% one-time / No Entry Modal],,08-11-2025,,08-11-2026,08-11-2025,08-11-2025,12-05-2023,,08-11-2025,08-11-2027
Wg8BCSA_860edb72d0bd1534,AzZqi4VEv2ZIl22j7,,Parents; fallback,,,[name],[name],,I don’t want my subscription to renew automatically,too_expensive_for_value_provided_1447236661,I don't want to commit to a subscription,i_dont_want_to_commit_to_a_subscription,,Pricing (eCommerce),pricing_ecommerce,8,,,u_75c81e2ad2cbff5e,I just can't afford it at this time in my life.,,,1,,,Canceled,2026-08-11T12:28:16.000Z,2026-08-11T12:29:31.000Z,2026-08-11T12:29:32.000Z,,37.09,2026-08-11T12:29:32.000Z,cancel,Valid Cancel,annual,2027-03-25T22:00:26.000Z,2027-03-25T22:00:26.000Z,5.0,5.0,60.0,Brightback,,,,,,,AzZqi4VEv2ZIl22j7,2025-01-21T09:34:03.000Z,,2026-03-25T22:00:26.000Z,,h_6f81aea2cfd1a7de,,1,2026-03-25T22:00:26.000Z,USD,u_75c81e2ad2cbff5e,ACTIVE,h_da6e7899c3857830,[name],,,,2026-03-25T22:00:26.000Z,parent_of_student,,1,annual_plus,2026-03-25T22:00:26.000Z,_UNKNOWN,6000,YEAR,,,Middle School,[name],2027-03-25T22:00:26.000Z,,500,,2027-03-25T22:00:26.000Z,2026-03-25T22:00:26.000Z,6000,,,,,,Parent Experience [July 2025] [25% one-time / No Entry Modal],,03-25-2026,,08-11-2026,03-25-2026,03-25-2026,01-21-2025,,03-25-2026,03-25-2027
Wg8BB8t_a9d1579c56a7b929,AzZuGXUL4wUF936FN,,fallback,,,[name],[name],,I don’t want my subscription to renew automatically,too_expensive_for_value_provided_1447236661,I don't want to commit to a subscription,i_dont_want_to_commit_to_a_subscription,,Pricing (eCommerce),pricing_ecommerce,4,,,u_80c9e5815369ee2f,,,,0,,,Canceled,2026-08-11T11:08:58.000Z,2026-08-11T11:09:26.000Z,2026-08-11T11:09:26.000Z,,37.15,2026-08-11T11:09:26.000Z,cancel,Valid Cancel,annual,2027-08-10T19:41:41.000Z,2027-08-10T19:41:41.000Z,3.0,3.0,36.0,Brightback,,,,,,,AzZuGXUL4wUF936FN,2024-08-10T19:41:39.000Z,,2024-08-10T19:41:41.000Z,,h_fd31dc4243d8fbde,,1,2024-08-10T19:41:41.000Z,USD,u_80c9e5815369ee2f,ACTIVE,h_38f400280cc4529f,[name],,,,2026-08-10T19:41:41.000Z,other,,1,annual,2024-08-10T19:41:41.000Z,_UNKNOWN,3600,YEAR,,,,[name],2027-08-10T19:41:41.000Z,,300,,2027-08-10T19:41:41.000Z,2024-08-10T19:41:41.000Z,3600,,,,,,Default/Fallback [July 2025] [25% one time / No entry modal],,08-10-2024,,08-11-2026,08-10-2024,08-10-2024,08-10-2024,,08-10-2024,08-10-2027
Wg8B3FG_9f8db70aa3753b1e,1608728,,Students; fallback,,,[name],[name],[name],I don’t want my subscription to renew automatically,too_expensive_for_value_provided_1447236661,I don't want to commit to a subscription,i_dont_want_to_commit_to_a_subscription,,Pricing (eCommerce),pricing_ecommerce,1,,,u_fcf48ff33b53602e,,,,0,9.95,,Canceled,2026-08-11T03:15:26.000Z,2026-08-11T03:15:55.000Z,2026-08-11T03:15:55.000Z,,37.47,2026-08-11T03:15:55.000Z,cancel,Valid Cancel,monthly,2026-08-21T15:01:58.000Z,2026-08-21T15:01:58.000Z,9.95,9.95,9.95,Brightback,,,,,,,1608728,2026-04-21T15:01:56.000Z,,2026-04-21T15:01:58.000Z,,h_7e5716472d18492f,,1,2026-04-21T15:01:58.000Z,USD,u_fcf48ff33b53602e,ACTIVE,h_7105d5631242fb2b,[name],9.95,monthly_essentials,,2026-07-21T15:01:58.000Z,student,,1,monthly_essentials,2026-04-21T15:01:58.000Z,_UNKNOWN,995,MONTH,monthly_essentials,,College,[name],2026-08-21T15:01:58.000Z,,995,,2026-08-21T15:01:58.000Z,2026-04-21T15:01:58.000Z,995,[name],,https://www.supersummary.com/subscription,https://www.supersummary.com/subscription/confirming/cancel,,Student Experience [July 2025] [25% one-time / No Entry Modal],,04-21-2026,,08-11-2026,04-21-2026,04-21-2026,04-21-2026,,04-21-2026,08-21-2026
Wg8B1Wt_8f95368b083e902e,623530,,Students; Annual,,,[name],[name],[name],I don’t want my subscription to renew automatically,too_expensive_for_value_provided_1447236661,I don't want to commit to a subscription,i_dont_want_to_commit_to_a_subscription,,Pricing (eCommerce),pricing_ecommerce,5,--,,u_451de56cd466fab0,--,,,1,36.0,,Canceled,2026-08-11T01:34:37.000Z,2026-08-11T01:35:09.000Z,2026-08-11T01:35:09.000Z,,37.54,2026-08-11T01:35:09.000Z,cancel,Valid Cancel,annual,2027-08-09T02:42:11.000Z,2027-08-09T02:42:11.000Z,3.0,3.0,36.0,Brightback,,,,,,,623530,2024-08-09T02:42:09.000Z,,2024-08-09T02:42:11.000Z,,h_691b904ea7720969,,1,2024-08-09T02:42:11.000Z,USD,u_451de56cd466fab0,ACTIVE,h_8b979e32b4af29f5,[name],36.0,annual,,2026-08-09T02:42:11.000Z,student,,1,annual,2024-08-09T02:42:11.000Z,_UNKNOWN,3600,YEAR,annual,,High School,[name],2027-08-09T02:42:11.000Z,,300,,2027-08-09T02:42:11.000Z,2024-08-09T02:42:11.000Z,3600,[name],,https://www.supersummary.com/subscription,https://www.supersummary.com/subscription/confirming/cancel,,Student Experience [July 2025] [25% one-time / No Entry Modal],,08-09-2024,,08-11-2026,08-09-2024,08-09-2024,08-09-2024,,08-09-2024,08-09-2027
Wg8B1pq_a12a8cc7939ba280,16A1wzVMCD1ik2YZ5,,fallback,,,[name],[name],,I don’t want my subscription to renew automatically,too_expensive_for_value_provided_1447236661,I don't want to commit to a subscription,i_dont_want_to_commit_to_a_subscription,,Pricing (eCommerce),pricing_ecommerce,5,,,u_1569de865a08e30d,,,,0,,,Canceled,2026-08-11T01:51:55.000Z,2026-08-11T01:52:17.000Z,2026-08-11T01:52:17.000Z,,37.53,2026-08-11T01:52:17.000Z,cancel,Valid Cancel,monthly,2026-09-11T01:50:46.000Z,2026-09-11T01:50:46.000Z,9.95,9.95,9.95,Brightback,,,,,,,16A1wzVMCD1ik2YZ5,2026-04-28T22:52:20.000Z,,2026-06-11T01:50:46.000Z,,h_5571bdb752b31bb1,,1,2026-06-11T01:50:46.000Z,USD,u_1569de865a08e30d,ACTIVE,h_59f0bfdfb9387743,[name],,,,2026-08-11T01:50:46.000Z,other,,1,monthly_essentials,2026-06-11T01:50:46.000Z,_UNKNOWN,995,MONTH,,,,[name],2026-09-11T01:50:46.000Z,,995,,2026-09-11T01:50:46.000Z,2026-06-11T01:50:46.000Z,995,,,,,,Default/Fallback [July 2025] [25% one time / No entry modal],,06-11-2026,,08-11-2026,06-11-2026,06-11-2026,04-28-2026,,06-11-2026,09-11-2026
Wg8B1Gw_88f9a12dc850fe2e,169wIuUtCmlxQ2V6f,,Parents; Annual,,,[name],[name],,I don’t want my subscription to renew automatically,too_expensive_for_value_provided_1447236661,I don't want to commit to a subscription,i_dont_want_to_commit_to_a_subscription,,Pricing (eCommerce),pricing_ecommerce,2,,,u_70e0d3af43a1a4e5,"quotes and page number not accurate
",,,1,,,Canceled,2026-08-11T01:17:04.000Z,2026-08-11T01:18:14.000Z,2026-08-11T01:18:14.000Z,,37.56,2026-08-11T01:18:14.000Z,cancel,Valid Cancel,annual,2027-08-07T16:15:13.000Z,2027-08-07T16:15:13.000Z,3.0,3.0,36.0,Brightback,,,,,,,169wIuUtCmlxQ2V6f,2025-08-07T16:15:11.000Z,,2025-08-07T16:15:13.000Z,,h_9caf35628c798e3b,,1,2025-08-07T16:15:13.000Z,USD,u_70e0d3af43a1a4e5,ACTIVE,h_10321b4d27d2d9e4,[name],,,,2026-08-07T16:15:13.000Z,parent_of_student,,1,annual,2025-08-07T16:15:13.000Z,_UNKNOWN,3600,YEAR,,,High School,[name],2027-08-07T16:15:13.000Z,,300,,2027-08-07T16:15:13.000Z,2025-08-07T16:15:13.000Z,3600,,,,,,Parent Experience [July 2025] [25% one-time / Modal],,08-07-2025,,08-11-2026,08-07-2025,08-07-2025,08-07-2025,,08-07-2025,08-07-2027
Wg8AI8U_8c44475c283b1082,16Bcr8VRv0Qoq14fK,,fallback,,,[name],[name],,I don’t want my subscription to renew automatically,too_expensive_for_value_provided_1447236661,I don't want to commit to a subscription,i_dont_want_to_commit_to_a_subscription,,Pricing (eCommerce),pricing_ecommerce,10,,,u_5b7874da2bd9bfce,,,,0,,,Canceled,2026-08-10T18:08:33.000Z,2026-08-10T18:08:51.000Z,2026-08-10T18:08:51.000Z,,37.85,2026-08-10T18:08:51.000Z,cancel,Valid Cancel,annual,2027-08-10T18:07:23.000Z,2027-08-10T18:07:23.000Z,3.0,3.0,36.0,Brightback,,,,,,,16Bcr8VRv0Qoq14fK,2026-08-10T18:07:22.000Z,,2026-08-10T18:07:23.000Z,,h_52e994c63df9b0f4,,1,2026-08-10T18:07:23.000Z,USD,u_5b7874da2bd9bfce,ACTIVE,h_72838232ff8f6e2f,[name],,,,2026-08-10T18:07:23.000Z,avid_reader,,1,annual_essentials,2026-08-10T18:07:23.000Z,_UNKNOWN,3600,YEAR,,,,[name],2027-08-10T18:07:23.000Z,,300,,2027-08-10T18:07:23.000Z,2026-08-10T18:07:23.000Z,3600,,,,,,Default/Fallback [July 2025] [25% one time / No entry modal],,08-10-2026,,08-10-2026,08-10-2026,08-10-2026,08-10-2026,,08-10-2026,08-10-2027
Wg8AGb2_9350005f2786b88c,1709708,,fallback,,,[name],[name],[name],I don’t want my subscription to renew automatically,too_expensive_for_value_provided_1447236661,I don't want to commit to a subscription,i_dont_want_to_commit_to_a_subscription,,Pricing (eCommerce),pricing_ecommerce,5,,,u_dcbadbc7856750fd,,,,0,36.0,,Canceled,2026-08-10T16:37:04.000Z,2026-08-10T16:37:41.000Z,2026-08-10T16:37:41.000Z,,37.92,2026-08-10T16:37:41.000Z,cancel,Valid Cancel,annual,2027-08-10T15:26:29.000Z,2027-08-10T15:26:29.000Z,3.0,3.0,36.0,Brightback,,,,,,,1709708,2026-08-10T15:26:27.000Z,,2026-08-10T15:26:29.000Z,,h_f81ce65e7ea35988,,1,2026-08-10T15:26:29.000Z,USD,u_dcbadbc7856750fd,ACTIVE,h_4802e37b7c70f063,[name],36.0,annual_essentials,,2026-08-10T15:26:29.000Z,other,,1,annual_essentials,2026-08-10T15:26:29.000Z,_UNKNOWN,3600,YEAR,annual_essentials,,,[name],2027-08-10T15:26:29.000Z,,300,,2027-08-10T15:26:29.000Z,2026-08-10T15:26:29.000Z,3600,[name],,https://www.supersummary.com/subscription,https://www.supersummary.com/subscription/confirming/cancel,,Default/Fallback [July 2025] [25% one time / No entry modal],,08-10-2026,,08-10-2026,08-10-2026,08-10-2026,08-10-2026,,08-10-2026,08-10-2027
Wg8AFOf_aa054887369af823,169s5uVLtDq9Q5geF,,Students; fallback,,,[name],[name],,I don’t want my subscription to renew automatically,too_expensive_for_value_provided_1447236661,I don't want to commit to a subscription,i_dont_want_to_commit_to_a_subscription,,Pricing (eCommerce),pricing_ecommerce,5,,,u_6387a709ef162433,,,,0,,,Canceled,2026-08-10T15:24:42.000Z,2026-08-10T15:24:52.000Z,2026-08-10T15:24:52.000Z,,37.97,2026-08-10T15:24:52.000Z,cancel,Valid Cancel,annual,2027-06-07T19:54:49.000Z,2027-06-07T19:54:49.000Z,5.0,5.0,60.0,Brightback,,,,,,,169s5uVLtDq9Q5geF,2026-06-07T19:54:48.000Z,,2026-06-07T19:54:49.000Z,,h_94fa40d355f8fa59,,1,2026-06-07T19:54:49.000Z,USD,u_6387a709ef162433,ACTIVE,h_10ca9f6d3991d6e1,[name],,,,2026-06-07T19:54:49.000Z,student,,1,annual_plus,2026-06-07T19:54:49.000Z,_UNKNOWN,6000,YEAR,,,Postgrad Program,[name],2027-06-07T19:54:49.000Z,,500,,2027-06-07T19:54:49.000Z,2026-06-07T19:54:49.000Z,6000,,,,,,Student Experience [July 2025] [25% one-time / No Entry Modal],,06-07-2026,,08-10-2026,06-07-2026,06-07-2026,06-07-2026,,06-07-2026,06-07-2027
Wg8AEQp_a3f25ee5c13a1fd4,395799,,Teachers; Annual,,,[name],[name],[name],I don’t want my subscription to renew automatically,too_expensive_for_value_provided_1447236661,I don't want to commit to a subscription,i_dont_want_to_commit_to_a_subscription,,Pricing (eCommerce),pricing_ecommerce,1,Don’t need a service like this any more ,,u_c9b23a0c1beda363,No auto renewing without notice — I will be requesting a refund or requesting a chargeback with my CC company since you will be removing my access despite charging for another year.,,,1,36.0,,Canceled,2026-08-10T14:27:13.000Z,2026-08-10T18:46:04.000Z,2026-08-10T18:46:04.000Z,,38.01,2026-08-10T18:46:04.000Z,cancel,Valid Cancel,annual,2027-08-10T14:19:14.000Z,2027-08-10T14:19:14.000Z,3.0,3.0,36.0,Brightback,,,,,,,395799,2023-08-10T14:19:13.000Z,,2023-08-10T14:19:14.000Z,,h_51451878c90d770f,,1,2023-08-10T14:19:14.000Z,USD,u_c9b23a0c1beda363,ACTIVE,h_917b4e656d860eab,[name],36.0,annual,,2026-08-10T14:19:14.000Z,teacher,,1,annual,2023-08-10T14:19:14.000Z,_UNKNOWN,3600,YEAR,annual,,other,[name],2027-08-10T14:19:14.000Z,,300,,2027-08-10T14:19:14.000Z,2023-08-10T14:19:14.000Z,3600,[name],,https://www.supersummary.com/subscription,https://www.supersummary.com/subscription/confirming/cancel,,Teacher Experience [July 2025] [40% one-time / Modal],,08-10-2023,,08-10-2026,08-10-2023,08-10-2023,08-10-2023,,08-10-2023,08-10-2027
Wg8A9nu_911c45b133b30a4a,16BlyqUtQy5pj7fov,,Students; Annual,,,[name],[name],,I don’t want my subscription to renew automatically,too_expensive_for_value_provided_1447236661,I don't want to commit to a subscription,i_dont_want_to_commit_to_a_subscription,,Pricing (eCommerce),pricing_ecommerce,1,,,u_035c92839ac497f0,,,,0,,,Canceled,2026-08-10T09:49:58.000Z,2026-08-10T09:50:37.000Z,2026-08-10T09:50:37.000Z,,38.2,2026-08-10T09:50:37.000Z,cancel,Valid Cancel,annual,2027-08-10T02:28:00.000Z,2027-08-10T02:28:00.000Z,3.0,3.0,36.0,Brightback,,,,,,,16BlyqUtQy5pj7fov,2025-08-10T02:27:58.000Z,,2025-08-10T02:28:00.000Z,,h_3d71624be8424259,,1,2025-08-10T02:28:00.000Z,USD,u_035c92839ac497f0,ACTIVE,h_d7f52d565b081923,[name],,,,2026-08-10T02:28:00.000Z,student,,1,annual,2025-08-10T02:28:00.000Z,_UNKNOWN,3600,YEAR,,,College,[name],2027-08-10T02:28:00.000Z,,300,,2027-08-10T02:28:00.000Z,2025-08-10T02:28:00.000Z,3600,,,,,,Student Experience [July 2025] [25% one-time / No Entry Modal],,08-10-2025,,08-10-2026,08-10-2025,08-10-2025,08-10-2025,,08-10-2025,08-10-2027
Wg8A90a_a43173610ebdcca2,660260,,Book Club Members; fallback,,,[name],[name],[name],I don’t want my subscription to renew automatically,too_expensive_for_value_provided_1447236661,I don't want to commit to a subscription,i_dont_want_to_commit_to_a_subscription,,Pricing (eCommerce),pricing_ecommerce,6,,,u_6d95112203e15af5,,,,0,36.0,,Canceled,2026-08-10T09:00:48.000Z,2026-08-10T09:02:05.000Z,2026-08-10T09:02:06.000Z,,38.23,2026-08-10T09:02:06.000Z,cancel,Valid Cancel,annual,2027-07-01T21:30:49.000Z,2027-07-01T21:30:49.000Z,3.0,3.0,36.0,Brightback,,,,,,,660260,2026-07-01T21:30:47.000Z,,2026-07-01T21:30:49.000Z,,h_dc76643d0ae96e29,,1,2026-07-01T21:30:49.000Z,USD,u_6d95112203e15af5,ACTIVE,h_b7a36eaa6d37110e,[name],36.0,annual_essentials,,2026-07-01T21:30:49.000Z,book_club_member,,1,annual_essentials,2026-07-01T21:30:49.000Z,_UNKNOWN,3600,YEAR,annual_essentials,,,[name],2027-07-01T21:30:49.000Z,,300,,2027-07-01T21:30:49.000Z,2026-07-01T21:30:49.000Z,3600,[name],,https://www.supersummary.com/subscription,https://www.supersummary.com/subscription/confirming/cancel,,BCM Experience [July 2025] [25% one-time / No Entry Modal],,07-01-2026,,08-10-2026,07-01-2026,07-01-2026,07-01-2026,,07-01-2026,07-01-2027
Wg8A38W_9421a4d4fa7d1a2d,1669625,,Students; fallback,,,[name],[name],[name],I don’t want my subscription to renew automatically,too_expensive_for_value_provided_1447236661,I don't want to commit to a subscription,i_dont_want_to_commit_to_a_subscription,,Pricing (eCommerce),pricing_ecommerce,8,Don't know yet ,,u_d98c0baa78b59215,Tell us renewal is automatically done monthly ,,,1,9.95,,Canceled,2026-08-10T03:08:40.000Z,2026-08-10T03:10:17.000Z,2026-08-10T03:10:49.000Z,,38.48,2026-08-10T03:10:49.000Z,cancel,Valid Cancel,monthly,2026-09-09T17:13:15.000Z,2026-09-09T17:13:15.000Z,9.95,9.95,9.95,Brightback,,,,,,,1669625,2026-06-09T17:13:11.000Z,,2026-06-09T17:13:15.000Z,,h_9a419f370ea7594a,,1,2026-06-09T17:13:15.000Z,USD,u_d98c0baa78b59215,ACTIVE,h_3e04074a2ac6be50,[name],9.95,monthly_essentials,,2026-08-09T17:13:15.000Z,student,,1,monthly_essentials,2026-06-09T17:13:15.000Z,_UNKNOWN,995,MONTH,monthly_essentials,,Postgrad Program,[name],2026-09-09T17:13:15.000Z,,995,,2026-09-09T17:13:15.000Z,2026-06-09T17:13:15.000Z,995,[name],,https://www.supersummary.com/subscription,https://www.supersummary.com/subscription/confirming/cancel,,Student Experience [July 2025] [25% one-time / No Entry Modal],,06-09-2026,,08-10-2026,06-09-2026,06-09-2026,06-09-2026,,06-09-2026,09-09-2026
Wg8A10W_9c9ddbab19fdedeb,AzqeDvVQInsuq1ZB8,,Students; fallback,,,[name],[name],,I don’t want my subscription to renew automatically,too_expensive_for_value_provided_1447236661,I don't want to commit to a subscription,i_dont_want_to_commit_to_a_subscription,,Pricing (eCommerce),pricing_ecommerce,5,,,u_db7c7ce7731ae001,,,,0,,,Canceled,2026-08-10T01:00:34.000Z,2026-08-10T01:00:58.000Z,2026-08-10T01:00:58.000Z,,38.57,2026-08-10T01:00:58.000Z,cancel,Valid Cancel,monthly,2026-08-24T14:50:19.000Z,2026-08-24T14:50:19.000Z,9.95,9.95,9.95,Brightback,,,,,,,AzqeDvVQInsuq1ZB8,2026-07-24T14:50:16.000Z,,2026-07-24T14:50:19.000Z,,h_75ccfe1fb6a47b61,,1,2026-07-24T14:50:19.000Z,USD,u_db7c7ce7731ae001,ACTIVE,h_ac74c57d41b0129b,[name],,,,2026-07-24T14:50:19.000Z,student,,1,monthly_essentials,2026-07-24T14:50:19.000Z,_UNKNOWN,995,MONTH,,,College,[name],2026-08-24T14:50:19.000Z,,995,,2026-08-24T14:50:19.000Z,2026-07-24T14:50:19.000Z,995,,,,,,Student Experience [July 2025] [25% one-time / No Entry Modal],,07-24-2026,,08-10-2026,07-24-2026,07-24-2026,07-24-2026,,07-24-2026,08-24-2026
Wg8A0En_b6f5fc1dd923e2a1,AzyZ4oVRBPvFq11GQ,,Parents; fallback,,,[name],[name],,I don’t want my subscription to renew automatically,too_expensive_for_value_provided_1447236661,I don't want to commit to a subscription,i_dont_want_to_commit_to_a_subscription,,Pricing (eCommerce),pricing_ecommerce,10,,,u_95322254e97c56c6,,,,0,,,Canceled,2026-08-10T00:14:54.000Z,2026-08-10T00:19:40.000Z,2026-08-10T00:19:40.000Z,,38.6,2026-08-10T00:19:40.000Z,cancel,Valid Cancel,annual,2027-08-02T23:00:07.000Z,2027-08-02T23:00:07.000Z,3.0,3.0,36.0,Brightback,,,,,,,AzyZ4oVRBPvFq11GQ,2026-08-02T23:00:06.000Z,,2026-08-02T23:00:07.000Z,,h_4b308e2aba636cef,,1,2026-08-02T23:00:07.000Z,USD,u_95322254e97c56c6,ACTIVE,h_c26120636e97d19a,[name],,,,2026-08-02T23:00:07.000Z,parent_of_student,,1,annual_essentials,2026-08-02T23:00:07.000Z,_UNKNOWN,3600,YEAR,,,other,[name],2027-08-02T23:00:07.000Z,,300,,2027-08-02T23:00:07.000Z,2026-08-02T23:00:07.000Z,3600,,,,,,Parent Experience [July 2025] [25% one-time / No Entry Modal],,08-02-2026,,08-10-2026,08-02-2026,08-02-2026,08-02-2026,,08-02-2026,08-02-2027
Wg89LLF_ad91c365496d0be1,16A1D3TE2ccVv22AI,,Students; Annual,,,[name],[name],,I don’t want my subscription to renew automatically,too_expensive_for_value_provided_1447236661,I don't want to commit to a subscription,i_dont_want_to_commit_to_a_subscription,,Pricing (eCommerce),pricing_ecommerce,1,,,u_14eeefa7eb4055b7,,,,0,,,Canceled,2026-08-09T21:21:18.000Z,2026-08-09T21:21:42.000Z,2026-08-09T21:21:42.000Z,,38.72,2026-08-09T21:21:42.000Z,cancel,Valid Cancel,annual,2027-08-09T18:57:28.000Z,2027-08-09T18:57:28.000Z,3.0,3.0,36.0,Brightback,,,,,,,16A1D3TE2ccVv22AI,2022-08-09T18:57:27.000Z,,2022-08-09T18:57:28.000Z,,h_41f20212b6cdebc1,,1,2022-08-09T18:57:28.000Z,USD,u_14eeefa7eb4055b7,ACTIVE,h_1a72bc47e11ece29,[name],,,,2026-08-09T18:57:28.000Z,student,,1,annual,2022-08-09T18:57:28.000Z,_UNKNOWN,3600,YEAR,,,High School,[name],2027-08-09T18:57:28.000Z,,300,,2027-08-09T18:57:28.000Z,2022-08-09T18:57:28.000Z,3600,,,,,,Student Experience [July 2025] [25% one-time / No Entry Modal],,08-09-2022,,08-09-2026,08-09-2022,08-09-2022,08-09-2022,,08-09-2022,08-09-2027
Wg89GSs_83597ea145c38611,Azz1eoVPj9r5U3zxv,,Book Club Members; fallback,,,[name],[name],,I don’t want my subscription to renew automatically,too_expensive_for_value_provided_1447236661,I don't want to commit to a subscription,i_dont_want_to_commit_to_a_subscription,,Pricing (eCommerce),pricing_ecommerce,5,,,u_77e344b4b39c79fe,Be cheaper ,,,1,,,Canceled,2026-08-09T16:28:56.000Z,2026-08-09T16:30:19.000Z,2026-08-09T16:30:19.000Z,,38.92,2026-08-09T16:30:19.000Z,cancel,Valid Cancel,annual,2027-07-18T12:31:48.000Z,2027-07-18T12:31:48.000Z,5.0,5.0,60.0,Brightback,,,,,,,Azz1eoVPj9r5U3zxv,2026-07-18T12:31:46.000Z,,2026-07-18T12:31:48.000Z,,h_1f25cd60f3d26833,,1,2026-07-18T12:31:48.000Z,USD,u_77e344b4b39c79fe,ACTIVE,h_561ad69ce10f0bbc,[name],,,,2026-07-18T12:31:48.000Z,book_club_member,,1,annual_plus,2026-07-18T12:31:48.000Z,_UNKNOWN,6000,YEAR,,,,[name],2027-07-18T12:31:48.000Z,,500,,2027-07-18T12:31:48.000Z,2026-07-18T12:31:48.000Z,6000,,,,,,BCM Experience [July 2025] [25% one-time / No Entry Modal],,07-18-2026,,08-09-2026,07-18-2026,07-18-2026,07-18-2026,,07-18-2026,07-18-2027
Wg89EEV_b9774818ffbfdafe,1709562,,fallback,,,[name],[name],[name],I don’t want my subscription to renew automatically,too_expensive_for_value_provided_1447236661,I don't want to commit to a subscription,i_dont_want_to_commit_to_a_subscription,,Pricing (eCommerce),pricing_ecommerce,5,,,u_14036bb9c5e854c4,,,,0,60.0,,Canceled,2026-08-09T14:14:39.000Z,2026-08-09T14:15:22.000Z,2026-08-09T14:15:22.000Z,,39.02,2026-08-09T14:15:22.000Z,cancel,Valid Cancel,annual,2027-07-28T17:21:58.000Z,2027-07-28T17:21:58.000Z,5.0,5.0,60.0,Brightback,,,,,,,1709562,2026-07-28T17:21:56.000Z,,2026-07-28T17:21:58.000Z,,h_6e9d6e1f7d064a84,,1,2026-07-28T17:21:58.000Z,USD,u_14036bb9c5e854c4,ACTIVE,h_445822e705d38f9c,[name],60.0,annual_plus,,2026-07-28T17:21:58.000Z,other,,1,annual_plus,2026-07-28T17:21:58.000Z,_UNKNOWN,6000,YEAR,annual_plus,,,[name],2027-07-28T17:21:58.000Z,,500,,2027-07-28T17:21:58.000Z,2026-07-28T17:21:58.000Z,6000,[name],,https://www.supersummary.com/subscription,https://www.supersummary.com/subscription/confirming/cancel,,Default/Fallback [July 2025] [25% one time / No entry modal],,07-28-2026,,08-09-2026,07-28-2026,07-28-2026,07-28-2026,,07-28-2026,07-28-2027
Wg89AZe_8e7f25fb4ac98866,AzqaddVRnJwpj5uWS,,Students; fallback,Student: 25% One Time,,[name],[name],,I don’t want my subscription to renew automatically,too_expensive_for_value_provided_1447236661,I don't want to commit to a subscription,i_dont_want_to_commit_to_a_subscription,,Pricing (eCommerce),pricing_ecommerce,10,,,u_4fda4e4fad706492,,,,0,,,Canceled,2026-08-09T10:35:42.000Z,2026-08-09T10:36:24.000Z,2026-08-09T10:36:24.000Z,,39.17,2026-08-09T10:36:24.000Z,cancel,Valid Cancel,annual,2027-08-09T10:34:44.000Z,2027-08-09T10:34:44.000Z,2.25,2.25,36.0,Brightback,,,,,,,AzqaddVRnJwpj5uWS,2026-08-09T10:33:26.000Z,,2026-08-09T10:34:44.000Z,,h_6dbcdd0d672b985b,,1,2026-08-09T10:34:44.000Z,USD,u_4fda4e4fad706492,ACTIVE,h_8d6c28f72e314a28,[name],,,,2026-08-09T10:34:44.000Z,student,,1,annual_essentials,2026-08-09T10:34:44.000Z,_UNKNOWN,3600,YEAR,,,High School,[name],2027-08-09T10:34:44.000Z,,300,,2027-08-09T10:34:44.000Z,2026-08-09T10:34:44.000Z,3600,,,,,,Student Experience [July 2025] [25% one-time / No Entry Modal],,08-09-2026,,08-09-2026,08-09-2026,08-09-2026,08-09-2026,,08-09-2026,08-09-2027
Wg89A07_be2ec54a92203107,16CWuuV1vZdce4TdN,,Book Club Members; fallback,,,[name],[name],,I don’t want my subscription to renew automatically,too_expensive_for_value_provided_1447236661,I don't want to commit to a subscription,i_dont_want_to_commit_to_a_subscription,,Pricing (eCommerce),pricing_ecommerce,10,Nothing ,,u_e1930eaa7c67650d,,,,0,,,Canceled,2026-08-09T10:00:10.000Z,2026-08-09T10:01:16.000Z,2026-08-09T10:01:16.000Z,,39.19,2026-08-09T10:01:16.000Z,cancel,Valid Cancel,monthly,2026-09-08T03:56:20.000Z,2026-09-08T03:56:20.000Z,9.95,9.95,9.95,Brightback,,,,,,,16CWuuV1vZdce4TdN,2025-11-08T03:56:17.000Z,,2025-11-08T03:56:20.000Z,,h_4d6434486d350bee,,1,2025-11-08T03:56:20.000Z,USD,u_e1930eaa7c67650d,ACTIVE,h_9e06f5498188dc7d,[name],,,,2026-08-08T03:56:20.000Z,book_club_member,,1,monthly_essentials,2025-11-08T03:56:20.000Z,_UNKNOWN,995,MONTH,,,,[name],2026-09-08T03:56:20.000Z,,995,,2026-09-08T03:56:20.000Z,2025-11-08T03:56:20.000Z,995,,,,,,BCM Experience [July 2025] [25% one-time / No Entry Modal],,11-08-2025,,08-09-2026,11-08-2025,11-08-2025,11-08-2025,,11-08-2025,09-08-2026
Wg893jQ_9dc91314bc7bf835,169nENUtLPDpB49HR,,Parents; Annual,,,[name],[name],,I don’t want my subscription to renew automatically,too_expensive_for_value_provided_1447236661,I don't want to commit to a subscription,i_dont_want_to_commit_to_a_subscription,,Pricing (eCommerce),pricing_ecommerce,4,,,u_05b9d1d99512ccf2,,,,0,,,Canceled,2026-08-09T03:45:28.000Z,2026-08-09T03:46:20.000Z,2026-08-09T03:46:21.000Z,,39.45,2026-08-09T03:46:21.000Z,cancel,Valid Cancel,annual,2027-08-09T03:38:07.000Z,2027-08-09T03:38:07.000Z,3.0,3.0,36.0,Brightback,,,,,,,169nENUtLPDpB49HR,2025-08-09T03:38:06.000Z,,2025-08-09T03:38:07.000Z,,h_7fcf9626b87aa054,,1,2025-08-09T03:38:07.000Z,USD,u_05b9d1d99512ccf2,ACTIVE,h_cce63283525447c2,[name],,,,2026-08-09T03:38:07.000Z,parent_of_student,,1,annual,2025-08-09T03:38:07.000Z,_UNKNOWN,3600,YEAR,,,other,[name],2027-08-09T03:38:07.000Z,,300,,2027-08-09T03:38:07.000Z,2025-08-09T03:38:07.000Z,3600,,,,,,Parent Experience [July 2025] [25% one-time / Modal],,08-09-2025,,08-09-2026,08-09-2025,08-09-2025,08-09-2025,,08-09-2025,08-09-2027
Wg891SJ_8ec8541afa880bfa,1266071,,Teachers; Annual,,,[name],[name],[name],I don’t want my subscription to renew automatically,too_expensive_for_value_provided_1447236661,I don't want to commit to a subscription,i_dont_want_to_commit_to_a_subscription,,Pricing (eCommerce),pricing_ecommerce,5,,,u_4d367990d4641d8b,,,,0,36.0,,Canceled,2026-08-09T01:28:54.000Z,2026-08-09T01:29:49.000Z,2026-09-04T21:28:02.000Z,,39.55,2026-09-04T21:28:02.000Z,cancel,Valid Cancel,annual,2027-07-22T16:42:32.000Z,2027-07-22T16:42:32.000Z,3.0,3.0,36.0,Brightback,,,,,,,1266071,2025-07-22T16:42:31.000Z,,2025-07-22T16:42:32.000Z,,h_b3fda90dd89aa67a,,1,2025-07-22T16:42:32.000Z,USD,u_4d367990d4641d8b,ACTIVE,h_e395dd98df6ab8e7,[name],36.0,annual,,2026-07-22T16:42:32.000Z,teacher,,1,annual,2025-07-22T16:42:32.000Z,_UNKNOWN,3600,YEAR,annual,,High School,[name],2027-07-22T16:42:32.000Z,,300,,2027-07-22T16:42:32.000Z,2025-07-22T16:42:32.000Z,3600,[name],,https://www.supersummary.com/subscription,https://www.supersummary.com/subscription/confirming/cancel,,Teacher Experience [July 2025] [40% one-time / Modal],,07-22-2025,,08-09-2026,07-22-2025,07-22-2025,07-22-2025,,07-22-2025,07-22-2027
Wg890sd_a85acc1b35b120f9,1721458,,Teachers; fallback,,,[name],[name],[name],I don’t want my subscription to renew automatically,too_expensive_for_value_provided_1447236661,I don't want to commit to a subscription,i_dont_want_to_commit_to_a_subscription,,Pricing (eCommerce),pricing_ecommerce,8,,,u_b16eab4aaa72eaec,,,,0,60.0,,Canceled,2026-08-09T00:55:16.000Z,2026-08-09T00:56:11.000Z,2026-08-09T00:56:12.000Z,,39.57,2026-08-09T00:56:12.000Z,cancel,Valid Cancel,annual,2027-08-09T00:53:35.000Z,2027-08-09T00:53:35.000Z,5.0,5.0,60.0,Brightback,,,,,,,1721458,2026-08-09T00:53:32.000Z,,2026-08-09T00:53:35.000Z,,h_ce087a38e36be464,,1,2026-08-09T00:53:35.000Z,USD,u_b16eab4aaa72eaec,ACTIVE,h_72870d9a966cf667,[name],60.0,annual_plus,,2026-08-09T00:53:35.000Z,teacher,,1,annual_plus,2026-08-09T00:53:35.000Z,_UNKNOWN,6000,YEAR,annual_plus,,Middle School,[name],2027-08-09T00:53:35.000Z,,500,,2027-08-09T00:53:35.000Z,2026-08-09T00:53:35.000Z,6000,[name],,https://www.supersummary.com/subscription,https://www.supersummary.com/subscription/confirming/cancel,,Teacher Experience [July 2025] [40% one-time / Modal],,08-09-2026,,08-09-2026,08-09-2026,08-09-2026,08-09-2026,,08-09-2026,08-09-2027
Wg88MZ7_b2025d35d15d72fe,AzZRz4VRkOKkv4VI2,,Students; fallback,,,[name],[name],,I don’t want my subscription to renew automatically,too_expensive_for_value_provided_1447236661,I don't want to commit to a subscription,i_dont_want_to_commit_to_a_subscription,,Pricing (eCommerce),pricing_ecommerce,3,,,u_f148bb2bfa3deb7d,,,,0,,,Canceled,2026-08-08T22:35:12.000Z,2026-08-08T22:35:29.000Z,2026-08-08T22:35:29.000Z,,39.67,2026-08-08T22:35:29.000Z,cancel,Valid Cancel,monthly,2026-09-08T22:33:20.000Z,2026-09-08T22:33:20.000Z,16.65,16.65,16.65,Brightback,,,,,,,AzZRz4VRkOKkv4VI2,2026-08-08T22:28:21.000Z,,2026-08-08T22:33:20.000Z,,h_fbdde3db0c696549,,1,2026-08-08T22:33:20.000Z,USD,u_f148bb2bfa3deb7d,ACTIVE,h_d45cebef7bb3e66b,[name],,,,2026-08-08T22:33:20.000Z,student,,1,monthly_plus,2026-08-08T22:33:20.000Z,_UNKNOWN,1665,MONTH,,,College,[name],2026-09-08T22:33:20.000Z,,1665,,2026-09-08T22:33:20.000Z,2026-08-08T22:33:20.000Z,1665,,,,,,Student Experience [July 2025] [25% one-time / No Entry Modal],,08-08-2026,,08-08-2026,08-08-2026,08-08-2026,08-08-2026,,08-08-2026,09-08-2026
Wg88Mnu_8245ed5f5a80dd35,16CJ66VRk6prD41wP,,fallback,,,[name],[name],,I don’t want my subscription to renew automatically,too_expensive_for_value_provided_1447236661,I don't want to commit to a subscription,i_dont_want_to_commit_to_a_subscription,,Pricing (eCommerce),pricing_ecommerce,8,,,u_4d584330648a9bc7,,,,0,,,Canceled,2026-08-08T22:49:58.000Z,2026-08-08T22:50:24.000Z,2026-08-08T22:50:24.000Z,,39.66,2026-08-08T22:50:24.000Z,cancel,Valid Cancel,monthly,2026-09-08T21:23:50.000Z,2026-09-08T21:23:50.000Z,16.65,16.65,16.65,Brightback,,,,,,,16CJ66VRk6prD41wP,2026-08-08T21:23:49.000Z,,2026-08-08T21:23:50.000Z,,h_54aaac8f53b7fe8d,,1,2026-08-08T21:23:50.000Z,USD,u_4d584330648a9bc7,ACTIVE,h_679a765df3084f46,[name],,,,2026-08-08T21:23:50.000Z,avid_reader,,1,monthly_plus,2026-08-08T21:23:50.000Z,_UNKNOWN,1665,MONTH,,,,[name],2026-09-08T21:23:50.000Z,,1665,,2026-09-08T21:23:50.000Z,2026-08-08T21:23:50.000Z,1665,,,,,,Default/Fallback [July 2025] [25% one time / No entry modal],,08-08-2026,,08-08-2026,08-08-2026,08-08-2026,08-08-2026,,08-08-2026,09-08-2026
Wg88LZO_87d7e62e99c101f0,6opxOVRk7eh54OBJ,,Students; fallback,,,[name],[name],,I don’t want my subscription to renew automatically,too_expensive_for_value_provided_1447236661,I don't want to commit to a subscription,i_dont_want_to_commit_to_a_subscription,,Pricing (eCommerce),pricing_ecommerce,1,Free resources ,,u_c219a697c320cfcc,,,,0,,,Canceled,2026-08-08T21:35:27.000Z,2026-08-08T21:36:07.000Z,2026-08-08T21:36:07.000Z,,39.71,2026-08-08T21:36:07.000Z,cancel,Valid Cancel,annual,2027-08-08T21:27:05.000Z,2027-08-08T21:27:05.000Z,3.0,3.0,36.0,Brightback,,,,,,,6opxOVRk7eh54OBJ,2026-08-08T21:27:04.000Z,,2026-08-08T21:27:05.000Z,,h_718fe90222a22e38,,1,2026-08-08T21:27:05.000Z,USD,u_c219a697c320cfcc,ACTIVE,h_45de4247ce7268ca,[name],,,,2026-08-08T21:27:05.000Z,student,,1,annual_essentials,2026-08-08T21:27:05.000Z,_UNKNOWN,3600,YEAR,,,Postgrad Program,[name],2027-08-08T21:27:05.000Z,,300,,2027-08-08T21:27:05.000Z,2026-08-08T21:27:05.000Z,3600,,,,,,Student Experience [July 2025] [25% one-time / No Entry Modal],,08-08-2026,,08-08-2026,08-08-2026,08-08-2026,08-08-2026,,08-08-2026,08-08-2027
Wg88LRx_a8516dc63f36688d,233869,,Parents; Annual,,,[name],[name],[name],I don’t want my subscription to renew automatically,too_expensive_for_value_provided_1447236661,I don't want to commit to a subscription,i_dont_want_to_commit_to_a_subscription,,Pricing (eCommerce),pricing_ecommerce,1,,,u_e06af279d6159e8d,,,,0,36.0,,Canceled,2026-08-08T21:28:16.000Z,2026-08-08T21:28:52.000Z,2026-08-08T21:28:52.000Z,,39.72,2026-08-08T21:28:52.000Z,cancel,Valid Cancel,annual,2027-08-03T14:31:46.000Z,2027-08-03T14:31:46.000Z,3.0,3.0,36.0,Brightback,,,,,,,233869,2022-08-03T14:31:45.000Z,,2022-08-03T14:31:46.000Z,,h_72473ac2c1f6e91f,,1,2022-08-03T14:31:46.000Z,USD,u_e06af279d6159e8d,ACTIVE,h_636aa9f102aab141,[name],36.0,annual,,2026-08-03T14:31:46.000Z,parent_of_student,,1,annual,2022-08-03T14:31:46.000Z,_UNKNOWN,3600,YEAR,annual,,High School,[name],2027-08-03T14:31:46.000Z,,300,,2027-08-03T14:31:46.000Z,2022-08-03T14:31:46.000Z,3600,[name],,https://www.supersummary.com/subscription,https://www.supersummary.com/subscription/confirming/cancel,,Parent Experience [July 2025] [25% one-time / Modal],,08-03-2022,,08-08-2026,08-03-2022,08-03-2022,08-03-2022,,08-03-2022,08-03-2027
Wg88LOb_a40fce81d061ee16,16A6aDTmNZrCn5M6d,,Teachers; Annual,,,[name],[name],,I don’t want my subscription to renew automatically,too_expensive_for_value_provided_1447236661,I don't want to commit to a subscription,i_dont_want_to_commit_to_a_subscription,,Pricing (eCommerce),pricing_ecommerce,5,,,u_a60947eecb43fcf6,,,,0,,,Canceled,2026-08-08T21:24:42.000Z,2026-08-08T21:25:25.000Z,2026-08-08T21:25:25.000Z,,39.72,2026-08-08T21:25:25.000Z,cancel,Valid Cancel,annual,2027-08-08T21:20:09.000Z,2027-08-08T21:20:09.000Z,3.0,3.0,36.0,Brightback,,,,,,,16A6aDTmNZrCn5M6d,2023-08-08T21:19:43.000Z,,2023-08-08T21:20:09.000Z,,h_fe9cc2b6ba26c0e5,,1,2023-08-08T21:20:09.000Z,USD,u_a60947eecb43fcf6,ACTIVE,h_68a30fde6245d150,[name],,,,2026-08-08T21:20:09.000Z,teacher,,1,annual,2023-08-08T21:20:09.000Z,_UNKNOWN,3600,YEAR,,,Middle School,[name],2027-08-08T21:20:09.000Z,,300,,2027-08-08T21:20:09.000Z,2023-08-08T21:20:09.000Z,3600,,,,,,Teacher Experience [July 2025] [40% one-time / Modal],,08-08-2023,,08-08-2026,08-08-2023,08-08-2023,08-08-2023,,08-08-2023,08-08-2027
Wg88Jhj_835e937426656845,AzqKgFV7UV5nwDlU,,Students; fallback,,,[name],[name],,I don’t want my subscription to renew automatically,too_expensive_for_value_provided_1447236661,I don't want to commit to a subscription,i_dont_want_to_commit_to_a_subscription,,Pricing (eCommerce),pricing_ecommerce,5,,,u_fd045a02516ae70b,,,,0,,,Canceled,2026-08-08T19:43:52.000Z,2026-08-08T19:44:32.000Z,2026-08-08T19:44:33.000Z,,39.79,2026-08-08T19:44:33.000Z,cancel,Valid Cancel,annual,2027-01-06T03:42:13.000Z,2027-01-06T03:42:13.000Z,5.0,5.0,60.0,Brightback,,,,,,,AzqKgFV7UV5nwDlU,2026-01-06T03:42:11.000Z,,2026-01-06T03:42:13.000Z,,h_d47c210721ab2513,,1,2026-01-06T03:42:13.000Z,USD,u_fd045a02516ae70b,ACTIVE,h_a79b166891969d4c,[name],,,,2026-01-06T03:42:13.000Z,student,,1,annual_plus,2026-01-06T03:42:13.000Z,_UNKNOWN,6000,YEAR,,,Postgrad Program,[name],2027-01-06T03:42:13.000Z,,500,,2027-01-06T03:42:13.000Z,2026-01-06T03:42:13.000Z,6000,,,,,,Student Experience [July 2025] [25% one-time / No Entry Modal],,01-06-2026,,08-08-2026,01-06-2026,01-06-2026,01-06-2026,,01-06-2026,01-06-2027
Wg88HWn_93161c0917187a19,16BlI5UUD5RRh3Q2L,,Students; Annual,,,[name],[name],,I don’t want my subscription to renew automatically,too_expensive_for_value_provided_1447236661,I don't want to commit to a subscription,i_dont_want_to_commit_to_a_subscription,,Pricing (eCommerce),pricing_ecommerce,6,,,u_331a1b61e44400d8,,,,0,,,Canceled,2026-08-08T17:32:52.000Z,2026-08-08T17:33:45.000Z,2026-08-08T17:33:46.000Z,,39.88,2026-08-08T17:33:46.000Z,cancel,Valid Cancel,annual,2026-11-15T15:27:22.000Z,2026-11-15T15:27:22.000Z,3.0,3.0,36.0,Brightback,,,,,,,16BlI5UUD5RRh3Q2L,2024-11-15T15:27:20.000Z,,2024-11-15T15:27:22.000Z,,h_b7e1303ef4128f75,,1,2024-11-15T15:27:22.000Z,USD,u_331a1b61e44400d8,ACTIVE,h_cb305aac697fb077,[name],,,,2025-11-15T15:27:22.000Z,student,,1,annual,2024-11-15T15:27:22.000Z,_UNKNOWN,3600,YEAR,,,College,[name],2026-11-15T15:27:22.000Z,,300,,2026-11-15T15:27:22.000Z,2024-11-15T15:27:22.000Z,3600,,,,,,Student Experience [July 2025] [25% one-time / No Entry Modal],,11-15-2024,,08-08-2026,11-15-2024,11-15-2024,11-15-2024,,11-15-2024,11-15-2026
Wg88HBj_85644fc6fa675324,394349,,Parents; Annual,,,[name],[name],[name],I don’t want my subscription to renew automatically,too_expensive_for_value_provided_1447236661,I don't want to commit to a subscription,i_dont_want_to_commit_to_a_subscription,,Pricing (eCommerce),pricing_ecommerce,6,,,u_4b5394933ac69e30,,,,0,36.0,,Canceled,2026-08-08T17:12:10.000Z,2026-08-08T17:12:58.000Z,2026-08-08T17:12:58.000Z,,39.89,2026-08-08T17:12:58.000Z,cancel,Valid Cancel,annual,2027-08-06T17:12:01.000Z,2027-08-06T17:12:01.000Z,3.0,3.0,36.0,Brightback,,,,,,,394349,2023-08-06T17:11:59.000Z,,2023-08-06T17:12:01.000Z,,h_32f81e3f03f87bbc,,1,2023-08-06T17:12:01.000Z,USD,u_4b5394933ac69e30,ACTIVE,h_68e5cbba1ac2a1ef,[name],36.0,annual,,2026-08-06T17:12:01.000Z,parent_of_student,,1,annual,2023-08-06T17:12:01.000Z,_UNKNOWN,3600,YEAR,annual,,other,[name],2027-08-06T17:12:01.000Z,,300,,2027-08-06T17:12:01.000Z,2023-08-06T17:12:01.000Z,3600,[name],,https://www.supersummary.com/subscription,https://www.supersummary.com/subscription/confirming/cancel,,Parent Experience [July 2025] [25% one-time / Modal],,08-06-2023,,08-08-2026,08-06-2023,08-06-2023,08-06-2023,,08-06-2023,08-06-2027
Wg883Rj_b60a44ba1ba521e8,AzyuF2VQtlFgH3IQZ,,Book Club Members; fallback,,,[name],[name],,I don’t want my subscription to renew automatically,too_expensive_for_value_provided_1447236661,I don't want to commit to a subscription,i_dont_want_to_commit_to_a_subscription,,Pricing (eCommerce),pricing_ecommerce,3,,,u_e75607bf12e5c0bf,,,,0,,,Canceled,2026-08-08T03:29:06.000Z,2026-08-08T03:29:43.000Z,2026-08-08T03:29:44.000Z,,40.46,2026-08-08T03:29:44.000Z,cancel,Valid Cancel,annual,2027-07-30T22:31:56.000Z,2027-07-30T22:31:56.000Z,5.0,5.0,60.0,Brightback,,,,,,,AzyuF2VQtlFgH3IQZ,2026-07-30T22:31:55.000Z,,2026-07-30T22:31:56.000Z,,h_29b980709068bd92,,1,2026-07-30T22:31:56.000Z,USD,u_e75607bf12e5c0bf,ACTIVE,h_e84922b16461d97f,[name],,,,2026-07-30T22:31:56.000Z,book_club_member,,1,annual_plus,2026-07-30T22:31:56.000Z,_UNKNOWN,6000,YEAR,,,,[name],2027-07-30T22:31:56.000Z,,500,,2027-07-30T22:31:56.000Z,2026-07-30T22:31:56.000Z,6000,,,,,,BCM Experience [July 2025] [25% one-time / No Entry Modal],,07-30-2026,,08-08-2026,07-30-2026,07-30-2026,07-30-2026,,07-30-2026,07-30-2027
Wg883C6_bebc885f441a0e67,Azq6woVR3dldd5ePS,,Students; fallback,,,[name],[name],,I don’t want my subscription to renew automatically,too_expensive_for_value_provided_1447236661,I don't want to commit to a subscription,i_dont_want_to_commit_to_a_subscription,,Pricing (eCommerce),pricing_ecommerce,7,,,u_2f6e7811b7a2257e,,,,0,,,Canceled,2026-08-08T03:12:10.000Z,2026-08-08T03:13:56.000Z,2026-08-08T03:13:56.000Z,,40.48,2026-08-08T03:13:56.000Z,cancel,Valid Cancel,monthly,2026-09-01T15:04:56.000Z,2026-09-01T15:04:56.000Z,9.95,9.95,9.95,Brightback,,,,,,,Azq6woVR3dldd5ePS,2026-03-28T11:24:53.000Z,,2026-08-01T15:04:56.000Z,,h_c0b15327b6aefebf,,1,2026-08-01T15:04:56.000Z,USD,u_2f6e7811b7a2257e,ACTIVE,h_1779a50513ab5185,[name],,,,2026-08-01T15:04:56.000Z,student,,1,monthly_essentials,2026-08-01T15:04:56.000Z,_UNKNOWN,995,MONTH,,,College,[name],2026-09-01T15:04:56.000Z,,995,,2026-09-01T15:04:56.000Z,2026-08-01T15:04:56.000Z,995,,,,,,Student Experience [July 2025] [25% one-time / No Entry Modal],,08-01-2026,,08-08-2026,08-01-2026,08-01-2026,03-28-2026,,08-01-2026,09-01-2026
Wg883b3_b36974ddb7a183ec,1584495,,Book Club Members; fallback,,,[name],[name],[name],I don’t want my subscription to renew automatically,too_expensive_for_value_provided_1447236661,I don't want to commit to a subscription,i_dont_want_to_commit_to_a_subscription,,Pricing (eCommerce),pricing_ecommerce,5,,,u_d3a3ceaf025a9552,I have retired and I do not think I will need it. ,,,1,60.0,,Canceled,2026-08-08T03:37:15.000Z,2026-08-08T03:38:10.000Z,2026-08-08T03:38:10.000Z,,40.46,2026-08-08T03:38:10.000Z,cancel,Valid Cancel,annual,2027-04-02T19:26:03.000Z,2027-04-02T19:26:03.000Z,5.0,5.0,60.0,Brightback,,,,,,,1584495,2026-04-02T19:26:00.000Z,,2026-04-02T19:26:03.000Z,,h_b7f9a46ecc750908,,1,2026-04-02T19:26:03.000Z,USD,u_d3a3ceaf025a9552,ACTIVE,h_9ceb8b3e68aeb36f,[name],60.0,annual_plus,,2026-04-02T19:26:03.000Z,book_club_member,,1,annual_plus,2026-04-02T19:26:03.000Z,_UNKNOWN,6000,YEAR,annual_plus,,,[name],2027-04-02T19:26:03.000Z,,500,,2027-04-02T19:26:03.000Z,2026-04-02T19:26:03.000Z,6000,[name],,https://www.supersummary.com/subscription,https://www.supersummary.com/subscription/confirming/cancel,,BCM Experience [July 2025] [25% one-time / No Entry Modal],,04-02-2026,,08-08-2026,04-02-2026,04-02-2026,04-02-2026,,04-02-2026,04-02-2027
Wg881vg_8a968c47f96dcfe9,1278915,,Book Club Members; Annual,,,[name],[name],[name],I don’t want my subscription to renew automatically,too_expensive_for_value_provided_1447236661,I don't want to commit to a subscription,i_dont_want_to_commit_to_a_subscription,,Pricing (eCommerce),pricing_ecommerce,2,Google,,u_fa6ba91faa2dabcc,Cancel subscription now and refund my payment ,,,1,36.0,,Canceled,2026-08-08T01:57:53.000Z,2026-08-08T01:59:40.000Z,2026-08-08T01:59:40.000Z,,40.53,2026-08-08T01:59:40.000Z,cancel,Valid Cancel,annual,2027-08-07T18:28:21.000Z,2027-08-07T18:28:21.000Z,3.0,3.0,36.0,Brightback,,,,,,,1278915,2025-08-07T18:28:19.000Z,,2025-08-07T18:28:21.000Z,,h_4b9fcc5e7e3d40a8,,1,2025-08-07T18:28:21.000Z,USD,u_fa6ba91faa2dabcc,ACTIVE,h_637ba11438f6ead3,[name],36.0,annual,,2026-08-07T18:28:21.000Z,book_club_member,,1,annual,2025-08-07T18:28:21.000Z,_UNKNOWN,3600,YEAR,annual,,,[name],2027-08-07T18:28:21.000Z,,300,,2027-08-07T18:28:21.000Z,2025-08-07T18:28:21.000Z,3600,[name],,https://www.supersummary.com/subscription,https://www.supersummary.com/subscription/confirming/cancel,,BCM Experience [July 2025] [25% one-time / No Entry Modal],,08-07-2025,,08-08-2026,08-07-2025,08-07-2025,08-07-2025,,08-07-2025,08-07-2027
Wg87Kr9_a728c8c25b856833,621930,,Parents; Annual,,,[name],[name],[name],I don’t want my subscription to renew automatically,too_expensive_for_value_provided_1447236661,I don't want to commit to a subscription,i_dont_want_to_commit_to_a_subscription,,Pricing (eCommerce),pricing_ecommerce,3,nothing,,u_c9f67ff556f59078,not needed,,,1,36.0,,Canceled,2026-08-07T20:53:27.000Z,2026-08-07T20:54:11.000Z,2026-09-16T20:41:11.000Z,,40.74,2026-09-16T20:41:11.000Z,cancel,Valid Cancel,annual,2027-08-06T17:49:49.000Z,2027-08-06T17:49:49.000Z,3.0,3.0,36.0,Brightback,,,,,,,621930,2024-08-06T17:49:46.000Z,,2024-08-06T17:49:49.000Z,,h_5d48f5287ac05b64,,1,2024-08-06T17:49:49.000Z,USD,u_c9f67ff556f59078,ACTIVE,h_db5b2add37814a2c,[name],36.0,annual,,2026-08-06T17:49:49.000Z,parent_of_student,,1,annual,2024-08-06T17:49:49.000Z,_UNKNOWN,3600,YEAR,annual,,College,[name],2027-08-06T17:49:49.000Z,,300,,2027-08-06T17:49:49.000Z,2024-08-06T17:49:49.000Z,3600,[name],,https://www.supersummary.com/subscription,https://www.supersummary.com/subscription/confirming/cancel,,Parent Experience [July 2025] [25% one-time / Modal],,08-06-2024,,08-07-2026,08-06-2024,08-06-2024,08-06-2024,,08-06-2024,08-06-2027
Wg87KlP_8e05bcd5ab09e7ca,169xoVU9pf57z1A44,,Book Club Members; Annual,,,[name],[name],,I don’t want my subscription to renew automatically,too_expensive_for_value_provided_1447236661,I don't want to commit to a subscription,i_dont_want_to_commit_to_a_subscription,,Pricing (eCommerce),pricing_ecommerce,3,,,u_09feb5503966f5e5,,,,0,,,Canceled,2026-08-07T20:47:29.000Z,2026-08-07T20:48:09.000Z,2026-08-07T20:48:10.000Z,,40.74,2026-08-07T20:48:10.000Z,cancel,Valid Cancel,annual,2027-04-13T13:40:47.000Z,2027-04-13T13:40:47.000Z,3.0,3.0,36.0,Brightback,,,,,,,169xoVU9pf57z1A44,2024-04-13T13:40:44.000Z,,2024-04-13T13:40:47.000Z,,h_e593fb9b945b7241,,1,2024-04-13T13:40:47.000Z,USD,u_09feb5503966f5e5,ACTIVE,h_84816217efccf048,[name],,,,2026-04-13T13:40:47.000Z,book_club_member,,1,annual,2024-04-13T13:40:47.000Z,_UNKNOWN,3600,YEAR,,,,[name],2027-04-13T13:40:47.000Z,,300,,2027-04-13T13:40:47.000Z,2024-04-13T13:40:47.000Z,3600,,,,,,BCM Experience [July 2025] [25% one-time / No Entry Modal],,04-13-2024,,08-07-2026,04-13-2024,04-13-2024,04-13-2024,,04-13-2024,04-13-2027
Wg87KAO_9c9e8e6a74ee2ac8,1672698,,Students; fallback,,,[name],[name],[name],I don’t want my subscription to renew automatically,too_expensive_for_value_provided_1447236661,I don't want to commit to a subscription,i_dont_want_to_commit_to_a_subscription,,Pricing (eCommerce),pricing_ecommerce,3,,,u_c5101a9704ea4e5d,,,,0,9.95,,Canceled,2026-08-07T20:10:34.000Z,2026-08-07T20:10:58.000Z,2026-08-07T20:10:58.000Z,,40.77,2026-08-07T20:10:58.000Z,cancel,Valid Cancel,monthly,2026-08-11T21:50:25.000Z,2026-08-11T21:50:25.000Z,9.95,9.95,9.95,Brightback,,,,,,,1672698,2026-06-11T21:49:48.000Z,,2026-06-11T21:50:25.000Z,,h_ad19aeb4e5b87c90,,1,2026-06-11T21:50:25.000Z,USD,u_c5101a9704ea4e5d,ACTIVE,h_58292ce017bfb725,[name],9.95,monthly_essentials,,2026-07-11T21:50:25.000Z,student,,1,monthly_essentials,2026-06-11T21:50:25.000Z,_UNKNOWN,995,MONTH,monthly_essentials,,Postgrad Program,[name],2026-08-11T21:50:25.000Z,,995,,2026-08-11T21:50:25.000Z,2026-06-11T21:50:25.000Z,995,[name],,https://www.supersummary.com/subscription,https://www.supersummary.com/subscription/confirming/cancel,,Student Experience [July 2025] [25% one-time / No Entry Modal],,06-11-2026,,08-07-2026,06-11-2026,06-11-2026,06-11-2026,,06-11-2026,08-11-2026
Wg87IXt_adcd0dc10f269987,1719515,,fallback,,,[name],[name],[name],I don’t want my subscription to renew automatically,too_expensive_for_value_provided_1447236661,I don't want to commit to a subscription,i_dont_want_to_commit_to_a_subscription,,Pricing (eCommerce),pricing_ecommerce,3,,,u_97f1fa93970795d7,,,,0,36.0,,Canceled,2026-08-07T18:34:19.000Z,2026-08-07T18:34:46.000Z,2026-08-07T18:34:46.000Z,,40.84,2026-08-07T18:35:15.000Z,cancel,Valid Cancel,annual,2027-08-07T18:20:22.000Z,2027-08-07T18:20:22.000Z,3.0,3.0,36.0,Brightback,,,,,,,1719515,2026-08-07T18:20:19.000Z,,2026-08-07T18:20:22.000Z,,h_d729acc97e56485b,,1,2026-08-07T18:20:22.000Z,USD,u_97f1fa93970795d7,ACTIVE,h_21d1312967872f72,[name],36.0,annual_essentials,,2026-08-07T18:20:22.000Z,other,,1,annual_essentials,2026-08-07T18:20:22.000Z,_UNKNOWN,3600,YEAR,annual_essentials,,,[name],2027-08-07T18:20:22.000Z,,300,,2027-08-07T18:20:22.000Z,2026-08-07T18:20:22.000Z,3600,[name],,https://www.supersummary.com/subscription,https://www.supersummary.com/subscription/confirming/cancel,,Default/Fallback [July 2025] [25% one time / No entry modal],,08-07-2026,,08-07-2026,08-07-2026,08-07-2026,08-07-2026,,08-07-2026,08-07-2027
Wg87H34_bf42fef30bd28db9,16CJ66VRdAnMeLJx,,Book Club Members; fallback,,,[name],[name],,I don’t want my subscription to renew automatically,too_expensive_for_value_provided_1447236661,I don't want to commit to a subscription,i_dont_want_to_commit_to_a_subscription,,Pricing (eCommerce),pricing_ecommerce,6,,,u_6818931b9344faa5,,,,0,,,Canceled,2026-08-07T17:03:06.000Z,2026-08-07T17:03:34.000Z,2026-08-07T17:03:35.000Z,,40.9,2026-08-07T17:03:35.000Z,cancel,Valid Cancel,monthly,2026-09-07T16:55:39.000Z,2026-09-07T16:55:39.000Z,16.65,16.65,16.65,Brightback,,,,,,,16CJ66VRdAnMeLJx,2026-08-07T16:55:37.000Z,,2026-08-07T16:55:39.000Z,,h_221838e26579ffb2,,1,2026-08-07T16:55:39.000Z,USD,u_6818931b9344faa5,ACTIVE,h_010fb1ca5091618c,[name],,,,2026-08-07T16:55:39.000Z,book_club_member,,1,monthly_plus,2026-08-07T16:55:39.000Z,_UNKNOWN,1665,MONTH,,,,[name],2026-09-07T16:55:39.000Z,,1665,,2026-09-07T16:55:39.000Z,2026-08-07T16:55:39.000Z,1665,,,,,,BCM Experience [July 2025] [25% one-time / No Entry Modal],,08-07-2026,,08-07-2026,08-07-2026,08-07-2026,08-07-2026,,08-07-2026,09-07-2026
Wg87EtH_9f8da3e8ef257294,169lG4UiKPbLs2ZOo,,Students; Annual,,,[name],[name],,I don’t want my subscription to renew automatically,too_expensive_for_value_provided_1447236661,I don't want to commit to a subscription,i_dont_want_to_commit_to_a_subscription,,Pricing (eCommerce),pricing_ecommerce,1,,,u_d617d108fa148b0e,,,,0,,,Canceled,2026-08-07T14:55:52.000Z,2026-08-07T14:56:42.000Z,2026-08-07T14:56:42.000Z,,40.99,2026-08-07T14:56:42.000Z,cancel,Valid Cancel,annual,2027-04-14T08:15:40.000Z,2027-04-14T08:15:40.000Z,3.0,3.0,36.0,Brightback,,,,,,,169lG4UiKPbLs2ZOo,2025-04-14T08:15:37.000Z,,2025-04-14T08:15:40.000Z,,h_7008a3b23c79b96b,,1,2025-04-14T08:15:40.000Z,USD,u_d617d108fa148b0e,ACTIVE,h_7ce9fa99ad9ed6cb,[name],,,,2026-04-14T08:15:40.000Z,student,,1,annual,2025-04-14T08:15:40.000Z,_UNKNOWN,3600,YEAR,,,High School,[name],2027-04-14T08:15:40.000Z,,300,,2027-04-14T08:15:40.000Z,2025-04-14T08:15:40.000Z,3600,,,,,,Student Experience [July 2025] [25% one-time / No Entry Modal],,04-14-2025,,08-07-2026,04-14-2025,04-14-2025,04-14-2025,,04-14-2025,04-14-2027
Wg87Bw4_8fec3938243742e5,AzyoZ3VRbpo9P1HAZ,,fallback,,,[name],[name],,I don’t want my subscription to renew automatically,too_expensive_for_value_provided_1447236661,I don't want to commit to a subscription,i_dont_want_to_commit_to_a_subscription,,Pricing (eCommerce),pricing_ecommerce,10,Nothing. I just don’t want an auto renewal,,u_65d553dba2bee940,Non-renewal option ,,,1,,,Canceled,2026-08-07T11:58:08.000Z,2026-08-07T11:59:25.000Z,2026-08-07T11:59:25.000Z,,41.11,2026-08-07T11:59:25.000Z,cancel,Valid Cancel,annual,2027-08-07T11:26:01.000Z,2027-08-07T11:26:01.000Z,3.0,3.0,36.0,Brightback,,,,,,,AzyoZ3VRbpo9P1HAZ,2025-07-19T02:43:35.000Z,,2026-08-07T11:26:01.000Z,,h_c5dc903868e58377,,1,2026-08-07T11:26:01.000Z,USD,u_65d553dba2bee940,ACTIVE,h_70ee92c8f5ddbe4a,[name],,,,2026-08-07T11:26:01.000Z,other,,1,annual_essentials,2026-08-07T11:26:01.000Z,_UNKNOWN,3600,YEAR,,,,[name],2027-08-07T11:26:01.000Z,,300,,2027-08-07T11:26:01.000Z,2026-08-07T11:26:01.000Z,3600,,,,,,Default/Fallback [July 2025] [25% one time / No entry modal],,08-07-2026,,08-07-2026,08-07-2026,08-07-2026,07-19-2025,,08-07-2026,08-07-2027
Wg87B8D_9cbdcda435106c52,AzZfASUK0bU8p2ZHH,,Students; Annual,,,[name],[name],,I don’t want my subscription to renew automatically,too_expensive_for_value_provided_1447236661,I don't want to commit to a subscription,i_dont_want_to_commit_to_a_subscription,,Pricing (eCommerce),pricing_ecommerce,10,I will use it again once the school year starts ,,u_9a0a5f936d6a4ee5,Perfect,,,1,,,Canceled,2026-08-07T11:08:17.000Z,2026-08-07T11:13:37.000Z,2026-08-07T11:13:46.000Z,,41.15,2026-08-07T11:13:46.000Z,cancel,Valid Cancel,annual,2027-07-30T11:24:18.000Z,2027-07-30T11:24:18.000Z,3.0,3.0,36.0,Brightback,,,,,,,AzZfASUK0bU8p2ZHH,2024-07-30T11:24:16.000Z,,2024-07-30T11:24:18.000Z,,h_83c4a6631e6675e3,,1,2024-07-30T11:24:18.000Z,USD,u_9a0a5f936d6a4ee5,ACTIVE,h_402a5495734cd2dc,[name],,,,2026-07-30T11:24:18.000Z,student,,1,annual,2024-07-30T11:24:18.000Z,_UNKNOWN,3600,YEAR,,,other,[name],2027-07-30T11:24:18.000Z,,300,,2027-07-30T11:24:18.000Z,2024-07-30T11:24:18.000Z,3600,,,,,,Student Experience [July 2025] [25% one-time / No Entry Modal],,07-30-2024,,08-07-2026,07-30-2024,07-30-2024,07-30-2024,,07-30-2024,07-30-2027
Wg874Xg_b64cbf9eb4d2819d,AzqD62V49CVL52Rye,,Teachers; fallback,,,[name],[name],,I don’t want my subscription to renew automatically,too_expensive_for_value_provided_1447236661,I don't want to commit to a subscription,i_dont_want_to_commit_to_a_subscription,,Pricing (eCommerce),pricing_ecommerce,6,,,u_a0907abd6773c402,,,,0,,,Canceled,2026-08-07T04:34:06.000Z,2026-08-07T04:35:29.000Z,2026-08-09T22:52:27.000Z,,41.42,2026-08-09T22:52:27.000Z,cancel,Valid Cancel,monthly,2026-09-01T16:50:01.000Z,2026-09-01T16:50:01.000Z,16.65,16.65,16.65,Brightback,,,,,,,AzqD62V49CVL52Rye,2025-12-01T16:49:59.000Z,,2025-12-01T16:50:01.000Z,,h_c3dd43a4cc86742c,,1,2025-12-01T16:50:01.000Z,USD,u_a0907abd6773c402,ACTIVE,h_c108d03044cc4803,[name],,,,2026-08-01T16:50:01.000Z,teacher,,1,monthly_plus,2025-12-01T16:50:01.000Z,_UNKNOWN,1665,MONTH,,,Middle School,[name],2026-09-01T16:50:01.000Z,,1665,,2026-09-01T16:50:01.000Z,2025-12-01T16:50:01.000Z,1665,,,,,,Teacher Experience [July 2025] [40% one-time / Modal],,12-01-2025,,08-07-2026,12-01-2025,12-01-2025,12-01-2025,,12-01-2025,09-01-2026
Wg86KPe_a320048e1d3ac967,1677926,,Students; fallback,,,[name],[name],[name],I don’t want my subscription to renew automatically,too_expensive_for_value_provided_1447236661,I don't want to commit to a subscription,i_dont_want_to_commit_to_a_subscription,,Pricing (eCommerce),pricing_ecommerce,5,I will read the book instead,,u_866cc09cfcf96218,"Make it more indepth with examples and summary
",,,1,60.0,,Canceled,2026-08-06T20:25:51.000Z,2026-08-06T20:27:22.000Z,2026-08-06T20:27:22.000Z,,41.76,2026-08-06T20:28:41.000Z,cancel,Valid Cancel,annual,2027-06-17T20:56:26.000Z,2027-06-17T20:56:26.000Z,5.0,5.0,60.0,Brightback,,,,,,,1677926,2026-06-17T20:56:24.000Z,,2026-06-17T20:56:26.000Z,,h_a2f4e9eb07105419,,1,2026-06-17T20:56:26.000Z,USD,u_866cc09cfcf96218,ACTIVE,h_741ef9fe4137ff13,[name],60.0,annual_plus,,2026-06-17T20:56:26.000Z,student,,1,annual_plus,2026-06-17T20:56:26.000Z,_UNKNOWN,6000,YEAR,annual_plus,,College,[name],2027-06-17T20:56:26.000Z,,500,,2027-06-17T20:56:26.000Z,2026-06-17T20:56:26.000Z,6000,[name],,https://www.supersummary.com/subscription,https://www.supersummary.com/subscription/confirming/cancel,,Student Experience [July 2025] [25% one-time / No Entry Modal],,06-17-2026,,08-06-2026,06-17-2026,06-17-2026,06-17-2026,,06-17-2026,06-17-2027
Wg86KBj_8ea2913700ecd0ad,AzZLeFVQE91t22Zu6,,Students; fallback,,,[name],[name],,I don’t want my subscription to renew automatically,too_expensive_for_value_provided_1447236661,I don't want to commit to a subscription,i_dont_want_to_commit_to_a_subscription,,Pricing (eCommerce),pricing_ecommerce,10,,,u_b033483ff1398e31,,,,0,,,Canceled,2026-08-06T20:11:48.000Z,2026-08-06T20:12:07.000Z,2026-08-06T20:12:07.000Z,,41.77,2026-08-06T20:12:07.000Z,cancel,Valid Cancel,monthly,2026-08-23T19:42:57.000Z,2026-08-23T19:42:57.000Z,9.95,9.95,9.95,Brightback,,,,,,,AzZLeFVQE91t22Zu6,2026-07-23T19:42:55.000Z,,2026-07-23T19:42:57.000Z,,h_4efbde84f933c12d,,1,2026-07-23T19:42:57.000Z,USD,u_b033483ff1398e31,ACTIVE,h_cc5a35a5e5133652,[name],,,,2026-07-23T19:42:57.000Z,student,,1,monthly_essentials,2026-07-23T19:42:57.000Z,_UNKNOWN,995,MONTH,,,College,[name],2026-08-23T19:42:57.000Z,,995,,2026-08-23T19:42:57.000Z,2026-07-23T19:42:57.000Z,995,,,,,,Student Experience [July 2025] [25% one-time / No Entry Modal],,07-23-2026,,08-06-2026,07-23-2026,07-23-2026,07-23-2026,,07-23-2026,08-23-2026
Wg86HjS_8f1e8e793123e601,116615,,Parents; Annual,,,[name],[name],[name],I don’t want my subscription to renew automatically,too_expensive_for_value_provided_1447236661,I don't want to commit to a subscription,i_dont_want_to_commit_to_a_subscription,,Pricing (eCommerce),pricing_ecommerce,3,"nothing, my child graduated",,u_53b1d21572d4444b,,,,0,36.0,,Canceled,2026-08-06T17:47:00.000Z,2026-08-06T17:49:37.000Z,2026-08-06T17:49:37.000Z,,41.87,2026-08-06T17:49:37.000Z,cancel,Valid Cancel,annual,2026-10-30T15:14:25.000Z,2026-10-30T15:14:25.000Z,3.0,3.0,36.0,Brightback,,,,,,,116615,2021-10-30T15:14:24.000Z,,2021-10-30T15:14:25.000Z,,h_1f315f0aeabccc6b,,1,2021-10-30T15:14:25.000Z,USD,u_53b1d21572d4444b,ACTIVE,h_6c933365a9affffb,[name],36.0,annual,,2025-10-30T15:14:25.000Z,parent_of_student,,1,annual,2021-10-30T15:14:25.000Z,_UNKNOWN,3600,YEAR,annual,,High School,[name],2026-10-30T15:14:25.000Z,,300,,2026-10-30T15:14:25.000Z,2021-10-30T15:14:25.000Z,3600,[name],,https://www.supersummary.com/subscription,https://www.supersummary.com/subscription/confirming/cancel,,Parent Experience [July 2025] [25% one-time / Modal],,10-30-2021,,08-06-2026,10-30-2021,10-30-2021,10-30-2021,,10-30-2021,10-30-2026
Wg86HFj_8efa969a45259a54,AzqOz8VRS8ETzoBJ,,Book Club Members; fallback,,,[name],[name],,I don’t want my subscription to renew automatically,too_expensive_for_value_provided_1447236661,I don't want to commit to a subscription,i_dont_want_to_commit_to_a_subscription,,Pricing (eCommerce),pricing_ecommerce,7,,,u_3180af21d700f908,,,,0,,,Canceled,2026-08-06T17:15:46.000Z,2026-08-06T17:16:04.000Z,2026-08-06T17:16:04.000Z,,41.89,2026-08-06T17:16:04.000Z,cancel,Valid Cancel,annual,2027-08-05T19:36:29.000Z,2027-08-05T19:36:29.000Z,3.0,3.0,36.0,Brightback,,,,,,,AzqOz8VRS8ETzoBJ,2026-08-05T19:36:27.000Z,,2026-08-05T19:36:29.000Z,,h_9a081f6de5f5bee2,,1,2026-08-05T19:36:29.000Z,USD,u_3180af21d700f908,ACTIVE,h_431ebe4b6b99ef84,[name],,,,2026-08-05T19:36:29.000Z,book_club_member,,1,annual_essentials,2026-08-05T19:36:29.000Z,_UNKNOWN,3600,YEAR,,,,[name],2027-08-05T19:36:29.000Z,,300,,2027-08-05T19:36:29.000Z,2026-08-05T19:36:29.000Z,3600,,,,,,BCM Experience [July 2025] [25% one-time / No Entry Modal],,08-05-2026,,08-06-2026,08-05-2026,08-05-2026,08-05-2026,,08-05-2026,08-05-2027
Wg86ESW_80653e23b48228a9,648792,,Teachers; Annual,,,[name],[name],[name],I don’t want my subscription to renew automatically,too_expensive_for_value_provided_1447236661,I don't want to commit to a subscription,i_dont_want_to_commit_to_a_subscription,,Pricing (eCommerce),pricing_ecommerce,5,,,u_aecb51bcbbfa5ad8,,,,0,36.0,,Canceled,2026-08-06T14:28:47.000Z,2026-08-06T14:29:06.000Z,2026-08-06T14:29:06.000Z,,42.01,2026-08-06T14:29:06.000Z,cancel,Valid Cancel,annual,2026-09-03T13:06:13.000Z,,3.0,3.0,36.0,Brightback,,,,,,,648792,2024-09-03T13:06:11.000Z,,2024-09-03T13:06:13.000Z,,h_de683d30ce630b47,,1,2024-09-03T13:06:13.000Z,USD,u_aecb51bcbbfa5ad8,NON_RENEWING,h_b88315d060d28bf6,[name],36.0,annual,,2025-09-03T13:06:13.000Z,teacher,,1,annual,2024-09-03T13:06:13.000Z,_UNKNOWN,3600,YEAR,annual,,Middle School,[name],,,300,,2026-09-03T13:06:13.000Z,2024-09-03T13:06:13.000Z,3600,[name],,https://www.supersummary.com/subscription,https://www.supersummary.com/subscription/confirming/cancel,,Teacher Experience [July 2025] [40% one-time / Modal],,09-03-2024,,08-06-2026,09-03-2024,09-03-2024,09-03-2024,,09-03-2024,
Wg86ERR_9249e96a8a9fc906,AzZfGRUNJfXYs2iWi,,Teachers; Annual,,,[name],[name],,I don’t want my subscription to renew automatically,too_expensive_for_value_provided_1447236661,I don't want to commit to a subscription,i_dont_want_to_commit_to_a_subscription,,Pricing (eCommerce),pricing_ecommerce,5,,,u_aecb51bcbbfa5ad8,,,,0,,,Canceled,2026-08-06T14:27:40.000Z,2026-08-06T14:28:22.000Z,2026-08-06T14:28:22.000Z,,42.01,2026-08-06T14:28:22.000Z,cancel,Valid Cancel,annual,2026-09-03T13:06:13.000Z,2026-09-03T13:06:13.000Z,3.0,3.0,36.0,Brightback,,,,,,,AzZfGRUNJfXYs2iWi,2024-09-03T13:06:11.000Z,,2024-09-03T13:06:13.000Z,,h_de683d30ce630b47,,1,2024-09-03T13:06:13.000Z,USD,u_aecb51bcbbfa5ad8,ACTIVE,h_b88315d060d28bf6,[name],,,,2025-09-03T13:06:13.000Z,teacher,,1,annual,2024-09-03T13:06:13.000Z,_UNKNOWN,3600,YEAR,,,Middle School,[name],2026-09-03T13:06:13.000Z,,300,,2026-09-03T13:06:13.000Z,2024-09-03T13:06:13.000Z,3600,,,,,,Teacher Experience [July 2025] [40% one-time / Modal],,09-03-2024,,08-06-2026,09-03-2024,09-03-2024,09-03-2024,,09-03-2024,09-03-2026
Wg86DNO_94dec39f4d4f9dd6,1285313,,Students; Annual,,,[name],[name],[name],I don’t want my subscription to renew automatically,too_expensive_for_value_provided_1447236661,I don't want to commit to a subscription,i_dont_want_to_commit_to_a_subscription,,Pricing (eCommerce),pricing_ecommerce,5,,,u_95ca9fe876dce9c8,,,,0,36.0,,Canceled,2026-08-06T13:23:43.000Z,2026-08-06T13:24:12.000Z,2026-08-06T13:24:12.000Z,,42.05,2026-08-06T13:24:12.000Z,cancel,Valid Cancel,annual,2026-08-13T23:59:45.000Z,2026-08-13T23:59:45.000Z,3.0,3.0,36.0,Brightback,,,,,,,1285313,2025-08-13T23:59:41.000Z,,2025-08-13T23:59:45.000Z,,h_57caba5182f15b46,,1,2025-08-13T23:59:45.000Z,USD,u_95ca9fe876dce9c8,ACTIVE,h_553d2f7de02f3ea6,[name],36.0,annual,,2025-08-13T23:59:45.000Z,student,,1,annual,2025-08-13T23:59:45.000Z,_UNKNOWN,3600,YEAR,annual,,High School,[name],2026-08-13T23:59:45.000Z,,300,,2026-08-13T23:59:45.000Z,2025-08-13T23:59:45.000Z,3600,[name],,https://www.supersummary.com/subscription,https://www.supersummary.com/subscription/confirming/cancel,,Student Experience [July 2025] [25% one-time / No Entry Modal],,08-13-2025,,08-06-2026,08-13-2025,08-13-2025,08-13-2025,,08-13-2025,08-13-2026
Wg86A6b_84dab5f626d90702,AzZZqtUt5JU7y19ta,,Students; Annual,,,[name],[name],,I don’t want my subscription to renew automatically,too_expensive_for_value_provided_1447236661,I don't want to commit to a subscription,i_dont_want_to_commit_to_a_subscription,,Pricing (eCommerce),pricing_ecommerce,4,,,u_12ddf2045efdcfc9,,,,0,,,Canceled,2026-08-06T10:06:44.000Z,2026-08-06T10:07:18.000Z,2026-08-06T10:07:18.000Z,,42.19,2026-08-06T10:07:18.000Z,cancel,Valid Cancel,annual,2027-08-06T09:34:59.000Z,2027-08-06T09:34:59.000Z,3.0,3.0,36.0,Brightback,,,,,,,AzZZqtUt5JU7y19ta,2025-08-06T09:34:57.000Z,,2025-08-06T09:34:59.000Z,,h_0b4741c6650b88ce,,1,2025-08-06T09:34:59.000Z,USD,u_12ddf2045efdcfc9,ACTIVE,h_ffb788596224d10e,[name],,,,2026-08-06T09:34:59.000Z,student,,1,annual,2025-08-06T09:34:59.000Z,_UNKNOWN,3600,YEAR,,,Middle School,[name],2027-08-06T09:34:59.000Z,,300,,2027-08-06T09:34:59.000Z,2025-08-06T09:34:59.000Z,3600,,,,,,Student Experience [July 2025] [25% one-time / No Entry Modal],,08-06-2025,,08-06-2026,08-06-2025,08-06-2025,08-06-2025,,08-06-2025,08-06-2027
Wg85Kb5_85f35c993ae9130e,AzZLBcVLhh5nl1CHS,,fallback,,,[name],[name],,I don’t want my subscription to renew automatically,too_expensive_for_value_provided_1447236661,I don't want to commit to a subscription,i_dont_want_to_commit_to_a_subscription,,Pricing (eCommerce),pricing_ecommerce,7,,,u_f702ddd6a7ad6976,,,,0,,,Canceled,2026-08-05T20:37:14.000Z,2026-08-05T20:38:37.000Z,2026-08-05T20:38:37.000Z,,42.75,2026-08-05T20:38:37.000Z,cancel,Valid Cancel,monthly,2026-09-05T20:35:45.000Z,2026-09-05T20:35:45.000Z,16.65,16.65,16.65,Brightback,,,,,,,AzZLBcVLhh5nl1CHS,2026-06-05T20:35:43.000Z,,2026-06-05T20:35:45.000Z,,h_830005d62586ae26,,1,2026-06-05T20:35:45.000Z,USD,u_f702ddd6a7ad6976,ACTIVE,h_566681639a0d1f35,[name],,,,2026-08-05T20:35:45.000Z,other,,1,monthly_plus,2026-06-05T20:35:45.000Z,_UNKNOWN,1665,MONTH,,,,[name],2026-09-05T20:35:45.000Z,,1665,,2026-09-05T20:35:45.000Z,2026-06-05T20:35:45.000Z,1665,,,,,,Default/Fallback [July 2025] [25% one time / No entry modal],,06-05-2026,,08-05-2026,06-05-2026,06-05-2026,06-05-2026,,06-05-2026,09-05-2026
Wg85FUF_b82af2ab21fbf0d5,6oppsVOQW7ZN7U4A,,Book Club Members; fallback,,,[name],[name],,I don’t want my subscription to renew automatically,too_expensive_for_value_provided_1447236661,I don't want to commit to a subscription,i_dont_want_to_commit_to_a_subscription,,Pricing (eCommerce),pricing_ecommerce,8,,,u_21172e5d2d3a94aa,,,,0,,,Canceled,2026-08-05T15:30:20.000Z,2026-08-05T15:30:36.000Z,2026-08-05T15:30:36.000Z,,42.96,2026-08-05T15:30:36.000Z,cancel,Valid Cancel,monthly,2026-09-04T17:32:11.000Z,2026-09-04T17:32:11.000Z,16.65,16.65,16.65,Brightback,,,,,,,6oppsVOQW7ZN7U4A,2026-07-04T17:32:09.000Z,,2026-07-04T17:32:11.000Z,,h_24e4cb1684054d9f,,1,2026-07-04T17:32:11.000Z,USD,u_21172e5d2d3a94aa,ACTIVE,h_6baba5a1f96b0219,[name],,,,2026-08-04T17:32:11.000Z,book_club_member,,1,monthly_plus,2026-07-04T17:32:11.000Z,_UNKNOWN,1665,MONTH,,,,[name],2026-09-04T17:32:11.000Z,,1665,,2026-09-04T17:32:11.000Z,2026-07-04T17:32:11.000Z,1665,,,,,,BCM Experience [July 2025] [25% one-time / No Entry Modal],,07-04-2026,,08-05-2026,07-04-2026,07-04-2026,07-04-2026,,07-04-2026,09-04-2026
Wg85Ewt_b116c6cad306a72f,6oZksSfDyhM51DT7,,fallback,,,[name],[name],,I don’t want my subscription to renew automatically,too_expensive_for_value_provided_1447236661,I don't want to commit to a subscription,i_dont_want_to_commit_to_a_subscription,,Pricing (eCommerce),pricing_ecommerce,1,,,u_f236834f3598a068,,,,0,,,Canceled,2026-08-05T14:59:05.000Z,2026-08-05T14:59:41.000Z,2026-08-05T14:59:41.000Z,,42.99,2026-08-05T14:59:41.000Z,cancel,Valid Cancel,annual,2027-08-05T14:44:10.000Z,2027-08-05T14:44:10.000Z,3.0,3.0,36.0,Brightback,,,,,,,6oZksSfDyhM51DT7,2021-08-05T14:43:20.000Z,,2021-08-05T14:44:10.000Z,,h_62fe3a1fd71407cc,,1,2021-08-05T14:44:10.000Z,USD,u_f236834f3598a068,ACTIVE,h_2cadbac4d84d6bd2,[name],,,,2026-08-05T14:44:10.000Z,other,,1,annual,2021-08-05T14:44:10.000Z,_UNKNOWN,3600,YEAR,,,,[name],2027-08-05T14:44:10.000Z,,300,,2027-08-05T14:44:10.000Z,2021-08-05T14:44:10.000Z,3600,,,,,,Default/Fallback [July 2025] [25% one time / No entry modal],,08-05-2021,,08-05-2026,08-05-2021,08-05-2021,08-05-2021,,08-05-2021,08-05-2027
Wg855sp_acb13536ded3f785,1543628,,Book Club Members; fallback,,,[name],[name],[name],I don’t want my subscription to renew automatically,too_expensive_for_value_provided_1447236661,I don't want to commit to a subscription,i_dont_want_to_commit_to_a_subscription,,Pricing (eCommerce),pricing_ecommerce,8,,,u_20e7bd6fbdb79e6c,,,,0,60.0,,Canceled,2026-08-05T05:55:01.000Z,2026-08-05T05:55:33.000Z,2026-08-05T05:55:33.000Z,,43.36,2026-08-05T05:55:33.000Z,cancel,Valid Cancel,annual,2027-03-04T05:12:18.000Z,2027-03-04T05:12:18.000Z,5.0,5.0,60.0,Brightback,,,,,,,1543628,2026-03-04T05:12:16.000Z,,2026-03-04T05:12:18.000Z,,h_ea5ac364d6b2fc89,,1,2026-03-04T05:12:18.000Z,USD,u_20e7bd6fbdb79e6c,ACTIVE,h_17a0b7c7ae3e2e05,[name],60.0,annual_plus,,2026-03-04T05:12:18.000Z,book_club_member,,1,annual_plus,2026-03-04T05:12:18.000Z,_UNKNOWN,6000,YEAR,annual_plus,,,[name],2027-03-04T05:12:18.000Z,,500,,2027-03-04T05:12:18.000Z,2026-03-04T05:12:18.000Z,6000,[name],,https://www.supersummary.com/subscription,https://www.supersummary.com/subscription/confirming/cancel,,BCM Experience [July 2025] [25% one-time / No Entry Modal],,03-04-2026,,08-05-2026,03-04-2026,03-04-2026,03-04-2026,,03-04-2026,03-04-2027
Wg854VL_a2148532868bcc9d,AzZaAEVQr0coZ14qT,,fallback,,,[name],[name],,I don’t want my subscription to renew automatically,too_expensive_for_value_provided_1447236661,I don't want to commit to a subscription,i_dont_want_to_commit_to_a_subscription,,Pricing (eCommerce),pricing_ecommerce,8,,,u_de407e1b9f5c67d9,,,,0,,,Canceled,2026-08-05T04:31:28.000Z,2026-08-05T04:32:30.000Z,2026-08-05T04:32:31.000Z,,43.42,2026-08-05T04:32:31.000Z,cancel,Valid Cancel,monthly,2026-08-30T11:14:11.000Z,2026-08-30T11:14:11.000Z,16.65,16.65,16.65,Brightback,,,,,,,AzZaAEVQr0coZ14qT,2026-07-30T11:14:08.000Z,,2026-07-30T11:14:11.000Z,,h_19579831ef8725ce,,1,2026-07-30T11:14:11.000Z,USD,u_de407e1b9f5c67d9,ACTIVE,h_1536529e04b6390e,[name],,,,2026-07-30T11:14:11.000Z,other,,1,monthly_plus,2026-07-30T11:14:11.000Z,_UNKNOWN,1665,MONTH,,,,[name],2026-08-30T11:14:11.000Z,,1665,,2026-08-30T11:14:11.000Z,2026-07-30T11:14:11.000Z,1665,,,,,,Default/Fallback [July 2025] [25% one time / No entry modal],,07-30-2026,,08-05-2026,07-30-2026,07-30-2026,07-30-2026,,07-30-2026,08-30-2026
Wg8528p_905a07f2134a471d,16CcbEVPJGF2lRg,,Students; fallback,,,[name],[name],,I don’t want my subscription to renew automatically,too_expensive_for_value_provided_1447236661,I don't want to commit to a subscription,i_dont_want_to_commit_to_a_subscription,,Pricing (eCommerce),pricing_ecommerce,5,,,u_cdaf7d21605bc4a9,,,,0,,,Canceled,2026-08-05T02:08:54.000Z,2026-08-05T02:09:20.000Z,2026-08-05T02:09:20.000Z,,43.52,2026-08-05T02:09:20.000Z,cancel,Valid Cancel,annual,2027-07-14T02:14:05.000Z,2027-07-14T02:14:05.000Z,5.0,5.0,60.0,Brightback,,,,,,,16CcbEVPJGF2lRg,2026-07-14T02:14:03.000Z,,2026-07-14T02:14:05.000Z,,h_f29b0f4d19e6deb9,,1,2026-07-14T02:14:05.000Z,USD,u_cdaf7d21605bc4a9,ACTIVE,h_45de61fbb04cc660,[name],,,,2026-07-14T02:14:05.000Z,student,,1,annual_plus,2026-07-14T02:14:05.000Z,_UNKNOWN,6000,YEAR,,,College,[name],2027-07-14T02:14:05.000Z,,500,,2027-07-14T02:14:05.000Z,2026-07-14T02:14:05.000Z,6000,,,,,,Student Experience [July 2025] [25% one-time / No Entry Modal],,07-14-2026,,08-05-2026,07-14-2026,07-14-2026,07-14-2026,,07-14-2026,07-14-2027
Wg850Nt_90c45bea7982f926,618226,,Teachers; Annual,,,[name],[name],[name],I don’t want my subscription to renew automatically,too_expensive_for_value_provided_1447236661,I don't want to commit to a subscription,i_dont_want_to_commit_to_a_subscription,,Pricing (eCommerce),pricing_ecommerce,1,,,u_96514007ac3fbb5a,"Ig was great, just no longer need it",,,1,36.0,,Canceled,2026-08-05T00:24:31.000Z,2026-08-05T00:26:02.000Z,2026-08-05T00:26:30.000Z,,43.59,2026-08-05T00:26:30.000Z,cancel,Valid Cancel,annual,2027-07-30T15:27:32.000Z,2027-07-30T15:27:32.000Z,3.0,3.0,36.0,Brightback,,,,,,,618226,2024-07-30T15:27:30.000Z,,2024-07-30T15:27:32.000Z,,h_d2087ca0a4b82d83,,1,2024-07-30T15:27:32.000Z,USD,u_96514007ac3fbb5a,ACTIVE,h_54cce64bcd7c85d6,[name],36.0,annual,,2026-07-30T15:27:32.000Z,teacher,,1,annual,2024-07-30T15:27:32.000Z,_UNKNOWN,3600,YEAR,annual,,Middle School,[name],2027-07-30T15:27:32.000Z,,300,,2027-07-30T15:27:32.000Z,2024-07-30T15:27:32.000Z,3600,[name],,https://www.supersummary.com/subscription,https://www.supersummary.com/subscription/confirming/cancel,,Teacher Experience [July 2025] [40% one-time / Modal],,07-30-2024,,08-05-2026,07-30-2024,07-30-2024,07-30-2024,,07-30-2024,07-30-2027
Wg850JM_9c6347d604d26692,1274367,,Book Club Members; Annual,,,[name],[name],[name],I don’t want my subscription to renew automatically,too_expensive_for_value_provided_1447236661,I don't want to commit to a subscription,i_dont_want_to_commit_to_a_subscription,,Pricing (eCommerce),pricing_ecommerce,1,,,u_af8c60e30f933e49,,,,0,36.0,,Canceled,2026-08-05T00:19:37.000Z,2026-08-05T00:19:50.000Z,2026-08-05T00:19:50.000Z,,43.6,2026-08-05T00:19:50.000Z,cancel,Valid Cancel,annual,2027-08-02T17:18:21.000Z,2027-08-02T17:18:21.000Z,3.0,3.0,36.0,Brightback,,,,,,,1274367,2025-08-02T17:18:19.000Z,,2025-08-02T17:18:21.000Z,,h_a3537421802fd8bc,,1,2025-08-02T17:18:21.000Z,USD,u_af8c60e30f933e49,ACTIVE,h_a679fabd123c3ea5,[name],36.0,annual,,2026-08-02T17:18:21.000Z,book_club_member,,1,annual,2025-08-02T17:18:21.000Z,_UNKNOWN,3600,YEAR,annual,,,[name],2027-08-02T17:18:21.000Z,,300,,2027-08-02T17:18:21.000Z,2025-08-02T17:18:21.000Z,3600,[name],,https://www.supersummary.com/subscription,https://www.supersummary.com/subscription/confirming/cancel,,BCM Experience [July 2025] [25% one-time / No Entry Modal],,08-02-2025,,08-05-2026,08-02-2025,08-02-2025,08-02-2025,,08-02-2025,08-02-2027
Wg84NtZ_8a81224b2569777f,16BlKMUKWsfyRIS0i,,Book Club Members; Annual,,,[name],[name],,I don’t want my subscription to renew automatically,too_expensive_for_value_provided_1447236661,I don't want to commit to a subscription,i_dont_want_to_commit_to_a_subscription,,Pricing (eCommerce),pricing_ecommerce,1,,,u_452be2b00800cc0e,,,,0,,,Canceled,2026-08-04T23:55:38.000Z,2026-08-04T23:55:51.000Z,2026-08-04T23:55:51.000Z,,43.61,2026-08-04T23:55:51.000Z,cancel,Valid Cancel,annual,2027-08-04T23:53:17.000Z,2027-08-04T23:53:17.000Z,2.25,2.25,36.0,Brightback,,,,,,,16BlKMUKWsfyRIS0i,2024-08-04T23:53:16.000Z,,2024-08-04T23:53:17.000Z,,h_e88888bacc2159d9,,1,2024-08-04T23:53:17.000Z,USD,u_452be2b00800cc0e,ACTIVE,h_8aed7a03564e78b4,[name],,,,2026-08-04T23:53:17.000Z,book_club_member,,1,annual,2024-08-04T23:53:17.000Z,_UNKNOWN,3600,YEAR,,nmTKUhkQCvq,,[name],2027-08-04T23:53:17.000Z,,225,,2027-08-04T23:53:17.000Z,2024-08-04T23:53:17.000Z,3600,,,,,,BCM Experience [July 2025] [25% one-time / No Entry Modal],,08-04-2024,,08-04-2026,08-04-2024,08-04-2024,08-04-2024,,08-04-2024,08-04-2027
Wg84KXa_aceb1a685c611264,1251076,,Students; Annual,,,[name],[name],[name],I don’t want my subscription to renew automatically,too_expensive_for_value_provided_1447236661,I don't want to commit to a subscription,i_dont_want_to_commit_to_a_subscription,,Pricing (eCommerce),pricing_ecommerce,1,,,u_b5cc973aa002112d,,,,0,36.0,,Canceled,2026-08-04T20:33:52.000Z,2026-08-04T20:34:15.000Z,2026-08-04T20:34:15.000Z,,43.75,2026-08-04T20:34:15.000Z,cancel,Valid Cancel,annual,2027-07-02T06:51:46.000Z,2027-07-02T06:51:46.000Z,3.0,3.0,36.0,Brightback,,,,,,,1251076,2025-07-02T06:51:43.000Z,,2025-07-02T06:51:46.000Z,,h_95a0f18653ed2e3c,,1,2025-07-02T06:51:46.000Z,USD,u_b5cc973aa002112d,ACTIVE,h_a9b594d78a6efdd7,[name],36.0,annual,,2026-07-02T06:51:46.000Z,student,,1,annual,2025-07-02T06:51:46.000Z,_UNKNOWN,3600,YEAR,annual,,College,[name],2027-07-02T06:51:46.000Z,,300,,2027-07-02T06:51:46.000Z,2025-07-02T06:51:46.000Z,3600,[name],,https://www.supersummary.com/subscription,https://www.supersummary.com/subscription/confirming/cancel,,Student Experience [July 2025] [25% one-time / No Entry Modal],,07-02-2025,,08-04-2026,07-02-2025,07-02-2025,07-02-2025,,07-02-2025,07-02-2027
Wg84JF5_9c98196063ceea5e,AzyfeFTb7yJigfW5,,fallback,,,[name],[name],,I don’t want my subscription to renew automatically,too_expensive_for_value_provided_1447236661,I don't want to commit to a subscription,i_dont_want_to_commit_to_a_subscription,,Pricing (eCommerce),pricing_ecommerce,1,,,u_d1caa94a43c249a8,,,,0,,,Canceled,2026-08-04T19:15:08.000Z,2026-08-04T19:15:23.000Z,2026-08-04T19:15:23.000Z,,43.81,2026-08-04T19:15:23.000Z,cancel,Valid Cancel,monthly,2026-08-11T13:59:16.000Z,2026-08-11T13:59:16.000Z,9.95,9.95,9.95,Brightback,,,,,,,AzyfeFTb7yJigfW5,2023-04-11T13:59:14.000Z,,2023-04-11T13:59:16.000Z,,h_d5c85f8a1d8b320c,,1,2023-04-11T13:59:16.000Z,USD,u_d1caa94a43c249a8,ACTIVE,h_96965a18867a87d2,[name],,,,2026-07-11T13:59:16.000Z,other,,1,monthly,2023-04-11T13:59:16.000Z,_UNKNOWN,995,MONTH,,,,[name],2026-08-11T13:59:16.000Z,,995,,2026-08-11T13:59:16.000Z,2023-04-11T13:59:16.000Z,995,,,,,,Default/Fallback [July 2025] [25% one time / No entry modal],,04-11-2023,,08-04-2026,04-11-2023,04-11-2023,04-11-2023,,04-11-2023,08-11-2026
Wg84ISi_b0bc11b4f302667e,16CQGoVR3tLyh5NWL,,Book Club Members; fallback,,,[name],[name],,I don’t want my subscription to renew automatically,too_expensive_for_value_provided_1447236661,I don't want to commit to a subscription,i_dont_want_to_commit_to_a_subscription,,Pricing (eCommerce),pricing_ecommerce,6,,,u_4ead0c6dac9d8203,,,,0,,,Canceled,2026-08-04T18:28:47.000Z,2026-08-04T18:29:31.000Z,2026-08-04T18:29:31.000Z,,43.84,2026-08-04T18:29:31.000Z,cancel,Valid Cancel,annual,2027-08-01T16:06:51.000Z,2027-08-01T16:06:51.000Z,3.0,3.0,36.0,Brightback,,,,,,,16CQGoVR3tLyh5NWL,2026-08-01T16:06:48.000Z,,2026-08-01T16:06:51.000Z,,h_22937fe3217bd08f,,1,2026-08-01T16:06:51.000Z,USD,u_4ead0c6dac9d8203,ACTIVE,h_e15a19a425b7f011,[name],,,,2026-08-01T16:06:51.000Z,book_club_member,,1,annual_essentials,2026-08-01T16:06:51.000Z,_UNKNOWN,3600,YEAR,,,,[name],2027-08-01T16:06:51.000Z,,300,,2027-08-01T16:06:51.000Z,2026-08-01T16:06:51.000Z,3600,,,,,,BCM Experience [July 2025] [25% one-time / No Entry Modal],,08-01-2026,,08-04-2026,08-01-2026,08-01-2026,08-01-2026,,08-01-2026,08-01-2027
Wg84HSH_96d118c09638c501,1710831,,Book Club Members; fallback,,,[name],[name],[name],I don’t want my subscription to renew automatically,too_expensive_for_value_provided_1447236661,I don't want to commit to a subscription,i_dont_want_to_commit_to_a_subscription,,Pricing (eCommerce),pricing_ecommerce,10,,,u_588fe5b238661ce9,,,,0,9.95,,Canceled,2026-08-04T17:29:07.000Z,2026-08-04T17:29:35.000Z,2026-08-04T17:29:35.000Z,,43.88,2026-08-04T17:29:35.000Z,cancel,Valid Cancel,monthly,2026-08-29T21:32:45.000Z,,9.95,9.95,9.95,Brightback,,,,,,,1710831,2026-07-29T21:32:42.000Z,,2026-07-29T21:32:45.000Z,,h_b369445dd8c018db,,1,2026-07-29T21:32:45.000Z,USD,u_588fe5b238661ce9,NON_RENEWING,h_fae939cee61ebb62,[name],9.95,monthly_essentials,,2026-07-29T21:32:45.000Z,book_club_member,,1,monthly_essentials,2026-07-29T21:32:45.000Z,_UNKNOWN,995,MONTH,monthly_essentials,,,[name],,,995,,2026-08-29T21:32:45.000Z,2026-07-29T21:32:45.000Z,995,[name],,https://www.supersummary.com/subscription,https://www.supersummary.com/subscription/confirming/cancel,,BCM Experience [July 2025] [25% one-time / No Entry Modal],,07-29-2026,,08-04-2026,07-29-2026,07-29-2026,07-29-2026,,07-29-2026,
Wg84Fa8_84bc68ea4840abe5,AzZabOUsjH0yH2Xvh,,Parents; Annual,,,[name],[name],,I don’t want my subscription to renew automatically,too_expensive_for_value_provided_1447236661,I don't want to commit to a subscription,i_dont_want_to_commit_to_a_subscription,,Pricing (eCommerce),pricing_ecommerce,8,Na,,u_d58d821e591bbf86,Free,,,1,,,Canceled,2026-08-04T15:36:11.000Z,2026-08-04T15:37:00.000Z,2026-08-04T15:37:01.000Z,,43.96,2026-08-04T15:37:01.000Z,cancel,Valid Cancel,annual,2027-08-02T15:07:10.000Z,2027-08-02T15:07:10.000Z,3.0,3.0,36.0,Brightback,,,,,,,AzZabOUsjH0yH2Xvh,2025-08-02T15:06:05.000Z,,2025-08-02T15:07:10.000Z,,h_4f44a6dee846cdd6,,1,2025-08-02T15:07:10.000Z,USD,u_d58d821e591bbf86,ACTIVE,h_2ae2e0789b6f0ac4,[name],,,,2026-08-02T15:07:10.000Z,parent_of_student,,1,annual,2025-08-02T15:07:10.000Z,_UNKNOWN,3600,YEAR,,,High School,[name],2027-08-02T15:07:10.000Z,,300,,2027-08-02T15:07:10.000Z,2025-08-02T15:07:10.000Z,3600,,,,,,Parent Experience [July 2025] [25% one-time / Modal],,08-02-2025,,08-04-2026,08-02-2025,08-02-2025,08-02-2025,,08-02-2025,08-02-2027
Wg84Eh4_803fcb89e0ad9522,1716466,,fallback,,,[name],[name],[name],I don’t want my subscription to renew automatically,too_expensive_for_value_provided_1447236661,I don't want to commit to a subscription,i_dont_want_to_commit_to_a_subscription,,Pricing (eCommerce),pricing_ecommerce,6,,,u_4732887816eb2637,,,,0,16.65,,Canceled,2026-08-04T14:43:09.000Z,2026-08-04T14:44:02.000Z,2026-08-04T14:44:02.000Z,,44.0,2026-08-04T14:44:02.000Z,cancel,Valid Cancel,monthly,2026-09-04T14:30:37.000Z,2026-09-04T14:30:37.000Z,16.65,16.65,16.65,Brightback,,,,,,,1716466,2026-08-04T14:30:36.000Z,,2026-08-04T14:30:37.000Z,,h_03070aafd0d08675,,1,2026-08-04T14:30:37.000Z,USD,u_4732887816eb2637,ACTIVE,h_c71edd8d6af11dd3,[name],16.65,monthly_plus,,2026-08-04T14:30:37.000Z,avid_reader,,1,monthly_plus,2026-08-04T14:30:37.000Z,_UNKNOWN,1665,MONTH,monthly_plus,,,[name],2026-09-04T14:30:37.000Z,,1665,,2026-09-04T14:30:37.000Z,2026-08-04T14:30:37.000Z,1665,[name],,https://www.supersummary.com/subscription,https://www.supersummary.com/subscription/confirming/cancel,,Default/Fallback [July 2025] [25% one time / No entry modal],,08-04-2026,,08-04-2026,08-04-2026,08-04-2026,08-04-2026,,08-04-2026,09-04-2026
Wg84BYl_a01c7710a06da0ef,16BRW3VRKKGKu16XU,,Students; fallback,,,[name],[name],,I don’t want my subscription to renew automatically,too_expensive_for_value_provided_1447236661,I don't want to commit to a subscription,i_dont_want_to_commit_to_a_subscription,,Pricing (eCommerce),pricing_ecommerce,1,,,u_d7e079dcfa52efc4,,,,0,,,Canceled,2026-08-04T11:35:56.000Z,2026-08-04T11:36:21.000Z,2026-08-04T11:36:21.000Z,,44.13,2026-08-04T11:39:50.000Z,cancel,Valid Cancel,monthly,2026-09-04T11:38:37.000Z,2026-09-04T11:38:37.000Z,9.95,9.95,9.95,Brightback,,,,,,,16BRW3VRKKGKu16XU,2026-08-04T11:34:03.000Z,,2026-08-04T11:34:05.000Z,,h_a4a5aa174268ee31,,1,2026-08-04T11:34:05.000Z,USD,u_d7e079dcfa52efc4,ACTIVE,h_34df8e48bc86b640,[name],,,,2026-08-04T11:34:05.000Z,student,,1,annual_plus,2026-08-04T11:34:05.000Z,_UNKNOWN,6000,YEAR,,,Postgrad Program,[name],2027-08-04T11:34:05.000Z,,500,,2027-08-04T11:34:05.000Z,2026-08-04T11:34:05.000Z,6000,,,,,,Student Experience [July 2025] [25% one-time / No Entry Modal],,08-04-2026,,08-04-2026,08-04-2026,08-04-2026,08-04-2026,,08-04-2026,08-04-2027
Wg843ki_97fc7c38d30e309a,Azq9ZDTlKp58l2tOw,,Parents; Annual,,,[name],[name],,I don’t want my subscription to renew automatically,too_expensive_for_value_provided_1447236661,I don't want to commit to a subscription,i_dont_want_to_commit_to_a_subscription,,Pricing (eCommerce),pricing_ecommerce,6,,,u_7892192158c9658a,,,,0,,,Canceled,2026-08-04T03:46:50.000Z,2026-08-04T03:47:35.000Z,2026-08-04T03:47:35.000Z,,44.45,2026-08-04T03:47:35.000Z,cancel,Valid Cancel,annual,2027-07-28T19:32:56.000Z,2027-07-28T19:32:56.000Z,3.0,3.0,36.0,Brightback,,,,,,,Azq9ZDTlKp58l2tOw,2023-07-28T19:32:54.000Z,,2023-07-28T19:32:56.000Z,,h_464400fc9a4963ea,,1,2023-07-28T19:32:56.000Z,USD,u_7892192158c9658a,ACTIVE,h_c64478c946aa1c89,[name],,,,2026-07-28T19:32:56.000Z,parent_of_student,,1,annual,2023-07-28T19:32:56.000Z,_UNKNOWN,3600,YEAR,,,other,[name],2027-07-28T19:32:56.000Z,,300,,2027-07-28T19:32:56.000Z,2023-07-28T19:32:56.000Z,3600,,,,,,Parent Experience [July 2025] [25% one-time / Modal],,07-28-2023,,08-04-2026,07-28-2023,07-28-2023,07-28-2023,,07-28-2023,07-28-2027
Wg84010_b468193e06b684a5,AzZLKfVR4baxR6FEq,,Students; fallback,,,[name],[name],,I don’t want my subscription to renew automatically,too_expensive_for_value_provided_1447236661,I don't want to commit to a subscription,i_dont_want_to_commit_to_a_subscription,,Pricing (eCommerce),pricing_ecommerce,7,,,u_bd4b93405222df8d,,,,0,,,Canceled,2026-08-04T00:01:06.000Z,2026-08-04T00:01:42.000Z,2026-08-04T00:01:42.000Z,,44.61,2026-08-04T00:01:42.000Z,cancel,Valid Cancel,annual,2027-08-01T19:02:35.000Z,2027-08-01T19:02:35.000Z,5.0,5.0,60.0,Brightback,,,,,,,AzZLKfVR4baxR6FEq,2026-08-01T19:02:33.000Z,,2026-08-01T19:02:35.000Z,,h_100fcd9b4503f874,,1,2026-08-01T19:02:35.000Z,USD,u_bd4b93405222df8d,ACTIVE,h_f428c75a2787106a,[name],,,,2026-08-01T19:02:35.000Z,student,,1,annual_plus,2026-08-01T19:02:35.000Z,_UNKNOWN,6000,YEAR,,,Postgrad Program,[name],2027-08-01T19:02:35.000Z,,500,,2027-08-01T19:02:35.000Z,2026-08-01T19:02:35.000Z,6000,,,,,,Student Experience [July 2025] [25% one-time / No Entry Modal],,08-01-2026,,08-04-2026,08-01-2026,08-01-2026,08-01-2026,,08-01-2026,08-01-2027
Wg83NSs_ab51581589664d4d,16BcQAV0TyZQa5whS,,fallback,,,[name],[name],,I don’t want my subscription to renew automatically,too_expensive_for_value_provided_1447236661,I don't want to commit to a subscription,i_dont_want_to_commit_to_a_subscription,,Pricing (eCommerce),pricing_ecommerce,4,,,u_253208c5af5d1fc2,,,,0,,,Canceled,2026-08-03T23:28:57.000Z,2026-08-03T23:29:18.000Z,2026-08-03T23:29:18.000Z,,44.63,2026-08-03T23:29:18.000Z,cancel,Valid Cancel,monthly,2026-08-23T20:10:52.000Z,2026-08-23T20:10:52.000Z,9.95,9.95,9.95,Brightback,,,,,,,16BcQAV0TyZQa5whS,2025-10-23T20:10:49.000Z,,2025-10-23T20:10:52.000Z,,h_498db5d1b96a5ccd,,1,2025-10-23T20:10:52.000Z,USD,u_253208c5af5d1fc2,ACTIVE,h_14de9d0b46c08c8d,[name],,,,2026-07-23T20:10:52.000Z,other,,1,monthly,2025-10-23T20:10:52.000Z,_UNKNOWN,995,MONTH,,,,[name],2026-08-23T20:10:52.000Z,,995,,2026-08-23T20:10:52.000Z,2025-10-23T20:10:52.000Z,995,,,,,,Default/Fallback [July 2025] [25% one time / No entry modal],,10-23-2025,,08-03-2026,10-23-2025,10-23-2025,10-23-2025,,10-23-2025,08-23-2026
Wg83MMm_92e6fdf66f1bf76f,169sFTVImYtrJ43J4,,Students; fallback,,,[name],[name],,I don’t want my subscription to renew automatically,too_expensive_for_value_provided_1447236661,I don't want to commit to a subscription,i_dont_want_to_commit_to_a_subscription,,Pricing (eCommerce),pricing_ecommerce,4,,,u_236497a6c4e88768,,,,0,,,Canceled,2026-08-03T22:22:52.000Z,2026-08-03T22:23:37.000Z,2026-08-03T22:23:37.000Z,,44.68,2026-08-03T22:23:37.000Z,cancel,Valid Cancel,monthly,2026-08-05T21:07:56.000Z,2026-08-05T21:07:56.000Z,16.65,16.65,16.65,Brightback,,,,,,,169sFTVImYtrJ43J4,2026-05-05T21:07:53.000Z,,2026-05-05T21:07:56.000Z,,h_b88ac9ec015e3bc9,,1,2026-05-05T21:07:56.000Z,USD,u_236497a6c4e88768,ACTIVE,h_c54c05fad05ca4e4,[name],,,,2026-07-05T21:07:56.000Z,student,,1,monthly_plus,2026-05-05T21:07:56.000Z,_UNKNOWN,1665,MONTH,,,High School,[name],2026-08-05T21:07:56.000Z,,1665,,2026-08-05T21:07:56.000Z,2026-05-05T21:07:56.000Z,1665,,,,,,Student Experience [July 2025] [25% one-time / No Entry Modal],,05-05-2026,,08-03-2026,05-05-2026,05-05-2026,05-05-2026,,05-05-2026,08-05-2026
Wg83JoN_9f37dbb0db2c6101,607685,,Book Club Members; Annual,,,[name],[name],[name],I don’t want my subscription to renew automatically,too_expensive_for_value_provided_1447236661,I don't want to commit to a subscription,i_dont_want_to_commit_to_a_subscription,,Pricing (eCommerce),pricing_ecommerce,1,,,u_5a5825c67bf15326,,,,0,36.0,,Canceled,2026-08-03T19:50:32.000Z,2026-08-03T19:50:59.000Z,2026-08-03T19:50:59.000Z,,44.78,2026-08-03T19:50:59.000Z,cancel,Valid Cancel,annual,2027-07-07T19:05:45.000Z,2027-07-07T19:05:45.000Z,3.0,3.0,36.0,Brightback,,,,,,,607685,2024-07-07T19:05:43.000Z,,2024-07-07T19:05:45.000Z,,h_0ef42df65a4e7c92,,1,2024-07-07T19:05:45.000Z,USD,u_5a5825c67bf15326,ACTIVE,h_f48298ae6a8c8321,[name],36.0,annual,,2026-07-07T19:05:45.000Z,book_club_member,,1,annual,2024-07-07T19:05:45.000Z,_UNKNOWN,3600,YEAR,annual,,,[name],2027-07-07T19:05:45.000Z,,300,,2027-07-07T19:05:45.000Z,2024-07-07T19:05:45.000Z,3600,[name],,https://www.supersummary.com/subscription,https://www.supersummary.com/subscription/confirming/cancel,,BCM Experience [July 2025] [25% one-time / No Entry Modal],,07-07-2024,,08-03-2026,07-07-2024,07-07-2024,07-07-2024,,07-07-2024,07-07-2027
Wg83JDF_9c1b9c82618461cc,1187271,,Students; fallback,,,[name],[name],[name],I don’t want my subscription to renew automatically,too_expensive_for_value_provided_1447236661,I don't want to commit to a subscription,i_dont_want_to_commit_to_a_subscription,,Pricing (eCommerce),pricing_ecommerce,2,,,u_ea2a3bbd8502ce47,,,,0,60.0,,Canceled,2026-08-03T19:13:26.000Z,2026-08-03T19:13:51.000Z,2026-08-03T19:13:51.000Z,,44.81,2026-08-03T19:13:51.000Z,cancel,Valid Cancel,annual,2027-07-06T09:52:02.000Z,2027-07-06T09:52:02.000Z,5.0,5.0,60.0,Brightback,,,,,,,1187271,2026-07-06T09:52:00.000Z,,2026-07-06T09:52:02.000Z,,h_6d19e92708763a98,,1,2026-07-06T09:52:02.000Z,USD,u_ea2a3bbd8502ce47,ACTIVE,h_5b5fa55528ee0009,[name],60.0,annual_plus,,2026-07-06T09:52:02.000Z,student,,1,annual_plus,2026-07-06T09:52:02.000Z,_UNKNOWN,6000,YEAR,annual_plus,,College,[name],2027-07-06T09:52:02.000Z,,500,,2027-07-06T09:52:02.000Z,2026-07-06T09:52:02.000Z,6000,[name],,https://www.supersummary.com/subscription,https://www.supersummary.com/subscription/confirming/cancel,,Student Experience [July 2025] [25% one-time / No Entry Modal],,07-06-2026,,08-03-2026,07-06-2026,07-06-2026,07-06-2026,,07-06-2026,07-06-2027
Wg83HSs_b9151cb8aa133df4,818989,,Book Club Members; Annual,,,[name],[name],[name],I don’t want my subscription to renew automatically,too_expensive_for_value_provided_1447236661,I don't want to commit to a subscription,i_dont_want_to_commit_to_a_subscription,,Pricing (eCommerce),pricing_ecommerce,10,Join manually when my subscription ends ,,u_b9dc3b9fd481c1ab,Send me a reminder when my subscription is about to expire.,,,1,36.0,,Canceled,2026-08-03T17:30:06.000Z,2026-08-03T17:33:44.000Z,2026-08-05T23:54:08.000Z,,44.88,2026-08-05T23:54:08.000Z,cancel,Valid Cancel,annual,2026-11-29T13:13:01.000Z,2026-11-29T13:13:01.000Z,3.0,3.0,36.0,Brightback,,,,,,,818989,2024-11-29T13:12:59.000Z,,2024-11-29T13:13:01.000Z,,h_ead695572bea7e27,,1,2024-11-29T13:13:01.000Z,USD,u_b9dc3b9fd481c1ab,ACTIVE,h_60a9094802896f5b,[name],36.0,annual,,2025-11-29T13:13:01.000Z,book_club_member,,1,annual,2024-11-29T13:13:01.000Z,_UNKNOWN,3600,YEAR,annual,,,[name],2026-11-29T13:13:01.000Z,,300,,2026-11-29T13:13:01.000Z,2024-11-29T13:13:01.000Z,3600,[name],,https://www.supersummary.com/subscription,https://www.supersummary.com/subscription/confirming/cancel,,BCM Experience [July 2025] [25% one-time / No Entry Modal],,11-29-2024,,08-03-2026,11-29-2024,11-29-2024,11-29-2024,,11-29-2024,11-29-2026
Wg83GxE_b678a6d170bac920,Azz5ZeVIzNiA74T92,,Parents; fallback,,,[name],[name],,I don’t want my subscription to renew automatically,too_expensive_for_value_provided_1447236661,I don't want to commit to a subscription,i_dont_want_to_commit_to_a_subscription,,Pricing (eCommerce),pricing_ecommerce,9,,,u_8decf3e6253cc481,,,,0,,,Canceled,2026-08-03T16:59:15.000Z,2026-08-03T16:59:36.000Z,2026-08-03T16:59:36.000Z,,44.9,2026-08-03T16:59:36.000Z,cancel,Valid Cancel,annual,2027-05-08T01:45:01.000Z,2027-05-08T01:45:01.000Z,3.0,3.0,36.0,Brightback,,,,,,,Azz5ZeVIzNiA74T92,2026-05-08T01:45:00.000Z,,2026-05-08T01:45:01.000Z,,h_f765586720d41e1c,,1,2026-05-08T01:45:01.000Z,USD,u_8decf3e6253cc481,ACTIVE,h_8483608de1067fd1,[name],,,,2026-05-08T01:45:01.000Z,parent_of_student,,1,annual_essentials,2026-05-08T01:45:01.000Z,_UNKNOWN,3600,YEAR,,,Postgrad Program,[name],2027-05-08T01:45:01.000Z,,300,,2027-05-08T01:45:01.000Z,2026-05-08T01:45:01.000Z,3600,,,,,,Parent Experience [July 2025] [25% one-time / No Entry Modal],,05-08-2026,,08-03-2026,05-08-2026,05-08-2026,05-08-2026,,05-08-2026,05-08-2027
Wg83GRO_b86d402804c36ad7,AzqilqUspPGTz5dUo,,fallback,,,[name],[name],,I don’t want my subscription to renew automatically,too_expensive_for_value_provided_1447236661,I don't want to commit to a subscription,i_dont_want_to_commit_to_a_subscription,,Pricing (eCommerce),pricing_ecommerce,1,Nothing,,u_1f1e9bc5391dc5d0,"Graduated, don’t need it.",,,1,,,Canceled,2026-08-03T16:27:29.000Z,2026-08-03T16:29:03.000Z,2026-08-03T16:29:03.000Z,,44.92,2026-08-03T16:29:03.000Z,cancel,Valid Cancel,annual,2027-08-03T16:17:35.000Z,2027-08-03T16:17:35.000Z,3.0,3.0,36.0,Brightback,,,,,,,AzqilqUspPGTz5dUo,2025-08-03T16:17:33.000Z,,2025-08-03T16:17:35.000Z,,h_70fb2754407a0290,,1,2025-08-03T16:17:35.000Z,USD,u_1f1e9bc5391dc5d0,ACTIVE,h_62c36eb519de93fa,[name],,,,2026-08-03T16:17:35.000Z,other,,1,annual,2025-08-03T16:17:35.000Z,_UNKNOWN,3600,YEAR,,,,[name],2027-08-03T16:17:35.000Z,,300,,2027-08-03T16:17:35.000Z,2025-08-03T16:17:35.000Z,3600,,,,,,Default/Fallback [July 2025] [25% one time / No entry modal],,08-03-2025,,08-03-2026,08-03-2025,08-03-2025,08-03-2025,,08-03-2025,08-03-2027
Wg83FI4_a3fe8066619c9922,1709313,,Book Club Members; fallback,,,[name],[name],[name],I don’t want my subscription to renew automatically,too_expensive_for_value_provided_1447236661,I don't want to commit to a subscription,i_dont_want_to_commit_to_a_subscription,,Pricing (eCommerce),pricing_ecommerce,4,,,u_180797fdbd66ab1f,,,,0,36.0,,Canceled,2026-08-03T15:18:15.000Z,2026-08-03T15:18:30.000Z,2026-08-03T15:18:31.000Z,,44.97,2026-08-03T15:18:31.000Z,cancel,Valid Cancel,annual,2027-07-28T13:45:49.000Z,2027-07-28T13:45:49.000Z,3.0,3.0,36.0,Brightback,,,,,,,1709313,2026-07-28T13:45:46.000Z,,2026-07-28T13:45:49.000Z,,h_fb8a6fd07f26ff40,,1,2026-07-28T13:45:49.000Z,USD,u_180797fdbd66ab1f,ACTIVE,h_08984ecfeb0d2f16,[name],36.0,annual_essentials,,2026-07-28T13:45:49.000Z,book_club_member,,1,annual_essentials,2026-07-28T13:45:49.000Z,_UNKNOWN,3600,YEAR,annual_essentials,,,[name],2027-07-28T13:45:49.000Z,,300,,2027-07-28T13:45:49.000Z,2026-07-28T13:45:49.000Z,3600,[name],,https://www.supersummary.com/subscription,https://www.supersummary.com/subscription/confirming/cancel,,BCM Experience [July 2025] [25% one-time / No Entry Modal],,07-28-2026,,08-03-2026,07-28-2026,07-28-2026,07-28-2026,,07-28-2026,07-28-2027
Wg83DgY_be461f5e0fd0ad73,Azq8qkVCcqTVh8gLC,,Book Club Members; fallback,,,[name],[name],,I don’t want my subscription to renew automatically,too_expensive_for_value_provided_1447236661,I don't want to commit to a subscription,i_dont_want_to_commit_to_a_subscription,,Pricing (eCommerce),pricing_ecommerce,4,,,u_e5d345c5d1c8b2fb,,,,0,,,Canceled,2026-08-03T13:42:49.000Z,2026-08-03T13:43:14.000Z,2026-08-22T13:00:46.000Z,,45.04,2026-08-22T13:00:46.000Z,cancel,Valid Cancel,monthly,2026-09-01T14:21:44.000Z,2026-09-01T14:21:44.000Z,16.65,16.65,16.65,Brightback,,,,,,,Azq8qkVCcqTVh8gLC,2026-03-01T14:21:41.000Z,,2026-03-01T14:21:44.000Z,,h_e16e24715b414b3c,,1,2026-03-01T14:21:44.000Z,USD,u_e5d345c5d1c8b2fb,ACTIVE,h_0aebaa4480f7980a,[name],,,,2026-08-01T14:21:44.000Z,book_club_member,,1,monthly_plus,2026-03-01T14:21:44.000Z,_UNKNOWN,1665,MONTH,,,,[name],2026-09-01T14:21:44.000Z,,1665,,2026-09-01T14:21:44.000Z,2026-03-01T14:21:44.000Z,1665,,,,,,BCM Experience [July 2025] [25% one-time / No Entry Modal],,03-01-2026,,08-03-2026,03-01-2026,03-01-2026,03-01-2026,,03-01-2026,09-01-2026
Wg83Cuo_8cf13026b4785a7a,169n0YUsf8Kn73eVS,,Teachers; Annual,,,[name],[name],,I don’t want my subscription to renew automatically,too_expensive_for_value_provided_1447236661,I don't want to commit to a subscription,i_dont_want_to_commit_to_a_subscription,,Pricing (eCommerce),pricing_ecommerce,5,,,u_659ac39fd63678ad,Unsure,,,1,,,Canceled,2026-08-03T12:56:51.000Z,2026-08-03T12:57:37.000Z,2026-08-03T12:57:37.000Z,,45.07,2026-08-03T12:57:37.000Z,cancel,Valid Cancel,annual,2027-08-01T22:07:36.000Z,2027-08-01T22:07:36.000Z,3.0,3.0,36.0,Brightback,,,,,,,169n0YUsf8Kn73eVS,2025-08-01T22:07:35.000Z,,2025-08-01T22:07:36.000Z,,h_65e0f2e2ea0d9fd7,,1,2025-08-01T22:07:36.000Z,USD,u_659ac39fd63678ad,ACTIVE,h_ce68dabbe5685583,[name],,,,2026-08-01T22:07:36.000Z,teacher,,1,annual,2025-08-01T22:07:36.000Z,_UNKNOWN,3600,YEAR,,,other,[name],2027-08-01T22:07:36.000Z,,300,,2027-08-01T22:07:36.000Z,2025-08-01T22:07:36.000Z,3600,,,,,,Teacher Experience [July 2025] [40% one-time / Modal],,08-01-2025,,08-03-2026,08-01-2025,08-01-2025,08-01-2025,,08-01-2025,08-01-2027
Wg83BmJ_94024df8664b6fbb,1497754,,Students; fallback,,,[name],[name],[name],I don’t want my subscription to renew automatically,too_expensive_for_value_provided_1447236661,I don't want to commit to a subscription,i_dont_want_to_commit_to_a_subscription,,Pricing (eCommerce),pricing_ecommerce,10,the book,,u_c5ec6d9115e8f3f7,,,,0,9.95,,Canceled,2026-08-03T11:48:27.000Z,2026-08-03T11:49:05.000Z,2026-08-03T11:49:06.000Z,,45.12,2026-08-03T11:49:06.000Z,cancel,Valid Cancel,monthly,2026-09-03T11:15:27.000Z,2026-09-03T11:15:27.000Z,9.95,9.95,9.95,Brightback,,,,,,,1497754,2026-02-02T07:50:48.000Z,,2026-08-03T11:15:27.000Z,,h_a217f3582ec59c70,,1,2026-08-03T11:15:27.000Z,USD,u_c5ec6d9115e8f3f7,ACTIVE,h_f678e6c5eaa52944,[name],9.95,monthly_essentials,,2026-08-03T11:15:27.000Z,student,,1,monthly_essentials,2026-08-03T11:15:27.000Z,_UNKNOWN,995,MONTH,monthly_essentials,,High School,[name],2026-09-03T11:15:27.000Z,,995,,2026-09-03T11:15:27.000Z,2026-08-03T11:15:27.000Z,995,[name],,https://www.supersummary.com/subscription,https://www.supersummary.com/subscription/confirming/cancel,,Student Experience [July 2025] [25% one-time / No Entry Modal],,08-03-2026,,08-03-2026,08-03-2026,08-03-2026,02-02-2026,,08-03-2026,09-03-2026
Wg83486_925fe2671a191f05,AzqgWYUxGean21JVz,,Teachers; Monthly,,,[name],[name],,I don’t want my subscription to renew automatically,too_expensive_for_value_provided_1447236661,I don't want to commit to a subscription,i_dont_want_to_commit_to_a_subscription,,Pricing (eCommerce),pricing_ecommerce,6,,,u_4c2ee9c6881ccbee,,,,0,,,Canceled,2026-08-03T04:08:13.000Z,2026-08-03T04:08:35.000Z,2026-08-03T04:08:36.000Z,,45.44,2026-08-03T04:08:36.000Z,cancel,Valid Cancel,monthly,2026-08-19T18:03:20.000Z,2026-08-19T18:03:20.000Z,9.95,9.95,9.95,Brightback,,,,,,,AzqgWYUxGean21JVz,2025-09-19T18:03:18.000Z,,2025-09-19T18:03:20.000Z,,h_1502c846d99e6c48,,1,2025-09-19T18:03:20.000Z,USD,u_4c2ee9c6881ccbee,ACTIVE,h_354108e6cfe70ff6,[name],,,,2026-07-19T18:03:20.000Z,teacher,,1,monthly,2025-09-19T18:03:20.000Z,_UNKNOWN,995,MONTH,,,College,[name],2026-08-19T18:03:20.000Z,,995,,2026-08-19T18:03:20.000Z,2025-09-19T18:03:20.000Z,995,,,,,,Teacher Experience [July 2025] [40% forever / No entry modal],,09-19-2025,,08-03-2026,09-19-2025,09-19-2025,09-19-2025,,09-19-2025,08-19-2026
Wg832Ap_bd8f7f5f42aacb89,AzZOJVVRCBQWY1ThH,,Students; fallback,,,[name],[name],,I don’t want my subscription to renew automatically,too_expensive_for_value_provided_1447236661,I don't want to commit to a subscription,i_dont_want_to_commit_to_a_subscription,,Pricing (eCommerce),pricing_ecommerce,8,,,u_65f3e0fab9a3d709,,,,0,,,Canceled,2026-08-03T02:10:55.000Z,2026-08-03T02:11:15.000Z,2026-08-03T02:11:16.000Z,,45.52,2026-08-03T02:11:16.000Z,cancel,Valid Cancel,monthly,2026-09-03T02:08:49.000Z,2026-09-03T02:08:49.000Z,16.65,16.65,16.65,Brightback,,,,,,,AzZOJVVRCBQWY1ThH,2026-08-03T02:08:46.000Z,,2026-08-03T02:08:49.000Z,,h_40cbb3165384681c,,1,2026-08-03T02:08:49.000Z,USD,u_65f3e0fab9a3d709,ACTIVE,h_d4dd0e1cfa3831c3,[name],,,,2026-08-03T02:08:49.000Z,student,,1,monthly_plus,2026-08-03T02:08:49.000Z,_UNKNOWN,1665,MONTH,,,College,[name],2026-09-03T02:08:49.000Z,,1665,,2026-09-03T02:08:49.000Z,2026-08-03T02:08:49.000Z,1665,,,,,,Student Experience [July 2025] [25% one-time / No Entry Modal],,08-03-2026,,08-03-2026,08-03-2026,08-03-2026,08-03-2026,,08-03-2026,09-03-2026
Wg830mI_9ac0bcb41c9cffba,1534020,,Students; fallback,,,[name],[name],[name],I don’t want my subscription to renew automatically,too_expensive_for_value_provided_1447236661,I don't want to commit to a subscription,i_dont_want_to_commit_to_a_subscription,,Pricing (eCommerce),pricing_ecommerce,8,,,u_5c20966bd318919e,,,,0,16.65,,Canceled,2026-08-03T00:48:26.000Z,2026-08-03T00:48:57.000Z,2026-08-03T00:48:57.000Z,,45.58,2026-08-03T00:48:57.000Z,cancel,Valid Cancel,monthly,2026-08-26T01:19:15.000Z,2026-08-26T01:19:15.000Z,16.65,16.65,16.65,Brightback,,,,,,,1534020,2026-02-26T01:19:11.000Z,,2026-02-26T01:19:15.000Z,,h_d6a610091ee882f2,,1,2026-02-26T01:19:15.000Z,USD,u_5c20966bd318919e,ACTIVE,h_3b1def8cdeef452b,[name],16.65,monthly_plus,,2026-07-26T01:19:15.000Z,student,,1,monthly_plus,2026-02-26T01:19:15.000Z,_UNKNOWN,1665,MONTH,monthly_plus,,College,[name],2026-08-26T01:19:15.000Z,,1665,,2026-08-26T01:19:15.000Z,2026-02-26T01:19:15.000Z,1665,[name],,https://www.supersummary.com/subscription,https://www.supersummary.com/subscription/confirming/cancel,,Student Experience [July 2025] [25% one-time / No Entry Modal],,02-26-2026,,08-03-2026,02-26-2026,02-26-2026,02-26-2026,,02-26-2026,08-26-2026
Wg82NvH_97f1d133d41f2bed,1625609,,Teachers; fallback,,,[name],[name],[name],I don’t want my subscription to renew automatically,too_expensive_for_value_provided_1447236661,I don't want to commit to a subscription,i_dont_want_to_commit_to_a_subscription,,Pricing (eCommerce),pricing_ecommerce,7,Nothing at the moment,,u_64b3a8476b52fbe0,,,,0,9.95,,Canceled,2026-08-02T23:57:52.000Z,2026-08-02T23:58:57.000Z,2026-08-02T23:58:58.000Z,,45.61,2026-08-02T23:58:58.000Z,cancel,Valid Cancel,monthly,2026-08-03T21:23:55.000Z,2026-08-03T21:23:55.000Z,9.95,9.95,9.95,Brightback,,,,,,,1625609,2026-05-03T21:23:52.000Z,,2026-05-03T21:23:55.000Z,,h_207ee7b23c8121cf,,1,2026-05-03T21:23:55.000Z,USD,u_64b3a8476b52fbe0,ACTIVE,h_9832f2d3a72b9387,[name],9.95,monthly_essentials,,2026-07-03T21:23:55.000Z,teacher,,1,monthly_essentials,2026-05-03T21:23:55.000Z,_UNKNOWN,995,MONTH,monthly_essentials,,College,[name],2026-08-03T21:23:55.000Z,,995,,2026-08-03T21:23:55.000Z,2026-05-03T21:23:55.000Z,995,[name],,https://www.supersummary.com/subscription,https://www.supersummary.com/subscription/confirming/cancel,,Teacher Experience [July 2025] [40% one-time / Modal],,05-03-2026,,08-02-2026,05-03-2026,05-03-2026,05-03-2026,,05-03-2026,08-03-2026
Wg82MpT_8fb25d6e41df9a83,AzqJ6vVRBIi9BxkL,,Students; fallback,,,[name],[name],,I don’t want my subscription to renew automatically,too_expensive_for_value_provided_1447236661,I don't want to commit to a subscription,i_dont_want_to_commit_to_a_subscription,,Pricing (eCommerce),pricing_ecommerce,9,,,u_1043280968237843,Looks great,,,1,,,Canceled,2026-08-02T22:51:32.000Z,2026-08-02T22:52:01.000Z,2026-08-02T22:52:01.000Z,,45.66,2026-08-02T22:52:01.000Z,cancel,Valid Cancel,monthly,2026-09-02T22:31:28.000Z,2026-09-02T22:31:28.000Z,16.65,16.65,16.65,Brightback,,,,,,,AzqJ6vVRBIi9BxkL,2026-08-02T22:30:21.000Z,,2026-08-02T22:31:28.000Z,,h_52601766a5087388,,1,2026-08-02T22:31:28.000Z,USD,u_1043280968237843,ACTIVE,h_1441ff30fb980c8f,[name],,,,2026-08-02T22:31:28.000Z,student,,1,monthly_plus,2026-08-02T22:31:28.000Z,_UNKNOWN,1665,MONTH,,,Postgrad Program,[name],2026-09-02T22:31:28.000Z,,1665,,2026-09-02T22:31:28.000Z,2026-08-02T22:31:28.000Z,1665,,,,,,Student Experience [July 2025] [25% one-time / No Entry Modal],,08-02-2026,,08-02-2026,08-02-2026,08-02-2026,08-02-2026,,08-02-2026,09-02-2026
Wg82HnQ_9450cf9fbad8381f,AzqQ6jVR7v7zj7J3C,,Book Club Members; fallback,,,[name],[name],,I don’t want my subscription to renew automatically,too_expensive_for_value_provided_1447236661,I don't want to commit to a subscription,i_dont_want_to_commit_to_a_subscription,,Pricing (eCommerce),pricing_ecommerce,6,,,u_67b6dd950d9f6691,,,,0,,,Canceled,2026-08-02T17:49:34.000Z,2026-08-02T17:50:04.000Z,2026-08-02T17:50:05.000Z,,45.87,2026-08-02T17:50:05.000Z,cancel,Valid Cancel,monthly,2026-09-02T08:38:59.000Z,2026-09-02T08:38:59.000Z,16.65,16.65,16.65,Brightback,,,,,,,AzqQ6jVR7v7zj7J3C,2026-08-02T08:38:58.000Z,,2026-08-02T08:38:59.000Z,,h_b7751af0c31e9fd3,,1,2026-08-02T08:38:59.000Z,USD,u_67b6dd950d9f6691,ACTIVE,h_01da1b3cdbb32270,[name],,,,2026-08-02T08:38:59.000Z,book_club_member,,1,monthly_plus,2026-08-02T08:38:59.000Z,_UNKNOWN,1665,MONTH,,,,[name],2026-09-02T08:38:59.000Z,,1665,,2026-09-02T08:38:59.000Z,2026-08-02T08:38:59.000Z,1665,,,,,,BCM Experience [July 2025] [25% one-time / No Entry Modal],,08-02-2026,,08-02-2026,08-02-2026,08-02-2026,08-02-2026,,08-02-2026,09-02-2026
Wg82CZV_9e9bae6a5ba32c00,16CULlVOj9QJC2XQm,,Students; fallback,,,[name],[name],,I don’t want my subscription to renew automatically,too_expensive_for_value_provided_1447236661,I don't want to commit to a subscription,i_dont_want_to_commit_to_a_subscription,,Pricing (eCommerce),pricing_ecommerce,6,,,u_65a470c4e16919d2,,,,0,,,Canceled,2026-08-02T12:35:34.000Z,2026-08-02T12:36:13.000Z,2026-08-02T12:36:13.000Z,,46.09,2026-08-02T12:36:13.000Z,cancel,Valid Cancel,monthly,2026-08-07T22:01:12.000Z,2026-08-07T22:01:12.000Z,16.65,16.65,16.65,Brightback,,,,,,,16CULlVOj9QJC2XQm,2026-07-07T22:01:10.000Z,,2026-07-07T22:01:12.000Z,,h_b8d04bb2b396f85b,,1,2026-07-07T22:01:12.000Z,USD,u_65a470c4e16919d2,ACTIVE,h_ff3d97a0d689ccd2,[name],,,,2026-07-07T22:01:12.000Z,student,,1,monthly_plus,2026-07-07T22:01:12.000Z,_UNKNOWN,1665,MONTH,,,other,[name],2026-08-07T22:01:12.000Z,,1665,,2026-08-07T22:01:12.000Z,2026-07-07T22:01:12.000Z,1665,,,,,,Student Experience [July 2025] [25% one-time / No Entry Modal],,07-07-2026,,08-02-2026,07-07-2026,07-07-2026,07-07-2026,,07-07-2026,08-07-2026
Wg82BH1_aaab6234457f1942,Azys1vVQt1bKg2rcI,,fallback,,,[name],[name],,I don’t want my subscription to renew automatically,too_expensive_for_value_provided_1447236661,I don't want to commit to a subscription,i_dont_want_to_commit_to_a_subscription,,Pricing (eCommerce),pricing_ecommerce,7,Google,,u_8ad72aedc25f8d90,Month-to-month rather than an upfront annual charge. I would’ve been more likely to keep it without the pressure to pay for a year. ,,,1,,,Canceled,2026-08-02T11:17:02.000Z,2026-08-02T11:19:07.000Z,2026-08-02T11:19:07.000Z,,46.14,2026-08-02T11:19:07.000Z,cancel,Valid Cancel,annual,2027-07-30T19:30:37.000Z,2027-07-30T19:30:37.000Z,5.0,5.0,60.0,Brightback,,,,,,,Azys1vVQt1bKg2rcI,2026-07-30T19:30:35.000Z,,2026-07-30T19:30:37.000Z,,h_cbb835e886adba2f,,1,2026-07-30T19:30:37.000Z,USD,u_8ad72aedc25f8d90,ACTIVE,h_3f56c719deee0bc1,[name],,,,2026-07-30T19:30:37.000Z,avid_reader,,1,annual_plus,2026-07-30T19:30:37.000Z,_UNKNOWN,6000,YEAR,,,,[name],2027-07-30T19:30:37.000Z,,500,,2027-07-30T19:30:37.000Z,2026-07-30T19:30:37.000Z,6000,,,,,,Default/Fallback [July 2025] [25% one time / No entry modal],,07-30-2026,,08-02-2026,07-30-2026,07-30-2026,07-30-2026,,07-30-2026,07-30-2027
Wg82BaN_bb0f4cb12c3a6683,1713813,,Book Club Members; fallback,,,[name],[name],[name],I don’t want my subscription to renew automatically,too_expensive_for_value_provided_1447236661,I don't want to commit to a subscription,i_dont_want_to_commit_to_a_subscription,,Pricing (eCommerce),pricing_ecommerce,7,,,u_41c756f1e9e315ee,,,,0,9.95,,Canceled,2026-08-02T11:36:31.000Z,2026-08-02T11:37:01.000Z,2026-08-02T11:37:01.000Z,,46.13,2026-08-02T11:37:32.000Z,cancel,Valid Cancel,monthly,2026-09-02T10:59:40.000Z,2026-09-02T10:59:40.000Z,9.95,9.95,9.95,Brightback,,,,,,,1713813,2026-08-02T10:59:39.000Z,,2026-08-02T10:59:40.000Z,,h_5ab82845c035fa2a,,1,2026-08-02T10:59:40.000Z,USD,u_41c756f1e9e315ee,ACTIVE,h_7ea2fcf8b45a05ff,[name],9.95,monthly_essentials,,2026-08-02T10:59:40.000Z,book_club_member,,1,monthly_essentials,2026-08-02T10:59:40.000Z,_UNKNOWN,995,MONTH,monthly_essentials,,,[name],2026-09-02T10:59:40.000Z,,995,,2026-09-02T10:59:40.000Z,2026-08-02T10:59:40.000Z,995,[name],,https://www.supersummary.com/subscription,https://www.supersummary.com/subscription/confirming/cancel,,BCM Experience [July 2025] [25% one-time / No Entry Modal],,08-02-2026,,08-02-2026,08-02-2026,08-02-2026,08-02-2026,,08-02-2026,09-02-2026
Wg828XM_8fda3b9866251694,16CQGoVR76R5G6xEZ,,fallback,,,[name],[name],,I don’t want my subscription to renew automatically,too_expensive_for_value_provided_1447236661,I don't want to commit to a subscription,i_dont_want_to_commit_to_a_subscription,,Pricing (eCommerce),pricing_ecommerce,3,,,u_4040719c33ba5e81,,,,0,,,Canceled,2026-08-02T08:33:26.000Z,2026-08-02T08:35:00.000Z,2026-08-02T08:35:00.000Z,,46.25,2026-08-02T08:35:00.000Z,cancel,Valid Cancel,annual,2027-08-02T05:17:38.000Z,2027-08-02T05:17:38.000Z,3.0,3.0,36.0,Brightback,,,,,,,16CQGoVR76R5G6xEZ,2026-08-02T05:17:36.000Z,,2026-08-02T05:17:38.000Z,,h_ee3a96dff95691f1,,1,2026-08-02T05:17:38.000Z,USD,u_4040719c33ba5e81,ACTIVE,h_953d26c2df5ceaa2,[name],,,,2026-08-02T05:17:38.000Z,avid_reader,,1,annual_essentials,2026-08-02T05:17:38.000Z,_UNKNOWN,3600,YEAR,,,,[name],2027-08-02T05:17:38.000Z,,300,,2027-08-02T05:17:38.000Z,2026-08-02T05:17:38.000Z,3600,,,,,,Default/Fallback [July 2025] [25% one time / No entry modal],,08-02-2026,,08-02-2026,08-02-2026,08-02-2026,08-02-2026,,08-02-2026,08-02-2027
Wg822eB_9473a2df1d653443,743183,,Teachers; Annual,,,[name],[name],[name],I don’t want my subscription to renew automatically,too_expensive_for_value_provided_1447236661,I don't want to commit to a subscription,i_dont_want_to_commit_to_a_subscription,,Pricing (eCommerce),pricing_ecommerce,10,,,u_0cc4ff47374c94c2,,,,0,36.0,,Canceled,2026-08-02T02:43:03.000Z,2026-08-02T02:43:35.000Z,2026-08-02T02:43:36.000Z,,46.5,2026-08-02T02:43:36.000Z,cancel,Valid Cancel,annual,2026-10-20T03:57:37.000Z,2026-10-20T03:57:37.000Z,3.0,3.0,36.0,Brightback,,,,,,,743183,2024-10-20T03:57:35.000Z,,2024-10-20T03:57:37.000Z,,h_e3270b6d692fe794,,1,2024-10-20T03:57:37.000Z,USD,u_0cc4ff47374c94c2,ACTIVE,h_474749fc3d013574,[name],36.0,annual,,2025-10-20T03:57:37.000Z,teacher,,1,annual,2024-10-20T03:57:37.000Z,_UNKNOWN,3600,YEAR,annual,,College,[name],2026-10-20T03:57:37.000Z,,300,,2026-10-20T03:57:37.000Z,2024-10-20T03:57:37.000Z,3600,[name],,https://www.supersummary.com/subscription,https://www.supersummary.com/subscription/confirming/cancel,,Teacher Experience [July 2025] [40% one-time / Modal],,10-20-2024,,08-02-2026,10-20-2024,10-20-2024,10-20-2024,,10-20-2024,10-20-2026
Wg81N0t_865ab3db3450c17a,Azq9cKToeIiRs67x4,,Students; Monthly,,,[name],[name],,I don’t want my subscription to renew automatically,too_expensive_for_value_provided_1447236661,I don't want to commit to a subscription,i_dont_want_to_commit_to_a_subscription,,Pricing (eCommerce),pricing_ecommerce,2,nb nkjmnb,,u_c76a670087f3c978,kjbnmjn,,,1,,,Canceled,2026-08-01T23:01:05.000Z,2026-08-01T23:01:25.000Z,2026-08-01T23:01:25.000Z,,46.65,2026-08-01T23:01:25.000Z,cancel,Valid Cancel,monthly,2026-09-01T22:56:27.000Z,2026-09-01T22:56:27.000Z,9.95,9.95,9.95,Brightback,,,,,,,Azq9cKToeIiRs67x4,2023-09-01T22:56:14.000Z,,2023-09-01T22:56:27.000Z,,h_ee202b80976a6e3c,,1,2023-09-01T22:56:27.000Z,USD,u_c76a670087f3c978,ACTIVE,h_5863905af53d72c0,[name],,,,2026-08-01T22:56:27.000Z,student,,1,monthly,2023-09-01T22:56:27.000Z,_UNKNOWN,995,MONTH,,,College,[name],2026-09-01T22:56:27.000Z,,995,,2026-09-01T22:56:27.000Z,2023-09-01T22:56:27.000Z,995,,,,,,Student Experience [July 2025] [40% forever / Modal],,09-01-2023,,08-01-2026,09-01-2023,09-01-2023,09-01-2023,,09-01-2023,09-01-2026
Wg81K32_808aa43841411d64,AzZgZIVR4lB5e6Ib9,,fallback,,,[name],[name],,I don’t want my subscription to renew automatically,too_expensive_for_value_provided_1447236661,I don't want to commit to a subscription,i_dont_want_to_commit_to_a_subscription,,Pricing (eCommerce),pricing_ecommerce,5,,,u_aeaf09c6a90d69df,,,,0,,,Canceled,2026-08-01T20:03:05.000Z,2026-08-01T20:03:50.000Z,2026-08-02T22:11:09.000Z,,46.77,2026-08-02T22:11:09.000Z,cancel,Valid Cancel,annual,2027-08-01T19:40:38.000Z,2027-08-01T19:40:38.000Z,3.0,3.0,36.0,Brightback,,,,,,,AzZgZIVR4lB5e6Ib9,2026-08-01T19:40:37.000Z,,2026-08-01T19:40:38.000Z,,h_9c3579708ab90a2c,,1,2026-08-01T19:40:38.000Z,USD,u_aeaf09c6a90d69df,ACTIVE,h_f3a807df2f832488,[name],,,,2026-08-01T19:40:38.000Z,avid_reader,,1,annual_essentials,2026-08-01T19:40:38.000Z,_UNKNOWN,3600,YEAR,,,,[name],2027-08-01T19:40:38.000Z,,300,,2027-08-01T19:40:38.000Z,2026-08-01T19:40:38.000Z,3600,,,,,,Default/Fallback [July 2025] [25% one time / No entry modal],,08-01-2026,,08-01-2026,08-01-2026,08-01-2026,08-01-2026,,08-01-2026,08-01-2027
Wg81IQU_9cb94edee3b96026,169uXGUtNNgxE5BzK,,Teachers; Annual,,,[name],[name],,I don’t want my subscription to renew automatically,too_expensive_for_value_provided_1447236661,I don't want to commit to a subscription,i_dont_want_to_commit_to_a_subscription,,Pricing (eCommerce),pricing_ecommerce,8,,,u_45d530cc3a1cb601,,,,0,,,Canceled,2026-08-01T18:26:34.000Z,2026-08-01T18:27:25.000Z,2026-08-01T18:27:26.000Z,,46.84,2026-08-01T18:27:26.000Z,cancel,Valid Cancel,annual,2026-08-09T11:44:35.000Z,2026-08-09T11:44:35.000Z,3.0,3.0,36.0,Brightback,,,,,,,169uXGUtNNgxE5BzK,2025-08-09T11:44:33.000Z,,2025-08-09T11:44:35.000Z,,h_73c0a52ff806752b,,1,2025-08-09T11:44:35.000Z,USD,u_45d530cc3a1cb601,ACTIVE,h_8d54bf94dff5b159,[name],,,,2025-08-09T11:44:35.000Z,teacher,,1,annual,2025-08-09T11:44:35.000Z,_UNKNOWN,3600,YEAR,,,High School,[name],2026-08-09T11:44:35.000Z,,300,,2026-08-09T11:44:35.000Z,2025-08-09T11:44:35.000Z,3600,,,,,,Teacher Experience [July 2025] [40% one-time / Modal],,08-09-2025,,08-01-2026,08-09-2025,08-09-2025,08-09-2025,,08-09-2025,08-09-2026
Wg81GKg_8265124762ec6159,1480031,,Students; fallback,,,[name],[name],[name],I don’t want my subscription to renew automatically,too_expensive_for_value_provided_1447236661,I don't want to commit to a subscription,i_dont_want_to_commit_to_a_subscription,,Pricing (eCommerce),pricing_ecommerce,5,,,u_e4e7bbabaeb139ec,,,,0,9.95,,Canceled,2026-08-01T16:20:45.000Z,2026-08-01T16:20:58.000Z,2026-08-01T16:20:58.000Z,,46.93,2026-08-01T16:21:25.000Z,cancel,Valid Cancel,monthly,2026-08-20T12:39:31.000Z,2026-08-20T12:39:31.000Z,9.95,9.95,9.95,Brightback,,,,,,,1480031,2026-01-20T12:39:28.000Z,,2026-01-20T12:39:31.000Z,,h_cdd28aaa329c5f92,,1,2026-01-20T12:39:31.000Z,USD,u_e4e7bbabaeb139ec,ACTIVE,h_979cafff699e4aa4,[name],9.95,monthly_essentials,,2026-07-20T12:39:31.000Z,student,,1,monthly_essentials,2026-01-20T12:39:31.000Z,_UNKNOWN,995,MONTH,monthly_essentials,,High School,[name],2026-08-20T12:39:31.000Z,,995,,2026-08-20T12:39:31.000Z,2026-01-20T12:39:31.000Z,995,[name],,https://www.supersummary.com/subscription,https://www.supersummary.com/subscription/confirming/cancel,,Student Experience [July 2025] [25% one-time / No Entry Modal],,01-20-2026,,08-01-2026,01-20-2026,01-20-2026,01-20-2026,,01-20-2026,08-20-2026
Wg81GAw_aa36cd019824acae,Azyoh4VQztpqx3VF4,,Parents; fallback,,,[name],[name],,I don’t want my subscription to renew automatically,too_expensive_for_value_provided_1447236661,I don't want to commit to a subscription,i_dont_want_to_commit_to_a_subscription,,Pricing (eCommerce),pricing_ecommerce,10,,,u_22abf3cebf0c675f,,,,0,,,Canceled,2026-08-01T16:10:59.000Z,2026-08-01T16:11:13.000Z,2026-08-01T16:11:13.000Z,,46.94,2026-08-01T16:11:13.000Z,cancel,Valid Cancel,annual,2027-07-31T23:43:40.000Z,2027-07-31T23:43:40.000Z,5.0,5.0,60.0,Brightback,,,,,,,Azyoh4VQztpqx3VF4,2026-07-31T23:43:39.000Z,,2026-07-31T23:43:40.000Z,,h_ad7ca5aef0e96c86,,1,2026-07-31T23:43:40.000Z,USD,u_22abf3cebf0c675f,ACTIVE,h_5b27355580adaaa8,[name],,,,2026-07-31T23:43:40.000Z,parent_of_student,,1,annual_plus,2026-07-31T23:43:40.000Z,_UNKNOWN,6000,YEAR,,,Middle School,[name],2027-07-31T23:43:40.000Z,,500,,2027-07-31T23:43:40.000Z,2026-07-31T23:43:40.000Z,6000,,,,,,Parent Experience [July 2025] [25% one-time / No Entry Modal],,07-31-2026,,08-01-2026,07-31-2026,07-31-2026,07-31-2026,,07-31-2026,07-31-2027
Wg81EUV_9861c32f69a2dfdb,16A1RhVOgoFiM18n6,,Book Club Members; fallback,,,[name],[name],,I don’t want my subscription to renew automatically,too_expensive_for_value_provided_1447236661,I don't want to commit to a subscription,i_dont_want_to_commit_to_a_subscription,,Pricing (eCommerce),pricing_ecommerce,2,,,u_5eb6065bf3aba45e,,,,0,,,Canceled,2026-08-01T14:30:33.000Z,2026-08-01T14:30:55.000Z,2026-08-01T14:30:56.000Z,,47.01,2026-08-01T14:30:56.000Z,cancel,Valid Cancel,monthly,2026-08-07T12:24:34.000Z,2026-08-07T12:24:34.000Z,9.95,9.95,9.95,Brightback,,,,,,,16A1RhVOgoFiM18n6,2026-07-07T12:24:32.000Z,,2026-07-07T12:24:34.000Z,,h_a3528d4ffee78963,,1,2026-07-07T12:24:34.000Z,USD,u_5eb6065bf3aba45e,ACTIVE,h_389840edc5f45852,[name],,,,2026-07-07T12:24:34.000Z,book_club_member,,1,monthly_essentials,2026-07-07T12:24:34.000Z,_UNKNOWN,995,MONTH,,,,[name],2026-08-07T12:24:34.000Z,,995,,2026-08-07T12:24:34.000Z,2026-07-07T12:24:34.000Z,995,,,,,,BCM Experience [July 2025] [25% one-time / No Entry Modal],,07-07-2026,,08-01-2026,07-07-2026,07-07-2026,07-07-2026,,07-07-2026,08-07-2026
Wg81Ehb_9bd0913b751531f2,1290989,,Book Club Members; Annual,,,[name],[name],[name],I don’t want my subscription to renew automatically,too_expensive_for_value_provided_1447236661,I don't want to commit to a subscription,i_dont_want_to_commit_to_a_subscription,,Pricing (eCommerce),pricing_ecommerce,3,nothing,,u_a7d60af54d56cb6a,I don't like auto-payments.,,,1,36.0,,Canceled,2026-08-01T14:44:30.000Z,2026-08-01T14:46:42.000Z,2026-09-05T14:00:02.000Z,,47.0,2026-09-05T14:00:02.000Z,cancel,Valid Cancel,annual,2026-08-19T13:12:58.000Z,2026-08-19T13:12:58.000Z,3.0,3.0,36.0,Brightback,,,,,,,1290989,2025-08-19T13:12:54.000Z,,2025-08-19T13:12:58.000Z,,h_f628a3a9c04b2361,,1,2025-08-19T13:12:58.000Z,USD,u_a7d60af54d56cb6a,ACTIVE,h_36719fc41e28f251,[name],36.0,annual,,2025-08-19T13:12:58.000Z,book_club_member,,1,annual,2025-08-19T13:12:58.000Z,_UNKNOWN,3600,YEAR,annual,,,[name],2026-08-19T13:12:58.000Z,,300,,2026-08-19T13:12:58.000Z,2025-08-19T13:12:58.000Z,3600,[name],,https://www.supersummary.com/subscription,https://www.supersummary.com/subscription/confirming/cancel,,BCM Experience [July 2025] [25% one-time / No Entry Modal],,08-19-2025,,08-01-2026,08-19-2025,08-19-2025,08-19-2025,,08-19-2025,08-19-2026
Wg81Ar9_81d5119216c3cddd,1273529,,fallback,,,[name],[name],[name],I don’t want my subscription to renew automatically,too_expensive_for_value_provided_1447236661,I don't want to commit to a subscription,i_dont_want_to_commit_to_a_subscription,,Pricing (eCommerce),pricing_ecommerce,1,,,u_10bf08ee12fb8db8,,,,0,36.0,,Canceled,2026-08-01T10:53:24.000Z,2026-08-01T10:53:46.000Z,2026-08-01T10:53:46.000Z,,47.16,2026-08-01T10:53:46.000Z,cancel,Valid Cancel,annual,2027-08-01T10:50:43.000Z,2027-08-01T10:50:43.000Z,3.0,3.0,36.0,Brightback,,,,,,,1273529,2025-08-01T10:50:41.000Z,,2025-08-01T10:50:43.000Z,,h_f551b6a809096ae1,,1,2025-08-01T10:50:43.000Z,USD,u_10bf08ee12fb8db8,ACTIVE,h_67e793e562435bfd,[name],36.0,annual,,2026-08-01T10:50:43.000Z,other,,1,annual,2025-08-01T10:50:43.000Z,_UNKNOWN,3600,YEAR,annual,,,[name],2027-08-01T10:50:43.000Z,,300,,2027-08-01T10:50:43.000Z,2025-08-01T10:50:43.000Z,3600,[name],,https://www.supersummary.com/subscription,https://www.supersummary.com/subscription/confirming/cancel,,Default/Fallback [July 2025] [25% one time / No entry modal],,08-01-2025,,08-01-2026,08-01-2025,08-01-2025,08-01-2025,,08-01-2025,08-01-2027
Wg815XJ_a3f938174cb0d144,1660112,,fallback,,,[name],[name],[name],I don’t want my subscription to renew automatically,too_expensive_for_value_provided_1447236661,I don't want to commit to a subscription,i_dont_want_to_commit_to_a_subscription,,Pricing (eCommerce),pricing_ecommerce,1,Idk,,u_5d8a797b228c53f6,,,,0,9.95,,Canceled,2026-08-01T05:33:23.000Z,2026-08-01T05:33:40.000Z,2026-08-01T05:33:41.000Z,,47.38,2026-08-01T05:33:41.000Z,cancel,Valid Cancel,monthly,2026-08-31T01:24:00.000Z,,9.95,9.95,9.95,Brightback,,,,,,,1660112,2026-05-31T01:23:58.000Z,,2026-05-31T01:24:00.000Z,,h_754276dba15cb7f3,,1,2026-05-31T01:24:00.000Z,USD,u_5d8a797b228c53f6,NON_RENEWING,h_64ffecc42510d215,[name],9.95,monthly_essentials,,2026-07-31T01:24:00.000Z,other,,1,monthly_essentials,2026-05-31T01:24:00.000Z,_UNKNOWN,995,MONTH,monthly_essentials,,,[name],,,995,,2026-08-31T01:24:00.000Z,2026-05-31T01:24:00.000Z,995,[name],,https://www.supersummary.com/subscription,https://www.supersummary.com/subscription/confirming/cancel,,Default/Fallback [July 2025] [25% one time / No entry modal],,05-31-2026,,08-01-2026,05-31-2026,05-31-2026,05-31-2026,,05-31-2026,
Wg8130Y_bfe03e2d783f9879,1703112,,Teachers; fallback,,,[name],[name],[name],I don’t want my subscription to renew automatically,too_expensive_for_value_provided_1447236661,I don't want to commit to a subscription,i_dont_want_to_commit_to_a_subscription,,Pricing (eCommerce),pricing_ecommerce,5,,,u_1e5e4c04eaffeccc,,,,0,36.0,,Canceled,2026-08-01T03:00:46.000Z,2026-08-01T03:01:12.000Z,2026-08-01T03:01:12.000Z,,47.48,2026-08-01T03:01:12.000Z,cancel,Valid Cancel,annual,2027-07-22T02:31:22.000Z,2027-07-22T02:31:22.000Z,3.0,3.0,36.0,Brightback,,,,,,,1703112,2026-07-22T02:31:21.000Z,,2026-07-22T02:31:22.000Z,,h_99d719f445090a18,,1,2026-07-22T02:31:22.000Z,USD,u_1e5e4c04eaffeccc,ACTIVE,h_a0c1e95f0b4643c3,[name],36.0,annual_essentials,,2026-07-22T02:31:22.000Z,teacher,,1,annual_essentials,2026-07-22T02:31:22.000Z,_UNKNOWN,3600,YEAR,annual_essentials,,Middle School,[name],2027-07-22T02:31:22.000Z,,300,,2027-07-22T02:31:22.000Z,2026-07-22T02:31:22.000Z,3600,[name],,https://www.supersummary.com/subscription,https://www.supersummary.com/subscription/confirming/cancel,,Teacher Experience [July 2025] [40% one-time / Modal],,07-22-2026,,08-01-2026,07-22-2026,07-22-2026,07-22-2026,,07-22-2026,07-22-2027
