exit_session_id,id,language,Audiences Names,acceptedOffers,deflectType,ownerFirstName,ownerLastName,ownerFullName,reason,reasonId,bbkReason,bbkReasonId,reasonOther,bbkCategory,bbkCategoryId,returnLikelihood,competitor,competitionOther,email,details,drilldown_modal_feedback,free_text_modal_feedback,has_details,value,company,last_action,startTime,Cancel date,endTime,Save date,age,lastActiveDate,status,validation_status,billing_interval,sub_renewal_date,sub_expired_date,mrr,billing_mrr,billing_price,source,repurchases,repurchases_revenue,repurchases_first_date,winbacks,winbacks_revenue,winbacks_first_date,internal_id,Customer Create Date,Customer Payment Method State,First Purchase Date,Country,Subscription ID,Coupon Codes,Interval Length,Subscription Activation Date,Subscription Currency,Owner Email,Subscription Status,Billing ID,Owner Last Name,Contract Value,Product ID,Subscription Trial Start Date,Subscription Current Period Start,Customer Audience,State,Quantity,Plan ID,Subscription Start Date,Customer Type,Plan Amount,Plan Interval,Product Name,Coupon IDs,Customer Grade Level,Owner First Name,Subscription Next Billing Date,Subscription Product Family ID,Subscription MRR,Subscription Trial End Date,Subscription Current Period End,Subscription Create Date,Subscription Unit Amount,Owner Full Name,Organization Name,Save return URL,Cancel confirmation URL,Legacy Retention Experiment,Page attributed,Subscription Trial Start Date UTC,First Purchase Date UTC,Subscription Trial End Date UTC,Cancel date UTC,Subscription Activation Date UTC,Subscription Create Date UTC,Customer Create Date UTC,Save date UTC,Subscription Start Date UTC,Subscription Next Billing Date UTC
Wg8VLGB_a0be9a9ea0508496,1749007,,Students; fallback,,,[name],[name],[name],I didn’t expect to be charged,i_didnt_expect_to_be_charged_2010816994,Not ready to commit to annual membership,not_ready_to_commit_to_annual_membership,,Pricing (Digital),pricing_digital,6,,,u_fd665242c40d26d4,,,,0,60.0,,Canceled,2026-08-31T21:43:21.000Z,2026-08-31T21:53:56.000Z,2026-08-31T21:53:57.000Z,,16.71,2026-08-31T21:53:57.000Z,cancel,Valid Cancel,annual,2027-08-31T21:09:15.000Z,2027-08-31T21:09:15.000Z,5.0,5.0,60.0,Brightback,,,,,,,1749007,2026-08-31T21:09:14.000Z,,2026-08-31T21:09:15.000Z,,h_b2937c58ab3cb26f,,1,2026-08-31T21:09:15.000Z,USD,u_fd665242c40d26d4,ACTIVE,h_fec1286ca9b66a5a,[name],60.0,annual_plus,,2026-08-31T21:09:15.000Z,student,,1,annual_plus,2026-08-31T21:09:15.000Z,_UNKNOWN,6000,YEAR,annual_plus,,High School,[name],2027-08-31T21:09:15.000Z,,500,,2027-08-31T21:09:15.000Z,2026-08-31T21:09:15.000Z,6000,[name],,https://www.supersummary.com/subscription,https://www.supersummary.com/subscription/confirming/cancel,,Student Experience [July 2025] [25% one-time / No Entry Modal],,08-31-2026,,08-31-2026,08-31-2026,08-31-2026,08-31-2026,,08-31-2026,08-31-2027
Wg8VKxI_91d4203ada888cdf,635479,,Parents; Annual,,,[name],[name],[name],I didn’t expect to be charged,i_didnt_expect_to_be_charged_2010816994,Not ready to commit to annual membership,not_ready_to_commit_to_annual_membership,,Pricing (Digital),pricing_digital,1,I did not sign up for this!,,u_565ff075e7b621b7,,,,0,36.0,,Canceled,2026-08-31T20:59:47.000Z,2026-08-31T21:01:17.000Z,2026-08-31T21:01:17.000Z,,16.74,2026-08-31T21:01:17.000Z,cancel,Valid Cancel,annual,2027-08-22T23:30:39.000Z,2027-08-22T23:30:39.000Z,3.0,3.0,36.0,Brightback,,,,,,,635479,2024-08-22T23:30:38.000Z,,2024-08-22T23:30:39.000Z,,h_8989136c5dc2f837,,1,2024-08-22T23:30:39.000Z,USD,u_565ff075e7b621b7,ACTIVE,h_c03f11a29a21102a,[name],36.0,annual,,2026-08-22T23:30:39.000Z,parent_of_student,,1,annual,2024-08-22T23:30:39.000Z,_UNKNOWN,3600,YEAR,annual,,other,[name],2027-08-22T23:30:39.000Z,,300,,2027-08-22T23:30:39.000Z,2024-08-22T23:30:39.000Z,3600,[name],,https://www.supersummary.com/subscription,https://www.supersummary.com/subscription/confirming/cancel,,Parent Experience [July 2025] [25% one-time / Modal],,08-22-2024,,08-31-2026,08-22-2024,08-22-2024,08-22-2024,,08-22-2024,08-22-2027
Wg8VExs_b2553b8591de1368,AzqezMVNHoYs31Smp,,Students; fallback,,,[name],[name],,I didn’t expect to be charged,i_didnt_expect_to_be_charged_2010816994,Not ready to commit to annual membership,not_ready_to_commit_to_annual_membership,,Pricing (Digital),pricing_digital,1,,,u_e9d9ae91bdc0b2cd,,,,0,,,Canceled,2026-08-31T14:59:56.000Z,2026-08-31T15:00:23.000Z,2026-08-31T15:00:23.000Z,,16.99,2026-08-31T15:00:23.000Z,cancel,Valid Cancel,monthly,2026-09-22T15:20:06.000Z,2026-09-22T15:20:06.000Z,9.95,9.95,9.95,Brightback,,,,,,,AzqezMVNHoYs31Smp,2026-06-22T15:20:04.000Z,,2026-06-22T15:20:06.000Z,,h_595bbbaa78e51cd1,,1,2026-06-22T15:20:06.000Z,USD,u_e9d9ae91bdc0b2cd,ACTIVE,h_b77241bd8a3bccd7,[name],,,,2026-08-22T15:20:06.000Z,student,,1,monthly_essentials,2026-06-22T15:20:06.000Z,_UNKNOWN,995,MONTH,,,Postgrad Program,[name],2026-09-22T15:20:06.000Z,,995,,2026-09-22T15:20:06.000Z,2026-06-22T15:20:06.000Z,995,,,,,,Student Experience [July 2025] [25% one-time / No Entry Modal],,06-22-2026,,08-31-2026,06-22-2026,06-22-2026,06-22-2026,,06-22-2026,09-22-2026
Wg8VCfR_b447705fc6c2b0ac,1748148,,Students; fallback,,,[name],[name],[name],I didn’t expect to be charged,i_didnt_expect_to_be_charged_2010816994,Not ready to commit to annual membership,not_ready_to_commit_to_annual_membership,,Pricing (Digital),pricing_digital,1,,,u_401b930ff62f389a,,,,0,36.0,,Canceled,2026-08-31T12:42:09.000Z,2026-08-31T12:42:18.000Z,2026-08-31T12:42:19.000Z,,17.08,2026-08-31T12:42:19.000Z,cancel,Valid Cancel,annual,2027-08-31T12:27:03.000Z,,3.0,3.0,36.0,Brightback,,,,,,,1748148,2026-08-31T12:27:02.000Z,,2026-08-31T12:27:03.000Z,,h_13a21bf6626b935f,,1,2026-08-31T12:27:03.000Z,USD,u_401b930ff62f389a,NON_RENEWING,h_4d416dee44415c70,[name],36.0,annual_essentials,,2026-08-31T12:27:03.000Z,student,,1,annual_essentials,2026-08-31T12:27:03.000Z,_UNKNOWN,3600,YEAR,annual_essentials,,High School,[name],,,300,,2027-08-31T12:27:03.000Z,2026-08-31T12:27:03.000Z,3600,[name],,https://www.supersummary.com/subscription,https://www.supersummary.com/subscription/confirming/cancel,,Student Experience [July 2025] [25% one-time / No Entry Modal],,08-31-2026,,08-31-2026,08-31-2026,08-31-2026,08-31-2026,,08-31-2026,
Wg8UNSl_b8ce97516db24548,1744697,,Teachers; fallback,,,[name],[name],[name],I didn’t expect to be charged,i_didnt_expect_to_be_charged_2010816994,Not ready to commit to annual membership,not_ready_to_commit_to_annual_membership,,Pricing (Digital),pricing_digital,6,,,u_a3480263d8b066a1,,,,0,36.0,,Canceled,2026-08-30T23:28:58.000Z,2026-08-30T23:29:47.000Z,2026-08-30T23:29:47.000Z,,17.63,2026-08-30T23:29:47.000Z,cancel,Valid Cancel,annual,2027-08-28T14:45:16.000Z,2027-08-28T14:45:16.000Z,3.0,3.0,36.0,Brightback,,,,,,,1744697,2026-08-28T14:45:15.000Z,,2026-08-28T14:45:16.000Z,,h_7d4c6cd2824c0574,,1,2026-08-28T14:45:16.000Z,USD,u_a3480263d8b066a1,ACTIVE,h_de31a750c53755db,[name],36.0,annual_essentials,,2026-08-28T14:45:16.000Z,teacher,,1,annual_essentials,2026-08-28T14:45:16.000Z,_UNKNOWN,3600,YEAR,annual_essentials,,High School,[name],2027-08-28T14:45:16.000Z,,300,,2027-08-28T14:45:16.000Z,2026-08-28T14:45:16.000Z,3600,[name],,https://www.supersummary.com/subscription,https://www.supersummary.com/subscription/confirming/cancel,,Teacher Experience [July 2025] [40% one-time / Modal],,08-28-2026,,08-30-2026,08-28-2026,08-28-2026,08-28-2026,,08-28-2026,08-28-2027
Wg8UNai_a8c8eb5bec48d76c,16A6j9ToOEazsCYF,,Students; Annual,,,[name],[name],,I didn’t expect to be charged,i_didnt_expect_to_be_charged_2010816994,Not ready to commit to annual membership,not_ready_to_commit_to_annual_membership,,Pricing (Digital),pricing_digital,1,,,u_65b39b85d71d7d6d,,,,0,,,Canceled,2026-08-30T23:36:49.000Z,2026-08-30T23:37:08.000Z,2026-08-30T23:37:09.000Z,,17.63,2026-08-30T23:37:09.000Z,cancel,Valid Cancel,annual,2027-08-30T04:59:44.000Z,2027-08-30T04:59:44.000Z,3.0,3.0,36.0,Brightback,,,,,,,16A6j9ToOEazsCYF,2023-08-30T04:59:43.000Z,,2023-08-30T04:59:44.000Z,,h_95f665d48b1e49e8,,1,2023-08-30T04:59:44.000Z,USD,u_65b39b85d71d7d6d,ACTIVE,h_337a52a5a812a2a1,[name],,,,2026-08-30T04:59:44.000Z,student,,1,annual,2023-08-30T04:59:44.000Z,_UNKNOWN,3600,YEAR,,,College,[name],2027-08-30T04:59:44.000Z,,300,,2027-08-30T04:59:44.000Z,2023-08-30T04:59:44.000Z,3600,,,,,,Student Experience [July 2025] [25% one-time / No Entry Modal],,08-30-2023,,08-30-2026,08-30-2023,08-30-2023,08-30-2023,,08-30-2023,08-30-2027
Wg8UMkI_b4980fdeb12459d1,Azyr9GUvD5Phn3emK,,Students; Annual,,,[name],[name],,I didn’t expect to be charged,i_didnt_expect_to_be_charged_2010816994,Not ready to commit to annual membership,not_ready_to_commit_to_annual_membership,,Pricing (Digital),pricing_digital,1,,,u_9907b9ac892ce035,,,,0,,,Canceled,2026-08-30T22:46:21.000Z,2026-08-30T22:46:51.000Z,2026-08-30T22:46:51.000Z,,17.66,2026-08-30T22:46:51.000Z,cancel,Valid Cancel,annual,2027-08-28T22:27:01.000Z,2027-08-28T22:27:01.000Z,3.0,3.0,36.0,Brightback,,,,,,,Azyr9GUvD5Phn3emK,2025-08-28T22:26:58.000Z,,2025-08-28T22:27:01.000Z,,h_089666c1fa1b698d,,1,2025-08-28T22:27:01.000Z,USD,u_9907b9ac892ce035,ACTIVE,h_e7ba7437b389fc36,[name],,,,2026-08-28T22:27:01.000Z,student,,1,annual,2025-08-28T22:27:01.000Z,_UNKNOWN,3600,YEAR,,,College,[name],2027-08-28T22:27:01.000Z,,300,,2027-08-28T22:27:01.000Z,2025-08-28T22:27:01.000Z,3600,,,,,,Student Experience [July 2025] [25% one-time / No Entry Modal],,08-28-2025,,08-30-2026,08-28-2025,08-28-2025,08-28-2025,,08-28-2025,08-28-2027
Wg8ULF3_bd4ab2e3cb35d680,AzZMs0TnjEDbD5S9,,Students; Annual,,,[name],[name],,I didn’t expect to be charged,i_didnt_expect_to_be_charged_2010816994,Not ready to commit to annual membership,not_ready_to_commit_to_annual_membership,,Pricing (Digital),pricing_digital,5,AI,,u_a69ac978c8d43c34,Cheaper price,,,1,,,Canceled,2026-08-30T21:15:07.000Z,2026-08-30T21:15:32.000Z,2026-08-30T21:15:32.000Z,,17.72,2026-08-30T21:15:32.000Z,cancel,Valid Cancel,annual,2027-08-23T04:41:04.000Z,2027-08-23T04:41:04.000Z,3.0,3.0,36.0,Brightback,,,,,,,AzZMs0TnjEDbD5S9,2023-08-23T04:41:03.000Z,,2023-08-23T04:41:04.000Z,,h_efb5304a0e4af213,,1,2023-08-23T04:41:04.000Z,USD,u_a69ac978c8d43c34,ACTIVE,h_6bfd743fabbea4ef,[name],,,,2026-08-23T04:41:04.000Z,student,,1,annual,2023-08-23T04:41:04.000Z,_UNKNOWN,3600,YEAR,,,High School,[name],2027-08-23T04:41:04.000Z,,300,,2027-08-23T04:41:04.000Z,2023-08-23T04:41:04.000Z,3600,,,,,,Student Experience [July 2025] [25% one-time / No Entry Modal],,08-23-2023,,08-30-2026,08-23-2023,08-23-2023,08-23-2023,,08-23-2023,08-23-2027
Wg8UKwY_9432f5b6eb0310a0,AzZuqlVIHhBQI1vOF,,Students; fallback,,,[name],[name],,I didn’t expect to be charged,i_didnt_expect_to_be_charged_2010816994,Not ready to commit to annual membership,not_ready_to_commit_to_annual_membership,,Pricing (Digital),pricing_digital,1,Nothing ,,u_762affac3346873e,Nothing ,,,1,,,Canceled,2026-08-30T20:58:37.000Z,2026-08-30T20:59:01.000Z,2026-08-30T20:59:01.000Z,,17.74,2026-08-30T20:59:01.000Z,cancel,Valid Cancel,monthly,2026-09-30T14:26:23.000Z,2026-09-30T14:26:23.000Z,16.65,16.65,16.65,Brightback,,,,,,,AzZuqlVIHhBQI1vOF,2026-04-30T14:26:22.000Z,,2026-04-30T14:26:23.000Z,,h_39d00775605ea0c4,,1,2026-04-30T14:26:23.000Z,USD,u_762affac3346873e,ACTIVE,h_2d4989875ca4d3aa,[name],,,,2026-08-30T14:26:23.000Z,student,,1,monthly_plus,2026-04-30T14:26:23.000Z,_UNKNOWN,1665,MONTH,,,High School,[name],2026-09-30T14:26:23.000Z,,1665,,2026-09-30T14:26:23.000Z,2026-04-30T14:26:23.000Z,1665,,,,,,Student Experience [July 2025] [25% one-time / No Entry Modal],,04-30-2026,,08-30-2026,04-30-2026,04-30-2026,04-30-2026,,04-30-2026,09-30-2026
Wg8UIq7_b594d0c6d1a766e7,Azyp34VTo4owPBQHo,,fallback,,,[name],[name],,I didn’t expect to be charged,i_didnt_expect_to_be_charged_2010816994,Not ready to commit to annual membership,not_ready_to_commit_to_annual_membership,,Pricing (Digital),pricing_digital,2,,,u_d605fe19ec09239b,,,,0,,,Canceled,2026-08-30T18:52:27.000Z,2026-08-30T18:53:05.000Z,2026-08-30T18:53:06.000Z,,17.82,2026-08-30T18:53:06.000Z,cancel,Valid Cancel,annual,2027-08-30T18:38:41.000Z,2027-08-30T18:38:41.000Z,3.0,3.0,36.0,Brightback,,,,,,,Azyp34VTo4owPBQHo,2026-08-30T18:38:39.000Z,,2026-08-30T18:38:41.000Z,,h_463921bf4a149f58,,1,2026-08-30T18:38:41.000Z,USD,u_d605fe19ec09239b,ACTIVE,h_c3d46d12d9ae25f4,[name],,,,2026-08-30T18:38:41.000Z,avid_reader,,1,annual_essentials,2026-08-30T18:38:41.000Z,_UNKNOWN,3600,YEAR,,,,[name],2027-08-30T18:38:41.000Z,,300,,2027-08-30T18:38:41.000Z,2026-08-30T18:38:41.000Z,3600,,,,,,Default/Fallback [July 2025] [25% one time / No entry modal],,08-30-2026,,08-30-2026,08-30-2026,08-30-2026,08-30-2026,,08-30-2026,08-30-2027
Wg8UIBW_9aa8a103036d321b,1701495,,Teachers; fallback,,,[name],[name],[name],I didn’t expect to be charged,i_didnt_expect_to_be_charged_2010816994,Not ready to commit to annual membership,not_ready_to_commit_to_annual_membership,,Pricing (Digital),pricing_digital,1,,,u_bdcded37f8e351c3,Elderly person didn’t realize what she did. ,,,1,36.0,,Canceled,2026-08-30T18:11:37.000Z,2026-08-30T18:12:19.000Z,2026-08-30T18:12:19.000Z,,17.85,2026-08-30T18:12:19.000Z,cancel,Valid Cancel,annual,2027-07-20T17:03:22.000Z,2027-07-20T17:03:22.000Z,3.0,3.0,36.0,Brightback,,,,,,,1701495,2026-07-20T17:03:20.000Z,,2026-07-20T17:03:22.000Z,,h_6e4f96d8d35c9528,,1,2026-07-20T17:03:22.000Z,USD,u_bdcded37f8e351c3,ACTIVE,h_e882a1365e441b05,[name],36.0,annual_essentials,,2026-07-20T17:03:22.000Z,teacher,,1,annual_essentials,2026-07-20T17:03:22.000Z,_UNKNOWN,3600,YEAR,annual_essentials,,College,[name],2027-07-20T17:03:22.000Z,,300,,2027-07-20T17:03:22.000Z,2026-07-20T17:03:22.000Z,3600,[name],,https://www.supersummary.com/subscription,https://www.supersummary.com/subscription/confirming/cancel,,Teacher Experience [July 2025] [40% one-time / Modal],,07-20-2026,,08-30-2026,07-20-2026,07-20-2026,07-20-2026,,07-20-2026,07-20-2027
Wg8UFpt_abde11da1ac64dfc,403596,,Parents; Annual,,,[name],[name],[name],I didn’t expect to be charged,i_didnt_expect_to_be_charged_2010816994,Not ready to commit to annual membership,not_ready_to_commit_to_annual_membership,,Pricing (Digital),pricing_digital,1,,,u_548902549d03001d,,,,0,36.0,,Canceled,2026-08-30T15:52:04.000Z,2026-08-30T15:52:33.000Z,2026-08-30T15:52:33.000Z,,17.95,2026-08-30T15:52:33.000Z,cancel,Valid Cancel,annual,2027-08-29T21:35:07.000Z,2027-08-29T21:35:07.000Z,3.0,3.0,36.0,Brightback,,,,,,,403596,2023-08-29T21:35:06.000Z,,2023-08-29T21:35:07.000Z,,h_5b00775a08155679,,1,2023-08-29T21:35:07.000Z,USD,u_548902549d03001d,ACTIVE,h_2d39e7b68025c18e,[name],36.0,annual,,2026-08-29T21:35:07.000Z,parent_of_student,,1,annual,2023-08-29T21:35:07.000Z,_UNKNOWN,3600,YEAR,annual,,Middle School,[name],2027-08-29T21:35:07.000Z,,300,,2027-08-29T21:35:07.000Z,2023-08-29T21:35:07.000Z,3600,[name],,https://www.supersummary.com/subscription,https://www.supersummary.com/subscription/confirming/cancel,,Parent Experience [July 2025] [25% one-time / Modal],,08-29-2023,,08-30-2026,08-29-2023,08-29-2023,08-29-2023,,08-29-2023,08-29-2027
Wg8UEjZ_b33d26e43ca87d0d,16A6dWTnsCWit2tJb,,fallback,,,[name],[name],,I didn’t expect to be charged,i_didnt_expect_to_be_charged_2010816994,Not ready to commit to annual membership,not_ready_to_commit_to_annual_membership,,Pricing (Digital),pricing_digital,1,,,u_a16c2fcb843be55b,,,,0,,,Canceled,2026-08-30T14:45:40.000Z,2026-08-30T14:46:01.000Z,2026-08-30T14:46:01.000Z,,18.0,2026-08-30T14:46:01.000Z,cancel,Valid Cancel,annual,2027-08-24T17:30:48.000Z,2027-08-24T17:30:48.000Z,3.0,3.0,36.0,Brightback,,,,,,,16A6dWTnsCWit2tJb,2023-08-24T17:30:47.000Z,,2023-08-24T17:30:48.000Z,,h_7e152a8316748b8e,,1,2023-08-24T17:30:48.000Z,USD,u_a16c2fcb843be55b,ACTIVE,h_d713f4adf181f7f5,[name],,,,2026-08-24T17:30:48.000Z,other,,1,annual,2023-08-24T17:30:48.000Z,_UNKNOWN,3600,YEAR,,,,[name],2027-08-24T17:30:48.000Z,,300,,2027-08-24T17:30:48.000Z,2023-08-24T17:30:48.000Z,3600,,,,,,Default/Fallback [July 2025] [25% one time / No entry modal],,08-24-2023,,08-30-2026,08-24-2023,08-24-2023,08-24-2023,,08-24-2023,08-24-2027
Wg8UBQe_8815b582fc8090fd,AzZuGXULBQr0rBEkr,,Teachers; Annual,,,[name],[name],,I didn’t expect to be charged,i_didnt_expect_to_be_charged_2010816994,Not ready to commit to annual membership,not_ready_to_commit_to_annual_membership,,Pricing (Digital),pricing_digital,1,,,u_3c647bfea8796573,,,,0,,,Canceled,2026-08-30T11:26:42.000Z,2026-08-30T11:27:05.000Z,2026-08-30T11:27:05.000Z,,18.13,2026-08-30T11:27:05.000Z,cancel,Valid Cancel,annual,2027-08-11T22:19:57.000Z,2027-08-11T22:19:57.000Z,3.0,3.0,36.0,Brightback,,,,,,,AzZuGXULBQr0rBEkr,2024-08-11T22:19:54.000Z,,2024-08-11T22:19:57.000Z,,h_0b8244a2ca949717,,1,2024-08-11T22:19:57.000Z,USD,u_3c647bfea8796573,ACTIVE,h_9afd18a677ee6ef3,[name],,,,2026-08-11T22:19:57.000Z,teacher,,1,annual,2024-08-11T22:19:57.000Z,_UNKNOWN,3600,YEAR,,,other,[name],2027-08-11T22:19:57.000Z,,300,,2027-08-11T22:19:57.000Z,2024-08-11T22:19:57.000Z,3600,,,,,,Teacher Experience [July 2025] [40% one-time / Modal],,08-11-2024,,08-30-2026,08-11-2024,08-11-2024,08-11-2024,,08-11-2024,08-11-2027
Wg8U9WP_9a9e0eb23b5d0366,16CGUVUMmZvqS6IX3,,Book Club Members; Annual,,,[name],[name],,I didn’t expect to be charged,i_didnt_expect_to_be_charged_2010816994,Not ready to commit to annual membership,not_ready_to_commit_to_annual_membership,,Pricing (Digital),pricing_digital,5,,,u_de70a5e1a24e5dd4,,,,0,,,Canceled,2026-08-30T09:32:28.000Z,2026-08-30T09:33:05.000Z,2026-08-30T09:33:06.000Z,,18.21,2026-08-30T09:33:06.000Z,cancel,Valid Cancel,annual,2027-08-28T21:16:57.000Z,2027-08-28T21:16:57.000Z,3.0,3.0,36.0,Brightback,,,,,,,16CGUVUMmZvqS6IX3,2024-08-28T21:16:55.000Z,,2024-08-28T21:16:57.000Z,,h_9e4a179a7ef5bfa8,,1,2024-08-28T21:16:57.000Z,USD,u_de70a5e1a24e5dd4,ACTIVE,h_d388a6b5efa796bb,[name],,,,2026-08-28T21:16:57.000Z,book_club_member,,1,annual,2024-08-28T21:16:57.000Z,_UNKNOWN,3600,YEAR,,,,[name],2027-08-28T21:16:57.000Z,,300,,2027-08-28T21:16:57.000Z,2024-08-28T21:16:57.000Z,3600,,,,,,BCM Experience [July 2025] [25% one-time / No Entry Modal],,08-28-2024,,08-30-2026,08-28-2024,08-28-2024,08-28-2024,,08-28-2024,08-28-2027
Wg8U5Jj_bfd075f001816d43,AzqQDBVIFRsk8NFn,,Students; fallback,,,[name],[name],,I didn’t expect to be charged,i_didnt_expect_to_be_charged_2010816994,Not ready to commit to annual membership,not_ready_to_commit_to_annual_membership,,Pricing (Digital),pricing_digital,6,,,u_02dad38a2496fc3f,,,,0,,,Canceled,2026-08-30T05:19:47.000Z,2026-08-30T05:20:04.000Z,2026-08-30T05:20:04.000Z,,18.39,2026-08-30T05:20:04.000Z,cancel,Valid Cancel,monthly,2026-09-30T05:13:04.000Z,2026-09-30T05:13:04.000Z,9.95,9.95,9.95,Brightback,,,,,,,AzqQDBVIFRsk8NFn,2026-04-28T05:12:52.000Z,,2026-04-30T05:13:04.000Z,,h_e960da8baec624ba,,1,2026-04-30T05:13:04.000Z,USD,u_02dad38a2496fc3f,ACTIVE,h_367717e29ffe3b9d,[name],,,,2026-08-30T05:13:04.000Z,student,,1,monthly_essentials,2026-04-30T05:13:04.000Z,_UNKNOWN,995,MONTH,,,College,[name],2026-09-30T05:13:04.000Z,,995,,2026-09-30T05:13:04.000Z,2026-04-30T05:13:04.000Z,995,,,,,,Student Experience [July 2025] [25% one-time / No Entry Modal],,04-30-2026,,08-30-2026,04-30-2026,04-30-2026,04-28-2026,,04-30-2026,09-30-2026
Wg8U2QL_acce4844c489109f,6oawSUMX219ZDdN,,Students; Annual,,,[name],[name],,I didn’t expect to be charged,i_didnt_expect_to_be_charged_2010816994,Not ready to commit to annual membership,not_ready_to_commit_to_annual_membership,,Pricing (Digital),pricing_digital,6,,,u_63e20c8f0d8331b4,Don't auto renew,,,1,,,Canceled,2026-08-30T02:26:55.000Z,2026-08-30T02:28:19.000Z,2026-08-30T02:28:20.000Z,,18.51,2026-08-30T02:28:20.000Z,cancel,Valid Cancel,annual,2027-08-26T05:28:10.000Z,2027-08-26T05:28:10.000Z,3.0,3.0,36.0,Brightback,,,,,,,6oawSUMX219ZDdN,2024-08-26T05:28:08.000Z,,2024-08-26T05:28:10.000Z,,h_8f573f00d4d23a0f,,1,2024-08-26T05:28:10.000Z,USD,u_63e20c8f0d8331b4,ACTIVE,h_3fba05e39c4e2b5a,[name],,,,2026-08-26T05:28:10.000Z,student,,1,annual,2024-08-26T05:28:10.000Z,_UNKNOWN,3600,YEAR,,,High School,[name],2027-08-26T05:28:10.000Z,,300,,2027-08-26T05:28:10.000Z,2024-08-26T05:28:10.000Z,3600,,,,,,Student Experience [July 2025] [25% one-time / No Entry Modal],,08-26-2024,,08-30-2026,08-26-2024,08-26-2024,08-26-2024,,08-26-2024,08-26-2027
Wg8TLPQ_945c69a1e3a37d4f,1746046,,Parents; fallback,,,[name],[name],[name],I didn’t expect to be charged,i_didnt_expect_to_be_charged_2010816994,Not ready to commit to annual membership,not_ready_to_commit_to_annual_membership,,Pricing (Digital),pricing_digital,5,,,u_79c4714806ba563a,,,,0,16.65,,Canceled,2026-08-29T21:25:27.000Z,2026-08-29T21:25:39.000Z,2026-08-29T21:25:39.000Z,,18.72,2026-08-29T21:25:39.000Z,cancel,Valid Cancel,monthly,2026-09-29T21:22:57.000Z,2026-09-29T21:22:57.000Z,12.49,12.49,16.65,Brightback,,,,,,,1746046,2026-08-29T21:22:56.000Z,,2026-08-29T21:22:57.000Z,,h_569a23ba247be0c5,,1,2026-08-29T21:22:57.000Z,USD,u_79c4714806ba563a,ACTIVE,h_326f91b8bdbf1779,[name],16.65,monthly_plus,,2026-08-29T21:22:57.000Z,parent_of_student,,1,monthly_plus,2026-08-29T21:22:57.000Z,_UNKNOWN,1665,MONTH,monthly_plus,nmTKUhkQCvq,Middle School,[name],2026-09-29T21:22:57.000Z,,1249,,2026-09-29T21:22:57.000Z,2026-08-29T21:22:57.000Z,1665,[name],,https://www.supersummary.com/subscription,https://www.supersummary.com/subscription/confirming/cancel,,Parent Experience [July 2025] [25% one-time / No Entry Modal],,08-29-2026,,08-29-2026,08-29-2026,08-29-2026,08-29-2026,,08-29-2026,09-29-2026
Wg8TIWg_9cb5abcbadd19359,1209195,,fallback,,,[name],[name],[name],I didn’t expect to be charged,i_didnt_expect_to_be_charged_2010816994,Not ready to commit to annual membership,not_ready_to_commit_to_annual_membership,,Pricing (Digital),pricing_digital,5,,,u_7c6843aa9c1d41a2,,,,0,36.0,,Canceled,2026-08-29T18:33:05.000Z,2026-08-29T18:33:28.000Z,2026-08-29T18:33:29.000Z,,18.84,2026-08-29T18:33:29.000Z,cancel,Valid Cancel,annual,2027-08-28T19:35:56.000Z,2027-08-28T19:35:56.000Z,3.0,3.0,36.0,Brightback,,,,,,,1209195,2025-08-28T19:35:53.000Z,,2025-08-28T19:35:56.000Z,,h_a03f953a14a349f8,,1,2025-08-28T19:35:56.000Z,USD,u_7c6843aa9c1d41a2,ACTIVE,h_18b18c26996966dd,[name],36.0,annual,,2026-08-28T19:35:56.000Z,other,,1,annual,2025-08-28T19:35:56.000Z,_UNKNOWN,3600,YEAR,annual,,,[name],2027-08-28T19:35:56.000Z,,300,,2027-08-28T19:35:56.000Z,2025-08-28T19:35:56.000Z,3600,[name],,https://www.supersummary.com/subscription,https://www.supersummary.com/subscription/confirming/cancel,,Default/Fallback [July 2025] [25% one time / No entry modal],,08-28-2025,,08-29-2026,08-28-2025,08-28-2025,08-28-2025,,08-28-2025,08-28-2027
Wg8THFX_b19d27de4c465ec7,169xQuVTXzJes9jVw,,Parents; fallback,,,[name],[name],,I didn’t expect to be charged,i_didnt_expect_to_be_charged_2010816994,Not ready to commit to annual membership,not_ready_to_commit_to_annual_membership,,Pricing (Digital),pricing_digital,5,,,u_c1bb6aa005dfc4e7,,,,0,,,Canceled,2026-08-29T17:15:39.000Z,2026-08-29T17:16:10.000Z,2026-08-29T17:16:10.000Z,,18.89,2026-08-29T17:16:10.000Z,cancel,Valid Cancel,annual,2027-08-28T00:36:27.000Z,2027-08-28T00:36:27.000Z,5.0,5.0,60.0,Brightback,,,,,,,169xQuVTXzJes9jVw,2026-08-28T00:36:25.000Z,,2026-08-28T00:36:27.000Z,,h_cc96ab1cac7cb809,,1,2026-08-28T00:36:27.000Z,USD,u_c1bb6aa005dfc4e7,ACTIVE,h_fd1a61dcbdadc872,[name],,,,2026-08-28T00:36:27.000Z,parent_of_student,,1,annual_plus,2026-08-28T00:36:27.000Z,_UNKNOWN,6000,YEAR,,,Middle School,[name],2027-08-28T00:36:27.000Z,,500,,2027-08-28T00:36:27.000Z,2026-08-28T00:36:27.000Z,6000,,,,,,Parent Experience [July 2025] [25% one-time / No Entry Modal],,08-28-2026,,08-29-2026,08-28-2026,08-28-2026,08-28-2026,,08-28-2026,08-28-2027
Wg8TGw4_bc48795e44d95257,1745797,,Students; fallback,,,[name],[name],[name],I didn’t expect to be charged,i_didnt_expect_to_be_charged_2010816994,Not ready to commit to annual membership,not_ready_to_commit_to_annual_membership,,Pricing (Digital),pricing_digital,1,,,u_d1bd99bcb19719f9,,,,0,60.0,,Canceled,2026-08-29T16:58:08.000Z,2026-08-29T16:58:31.000Z,2026-08-29T16:58:31.000Z,,18.9,2026-08-29T18:29:43.000Z,cancel,Valid Cancel,annual,2027-08-29T16:56:27.000Z,2027-08-29T16:56:27.000Z,3.75,3.75,60.0,Brightback,,,,,,,1745797,2026-08-29T16:56:25.000Z,,2026-08-29T16:56:27.000Z,,h_2e88e4c9407917af,,1,2026-08-29T16:56:27.000Z,USD,u_d1bd99bcb19719f9,ACTIVE,h_2dfc0286a230b830,[name],60.0,annual_plus,,2026-08-29T16:56:27.000Z,student,,1,annual_plus,2026-08-29T16:56:27.000Z,_UNKNOWN,6000,YEAR,annual_plus,nmTKUhkQCvq,College,[name],2027-08-29T16:56:27.000Z,,375,,2027-08-29T16:56:27.000Z,2026-08-29T16:56:27.000Z,6000,[name],,https://www.supersummary.com/subscription,https://www.supersummary.com/subscription/confirming/cancel,,Student Experience [July 2025] [25% one-time / No Entry Modal],,08-29-2026,,08-29-2026,08-29-2026,08-29-2026,08-29-2026,,08-29-2026,08-29-2027
Wg8TDBZ_89166a5d9816f491,79233,,Students; Annual,,,[name],[name],[name],I didn’t expect to be charged,i_didnt_expect_to_be_charged_2010816994,Not ready to commit to annual membership,not_ready_to_commit_to_annual_membership,,Pricing (Digital),pricing_digital,5,Nothing - I don’t need it.,,u_2de2b54de9b1ac9b,N/A,,,1,36.0,,Canceled,2026-08-29T13:11:48.000Z,2026-08-29T13:14:00.000Z,2026-08-29T13:14:01.000Z,,19.06,2026-08-29T13:14:01.000Z,cancel,Valid Cancel,annual,2027-08-26T07:54:14.000Z,2027-08-26T07:54:14.000Z,3.0,3.0,36.0,Brightback,,,,,,,79233,2021-06-10T04:12:24.000Z,,2021-06-10T04:13:12.000Z,,h_ed6587a99d865e0d,,1,2024-08-26T07:54:14.000Z,USD,u_2de2b54de9b1ac9b,ACTIVE,h_44036bec8e9b529c,[name],36.0,annual,,2026-08-26T07:54:14.000Z,student,,1,annual,2021-06-10T04:13:12.000Z,_UNKNOWN,3600,YEAR,annual,,High School,[name],2027-08-26T07:54:14.000Z,,300,,2027-08-26T07:54:14.000Z,2021-06-10T04:13:12.000Z,3600,[name],,https://www.supersummary.com/subscription,https://www.supersummary.com/subscription/confirming/cancel,,Student Experience [July 2025] [25% one-time / No Entry Modal],,06-10-2021,,08-29-2026,08-26-2024,06-10-2021,06-10-2021,,06-10-2021,08-26-2027
Wg8TCPm_8713de3f3593f3c7,6oksvUqTi1Ms3ev6,,Students; Annual,,,[name],[name],,I didn’t expect to be charged,i_didnt_expect_to_be_charged_2010816994,Not ready to commit to annual membership,not_ready_to_commit_to_annual_membership,,Pricing (Digital),pricing_digital,2,,,u_a6ef1553c48cb126,,,,0,,,Canceled,2026-08-29T12:25:52.000Z,2026-08-29T12:26:41.000Z,2026-08-31T23:27:55.000Z,,19.09,2026-08-31T23:27:55.000Z,cancel,Valid Cancel,annual,2027-07-09T18:16:20.000Z,2027-07-09T18:16:20.000Z,3.0,3.0,36.0,Brightback,,,,,,,6oksvUqTi1Ms3ev6,2025-07-09T18:16:17.000Z,,2025-07-09T18:16:20.000Z,,h_33acfcaa594b4254,,1,2025-07-09T18:16:20.000Z,USD,u_a6ef1553c48cb126,ACTIVE,h_cd5b989da6e5495b,[name],,,,2026-07-09T18:16:20.000Z,student,,1,annual,2025-07-09T18:16:20.000Z,_UNKNOWN,3600,YEAR,,,High School,[name],2027-07-09T18:16:20.000Z,,300,,2027-07-09T18:16:20.000Z,2025-07-09T18:16:20.000Z,3600,,,,,,Student Experience [July 2025] [25% one-time / No Entry Modal],,07-09-2025,,08-29-2026,07-09-2025,07-09-2025,07-09-2025,,07-09-2025,07-09-2027
Wg8T99n_92c2adc6d21af1e9,Azz7wxVTER0Iu2ATh,,Students; fallback,,,[name],[name],,I didn’t expect to be charged,i_didnt_expect_to_be_charged_2010816994,Not ready to commit to annual membership,not_ready_to_commit_to_annual_membership,,Pricing (Digital),pricing_digital,8,my actual book,,u_a15210dae242be98,no payment,,,1,,,Canceled,2026-08-29T09:10:03.000Z,2026-08-29T09:11:07.000Z,2026-08-29T09:11:08.000Z,,19.23,2026-08-29T09:11:08.000Z,cancel,Valid Cancel,annual,2027-08-24T16:20:59.000Z,2027-08-24T16:20:59.000Z,3.0,3.0,36.0,Brightback,,,,,,,Azz7wxVTER0Iu2ATh,2026-08-24T16:20:57.000Z,,2026-08-24T16:20:59.000Z,,h_94e950359549ac88,,1,2026-08-24T16:20:59.000Z,USD,u_a15210dae242be98,ACTIVE,h_eb8b8b672c34fcd9,[name],,,,2026-08-24T16:20:59.000Z,student,,1,annual_essentials,2026-08-24T16:20:59.000Z,_UNKNOWN,3600,YEAR,,,High School,[name],2027-08-24T16:20:59.000Z,,300,,2027-08-24T16:20:59.000Z,2026-08-24T16:20:59.000Z,3600,,,,,,Student Experience [July 2025] [25% one-time / No Entry Modal],,08-24-2026,,08-29-2026,08-24-2026,08-24-2026,08-24-2026,,08-24-2026,08-24-2027
Wg8T7AL_ab3ac79e4779eff8,AzZv23VTfHRuI4zVy,,Book Club Members; fallback,,,[name],[name],,I didn’t expect to be charged,i_didnt_expect_to_be_charged_2010816994,Not ready to commit to annual membership,not_ready_to_commit_to_annual_membership,,Pricing (Digital),pricing_digital,5,,,u_850b4620daba9e55,,,,0,,,Canceled,2026-08-29T07:10:23.000Z,2026-08-29T07:10:39.000Z,2026-08-29T07:10:39.000Z,,19.31,2026-08-29T07:10:39.000Z,cancel,Valid Cancel,monthly,2026-09-29T06:32:23.000Z,2026-09-29T06:32:23.000Z,9.95,9.95,9.95,Brightback,,,,,,,AzZv23VTfHRuI4zVy,2026-08-29T06:32:22.000Z,,2026-08-29T06:32:23.000Z,,h_0e08d64b92795bf1,,1,2026-08-29T06:32:23.000Z,USD,u_850b4620daba9e55,ACTIVE,h_f23ea383404ee499,[name],,,,2026-08-29T06:32:23.000Z,book_club_member,,1,monthly_essentials,2026-08-29T06:32:23.000Z,_UNKNOWN,995,MONTH,,,,[name],2026-09-29T06:32:23.000Z,,995,,2026-09-29T06:32:23.000Z,2026-08-29T06:32:23.000Z,995,,,,,,BCM Experience [July 2025] [25% one-time / No Entry Modal],,08-29-2026,,08-29-2026,08-29-2026,08-29-2026,08-29-2026,,08-29-2026,09-29-2026
Wg8T4td_a1d9f6942d92b224,403248,,Teachers; Annual,,,[name],[name],[name],I didn’t expect to be charged,i_didnt_expect_to_be_charged_2010816994,Not ready to commit to annual membership,not_ready_to_commit_to_annual_membership,,Pricing (Digital),pricing_digital,8,Nothing,,u_9a019a0b42d2c98f,,,,0,36.0,,Canceled,2026-08-29T04:55:56.000Z,2026-08-29T04:56:36.000Z,2026-08-29T04:56:36.000Z,,19.4,2026-08-29T04:56:36.000Z,cancel,Valid Cancel,annual,2027-08-29T04:54:24.000Z,2027-08-29T04:54:24.000Z,3.0,3.0,36.0,Brightback,,,,,,,403248,2023-08-29T04:50:58.000Z,,2023-08-29T04:54:24.000Z,,h_391f62e0a418fbf1,,1,2023-08-29T04:54:24.000Z,USD,u_9a019a0b42d2c98f,ACTIVE,h_32f408e8dd69d1f1,[name],36.0,annual,,2026-08-29T04:54:24.000Z,teacher,,1,annual,2023-08-29T04:54:24.000Z,_UNKNOWN,3600,YEAR,annual,,other,[name],2027-08-29T04:54:24.000Z,,300,,2027-08-29T04:54:24.000Z,2023-08-29T04:54:24.000Z,3600,[name],,https://www.supersummary.com/subscription,https://www.supersummary.com/subscription/confirming/cancel,,Teacher Experience [July 2025] [40% one-time / Modal],,08-29-2023,,08-29-2026,08-29-2023,08-29-2023,08-29-2023,,08-29-2023,08-29-2027
Wg8T4CW_b22784bb5f2caa91,AzqYYTVOdwLnwDgpE,,Students; fallback,,,[name],[name],,I didn’t expect to be charged,i_didnt_expect_to_be_charged_2010816994,Not ready to commit to annual membership,not_ready_to_commit_to_annual_membership,,Pricing (Digital),pricing_digital,1,X,,u_a35801e8fcf4775e,X,,,1,,,Canceled,2026-08-29T04:12:34.000Z,2026-08-29T04:12:57.000Z,2026-08-29T04:12:57.000Z,,19.43,2026-08-29T04:12:57.000Z,cancel,Valid Cancel,monthly,2026-09-07T00:37:55.000Z,2026-09-07T00:37:55.000Z,16.65,16.65,16.65,Brightback,,,,,,,AzqYYTVOdwLnwDgpE,2026-07-07T00:37:52.000Z,,2026-07-07T00:37:55.000Z,,h_5e5d6b2e0e1657ef,,1,2026-07-07T00:37:55.000Z,USD,u_a35801e8fcf4775e,ACTIVE,h_987fe39130c2e004,[name],,,,2026-08-07T00:37:55.000Z,student,,1,monthly_plus,2026-07-07T00:37:55.000Z,_UNKNOWN,1665,MONTH,,,Middle School,[name],2026-09-07T00:37:55.000Z,,1665,,2026-09-07T00:37:55.000Z,2026-07-07T00:37:55.000Z,1665,,,,,,Student Experience [July 2025] [25% one-time / No Entry Modal],,07-07-2026,,08-29-2026,07-07-2026,07-07-2026,07-07-2026,,07-07-2026,09-07-2026
Wg8T4B9_973213a28cf5a179,AzqgIdVTeXO5h44vF,,Students; fallback,,,[name],[name],,I didn’t expect to be charged,i_didnt_expect_to_be_charged_2010816994,Not ready to commit to annual membership,not_ready_to_commit_to_annual_membership,,Pricing (Digital),pricing_digital,5,Nothing,,u_08e86ab40430f628,It said 7 days free but it wasn't. So don't lie ,,,1,,,Canceled,2026-08-29T04:11:12.000Z,2026-08-29T04:12:08.000Z,2026-08-29T04:12:09.000Z,,19.44,2026-08-29T04:12:09.000Z,cancel,Valid Cancel,monthly,2026-09-29T03:29:26.000Z,2026-09-29T03:29:26.000Z,9.95,9.95,9.95,Brightback,,,,,,,AzqgIdVTeXO5h44vF,2026-04-20T09:50:11.000Z,,2026-08-29T03:29:26.000Z,,h_bb04b61a2471fe2f,,1,2026-08-29T03:29:26.000Z,USD,u_08e86ab40430f628,ACTIVE,h_fbdd54c1cfb2c51a,[name],,,,2026-08-29T03:29:26.000Z,student,,1,monthly_essentials,2026-08-29T03:29:26.000Z,_UNKNOWN,995,MONTH,,,Postgrad Program,[name],2026-09-29T03:29:26.000Z,,995,,2026-09-29T03:29:26.000Z,2026-08-29T03:29:26.000Z,995,,,,,,Student Experience [July 2025] [25% one-time / No Entry Modal],,08-29-2026,,08-29-2026,08-29-2026,08-29-2026,04-20-2026,,08-29-2026,09-29-2026
Wg8SL1D_affbb6dbe4d2f50b,1744000,,Students; fallback,,,[name],[name],[name],I didn’t expect to be charged,i_didnt_expect_to_be_charged_2010816994,Not ready to commit to annual membership,not_ready_to_commit_to_annual_membership,,Pricing (Digital),pricing_digital,2,,,u_7f91a5df7592c245,free,,,1,36.0,,Canceled,2026-08-28T21:01:51.000Z,2026-08-28T21:03:23.000Z,2026-08-28T21:03:23.000Z,,19.73,2026-08-28T21:03:23.000Z,cancel,Valid Cancel,annual,2027-08-27T23:15:10.000Z,2027-08-27T23:15:10.000Z,3.0,3.0,36.0,Brightback,,,,,,,1744000,2026-08-27T23:15:05.000Z,,2026-08-27T23:15:10.000Z,,h_a9596cc6e4ba215a,,1,2026-08-27T23:15:10.000Z,USD,u_7f91a5df7592c245,ACTIVE,h_acf5782b7200380f,[name],36.0,annual_essentials,,2026-08-27T23:15:10.000Z,student,,1,annual_essentials,2026-08-27T23:15:10.000Z,_UNKNOWN,3600,YEAR,annual_essentials,,Middle School,[name],2027-08-27T23:15:10.000Z,,300,,2027-08-27T23:15:10.000Z,2026-08-27T23:15:10.000Z,3600,[name],,https://www.supersummary.com/subscription,https://www.supersummary.com/subscription/confirming/cancel,,Student Experience [July 2025] [25% one-time / No Entry Modal],,08-27-2026,,08-28-2026,08-27-2026,08-27-2026,08-27-2026,,08-27-2026,08-27-2027
Wg8SJvZ_8f1c5cf3e11615ea,6okfHVTchDtR2eEa,,Students; fallback,,,[name],[name],,I didn’t expect to be charged,i_didnt_expect_to_be_charged_2010816994,Not ready to commit to annual membership,not_ready_to_commit_to_annual_membership,,Pricing (Digital),pricing_digital,10,,,u_316ea3509adbfc6a,,,,0,,,Canceled,2026-08-28T19:57:41.000Z,2026-08-28T19:58:41.000Z,2026-08-28T19:58:41.000Z,,19.78,2026-08-28T19:58:41.000Z,cancel,Valid Cancel,annual,2027-08-28T19:55:57.000Z,2027-08-28T19:55:57.000Z,5.0,5.0,60.0,Brightback,,,,,,,6okfHVTchDtR2eEa,2024-10-11T01:42:50.000Z,,2026-08-28T19:55:57.000Z,,h_c1cc8cd866d231cc,,1,2026-08-28T19:55:57.000Z,USD,u_316ea3509adbfc6a,ACTIVE,h_e26ac0ecc13823db,[name],,,,2026-08-28T19:55:57.000Z,student,,1,annual_plus,2026-08-28T19:55:57.000Z,_UNKNOWN,6000,YEAR,,,Middle School,[name],2027-08-28T19:55:57.000Z,,500,,2027-08-28T19:55:57.000Z,2026-08-28T19:55:57.000Z,6000,,,,,,Student Experience [July 2025] [25% one-time / No Entry Modal],,08-28-2026,,08-28-2026,08-28-2026,08-28-2026,10-11-2024,,08-28-2026,08-28-2027
Wg8SFj0_9bcdfc957e1651f6,1301242,,Book Club Members; Annual,,,[name],[name],[name],I didn’t expect to be charged,i_didnt_expect_to_be_charged_2010816994,Not ready to commit to annual membership,not_ready_to_commit_to_annual_membership,,Pricing (Digital),pricing_digital,1,Nothing,,u_f529bb5541f409f4,Can’t think of anything ,,,1,36.0,,Canceled,2026-08-28T15:45:26.000Z,2026-08-28T15:47:41.000Z,2026-08-28T15:47:42.000Z,,19.95,2026-08-28T15:47:42.000Z,cancel,Valid Cancel,annual,2027-08-27T18:45:53.000Z,2027-08-27T18:45:53.000Z,3.0,3.0,36.0,Brightback,,,,,,,1301242,2025-08-27T18:45:49.000Z,,2025-08-27T18:45:53.000Z,,h_73dae7817445c96a,,1,2025-08-27T18:45:53.000Z,USD,u_f529bb5541f409f4,ACTIVE,h_17385463eb7e1693,[name],36.0,annual,,2026-08-27T18:45:53.000Z,book_club_member,,1,annual,2025-08-27T18:45:53.000Z,_UNKNOWN,3600,YEAR,annual,,,[name],2027-08-27T18:45:53.000Z,,300,,2027-08-27T18:45:53.000Z,2025-08-27T18:45:53.000Z,3600,[name],,https://www.supersummary.com/subscription,https://www.supersummary.com/subscription/confirming/cancel,,BCM Experience [July 2025] [25% one-time / No Entry Modal],,08-27-2025,,08-28-2026,08-27-2025,08-27-2025,08-27-2025,,08-27-2025,08-27-2027
Wg8SF4Y_808c88890ffc3c08,6ob0FVTbUPOl1A8k,,Students; fallback,,,[name],[name],,I didn’t expect to be charged,i_didnt_expect_to_be_charged_2010816994,Not ready to commit to annual membership,not_ready_to_commit_to_annual_membership,,Pricing (Digital),pricing_digital,7,,,u_6c67c3bd54e859dd,,,,0,,,Canceled,2026-08-28T15:04:38.000Z,2026-08-28T15:05:10.000Z,2026-08-28T15:05:10.000Z,,19.98,2026-08-28T15:05:10.000Z,cancel,Valid Cancel,monthly,2026-09-28T14:58:47.000Z,2026-09-28T14:58:47.000Z,9.95,9.95,9.95,Brightback,,,,,,,6ob0FVTbUPOl1A8k,2026-08-28T14:54:26.000Z,,2026-08-28T14:58:47.000Z,,h_d617f8e37e26df1f,,1,2026-08-28T14:58:47.000Z,USD,u_6c67c3bd54e859dd,ACTIVE,h_c75196811fcce243,[name],,,,2026-08-28T14:58:47.000Z,student,,1,monthly_essentials,2026-08-28T14:58:47.000Z,_UNKNOWN,995,MONTH,,,High School,[name],2026-09-28T14:58:47.000Z,,995,,2026-09-28T14:58:47.000Z,2026-08-28T14:58:47.000Z,995,,,,,,Student Experience [July 2025] [25% one-time / No Entry Modal],,08-28-2026,,08-28-2026,08-28-2026,08-28-2026,08-28-2026,,08-28-2026,09-28-2026
Wg8SEPU_ac5ea8ee718c2575,1744211,,Students; fallback,,,[name],[name],[name],I didn’t expect to be charged,i_didnt_expect_to_be_charged_2010816994,Not ready to commit to annual membership,not_ready_to_commit_to_annual_membership,,Pricing (Digital),pricing_digital,3,google ,,u_4901e840bd219efa,,,,0,36.0,,Canceled,2026-08-28T14:25:35.000Z,2026-08-28T14:25:52.000Z,2026-08-28T14:25:52.000Z,,20.01,2026-08-28T14:25:52.000Z,cancel,Valid Cancel,annual,2027-08-28T01:50:26.000Z,,3.0,3.0,36.0,Brightback,,,,,,,1744211,2026-08-28T01:50:25.000Z,,2026-08-28T01:50:26.000Z,,h_808c9e14cf12ec94,,1,2026-08-28T01:50:26.000Z,USD,u_4901e840bd219efa,NON_RENEWING,h_8ba6c144cd78400b,[name],36.0,annual_essentials,,2026-08-28T01:50:26.000Z,student,,1,annual_essentials,2026-08-28T01:50:26.000Z,_UNKNOWN,3600,YEAR,annual_essentials,,College,[name],,,300,,2027-08-28T01:50:26.000Z,2026-08-28T01:50:26.000Z,3600,[name],,https://www.supersummary.com/subscription,https://www.supersummary.com/subscription/confirming/cancel,,Student Experience [July 2025] [25% one-time / No Entry Modal],,08-28-2026,,08-28-2026,08-28-2026,08-28-2026,08-28-2026,,08-28-2026,
Wg8SEOn_899f5c4ba9f16c4f,16BTiqVTYHwKq9zrl,,Students; fallback,,,[name],[name],,I didn’t expect to be charged,i_didnt_expect_to_be_charged_2010816994,Not ready to commit to annual membership,not_ready_to_commit_to_annual_membership,,Pricing (Digital),pricing_digital,3,google ,,u_4901e840bd219efa,,,,0,,,Canceled,2026-08-28T14:24:51.000Z,2026-08-28T14:25:25.000Z,2026-08-28T14:25:25.000Z,,20.01,2026-08-28T14:25:25.000Z,cancel,Valid Cancel,annual,2027-08-28T01:50:26.000Z,2027-08-28T01:50:26.000Z,3.0,3.0,36.0,Brightback,,,,,,,16BTiqVTYHwKq9zrl,2026-08-28T01:50:25.000Z,,2026-08-28T01:50:26.000Z,,h_808c9e14cf12ec94,,1,2026-08-28T01:50:26.000Z,USD,u_4901e840bd219efa,ACTIVE,h_8ba6c144cd78400b,[name],,,,2026-08-28T01:50:26.000Z,student,,1,annual_essentials,2026-08-28T01:50:26.000Z,_UNKNOWN,3600,YEAR,,,College,[name],2027-08-28T01:50:26.000Z,,300,,2027-08-28T01:50:26.000Z,2026-08-28T01:50:26.000Z,3600,,,,,,Student Experience [July 2025] [25% one-time / No Entry Modal],,08-28-2026,,08-28-2026,08-28-2026,08-28-2026,08-28-2026,,08-28-2026,08-28-2027
Wg8SCth_9c4c9f4dd258eefa,239094,,Teachers; Annual,,,[name],[name],[name],I didn’t expect to be charged,i_didnt_expect_to_be_charged_2010816994,Not ready to commit to annual membership,not_ready_to_commit_to_annual_membership,,Pricing (Digital),pricing_digital,1,,,u_e831b0c685d1d03d,,,,0,36.0,,Canceled,2026-08-28T12:55:52.000Z,2026-08-28T12:56:16.000Z,2026-08-28T12:56:16.000Z,,20.07,2026-08-28T12:56:16.000Z,cancel,Valid Cancel,annual,2027-08-26T15:15:39.000Z,2027-08-26T15:15:39.000Z,3.0,3.0,36.0,Brightback,,,,,,,239094,2022-08-28T19:34:41.000Z,,2025-08-26T15:15:39.000Z,,h_2415fb35255b7f4c,,1,2025-08-26T15:15:39.000Z,USD,u_e831b0c685d1d03d,ACTIVE,h_8ce2da72f3e06f45,[name],36.0,annual,,2026-08-26T15:15:39.000Z,teacher,,1,annual,2025-08-26T15:15:39.000Z,_UNKNOWN,3600,YEAR,annual,,College,[name],2027-08-26T15:15:39.000Z,,300,,2027-08-26T15:15:39.000Z,2025-08-26T15:15:39.000Z,3600,[name],,https://www.supersummary.com/subscription,https://www.supersummary.com/subscription/confirming/cancel,,Teacher Experience [July 2025] [40% one-time / Modal],,08-26-2025,,08-28-2026,08-26-2025,08-26-2025,08-28-2022,,08-26-2025,08-26-2027
Wg8SBGm_a11abb2d6272f426,16BlTSUMk55wp278s,,Book Club Members; Annual,,,[name],[name],,I didn’t expect to be charged,i_didnt_expect_to_be_charged_2010816994,Not ready to commit to annual membership,not_ready_to_commit_to_annual_membership,,Pricing (Digital),pricing_digital,1,,,u_eb6f926432cd0e97,,,,0,,,Canceled,2026-08-28T11:16:50.000Z,2026-08-28T11:17:21.000Z,2026-08-28T11:17:21.000Z,,20.14,2026-08-28T11:17:21.000Z,cancel,Valid Cancel,annual,2027-08-28T11:01:55.000Z,2027-08-28T11:01:55.000Z,3.0,3.0,36.0,Brightback,,,,,,,16BlTSUMk55wp278s,2024-08-28T11:01:54.000Z,,2024-08-28T11:01:55.000Z,,h_6640ca9cb7124923,,1,2024-08-28T11:01:55.000Z,USD,u_eb6f926432cd0e97,ACTIVE,h_556c6026a9eda925,[name],,,,2026-08-28T11:01:55.000Z,book_club_member,,1,annual,2024-08-28T11:01:55.000Z,_UNKNOWN,3600,YEAR,,,,[name],2027-08-28T11:01:55.000Z,,300,,2027-08-28T11:01:55.000Z,2024-08-28T11:01:55.000Z,3600,,,,,,BCM Experience [July 2025] [25% one-time / No Entry Modal],,08-28-2024,,08-28-2026,08-28-2024,08-28-2024,08-28-2024,,08-28-2024,08-28-2027
Wg8SB7Y_b599f633e44c53c1,1744159,,Students; fallback,,,[name],[name],[name],I didn’t expect to be charged,i_didnt_expect_to_be_charged_2010816994,Not ready to commit to annual membership,not_ready_to_commit_to_annual_membership,,Pricing (Digital),pricing_digital,6,Spark ,,u_fd914fc8d9bb7081,Nothing ,,,1,36.0,,Canceled,2026-08-28T11:07:53.000Z,2026-08-28T11:08:32.000Z,2026-08-28T11:08:32.000Z,,20.15,2026-08-28T11:08:32.000Z,cancel,Valid Cancel,annual,2027-08-28T01:09:06.000Z,2027-08-28T01:09:06.000Z,3.0,3.0,36.0,Brightback,,,,,,,1744159,2026-08-28T01:09:05.000Z,,2026-08-28T01:09:06.000Z,,h_2bb8948a017e0fd2,,1,2026-08-28T01:09:06.000Z,USD,u_fd914fc8d9bb7081,ACTIVE,h_0b64c0a62b97736f,[name],36.0,annual_essentials,,2026-08-28T01:09:06.000Z,student,,1,annual_essentials,2026-08-28T01:09:06.000Z,_UNKNOWN,3600,YEAR,annual_essentials,,High School,[name],2027-08-28T01:09:06.000Z,,300,,2027-08-28T01:09:06.000Z,2026-08-28T01:09:06.000Z,3600,[name],,https://www.supersummary.com/subscription,https://www.supersummary.com/subscription/confirming/cancel,,Student Experience [July 2025] [25% one-time / No Entry Modal],,08-28-2026,,08-28-2026,08-28-2026,08-28-2026,08-28-2026,,08-28-2026,08-28-2027
Wg8RNGN_aa3496a542aec506,AzqZ4RVTXes7bABoD,,Students; fallback,,,[name],[name],,I didn’t expect to be charged,i_didnt_expect_to_be_charged_2010816994,Not ready to commit to annual membership,not_ready_to_commit_to_annual_membership,,Pricing (Digital),pricing_digital,1,nada,,u_685d0b9ef8471c41,,,,0,,,Canceled,2026-08-27T23:16:28.000Z,2026-08-27T23:16:49.000Z,2026-08-27T23:16:49.000Z,,20.64,2026-08-27T23:16:49.000Z,cancel,Valid Cancel,annual,2027-08-27T23:15:15.000Z,2027-08-27T23:15:15.000Z,3.0,3.0,36.0,Brightback,,,,,,,AzqZ4RVTXes7bABoD,2026-08-27T23:15:13.000Z,,2026-08-27T23:15:15.000Z,,h_a22daa0d390fb485,,1,2026-08-27T23:15:15.000Z,USD,u_685d0b9ef8471c41,ACTIVE,h_d0a3c65111aed5d5,[name],,,,2026-08-27T23:15:15.000Z,student,,1,annual_essentials,2026-08-27T23:15:15.000Z,_UNKNOWN,3600,YEAR,,,Postgrad Program,[name],2027-08-27T23:15:15.000Z,,300,,2027-08-27T23:15:15.000Z,2026-08-27T23:15:15.000Z,3600,,,,,,Student Experience [July 2025] [25% one-time / No Entry Modal],,08-27-2026,,08-27-2026,08-27-2026,08-27-2026,08-27-2026,,08-27-2026,08-27-2027
Wg8RL6b_b2e9db14ff1b0795,169kKfTo9gEQ0DHWm,,Teachers; Annual,,,[name],[name],,I didn’t expect to be charged,i_didnt_expect_to_be_charged_2010816994,Not ready to commit to annual membership,not_ready_to_commit_to_annual_membership,,Pricing (Digital),pricing_digital,1,,,u_dece40f41f39a618,,,,0,,,Canceled,2026-08-27T21:06:38.000Z,2026-08-27T21:07:09.000Z,2026-08-27T21:07:09.000Z,,20.73,2026-08-27T21:07:09.000Z,cancel,Valid Cancel,annual,2027-08-27T17:15:25.000Z,2027-08-27T17:15:25.000Z,3.0,3.0,36.0,Brightback,,,,,,,169kKfTo9gEQ0DHWm,2023-08-27T17:15:24.000Z,,2023-08-27T17:15:25.000Z,,h_58202f8b6a47796a,,1,2023-08-27T17:15:25.000Z,USD,u_dece40f41f39a618,ACTIVE,h_03191e2b5acd8e54,[name],,,,2026-08-27T17:15:25.000Z,teacher,,1,annual,2023-08-27T17:15:25.000Z,_UNKNOWN,3600,YEAR,,,High School,[name],2027-08-27T17:15:25.000Z,,300,,2027-08-27T17:15:25.000Z,2023-08-27T17:15:25.000Z,3600,,,,,,Teacher Experience [July 2025] [40% one-time / Modal],,08-27-2023,,08-27-2026,08-27-2023,08-27-2023,08-27-2023,,08-27-2023,08-27-2027
Wg8RHXJ_838de880d88c077d,1730724,,Students; fallback,,,[name],[name],[name],I didn’t expect to be charged,i_didnt_expect_to_be_charged_2010816994,Not ready to commit to annual membership,not_ready_to_commit_to_annual_membership,,Pricing (Digital),pricing_digital,8,"nothing, done with school",,u_bdf44333bae4b153,,,,0,16.65,,Canceled,2026-08-27T17:33:28.000Z,2026-08-27T17:34:04.000Z,2026-08-27T17:34:04.000Z,,20.88,2026-08-27T17:34:04.000Z,cancel,Valid Cancel,monthly,2026-09-17T15:32:17.000Z,2026-09-17T15:32:17.000Z,16.65,16.65,16.65,Brightback,,,,,,,1730724,2026-08-17T15:32:16.000Z,,2026-08-17T15:32:17.000Z,,h_0efd83a0857d026e,,1,2026-08-17T15:32:17.000Z,USD,u_bdf44333bae4b153,ACTIVE,h_05887a055ba28c44,[name],16.65,monthly_plus,,2026-08-17T15:32:17.000Z,student,,1,monthly_plus,2026-08-17T15:32:17.000Z,_UNKNOWN,1665,MONTH,monthly_plus,,High School,[name],2026-09-17T15:32:17.000Z,,1665,,2026-09-17T15:32:17.000Z,2026-08-17T15:32:17.000Z,1665,[name],,https://www.supersummary.com/subscription,https://www.supersummary.com/subscription/confirming/cancel,,Student Experience [July 2025] [25% one-time / No Entry Modal],,08-17-2026,,08-27-2026,08-17-2026,08-17-2026,08-17-2026,,08-17-2026,09-17-2026
Wg8RFsU_af71c8e97680b332,1743475,,Parents; fallback,,,[name],[name],[name],I didn’t expect to be charged,i_didnt_expect_to_be_charged_2010816994,Not ready to commit to annual membership,not_ready_to_commit_to_annual_membership,,Pricing (Digital),pricing_digital,7,,,u_e04f0327ae850dc9,,,,0,60.0,,Canceled,2026-08-27T15:54:40.000Z,2026-08-27T15:55:09.000Z,2026-08-27T15:55:09.000Z,,20.95,2026-08-27T15:55:09.000Z,cancel,Valid Cancel,annual,2027-08-27T15:51:03.000Z,2027-08-27T15:51:03.000Z,5.0,5.0,60.0,Brightback,,,,,,,1743475,2026-08-27T15:51:01.000Z,,2026-08-27T15:51:03.000Z,,h_86e0de72db8d8e56,,1,2026-08-27T15:51:03.000Z,USD,u_e04f0327ae850dc9,ACTIVE,h_5f09dc9e057b78e5,[name],60.0,annual_plus,,2026-08-27T15:51:03.000Z,parent_of_student,,1,annual_plus,2026-08-27T15:51:03.000Z,_UNKNOWN,6000,YEAR,annual_plus,,other,[name],2027-08-27T15:51:03.000Z,,500,,2027-08-27T15:51:03.000Z,2026-08-27T15:51:03.000Z,6000,[name],,https://www.supersummary.com/subscription,https://www.supersummary.com/subscription/confirming/cancel,,Parent Experience [July 2025] [25% one-time / No Entry Modal],,08-27-2026,,08-27-2026,08-27-2026,08-27-2026,08-27-2026,,08-27-2026,08-27-2027
Wg8RFJm_9d173f44e67eb5c3,AzZYbdUv5TXNt2KDw,,Teachers; Annual,,,[name],[name],,I didn’t expect to be charged,i_didnt_expect_to_be_charged_2010816994,Not ready to commit to annual membership,not_ready_to_commit_to_annual_membership,,Pricing (Digital),pricing_digital,5,,,u_138b6560f0744b48,,,,0,,,Canceled,2026-08-27T15:19:51.000Z,2026-08-27T15:20:07.000Z,2026-08-27T15:20:07.000Z,,20.97,2026-08-27T15:20:07.000Z,cancel,Valid Cancel,annual,2027-08-27T15:12:40.000Z,2027-08-27T15:12:40.000Z,3.0,3.0,36.0,Brightback,,,,,,,AzZYbdUv5TXNt2KDw,2025-08-27T15:12:38.000Z,,2025-08-27T15:12:40.000Z,,h_62ce2ec8bdf0ed75,,1,2025-08-27T15:12:40.000Z,USD,u_138b6560f0744b48,ACTIVE,h_000e55cd605417b7,[name],,,,2026-08-27T15:12:40.000Z,teacher,,1,annual,2025-08-27T15:12:40.000Z,_UNKNOWN,3600,YEAR,,,High School,[name],2027-08-27T15:12:40.000Z,,300,,2027-08-27T15:12:40.000Z,2025-08-27T15:12:40.000Z,3600,,,,,,Teacher Experience [July 2025] [40% one-time / Modal],,08-27-2025,,08-27-2026,08-27-2025,08-27-2025,08-27-2025,,08-27-2025,08-27-2027
Wg8R5RI_95926f63b7a379ce,400142,,Teachers; Annual,,,[name],[name],[name],I didn’t expect to be charged,i_didnt_expect_to_be_charged_2010816994,Not ready to commit to annual membership,not_ready_to_commit_to_annual_membership,,Pricing (Digital),pricing_digital,1,My brain,,u_527eea2fe9738a04,Not charged me.,,,1,36.0,,Canceled,2026-08-27T05:27:31.000Z,2026-08-27T05:28:05.000Z,2026-08-27T05:28:05.000Z,,21.38,2026-08-27T05:28:05.000Z,cancel,Valid Cancel,annual,2027-08-22T03:12:54.000Z,2027-08-22T03:12:54.000Z,3.0,3.0,36.0,Brightback,,,,,,,400142,2023-08-22T03:12:52.000Z,,2023-08-22T03:12:54.000Z,,h_cc8d192b154d29f3,,1,2023-08-22T03:12:54.000Z,USD,u_527eea2fe9738a04,ACTIVE,h_b5a2a79b7d273061,[name],36.0,annual,,2026-08-22T03:12:54.000Z,teacher,,1,annual,2023-08-22T03:12:54.000Z,_UNKNOWN,3600,YEAR,annual,,High School,[name],2027-08-22T03:12:54.000Z,,300,,2027-08-22T03:12:54.000Z,2023-08-22T03:12:54.000Z,3600,[name],,https://www.supersummary.com/subscription,https://www.supersummary.com/subscription/confirming/cancel,,Teacher Experience [July 2025] [40% one-time / Modal],,08-22-2023,,08-27-2026,08-22-2023,08-22-2023,08-22-2023,,08-22-2023,08-22-2027
Wg8R2V7_9d6cb0347938c212,169xQuVTSW6iF4tLr,,fallback,,,[name],[name],,I didn’t expect to be charged,i_didnt_expect_to_be_charged_2010816994,Not ready to commit to annual membership,not_ready_to_commit_to_annual_membership,,Pricing (Digital),pricing_digital,1,,,u_1a6bfcaa80cbc611,Don’t offer a 7 day trial then not give it ,,,1,,,Canceled,2026-08-27T02:31:09.000Z,2026-08-27T02:31:56.000Z,2026-08-27T02:31:56.000Z,,21.51,2026-08-27T02:31:56.000Z,cancel,Valid Cancel,monthly,2026-09-27T02:09:04.000Z,2026-09-27T02:09:04.000Z,9.95,9.95,9.95,Brightback,,,,,,,169xQuVTSW6iF4tLr,2026-08-27T02:09:03.000Z,,2026-08-27T02:09:04.000Z,,h_c63ec432e280b12d,,1,2026-08-27T02:09:04.000Z,USD,u_1a6bfcaa80cbc611,ACTIVE,h_645bc4b5e95358de,[name],,,,2026-08-27T02:09:04.000Z,avid_reader,,1,monthly_essentials,2026-08-27T02:09:04.000Z,_UNKNOWN,995,MONTH,,,,[name],2026-09-27T02:09:04.000Z,,995,,2026-09-27T02:09:04.000Z,2026-08-27T02:09:04.000Z,995,,,,,,Default/Fallback [July 2025] [25% one time / No entry modal],,08-27-2026,,08-27-2026,08-27-2026,08-27-2026,08-27-2026,,08-27-2026,09-27-2026
Wg8R265_94a8f77fab294016,6okm0VTRanH84UPF,,Book Club Members; fallback,,,[name],[name],,I didn’t expect to be charged,i_didnt_expect_to_be_charged_2010816994,Not ready to commit to annual membership,not_ready_to_commit_to_annual_membership,,Pricing (Digital),pricing_digital,1,,,u_db2c29b75f3638b0,,,,0,,,Canceled,2026-08-27T02:06:08.000Z,2026-08-27T02:06:41.000Z,2026-08-27T02:06:41.000Z,,21.52,2026-08-27T02:06:41.000Z,cancel,Valid Cancel,annual,2027-08-26T22:21:25.000Z,2027-08-26T22:21:25.000Z,3.0,3.0,36.0,Brightback,,,,,,,6okm0VTRanH84UPF,2026-08-26T22:21:24.000Z,,2026-08-26T22:21:25.000Z,,h_cd019e6c7b9bd522,,1,2026-08-26T22:21:25.000Z,USD,u_db2c29b75f3638b0,ACTIVE,h_14e53dbb63bcaf57,[name],,,,2026-08-26T22:21:25.000Z,book_club_member,,1,annual_essentials,2026-08-26T22:21:25.000Z,_UNKNOWN,3600,YEAR,,,,[name],2027-08-26T22:21:25.000Z,,300,,2027-08-26T22:21:25.000Z,2026-08-26T22:21:25.000Z,3600,,,,,,BCM Experience [July 2025] [25% one-time / No Entry Modal],,08-26-2026,,08-27-2026,08-26-2026,08-26-2026,08-26-2026,,08-26-2026,08-26-2027
Wg8R1L8_96037ab9dd64381b,1742803,,Students; fallback,,,[name],[name],[name],I didn’t expect to be charged,i_didnt_expect_to_be_charged_2010816994,Not ready to commit to annual membership,not_ready_to_commit_to_annual_membership,,Pricing (Digital),pricing_digital,1,I don’t know but why would you say i get a free trial then I have to pay 36 dollars to get the free tria,,u_db400882a023f22c,I want my money back ,,,1,36.0,,Canceled,2026-08-27T01:21:14.000Z,2026-08-27T01:23:20.000Z,2026-08-27T01:23:20.000Z,,21.55,2026-08-27T01:23:20.000Z,cancel,Valid Cancel,annual,2027-08-27T01:19:06.000Z,2027-08-27T01:19:06.000Z,3.0,3.0,36.0,Brightback,,,,,,,1742803,2026-08-27T01:19:03.000Z,,2026-08-27T01:19:06.000Z,,h_99f8e5c2a27efc69,,1,2026-08-27T01:19:06.000Z,USD,u_db400882a023f22c,ACTIVE,h_ff91c2b9388c0bfe,[name],36.0,annual_essentials,,2026-08-27T01:19:06.000Z,student,,1,annual_essentials,2026-08-27T01:19:06.000Z,_UNKNOWN,3600,YEAR,annual_essentials,,High School,[name],2027-08-27T01:19:06.000Z,,300,,2027-08-27T01:19:06.000Z,2026-08-27T01:19:06.000Z,3600,[name],,https://www.supersummary.com/subscription,https://www.supersummary.com/subscription/confirming/cancel,,Student Experience [July 2025] [25% one-time / No Entry Modal],,08-27-2026,,08-27-2026,08-27-2026,08-27-2026,08-27-2026,,08-27-2026,08-27-2027
Wg8R0cx_9ef36fa6559a0662,AzZdHWUv1u8Yz3v1f,,Parents; Annual,,,[name],[name],,I didn’t expect to be charged,i_didnt_expect_to_be_charged_2010816994,Not ready to commit to annual membership,not_ready_to_commit_to_annual_membership,,Pricing (Digital),pricing_digital,1,,,u_cee42045ccdee97f,,,,0,,,Canceled,2026-08-27T00:39:01.000Z,2026-08-27T00:39:39.000Z,2026-08-27T00:39:39.000Z,,21.58,2026-08-27T00:39:39.000Z,cancel,Valid Cancel,annual,2027-08-27T00:33:14.000Z,2027-08-27T00:33:14.000Z,3.0,3.0,36.0,Brightback,,,,,,,AzZdHWUv1u8Yz3v1f,2025-08-27T00:33:13.000Z,,2025-08-27T00:33:14.000Z,,h_548794f9428b86c2,,1,2025-08-27T00:33:14.000Z,USD,u_cee42045ccdee97f,ACTIVE,h_a97b29008ea613f2,[name],,,,2026-08-27T00:33:14.000Z,parent_of_student,,1,annual,2025-08-27T00:33:14.000Z,_UNKNOWN,3600,YEAR,,,High School,[name],2027-08-27T00:33:14.000Z,,300,,2027-08-27T00:33:14.000Z,2025-08-27T00:33:14.000Z,3600,,,,,,Parent Experience [July 2025] [25% one-time / Modal],,08-27-2025,,08-27-2026,08-27-2025,08-27-2025,08-27-2025,,08-27-2025,08-27-2027
Wg8QJTO_878f121b07b9cf48,AzZczcVTQsA9d3r3J,,fallback,,,[name],[name],,I didn’t expect to be charged,i_didnt_expect_to_be_charged_2010816994,Not ready to commit to annual membership,not_ready_to_commit_to_annual_membership,,Pricing (Digital),pricing_digital,1,Nothing,,u_3c339ad8da25690a,Not having a subscription right off the bat,,,1,,,Canceled,2026-08-26T19:29:26.000Z,2026-08-26T19:29:57.000Z,2026-08-26T19:29:57.000Z,,21.8,2026-08-26T19:29:57.000Z,cancel,Valid Cancel,annual,2027-08-26T19:24:08.000Z,2027-08-26T19:24:08.000Z,3.0,3.0,36.0,Brightback,,,,,,,AzZczcVTQsA9d3r3J,2026-08-26T19:24:07.000Z,,2026-08-26T19:24:08.000Z,,h_114435a7d02230b4,,1,2026-08-26T19:24:08.000Z,USD,u_3c339ad8da25690a,ACTIVE,h_20b8f214b35ae08c,[name],,,,2026-08-26T19:24:08.000Z,avid_reader,,1,annual_essentials,2026-08-26T19:24:08.000Z,_UNKNOWN,3600,YEAR,,,,[name],2027-08-26T19:24:08.000Z,,300,,2027-08-26T19:24:08.000Z,2026-08-26T19:24:08.000Z,3600,,,,,,Default/Fallback [July 2025] [25% one time / No entry modal],,08-26-2026,,08-26-2026,08-26-2026,08-26-2026,08-26-2026,,08-26-2026,08-26-2027
Wg8QJsW_93332664a292fee7,6obGZVTMDV384WmV,,fallback,,,[name],[name],,I didn’t expect to be charged,i_didnt_expect_to_be_charged_2010816994,Not ready to commit to annual membership,not_ready_to_commit_to_annual_membership,,Pricing (Digital),pricing_digital,1,Nothing ,,u_ae17694fa4b96d6a,,,,0,,,Canceled,2026-08-26T19:54:33.000Z,2026-08-26T19:55:23.000Z,2026-08-26T19:55:23.000Z,,21.78,2026-08-26T19:55:23.000Z,cancel,Valid Cancel,annual,2027-08-26T00:17:32.000Z,2027-08-26T00:17:32.000Z,2.25,2.25,36.0,Brightback,,,,,,,6obGZVTMDV384WmV,2026-08-26T00:17:30.000Z,,2026-08-26T00:17:32.000Z,,h_bf6fad16fbf1d095,,1,2026-08-26T00:17:32.000Z,USD,u_ae17694fa4b96d6a,ACTIVE,h_38e7dfcca9b0b860,[name],,,,2026-08-26T00:17:32.000Z,avid_reader,,1,annual_essentials,2026-08-26T00:17:32.000Z,_UNKNOWN,3600,YEAR,,nmTKUhkQCvq,,[name],2027-08-26T00:17:32.000Z,,225,,2027-08-26T00:17:32.000Z,2026-08-26T00:17:32.000Z,3600,,,,,,Default/Fallback [July 2025] [25% one time / No entry modal],,08-26-2026,,08-26-2026,08-26-2026,08-26-2026,08-26-2026,,08-26-2026,08-26-2027
Wg8QIXK_8619a23fed941809,AzZnKKUzZN3dRDYg,,Students; fallback,,,[name],[name],,I didn’t expect to be charged,i_didnt_expect_to_be_charged_2010816994,Not ready to commit to annual membership,not_ready_to_commit_to_annual_membership,,Pricing (Digital),pricing_digital,1,,,u_fc00d542c8e0f685,,,,0,,,Canceled,2026-08-26T18:33:25.000Z,2026-08-26T18:34:05.000Z,2026-08-26T18:34:59.000Z,,21.84,2026-08-26T18:34:59.000Z,cancel,Valid Cancel,monthly,2026-09-14T03:50:37.000Z,2026-09-14T03:50:37.000Z,16.65,16.65,16.65,Brightback,,,,,,,AzZnKKUzZN3dRDYg,2025-10-14T03:50:34.000Z,,2025-10-14T03:50:37.000Z,,h_f4b310de3b4569fa,,1,2025-10-14T03:50:37.000Z,USD,u_fc00d542c8e0f685,ACTIVE,h_6da6757f3fbee1c0,[name],,,,2026-08-14T03:50:37.000Z,student,,1,monthly_plus,2025-10-14T03:50:37.000Z,_UNKNOWN,1665,MONTH,,,High School,[name],2026-09-14T03:50:37.000Z,,1665,,2026-09-14T03:50:37.000Z,2025-10-14T03:50:37.000Z,1665,,,,,,Student Experience [July 2025] [25% one-time / No Entry Modal],,10-14-2025,,08-26-2026,10-14-2025,10-14-2025,10-14-2025,,10-14-2025,09-14-2026
Wg8QHXU_925f8c15407997f2,1740609,,Students; fallback,,,[name],[name],[name],I didn’t expect to be charged,i_didnt_expect_to_be_charged_2010816994,Not ready to commit to annual membership,not_ready_to_commit_to_annual_membership,,Pricing (Digital),pricing_digital,4,Audible,,u_361b791800a2a0f7,Fix bugs,,,1,16.65,,Canceled,2026-08-26T17:33:57.000Z,2026-08-26T17:34:21.000Z,2026-08-26T17:34:22.000Z,,21.88,2026-08-26T17:34:22.000Z,cancel,Valid Cancel,monthly,2026-09-25T16:38:44.000Z,,16.65,16.65,16.65,Brightback,,,,,,,1740609,2026-08-25T16:38:41.000Z,,2026-08-25T16:38:44.000Z,,h_b2770b93a4a9f080,,1,2026-08-25T16:38:44.000Z,USD,u_361b791800a2a0f7,NON_RENEWING,h_0ec8c2d5541a0c71,[name],16.65,monthly_plus,,2026-08-25T16:38:44.000Z,student,,1,monthly_plus,2026-08-25T16:38:44.000Z,_UNKNOWN,1665,MONTH,monthly_plus,,High School,[name],,,1665,,2026-09-25T16:38:44.000Z,2026-08-25T16:38:44.000Z,1665,[name],,https://www.supersummary.com/subscription,https://www.supersummary.com/subscription/confirming/cancel,,Student Experience [July 2025] [25% one-time / No Entry Modal],,08-25-2026,,08-26-2026,08-25-2026,08-25-2026,08-25-2026,,08-25-2026,
Wg8QHwr_8727f8aa64233949,AzynuRVTPg5yB2KaU,,Students; fallback,,,[name],[name],,I didn’t expect to be charged,i_didnt_expect_to_be_charged_2010816994,Not ready to commit to annual membership,not_ready_to_commit_to_annual_membership,,Pricing (Digital),pricing_digital,1,,,u_00eb325fefc4437a,,,,0,,,Canceled,2026-08-26T17:58:55.000Z,2026-08-26T17:59:13.000Z,2026-08-26T17:59:13.000Z,,21.86,2026-08-26T17:59:13.000Z,cancel,Valid Cancel,monthly,2026-09-26T14:29:56.000Z,2026-09-26T14:29:56.000Z,9.95,9.95,9.95,Brightback,,,,,,,AzynuRVTPg5yB2KaU,2026-08-26T14:29:52.000Z,,2026-08-26T14:29:56.000Z,,h_0418d532d8912737,,1,2026-08-26T14:29:56.000Z,USD,u_00eb325fefc4437a,ACTIVE,h_9c2ca30b07151720,[name],,,,2026-08-26T14:29:56.000Z,student,,1,monthly_essentials,2026-08-26T14:29:56.000Z,_UNKNOWN,995,MONTH,,,College,[name],2026-09-26T14:29:56.000Z,,995,,2026-09-26T14:29:56.000Z,2026-08-26T14:29:56.000Z,995,,,,,,Student Experience [July 2025] [25% one-time / No Entry Modal],,08-26-2026,,08-26-2026,08-26-2026,08-26-2026,08-26-2026,,08-26-2026,09-26-2026
Wg8QHiA_b7459a73997cc073,16BQcyUy90HMP3sXP,,Students; fallback,,,[name],[name],,I didn’t expect to be charged,i_didnt_expect_to_be_charged_2010816994,Not ready to commit to annual membership,not_ready_to_commit_to_annual_membership,,Pricing (Digital),pricing_digital,1,,,u_48080cf99423a38c,,,,0,,,Canceled,2026-08-26T17:44:10.000Z,2026-08-26T17:44:20.000Z,2026-08-26T17:44:20.000Z,,21.87,2026-08-26T17:44:20.000Z,cancel,Valid Cancel,monthly,2026-08-29T01:08:11.000Z,2026-08-29T01:08:11.000Z,16.65,16.65,16.65,Brightback,,,,,,,16BQcyUy90HMP3sXP,2025-09-29T01:08:08.000Z,,2025-09-29T01:08:11.000Z,,h_155d5363ef4f7e8b,,1,2025-09-29T01:08:11.000Z,USD,u_48080cf99423a38c,ACTIVE,h_2c2a0801e8a2558c,[name],,,,2026-07-29T01:08:11.000Z,student,,1,monthly_plus,2025-09-29T01:08:11.000Z,_UNKNOWN,1665,MONTH,,,College,[name],2026-08-29T01:08:11.000Z,,1665,,2026-08-29T01:08:11.000Z,2025-09-29T01:08:11.000Z,1665,,,,,,Student Experience [July 2025] [25% one-time / No Entry Modal],,09-29-2025,,08-26-2026,09-29-2025,09-29-2025,09-29-2025,,09-29-2025,08-29-2026
Wg8QHg7_a742127dc64d6157,1741816,,Students; fallback,,,[name],[name],[name],I didn’t expect to be charged,i_didnt_expect_to_be_charged_2010816994,Not ready to commit to annual membership,not_ready_to_commit_to_annual_membership,,Pricing (Digital),pricing_digital,1,,,u_fbeab372204a096b,,,,0,9.95,,Canceled,2026-08-26T17:42:11.000Z,2026-08-26T17:42:27.000Z,2026-08-26T17:42:28.000Z,,21.87,2026-08-26T17:42:28.000Z,cancel,Valid Cancel,monthly,2026-09-26T13:43:04.000Z,2026-09-26T13:43:04.000Z,9.95,9.95,9.95,Brightback,,,,,,,1741816,2026-08-26T13:43:01.000Z,,2026-08-26T13:43:04.000Z,,h_7f4eb5cb2f24b75f,,1,2026-08-26T13:43:04.000Z,USD,u_fbeab372204a096b,ACTIVE,h_b08d7c55b0dd4b4c,[name],9.95,monthly_essentials,,2026-08-26T13:43:04.000Z,student,,1,monthly_essentials,2026-08-26T13:43:04.000Z,_UNKNOWN,995,MONTH,monthly_essentials,,High School,[name],2026-09-26T13:43:04.000Z,,995,,2026-09-26T13:43:04.000Z,2026-08-26T13:43:04.000Z,995,[name],,https://www.supersummary.com/subscription,https://www.supersummary.com/subscription/confirming/cancel,,Student Experience [July 2025] [25% one-time / No Entry Modal],,08-26-2026,,08-26-2026,08-26-2026,08-26-2026,08-26-2026,,08-26-2026,09-26-2026
Wg8QDLM_b8f6acddabd6ded2,AzyftlVST9LQV81Tk,,Students; fallback,,,[name],[name],,I didn’t expect to be charged,i_didnt_expect_to_be_charged_2010816994,Not ready to commit to annual membership,not_ready_to_commit_to_annual_membership,,Pricing (Digital),pricing_digital,10,,,u_29c74c5d7c46d483,,,,0,,,Canceled,2026-08-26T13:21:28.000Z,2026-08-26T13:21:52.000Z,2026-08-26T13:21:53.000Z,,22.05,2026-08-26T13:21:53.000Z,cancel,Valid Cancel,annual,2027-08-16T14:16:03.000Z,2027-08-16T14:16:03.000Z,3.0,3.0,36.0,Brightback,,,,,,,AzyftlVST9LQV81Tk,2026-08-16T14:16:01.000Z,,2026-08-16T14:16:03.000Z,,h_2b8461a919146330,,1,2026-08-16T14:16:03.000Z,USD,u_29c74c5d7c46d483,ACTIVE,h_f71cc1ab099628ef,[name],,,,2026-08-16T14:16:03.000Z,student,,1,annual_essentials,2026-08-16T14:16:03.000Z,_UNKNOWN,3600,YEAR,,,College,[name],2027-08-16T14:16:03.000Z,,300,,2027-08-16T14:16:03.000Z,2026-08-16T14:16:03.000Z,3600,,,,,,Student Experience [July 2025] [25% one-time / No Entry Modal],,08-16-2026,,08-26-2026,08-16-2026,08-16-2026,08-16-2026,,08-16-2026,08-16-2027
Wg8QCIH_89de37415ec2430d,AzZcXaUuyoxDW1XVL,,Parents; Annual,,,[name],[name],,I didn’t expect to be charged,i_didnt_expect_to_be_charged_2010816994,Not ready to commit to annual membership,not_ready_to_commit_to_annual_membership,,Pricing (Digital),pricing_digital,1,,,u_69e5324eb8a05ad3,Make it easier to cancel,,,1,,,Canceled,2026-08-26T12:18:22.000Z,2026-08-26T12:19:21.000Z,2026-08-26T12:19:21.000Z,,22.1,2026-08-26T12:19:21.000Z,cancel,Valid Cancel,annual,2027-08-26T11:53:50.000Z,2027-08-26T11:53:50.000Z,3.0,3.0,36.0,Brightback,,,,,,,AzZcXaUuyoxDW1XVL,2025-08-26T11:53:48.000Z,,2025-08-26T11:53:50.000Z,,h_50dbd331d118fc6c,,1,2025-08-26T11:53:50.000Z,USD,u_69e5324eb8a05ad3,ACTIVE,h_9be6b3269727b002,[name],,,,2026-08-26T11:53:50.000Z,parent_of_student,,1,annual,2025-08-26T11:53:50.000Z,_UNKNOWN,3600,YEAR,,,Middle School,[name],2027-08-26T11:53:50.000Z,,300,,2027-08-26T11:53:50.000Z,2025-08-26T11:53:50.000Z,3600,,,,,,Parent Experience [July 2025] [25% one-time / Modal],,08-26-2025,,08-26-2026,08-26-2025,08-26-2025,08-26-2025,,08-26-2025,08-26-2027
Wg8Q54p_8671a864b2d54264,1741513,,fallback,,,[name],[name],[name],I didn’t expect to be charged,i_didnt_expect_to_be_charged_2010816994,Not ready to commit to annual membership,not_ready_to_commit_to_annual_membership,,Pricing (Digital),pricing_digital,1,,,u_8df99997eaceebb1,,,,0,36.0,,Canceled,2026-08-26T05:04:57.000Z,2026-08-26T05:05:12.000Z,2026-08-26T05:05:12.000Z,,22.4,2026-08-26T05:05:12.000Z,cancel,Valid Cancel,annual,2027-08-26T04:54:48.000Z,2027-08-26T04:54:48.000Z,3.0,3.0,36.0,Brightback,,,,,,,1741513,2026-08-26T04:54:47.000Z,,2026-08-26T04:54:48.000Z,,h_88ebfe05adcb89ee,,1,2026-08-26T04:54:48.000Z,USD,u_8df99997eaceebb1,ACTIVE,h_1d8899997cad6815,[name],36.0,annual_essentials,,2026-08-26T04:54:48.000Z,avid_reader,,1,annual_essentials,2026-08-26T04:54:48.000Z,_UNKNOWN,3600,YEAR,annual_essentials,,,[name],2027-08-26T04:54:48.000Z,,300,,2027-08-26T04:54:48.000Z,2026-08-26T04:54:48.000Z,3600,[name],,https://www.supersummary.com/subscription,https://www.supersummary.com/subscription/confirming/cancel,,Default/Fallback [July 2025] [25% one time / No entry modal],,08-26-2026,,08-26-2026,08-26-2026,08-26-2026,08-26-2026,,08-26-2026,08-26-2027
Wg8Q3WO_8eeeca7ebdab9e9f,16BRW8VTMAEwM4TLi,,Students; fallback,,,[name],[name],,I didn’t expect to be charged,i_didnt_expect_to_be_charged_2010816994,Not ready to commit to annual membership,not_ready_to_commit_to_annual_membership,,Pricing (Digital),pricing_digital,5,,,u_c6500e119bc0cb9f,,,,0,,,Canceled,2026-08-26T03:32:55.000Z,2026-08-26T03:33:43.000Z,2026-08-26T03:33:43.000Z,,22.46,2026-08-26T03:33:43.000Z,cancel,Valid Cancel,annual,2027-08-26T00:04:35.000Z,2027-08-26T00:04:35.000Z,3.0,3.0,36.0,Brightback,,,,,,,16BRW8VTMAEwM4TLi,2026-08-26T00:04:33.000Z,,2026-08-26T00:04:35.000Z,,h_13c1bea4efa2d368,,1,2026-08-26T00:04:35.000Z,USD,u_c6500e119bc0cb9f,ACTIVE,h_213390cbbe0e6dad,[name],,,,2026-08-26T00:04:35.000Z,student,,1,annual_essentials,2026-08-26T00:04:35.000Z,_UNKNOWN,3600,YEAR,,,College,[name],2027-08-26T00:04:35.000Z,,300,,2027-08-26T00:04:35.000Z,2026-08-26T00:04:35.000Z,3600,,,,,,Student Experience [July 2025] [25% one-time / No Entry Modal],,08-26-2026,,08-26-2026,08-26-2026,08-26-2026,08-26-2026,,08-26-2026,08-26-2027
Wg8Q2WZ_9c0ee20ec5ad30eb,AzqhSaUuQgRyu2GHU,,Book Club Members; Annual,,,[name],[name],,I didn’t expect to be charged,i_didnt_expect_to_be_charged_2010816994,Not ready to commit to annual membership,not_ready_to_commit_to_annual_membership,,Pricing (Digital),pricing_digital,5,,,u_3d0b0d08f3e827b8,,,,0,,,Canceled,2026-08-26T02:32:40.000Z,2026-08-26T02:35:52.000Z,2026-08-26T02:35:53.000Z,,22.5,2026-08-26T02:35:53.000Z,cancel,Valid Cancel,annual,2027-08-20T15:46:48.000Z,2027-08-20T15:46:48.000Z,3.0,3.0,36.0,Brightback,,,,,,,AzqhSaUuQgRyu2GHU,2025-08-20T15:46:45.000Z,,2025-08-20T15:46:48.000Z,,h_1b9ce4c31d7a4880,,1,2025-08-20T15:46:48.000Z,USD,u_3d0b0d08f3e827b8,ACTIVE,h_961dd42bfc2aebea,[name],,,,2026-08-20T15:46:48.000Z,book_club_member,,1,annual,2025-08-20T15:46:48.000Z,_UNKNOWN,3600,YEAR,,,,[name],2027-08-20T15:46:48.000Z,,300,,2027-08-20T15:46:48.000Z,2025-08-20T15:46:48.000Z,3600,,,,,,BCM Experience [July 2025] [25% one-time / No Entry Modal],,08-20-2025,,08-26-2026,08-20-2025,08-20-2025,08-20-2025,,08-20-2025,08-20-2027
Wg8Q1X3_b21dae27f2146fab,1737886,,Students; fallback,,,[name],[name],[name],I didn’t expect to be charged,i_didnt_expect_to_be_charged_2010816994,Not ready to commit to annual membership,not_ready_to_commit_to_annual_membership,,Pricing (Digital),pricing_digital,6,,,u_8813a5635acbd472,,,,0,36.0,,Canceled,2026-08-26T01:33:16.000Z,2026-08-26T01:34:08.000Z,2026-08-26T02:58:02.000Z,,22.55,2026-08-26T02:58:02.000Z,cancel,Valid Cancel,annual,2027-08-23T19:58:31.000Z,2027-08-23T19:58:31.000Z,3.0,3.0,36.0,Brightback,,,,,,,1737886,2026-08-23T19:55:48.000Z,,2026-08-23T19:58:31.000Z,,h_19d7cf8a3b65d62c,,1,2026-08-23T19:58:31.000Z,USD,u_8813a5635acbd472,ACTIVE,h_e7eb12087a20dfcb,[name],36.0,annual_essentials,,2026-08-23T19:58:31.000Z,student,,1,annual_essentials,2026-08-23T19:58:31.000Z,_UNKNOWN,3600,YEAR,annual_essentials,,other,[name],2027-08-23T19:58:31.000Z,,300,,2027-08-23T19:58:31.000Z,2026-08-23T19:58:31.000Z,3600,[name],,https://www.supersummary.com/subscription,https://www.supersummary.com/subscription/confirming/cancel,,Student Experience [July 2025] [25% one-time / No Entry Modal],,08-23-2026,,08-26-2026,08-23-2026,08-23-2026,08-23-2026,,08-23-2026,08-23-2027
Wg8Q16m_9ab702962a79d28a,169nFQVTMEBPg4CZh,,Book Club Members; fallback,,,[name],[name],,I didn’t expect to be charged,i_didnt_expect_to_be_charged_2010816994,Not ready to commit to annual membership,not_ready_to_commit_to_annual_membership,,Pricing (Digital),pricing_digital,1,Nothing,,u_cc946168f155fdbb,,,,0,,,Canceled,2026-08-26T01:06:51.000Z,2026-08-26T01:08:35.000Z,2026-08-26T01:08:35.000Z,,22.56,2026-08-26T01:22:28.000Z,cancel,Valid Cancel,annual,2027-08-26T00:20:15.000Z,2027-08-26T00:20:15.000Z,5.0,5.0,60.0,Brightback,,,,,,,169nFQVTMEBPg4CZh,2026-08-26T00:20:13.000Z,,2026-08-26T00:20:15.000Z,,h_23b4f19820441286,,1,2026-08-26T00:20:15.000Z,USD,u_cc946168f155fdbb,ACTIVE,h_c2baa1ebc7714560,[name],,,,2026-08-26T00:20:15.000Z,book_club_member,,1,annual_plus,2026-08-26T00:20:15.000Z,_UNKNOWN,6000,YEAR,,,,[name],2027-08-26T00:20:15.000Z,,500,,2027-08-26T00:20:15.000Z,2026-08-26T00:20:15.000Z,6000,,,,,,BCM Experience [July 2025] [25% one-time / No Entry Modal],,08-26-2026,,08-26-2026,08-26-2026,08-26-2026,08-26-2026,,08-26-2026,08-26-2027
Wg8Q09o_be37b764a84836dc,631179,,Students; Annual,,,[name],[name],[name],I didn’t expect to be charged,i_didnt_expect_to_be_charged_2010816994,Not ready to commit to annual membership,not_ready_to_commit_to_annual_membership,,Pricing (Digital),pricing_digital,1,nothing,,u_c6e3af8aa9a212ed,no longer interested,,,1,36.0,,Canceled,2026-08-26T00:10:17.000Z,2026-08-26T00:11:19.000Z,2026-08-26T00:11:19.000Z,,22.6,2026-08-26T00:11:19.000Z,cancel,Valid Cancel,annual,2027-08-17T19:19:09.000Z,2027-08-17T19:19:09.000Z,3.0,3.0,36.0,Brightback,,,,,,,631179,2024-08-17T19:19:06.000Z,,2024-08-17T19:19:09.000Z,,h_980d5a431d06894d,,1,2024-08-17T19:19:09.000Z,USD,u_c6e3af8aa9a212ed,ACTIVE,h_29430908dfb70cac,[name],36.0,annual,,2026-08-17T19:19:09.000Z,student,,1,annual,2024-08-17T19:19:09.000Z,_UNKNOWN,3600,YEAR,annual,,High School,[name],2027-08-17T19:19:09.000Z,,300,,2027-08-17T19:19:09.000Z,2024-08-17T19:19:09.000Z,3600,[name],,https://www.supersummary.com/subscription,https://www.supersummary.com/subscription/confirming/cancel,,Student Experience [July 2025] [25% one-time / No Entry Modal],,08-17-2024,,08-26-2026,08-17-2024,08-17-2024,08-17-2024,,08-17-2024,08-17-2027
Wg8PMeP_ade6f838384537d1,AzZjKTVTLIUZT3Q7c,,Teachers; fallback,Teacher: 40% One Time,,[name],[name],,I didn’t expect to be charged,i_didnt_expect_to_be_charged_2010816994,Not ready to commit to annual membership,not_ready_to_commit_to_annual_membership,,Pricing (Digital),pricing_digital,3,,,u_fd228c07f2b79e00,,,,0,,,Canceled,2026-08-25T22:40:28.000Z,2026-08-25T22:40:59.000Z,2026-08-25T22:40:59.000Z,,22.67,2026-08-25T22:40:59.000Z,cancel,Valid Cancel,annual,2027-08-25T20:31:05.000Z,2027-08-25T20:31:05.000Z,1.8,1.8,36.0,Brightback,,,,,,,AzZjKTVTLIUZT3Q7c,2026-08-25T20:30:47.000Z,,2026-08-25T20:31:05.000Z,,h_dc0a21435633fd38,,1,2026-08-25T20:31:05.000Z,USD,u_fd228c07f2b79e00,ACTIVE,h_ecc79948d840f7ab,[name],,,,2026-08-25T20:31:05.000Z,teacher,,1,annual_essentials,2026-08-25T20:31:05.000Z,_UNKNOWN,3600,YEAR,,,other,[name],2027-08-25T20:31:05.000Z,,300,,2027-08-25T20:31:05.000Z,2026-08-25T20:31:05.000Z,3600,,,,,,Teacher Experience [July 2025] [40% one-time / Modal],,08-25-2026,,08-25-2026,08-25-2026,08-25-2026,08-25-2026,,08-25-2026,08-25-2027
Wg8PMEg_b6343554b9d982fc,AzqPYbVTLiCuz44ZG,,fallback,,,[name],[name],,I didn’t expect to be charged,i_didnt_expect_to_be_charged_2010816994,Not ready to commit to annual membership,not_ready_to_commit_to_annual_membership,,Pricing (Digital),pricing_digital,5,,,u_e82325452ea983ce,,,,0,,,Canceled,2026-08-25T22:14:45.000Z,2026-08-25T22:15:21.000Z,2026-08-25T22:15:21.000Z,,22.68,2026-08-25T22:15:21.000Z,cancel,Valid Cancel,annual,2027-08-25T22:13:14.000Z,2027-08-25T22:13:14.000Z,3.0,3.0,36.0,Brightback,,,,,,,AzqPYbVTLiCuz44ZG,2026-08-25T22:13:13.000Z,,2026-08-25T22:13:14.000Z,,h_914c0d3d2f0d2b22,,1,2026-08-25T22:13:14.000Z,USD,u_e82325452ea983ce,ACTIVE,h_7da8864b91b6ddb6,[name],,,,2026-08-25T22:13:14.000Z,other,,1,annual_essentials,2026-08-25T22:13:14.000Z,_UNKNOWN,3600,YEAR,,,,[name],2027-08-25T22:13:14.000Z,,300,,2027-08-25T22:13:14.000Z,2026-08-25T22:13:14.000Z,3600,,,,,,Default/Fallback [July 2025] [25% one time / No entry modal],,08-25-2026,,08-25-2026,08-25-2026,08-25-2026,08-25-2026,,08-25-2026,08-25-2027
Wg8PM1p_bdf0bc2138854b8c,1741078,,Teachers; fallback,,,[name],[name],[name],I didn’t expect to be charged,i_didnt_expect_to_be_charged_2010816994,Not ready to commit to annual membership,not_ready_to_commit_to_annual_membership,,Pricing (Digital),pricing_digital,1,,,u_3465cdc011f649cf,,,,0,60.0,,Canceled,2026-08-25T22:01:56.000Z,2026-08-25T22:02:14.000Z,2026-08-25T22:02:14.000Z,,22.69,2026-08-25T22:02:14.000Z,cancel,Valid Cancel,annual,2027-08-25T21:59:48.000Z,2027-08-25T21:59:48.000Z,3.0,3.0,60.0,Brightback,,,,,,,1741078,2026-08-25T21:59:46.000Z,,2026-08-25T21:59:48.000Z,,h_c30e5e539e84625c,,1,2026-08-25T21:59:48.000Z,USD,u_3465cdc011f649cf,ACTIVE,h_5504e0dc74288cc9,[name],60.0,annual_plus,,2026-08-25T21:59:48.000Z,teacher,,1,annual_plus,2026-08-25T21:59:48.000Z,_UNKNOWN,6000,YEAR,annual_plus,7ldb9lCl3Zq,Middle School,[name],2027-08-25T21:59:48.000Z,,300,,2027-08-25T21:59:48.000Z,2026-08-25T21:59:48.000Z,6000,[name],,https://www.supersummary.com/subscription,https://www.supersummary.com/subscription/confirming/cancel,,Teacher Experience [July 2025] [40% one-time / Modal],,08-25-2026,,08-25-2026,08-25-2026,08-25-2026,08-25-2026,,08-25-2026,08-25-2027
Wg8PL2f_978433837fd69958,1735404,,Book Club Members; fallback,,,[name],[name],[name],I didn’t expect to be charged,i_didnt_expect_to_be_charged_2010816994,Not ready to commit to annual membership,not_ready_to_commit_to_annual_membership,,Pricing (Digital),pricing_digital,5,,,u_47c7671dacb7a1c0,,,,0,16.65,,Canceled,2026-08-25T21:02:50.000Z,2026-08-25T21:03:24.000Z,2026-08-25T21:03:24.000Z,,22.73,2026-08-25T21:03:24.000Z,cancel,Valid Cancel,monthly,2026-09-21T11:30:49.000Z,,16.65,16.65,16.65,Brightback,,,,,,,1735404,2026-08-21T11:30:48.000Z,,2026-08-21T11:30:49.000Z,,h_b9bb804768601880,,1,2026-08-21T11:30:49.000Z,USD,u_47c7671dacb7a1c0,NON_RENEWING,h_0d139bf6ffdf0678,[name],16.65,monthly_plus,,2026-08-21T11:30:49.000Z,book_club_member,,1,monthly_plus,2026-08-21T11:30:49.000Z,_UNKNOWN,1665,MONTH,monthly_plus,,,[name],,,1665,,2026-09-21T11:30:49.000Z,2026-08-21T11:30:49.000Z,1665,[name],,https://www.supersummary.com/subscription,https://www.supersummary.com/subscription/confirming/cancel,,BCM Experience [July 2025] [25% one-time / No Entry Modal],,08-21-2026,,08-25-2026,08-21-2026,08-21-2026,08-21-2026,,08-21-2026,
Wg8PK5m_b7a68a0fca02071c,1738355,,Students; fallback,,,[name],[name],[name],I didn’t expect to be charged,i_didnt_expect_to_be_charged_2010816994,Not ready to commit to annual membership,not_ready_to_commit_to_annual_membership,,Pricing (Digital),pricing_digital,3,Nothing,,u_3b10f79ffed5d037,Make it free,,,1,36.0,,Canceled,2026-08-25T20:05:53.000Z,2026-08-25T20:06:26.000Z,2026-08-25T20:06:26.000Z,,22.77,2026-08-25T20:06:26.000Z,cancel,Valid Cancel,annual,2027-08-24T01:44:45.000Z,2027-08-24T01:44:45.000Z,3.0,3.0,36.0,Brightback,,,,,,,1738355,2026-08-24T01:44:42.000Z,,2026-08-24T01:44:45.000Z,,h_9db35bf7b322dd14,,1,2026-08-24T01:44:45.000Z,USD,u_3b10f79ffed5d037,ACTIVE,h_8f6ed34c23621778,[name],36.0,annual_essentials,,2026-08-24T01:44:45.000Z,student,,1,annual_essentials,2026-08-24T01:44:45.000Z,_UNKNOWN,3600,YEAR,annual_essentials,,Middle School,[name],2027-08-24T01:44:45.000Z,,300,,2027-08-24T01:44:45.000Z,2026-08-24T01:44:45.000Z,3600,[name],,https://www.supersummary.com/subscription,https://www.supersummary.com/subscription/confirming/cancel,,Student Experience [July 2025] [25% one-time / No Entry Modal],,08-24-2026,,08-25-2026,08-24-2026,08-24-2026,08-24-2026,,08-24-2026,08-24-2027
Wg8PJN9_887a9c5ab5a6e4f2,1734190,,Teachers; fallback,,,[name],[name],[name],I didn’t expect to be charged,i_didnt_expect_to_be_charged_2010816994,Not ready to commit to annual membership,not_ready_to_commit_to_annual_membership,,Pricing (Digital),pricing_digital,8,dfdfd,,u_63fa052792bec024,,,,0,36.0,,Canceled,2026-08-25T19:23:13.000Z,2026-08-25T19:23:54.000Z,2026-08-25T19:23:54.000Z,,22.8,2026-08-25T19:23:54.000Z,cancel,Valid Cancel,annual,2027-08-20T13:12:35.000Z,2027-08-20T13:12:35.000Z,3.0,3.0,36.0,Brightback,,,,,,,1734190,2026-08-20T13:12:33.000Z,,2026-08-20T13:12:35.000Z,,h_a3d685f338ffb6b5,,1,2026-08-20T13:12:35.000Z,USD,u_63fa052792bec024,ACTIVE,h_3e014a8cc7573f89,[name],36.0,annual_essentials,,2026-08-20T13:12:35.000Z,teacher,,1,annual_essentials,2026-08-20T13:12:35.000Z,_UNKNOWN,3600,YEAR,annual_essentials,,Middle School,[name],2027-08-20T13:12:35.000Z,,300,,2027-08-20T13:12:35.000Z,2026-08-20T13:12:35.000Z,3600,[name],,https://www.supersummary.com/subscription,https://www.supersummary.com/subscription/confirming/cancel,,Teacher Experience [July 2025] [40% one-time / Modal],,08-20-2026,,08-25-2026,08-20-2026,08-20-2026,08-20-2026,,08-20-2026,08-20-2027
Wg8PIup_98bb907793ab118f,1740776,,Teachers; fallback,,,[name],[name],[name],I didn’t expect to be charged,i_didnt_expect_to_be_charged_2010816994,Not ready to commit to annual membership,not_ready_to_commit_to_annual_membership,,Pricing (Digital),pricing_digital,1,"I teach elementary.  I will use the resoruces, like Novel Effect and Bookbreaks, that my district and I provide.",,u_19ec452ce2b8018d,provide things for younger readers,,,1,60.0,,Canceled,2026-08-25T18:56:57.000Z,2026-08-25T18:58:06.000Z,2026-08-25T18:58:06.000Z,,22.82,2026-08-25T18:58:06.000Z,cancel,Valid Cancel,annual,2027-08-25T18:36:20.000Z,2027-08-25T18:36:20.000Z,5.0,5.0,60.0,Brightback,,,,,,,1740776,2026-08-25T18:36:17.000Z,,2026-08-25T18:36:20.000Z,,h_14f3de13b246b84c,,1,2026-08-25T18:36:20.000Z,USD,u_19ec452ce2b8018d,ACTIVE,h_65129b675bc20f09,[name],60.0,annual_plus,,2026-08-25T18:36:20.000Z,teacher,,1,annual_plus,2026-08-25T18:36:20.000Z,_UNKNOWN,6000,YEAR,annual_plus,,other,[name],2027-08-25T18:36:20.000Z,,500,,2027-08-25T18:36:20.000Z,2026-08-25T18:36:20.000Z,6000,[name],,https://www.supersummary.com/subscription,https://www.supersummary.com/subscription/confirming/cancel,,Teacher Experience [July 2025] [40% one-time / Modal],,08-25-2026,,08-25-2026,08-25-2026,08-25-2026,08-25-2026,,08-25-2026,08-25-2027
Wg8PIN3_ac74a1d22ec28ace,AzygKPVTFWG0I2qsY,,Students; fallback,,,[name],[name],,I didn’t expect to be charged,i_didnt_expect_to_be_charged_2010816994,Not ready to commit to annual membership,not_ready_to_commit_to_annual_membership,,Pricing (Digital),pricing_digital,4,Cliff notes ,,u_b8cdab2dbf86f69c,Cheaper subscription ,,,1,,,Canceled,2026-08-25T18:23:07.000Z,2026-08-25T18:23:57.000Z,2026-08-25T18:23:57.000Z,,22.84,2026-08-25T18:23:57.000Z,cancel,Valid Cancel,monthly,2026-09-24T20:48:08.000Z,2026-09-24T20:48:08.000Z,16.65,16.65,16.65,Brightback,,,,,,,AzygKPVTFWG0I2qsY,2026-08-24T20:47:06.000Z,,2026-08-24T20:48:08.000Z,,h_b13a7d6989ea5560,,1,2026-08-24T20:48:08.000Z,USD,u_b8cdab2dbf86f69c,ACTIVE,h_3bfcbbf80f21c6c9,[name],,,,2026-08-24T20:48:08.000Z,student,,1,monthly_plus,2026-08-24T20:48:08.000Z,_UNKNOWN,1665,MONTH,,,High School,[name],2026-09-24T20:48:08.000Z,,1665,,2026-09-24T20:48:08.000Z,2026-08-24T20:48:08.000Z,1665,,,,,,Student Experience [July 2025] [25% one-time / No Entry Modal],,08-24-2026,,08-25-2026,08-24-2026,08-24-2026,08-24-2026,,08-24-2026,09-24-2026
Wg8PHk6_a7d10c7be039ba37,169p8YVTKZ5k12rPw,,Parents; fallback,,,[name],[name],,I didn’t expect to be charged,i_didnt_expect_to_be_charged_2010816994,Not ready to commit to annual membership,not_ready_to_commit_to_annual_membership,,Pricing (Digital),pricing_digital,5,,,u_9d18629049989cba,,,,0,,,Canceled,2026-08-25T17:46:09.000Z,2026-08-25T17:46:50.000Z,2026-08-25T17:46:50.000Z,,22.87,2026-08-25T17:46:50.000Z,cancel,Valid Cancel,monthly,2026-09-25T17:30:45.000Z,2026-09-25T17:30:45.000Z,16.65,16.65,16.65,Brightback,,,,,,,169p8YVTKZ5k12rPw,2026-08-25T17:30:42.000Z,,2026-08-25T17:30:45.000Z,,h_a54e6db882c16711,,1,2026-08-25T17:30:45.000Z,USD,u_9d18629049989cba,ACTIVE,h_66813c2bdbeae300,[name],,,,2026-08-25T17:30:45.000Z,parent_of_student,,1,monthly_plus,2026-08-25T17:30:45.000Z,_UNKNOWN,1665,MONTH,,,Middle School,[name],2026-09-25T17:30:45.000Z,,1665,,2026-09-25T17:30:45.000Z,2026-08-25T17:30:45.000Z,1665,,,,,,Parent Experience [July 2025] [25% one-time / No Entry Modal],,08-25-2026,,08-25-2026,08-25-2026,08-25-2026,08-25-2026,,08-25-2026,09-25-2026
Wg8PHDo_a664f0c76dd6ea98,Azq5rZUuoiT1H9F8n,,Teachers; Annual,,,[name],[name],,I didn’t expect to be charged,i_didnt_expect_to_be_charged_2010816994,Not ready to commit to annual membership,not_ready_to_commit_to_annual_membership,,Pricing (Digital),pricing_digital,5,,,u_31433b7fce6dd071,,,,0,,,Canceled,2026-08-25T17:13:53.000Z,2026-08-25T17:14:07.000Z,2026-08-25T17:14:08.000Z,,22.89,2026-08-25T17:14:08.000Z,cancel,Valid Cancel,annual,2027-08-24T18:25:20.000Z,2027-08-24T18:25:20.000Z,3.0,3.0,36.0,Brightback,,,,,,,Azq5rZUuoiT1H9F8n,2025-02-20T02:24:10.000Z,,2025-08-24T18:25:20.000Z,,h_0965bf2b61378c68,,1,2025-08-24T18:25:20.000Z,USD,u_31433b7fce6dd071,ACTIVE,h_bfbdd1ee77428e6f,[name],,,,2026-08-24T18:25:20.000Z,teacher,,1,annual,2025-08-24T18:25:20.000Z,_UNKNOWN,3600,YEAR,,,High School,[name],2027-08-24T18:25:20.000Z,,300,,2027-08-24T18:25:20.000Z,2025-08-24T18:25:20.000Z,3600,,,,,,Teacher Experience [July 2025] [40% one-time / Modal],,08-24-2025,,08-25-2026,08-24-2025,08-24-2025,02-20-2025,,08-24-2025,08-24-2027
Wg8PFrJ_8e3fe3668c1fc401,355435,,Parents; fallback,,,[name],[name],[name],I didn’t expect to be charged,i_didnt_expect_to_be_charged_2010816994,Not ready to commit to annual membership,not_ready_to_commit_to_annual_membership,,Pricing (Digital),pricing_digital,1,,,u_bab8df63afc08656,,,,0,36.0,,Canceled,2026-08-25T15:53:25.000Z,2026-08-25T15:53:37.000Z,2026-08-25T15:53:37.000Z,,22.95,2026-08-25T15:53:37.000Z,cancel,Valid Cancel,annual,2027-08-25T15:38:59.000Z,2027-08-25T15:38:59.000Z,3.0,3.0,36.0,Brightback,,,,,,,355435,2023-04-24T18:05:29.000Z,,2026-08-25T15:38:59.000Z,,h_8fdc5599db45971b,,1,2026-08-25T15:38:59.000Z,USD,u_bab8df63afc08656,ACTIVE,h_46d353ca2840a193,[name],36.0,annual_essentials,,2026-08-25T15:38:59.000Z,parent_of_student,,1,annual_essentials,2026-08-25T15:38:59.000Z,_UNKNOWN,3600,YEAR,annual_essentials,,Middle School,[name],2027-08-25T15:38:59.000Z,,300,,2027-08-25T15:38:59.000Z,2026-08-25T15:38:59.000Z,3600,[name],,https://www.supersummary.com/subscription,https://www.supersummary.com/subscription/confirming/cancel,,Parent Experience [July 2025] [25% one-time / No Entry Modal],,08-25-2026,,08-25-2026,08-25-2026,08-25-2026,04-24-2023,,08-25-2026,08-25-2027
Wg8PEgI_ba73b5bffc4e2f2b,AzZu9KUMD7LVK5Fm7,,Students; Annual,,,[name],[name],,I didn’t expect to be charged,i_didnt_expect_to_be_charged_2010816994,Not ready to commit to annual membership,not_ready_to_commit_to_annual_membership,,Pricing (Digital),pricing_digital,1,,,u_862979d3c46f06bd,,,,0,,,Canceled,2026-08-25T14:42:21.000Z,2026-08-25T14:42:48.000Z,2026-08-25T14:42:48.000Z,,23.0,2026-08-25T14:42:48.000Z,cancel,Valid Cancel,annual,2027-08-22T19:43:53.000Z,2027-08-22T19:43:53.000Z,3.0,3.0,36.0,Brightback,,,,,,,AzZu9KUMD7LVK5Fm7,2024-08-22T19:43:50.000Z,,2024-08-22T19:43:53.000Z,,h_44022107aa8dc37f,,1,2024-08-22T19:43:53.000Z,USD,u_862979d3c46f06bd,ACTIVE,h_98c1688811913e8f,[name],,,,2026-08-22T19:43:53.000Z,student,,1,annual,2024-08-22T19:43:53.000Z,_UNKNOWN,3600,YEAR,,,other,[name],2027-08-22T19:43:53.000Z,,300,,2027-08-22T19:43:53.000Z,2024-08-22T19:43:53.000Z,3600,,,,,,Student Experience [July 2025] [25% one-time / No Entry Modal],,08-22-2024,,08-25-2026,08-22-2024,08-22-2024,08-22-2024,,08-22-2024,08-22-2027
Wg8P5Ru_9a008ba815c39301,1740086,,Students; fallback,,,[name],[name],[name],I didn’t expect to be charged,i_didnt_expect_to_be_charged_2010816994,Not ready to commit to annual membership,not_ready_to_commit_to_annual_membership,,Pricing (Digital),pricing_digital,1,,,u_6437ada5277fbb29,,,,0,16.65,,Canceled,2026-08-25T05:28:04.000Z,2026-08-25T05:28:22.000Z,2026-08-25T05:28:22.000Z,,23.38,2026-08-25T05:29:11.000Z,cancel,Valid Cancel,monthly,2026-09-25T05:26:28.000Z,2026-09-25T05:26:28.000Z,16.65,16.65,16.65,Brightback,,,,,,,1740086,2026-08-25T05:26:27.000Z,,2026-08-25T05:26:28.000Z,,h_54874ffedbdf89b6,,1,2026-08-25T05:26:28.000Z,USD,u_6437ada5277fbb29,ACTIVE,h_5f70ca5d51abad92,[name],16.65,monthly_plus,,2026-08-25T05:26:28.000Z,student,,1,monthly_plus,2026-08-25T05:26:28.000Z,_UNKNOWN,1665,MONTH,monthly_plus,,Postgrad Program,[name],2026-09-25T05:26:28.000Z,,1665,,2026-09-25T05:26:28.000Z,2026-08-25T05:26:28.000Z,1665,[name],,https://www.supersummary.com/subscription,https://www.supersummary.com/subscription/confirming/cancel,,Student Experience [July 2025] [25% one-time / No Entry Modal],,08-25-2026,,08-25-2026,08-25-2026,08-25-2026,08-25-2026,,08-25-2026,09-25-2026
Wg8P2bu_bb4e5003f9c04f45,AzqGu0VQ9kS2f3JZo,,Students; fallback,,,[name],[name],,I didn’t expect to be charged,i_didnt_expect_to_be_charged_2010816994,Not ready to commit to annual membership,not_ready_to_commit_to_annual_membership,,Pricing (Digital),pricing_digital,1,,,u_e18606355156f7dd,,,,0,,,Canceled,2026-08-25T02:37:59.000Z,2026-08-25T02:38:26.000Z,2026-08-25T02:38:26.000Z,,23.5,2026-08-25T02:38:26.000Z,cancel,Valid Cancel,monthly,2026-09-23T01:40:14.000Z,2026-09-23T01:40:14.000Z,16.65,16.65,16.65,Brightback,,,,1,16.65,2026-08-26T01:40:20.000Z,AzqGu0VQ9kS2f3JZo,2026-07-23T01:40:13.000Z,,2026-07-23T01:40:14.000Z,,h_eb20088537d061b7,,1,2026-07-23T01:40:14.000Z,USD,u_e18606355156f7dd,ACTIVE,h_55d4c20e369e29cb,[name],,,,2026-08-23T01:40:14.000Z,student,,1,monthly_plus,2026-07-23T01:40:14.000Z,_UNKNOWN,1665,MONTH,,,College,[name],2026-09-23T01:40:14.000Z,,1665,,2026-09-23T01:40:14.000Z,2026-07-23T01:40:14.000Z,1665,,,,,,Student Experience [July 2025] [25% one-time / No Entry Modal],,07-23-2026,,08-25-2026,07-23-2026,07-23-2026,07-23-2026,,07-23-2026,09-23-2026
Wg8P28V_886e3b004dea4062,16Ca4LVTFoCq83EYf,,Students; fallback,,,[name],[name],,I didn’t expect to be charged,i_didnt_expect_to_be_charged_2010816994,Not ready to commit to annual membership,not_ready_to_commit_to_annual_membership,,Pricing (Digital),pricing_digital,6,,,u_9f204b6b2a9e1140,,,,0,,,Canceled,2026-08-25T02:08:34.000Z,2026-08-25T02:08:56.000Z,2026-08-25T02:08:56.000Z,,23.52,2026-08-25T02:08:56.000Z,cancel,Valid Cancel,annual,2027-08-24T21:59:26.000Z,2027-08-24T21:59:26.000Z,5.0,5.0,60.0,Brightback,,,,,,,16Ca4LVTFoCq83EYf,2026-08-24T21:59:24.000Z,,2026-08-24T21:59:26.000Z,,h_39e1ae3596081115,,1,2026-08-24T21:59:26.000Z,USD,u_9f204b6b2a9e1140,ACTIVE,h_fbe654e9bffc0dd2,[name],,,,2026-08-24T21:59:26.000Z,student,,1,annual_plus,2026-08-24T21:59:26.000Z,_UNKNOWN,6000,YEAR,,,College,[name],2027-08-24T21:59:26.000Z,,500,,2027-08-24T21:59:26.000Z,2026-08-24T21:59:26.000Z,6000,,,,,,Student Experience [July 2025] [25% one-time / No Entry Modal],,08-24-2026,,08-25-2026,08-24-2026,08-24-2026,08-24-2026,,08-24-2026,08-24-2027
Wg8P0qc_a473ced6fccb0d43,169wVhUuWUWyN2Cxc,,Teachers; Annual,,,[name],[name],,I didn’t expect to be charged,i_didnt_expect_to_be_charged_2010816994,Not ready to commit to annual membership,not_ready_to_commit_to_annual_membership,,Pricing (Digital),pricing_digital,2,,,u_af476ad9184acc5d,I canceled that subscription right after I purchased it last year. I was not expecting to be charged again. And yet I have now paid for it for another year.,,,1,,,Canceled,2026-08-25T00:52:44.000Z,2026-08-25T00:54:56.000Z,2026-08-25T00:54:56.000Z,,23.57,2026-08-25T00:54:56.000Z,cancel,Valid Cancel,annual,2027-08-21T15:37:05.000Z,2027-08-21T15:37:05.000Z,3.0,3.0,36.0,Brightback,,,,,,,169wVhUuWUWyN2Cxc,2025-08-21T15:37:03.000Z,,2025-08-21T15:37:05.000Z,,h_db44d1ba37ceca0e,,1,2025-08-21T15:37:05.000Z,USD,u_af476ad9184acc5d,ACTIVE,h_c006138f6e12d52c,[name],,,,2026-08-21T15:37:05.000Z,teacher,,1,annual,2025-08-21T15:37:05.000Z,_UNKNOWN,3600,YEAR,,,Middle School,[name],2027-08-21T15:37:05.000Z,,300,,2027-08-21T15:37:05.000Z,2025-08-21T15:37:05.000Z,3600,,,,,,Teacher Experience [July 2025] [40% one-time / Modal],,08-21-2025,,08-25-2026,08-21-2025,08-21-2025,08-21-2025,,08-21-2025,08-21-2027
Wg8P0BJ_84ebe3c9969969fb,799827,,Students; Monthly,,,[name],[name],[name],I didn’t expect to be charged,i_didnt_expect_to_be_charged_2010816994,Not ready to commit to annual membership,not_ready_to_commit_to_annual_membership,,Pricing (Digital),pricing_digital,1,Nothing ,,u_45d8489103486b56,,,,0,9.95,,Canceled,2026-08-25T00:11:34.000Z,2026-08-25T00:11:57.000Z,2026-08-25T00:11:58.000Z,,23.6,2026-08-25T00:11:58.000Z,cancel,Valid Cancel,monthly,2026-09-10T21:22:20.000Z,2026-09-10T21:22:20.000Z,9.95,9.95,9.95,Brightback,,,,,,,799827,2024-11-10T21:22:17.000Z,,2024-11-10T21:22:20.000Z,,h_c262f7087c9f59ac,,1,2024-11-10T21:22:20.000Z,USD,u_45d8489103486b56,ACTIVE,h_27ee5cc7a3c0f27f,[name],9.95,monthly,,2026-08-10T21:22:20.000Z,student,,1,monthly,2024-11-10T21:22:20.000Z,_UNKNOWN,995,MONTH,monthly,,College,[name],2026-09-10T21:22:20.000Z,,995,,2026-09-10T21:22:20.000Z,2024-11-10T21:22:20.000Z,995,[name],,https://www.supersummary.com/subscription,https://www.supersummary.com/subscription/confirming/cancel,,Student Experience [July 2025] [40% forever / Modal],,11-10-2024,,08-25-2026,11-10-2024,11-10-2024,11-10-2024,,11-10-2024,09-10-2026
Wg8ONg6_a45974728a731fc0,1718440,,fallback,,,[name],[name],[name],I didn’t expect to be charged,i_didnt_expect_to_be_charged_2010816994,Not ready to commit to annual membership,not_ready_to_commit_to_annual_membership,,Pricing (Digital),pricing_digital,3,N/A,,u_8d49d63a28247f0f,Don't advertise as 5/month if it is paid yearly and not prorated if you cancel,,,1,60.0,,Canceled,2026-08-24T23:50:26.000Z,2026-08-24T23:54:53.000Z,2026-08-24T23:54:53.000Z,,23.62,2026-08-25T00:22:21.000Z,cancel,Valid Cancel,annual,2027-08-05T22:51:03.000Z,2027-08-05T22:51:03.000Z,5.0,5.0,60.0,Brightback,,,,,,,1718440,2026-08-05T22:51:01.000Z,,2026-08-05T22:51:03.000Z,,h_73bc62a1a00321d3,,1,2026-08-05T22:51:03.000Z,USD,u_8d49d63a28247f0f,ACTIVE,h_047d0c47b4da2fef,[name],60.0,annual_plus,,2026-08-05T22:51:03.000Z,other,,1,annual_plus,2026-08-05T22:51:03.000Z,_UNKNOWN,6000,YEAR,annual_plus,,,[name],2027-08-05T22:51:03.000Z,,500,,2027-08-05T22:51:03.000Z,2026-08-05T22:51:03.000Z,6000,[name],,https://www.supersummary.com/subscription,https://www.supersummary.com/subscription/confirming/cancel,,Default/Fallback [July 2025] [25% one time / No entry modal],,08-05-2026,,08-24-2026,08-05-2026,08-05-2026,08-05-2026,,08-05-2026,08-05-2027
Wg8OMc3_9ec3e46de1b76d27,16BVxcUupXnEi9rLX,,Teachers; Annual,,,[name],[name],,I didn’t expect to be charged,i_didnt_expect_to_be_charged_2010816994,Not ready to commit to annual membership,not_ready_to_commit_to_annual_membership,,Pricing (Digital),pricing_digital,1,,,u_5fd95d35348d3de6,,,,0,,,Canceled,2026-08-24T22:38:06.000Z,2026-08-24T22:38:36.000Z,2026-08-24T22:38:36.000Z,,23.67,2026-08-24T22:38:36.000Z,cancel,Valid Cancel,annual,2027-08-24T21:49:13.000Z,2027-08-24T21:49:13.000Z,3.0,3.0,36.0,Brightback,,,,,,,16BVxcUupXnEi9rLX,2023-06-05T09:13:09.000Z,,2025-08-24T21:49:13.000Z,,h_c63512ce5760bb8a,,1,2025-08-24T21:49:13.000Z,USD,u_5fd95d35348d3de6,ACTIVE,h_db756ce4ce3e01ad,[name],,,,2026-08-24T21:49:13.000Z,teacher,,1,annual,2025-08-24T21:49:13.000Z,_UNKNOWN,3600,YEAR,,,Middle School,[name],2027-08-24T21:49:13.000Z,,300,,2027-08-24T21:49:13.000Z,2025-08-24T21:49:13.000Z,3600,,,,,,Teacher Experience [July 2025] [40% one-time / Modal],,08-24-2025,,08-24-2026,08-24-2025,08-24-2025,06-05-2023,,08-24-2025,08-24-2027
Wg8OKOu_977b5b5f554931bd,Azqc49VRTIH5S1h3o,,Students; fallback,,,[name],[name],,I didn’t expect to be charged,i_didnt_expect_to_be_charged_2010816994,Not ready to commit to annual membership,not_ready_to_commit_to_annual_membership,,Pricing (Digital),pricing_digital,3,Not likely,,u_6468db1545d6f635,na ,,,1,,,Canceled,2026-08-24T20:25:00.000Z,2026-08-24T20:25:30.000Z,2026-08-24T20:25:31.000Z,,23.76,2026-08-24T20:25:31.000Z,cancel,Valid Cancel,monthly,2026-09-06T00:22:38.000Z,2026-09-06T00:22:38.000Z,16.65,16.65,16.65,Brightback,,,,,,,Azqc49VRTIH5S1h3o,2026-07-13T08:24:21.000Z,,2026-08-06T00:22:38.000Z,,h_e4cecd7d1c7d6dcf,,1,2026-08-06T00:22:38.000Z,USD,u_6468db1545d6f635,ACTIVE,h_b86737047d0cb1a5,[name],,,,2026-08-06T00:22:38.000Z,student,,1,monthly_plus,2026-08-06T00:22:38.000Z,_UNKNOWN,1665,MONTH,,,College,[name],2026-09-06T00:22:38.000Z,,1665,,2026-09-06T00:22:38.000Z,2026-08-06T00:22:38.000Z,1665,,,,,,Student Experience [July 2025] [25% one-time / No Entry Modal],,08-06-2026,,08-24-2026,08-06-2026,08-06-2026,07-13-2026,,08-06-2026,09-06-2026
Wg8OKlO_87cceaa973d0c197,1734783,,fallback,,,[name],[name],[name],I didn’t expect to be charged,i_didnt_expect_to_be_charged_2010816994,Not ready to commit to annual membership,not_ready_to_commit_to_annual_membership,,Pricing (Digital),pricing_digital,5,,,u_2fa8a1f76f1ceff6,,,,0,9.95,,Canceled,2026-08-24T20:47:28.000Z,2026-08-24T20:48:22.000Z,2026-08-24T20:48:22.000Z,,23.74,2026-08-24T20:48:22.000Z,cancel,Valid Cancel,monthly,2026-09-20T21:25:24.000Z,2026-09-20T21:25:24.000Z,9.95,9.95,9.95,Brightback,,,,,,,1734783,2026-08-20T21:22:34.000Z,,2026-08-20T21:25:24.000Z,,h_6f55b86f92a7cd84,,1,2026-08-20T21:25:24.000Z,USD,u_2fa8a1f76f1ceff6,ACTIVE,h_546cef49c8758c9d,[name],9.95,monthly_essentials,,2026-08-20T21:25:24.000Z,avid_reader,,1,monthly_essentials,2026-08-20T21:25:24.000Z,_UNKNOWN,995,MONTH,monthly_essentials,,,[name],2026-09-20T21:25:24.000Z,,995,,2026-09-20T21:25:24.000Z,2026-08-20T21:25:24.000Z,995,[name],,https://www.supersummary.com/subscription,https://www.supersummary.com/subscription/confirming/cancel,,Default/Fallback [July 2025] [25% one time / No entry modal],,08-20-2026,,08-24-2026,08-20-2026,08-20-2026,08-20-2026,,08-20-2026,09-20-2026
Wg8OITu_b1ab5fb8876fcbda,16BaRWUulJYZt7BwZ,,fallback,,,[name],[name],,I didn’t expect to be charged,i_didnt_expect_to_be_charged_2010816994,Not ready to commit to annual membership,not_ready_to_commit_to_annual_membership,,Pricing (Digital),pricing_digital,3,,,u_6dc70465697f0fa4,,,,0,,,Canceled,2026-08-24T18:30:02.000Z,2026-08-24T18:30:43.000Z,2026-08-24T18:30:43.000Z,,23.84,2026-08-24T18:30:43.000Z,cancel,Valid Cancel,annual,2027-08-24T04:27:35.000Z,2027-08-24T04:27:35.000Z,3.0,3.0,36.0,Brightback,,,,,,,16BaRWUulJYZt7BwZ,2025-08-24T04:27:33.000Z,,2025-08-24T04:27:35.000Z,,h_8489f4f05e3273d9,,1,2025-08-24T04:27:35.000Z,USD,u_6dc70465697f0fa4,ACTIVE,h_e17f45aeb8c7300f,[name],,,,2026-08-24T04:27:35.000Z,other,,1,annual,2025-08-24T04:27:35.000Z,_UNKNOWN,3600,YEAR,,,,[name],2027-08-24T04:27:35.000Z,,300,,2027-08-24T04:27:35.000Z,2025-08-24T04:27:35.000Z,3600,,,,,,Default/Fallback [July 2025] [25% one time / No entry modal],,08-24-2025,,08-24-2026,08-24-2025,08-24-2025,08-24-2025,,08-24-2025,08-24-2027
Wg8OHZw_a1875cd66c94bd26,1734609,,Book Club Members; fallback,,,[name],[name],[name],I didn’t expect to be charged,i_didnt_expect_to_be_charged_2010816994,Not ready to commit to annual membership,not_ready_to_commit_to_annual_membership,,Pricing (Digital),pricing_digital,5,,,u_355c2f150d078328,,,,0,36.0,,Canceled,2026-08-24T17:36:02.000Z,2026-08-24T17:36:42.000Z,2026-08-24T17:36:43.000Z,,23.88,2026-08-24T17:36:43.000Z,cancel,Valid Cancel,annual,2027-08-20T18:51:42.000Z,2027-08-20T18:51:42.000Z,3.0,3.0,36.0,Brightback,,,,,,,1734609,2026-08-20T18:51:40.000Z,,2026-08-20T18:51:42.000Z,,h_eef53a4ed0c79526,,1,2026-08-20T18:51:42.000Z,USD,u_355c2f150d078328,ACTIVE,h_643c3d9026b8e3af,[name],36.0,annual_essentials,,2026-08-20T18:51:42.000Z,book_club_member,,1,annual_essentials,2026-08-20T18:51:42.000Z,_UNKNOWN,3600,YEAR,annual_essentials,,,[name],2027-08-20T18:51:42.000Z,,300,,2027-08-20T18:51:42.000Z,2026-08-20T18:51:42.000Z,3600,[name],,https://www.supersummary.com/subscription,https://www.supersummary.com/subscription/confirming/cancel,,BCM Experience [July 2025] [25% one-time / No Entry Modal],,08-20-2026,,08-24-2026,08-20-2026,08-20-2026,08-20-2026,,08-20-2026,08-20-2027
Wg8OHQ0_8bb2133ced76fce5,635914,,Book Club Members; Annual,,,[name],[name],[name],I didn’t expect to be charged,i_didnt_expect_to_be_charged_2010816994,Not ready to commit to annual membership,not_ready_to_commit_to_annual_membership,,Pricing (Digital),pricing_digital,5,nothing,,u_969264f4ccd86ca8,no,,,1,36.0,,Canceled,2026-08-24T17:26:37.000Z,2026-08-24T17:28:12.000Z,2026-08-24T17:28:12.000Z,,23.88,2026-08-24T17:28:12.000Z,cancel,Valid Cancel,annual,2027-08-23T15:20:27.000Z,2027-08-23T15:20:27.000Z,3.0,3.0,36.0,Brightback,,,,,,,635914,2024-08-23T15:20:25.000Z,,2024-08-23T15:20:27.000Z,,h_8d95f721555b8dee,,1,2024-08-23T15:20:27.000Z,USD,u_969264f4ccd86ca8,ACTIVE,h_63cf3bf1aef1ce08,[name],36.0,annual,,2026-08-23T15:20:27.000Z,book_club_member,,1,annual,2024-08-23T15:20:27.000Z,_UNKNOWN,3600,YEAR,annual,,,[name],2027-08-23T15:20:27.000Z,,300,,2027-08-23T15:20:27.000Z,2024-08-23T15:20:27.000Z,3600,[name],,https://www.supersummary.com/subscription,https://www.supersummary.com/subscription/confirming/cancel,,BCM Experience [July 2025] [25% one-time / No Entry Modal],,08-23-2024,,08-24-2026,08-23-2024,08-23-2024,08-23-2024,,08-23-2024,08-23-2027
Wg8OGAP_8750e36bba814d19,636462,,Book Club Members; Annual,,,[name],[name],[name],I didn’t expect to be charged,i_didnt_expect_to_be_charged_2010816994,Not ready to commit to annual membership,not_ready_to_commit_to_annual_membership,,Pricing (Digital),pricing_digital,1,,,u_3e2031463528024d,,,,0,36.0,,Canceled,2026-08-24T16:10:40.000Z,2026-08-24T16:11:34.000Z,2026-08-24T16:12:05.000Z,,23.94,2026-08-24T16:12:05.000Z,cancel,Valid Cancel,annual,2027-08-24T15:54:40.000Z,2027-08-24T15:54:40.000Z,3.0,3.0,36.0,Brightback,,,,,,,636462,2024-08-24T15:54:39.000Z,,2024-08-24T15:54:40.000Z,,h_f1574d644f4f1d8e,,1,2024-08-24T15:54:40.000Z,USD,u_3e2031463528024d,ACTIVE,h_472313f66de7253f,[name],36.0,annual,,2026-08-24T15:54:40.000Z,book_club_member,,1,annual,2024-08-24T15:54:40.000Z,_UNKNOWN,3600,YEAR,annual,,,[name],2027-08-24T15:54:40.000Z,,300,,2027-08-24T15:54:40.000Z,2024-08-24T15:54:40.000Z,3600,[name],,https://www.supersummary.com/subscription,https://www.supersummary.com/subscription/confirming/cancel,,BCM Experience [July 2025] [25% one-time / No Entry Modal],,08-24-2024,,08-24-2026,08-24-2024,08-24-2024,08-24-2024,,08-24-2024,08-24-2027
Wg8OFLr_91abbd14afc957be,16CGlLUMNOf2NA2ji,,Parents; Annual,,,[name],[name],,I didn’t expect to be charged,i_didnt_expect_to_be_charged_2010816994,Not ready to commit to annual membership,not_ready_to_commit_to_annual_membership,,Pricing (Digital),pricing_digital,1,,,u_97465f6567277c30,I have never used your service and should be refunded for all charges. ,,,1,,,Canceled,2026-08-24T15:21:55.000Z,2026-08-24T15:22:48.000Z,2026-08-24T15:22:48.000Z,,23.97,2026-08-24T15:22:48.000Z,cancel,Valid Cancel,annual,2027-08-24T13:55:23.000Z,2027-08-24T13:55:23.000Z,3.0,3.0,36.0,Brightback,,,,,,,16CGlLUMNOf2NA2ji,2024-08-24T13:55:21.000Z,,2024-08-24T13:55:23.000Z,,h_3a934a7bf0c76c8e,,1,2024-08-24T13:55:23.000Z,USD,u_97465f6567277c30,ACTIVE,h_d9974ee1f77cf412,[name],,,,2026-08-24T13:55:23.000Z,parent_of_student,,1,annual,2024-08-24T13:55:23.000Z,_UNKNOWN,3600,YEAR,,,Middle School,[name],2027-08-24T13:55:23.000Z,,300,,2027-08-24T13:55:23.000Z,2024-08-24T13:55:23.000Z,3600,,,,,,Parent Experience [July 2025] [25% one-time / Modal],,08-24-2024,,08-24-2026,08-24-2024,08-24-2024,08-24-2024,,08-24-2024,08-24-2027
Wg8ODX9_86fd203a48e22027,1681636,,Teachers; fallback,,,[name],[name],[name],I didn’t expect to be charged,i_didnt_expect_to_be_charged_2010816994,Not ready to commit to annual membership,not_ready_to_commit_to_annual_membership,,Pricing (Digital),pricing_digital,3,,,u_0962244816d9a17c,,,,0,16.65,,Canceled,2026-08-24T13:33:29.000Z,2026-08-24T13:33:54.000Z,2026-08-24T13:33:54.000Z,,24.05,2026-08-24T13:33:54.000Z,cancel,Valid Cancel,monthly,2026-09-22T20:28:30.000Z,2026-09-22T20:28:30.000Z,16.65,16.65,16.65,Brightback,,,,,,,1681636,2026-06-22T20:28:27.000Z,,2026-06-22T20:28:30.000Z,,h_856b9c0d4e8f4506,,1,2026-06-22T20:28:30.000Z,USD,u_0962244816d9a17c,ACTIVE,h_cbb95bcc631cbf2c,[name],16.65,monthly_plus,,2026-08-22T20:28:30.000Z,teacher,,1,monthly_plus,2026-06-22T20:28:30.000Z,_UNKNOWN,1665,MONTH,monthly_plus,,High School,[name],2026-09-22T20:28:30.000Z,,1665,,2026-09-22T20:28:30.000Z,2026-06-22T20:28:30.000Z,1665,[name],,https://www.supersummary.com/subscription,https://www.supersummary.com/subscription/confirming/cancel,,Teacher Experience [July 2025] [40% one-time / Modal],,06-22-2026,,08-24-2026,06-22-2026,06-22-2026,06-22-2026,,06-22-2026,09-22-2026
Wg8OCea_acf2d817631a9124,6oZhlV9Rq9BNE2Sj,,Students; fallback,,,[name],[name],,I didn’t expect to be charged,i_didnt_expect_to_be_charged_2010816994,Not ready to commit to annual membership,not_ready_to_commit_to_annual_membership,,Pricing (Digital),pricing_digital,1,,,u_66f9794289726bc1,,,,0,,,Canceled,2026-08-24T12:40:37.000Z,2026-08-24T12:40:51.000Z,2026-08-24T12:41:10.000Z,,24.08,2026-08-24T12:41:10.000Z,cancel,Valid Cancel,monthly,2026-09-24T07:24:49.000Z,2026-09-24T07:24:49.000Z,9.95,9.95,9.95,Brightback,,,,,,,6oZhlV9Rq9BNE2Sj,2026-01-26T21:44:46.000Z,,2026-01-26T21:44:48.000Z,,h_093d60ccb7a460d2,,1,2026-07-24T07:24:49.000Z,USD,u_66f9794289726bc1,ACTIVE,h_898984429dd1cc6a,[name],,,,2026-08-24T07:24:49.000Z,student,,1,monthly_essentials,2026-01-26T21:44:48.000Z,_UNKNOWN,995,MONTH,,,College,[name],2026-09-24T07:24:49.000Z,,995,,2026-09-24T07:24:49.000Z,2026-01-26T21:44:48.000Z,995,,,,,,Student Experience [July 2025] [25% one-time / No Entry Modal],,01-26-2026,,08-24-2026,07-24-2026,01-26-2026,01-26-2026,,01-26-2026,09-24-2026
Wg8O5Xm_a85122c7f7f10c78,16CMeEVSicaLhNbi,,Parents; fallback,,,[name],[name],,I didn’t expect to be charged,i_didnt_expect_to_be_charged_2010816994,Not ready to commit to annual membership,not_ready_to_commit_to_annual_membership,,Pricing (Digital),pricing_digital,9,School supports,,u_01b5df9a74b4b65e,"I actually liked the site, but I don't think we'll get the use currently - will certainly check back in and sign up properly if needed in future years. I just thought I wouldn't be charged until after the 7 day trial period. Hoping my payment will be reversed. Many thanks, [name]",,,1,,,Canceled,2026-08-24T05:33:51.000Z,2026-08-24T06:09:45.000Z,2026-08-24T06:09:46.000Z,,24.38,2026-08-24T06:09:46.000Z,cancel,Valid Cancel,annual,2027-08-19T05:46:17.000Z,,5.0,5.0,60.0,Brightback,,,,,,,16CMeEVSicaLhNbi,2026-08-19T05:46:15.000Z,,2026-08-19T05:46:17.000Z,,h_df449f028dc22f07,,1,2026-08-19T05:46:17.000Z,USD,u_01b5df9a74b4b65e,ACTIVE,h_2052609f5174263f,[name],,,,2026-08-19T05:46:17.000Z,parent_of_student,,1,annual_plus,2026-08-19T05:46:17.000Z,_UNKNOWN,6000,YEAR,,,High School,[name],2027-08-19T05:46:17.000Z,,500,,2027-08-19T05:46:17.000Z,2026-08-19T05:46:17.000Z,6000,,,,,,Parent Experience [July 2025] [25% one-time / No Entry Modal],,08-19-2026,,08-24-2026,08-19-2026,08-19-2026,08-19-2026,,08-19-2026,08-19-2027
Wg8O4wp_838e033093c41d6d,AzZV4mVTAXRHR8RHu,,Students; fallback,,,[name],[name],,I didn’t expect to be charged,i_didnt_expect_to_be_charged_2010816994,Not ready to commit to annual membership,not_ready_to_commit_to_annual_membership,,Pricing (Digital),pricing_digital,1,spark notes ,,u_ea339d5c6f679957,making it free,,,1,,,Canceled,2026-08-24T04:58:54.000Z,2026-08-24T04:59:31.000Z,2026-08-24T04:59:31.000Z,,24.4,2026-08-24T04:59:31.000Z,cancel,Valid Cancel,annual,2027-08-24T00:21:28.000Z,2027-08-24T00:21:28.000Z,5.0,5.0,60.0,Brightback,,,,,,,AzZV4mVTAXRHR8RHu,2026-08-24T00:21:26.000Z,,2026-08-24T00:21:28.000Z,,h_17a97d20debba32e,,1,2026-08-24T00:21:28.000Z,USD,u_ea339d5c6f679957,ACTIVE,h_dd874a97b6abc6ef,[name],,,,2026-08-24T00:21:28.000Z,student,,1,annual_plus,2026-08-24T00:21:28.000Z,_UNKNOWN,6000,YEAR,,,High School,[name],2027-08-24T00:21:28.000Z,,500,,2027-08-24T00:21:28.000Z,2026-08-24T00:21:28.000Z,6000,,,,,,Student Experience [July 2025] [25% one-time / No Entry Modal],,08-24-2026,,08-24-2026,08-24-2026,08-24-2026,08-24-2026,,08-24-2026,08-24-2027
Wg8O2Zj_bd3c01431ea3463a,AzyqMSVTB0HAgvp7,,Parents; fallback,,,[name],[name],,I didn’t expect to be charged,i_didnt_expect_to_be_charged_2010816994,Not ready to commit to annual membership,not_ready_to_commit_to_annual_membership,,Pricing (Digital),pricing_digital,1,,,u_9c14656aa6699987,,,,0,,,Canceled,2026-08-24T02:35:48.000Z,2026-08-24T02:36:28.000Z,2026-08-24T02:36:28.000Z,,24.5,2026-08-24T02:36:28.000Z,cancel,Valid Cancel,annual,2027-08-24T02:16:00.000Z,2027-08-24T02:16:00.000Z,5.0,5.0,60.0,Brightback,,,,,,,AzyqMSVTB0HAgvp7,2026-08-24T02:15:59.000Z,,2026-08-24T02:16:00.000Z,,h_1359441dd272dfc1,,1,2026-08-24T02:16:00.000Z,USD,u_9c14656aa6699987,ACTIVE,h_536c55c5c42a1213,[name],,,,2026-08-24T02:16:00.000Z,parent_of_student,,1,annual_plus,2026-08-24T02:16:00.000Z,_UNKNOWN,6000,YEAR,,,High School,[name],2027-08-24T02:16:00.000Z,,500,,2027-08-24T02:16:00.000Z,2026-08-24T02:16:00.000Z,6000,,,,,,Parent Experience [July 2025] [25% one-time / No Entry Modal],,08-24-2026,,08-24-2026,08-24-2026,08-24-2026,08-24-2026,,08-24-2026,08-24-2027
Wg8NNUb_b82eb6bf1f515964,AzylKfUuil02D5vfR,,Students; Annual,,,[name],[name],,I didn’t expect to be charged,i_didnt_expect_to_be_charged_2010816994,Not ready to commit to annual membership,not_ready_to_commit_to_annual_membership,,Pricing (Digital),pricing_digital,1,,,u_2993d37804396508,,,,0,,,Canceled,2026-08-23T23:30:43.000Z,2026-08-23T23:31:10.000Z,2026-08-23T23:31:11.000Z,,24.63,2026-08-23T23:31:11.000Z,cancel,Valid Cancel,annual,2027-08-23T17:57:46.000Z,2027-08-23T17:57:46.000Z,3.0,3.0,36.0,Brightback,,,,,,,AzylKfUuil02D5vfR,2025-08-23T17:57:43.000Z,,2025-08-23T17:57:46.000Z,,h_46b81ff7ebb80136,,1,2025-08-23T17:57:46.000Z,USD,u_2993d37804396508,ACTIVE,h_382dbddae3b5d073,[name],,,,2026-08-23T17:57:46.000Z,student,,1,annual,2025-08-23T17:57:46.000Z,_UNKNOWN,3600,YEAR,,,College,[name],2027-08-23T17:57:46.000Z,,300,,2027-08-23T17:57:46.000Z,2025-08-23T17:57:46.000Z,3600,,,,,,Student Experience [July 2025] [25% one-time / No Entry Modal],,08-23-2025,,08-23-2026,08-23-2025,08-23-2025,08-23-2025,,08-23-2025,08-23-2027
Wg8NMaB_be12e856f78ebbd5,AzZZFXUBwwxRLHDAd,,Teachers; Annual,,,[name],[name],,I didn’t expect to be charged,i_didnt_expect_to_be_charged_2010816994,Not ready to commit to annual membership,not_ready_to_commit_to_annual_membership,,Pricing (Digital),pricing_digital,2,,,u_421f45c8426a2a90,,,,0,,,Canceled,2026-08-23T22:36:22.000Z,2026-08-23T22:37:03.000Z,2026-08-23T22:37:03.000Z,,24.67,2026-08-23T22:37:03.000Z,cancel,Valid Cancel,annual,2027-05-06T00:33:27.000Z,2027-05-06T00:33:27.000Z,3.0,3.0,36.0,Brightback,,,,,,,AzZZFXUBwwxRLHDAd,2024-05-06T00:33:26.000Z,,2024-05-06T00:33:27.000Z,,h_dd924aa19dfac14f,,1,2024-05-06T00:33:27.000Z,USD,u_421f45c8426a2a90,ACTIVE,h_1786fbbc2ffd9b46,[name],,,,2026-05-06T00:33:27.000Z,teacher,,1,annual,2024-05-06T00:33:27.000Z,_UNKNOWN,3600,YEAR,,,Middle School,[name],2027-05-06T00:33:27.000Z,,300,,2027-05-06T00:33:27.000Z,2024-05-06T00:33:27.000Z,3600,,,,,,Teacher Experience [July 2025] [40% one-time / Modal],,05-06-2024,,08-23-2026,05-06-2024,05-06-2024,05-06-2024,,05-06-2024,05-06-2027
Wg8NLCr_965e7a3527a820b0,1722478,,Students; fallback,,,[name],[name],[name],I didn’t expect to be charged,i_didnt_expect_to_be_charged_2010816994,Not ready to commit to annual membership,not_ready_to_commit_to_annual_membership,,Pricing (Digital),pricing_digital,7,,,u_62fc4d8e667547ac,,,,0,9.95,,Canceled,2026-08-23T21:13:13.000Z,2026-08-23T21:13:36.000Z,2026-08-23T21:13:36.000Z,,24.73,2026-08-23T21:13:36.000Z,cancel,Valid Cancel,monthly,2026-09-18T02:55:37.000Z,2026-09-18T02:55:37.000Z,9.95,9.95,9.95,Brightback,,,,,,,1722478,2026-08-18T02:54:36.000Z,,2026-08-18T02:55:37.000Z,,h_30ec241be56dbd9e,,1,2026-08-18T02:55:37.000Z,USD,u_62fc4d8e667547ac,ACTIVE,h_c1333fc3b88d7ebf,[name],9.95,monthly_essentials,,2026-08-18T02:55:37.000Z,student,,1,monthly_essentials,2026-08-18T02:55:37.000Z,_UNKNOWN,995,MONTH,monthly_essentials,,High School,[name],2026-09-18T02:55:37.000Z,,995,,2026-09-18T02:55:37.000Z,2026-08-18T02:55:37.000Z,995,[name],,https://www.supersummary.com/subscription,https://www.supersummary.com/subscription/confirming/cancel,,Student Experience [July 2025] [25% one-time / No Entry Modal],,08-18-2026,,08-23-2026,08-18-2026,08-18-2026,08-18-2026,,08-18-2026,09-18-2026
Wg8NKhx_ba9b839ed05c0c79,16BRHhVT9VePtAg4,,Students; fallback,,,[name],[name],,I didn’t expect to be charged,i_didnt_expect_to_be_charged_2010816994,Not ready to commit to annual membership,not_ready_to_commit_to_annual_membership,,Pricing (Digital),pricing_digital,6,LitCharts,,u_94e8df214c3f4ead,,,,0,,,Canceled,2026-08-23T20:44:02.000Z,2026-08-23T20:44:37.000Z,2026-08-23T20:44:39.000Z,,24.75,2026-08-23T20:44:39.000Z,cancel,Valid Cancel,annual,2027-08-23T20:08:05.000Z,2027-08-23T20:08:05.000Z,3.0,3.0,36.0,Brightback,,,,,,,16BRHhVT9VePtAg4,2026-08-23T20:08:03.000Z,,2026-08-23T20:08:05.000Z,,h_acbb9b7ad5de651c,,1,2026-08-23T20:08:05.000Z,USD,u_94e8df214c3f4ead,ACTIVE,h_2a5827d69abae9ef,[name],,,,2026-08-23T20:08:05.000Z,student,,1,annual_essentials,2026-08-23T20:08:05.000Z,_UNKNOWN,3600,YEAR,,,College,[name],2027-08-23T20:08:05.000Z,,300,,2027-08-23T20:08:05.000Z,2026-08-23T20:08:05.000Z,3600,,,,,,Student Experience [July 2025] [25% one-time / No Entry Modal],,08-23-2026,,08-23-2026,08-23-2026,08-23-2026,08-23-2026,,08-23-2026,08-23-2027
Wg8NJdP_96e89489fc3bfb5a,1737565,,Students; fallback,,,[name],[name],[name],I didn’t expect to be charged,i_didnt_expect_to_be_charged_2010816994,Not ready to commit to annual membership,not_ready_to_commit_to_annual_membership,,Pricing (Digital),pricing_digital,1,,,u_a3be80a54e25be05,,,,0,60.0,,Canceled,2026-08-23T19:39:32.000Z,2026-08-23T19:39:47.000Z,2026-08-23T19:39:47.000Z,,24.79,2026-08-23T19:39:47.000Z,cancel,Valid Cancel,annual,2027-08-23T15:56:27.000Z,,5.0,5.0,60.0,Brightback,,,,,,,1737565,2026-08-23T15:56:26.000Z,,2026-08-23T15:56:27.000Z,,h_816ab3f886727deb,,1,2026-08-23T15:56:27.000Z,USD,u_a3be80a54e25be05,NON_RENEWING,h_4669502ffb0dcfee,[name],60.0,annual_plus,,2026-08-23T15:56:27.000Z,student,,1,annual_plus,2026-08-23T15:56:27.000Z,_UNKNOWN,6000,YEAR,annual_plus,,High School,[name],,,500,,2027-08-23T15:56:27.000Z,2026-08-23T15:56:27.000Z,6000,[name],,https://www.supersummary.com/subscription,https://www.supersummary.com/subscription/confirming/cancel,,Student Experience [July 2025] [25% one-time / No Entry Modal],,08-23-2026,,08-23-2026,08-23-2026,08-23-2026,08-23-2026,,08-23-2026,
Wg8NI5i_b10736cb259def62,AzybgDVRrAvr38BYi,,Teachers; fallback,,,[name],[name],,I didn’t expect to be charged,i_didnt_expect_to_be_charged_2010816994,Not ready to commit to annual membership,not_ready_to_commit_to_annual_membership,,Pricing (Digital),pricing_digital,1,Nothing ,,u_a7e3d2cefc06a0fb,Nothing,,,1,,,Canceled,2026-08-23T18:05:50.000Z,2026-08-23T18:06:21.000Z,2026-08-23T18:06:22.000Z,,24.86,2026-08-23T18:06:22.000Z,cancel,Valid Cancel,annual,2027-08-10T02:24:01.000Z,2027-08-10T02:24:01.000Z,3.0,3.0,36.0,Brightback,,,,,,,AzybgDVRrAvr38BYi,2026-08-10T02:23:58.000Z,,2026-08-10T02:24:01.000Z,,h_ba5ff260579b7836,,1,2026-08-10T02:24:01.000Z,USD,u_a7e3d2cefc06a0fb,ACTIVE,h_b5037487672e925c,[name],,,,2026-08-10T02:24:01.000Z,teacher,,1,annual_essentials,2026-08-10T02:24:01.000Z,_UNKNOWN,3600,YEAR,,,Middle School,[name],2027-08-10T02:24:01.000Z,,300,,2027-08-10T02:24:01.000Z,2026-08-10T02:24:01.000Z,3600,,,,,,Teacher Experience [July 2025] [40% one-time / Modal],,08-10-2026,,08-23-2026,08-10-2026,08-10-2026,08-10-2026,,08-10-2026,08-10-2027
Wg8NI2K_bd993a39b4ff8128,1729750,,fallback,,,[name],[name],[name],I didn’t expect to be charged,i_didnt_expect_to_be_charged_2010816994,Not ready to commit to annual membership,not_ready_to_commit_to_annual_membership,,Pricing (Digital),pricing_digital,4,Nothing,,u_f0a290b06ca4d89c,I don't have a book club in my area and I was hoping to have more discussion points than just summaries. I wanted it to be more like a book club for myself ,,,1,60.0,,Canceled,2026-08-23T18:02:27.000Z,2026-08-23T18:03:59.000Z,2026-08-23T18:03:59.000Z,,24.86,2026-08-23T18:03:59.000Z,cancel,Valid Cancel,annual,2027-08-16T18:58:46.000Z,2027-08-16T18:58:46.000Z,5.0,5.0,60.0,Brightback,,,,,,,1729750,2026-08-16T18:58:44.000Z,,2026-08-16T18:58:46.000Z,,h_bb3e8c5a03b8252f,,1,2026-08-16T18:58:46.000Z,USD,u_f0a290b06ca4d89c,ACTIVE,h_a39e916d2a74d9b9,[name],60.0,annual_plus,,2026-08-16T18:58:46.000Z,avid_reader,,1,annual_plus,2026-08-16T18:58:46.000Z,_UNKNOWN,6000,YEAR,annual_plus,,,[name],2027-08-16T18:58:46.000Z,,500,,2027-08-16T18:58:46.000Z,2026-08-16T18:58:46.000Z,6000,[name],,https://www.supersummary.com/subscription,https://www.supersummary.com/subscription/confirming/cancel,,Default/Fallback [July 2025] [25% one time / No entry modal],,08-16-2026,,08-23-2026,08-16-2026,08-16-2026,08-16-2026,,08-16-2026,08-16-2027
Wg8NH0g_8f0bde41f86ec690,1737640,,Students; fallback,,,[name],[name],[name],I didn’t expect to be charged,i_didnt_expect_to_be_charged_2010816994,Not ready to commit to annual membership,not_ready_to_commit_to_annual_membership,,Pricing (Digital),pricing_digital,6,xx,,u_228dc77ad6b3154f,xx,,,1,60.0,,Canceled,2026-08-23T17:01:07.000Z,2026-08-23T17:01:36.000Z,2026-08-23T17:01:37.000Z,,24.9,2026-08-23T17:01:37.000Z,cancel,Valid Cancel,annual,2027-08-23T16:59:52.000Z,2027-08-23T16:59:52.000Z,5.0,5.0,60.0,Brightback,,,,,,,1737640,2026-08-23T16:59:49.000Z,,2026-08-23T16:59:52.000Z,,h_618dbe618c54e8ed,,1,2026-08-23T16:59:52.000Z,USD,u_228dc77ad6b3154f,ACTIVE,h_9b9e1529b4281d6f,[name],60.0,annual_plus,,2026-08-23T16:59:52.000Z,student,,1,annual_plus,2026-08-23T16:59:52.000Z,_UNKNOWN,6000,YEAR,annual_plus,,High School,[name],2027-08-23T16:59:52.000Z,,500,,2027-08-23T16:59:52.000Z,2026-08-23T16:59:52.000Z,6000,[name],,https://www.supersummary.com/subscription,https://www.supersummary.com/subscription/confirming/cancel,,Student Experience [July 2025] [25% one-time / No Entry Modal],,08-23-2026,,08-23-2026,08-23-2026,08-23-2026,08-23-2026,,08-23-2026,08-23-2027
Wg8NGiu_8571bc3cbbdc876b,Azqdc5VT8fEEu8557,,Parents; fallback,,,[name],[name],,I didn’t expect to be charged,i_didnt_expect_to_be_charged_2010816994,Not ready to commit to annual membership,not_ready_to_commit_to_annual_membership,,Pricing (Digital),pricing_digital,8,-,,u_dc0d4e7904cc9c61,-,,,1,,,Canceled,2026-08-23T16:45:01.000Z,2026-08-23T16:45:24.000Z,2026-08-23T16:45:25.000Z,,24.91,2026-08-23T16:45:25.000Z,cancel,Valid Cancel,monthly,2026-09-23T16:39:52.000Z,2026-09-23T16:39:52.000Z,16.65,16.65,16.65,Brightback,,,,,,,Azqdc5VT8fEEu8557,2026-08-23T16:37:57.000Z,,2026-08-23T16:39:52.000Z,,h_4806e1d07ecc61c6,,1,2026-08-23T16:39:52.000Z,USD,u_dc0d4e7904cc9c61,ACTIVE,h_c51e560eed9a6853,[name],,,,2026-08-23T16:39:52.000Z,parent_of_student,,1,monthly_plus,2026-08-23T16:39:52.000Z,_UNKNOWN,1665,MONTH,,,Middle School,[name],2026-09-23T16:39:52.000Z,,1665,,2026-09-23T16:39:52.000Z,2026-08-23T16:39:52.000Z,1665,,,,,,Parent Experience [July 2025] [25% one-time / No Entry Modal],,08-23-2026,,08-23-2026,08-23-2026,08-23-2026,08-23-2026,,08-23-2026,09-23-2026
Wg8NCwO_ac12d78f580d9f8b,AzZfmtVStADOf3NHS,,Students; fallback,,,[name],[name],,I didn’t expect to be charged,i_didnt_expect_to_be_charged_2010816994,Not ready to commit to annual membership,not_ready_to_commit_to_annual_membership,,Pricing (Digital),pricing_digital,1,No,,u_134c31a342d6a9a1,No,,,1,,,Canceled,2026-08-23T12:58:25.000Z,2026-08-23T12:58:48.000Z,2026-08-23T12:58:48.000Z,,25.07,2026-08-23T12:58:48.000Z,cancel,Valid Cancel,annual,2027-08-21T01:02:35.000Z,2027-08-21T01:02:35.000Z,3.0,3.0,36.0,Brightback,,,,,,,AzZfmtVStADOf3NHS,2026-08-21T01:02:34.000Z,,2026-08-21T01:02:35.000Z,,h_2862b4968d4dbd07,,1,2026-08-21T01:02:35.000Z,USD,u_134c31a342d6a9a1,ACTIVE,h_974c66f34672d8d5,[name],,,,2026-08-21T01:02:35.000Z,student,,1,annual_essentials,2026-08-21T01:02:35.000Z,_UNKNOWN,3600,YEAR,,,College,[name],2027-08-21T01:02:35.000Z,,300,,2027-08-21T01:02:35.000Z,2026-08-21T01:02:35.000Z,3600,,,,,,Student Experience [July 2025] [25% one-time / No Entry Modal],,08-21-2026,,08-23-2026,08-21-2026,08-21-2026,08-21-2026,,08-21-2026,08-21-2027
Wg8N7N5_bb92542f0d01b4d6,AzZmz2VT6NLTr6RKd,,fallback,,,[name],[name],,I didn’t expect to be charged,i_didnt_expect_to_be_charged_2010816994,Not ready to commit to annual membership,not_ready_to_commit_to_annual_membership,,Pricing (Digital),pricing_digital,1,,,u_c4ee5829e36a91b5,7 days free trial and you’ve charged me directly. You should be banned from ever doing business in the European Union,,,1,,,Canceled,2026-08-23T07:23:15.000Z,2026-08-23T07:24:28.000Z,2026-08-23T07:24:28.000Z,,25.3,2026-08-23T07:24:28.000Z,cancel,Valid Cancel,monthly,2026-09-23T07:16:17.000Z,2026-09-23T07:16:17.000Z,16.65,16.65,16.65,Brightback,,,,,,,AzZmz2VT6NLTr6RKd,2026-08-23T07:16:15.000Z,,2026-08-23T07:16:17.000Z,,h_84cb22c24ee2ea7b,,1,2026-08-23T07:16:17.000Z,USD,u_c4ee5829e36a91b5,ACTIVE,h_806b369617111134,[name],,,,2026-08-23T07:16:17.000Z,librarian,,1,monthly_plus,2026-08-23T07:16:17.000Z,_UNKNOWN,1665,MONTH,,,,[name],2026-09-23T07:16:17.000Z,,1665,,2026-09-23T07:16:17.000Z,2026-08-23T07:16:17.000Z,1665,,,,,,Default/Fallback [July 2025] [25% one time / No entry modal],,08-23-2026,,08-23-2026,08-23-2026,08-23-2026,08-23-2026,,08-23-2026,09-23-2026
Wg8N4pa_bee41c254d6d1f2e,1737200,,Teachers; fallback,,,[name],[name],[name],I didn’t expect to be charged,i_didnt_expect_to_be_charged_2010816994,Not ready to commit to annual membership,not_ready_to_commit_to_annual_membership,,Pricing (Digital),pricing_digital,5,,,u_86d3472edb083535,,,,0,60.0,,Canceled,2026-08-23T04:51:39.000Z,2026-08-23T04:52:20.000Z,2026-08-23T04:52:21.000Z,,25.41,2026-08-23T04:52:21.000Z,cancel,Valid Cancel,annual,2027-08-23T04:44:50.000Z,2027-08-23T04:44:50.000Z,5.0,5.0,60.0,Brightback,,,,,,,1737200,2026-08-23T04:44:48.000Z,,2026-08-23T04:44:50.000Z,,h_9b55b0e2db439d04,,1,2026-08-23T04:44:50.000Z,USD,u_86d3472edb083535,ACTIVE,h_5fbe5b56563a97de,[name],60.0,annual_plus,,2026-08-23T04:44:50.000Z,teacher,,1,annual_plus,2026-08-23T04:44:50.000Z,_UNKNOWN,6000,YEAR,annual_plus,,High School,[name],2027-08-23T04:44:50.000Z,,500,,2027-08-23T04:44:50.000Z,2026-08-23T04:44:50.000Z,6000,[name],,https://www.supersummary.com/subscription,https://www.supersummary.com/subscription/confirming/cancel,,Teacher Experience [July 2025] [40% one-time / Modal],,08-23-2026,,08-23-2026,08-23-2026,08-23-2026,08-23-2026,,08-23-2026,08-23-2027
Wg8N3o7_828dbfd6757f54d2,16CTIYTnXBMeY1SNK,,Students; Annual,,,[name],[name],,I didn’t expect to be charged,i_didnt_expect_to_be_charged_2010816994,Not ready to commit to annual membership,not_ready_to_commit_to_annual_membership,,Pricing (Digital),pricing_digital,5,,,u_165978063645739a,,,,0,,,Canceled,2026-08-23T03:50:08.000Z,2026-08-23T03:50:47.000Z,2026-08-23T03:50:47.000Z,,25.45,2026-08-23T03:50:47.000Z,cancel,Valid Cancel,annual,2027-08-21T03:14:28.000Z,2027-08-21T03:14:28.000Z,3.0,3.0,36.0,Brightback,,,,,,,16CTIYTnXBMeY1SNK,2023-08-21T03:14:26.000Z,,2023-08-21T03:14:28.000Z,,h_58e487fde99c4d1a,,1,2023-08-21T03:14:28.000Z,USD,u_165978063645739a,ACTIVE,h_2d93a303ab618b64,[name],,,,2026-08-21T03:14:28.000Z,student,,1,annual,2023-08-21T03:14:28.000Z,_UNKNOWN,3600,YEAR,,,High School,[name],2027-08-21T03:14:28.000Z,,300,,2027-08-21T03:14:28.000Z,2023-08-21T03:14:28.000Z,3600,,,,,,Student Experience [July 2025] [25% one-time / No Entry Modal],,08-21-2023,,08-23-2026,08-21-2023,08-21-2023,08-21-2023,,08-21-2023,08-21-2027
Wg8N0a9_8c2b3036bd1dd554,AzywjEUMEI2QO6y9W,,Teachers; Annual,,,[name],[name],,I didn’t expect to be charged,i_didnt_expect_to_be_charged_2010816994,Not ready to commit to annual membership,not_ready_to_commit_to_annual_membership,,Pricing (Digital),pricing_digital,2,,,u_8517f1d603cca329,,,,0,,,Canceled,2026-08-23T00:36:11.000Z,2026-08-23T00:36:29.000Z,2026-08-23T00:36:29.000Z,,25.59,2026-08-23T00:36:29.000Z,cancel,Valid Cancel,annual,2027-08-23T00:32:37.000Z,2027-08-23T00:32:37.000Z,3.0,3.0,36.0,Brightback,,,,,,,AzywjEUMEI2QO6y9W,2024-08-23T00:32:36.000Z,,2024-08-23T00:32:37.000Z,,h_2863a63ab797a689,,1,2024-08-23T00:32:37.000Z,USD,u_8517f1d603cca329,ACTIVE,h_6d24ab8fcee93c46,[name],,,,2026-08-23T00:32:37.000Z,teacher,,1,annual,2024-08-23T00:32:37.000Z,_UNKNOWN,3600,YEAR,,,Middle School,[name],2027-08-23T00:32:37.000Z,,300,,2027-08-23T00:32:37.000Z,2024-08-23T00:32:37.000Z,3600,,,,,,Teacher Experience [July 2025] [40% one-time / Modal],,08-23-2024,,08-23-2026,08-23-2024,08-23-2024,08-23-2024,,08-23-2024,08-23-2027
Wg8MLV7_8b828e848541700a,576324,,Teachers; fallback,,,[name],[name],[name],I didn’t expect to be charged,i_didnt_expect_to_be_charged_2010816994,Not ready to commit to annual membership,not_ready_to_commit_to_annual_membership,,Pricing (Digital),pricing_digital,5,,,u_54376975b5043f23,,,,0,36.0,,Canceled,2026-08-22T21:31:13.000Z,2026-08-22T21:32:18.000Z,2026-08-22T21:32:19.000Z,,25.71,2026-08-22T21:32:19.000Z,cancel,Valid Cancel,annual,2027-08-22T20:24:36.000Z,2027-08-22T20:24:36.000Z,3.0,3.0,36.0,Brightback,,,,,,,576324,2026-08-22T20:24:34.000Z,,2026-08-22T20:24:36.000Z,,h_bb9663eda6318507,,1,2026-08-22T20:24:36.000Z,USD,u_54376975b5043f23,ACTIVE,h_a1dd772165cae415,[name],36.0,annual_essentials,,2026-08-22T20:24:36.000Z,teacher,,1,annual_essentials,2026-08-22T20:24:36.000Z,_UNKNOWN,3600,YEAR,annual_essentials,,High School,[name],2027-08-22T20:24:36.000Z,,300,,2027-08-22T20:24:36.000Z,2026-08-22T20:24:36.000Z,3600,[name],,https://www.supersummary.com/subscription,https://www.supersummary.com/subscription/confirming/cancel,,Teacher Experience [July 2025] [40% one-time / Modal],,08-22-2026,,08-22-2026,08-22-2026,08-22-2026,08-22-2026,,08-22-2026,08-22-2027
Wg8MLgE_98cc7e72dcb5240e,6oqX0TnhWJch5DQV,,fallback,,,[name],[name],,I didn’t expect to be charged,i_didnt_expect_to_be_charged_2010816994,Not ready to commit to annual membership,not_ready_to_commit_to_annual_membership,,Pricing (Digital),pricing_digital,1,,,u_630e17f58bfb525f,,,,0,,,Canceled,2026-08-22T21:42:17.000Z,2026-08-22T21:42:44.000Z,2026-08-22T21:42:44.000Z,,25.71,2026-08-22T21:42:44.000Z,cancel,Valid Cancel,annual,2027-08-22T21:40:25.000Z,2027-08-22T21:40:25.000Z,3.0,3.0,36.0,Brightback,,,,,,,6oqX0TnhWJch5DQV,2023-08-22T21:40:23.000Z,,2023-08-22T21:40:25.000Z,,h_e88aaa3cbc83ffca,,1,2023-08-22T21:40:25.000Z,USD,u_630e17f58bfb525f,ACTIVE,h_1ae943eadc8ef387,[name],,,,2026-08-22T21:40:25.000Z,other,,1,annual,2023-08-22T21:40:25.000Z,_UNKNOWN,3600,YEAR,,,,[name],2027-08-22T21:40:25.000Z,,300,,2027-08-22T21:40:25.000Z,2023-08-22T21:40:25.000Z,3600,,,,,,Default/Fallback [July 2025] [25% one time / No entry modal],,08-22-2023,,08-22-2026,08-22-2023,08-22-2023,08-22-2023,,08-22-2023,08-22-2027
Wg8MHbk_bf7c3ca7e8119f4e,AzywjEUMCbEF54R9i,,Book Club Members; Annual,,,[name],[name],,I didn’t expect to be charged,i_didnt_expect_to_be_charged_2010816994,Not ready to commit to annual membership,not_ready_to_commit_to_annual_membership,,Pricing (Digital),pricing_digital,1,,,u_de5354a7f697f4e4,,,,0,,,Canceled,2026-08-22T17:37:49.000Z,2026-08-22T17:38:04.000Z,2026-08-22T17:38:04.000Z,,25.88,2026-08-22T17:38:04.000Z,cancel,Valid Cancel,annual,2027-08-22T17:36:18.000Z,2027-08-22T17:36:18.000Z,3.0,3.0,36.0,Brightback,,,,,,,AzywjEUMCbEF54R9i,2024-08-22T17:36:17.000Z,,2024-08-22T17:36:18.000Z,,h_d82900c46c7709b0,,1,2024-08-22T17:36:18.000Z,USD,u_de5354a7f697f4e4,ACTIVE,h_8851d8307c48a97d,[name],,,,2026-08-22T17:36:18.000Z,book_club_member,,1,annual,2024-08-22T17:36:18.000Z,_UNKNOWN,3600,YEAR,,,,[name],2027-08-22T17:36:18.000Z,,300,,2027-08-22T17:36:18.000Z,2024-08-22T17:36:18.000Z,3600,,,,,,BCM Experience [July 2025] [25% one-time / No Entry Modal],,08-22-2024,,08-22-2026,08-22-2024,08-22-2024,08-22-2024,,08-22-2024,08-22-2027
Wg8MGn6_929421ad6f90ccba,634816,,Students; Annual,,,[name],[name],[name],I didn’t expect to be charged,i_didnt_expect_to_be_charged_2010816994,Not ready to commit to annual membership,not_ready_to_commit_to_annual_membership,,Pricing (Digital),pricing_digital,1,nothing,,u_c22597fea68677df,no way,,,1,36.0,,Canceled,2026-08-22T16:49:21.000Z,2026-08-22T16:49:49.000Z,2026-08-22T16:49:49.000Z,,25.91,2026-08-22T16:49:49.000Z,cancel,Valid Cancel,annual,2027-08-22T02:36:49.000Z,2027-08-22T02:36:49.000Z,3.0,3.0,36.0,Brightback,,,,,,,634816,2024-08-22T02:36:47.000Z,,2024-08-22T02:36:49.000Z,,h_108ca0ad42457e08,,1,2024-08-22T02:36:49.000Z,USD,u_c22597fea68677df,ACTIVE,h_67b4935b7c665531,[name],36.0,annual,,2026-08-22T02:36:49.000Z,student,,1,annual,2024-08-22T02:36:49.000Z,_UNKNOWN,3600,YEAR,annual,,High School,[name],2027-08-22T02:36:49.000Z,,300,,2027-08-22T02:36:49.000Z,2024-08-22T02:36:49.000Z,3600,[name],,https://www.supersummary.com/subscription,https://www.supersummary.com/subscription/confirming/cancel,,Student Experience [July 2025] [25% one-time / No Entry Modal],,08-22-2024,,08-22-2026,08-22-2024,08-22-2024,08-22-2024,,08-22-2024,08-22-2027
Wg8MEs3_8aa38c0b46d690c4,236528,,Students; Annual,,,[name],[name],[name],I didn’t expect to be charged,i_didnt_expect_to_be_charged_2010816994,Not ready to commit to annual membership,not_ready_to_commit_to_annual_membership,,Pricing (Digital),pricing_digital,1,,,u_d5cd4d66b9276b52,,,,0,36.0,,Canceled,2026-08-22T14:54:24.000Z,2026-08-22T14:54:35.000Z,2026-08-22T14:54:35.000Z,,25.99,2026-08-22T14:54:35.000Z,cancel,Valid Cancel,annual,2027-08-17T12:42:53.000Z,2027-08-17T12:42:53.000Z,3.0,3.0,36.0,Brightback,,,,,,,236528,2022-08-17T12:42:51.000Z,,2022-08-17T12:42:53.000Z,,h_bf5b8765a1d83df5,,1,2022-08-17T12:42:53.000Z,USD,u_d5cd4d66b9276b52,ACTIVE,h_e50056883bf83a6f,[name],36.0,annual,,2026-08-17T12:42:53.000Z,student,,1,annual,2022-08-17T12:42:53.000Z,_UNKNOWN,3600,YEAR,annual,,High School,[name],2027-08-17T12:42:53.000Z,,300,,2027-08-17T12:42:53.000Z,2022-08-17T12:42:53.000Z,3600,[name],,https://www.supersummary.com/subscription,https://www.supersummary.com/subscription/confirming/cancel,,Student Experience [July 2025] [25% one-time / No Entry Modal],,08-17-2022,,08-22-2026,08-17-2022,08-17-2022,08-17-2022,,08-17-2022,08-17-2027
Wg8MBhT_b59337ebb0a3ffbe,AzydJYVJwTJS2LsT,,Students; fallback,,,[name],[name],,I didn’t expect to be charged,i_didnt_expect_to_be_charged_2010816994,Not ready to commit to annual membership,not_ready_to_commit_to_annual_membership,,Pricing (Digital),pricing_digital,3,,,u_47248c3b19dd1c05,,,,0,,,Canceled,2026-08-22T11:43:32.000Z,2026-08-22T11:43:53.000Z,2026-08-22T11:43:53.000Z,,26.12,2026-08-22T11:43:53.000Z,cancel,Valid Cancel,monthly,2026-09-18T04:17:20.000Z,2026-09-18T04:17:20.000Z,9.95,9.95,9.95,Brightback,,,,1,9.95,2026-08-23T04:17:28.000Z,AzydJYVJwTJS2LsT,2026-05-18T04:17:19.000Z,,2026-05-18T04:17:20.000Z,,h_fcc7600d2e92fc2e,,1,2026-05-18T04:17:20.000Z,USD,u_47248c3b19dd1c05,ACTIVE,h_81c9115f871cad97,[name],,,,2026-08-18T04:17:20.000Z,student,,1,monthly_essentials,2026-05-18T04:17:20.000Z,_UNKNOWN,995,MONTH,,,College,[name],2026-09-18T04:17:20.000Z,,995,,2026-09-18T04:17:20.000Z,2026-05-18T04:17:20.000Z,995,,,,,,Student Experience [July 2025] [25% one-time / No Entry Modal],,05-18-2026,,08-22-2026,05-18-2026,05-18-2026,05-18-2026,,05-18-2026,09-18-2026
Wg8M9ir_97dd469ba24ae1d8,Azqdc5VT13wAp4FXA,,Teachers; fallback,,,[name],[name],,I didn’t expect to be charged,i_didnt_expect_to_be_charged_2010816994,Not ready to commit to annual membership,not_ready_to_commit_to_annual_membership,,Pricing (Digital),pricing_digital,4,possibly enotes and lit charts ,,u_6154b1c5c383f753,I thought there was a 7 day trial not an immediate charge for the year that cannot be refunded. That's a bit sketchy.  I would have considered a yearly subscription but the menu/forms to access the trial lead to a charge for a year. I'm not happy about the bait and switch. ,,,1,,,Canceled,2026-08-22T09:45:03.000Z,2026-08-22T09:47:28.000Z,2026-08-22T09:47:29.000Z,,26.2,2026-08-22T09:47:29.000Z,cancel,Valid Cancel,annual,2027-08-22T09:27:50.000Z,2027-08-22T09:27:50.000Z,5.0,5.0,60.0,Brightback,,,,,,,Azqdc5VT13wAp4FXA,2026-08-22T09:27:48.000Z,,2026-08-22T09:27:50.000Z,,h_dc9a7b728028a93f,,1,2026-08-22T09:27:50.000Z,USD,u_6154b1c5c383f753,ACTIVE,h_e2f342ff93d11cfb,[name],,,,2026-08-22T09:27:50.000Z,teacher,,1,annual_plus,2026-08-22T09:27:50.000Z,_UNKNOWN,6000,YEAR,,,High School,[name],2027-08-22T09:27:50.000Z,,500,,2027-08-22T09:27:50.000Z,2026-08-22T09:27:50.000Z,6000,,,,,,Teacher Experience [July 2025] [40% one-time / Modal],,08-22-2026,,08-22-2026,08-22-2026,08-22-2026,08-22-2026,,08-22-2026,08-22-2027
Wg8M5LB_84dce702cf79a0b0,1729264,,Book Club Members; fallback,,,[name],[name],[name],I didn’t expect to be charged,i_didnt_expect_to_be_charged_2010816994,Not ready to commit to annual membership,not_ready_to_commit_to_annual_membership,,Pricing (Digital),pricing_digital,5,,,u_aa7768c2d130c7cf,,,,0,9.95,,Canceled,2026-08-22T05:21:21.000Z,2026-08-22T05:22:09.000Z,2026-08-22T05:22:10.000Z,,26.39,2026-08-22T05:22:10.000Z,cancel,Valid Cancel,monthly,2026-09-16T06:01:55.000Z,2026-09-16T06:01:55.000Z,9.95,9.95,9.95,Brightback,,,,,,,1729264,2026-08-16T06:01:52.000Z,,2026-08-16T06:01:55.000Z,,h_a9e92beaf541871c,,1,2026-08-16T06:01:55.000Z,USD,u_aa7768c2d130c7cf,ACTIVE,h_87d25bfd1c43f84d,[name],9.95,monthly_essentials,,2026-08-16T06:01:55.000Z,book_club_member,,1,monthly_essentials,2026-08-16T06:01:55.000Z,_UNKNOWN,995,MONTH,monthly_essentials,,,[name],2026-09-16T06:01:55.000Z,,995,,2026-09-16T06:01:55.000Z,2026-08-16T06:01:55.000Z,995,[name],,https://www.supersummary.com/subscription,https://www.supersummary.com/subscription/confirming/cancel,,BCM Experience [July 2025] [25% one-time / No Entry Modal],,08-16-2026,,08-22-2026,08-16-2026,08-16-2026,08-16-2026,,08-16-2026,09-16-2026
Wg8M21Q_bc848fbb0b55675d,Azyrq2UuZ0ZhO3tec,,Teachers; fallback,,,[name],[name],,I didn’t expect to be charged,i_didnt_expect_to_be_charged_2010816994,Not ready to commit to annual membership,not_ready_to_commit_to_annual_membership,,Pricing (Digital),pricing_digital,5,BookRags,,u_f3652896f6542275,Monthly vs yearly,,,1,,,Canceled,2026-08-22T02:01:28.000Z,2026-08-22T02:02:44.000Z,2026-08-22T02:02:44.000Z,,26.53,2026-08-22T02:02:44.000Z,cancel,Valid Cancel,annual,2027-08-22T01:56:55.000Z,2027-08-22T01:56:55.000Z,3.0,3.0,36.0,Brightback,,,,,,,Azyrq2UuZ0ZhO3tec,2025-08-22T01:56:53.000Z,,2025-08-22T01:56:55.000Z,,h_3df81b88f3d63c6b,,1,2025-08-22T01:56:55.000Z,USD,u_f3652896f6542275,ACTIVE,h_89155418c9453c78,[name],,,,2026-08-22T01:56:55.000Z,teacher,,1,annual_plus,2025-08-22T01:56:55.000Z,_UNKNOWN,3600,YEAR,,,Middle School,[name],2027-08-22T01:56:55.000Z,,300,,2027-08-22T01:56:55.000Z,2025-08-22T01:56:55.000Z,3600,,,,,,Teacher Experience [July 2025] [40% one-time / Modal],,08-22-2025,,08-22-2026,08-22-2025,08-22-2025,08-22-2025,,08-22-2025,08-22-2027
Wg8M1M8_813704a24e1de617,482652,,Students; Annual,,,[name],[name],[name],I didn’t expect to be charged,i_didnt_expect_to_be_charged_2010816994,Not ready to commit to annual membership,not_ready_to_commit_to_annual_membership,,Pricing (Digital),pricing_digital,6,,,u_7b1eba1302cb6f1a,,,,0,36.0,,Canceled,2026-08-22T01:22:20.000Z,2026-08-22T01:22:42.000Z,2026-08-22T01:22:43.000Z,,26.55,2026-08-22T01:22:43.000Z,cancel,Valid Cancel,annual,2027-08-21T16:24:51.000Z,2027-08-21T16:24:51.000Z,3.0,3.0,36.0,Brightback,,,,,,,482652,2024-01-23T22:45:40.000Z,,2025-08-21T16:24:51.000Z,,h_1c7fd6b9727b526a,,1,2025-08-21T16:24:51.000Z,USD,u_7b1eba1302cb6f1a,ACTIVE,h_2d967e5b8d600c61,[name],36.0,annual,,2026-08-21T16:24:51.000Z,student,,1,annual,2025-08-21T16:24:51.000Z,_UNKNOWN,3600,YEAR,annual,,Middle School,[name],2027-08-21T16:24:51.000Z,,300,,2027-08-21T16:24:51.000Z,2025-08-21T16:24:51.000Z,3600,[name],,https://www.supersummary.com/subscription,https://www.supersummary.com/subscription/confirming/cancel,,Student Experience [July 2025] [25% one-time / No Entry Modal],,08-21-2025,,08-22-2026,08-21-2025,08-21-2025,01-23-2024,,08-21-2025,08-21-2027
Wg8M1LS_8fb0af00b9433d4c,1277576,,fallback,,,[name],[name],[name],I didn’t expect to be charged,i_didnt_expect_to_be_charged_2010816994,Not ready to commit to annual membership,not_ready_to_commit_to_annual_membership,,Pricing (Digital),pricing_digital,5,,,u_6ffbcd1ab09db88e,,,,0,16.65,,Canceled,2026-08-22T01:21:34.000Z,2026-08-22T01:21:56.000Z,2026-08-22T01:21:56.000Z,,26.55,2026-08-22T01:21:56.000Z,cancel,Valid Cancel,monthly,2026-09-22T01:18:14.000Z,2026-09-22T01:18:14.000Z,16.65,16.65,16.65,Brightback,,,,,,,1277576,2025-08-06T09:40:30.000Z,,2026-08-22T01:18:14.000Z,,h_27ceb784ce78d670,,1,2026-08-22T01:18:14.000Z,USD,u_6ffbcd1ab09db88e,ACTIVE,h_63acc76501047ed5,[name],16.65,monthly_plus,,2026-08-22T01:18:14.000Z,other,,1,monthly_plus,2026-08-22T01:18:14.000Z,_UNKNOWN,1665,MONTH,monthly_plus,,,[name],2026-09-22T01:18:14.000Z,,1665,,2026-09-22T01:18:14.000Z,2026-08-22T01:18:14.000Z,1665,[name],,https://www.supersummary.com/subscription,https://www.supersummary.com/subscription/confirming/cancel,,Default/Fallback [July 2025] [25% one time / No entry modal],,08-22-2026,,08-22-2026,08-22-2026,08-22-2026,08-06-2025,,08-22-2026,09-22-2026
Wg8M0pB_baec2df11e0a1a79,AzZc83UuYaMPS3fE9,,Parents; Annual,,,[name],[name],,I didn’t expect to be charged,i_didnt_expect_to_be_charged_2010816994,Not ready to commit to annual membership,not_ready_to_commit_to_annual_membership,,Pricing (Digital),pricing_digital,1,Nothing,,u_82ae152bf9559584,Nothing auto bill,,,1,,,Canceled,2026-08-22T00:51:12.000Z,2026-08-22T00:51:59.000Z,2026-08-22T00:52:00.000Z,,26.57,2026-08-22T00:52:00.000Z,cancel,Valid Cancel,annual,2027-08-22T00:12:47.000Z,2027-08-22T00:12:47.000Z,3.0,3.0,36.0,Brightback,,,,,,,AzZc83UuYaMPS3fE9,2025-08-22T00:12:45.000Z,,2025-08-22T00:12:47.000Z,,h_b5410faf2fdf59b2,,1,2025-08-22T00:12:47.000Z,USD,u_82ae152bf9559584,ACTIVE,h_1bb9d3cf59e4c6c8,[name],,,,2026-08-22T00:12:47.000Z,parent_of_student,,1,annual,2025-08-22T00:12:47.000Z,_UNKNOWN,3600,YEAR,,,High School,[name],2027-08-22T00:12:47.000Z,,300,,2027-08-22T00:12:47.000Z,2025-08-22T00:12:47.000Z,3600,,,,,,Parent Experience [July 2025] [25% one-time / Modal],,08-22-2025,,08-22-2026,08-22-2025,08-22-2025,08-22-2025,,08-22-2025,08-22-2027
Wg8LMM9_8d4f778796e322d6,AzypAsVSyIzZG2uAH,,Students; fallback,,,[name],[name],,I didn’t expect to be charged,i_didnt_expect_to_be_charged_2010816994,Not ready to commit to annual membership,not_ready_to_commit_to_annual_membership,,Pricing (Digital),pricing_digital,7,Nothing,,u_e6e3b2f87b0fb898,,,,0,,,Canceled,2026-08-21T22:22:11.000Z,2026-08-21T22:22:46.000Z,2026-08-21T22:22:46.000Z,,26.68,2026-08-21T22:50:06.000Z,cancel,Valid Cancel,monthly,2026-09-21T22:08:49.000Z,2026-09-21T22:08:49.000Z,9.95,9.95,9.95,Brightback,,,,,,,AzypAsVSyIzZG2uAH,2026-08-21T22:08:47.000Z,,2026-08-21T22:08:49.000Z,,h_4caed345d41dddb7,,1,2026-08-21T22:08:49.000Z,USD,u_e6e3b2f87b0fb898,ACTIVE,h_deb3774cf7b7e560,[name],,,,2026-08-21T22:08:49.000Z,student,,1,monthly_essentials,2026-08-21T22:08:49.000Z,_UNKNOWN,995,MONTH,,,College,[name],2026-09-21T22:08:49.000Z,,995,,2026-09-21T22:08:49.000Z,2026-08-21T22:08:49.000Z,995,,,,,,Student Experience [July 2025] [25% one-time / No Entry Modal],,08-21-2026,,08-21-2026,08-21-2026,08-21-2026,08-21-2026,,08-21-2026,09-21-2026
Wg8LJNt_9df8436854acb52e,16BlJlUM2O53WXBC4,,Book Club Members; Annual,,,[name],[name],,I didn’t expect to be charged,i_didnt_expect_to_be_charged_2010816994,Not ready to commit to annual membership,not_ready_to_commit_to_annual_membership,,Pricing (Digital),pricing_digital,1,Nothing,,u_bbe02407df81ed38,,,,0,,,Canceled,2026-08-21T19:23:59.000Z,2026-08-21T19:24:21.000Z,2026-08-21T19:24:21.000Z,,26.8,2026-08-21T19:24:21.000Z,cancel,Valid Cancel,annual,2027-08-20T23:41:21.000Z,2027-08-20T23:41:21.000Z,3.0,3.0,36.0,Brightback,,,,,,,16BlJlUM2O53WXBC4,2024-08-20T23:41:19.000Z,,2024-08-20T23:41:21.000Z,,h_f423e229492a2852,,1,2024-08-20T23:41:21.000Z,USD,u_bbe02407df81ed38,ACTIVE,h_f69bf2d250e4d939,[name],,,,2026-08-20T23:41:21.000Z,book_club_member,,1,annual,2024-08-20T23:41:21.000Z,_UNKNOWN,3600,YEAR,,,,[name],2027-08-20T23:41:21.000Z,,300,,2027-08-20T23:41:21.000Z,2024-08-20T23:41:21.000Z,3600,,,,,,BCM Experience [July 2025] [25% one-time / No Entry Modal],,08-20-2024,,08-21-2026,08-20-2024,08-20-2024,08-20-2024,,08-20-2024,08-20-2027
Wg8LJC2_92a481ff59538b56,1729723,,Book Club Members; fallback,,,[name],[name],[name],I didn’t expect to be charged,i_didnt_expect_to_be_charged_2010816994,Not ready to commit to annual membership,not_ready_to_commit_to_annual_membership,,Pricing (Digital),pricing_digital,5,No plans for a replacement at this time. ,,u_c89f984998c9c3ab,I understood that there was a free 7- day trial but I was charged immediately.  Very disappointing. ,,,1,16.65,,Canceled,2026-08-21T19:12:10.000Z,2026-08-21T19:16:10.000Z,2026-08-21T19:16:10.000Z,,26.81,2026-08-21T19:16:10.000Z,cancel,Valid Cancel,monthly,2026-09-16T18:41:12.000Z,2026-09-16T18:41:12.000Z,16.65,16.65,16.65,Brightback,,,,,,,1729723,2026-08-16T18:41:11.000Z,,2026-08-16T18:41:12.000Z,,h_379e107020529fe5,,1,2026-08-16T18:41:12.000Z,USD,u_c89f984998c9c3ab,ACTIVE,h_3bc09543ae04b127,[name],16.65,monthly_plus,,2026-08-16T18:41:12.000Z,book_club_member,,1,monthly_plus,2026-08-16T18:41:12.000Z,_UNKNOWN,1665,MONTH,monthly_plus,,,[name],2026-09-16T18:41:12.000Z,,1665,,2026-09-16T18:41:12.000Z,2026-08-16T18:41:12.000Z,1665,[name],,https://www.supersummary.com/subscription,https://www.supersummary.com/subscription/confirming/cancel,,BCM Experience [July 2025] [25% one-time / No Entry Modal],,08-16-2026,,08-21-2026,08-16-2026,08-16-2026,08-16-2026,,08-16-2026,09-16-2026
Wg8LIBi_a0a3c7821e768821,1623361,,Students; fallback,,,[name],[name],[name],I didn’t expect to be charged,i_didnt_expect_to_be_charged_2010816994,Not ready to commit to annual membership,not_ready_to_commit_to_annual_membership,,Pricing (Digital),pricing_digital,5,,,u_66903711d5ab8c0a,,,,0,9.95,,Canceled,2026-08-21T18:11:51.000Z,2026-08-21T18:12:22.000Z,2026-08-21T18:12:22.000Z,,26.85,2026-08-21T18:12:22.000Z,cancel,Valid Cancel,monthly,2026-09-01T13:28:01.000Z,2026-09-01T13:28:01.000Z,9.95,9.95,9.95,Brightback,,,,,,,1623361,2026-05-01T13:28:00.000Z,,2026-05-01T13:28:01.000Z,,h_c549cd0425d14065,,1,2026-05-01T13:28:01.000Z,USD,u_66903711d5ab8c0a,ACTIVE,h_6146a5cc8d600b27,[name],9.95,monthly_essentials,,2026-08-01T13:28:01.000Z,student,,1,monthly_essentials,2026-05-01T13:28:01.000Z,_UNKNOWN,995,MONTH,monthly_essentials,,High School,[name],2026-09-01T13:28:01.000Z,,995,,2026-09-01T13:28:01.000Z,2026-05-01T13:28:01.000Z,995,[name],,https://www.supersummary.com/subscription,https://www.supersummary.com/subscription/confirming/cancel,,Student Experience [July 2025] [25% one-time / No Entry Modal],,05-01-2026,,08-21-2026,05-01-2026,05-01-2026,05-01-2026,,05-01-2026,09-01-2026
Wg8LG2d_b6060f413124bd12,16CV3NTl3QP8PP0P,,Students; Annual,,,[name],[name],,I didn’t expect to be charged,i_didnt_expect_to_be_charged_2010816994,Not ready to commit to annual membership,not_ready_to_commit_to_annual_membership,,Pricing (Digital),pricing_digital,1,,,u_fd92c48359f0ec16,,,,0,,,Canceled,2026-08-21T16:02:42.000Z,2026-08-21T16:03:20.000Z,2026-08-21T16:03:20.000Z,,26.94,2026-08-21T16:03:20.000Z,cancel,Valid Cancel,annual,2027-07-25T20:08:17.000Z,2027-07-25T20:08:17.000Z,3.0,3.0,36.0,Brightback,,,,,,,16CV3NTl3QP8PP0P,2023-07-25T20:08:14.000Z,,2023-07-25T20:08:17.000Z,,h_32d3d788eb2a2bc0,,1,2023-07-25T20:08:17.000Z,USD,u_fd92c48359f0ec16,ACTIVE,h_2e9e33c0dd3b38a2,[name],,,,2026-07-25T20:08:17.000Z,student,,1,annual,2023-07-25T20:08:17.000Z,_UNKNOWN,3600,YEAR,,,College,[name],2027-07-25T20:08:17.000Z,,300,,2027-07-25T20:08:17.000Z,2023-07-25T20:08:17.000Z,3600,,,,,,Student Experience [July 2025] [25% one-time / No Entry Modal],,07-25-2023,,08-21-2026,07-25-2023,07-25-2023,07-25-2023,,07-25-2023,07-25-2027
Wg8LG23_8eab2c4eb30bfaa5,AzyUsVVSwgNcZ1hwY,,fallback,,,[name],[name],,I didn’t expect to be charged,i_didnt_expect_to_be_charged_2010816994,Not ready to commit to annual membership,not_ready_to_commit_to_annual_membership,,Pricing (Digital),pricing_digital,6,,,u_a9a6fdcbbd9fe1da,,,,0,,,Canceled,2026-08-21T16:02:06.000Z,2026-08-21T16:02:32.000Z,2026-08-21T16:02:32.000Z,,26.94,2026-08-21T16:02:32.000Z,cancel,Valid Cancel,monthly,2026-09-21T15:29:10.000Z,2026-09-21T15:29:10.000Z,16.65,16.65,16.65,Brightback,,,,,,,AzyUsVVSwgNcZ1hwY,2026-08-21T15:29:09.000Z,,2026-08-21T15:29:10.000Z,,h_ece9a52ad10cc9ca,,1,2026-08-21T15:29:10.000Z,USD,u_a9a6fdcbbd9fe1da,ACTIVE,h_34ec6505f4173d9d,[name],,,,2026-08-21T15:29:10.000Z,avid_reader,,1,monthly_plus,2026-08-21T15:29:10.000Z,_UNKNOWN,1665,MONTH,,,,[name],2026-09-21T15:29:10.000Z,,1665,,2026-09-21T15:29:10.000Z,2026-08-21T15:29:10.000Z,1665,,,,,,Default/Fallback [July 2025] [25% one time / No entry modal],,08-21-2026,,08-21-2026,08-21-2026,08-21-2026,08-21-2026,,08-21-2026,09-21-2026
Wg8L4wR_b7e1cee5c35105cb,AzZqdpVSu5DTeGJl,,fallback,,,[name],[name],,I didn’t expect to be charged,i_didnt_expect_to_be_charged_2010816994,Not ready to commit to annual membership,not_ready_to_commit_to_annual_membership,,Pricing (Digital),pricing_digital,1,,,u_35659d18d041bab4,,,,0,,,Canceled,2026-08-21T04:58:31.000Z,2026-08-21T04:58:56.000Z,2026-08-21T04:58:56.000Z,,27.4,2026-08-21T04:58:56.000Z,cancel,Valid Cancel,annual,2027-08-21T04:49:00.000Z,2027-08-21T04:49:00.000Z,5.0,5.0,60.0,Brightback,,,,,,,AzZqdpVSu5DTeGJl,2026-08-21T04:48:59.000Z,,2026-08-21T04:49:00.000Z,,h_6373d31e91533c60,,1,2026-08-21T04:49:00.000Z,USD,u_35659d18d041bab4,ACTIVE,h_506ca61f83604049,[name],,,,2026-08-21T04:49:00.000Z,avid_reader,,1,annual_plus,2026-08-21T04:49:00.000Z,_UNKNOWN,6000,YEAR,,,,[name],2027-08-21T04:49:00.000Z,,500,,2027-08-21T04:49:00.000Z,2026-08-21T04:49:00.000Z,6000,,,,,,Default/Fallback [July 2025] [25% one time / No entry modal],,08-21-2026,,08-21-2026,08-21-2026,08-21-2026,08-21-2026,,08-21-2026,08-21-2027
Wg8L4Cn_a5e4bb146d0798a0,1735177,,Students; fallback,,,[name],[name],[name],I didn’t expect to be charged,i_didnt_expect_to_be_charged_2010816994,Not ready to commit to annual membership,not_ready_to_commit_to_annual_membership,,Pricing (Digital),pricing_digital,5,AI,,u_d89fad15218b6802,Make it free.,,,1,9.95,,Canceled,2026-08-21T04:12:55.000Z,2026-08-21T04:13:33.000Z,2026-08-21T04:13:33.000Z,,27.43,2026-08-21T04:13:33.000Z,cancel,Valid Cancel,monthly,2026-09-21T03:29:11.000Z,2026-09-21T03:29:11.000Z,9.95,9.95,9.95,Brightback,,,,,,,1735177,2026-08-21T03:29:06.000Z,,2026-08-21T03:29:11.000Z,,h_41e62d6a8e8fa894,,1,2026-08-21T03:29:11.000Z,USD,u_d89fad15218b6802,ACTIVE,h_237811b8152eac7c,[name],9.95,monthly_essentials,,2026-08-21T03:29:11.000Z,student,,1,monthly_essentials,2026-08-21T03:29:11.000Z,_UNKNOWN,995,MONTH,monthly_essentials,,High School,[name],2026-09-21T03:29:11.000Z,,995,,2026-09-21T03:29:11.000Z,2026-08-21T03:29:11.000Z,995,[name],,https://www.supersummary.com/subscription,https://www.supersummary.com/subscription/confirming/cancel,,Student Experience [July 2025] [25% one-time / No Entry Modal],,08-21-2026,,08-21-2026,08-21-2026,08-21-2026,08-21-2026,,08-21-2026,09-21-2026
Wg8L483_a4204a7540c5761f,1735218,,Students; fallback,,,[name],[name],[name],I didn’t expect to be charged,i_didnt_expect_to_be_charged_2010816994,Not ready to commit to annual membership,not_ready_to_commit_to_annual_membership,,Pricing (Digital),pricing_digital,1,,,u_0ebebb14ce182761,by not charging me $36 USD when it said $3 it is a lie and now ive lost my money and need it back ,,,1,36.0,,Canceled,2026-08-21T04:08:17.000Z,2026-08-21T04:10:10.000Z,2026-08-21T04:10:11.000Z,,27.44,2026-08-21T04:10:11.000Z,cancel,Valid Cancel,annual,2027-08-21T04:00:16.000Z,2027-08-21T04:00:16.000Z,3.0,3.0,36.0,Brightback,,,,,,,1735218,2026-08-21T04:00:13.000Z,,2026-08-21T04:00:16.000Z,,h_8417d3c9a9d0704e,,1,2026-08-21T04:00:16.000Z,USD,u_0ebebb14ce182761,ACTIVE,h_8c055f7d8c825b59,[name],36.0,annual_essentials,,2026-08-21T04:00:16.000Z,student,,1,annual_essentials,2026-08-21T04:00:16.000Z,_UNKNOWN,3600,YEAR,annual_essentials,,High School,[name],2027-08-21T04:00:16.000Z,,300,,2027-08-21T04:00:16.000Z,2026-08-21T04:00:16.000Z,3600,[name],,https://www.supersummary.com/subscription,https://www.supersummary.com/subscription/confirming/cancel,,Student Experience [July 2025] [25% one-time / No Entry Modal],,08-21-2026,,08-21-2026,08-21-2026,08-21-2026,08-21-2026,,08-21-2026,08-21-2027
Wg8L1W8_b8ce417ca738d6b1,169uZpVShVGF63bbH,,Book Club Members; fallback,,,[name],[name],,I didn’t expect to be charged,i_didnt_expect_to_be_charged_2010816994,Not ready to commit to annual membership,not_ready_to_commit_to_annual_membership,,Pricing (Digital),pricing_digital,8,,,u_b9aaf8dde127112a,,,,0,,,Canceled,2026-08-21T01:32:11.000Z,2026-08-21T01:32:49.000Z,2026-08-21T01:32:49.000Z,,27.55,2026-08-21T01:32:49.000Z,cancel,Valid Cancel,annual,2027-08-19T01:10:55.000Z,2027-08-19T01:10:55.000Z,3.0,3.0,36.0,Brightback,,,,,,,169uZpVShVGF63bbH,2026-08-19T01:10:53.000Z,,2026-08-19T01:10:55.000Z,,h_d91995732775eb45,,1,2026-08-19T01:10:55.000Z,USD,u_b9aaf8dde127112a,ACTIVE,h_35cca04acab1de68,[name],,,,2026-08-19T01:10:55.000Z,book_club_member,,1,annual_essentials,2026-08-19T01:10:55.000Z,_UNKNOWN,3600,YEAR,,,,[name],2027-08-19T01:10:55.000Z,,300,,2027-08-19T01:10:55.000Z,2026-08-19T01:10:55.000Z,3600,,,,,,BCM Experience [July 2025] [25% one-time / No Entry Modal],,08-19-2026,,08-21-2026,08-19-2026,08-19-2026,08-19-2026,,08-19-2026,08-19-2027
Wg8L1Le_b9e4d1b070427be7,AzyhfVULyxLl1ReT9,,Students; Annual,,,[name],[name],,I didn’t expect to be charged,i_didnt_expect_to_be_charged_2010816994,Not ready to commit to annual membership,not_ready_to_commit_to_annual_membership,,Pricing (Digital),pricing_digital,1,nothing,,u_0c58013c5fabf169,na,,,1,,,Canceled,2026-08-21T01:21:45.000Z,2026-08-21T01:22:09.000Z,2026-08-21T01:22:09.000Z,,27.55,2026-08-21T01:22:09.000Z,cancel,Valid Cancel,annual,2027-08-20T09:36:22.000Z,2027-08-20T09:36:22.000Z,3.0,3.0,36.0,Brightback,,,,,,,AzyhfVULyxLl1ReT9,2024-08-20T09:36:20.000Z,,2024-08-20T09:36:22.000Z,,h_db25e4575ead8390,,1,2024-08-20T09:36:22.000Z,USD,u_0c58013c5fabf169,ACTIVE,h_ccf167304a2cc0e0,[name],,,,2026-08-20T09:36:22.000Z,student,,1,annual,2024-08-20T09:36:22.000Z,_UNKNOWN,3600,YEAR,,,Middle School,[name],2027-08-20T09:36:22.000Z,,300,,2027-08-20T09:36:22.000Z,2024-08-20T09:36:22.000Z,3600,,,,,,Student Experience [July 2025] [25% one-time / No Entry Modal],,08-20-2024,,08-21-2026,08-20-2024,08-20-2024,08-20-2024,,08-20-2024,08-20-2027
Wg8L0Bc_a8d2998e7413bfc7,AzqM2eVSswWpN3BRb,,Teachers; fallback,,,[name],[name],,I didn’t expect to be charged,i_didnt_expect_to_be_charged_2010816994,Not ready to commit to annual membership,not_ready_to_commit_to_annual_membership,,Pricing (Digital),pricing_digital,4,,,u_458a3cbcf5a918da,,,,0,,,Canceled,2026-08-21T00:11:42.000Z,2026-08-21T00:12:03.000Z,2026-08-21T00:12:03.000Z,,27.6,2026-08-21T00:12:03.000Z,cancel,Valid Cancel,monthly,2026-09-21T00:08:13.000Z,2026-09-21T00:08:13.000Z,9.95,9.95,9.95,Brightback,,,,,,,AzqM2eVSswWpN3BRb,2026-08-21T00:08:12.000Z,,2026-08-21T00:08:13.000Z,,h_171709a49c50ba8c,,1,2026-08-21T00:08:13.000Z,USD,u_458a3cbcf5a918da,ACTIVE,h_3a3b77e4a3f0f521,[name],,,,2026-08-21T00:08:13.000Z,teacher,,1,monthly_essentials,2026-08-21T00:08:13.000Z,_UNKNOWN,995,MONTH,,,other,[name],2026-09-21T00:08:13.000Z,,995,,2026-09-21T00:08:13.000Z,2026-08-21T00:08:13.000Z,995,,,,,,Teacher Experience [July 2025] [40% one-time / Modal],,08-21-2026,,08-21-2026,08-21-2026,08-21-2026,08-21-2026,,08-21-2026,09-21-2026
Wg8L07Q_a5960bf234d52971,AzyWg4VSstcLY3ARW,,Teachers; fallback,,,[name],[name],,I didn’t expect to be charged,i_didnt_expect_to_be_charged_2010816994,Not ready to commit to annual membership,not_ready_to_commit_to_annual_membership,,Pricing (Digital),pricing_digital,2,none,,u_0060cf18745ca4c4,,,,0,,,Canceled,2026-08-21T00:07:31.000Z,2026-08-21T00:08:06.000Z,2026-08-21T00:08:06.000Z,,27.61,2026-08-21T00:08:06.000Z,cancel,Valid Cancel,annual,2027-08-20T23:56:40.000Z,2027-08-20T23:56:40.000Z,5.0,5.0,60.0,Brightback,,,,,,,AzyWg4VSstcLY3ARW,2026-08-20T23:56:37.000Z,,2026-08-20T23:56:40.000Z,,h_cd6b2b544f885603,,1,2026-08-20T23:56:40.000Z,USD,u_0060cf18745ca4c4,ACTIVE,h_fa185334329a5a7f,[name],,,,2026-08-20T23:56:40.000Z,teacher,,1,annual_plus,2026-08-20T23:56:40.000Z,_UNKNOWN,6000,YEAR,,,High School,[name],2027-08-20T23:56:40.000Z,,500,,2027-08-20T23:56:40.000Z,2026-08-20T23:56:40.000Z,6000,,,,,,Teacher Experience [July 2025] [40% one-time / Modal],,08-20-2026,,08-21-2026,08-20-2026,08-20-2026,08-20-2026,,08-20-2026,08-20-2027
Wg8L00t_8c8ce76689846281,6oaaWVSssLLS38al,,Teachers; fallback,,,[name],[name],,I didn’t expect to be charged,i_didnt_expect_to_be_charged_2010816994,Not ready to commit to annual membership,not_ready_to_commit_to_annual_membership,,Pricing (Digital),pricing_digital,1,,,u_1a4004b15c905fbb,It said it was a 7 day subscription and you guys charged me ,,,1,,,Canceled,2026-08-21T00:00:58.000Z,2026-08-21T00:01:42.000Z,2026-08-21T00:01:42.000Z,,27.61,2026-08-21T00:01:42.000Z,cancel,Valid Cancel,annual,2027-08-20T23:51:36.000Z,2027-08-20T23:51:36.000Z,3.0,3.0,36.0,Brightback,,,,,,,6oaaWVSssLLS38al,2026-08-20T23:51:34.000Z,,2026-08-20T23:51:36.000Z,,h_db20843e236a32dc,,1,2026-08-20T23:51:36.000Z,USD,u_1a4004b15c905fbb,ACTIVE,h_c6164eeca214e1da,[name],,,,2026-08-20T23:51:36.000Z,teacher,,1,annual_essentials,2026-08-20T23:51:36.000Z,_UNKNOWN,3600,YEAR,,,High School,[name],2027-08-20T23:51:36.000Z,,300,,2027-08-20T23:51:36.000Z,2026-08-20T23:51:36.000Z,3600,,,,,,Teacher Experience [July 2025] [40% one-time / Modal],,08-20-2026,,08-21-2026,08-20-2026,08-20-2026,08-20-2026,,08-20-2026,08-20-2027
Wg8KNn4_81119c5fc8ce0541,16BVEuUM2PWjdXFbA,,Students; Annual,,,[name],[name],,I didn’t expect to be charged,i_didnt_expect_to_be_charged_2010816994,Not ready to commit to annual membership,not_ready_to_commit_to_annual_membership,,Pricing (Digital),pricing_digital,3,,,u_e465269b7e872a9e,,,,0,,,Canceled,2026-08-20T23:49:09.000Z,2026-08-20T23:49:40.000Z,2026-08-20T23:49:40.000Z,,27.62,2026-08-20T23:49:40.000Z,cancel,Valid Cancel,annual,2027-08-20T23:47:06.000Z,2027-08-20T23:47:06.000Z,3.0,3.0,36.0,Brightback,,,,,,,16BVEuUM2PWjdXFbA,2024-08-20T23:47:05.000Z,,2024-08-20T23:47:06.000Z,,h_159f983a10661d23,,1,2024-08-20T23:47:06.000Z,USD,u_e465269b7e872a9e,ACTIVE,h_b4e6a1ae6be7f327,[name],,,,2026-08-20T23:47:06.000Z,student,,1,annual,2024-08-20T23:47:06.000Z,_UNKNOWN,3600,YEAR,,,College,[name],2027-08-20T23:47:06.000Z,,300,,2027-08-20T23:47:06.000Z,2024-08-20T23:47:06.000Z,3600,,,,,,Student Experience [July 2025] [25% one-time / No Entry Modal],,08-20-2024,,08-20-2026,08-20-2024,08-20-2024,08-20-2024,,08-20-2024,08-20-2027
Wg8KLKg_9259969b64dace28,AzqM2eVSsFxna2onu,,Students; fallback,,,[name],[name],,I didn’t expect to be charged,i_didnt_expect_to_be_charged_2010816994,Not ready to commit to annual membership,not_ready_to_commit_to_annual_membership,,Pricing (Digital),pricing_digital,6,,,u_76b4ce042c360906,,,,0,,,Canceled,2026-08-20T21:20:46.000Z,2026-08-20T21:21:19.000Z,2026-08-20T21:21:19.000Z,,27.72,2026-08-20T21:21:19.000Z,cancel,Valid Cancel,monthly,2026-09-20T21:19:09.000Z,2026-09-20T21:19:09.000Z,16.65,16.65,16.65,Brightback,,,,,,,AzqM2eVSsFxna2onu,2026-08-20T21:19:06.000Z,,2026-08-20T21:19:09.000Z,,h_fd8929aaf96b4600,,1,2026-08-20T21:19:09.000Z,USD,u_76b4ce042c360906,ACTIVE,h_d1da022bc089169c,[name],,,,2026-08-20T21:19:09.000Z,student,,1,monthly_plus,2026-08-20T21:19:09.000Z,_UNKNOWN,1665,MONTH,,,College,[name],2026-09-20T21:19:09.000Z,,1665,,2026-09-20T21:19:09.000Z,2026-08-20T21:19:09.000Z,1665,,,,,,Student Experience [July 2025] [25% one-time / No Entry Modal],,08-20-2026,,08-20-2026,08-20-2026,08-20-2026,08-20-2026,,08-20-2026,09-20-2026
Wg8KHHo_9caa4fe2b0f63a55,AzZjq4VSqHNGw1dZd,,fallback,,,[name],[name],,I didn’t expect to be charged,i_didnt_expect_to_be_charged_2010816994,Not ready to commit to annual membership,not_ready_to_commit_to_annual_membership,,Pricing (Digital),pricing_digital,5,,,u_6e0981c4fe3c57ab,,,,0,,,Canceled,2026-08-20T17:17:57.000Z,2026-08-20T17:18:35.000Z,2026-08-20T17:18:35.000Z,,27.89,2026-08-20T17:18:35.000Z,cancel,Valid Cancel,annual,2027-08-20T13:12:12.000Z,2027-08-20T13:12:12.000Z,3.0,3.0,36.0,Brightback,,,,,,,AzZjq4VSqHNGw1dZd,2026-08-20T13:12:10.000Z,,2026-08-20T13:12:12.000Z,,h_14291249da831a58,,1,2026-08-20T13:12:12.000Z,USD,u_6e0981c4fe3c57ab,ACTIVE,h_8af64b7011c6de40,[name],,,,2026-08-20T13:12:12.000Z,avid_reader,,1,annual_essentials,2026-08-20T13:12:12.000Z,_UNKNOWN,3600,YEAR,,,,[name],2027-08-20T13:12:12.000Z,,300,,2027-08-20T13:12:12.000Z,2026-08-20T13:12:12.000Z,3600,,,,,,Default/Fallback [July 2025] [25% one time / No entry modal],,08-20-2026,,08-20-2026,08-20-2026,08-20-2026,08-20-2026,,08-20-2026,08-20-2027
Wg8KGxg_b7d47888abe0e3f0,AzZaU2VSqv9Zy24lK,,Students; fallback,,,[name],[name],,I didn’t expect to be charged,i_didnt_expect_to_be_charged_2010816994,Not ready to commit to annual membership,not_ready_to_commit_to_annual_membership,,Pricing (Digital),pricing_digital,1,,,u_b349c3057602f0ff,Don't skip the 7-day free trial and automatically charge,,,1,,,Canceled,2026-08-20T16:59:49.000Z,2026-08-20T17:00:42.000Z,2026-08-20T17:00:42.000Z,,27.9,2026-08-20T17:00:42.000Z,cancel,Valid Cancel,annual,2027-08-20T15:50:13.000Z,2027-08-20T15:50:13.000Z,5.0,5.0,60.0,Brightback,,,,,,,AzZaU2VSqv9Zy24lK,2026-08-20T15:50:11.000Z,,2026-08-20T15:50:13.000Z,,h_5947139955daac3e,,1,2026-08-20T15:50:13.000Z,USD,u_b349c3057602f0ff,ACTIVE,h_9cc7df2607266dcb,[name],,,,2026-08-20T15:50:13.000Z,student,,1,annual_plus,2026-08-20T15:50:13.000Z,_UNKNOWN,6000,YEAR,,,College,[name],2027-08-20T15:50:13.000Z,,500,,2027-08-20T15:50:13.000Z,2026-08-20T15:50:13.000Z,6000,,,,,,Student Experience [July 2025] [25% one-time / No Entry Modal],,08-20-2026,,08-20-2026,08-20-2026,08-20-2026,08-20-2026,,08-20-2026,08-20-2027
Wg8KGE8_aadce8d66ad50b0a,AzZfmtVSr0fBQ22vg,,Students; fallback,,,[name],[name],,I didn’t expect to be charged,i_didnt_expect_to_be_charged_2010816994,Not ready to commit to annual membership,not_ready_to_commit_to_annual_membership,,Pricing (Digital),pricing_digital,5,Nothing ,,u_6e400744f6f794d2,,,,0,,,Canceled,2026-08-20T16:14:11.000Z,2026-08-20T16:15:19.000Z,2026-08-20T16:16:12.000Z,,27.93,2026-08-20T16:16:12.000Z,cancel,Valid Cancel,annual,2027-08-20T16:12:06.000Z,2027-08-20T16:12:06.000Z,3.0,3.0,36.0,Brightback,,,,,,,AzZfmtVSr0fBQ22vg,2026-08-20T16:12:05.000Z,,2026-08-20T16:12:06.000Z,,h_23e215926c406c87,,1,2026-08-20T16:12:06.000Z,USD,u_6e400744f6f794d2,ACTIVE,h_db295414a2804972,[name],,,,2026-08-20T16:12:06.000Z,student,,1,annual_essentials,2026-08-20T16:12:06.000Z,_UNKNOWN,3600,YEAR,,,High School,[name],2027-08-20T16:12:06.000Z,,300,,2027-08-20T16:12:06.000Z,2026-08-20T16:12:06.000Z,3600,,,,,,Student Experience [July 2025] [25% one-time / No Entry Modal],,08-20-2026,,08-20-2026,08-20-2026,08-20-2026,08-20-2026,,08-20-2026,08-20-2027
Wg8KF7Z_b9be482a2975a534,169lcWVSqgUFx1oBl,,Students; fallback,,,[name],[name],,I didn’t expect to be charged,i_didnt_expect_to_be_charged_2010816994,Not ready to commit to annual membership,not_ready_to_commit_to_annual_membership,,Pricing (Digital),pricing_digital,4,,,u_f0ad24c637ef5329,,,,0,,,Canceled,2026-08-20T15:07:46.000Z,2026-08-20T15:08:17.000Z,2026-08-20T15:08:17.000Z,,27.98,2026-08-20T15:08:17.000Z,cancel,Valid Cancel,annual,2027-08-20T14:51:57.000Z,2027-08-20T14:51:57.000Z,3.0,3.0,36.0,Brightback,,,,,,,169lcWVSqgUFx1oBl,2026-08-20T14:51:56.000Z,,2026-08-20T14:51:57.000Z,,h_dc80dea6d39d4785,,1,2026-08-20T14:51:57.000Z,USD,u_f0ad24c637ef5329,ACTIVE,h_c76b2e0223b2fa76,[name],,,,2026-08-20T14:51:57.000Z,student,,1,annual_essentials,2026-08-20T14:51:57.000Z,_UNKNOWN,3600,YEAR,,,Postgrad Program,[name],2027-08-20T14:51:57.000Z,,300,,2027-08-20T14:51:57.000Z,2026-08-20T14:51:57.000Z,3600,,,,,,Student Experience [July 2025] [25% one-time / No Entry Modal],,08-20-2026,,08-20-2026,08-20-2026,08-20-2026,08-20-2026,,08-20-2026,08-20-2027
Wg8KB2N_b67b180c801a2bad,1734096,,Book Club Members; fallback,,,[name],[name],[name],I didn’t expect to be charged,i_didnt_expect_to_be_charged_2010816994,Not ready to commit to annual membership,not_ready_to_commit_to_annual_membership,,Pricing (Digital),pricing_digital,10,lower price ,,u_dcc3b9ba58a94546,,,,0,60.0,,Canceled,2026-08-20T11:02:27.000Z,2026-08-20T11:02:49.000Z,2026-08-20T11:02:49.000Z,,28.15,2026-08-20T11:02:49.000Z,cancel,Valid Cancel,annual,2026-08-20T14:00:07.000Z,2026-08-20T14:00:07.000Z,5.0,5.0,60.0,Brightback,,,,,,,1734096,2026-08-20T10:55:31.000Z,,2026-08-20T10:55:32.000Z,,h_8322a8cd0770678b,,1,2026-08-20T10:55:32.000Z,USD,u_dcc3b9ba58a94546,ACTIVE,h_57d6b4e759b53c45,[name],60.0,annual_plus,,2026-08-20T10:55:32.000Z,book_club_member,,1,annual_plus,2026-08-20T10:55:32.000Z,_UNKNOWN,6000,YEAR,annual_plus,,,[name],2027-08-20T10:55:32.000Z,,500,,2027-08-20T10:55:32.000Z,2026-08-20T10:55:32.000Z,6000,[name],,https://www.supersummary.com/subscription,https://www.supersummary.com/subscription/confirming/cancel,,BCM Experience [July 2025] [25% one-time / No Entry Modal],,08-20-2026,,08-20-2026,08-20-2026,08-20-2026,08-20-2026,,08-20-2026,08-20-2027
Wg8K8kQ_8c29fa4fdb6e4ab1,1732443,,fallback,,,[name],[name],[name],I didn’t expect to be charged,i_didnt_expect_to_be_charged_2010816994,Not ready to commit to annual membership,not_ready_to_commit_to_annual_membership,,Pricing (Digital),pricing_digital,3,,,u_1022f7c2376d9512,,,,0,9.95,,Canceled,2026-08-20T08:46:34.000Z,2026-08-20T08:47:04.000Z,2026-08-20T08:47:05.000Z,,28.24,2026-08-20T08:47:05.000Z,cancel,Valid Cancel,monthly,2026-09-19T11:16:39.000Z,2026-09-19T11:16:39.000Z,9.95,9.95,9.95,Brightback,,,,,,,1732443,2026-08-19T11:16:37.000Z,,2026-08-19T11:16:39.000Z,,h_da3e897605c19d49,,1,2026-08-19T11:16:39.000Z,USD,u_1022f7c2376d9512,ACTIVE,h_7711926698f1f6d9,[name],9.95,monthly_essentials,,2026-08-19T11:16:39.000Z,avid_reader,,1,monthly_essentials,2026-08-19T11:16:39.000Z,_UNKNOWN,995,MONTH,monthly_essentials,,,[name],2026-09-19T11:16:39.000Z,,995,,2026-09-19T11:16:39.000Z,2026-08-19T11:16:39.000Z,995,[name],,https://www.supersummary.com/subscription,https://www.supersummary.com/subscription/confirming/cancel,,Default/Fallback [July 2025] [25% one time / No entry modal],,08-19-2026,,08-20-2026,08-19-2026,08-19-2026,08-19-2026,,08-19-2026,09-19-2026
Wg8K1Ml_ae989fa69383ca9b,16Bg9nUuN8HIP2Bs9,,Students; Annual,,,[name],[name],,I didn’t expect to be charged,i_didnt_expect_to_be_charged_2010816994,Not ready to commit to annual membership,not_ready_to_commit_to_annual_membership,,Pricing (Digital),pricing_digital,1,,,u_eabd68279b3dae28,,,,0,,,Canceled,2026-08-20T01:22:48.000Z,2026-08-20T01:23:14.000Z,2026-08-20T01:23:14.000Z,,28.55,2026-08-20T01:23:14.000Z,cancel,Valid Cancel,annual,2027-08-20T01:12:14.000Z,2027-08-20T01:12:14.000Z,3.0,3.0,36.0,Brightback,,,,,,,16Bg9nUuN8HIP2Bs9,2025-08-20T01:12:12.000Z,,2025-08-20T01:12:14.000Z,,h_13ca429a9f5108cb,,1,2025-08-20T01:12:14.000Z,USD,u_eabd68279b3dae28,ACTIVE,h_309b850a3a90cfce,[name],,,,2026-08-20T01:12:14.000Z,student,,1,annual,2025-08-20T01:12:14.000Z,_UNKNOWN,3600,YEAR,,,Postgrad Program,[name],2027-08-20T01:12:14.000Z,,300,,2027-08-20T01:12:14.000Z,2025-08-20T01:12:14.000Z,3600,,,,,,Student Experience [July 2025] [25% one-time / No Entry Modal],,08-20-2025,,08-20-2026,08-20-2025,08-20-2025,08-20-2025,,08-20-2025,08-20-2027
Wg8K0Fr_a6cbe32536f7e668,AzywpyULwf175PZoV,,Students; Annual,,,[name],[name],,I didn’t expect to be charged,i_didnt_expect_to_be_charged_2010816994,Not ready to commit to annual membership,not_ready_to_commit_to_annual_membership,,Pricing (Digital),pricing_digital,1,,,u_1c65fa6db9568878,,,,0,,,Canceled,2026-08-20T00:16:15.000Z,2026-08-20T00:16:47.000Z,2026-08-20T00:16:47.000Z,,28.6,2026-08-20T00:16:47.000Z,cancel,Valid Cancel,annual,2027-08-20T00:11:00.000Z,2027-08-20T00:11:00.000Z,3.0,3.0,36.0,Brightback,,,,,,,AzywpyULwf175PZoV,2024-08-20T00:10:59.000Z,,2024-08-20T00:11:00.000Z,,h_3d0400593ab1b870,,1,2024-08-20T00:11:00.000Z,USD,u_1c65fa6db9568878,ACTIVE,h_c245c457ac743bc1,[name],,,,2026-08-20T00:11:00.000Z,student,,1,annual,2024-08-20T00:11:00.000Z,_UNKNOWN,3600,YEAR,,,High School,[name],2027-08-20T00:11:00.000Z,,300,,2027-08-20T00:11:00.000Z,2024-08-20T00:11:00.000Z,3600,,,,,,Student Experience [July 2025] [25% one-time / No Entry Modal],,08-20-2024,,08-20-2026,08-20-2024,08-20-2024,08-20-2024,,08-20-2024,08-20-2027
Wg8JNr2_a36a4adc8e5bc9e1,AzZaw4UuMn0b91z27,,Students; Annual,,,[name],[name],,I didn’t expect to be charged,i_didnt_expect_to_be_charged_2010816994,Not ready to commit to annual membership,not_ready_to_commit_to_annual_membership,,Pricing (Digital),pricing_digital,7,,,u_c41c577d584fe754,,,,0,,,Canceled,2026-08-19T23:53:07.000Z,2026-08-19T23:53:36.000Z,2026-08-19T23:53:37.000Z,,28.62,2026-08-19T23:53:37.000Z,cancel,Valid Cancel,annual,2027-08-19T23:47:45.000Z,2027-08-19T23:47:45.000Z,3.0,3.0,36.0,Brightback,,,,,,,AzZaw4UuMn0b91z27,2025-08-19T23:47:44.000Z,,2025-08-19T23:47:45.000Z,,h_26ff54d31e2744ca,,1,2025-08-19T23:47:45.000Z,USD,u_c41c577d584fe754,ACTIVE,h_a442eb514b36f432,[name],,,,2026-08-19T23:47:45.000Z,student,,1,annual,2025-08-19T23:47:45.000Z,_UNKNOWN,3600,YEAR,,,College,[name],2027-08-19T23:47:45.000Z,,300,,2027-08-19T23:47:45.000Z,2025-08-19T23:47:45.000Z,3600,,,,,,Student Experience [July 2025] [25% one-time / No Entry Modal],,08-19-2025,,08-19-2026,08-19-2025,08-19-2025,08-19-2025,,08-19-2025,08-19-2027
Wg8JNFo_b72e46a25537fc64,16CFjxVPvdObb1cUW,,Book Club Members; fallback,,,[name],[name],,I didn’t expect to be charged,i_didnt_expect_to_be_charged_2010816994,Not ready to commit to annual membership,not_ready_to_commit_to_annual_membership,,Pricing (Digital),pricing_digital,3,,,u_9acb440398ba70ad,,,,0,,,Canceled,2026-08-19T23:15:52.000Z,2026-08-19T23:16:40.000Z,2026-08-19T23:16:40.000Z,,28.64,2026-08-19T23:16:40.000Z,cancel,Valid Cancel,monthly,2026-08-20T15:44:24.000Z,2026-08-20T15:44:24.000Z,9.95,9.95,9.95,Brightback,,,,,,,16CFjxVPvdObb1cUW,2026-07-20T15:44:23.000Z,,2026-07-20T15:44:24.000Z,,h_4ebcf6bc3049923e,,1,2026-07-20T15:44:24.000Z,USD,u_9acb440398ba70ad,ACTIVE,h_ffdbe315ce0c2ad2,[name],,,,2026-07-20T15:44:24.000Z,book_club_member,,1,monthly_essentials,2026-07-20T15:44:24.000Z,_UNKNOWN,995,MONTH,,,,[name],2026-08-20T15:44:24.000Z,,995,,2026-08-20T15:44:24.000Z,2026-07-20T15:44:24.000Z,995,,,,,,BCM Experience [July 2025] [25% one-time / No Entry Modal],,07-20-2026,,08-19-2026,07-20-2026,07-20-2026,07-20-2026,,07-20-2026,08-20-2026
Wg8JMpT_a9a7fbf57f58aaff,1728966,,Students; fallback,,,[name],[name],[name],I didn’t expect to be charged,i_didnt_expect_to_be_charged_2010816994,Not ready to commit to annual membership,not_ready_to_commit_to_annual_membership,,Pricing (Digital),pricing_digital,7,Idk,,u_1e2ab3e4fb5c6671,Idk,,,1,36.0,,Canceled,2026-08-19T22:51:34.000Z,2026-08-19T22:51:53.000Z,2026-08-19T22:51:54.000Z,,28.66,2026-08-19T22:53:17.000Z,cancel,Valid Cancel,annual,2027-08-15T21:02:38.000Z,2027-08-15T21:02:38.000Z,3.0,3.0,36.0,Brightback,,,,,,,1728966,2026-08-15T21:02:36.000Z,,2026-08-15T21:02:38.000Z,,h_298357ddf0589208,,1,2026-08-15T21:02:38.000Z,USD,u_1e2ab3e4fb5c6671,ACTIVE,h_97bea5ac846abea9,[name],36.0,annual_essentials,,2026-08-15T21:02:38.000Z,student,,1,annual_essentials,2026-08-15T21:02:38.000Z,_UNKNOWN,3600,YEAR,annual_essentials,,High School,[name],2027-08-15T21:02:38.000Z,,300,,2027-08-15T21:02:38.000Z,2026-08-15T21:02:38.000Z,3600,[name],,https://www.supersummary.com/subscription,https://www.supersummary.com/subscription/confirming/cancel,,Student Experience [July 2025] [25% one-time / No Entry Modal],,08-15-2026,,08-19-2026,08-15-2026,08-15-2026,08-15-2026,,08-15-2026,08-15-2027
Wg8JMn4_b2c6b9671475c2ac,1291662,,Parents; Annual,,,[name],[name],[name],I didn’t expect to be charged,i_didnt_expect_to_be_charged_2010816994,Not ready to commit to annual membership,not_ready_to_commit_to_annual_membership,,Pricing (Digital),pricing_digital,1,,,u_353dab182b1b3760,,,,0,36.0,,Canceled,2026-08-19T22:49:34.000Z,2026-08-19T22:50:30.000Z,2026-08-19T22:50:30.000Z,,28.66,2026-08-19T22:50:30.000Z,cancel,Valid Cancel,annual,2027-08-19T22:11:44.000Z,2027-08-19T22:11:44.000Z,3.0,3.0,36.0,Brightback,,,,,,,1291662,2025-08-19T22:11:42.000Z,,2025-08-19T22:11:44.000Z,,h_26068a2b3839ca4d,,1,2025-08-19T22:11:44.000Z,USD,u_353dab182b1b3760,ACTIVE,h_20f81024a4eb0b3a,[name],36.0,annual,,2026-08-19T22:11:44.000Z,parent_of_student,,1,annual,2025-08-19T22:11:44.000Z,_UNKNOWN,3600,YEAR,annual,,Middle School,[name],2027-08-19T22:11:44.000Z,,300,,2027-08-19T22:11:44.000Z,2025-08-19T22:11:44.000Z,3600,[name],,https://www.supersummary.com/subscription,https://www.supersummary.com/subscription/confirming/cancel,,Parent Experience [July 2025] [25% one-time / Modal],,08-19-2025,,08-19-2026,08-19-2025,08-19-2025,08-19-2025,,08-19-2025,08-19-2027
Wg8JMCd_8d7949374b711f47,1731214,,Book Club Members; fallback,,,[name],[name],[name],I didn’t expect to be charged,i_didnt_expect_to_be_charged_2010816994,Not ready to commit to annual membership,not_ready_to_commit_to_annual_membership,,Pricing (Digital),pricing_digital,1,,,u_0b14e3fc87feb9e7,,,,0,36.0,,Canceled,2026-08-19T22:12:46.000Z,2026-08-19T22:13:13.000Z,2026-08-19T22:13:14.000Z,,28.68,2026-08-19T22:13:14.000Z,cancel,Valid Cancel,annual,2027-08-17T22:06:51.000Z,2027-08-17T22:06:51.000Z,3.0,3.0,36.0,Brightback,,,,,,,1731214,2026-08-17T22:06:50.000Z,,2026-08-17T22:06:51.000Z,,h_c5ff7b8758aba507,,1,2026-08-17T22:06:51.000Z,USD,u_0b14e3fc87feb9e7,ACTIVE,h_c4c224280e50ec24,[name],36.0,annual_essentials,,2026-08-17T22:06:51.000Z,book_club_member,,1,annual_essentials,2026-08-17T22:06:51.000Z,_UNKNOWN,3600,YEAR,annual_essentials,,,[name],2027-08-17T22:06:51.000Z,,300,,2027-08-17T22:06:51.000Z,2026-08-17T22:06:51.000Z,3600,[name],,https://www.supersummary.com/subscription,https://www.supersummary.com/subscription/confirming/cancel,,BCM Experience [July 2025] [25% one-time / No Entry Modal],,08-17-2026,,08-19-2026,08-17-2026,08-17-2026,08-17-2026,,08-17-2026,08-17-2027
Wg8JM3D_b4426d261237f173,AzqgFqVSmZUKD3Fz9,,Students; fallback,,,[name],[name],,I didn’t expect to be charged,i_didnt_expect_to_be_charged_2010816994,Not ready to commit to annual membership,not_ready_to_commit_to_annual_membership,,Pricing (Digital),pricing_digital,7,,,u_593f53fb8af0e37c,,,,0,,,Canceled,2026-08-19T22:03:22.000Z,2026-08-19T22:05:26.000Z,2026-08-19T22:05:26.000Z,,28.69,2026-08-19T22:05:26.000Z,cancel,Valid Cancel,annual,2027-08-19T21:59:04.000Z,2027-08-19T21:59:04.000Z,5.0,5.0,60.0,Brightback,,,,,,,AzqgFqVSmZUKD3Fz9,2026-08-19T21:59:03.000Z,,2026-08-19T21:59:04.000Z,,h_c11a3a420637f120,,1,2026-08-19T21:59:04.000Z,USD,u_593f53fb8af0e37c,ACTIVE,h_be05e3fec8111c55,[name],,,,2026-08-19T21:59:04.000Z,student,,1,annual_plus,2026-08-19T21:59:04.000Z,_UNKNOWN,6000,YEAR,,,College,[name],2027-08-19T21:59:04.000Z,,500,,2027-08-19T21:59:04.000Z,2026-08-19T21:59:04.000Z,6000,,,,,,Student Experience [July 2025] [25% one-time / No Entry Modal],,08-19-2026,,08-19-2026,08-19-2026,08-19-2026,08-19-2026,,08-19-2026,08-19-2027
Wg8JKeL_9975d16248b90a79,AzZaBXVBbVHFe2wOG,,Students; fallback,,,[name],[name],,I didn’t expect to be charged,i_didnt_expect_to_be_charged_2010816994,Not ready to commit to annual membership,not_ready_to_commit_to_annual_membership,,Pricing (Digital),pricing_digital,1,,,u_e90580fcd4c78ff2,,,,0,,,Canceled,2026-08-19T20:40:23.000Z,2026-08-19T20:40:53.000Z,2026-08-19T20:40:53.000Z,,28.75,2026-08-19T20:40:53.000Z,cancel,Valid Cancel,monthly,2026-09-18T18:22:23.000Z,2026-09-18T18:22:23.000Z,9.95,9.95,9.95,Brightback,,,,,,,AzZaBXVBbVHFe2wOG,2026-02-18T18:22:19.000Z,,2026-02-18T18:22:23.000Z,,h_bc1edd475e3e3f20,,1,2026-02-18T18:22:23.000Z,USD,u_e90580fcd4c78ff2,ACTIVE,h_546e3256f29dc4f8,[name],,,,2026-08-18T18:22:23.000Z,student,,1,monthly_essentials,2026-02-18T18:22:23.000Z,_UNKNOWN,995,MONTH,,,College,[name],2026-09-18T18:22:23.000Z,,995,,2026-09-18T18:22:23.000Z,2026-02-18T18:22:23.000Z,995,,,,,,Student Experience [July 2025] [25% one-time / No Entry Modal],,02-18-2026,,08-19-2026,02-18-2026,02-18-2026,02-18-2026,,02-18-2026,09-18-2026
Wg8JJs5_af22e499f5545289,AzZK0DVSgS8DO3AbM,,Book Club Members; fallback,,,[name],[name],,I didn’t expect to be charged,i_didnt_expect_to_be_charged_2010816994,Not ready to commit to annual membership,not_ready_to_commit_to_annual_membership,,Pricing (Digital),pricing_digital,2,nothing,,u_2c30319c1be788d6,If you are promotinh a week for free do not charge in adnvance,,,1,,,Canceled,2026-08-19T19:54:09.000Z,2026-08-19T19:54:55.000Z,2026-08-19T19:54:55.000Z,,28.78,2026-08-19T19:54:55.000Z,cancel,Valid Cancel,annual,2027-08-18T20:52:13.000Z,2027-08-18T20:52:13.000Z,5.0,5.0,60.0,Brightback,,,,,,,AzZK0DVSgS8DO3AbM,2026-08-18T20:52:11.000Z,,2026-08-18T20:52:13.000Z,,h_4ba9ddfc85e1d5a0,,1,2026-08-18T20:52:13.000Z,USD,u_2c30319c1be788d6,ACTIVE,h_8e9f34de09dc83bf,[name],,,,2026-08-18T20:52:13.000Z,book_club_member,,1,annual_plus,2026-08-18T20:52:13.000Z,_UNKNOWN,6000,YEAR,,,,[name],2027-08-18T20:52:13.000Z,,500,,2027-08-18T20:52:13.000Z,2026-08-18T20:52:13.000Z,6000,,,,,,BCM Experience [July 2025] [25% one-time / No Entry Modal],,08-18-2026,,08-19-2026,08-18-2026,08-18-2026,08-18-2026,,08-18-2026,08-18-2027
Wg8JJ0D_8bb1f572c506fd3f,979946,,fallback,,,[name],[name],[name],I didn’t expect to be charged,i_didnt_expect_to_be_charged_2010816994,Not ready to commit to annual membership,not_ready_to_commit_to_annual_membership,,Pricing (Digital),pricing_digital,1,,,u_e042a3ae6265283f,,,,0,36.0,,Canceled,2026-08-19T19:00:21.000Z,2026-08-19T19:00:41.000Z,2026-08-19T19:00:41.000Z,,28.82,2026-08-19T19:00:41.000Z,cancel,Valid Cancel,annual,2027-08-19T18:59:55.000Z,2027-08-19T18:59:55.000Z,3.0,3.0,36.0,Brightback,,,,,,,979946,2025-02-06T01:37:02.000Z,,2026-08-19T18:59:55.000Z,,h_716820f5ae626803,,1,2026-08-19T18:59:55.000Z,USD,u_e042a3ae6265283f,ACTIVE,h_3ba053c2a8daddda,[name],36.0,annual_essentials,,2026-08-19T18:59:55.000Z,other,,1,annual_essentials,2026-08-19T18:59:55.000Z,_UNKNOWN,3600,YEAR,annual_essentials,,,[name],2027-08-19T18:59:55.000Z,,300,,2027-08-19T18:59:55.000Z,2026-08-19T18:59:55.000Z,3600,[name],,https://www.supersummary.com/subscription,https://www.supersummary.com/subscription/confirming/cancel,,Default/Fallback [July 2025] [25% one time / No entry modal],,08-19-2026,,08-19-2026,08-19-2026,08-19-2026,02-06-2025,,08-19-2026,08-19-2027
Wg8JGPo_a18384c89f887267,AzyxZ7VSlDF7v1xt0,,Teachers; fallback,,,[name],[name],,I didn’t expect to be charged,i_didnt_expect_to_be_charged_2010816994,Not ready to commit to annual membership,not_ready_to_commit_to_annual_membership,,Pricing (Digital),pricing_digital,1,Not this you guys said it was free and charged me $36,,u_41e95dd2ef6f6e8b,Dont lie to customers,,,1,,,Canceled,2026-08-19T16:25:55.000Z,2026-08-19T16:26:45.000Z,2026-08-19T16:26:45.000Z,,28.93,2026-08-19T16:26:45.000Z,cancel,Valid Cancel,annual,2027-08-19T16:24:26.000Z,2027-08-19T16:24:26.000Z,3.0,3.0,36.0,Brightback,,,,,,,AzyxZ7VSlDF7v1xt0,2026-08-19T16:24:25.000Z,,2026-08-19T16:24:26.000Z,,h_b57553f9e8acd11c,,1,2026-08-19T16:24:26.000Z,USD,u_41e95dd2ef6f6e8b,ACTIVE,h_04aa79299e8c4295,[name],,,,2026-08-19T16:24:26.000Z,teacher,,1,annual_essentials,2026-08-19T16:24:26.000Z,_UNKNOWN,3600,YEAR,,,Middle School,[name],2027-08-19T16:24:26.000Z,,300,,2027-08-19T16:24:26.000Z,2026-08-19T16:24:26.000Z,3600,,,,,,Teacher Experience [July 2025] [40% one-time / Modal],,08-19-2026,,08-19-2026,08-19-2026,08-19-2026,08-19-2026,,08-19-2026,08-19-2027
Wg8JGOV_a08ceacfd2121a44,16Bi6WVSlC63Z28uR,,Students; fallback,,,[name],[name],,I didn’t expect to be charged,i_didnt_expect_to_be_charged_2010816994,Not ready to commit to annual membership,not_ready_to_commit_to_annual_membership,,Pricing (Digital),pricing_digital,1,Read,,u_79e43aa1ebed3d6a,Nothing,,,1,,,Canceled,2026-08-19T16:24:36.000Z,2026-08-19T16:25:03.000Z,2026-08-19T16:25:04.000Z,,28.93,2026-08-19T16:25:04.000Z,cancel,Valid Cancel,monthly,2026-09-19T16:19:53.000Z,2026-09-19T16:19:53.000Z,16.65,16.65,16.65,Brightback,,,,,,,16Bi6WVSlC63Z28uR,2026-08-19T16:19:51.000Z,,2026-08-19T16:19:53.000Z,,h_a1c8c1a89edcb7d5,,1,2026-08-19T16:19:53.000Z,USD,u_79e43aa1ebed3d6a,ACTIVE,h_da305e54b6fdc0e8,[name],,,,2026-08-19T16:19:53.000Z,student,,1,monthly_plus,2026-08-19T16:19:53.000Z,_UNKNOWN,1665,MONTH,,,High School,[name],2026-09-19T16:19:53.000Z,,1665,,2026-09-19T16:19:53.000Z,2026-08-19T16:19:53.000Z,1665,,,,,,Student Experience [July 2025] [25% one-time / No Entry Modal],,08-19-2026,,08-19-2026,08-19-2026,08-19-2026,08-19-2026,,08-19-2026,09-19-2026
Wg8JGAv_8d09a0a83412a1c7,16BQHBUuKr6OeaTW,,Students; Annual,,,[name],[name],,I didn’t expect to be charged,i_didnt_expect_to_be_charged_2010816994,Not ready to commit to annual membership,not_ready_to_commit_to_annual_membership,,Pricing (Digital),pricing_digital,1,,,u_e296430cc2ada8a2,,,,0,,,Canceled,2026-08-19T16:11:00.000Z,2026-08-19T16:11:34.000Z,2026-08-19T16:11:34.000Z,,28.94,2026-08-19T16:11:34.000Z,cancel,Valid Cancel,annual,2027-08-19T15:51:28.000Z,2027-08-19T15:51:28.000Z,3.0,3.0,36.0,Brightback,,,,,,,16BQHBUuKr6OeaTW,2025-08-19T15:50:58.000Z,,2025-08-19T15:51:28.000Z,,h_7c22ce29df7e383e,,1,2025-08-19T15:51:28.000Z,USD,u_e296430cc2ada8a2,ACTIVE,h_c05322c592644b51,[name],,,,2026-08-19T15:51:28.000Z,student,,1,annual,2025-08-19T15:51:28.000Z,_UNKNOWN,3600,YEAR,,,Postgrad Program,[name],2027-08-19T15:51:28.000Z,,300,,2027-08-19T15:51:28.000Z,2025-08-19T15:51:28.000Z,3600,,,,,,Student Experience [July 2025] [25% one-time / No Entry Modal],,08-19-2025,,08-19-2026,08-19-2025,08-19-2025,08-19-2025,,08-19-2025,08-19-2027
Wg8JEJ7_a80f9407361d39f2,1732934,,Students; fallback,,,[name],[name],[name],I didn’t expect to be charged,i_didnt_expect_to_be_charged_2010816994,Not ready to commit to annual membership,not_ready_to_commit_to_annual_membership,,Pricing (Digital),pricing_digital,4,,,u_416431a4db63c3db,,,,0,60.0,,Canceled,2026-08-19T14:19:15.000Z,2026-08-19T14:19:38.000Z,2026-08-19T14:19:38.000Z,,29.01,2026-08-19T14:20:33.000Z,cancel,Valid Cancel,annual,2027-08-19T11:11:35.000Z,2027-08-19T11:11:35.000Z,5.0,5.0,60.0,Brightback,,,,,,,1732934,2026-08-19T11:11:33.000Z,,2026-08-19T11:11:35.000Z,,h_196e88c75444e89c,,1,2026-08-19T11:11:35.000Z,USD,u_416431a4db63c3db,ACTIVE,h_eb4414bb29b3c634,[name],60.0,annual_plus,,2026-08-19T11:11:35.000Z,student,,1,annual_plus,2026-08-19T11:11:35.000Z,_UNKNOWN,6000,YEAR,annual_plus,,other,[name],2027-08-19T11:11:35.000Z,,500,,2027-08-19T11:11:35.000Z,2026-08-19T11:11:35.000Z,6000,[name],,https://www.supersummary.com/subscription,https://www.supersummary.com/subscription/confirming/cancel,,Student Experience [July 2025] [25% one-time / No Entry Modal],,08-19-2026,,08-19-2026,08-19-2026,08-19-2026,08-19-2026,,08-19-2026,08-19-2027
Wg8J5eZ_87234c965fc5f932,1732825,,Students; fallback,,,[name],[name],[name],I didn’t expect to be charged,i_didnt_expect_to_be_charged_2010816994,Not ready to commit to annual membership,not_ready_to_commit_to_annual_membership,,Pricing (Digital),pricing_digital,2,,,u_9a0be57b15be0e9c,,,,0,36.0,,Canceled,2026-08-19T05:40:39.000Z,2026-08-19T05:41:24.000Z,2026-08-19T05:41:25.000Z,,29.37,2026-08-19T05:41:25.000Z,cancel,Valid Cancel,annual,2027-08-19T05:33:13.000Z,2027-08-19T05:33:13.000Z,3.0,3.0,36.0,Brightback,,,,,,,1732825,2026-08-19T05:23:55.000Z,,2026-08-19T05:33:13.000Z,,h_27f9562b51ec5223,,1,2026-08-19T05:33:13.000Z,USD,u_9a0be57b15be0e9c,ACTIVE,h_19f9f1d40bf1b929,[name],36.0,annual_essentials,,2026-08-19T05:33:13.000Z,student,,1,annual_essentials,2026-08-19T05:33:13.000Z,_UNKNOWN,3600,YEAR,annual_essentials,,College,[name],2027-08-19T05:33:13.000Z,,300,,2027-08-19T05:33:13.000Z,2026-08-19T05:33:13.000Z,3600,[name],,https://www.supersummary.com/subscription,https://www.supersummary.com/subscription/confirming/cancel,,Student Experience [July 2025] [25% one-time / No Entry Modal],,08-19-2026,,08-19-2026,08-19-2026,08-19-2026,08-19-2026,,08-19-2026,08-19-2027
Wg8J0Ue_96ddcf8677c11a8f,1732578,,Book Club Members; fallback,,,[name],[name],[name],I didn’t expect to be charged,i_didnt_expect_to_be_charged_2010816994,Not ready to commit to annual membership,not_ready_to_commit_to_annual_membership,,Pricing (Digital),pricing_digital,4,,,u_185f082c81ce8aba,,,,0,36.0,,Canceled,2026-08-19T00:30:47.000Z,2026-08-19T00:31:14.000Z,2026-08-19T00:31:14.000Z,,29.59,2026-08-19T00:31:14.000Z,cancel,Valid Cancel,annual,2027-08-19T00:27:06.000Z,2027-08-19T00:27:06.000Z,3.0,3.0,36.0,Brightback,,,,,,,1732578,2026-08-19T00:27:05.000Z,,2026-08-19T00:27:06.000Z,,h_7b3e6d9c99324090,,1,2026-08-19T00:27:06.000Z,USD,u_185f082c81ce8aba,ACTIVE,h_aa890ab650df0bd5,[name],36.0,annual_essentials,,2026-08-19T00:27:06.000Z,book_club_member,,1,annual_essentials,2026-08-19T00:27:06.000Z,_UNKNOWN,3600,YEAR,annual_essentials,,,[name],2027-08-19T00:27:06.000Z,,300,,2027-08-19T00:27:06.000Z,2026-08-19T00:27:06.000Z,3600,[name],,https://www.supersummary.com/subscription,https://www.supersummary.com/subscription/confirming/cancel,,BCM Experience [July 2025] [25% one-time / No Entry Modal],,08-19-2026,,08-19-2026,08-19-2026,08-19-2026,08-19-2026,,08-19-2026,08-19-2027
Wg8IJRl_9578970973cd4e60,16BbvfVSbURsC39P5,,Students; fallback,,,[name],[name],,I didn’t expect to be charged,i_didnt_expect_to_be_charged_2010816994,Not ready to commit to annual membership,not_ready_to_commit_to_annual_membership,,Pricing (Digital),pricing_digital,1,,,u_a964e7e1daba7a43,,,,0,,,Canceled,2026-08-18T19:27:50.000Z,2026-08-18T19:28:13.000Z,2026-08-18T19:28:14.000Z,,29.8,2026-08-18T19:28:14.000Z,cancel,Valid Cancel,monthly,2026-09-18T00:30:03.000Z,2026-09-18T00:30:03.000Z,9.95,9.95,9.95,Brightback,,,,,,,16BbvfVSbURsC39P5,2026-08-18T00:27:59.000Z,,2026-08-18T00:30:03.000Z,,h_e52d061779df0874,,1,2026-08-18T00:30:03.000Z,USD,u_a964e7e1daba7a43,ACTIVE,h_2d5a067432ff497e,[name],,,,2026-08-18T00:30:03.000Z,student,,1,monthly_essentials,2026-08-18T00:30:03.000Z,_UNKNOWN,995,MONTH,,,College,[name],2026-09-18T00:30:03.000Z,,995,,2026-09-18T00:30:03.000Z,2026-08-18T00:30:03.000Z,995,,,,,,Student Experience [July 2025] [25% one-time / No Entry Modal],,08-18-2026,,08-18-2026,08-18-2026,08-18-2026,08-18-2026,,08-18-2026,09-18-2026
Wg8IJp3_a4d5388dbd95f3c1,AzqejIV8OF30y6dnY,,Students; fallback,,,[name],[name],,I didn’t expect to be charged,i_didnt_expect_to_be_charged_2010816994,Not ready to commit to annual membership,not_ready_to_commit_to_annual_membership,,Pricing (Digital),pricing_digital,6,,,u_5f4aec163341a186,,,,0,,,Canceled,2026-08-18T19:51:07.000Z,2026-08-18T19:51:23.000Z,2026-08-18T19:51:23.000Z,,29.78,2026-08-18T19:51:23.000Z,cancel,Valid Cancel,monthly,2026-09-15T16:29:44.000Z,2026-09-15T16:29:44.000Z,9.95,9.95,9.95,Brightback,,,,,,,AzqejIV8OF30y6dnY,2026-01-15T16:29:42.000Z,,2026-01-15T16:29:44.000Z,,h_306003e7d6af3b13,,1,2026-01-15T16:29:44.000Z,USD,u_5f4aec163341a186,ACTIVE,h_44c55ec609a8a2bf,[name],,,,2026-08-15T16:29:44.000Z,student,,1,monthly_essentials,2026-01-15T16:29:44.000Z,_UNKNOWN,995,MONTH,,,College,[name],2026-09-15T16:29:44.000Z,,995,,2026-09-15T16:29:44.000Z,2026-01-15T16:29:44.000Z,995,,,,,,Student Experience [July 2025] [25% one-time / No Entry Modal],,01-15-2026,,08-18-2026,01-15-2026,01-15-2026,01-15-2026,,01-15-2026,09-15-2026
Wg8IJaH_8a50e79fae6d18b8,16BWbCUu9cu31CqAR,,Parents; Annual,,,[name],[name],,I didn’t expect to be charged,i_didnt_expect_to_be_charged_2010816994,Not ready to commit to annual membership,not_ready_to_commit_to_annual_membership,,Pricing (Digital),pricing_digital,2,,,u_81af03c873cac312,,,,0,,,Canceled,2026-08-18T19:36:21.000Z,2026-08-18T19:36:49.000Z,2026-08-18T19:36:49.000Z,,29.79,2026-08-18T19:36:49.000Z,cancel,Valid Cancel,annual,2027-08-17T17:46:05.000Z,2027-08-17T17:46:05.000Z,3.0,3.0,36.0,Brightback,,,,,,,16BWbCUu9cu31CqAR,2025-08-17T17:46:03.000Z,,2025-08-17T17:46:05.000Z,,h_679e195ada3937fd,,1,2025-08-17T17:46:05.000Z,USD,u_81af03c873cac312,ACTIVE,h_636fa0afd7c4fe7d,[name],,,,2026-08-17T17:46:05.000Z,parent_of_student,,1,annual,2025-08-17T17:46:05.000Z,_UNKNOWN,3600,YEAR,,,Middle School,[name],2027-08-17T17:46:05.000Z,,300,,2027-08-17T17:46:05.000Z,2025-08-17T17:46:05.000Z,3600,,,,,,Parent Experience [July 2025] [25% one-time / Modal],,08-17-2025,,08-18-2026,08-17-2025,08-17-2025,08-17-2025,,08-17-2025,08-17-2027
Wg8IGsu_bb5d7640939e7c03,16BVEuULlMETLCTVB,,Teachers; Annual,,,[name],[name],,I didn’t expect to be charged,i_didnt_expect_to_be_charged_2010816994,Not ready to commit to annual membership,not_ready_to_commit_to_annual_membership,,Pricing (Digital),pricing_digital,1,,,u_ae27c7e4eeffaf17,,,,0,,,Canceled,2026-08-18T16:54:58.000Z,2026-08-18T16:55:24.000Z,2026-08-18T16:55:24.000Z,,29.91,2026-08-18T16:55:24.000Z,cancel,Valid Cancel,annual,2027-08-18T01:47:23.000Z,2027-08-18T01:47:23.000Z,3.0,3.0,36.0,Brightback,,,,,,,16BVEuULlMETLCTVB,2024-08-18T01:47:21.000Z,,2024-08-18T01:47:23.000Z,,h_909061793689347e,,1,2024-08-18T01:47:23.000Z,USD,u_ae27c7e4eeffaf17,ACTIVE,h_5ae0dd4bac805361,[name],,,,2026-08-18T01:47:23.000Z,teacher,,1,annual,2024-08-18T01:47:23.000Z,_UNKNOWN,3600,YEAR,,,Middle School,[name],2027-08-18T01:47:23.000Z,,300,,2027-08-18T01:47:23.000Z,2024-08-18T01:47:23.000Z,3600,,,,,,Teacher Experience [July 2025] [40% one-time / Modal],,08-18-2024,,08-18-2026,08-18-2024,08-18-2024,08-18-2024,,08-18-2024,08-18-2027
Wg8IG0A_b59ded887869eb09,AzyhfVULooMCyFTCa,,Students; Annual,,,[name],[name],,I didn’t expect to be charged,i_didnt_expect_to_be_charged_2010816994,Not ready to commit to annual membership,not_ready_to_commit_to_annual_membership,,Pricing (Digital),pricing_digital,2,,,u_1d63e7ff03e4b7b5,,,,0,,,Canceled,2026-08-18T16:00:12.000Z,2026-08-18T16:00:31.000Z,2026-08-18T16:00:31.000Z,,29.94,2026-08-18T16:00:31.000Z,cancel,Valid Cancel,annual,2027-08-18T15:57:55.000Z,2027-08-18T15:57:55.000Z,3.0,3.0,36.0,Brightback,,,,,,,AzyhfVULooMCyFTCa,2024-08-18T15:57:52.000Z,,2024-08-18T15:57:55.000Z,,h_44f7d15be0563f18,,1,2024-08-18T15:57:55.000Z,USD,u_1d63e7ff03e4b7b5,ACTIVE,h_2ae84c6480f58df1,[name],,,,2026-08-18T15:57:55.000Z,student,,1,annual,2024-08-18T15:57:55.000Z,_UNKNOWN,3600,YEAR,,,High School,[name],2027-08-18T15:57:55.000Z,,300,,2027-08-18T15:57:55.000Z,2024-08-18T15:57:55.000Z,3600,,,,,,Student Experience [July 2025] [25% one-time / No Entry Modal],,08-18-2024,,08-18-2026,08-18-2024,08-18-2024,08-18-2024,,08-18-2024,08-18-2027
Wg8IFdP_82b22c4449f9c63d,1731912,,fallback,,,[name],[name],[name],I didn’t expect to be charged,i_didnt_expect_to_be_charged_2010816994,Not ready to commit to annual membership,not_ready_to_commit_to_annual_membership,,Pricing (Digital),pricing_digital,7,,,u_ef312b942d202ac4,,,,0,36.0,,Canceled,2026-08-18T15:39:29.000Z,2026-08-18T15:39:46.000Z,2026-08-18T15:39:46.000Z,,29.96,2026-08-18T15:39:46.000Z,cancel,Valid Cancel,annual,2027-08-18T14:55:11.000Z,2027-08-18T14:55:11.000Z,3.0,3.0,36.0,Brightback,,,,,,,1731912,2026-08-18T14:55:10.000Z,,2026-08-18T14:55:11.000Z,,h_0ff2576cb567fcc2,,1,2026-08-18T14:55:11.000Z,USD,u_ef312b942d202ac4,ACTIVE,h_81a47d31d2552eec,[name],36.0,annual_essentials,,2026-08-18T14:55:11.000Z,avid_reader,,1,annual_essentials,2026-08-18T14:55:11.000Z,_UNKNOWN,3600,YEAR,annual_essentials,,,[name],2027-08-18T14:55:11.000Z,,300,,2027-08-18T14:55:11.000Z,2026-08-18T14:55:11.000Z,3600,[name],,https://www.supersummary.com/subscription,https://www.supersummary.com/subscription/confirming/cancel,,Default/Fallback [July 2025] [25% one time / No entry modal],,08-18-2026,,08-18-2026,08-18-2026,08-18-2026,08-18-2026,,08-18-2026,08-18-2027
Wg8IEC6_adbb86909f798dd1,AzZaioVSeNa7d1WTp,,Students; fallback,,,[name],[name],,I didn’t expect to be charged,i_didnt_expect_to_be_charged_2010816994,Not ready to commit to annual membership,not_ready_to_commit_to_annual_membership,,Pricing (Digital),pricing_digital,6,,,u_729aa4b3712f51c0,,,,0,,,Canceled,2026-08-18T14:12:08.000Z,2026-08-18T14:12:27.000Z,2026-08-18T14:12:27.000Z,,30.02,2026-08-18T14:12:27.000Z,cancel,Valid Cancel,monthly,2026-09-18T12:21:36.000Z,2026-09-18T12:21:36.000Z,16.65,16.65,16.65,Brightback,,,,,,,AzZaioVSeNa7d1WTp,2026-08-18T12:21:33.000Z,,2026-08-18T12:21:36.000Z,,h_5b89036b9ea0312e,,1,2026-08-18T12:21:36.000Z,USD,u_729aa4b3712f51c0,ACTIVE,h_5c1de8492a02058d,[name],,,,2026-08-18T12:21:36.000Z,student,,1,monthly_plus,2026-08-18T12:21:36.000Z,_UNKNOWN,1665,MONTH,,,College,[name],2026-09-18T12:21:36.000Z,,1665,,2026-09-18T12:21:36.000Z,2026-08-18T12:21:36.000Z,1665,,,,,,Student Experience [July 2025] [25% one-time / No Entry Modal],,08-18-2026,,08-18-2026,08-18-2026,08-18-2026,08-18-2026,,08-18-2026,09-18-2026
Wg8I7Dr_ae97ccf9419689e7,1727690,,Students; fallback,,,[name],[name],[name],I didn’t expect to be charged,i_didnt_expect_to_be_charged_2010816994,Not ready to commit to annual membership,not_ready_to_commit_to_annual_membership,,Pricing (Digital),pricing_digital,4,,,u_6b9ac6cad7787497,,,,0,36.0,,Canceled,2026-08-18T07:13:58.000Z,2026-08-18T07:14:24.000Z,2026-08-18T07:14:24.000Z,,30.31,2026-08-18T07:14:53.000Z,cancel,Valid Cancel,annual,2027-08-14T05:06:40.000Z,2027-08-14T05:06:40.000Z,3.0,3.0,36.0,Brightback,,,,,,,1727690,2026-08-14T05:06:37.000Z,,2026-08-14T05:06:40.000Z,,h_70f62210c88a3e18,,1,2026-08-14T05:06:40.000Z,USD,u_6b9ac6cad7787497,ACTIVE,h_7de5031586bff61e,[name],36.0,annual_essentials,,2026-08-14T05:06:40.000Z,student,,1,annual_essentials,2026-08-14T05:06:40.000Z,_UNKNOWN,3600,YEAR,annual_essentials,,College,[name],2027-08-14T05:06:40.000Z,,300,,2027-08-14T05:06:40.000Z,2026-08-14T05:06:40.000Z,3600,[name],,https://www.supersummary.com/subscription,https://www.supersummary.com/subscription/confirming/cancel,,Student Experience [July 2025] [25% one-time / No Entry Modal],,08-14-2026,,08-18-2026,08-14-2026,08-14-2026,08-14-2026,,08-14-2026,08-14-2027
Wg8I3gX_bc03452cd1cb4289,AzqDFvVRxlOXtOmI,,fallback,,,[name],[name],,I didn’t expect to be charged,i_didnt_expect_to_be_charged_2010816994,Not ready to commit to annual membership,not_ready_to_commit_to_annual_membership,,Pricing (Digital),pricing_digital,1,,,u_43d6fc5633645153,,,,0,,,Canceled,2026-08-18T03:42:36.000Z,2026-08-18T03:43:14.000Z,2026-08-18T03:43:14.000Z,,30.46,2026-08-18T03:43:14.000Z,cancel,Valid Cancel,annual,2027-08-11T05:26:29.000Z,2027-08-11T05:26:29.000Z,5.0,5.0,60.0,Brightback,,,,,,,AzqDFvVRxlOXtOmI,2026-08-11T05:26:27.000Z,,2026-08-11T05:26:29.000Z,,h_d37d0f2098c2a763,,1,2026-08-11T05:26:29.000Z,USD,u_43d6fc5633645153,ACTIVE,h_5723fffda13e4e9a,[name],,,,2026-08-11T05:26:29.000Z,avid_reader,,1,annual_plus,2026-08-11T05:26:29.000Z,_UNKNOWN,6000,YEAR,,,,[name],2027-08-11T05:26:29.000Z,,500,,2027-08-11T05:26:29.000Z,2026-08-11T05:26:29.000Z,6000,,,,,,Default/Fallback [July 2025] [25% one time / No entry modal],,08-11-2026,,08-18-2026,08-11-2026,08-11-2026,08-11-2026,,08-11-2026,08-11-2027
Wg8HN9H_aa8aafac0708780e,Azz4ZOVNlwney3Xgh,,Students; fallback,,,[name],[name],,I didn’t expect to be charged,i_didnt_expect_to_be_charged_2010816994,Not ready to commit to annual membership,not_ready_to_commit_to_annual_membership,,Pricing (Digital),pricing_digital,6,nothing,,u_e5d9a868f9640ddb,everything was fine,,,1,,,Canceled,2026-08-17T23:09:22.000Z,2026-08-17T23:09:52.000Z,2026-08-17T23:09:52.000Z,,30.65,2026-08-17T23:09:52.000Z,cancel,Valid Cancel,monthly,2026-08-27T19:00:59.000Z,2026-08-27T19:00:59.000Z,16.65,16.65,16.65,Brightback,,,,,,,Azz4ZOVNlwney3Xgh,2026-06-27T19:00:57.000Z,,2026-06-27T19:00:59.000Z,,h_5c55322d12d2292e,,1,2026-06-27T19:00:59.000Z,USD,u_e5d9a868f9640ddb,ACTIVE,h_cce7e79e7f8ea56e,[name],,,,2026-07-27T19:00:59.000Z,student,,1,monthly_plus,2026-06-27T19:00:59.000Z,_UNKNOWN,1665,MONTH,,,College,[name],2026-08-27T19:00:59.000Z,,1665,,2026-08-27T19:00:59.000Z,2026-06-27T19:00:59.000Z,1665,,,,,,Student Experience [July 2025] [25% one-time / No Entry Modal],,06-27-2026,,08-17-2026,06-27-2026,06-27-2026,06-27-2026,,06-27-2026,08-27-2026
Wg8HMLA_8f1655d4075656d8,1731232,,Book Club Members; fallback,,,[name],[name],[name],I didn’t expect to be charged,i_didnt_expect_to_be_charged_2010816994,Not ready to commit to annual membership,not_ready_to_commit_to_annual_membership,,Pricing (Digital),pricing_digital,2,,,u_3023133ffa2c9377,,,,0,36.0,,Canceled,2026-08-17T22:21:38.000Z,2026-08-17T22:22:29.000Z,2026-08-17T22:22:29.000Z,,30.68,2026-08-17T22:22:29.000Z,cancel,Valid Cancel,annual,2027-08-17T22:20:32.000Z,2027-08-17T22:20:32.000Z,3.0,3.0,36.0,Brightback,,,,,,,1731232,2026-08-17T22:20:29.000Z,,2026-08-17T22:20:32.000Z,,h_fac569ee02a360c9,,1,2026-08-17T22:20:32.000Z,USD,u_3023133ffa2c9377,ACTIVE,h_cb3ed9a6864b3d24,[name],36.0,annual_essentials,,2026-08-17T22:20:32.000Z,book_club_member,,1,annual_essentials,2026-08-17T22:20:32.000Z,_UNKNOWN,3600,YEAR,annual_essentials,,,[name],2027-08-17T22:20:32.000Z,,300,,2027-08-17T22:20:32.000Z,2026-08-17T22:20:32.000Z,3600,[name],,https://www.supersummary.com/subscription,https://www.supersummary.com/subscription/confirming/cancel,,BCM Experience [July 2025] [25% one-time / No Entry Modal],,08-17-2026,,08-17-2026,08-17-2026,08-17-2026,08-17-2026,,08-17-2026,08-17-2027
Wg8HLkT_9372effedad4ca21,16BXkLUuACd2ADBxY,,Book Club Members; Annual,,,[name],[name],,I didn’t expect to be charged,i_didnt_expect_to_be_charged_2010816994,Not ready to commit to annual membership,not_ready_to_commit_to_annual_membership,,Pricing (Digital),pricing_digital,1,,,u_ead12fe3a776727b,,,,0,,,Canceled,2026-08-17T21:46:31.000Z,2026-08-17T21:46:54.000Z,2026-08-17T21:46:55.000Z,,30.7,2026-08-17T21:46:55.000Z,cancel,Valid Cancel,annual,2027-08-17T20:07:59.000Z,2027-08-17T20:07:59.000Z,3.0,3.0,36.0,Brightback,,,,,,,16BXkLUuACd2ADBxY,2025-08-17T20:07:58.000Z,,2025-08-17T20:07:59.000Z,,h_89701366bbf575fc,,1,2025-08-17T20:07:59.000Z,USD,u_ead12fe3a776727b,ACTIVE,h_bb066e56db8b2bc8,[name],,,,2026-08-17T20:07:59.000Z,book_club_member,,1,annual,2025-08-17T20:07:59.000Z,_UNKNOWN,3600,YEAR,,,,[name],2027-08-17T20:07:59.000Z,,300,,2027-08-17T20:07:59.000Z,2025-08-17T20:07:59.000Z,3600,,,,,,BCM Experience [July 2025] [25% one-time / No Entry Modal],,08-17-2025,,08-17-2026,08-17-2025,08-17-2025,08-17-2025,,08-17-2025,08-17-2027
Wg8HKOw_b5b0f7c9b89ea4ae,AzqMOxVSU3I9i8UDM,,fallback,,,[name],[name],,I didn’t expect to be charged,i_didnt_expect_to_be_charged_2010816994,Not ready to commit to annual membership,not_ready_to_commit_to_annual_membership,,Pricing (Digital),pricing_digital,6,Just reading the book,,u_1e4acf5a72bbc0f7,Nothing,,,1,,,Canceled,2026-08-17T20:25:00.000Z,2026-08-17T20:25:56.000Z,2026-08-17T20:25:56.000Z,,30.76,2026-08-17T20:25:56.000Z,cancel,Valid Cancel,monthly,2026-09-16T17:58:17.000Z,2026-09-16T17:58:17.000Z,16.65,16.65,16.65,Brightback,,,,,,,AzqMOxVSU3I9i8UDM,2026-08-16T17:58:16.000Z,,2026-08-16T17:58:17.000Z,,h_8beb3c9525a1f6db,,1,2026-08-16T17:58:17.000Z,USD,u_1e4acf5a72bbc0f7,ACTIVE,h_47e206743765a260,[name],,,,2026-08-16T17:58:17.000Z,avid_reader,,1,monthly_plus,2026-08-16T17:58:17.000Z,_UNKNOWN,1665,MONTH,,,,[name],2026-09-16T17:58:17.000Z,,1665,,2026-09-16T17:58:17.000Z,2026-08-16T17:58:17.000Z,1665,,,,,,Default/Fallback [July 2025] [25% one time / No entry modal],,08-16-2026,,08-17-2026,08-16-2026,08-16-2026,08-16-2026,,08-16-2026,09-16-2026
Wg8HKj0_acc6b2c5c682711f,1644391,,Book Club Members; fallback,,,[name],[name],[name],I didn’t expect to be charged,i_didnt_expect_to_be_charged_2010816994,Not ready to commit to annual membership,not_ready_to_commit_to_annual_membership,,Pricing (Digital),pricing_digital,4,None,,u_e45600f10ea0056e,None,,,1,9.95,,Canceled,2026-08-17T20:45:02.000Z,2026-08-17T20:45:47.000Z,2026-08-17T20:45:47.000Z,,30.75,2026-08-17T20:45:47.000Z,cancel,Valid Cancel,monthly,2026-09-17T19:57:58.000Z,,9.95,9.95,9.95,Brightback,,,,,,,1644391,2026-05-17T19:57:55.000Z,,2026-05-17T19:57:58.000Z,,h_00ccc63f64529747,,1,2026-05-17T19:57:58.000Z,USD,u_e45600f10ea0056e,NON_RENEWING,h_eccff55a3b0c6070,[name],9.95,monthly_essentials,,2026-08-17T19:57:58.000Z,book_club_member,,1,monthly_essentials,2026-05-17T19:57:58.000Z,_UNKNOWN,995,MONTH,monthly_essentials,,,[name],,,995,,2026-09-17T19:57:58.000Z,2026-05-17T19:57:58.000Z,995,[name],,https://www.supersummary.com/subscription,https://www.supersummary.com/subscription/confirming/cancel,,BCM Experience [July 2025] [25% one-time / No Entry Modal],,05-17-2026,,08-17-2026,05-17-2026,05-17-2026,05-17-2026,,05-17-2026,
Wg8HJlQ_b55a9d438f058348,1731051,,Teachers; fallback,,,[name],[name],[name],I didn’t expect to be charged,i_didnt_expect_to_be_charged_2010816994,Not ready to commit to annual membership,not_ready_to_commit_to_annual_membership,,Pricing (Digital),pricing_digital,6,,,u_15c10211a20423c8,,,,0,60.0,,Canceled,2026-08-17T19:47:39.000Z,2026-08-17T19:48:09.000Z,2026-08-17T19:48:09.000Z,,30.79,2026-08-17T19:48:09.000Z,cancel,Valid Cancel,annual,2027-08-17T19:36:35.000Z,2027-08-17T19:36:35.000Z,5.0,5.0,60.0,Brightback,,,,,,,1731051,2026-08-17T19:36:34.000Z,,2026-08-17T19:36:35.000Z,,h_4f7fa1faac17f6e7,,1,2026-08-17T19:36:35.000Z,USD,u_15c10211a20423c8,ACTIVE,h_9b10842180141ddf,[name],60.0,annual_plus,,2026-08-17T19:36:35.000Z,teacher,,1,annual_plus,2026-08-17T19:36:35.000Z,_UNKNOWN,6000,YEAR,annual_plus,,Middle School,[name],2027-08-17T19:36:35.000Z,,500,,2027-08-17T19:36:35.000Z,2026-08-17T19:36:35.000Z,6000,[name],,https://www.supersummary.com/subscription,https://www.supersummary.com/subscription/confirming/cancel,,Teacher Experience [July 2025] [40% one-time / Modal],,08-17-2026,,08-17-2026,08-17-2026,08-17-2026,08-17-2026,,08-17-2026,08-17-2027
Wg8HI55_b401b62366124aa3,398498,,Book Club Members; Annual,,,[name],[name],[name],I didn’t expect to be charged,i_didnt_expect_to_be_charged_2010816994,Not ready to commit to annual membership,not_ready_to_commit_to_annual_membership,,Pricing (Digital),pricing_digital,1,Nothing,,u_d91779d62cc13f2d,"Giving a heads-up that auto-renewal was happening, so I wouldn't have paid for a subscription that I have never used.",,,1,36.0,,Canceled,2026-08-17T18:05:22.000Z,2026-08-17T18:06:45.000Z,2026-08-17T18:06:45.000Z,,30.86,2026-08-17T18:06:45.000Z,cancel,Valid Cancel,annual,2027-08-17T17:47:28.000Z,2027-08-17T17:47:28.000Z,3.0,3.0,36.0,Brightback,,,,,,,398498,2023-08-17T17:47:26.000Z,,2023-08-17T17:47:28.000Z,,h_ff822ec12ac85eba,,1,2023-08-17T17:47:28.000Z,USD,u_d91779d62cc13f2d,ACTIVE,h_ad840a6c7ed34da3,[name],36.0,annual,,2026-08-17T17:47:28.000Z,book_club_member,,1,annual,2023-08-17T17:47:28.000Z,_UNKNOWN,3600,YEAR,annual,,,[name],2027-08-17T17:47:28.000Z,,300,,2027-08-17T17:47:28.000Z,2023-08-17T17:47:28.000Z,3600,[name],,https://www.supersummary.com/subscription,https://www.supersummary.com/subscription/confirming/cancel,,BCM Experience [July 2025] [25% one-time / No Entry Modal],,08-17-2023,,08-17-2026,08-17-2023,08-17-2023,08-17-2023,,08-17-2023,08-17-2027
Wg8HFRU_a6d61f81279f7efa,16BYMNVSYzyZt1Vri,,Book Club Members; fallback,,,[name],[name],,I didn’t expect to be charged,i_didnt_expect_to_be_charged_2010816994,Not ready to commit to annual membership,not_ready_to_commit_to_annual_membership,,Pricing (Digital),pricing_digital,1,,,u_a62e7a80821ef4b3,"I wanted a monthly subscription, not pay for the full year. Please cancel and refund $33.00",,,1,,,Canceled,2026-08-17T15:27:46.000Z,2026-08-17T15:29:22.000Z,2026-08-17T15:29:22.000Z,,30.97,2026-08-17T15:29:22.000Z,cancel,Valid Cancel,annual,2027-08-17T14:16:28.000Z,2027-08-17T14:16:28.000Z,3.0,3.0,36.0,Brightback,,,,,,,16BYMNVSYzyZt1Vri,2026-08-17T14:16:27.000Z,,2026-08-17T14:16:28.000Z,,h_b8ba0cbd9b4a5db6,,1,2026-08-17T14:16:28.000Z,USD,u_a62e7a80821ef4b3,ACTIVE,h_cfed3906366e1d04,[name],,,,2026-08-17T14:16:28.000Z,book_club_member,,1,annual_essentials,2026-08-17T14:16:28.000Z,_UNKNOWN,3600,YEAR,,,,[name],2027-08-17T14:16:28.000Z,,300,,2027-08-17T14:16:28.000Z,2026-08-17T14:16:28.000Z,3600,,,,,,BCM Experience [July 2025] [25% one-time / No Entry Modal],,08-17-2026,,08-17-2026,08-17-2026,08-17-2026,08-17-2026,,08-17-2026,08-17-2027
Wg8HFQe_9fa717818882e0ed,1730718,,Students; fallback,,,[name],[name],[name],I didn’t expect to be charged,i_didnt_expect_to_be_charged_2010816994,Not ready to commit to annual membership,not_ready_to_commit_to_annual_membership,,Pricing (Digital),pricing_digital,1,,,u_3b5a62d2d4734221,,,,0,60.0,,Canceled,2026-08-17T15:27:03.000Z,2026-08-17T15:27:16.000Z,2026-08-17T15:27:16.000Z,,30.97,2026-08-17T15:27:16.000Z,cancel,Valid Cancel,annual,2027-08-17T15:24:33.000Z,2027-08-17T15:24:33.000Z,5.0,5.0,60.0,Brightback,,,,,,,1730718,2026-08-17T15:24:31.000Z,,2026-08-17T15:24:33.000Z,,h_7be63124e278bb06,,1,2026-08-17T15:24:33.000Z,USD,u_3b5a62d2d4734221,ACTIVE,h_e88a563dc7d65cb8,[name],60.0,annual_plus,,2026-08-17T15:24:33.000Z,student,,1,annual_plus,2026-08-17T15:24:33.000Z,_UNKNOWN,6000,YEAR,annual_plus,,Middle School,[name],2027-08-17T15:24:33.000Z,,500,,2027-08-17T15:24:33.000Z,2026-08-17T15:24:33.000Z,6000,[name],,https://www.supersummary.com/subscription,https://www.supersummary.com/subscription/confirming/cancel,,Student Experience [July 2025] [25% one-time / No Entry Modal],,08-17-2026,,08-17-2026,08-17-2026,08-17-2026,08-17-2026,,08-17-2026,08-17-2027
Wg8HEIl_b65273b874b8bf80,594369,,Students; fallback,,,[name],[name],[name],I didn’t expect to be charged,i_didnt_expect_to_be_charged_2010816994,Not ready to commit to annual membership,not_ready_to_commit_to_annual_membership,,Pricing (Digital),pricing_digital,5,,,u_fc3bcbaf2dd793e4,This was supposed to be a free trial. Please refund me. ,,,1,36.0,,Canceled,2026-08-17T14:19:01.000Z,2026-08-17T14:20:19.000Z,2026-08-17T14:20:19.000Z,,31.01,2026-08-17T14:20:19.000Z,cancel,Valid Cancel,annual,2027-08-12T02:32:22.000Z,2027-08-12T02:32:22.000Z,3.0,3.0,36.0,Brightback,,,,,,,594369,2026-08-12T02:32:21.000Z,,2026-08-12T02:32:22.000Z,,h_98952e97161ce97e,,1,2026-08-12T02:32:22.000Z,USD,u_fc3bcbaf2dd793e4,ACTIVE,h_c08d40183d19054c,[name],36.0,annual_essentials,,2026-08-12T02:32:22.000Z,student,,1,annual_essentials,2026-08-12T02:32:22.000Z,_UNKNOWN,3600,YEAR,annual_essentials,,Postgrad Program,[name],2027-08-12T02:32:22.000Z,,300,,2027-08-12T02:32:22.000Z,2026-08-12T02:32:22.000Z,3600,[name],,https://www.supersummary.com/subscription,https://www.supersummary.com/subscription/confirming/cancel,,Student Experience [July 2025] [25% one-time / No Entry Modal],,08-12-2026,,08-17-2026,08-12-2026,08-12-2026,08-12-2026,,08-12-2026,08-12-2027
Wg8HE8c_825153cb302faf8d,229403,,Teachers; Annual,,,[name],[name],[name],I didn’t expect to be charged,i_didnt_expect_to_be_charged_2010816994,Not ready to commit to annual membership,not_ready_to_commit_to_annual_membership,,Pricing (Digital),pricing_digital,1,,,u_ce05a441f161a341,I am now retired.,,,1,36.0,,Canceled,2026-08-17T14:09:01.000Z,2026-08-17T14:10:47.000Z,2026-08-17T14:10:47.000Z,,31.02,2026-08-17T14:10:47.000Z,cancel,Valid Cancel,annual,2027-06-29T21:02:21.000Z,2027-06-29T21:02:21.000Z,3.0,3.0,36.0,Brightback,,,,,,,229403,2022-06-29T21:02:19.000Z,,2022-06-29T21:02:21.000Z,,h_d80ad53715a922ba,,1,2022-06-29T21:02:21.000Z,USD,u_ce05a441f161a341,ACTIVE,h_5665240d28cf3ea7,[name],36.0,annual,,2026-06-29T21:02:21.000Z,teacher,,1,annual,2022-06-29T21:02:21.000Z,_UNKNOWN,3600,YEAR,annual,,other,[name],2027-06-29T21:02:21.000Z,,300,,2027-06-29T21:02:21.000Z,2022-06-29T21:02:21.000Z,3600,[name],,https://www.supersummary.com/subscription,https://www.supersummary.com/subscription/confirming/cancel,,Teacher Experience [July 2025] [40% one-time / Modal],,06-29-2022,,08-17-2026,06-29-2022,06-29-2022,06-29-2022,,06-29-2022,06-29-2027
Wg8HDxH_8e1747b897810aef,1288339,,fallback,,,[name],[name],[name],I didn’t expect to be charged,i_didnt_expect_to_be_charged_2010816994,Not ready to commit to annual membership,not_ready_to_commit_to_annual_membership,,Pricing (Digital),pricing_digital,1,Nothing,,u_d76e878077daadf6,-,,,1,36.0,,Canceled,2026-08-17T14:03:02.000Z,2026-08-17T14:03:32.000Z,2026-08-17T14:03:33.000Z,,31.02,2026-08-17T14:03:33.000Z,cancel,Valid Cancel,annual,2027-08-17T08:52:25.000Z,2027-08-17T08:52:25.000Z,3.0,3.0,36.0,Brightback,,,,,,,1288339,2025-08-17T08:52:21.000Z,,2025-08-17T08:52:25.000Z,,h_c2385ac2a484b923,,1,2025-08-17T08:52:25.000Z,USD,u_d76e878077daadf6,ACTIVE,h_4752f1305763fd6a,[name],36.0,annual,,2026-08-17T08:52:25.000Z,other,,1,annual,2025-08-17T08:52:25.000Z,_UNKNOWN,3600,YEAR,annual,,,[name],2027-08-17T08:52:25.000Z,,300,,2027-08-17T08:52:25.000Z,2025-08-17T08:52:25.000Z,3600,[name],,https://www.supersummary.com/subscription,https://www.supersummary.com/subscription/confirming/cancel,,Default/Fallback [July 2025] [25% one time / No entry modal],,08-17-2025,,08-17-2026,08-17-2025,08-17-2025,08-17-2025,,08-17-2025,08-17-2027
Wg8HB46_a030dfd6fd96d918,1729484,,Book Club Members; fallback,,,[name],[name],[name],I didn’t expect to be charged,i_didnt_expect_to_be_charged_2010816994,Not ready to commit to annual membership,not_ready_to_commit_to_annual_membership,,Pricing (Digital),pricing_digital,1,,,u_72c125ee04ced493,,,,0,60.0,,Canceled,2026-08-17T11:04:47.000Z,2026-08-17T11:05:40.000Z,2026-09-02T21:38:59.000Z,,31.15,2026-09-02T21:38:59.000Z,cancel,Valid Cancel,annual,2027-08-16T15:11:01.000Z,2027-08-16T15:11:01.000Z,5.0,5.0,60.0,Brightback,,,,,,,1729484,2026-08-16T15:10:59.000Z,,2026-08-16T15:11:01.000Z,,h_e52501c5cd59bd85,,1,2026-08-16T15:11:01.000Z,USD,u_72c125ee04ced493,ACTIVE,h_cdcb6bc53468add2,[name],60.0,annual_plus,,2026-08-16T15:11:01.000Z,book_club_member,,1,annual_plus,2026-08-16T15:11:01.000Z,_UNKNOWN,6000,YEAR,annual_plus,,,[name],2027-08-16T15:11:01.000Z,,500,,2027-08-16T15:11:01.000Z,2026-08-16T15:11:01.000Z,6000,[name],,https://www.supersummary.com/subscription,https://www.supersummary.com/subscription/confirming/cancel,,BCM Experience [July 2025] [25% one-time / No Entry Modal],,08-16-2026,,08-17-2026,08-16-2026,08-16-2026,08-16-2026,,08-16-2026,08-16-2027
Wg8HAsZ_9722baac267d881b,1730493,,Students; fallback,,,[name],[name],[name],I didn’t expect to be charged,i_didnt_expect_to_be_charged_2010816994,Not ready to commit to annual membership,not_ready_to_commit_to_annual_membership,,Pricing (Digital),pricing_digital,1,nothing,,u_6a54e884f59d4aaa,,,,0,60.0,,Canceled,2026-08-17T10:54:38.000Z,2026-08-17T10:54:54.000Z,2026-08-17T10:54:54.000Z,,31.16,2026-08-17T10:54:54.000Z,cancel,Valid Cancel,annual,2027-08-17T10:53:24.000Z,2027-08-17T10:53:24.000Z,5.0,5.0,60.0,Brightback,,,,,,,1730493,2026-08-17T10:53:22.000Z,,2026-08-17T10:53:24.000Z,,h_58a7a61926f5ad8f,,1,2026-08-17T10:53:24.000Z,USD,u_6a54e884f59d4aaa,ACTIVE,h_e5dc110c8aa66193,[name],60.0,annual_plus,,2026-08-17T10:53:24.000Z,student,,1,annual_plus,2026-08-17T10:53:24.000Z,_UNKNOWN,6000,YEAR,annual_plus,,Postgrad Program,[name],2027-08-17T10:53:24.000Z,,500,,2027-08-17T10:53:24.000Z,2026-08-17T10:53:24.000Z,6000,[name],,https://www.supersummary.com/subscription,https://www.supersummary.com/subscription/confirming/cancel,,Student Experience [July 2025] [25% one-time / No Entry Modal],,08-17-2026,,08-17-2026,08-17-2026,08-17-2026,08-17-2026,,08-17-2026,08-17-2027
Wg8HASI_9c87ab1215477abe,AzysZJVSPFjst68pT,,Students; fallback,,,[name],[name],,I didn’t expect to be charged,i_didnt_expect_to_be_charged_2010816994,Not ready to commit to annual membership,not_ready_to_commit_to_annual_membership,,Pricing (Digital),pricing_digital,5,,,u_39ee6828e28ebd18,,,,0,,,Canceled,2026-08-17T10:28:30.000Z,2026-08-17T10:29:56.000Z,2026-08-17T10:29:56.000Z,,31.17,2026-08-17T10:29:56.000Z,cancel,Valid Cancel,monthly,2026-09-15T22:16:22.000Z,2026-09-15T22:16:22.000Z,9.95,9.95,9.95,Brightback,,,,,,,AzysZJVSPFjst68pT,2026-08-15T22:16:19.000Z,,2026-08-15T22:16:22.000Z,,h_f08dffb900781430,,1,2026-08-15T22:16:22.000Z,USD,u_39ee6828e28ebd18,ACTIVE,h_b9d48b59521631e3,[name],,,,2026-08-15T22:16:22.000Z,student,,1,monthly_essentials,2026-08-15T22:16:22.000Z,_UNKNOWN,995,MONTH,,,Middle School,[name],2026-09-15T22:16:22.000Z,,995,,2026-09-15T22:16:22.000Z,2026-08-15T22:16:22.000Z,995,,,,,,Student Experience [July 2025] [25% one-time / No Entry Modal],,08-15-2026,,08-17-2026,08-15-2026,08-15-2026,08-15-2026,,08-15-2026,09-15-2026
Wg8H5ob_85e90a2adece23d4,AzqdnMUzag98H13zb,,Students; fallback,,,[name],[name],,I didn’t expect to be charged,i_didnt_expect_to_be_charged_2010816994,Not ready to commit to annual membership,not_ready_to_commit_to_annual_membership,,Pricing (Digital),pricing_digital,5,,,u_faecec508ecf30d3,,,,0,,,Canceled,2026-08-17T05:50:46.000Z,2026-08-17T05:51:21.000Z,2026-08-17T05:51:21.000Z,,31.37,2026-08-17T05:51:21.000Z,cancel,Valid Cancel,annual,2026-10-14T09:12:43.000Z,2026-10-14T09:12:43.000Z,5.0,5.0,60.0,Brightback,,,,,,,AzqdnMUzag98H13zb,2025-10-14T09:12:41.000Z,,2025-10-14T09:12:43.000Z,,h_696007a5e9a0e191,,1,2025-10-14T09:12:43.000Z,USD,u_faecec508ecf30d3,ACTIVE,h_7a9f84cb0ed2c4c3,[name],,,,2025-10-14T09:12:43.000Z,student,,1,annual_plus,2025-10-14T09:12:43.000Z,_UNKNOWN,6000,YEAR,,,other,[name],2026-10-14T09:12:43.000Z,,500,,2026-10-14T09:12:43.000Z,2025-10-14T09:12:43.000Z,6000,,,,,,Student Experience [July 2025] [25% one-time / No Entry Modal],,10-14-2025,,08-17-2026,10-14-2025,10-14-2025,10-14-2025,,10-14-2025,10-14-2026
Wg8H1S0_b9d7342da466eee8,1729802,,Students; fallback,,,[name],[name],[name],I didn’t expect to be charged,i_didnt_expect_to_be_charged_2010816994,Not ready to commit to annual membership,not_ready_to_commit_to_annual_membership,,Pricing (Digital),pricing_digital,1,,,u_cfe0b8a42310c734,,,,0,9.95,,Canceled,2026-08-17T01:28:20.000Z,2026-08-17T01:28:30.000Z,2026-08-17T01:28:30.000Z,,31.55,2026-08-17T01:28:30.000Z,cancel,Valid Cancel,monthly,2026-09-16T19:38:56.000Z,,9.95,9.95,9.95,Brightback,,,,,,,1729802,2026-08-16T19:38:52.000Z,,2026-08-16T19:38:56.000Z,,h_5f7cacf0242f4680,,1,2026-08-16T19:38:56.000Z,USD,u_cfe0b8a42310c734,NON_RENEWING,h_1efda397c5b7e8e0,[name],9.95,monthly_essentials,,2026-08-16T19:38:56.000Z,student,,1,monthly_essentials,2026-08-16T19:38:56.000Z,_UNKNOWN,995,MONTH,monthly_essentials,,College,[name],,,995,,2026-09-16T19:38:56.000Z,2026-08-16T19:38:56.000Z,995,[name],,https://www.supersummary.com/subscription,https://www.supersummary.com/subscription/confirming/cancel,,Student Experience [July 2025] [25% one-time / No Entry Modal],,08-16-2026,,08-17-2026,08-16-2026,08-16-2026,08-16-2026,,08-16-2026,
Wg8H1Qj_b9f4c61b072fa97e,169tYsVSUSd7j8ltc,,Students; fallback,,,[name],[name],,I didn’t expect to be charged,i_didnt_expect_to_be_charged_2010816994,Not ready to commit to annual membership,not_ready_to_commit_to_annual_membership,,Pricing (Digital),pricing_digital,1,,,u_cfe0b8a42310c734,,,,0,,,Canceled,2026-08-17T01:26:49.000Z,2026-08-17T01:27:14.000Z,2026-08-17T01:27:14.000Z,,31.55,2026-08-17T01:27:55.000Z,cancel,Valid Cancel,monthly,2026-09-16T19:38:56.000Z,2026-09-16T19:38:56.000Z,9.95,9.95,9.95,Brightback,,,,,,,169tYsVSUSd7j8ltc,2026-08-16T19:38:52.000Z,,2026-08-16T19:38:56.000Z,,h_5f7cacf0242f4680,,1,2026-08-16T19:38:56.000Z,USD,u_cfe0b8a42310c734,ACTIVE,h_1efda397c5b7e8e0,[name],,,,2026-08-16T19:38:56.000Z,student,,1,monthly_essentials,2026-08-16T19:38:56.000Z,_UNKNOWN,995,MONTH,,,College,[name],2026-09-16T19:38:56.000Z,,995,,2026-09-16T19:38:56.000Z,2026-08-16T19:38:56.000Z,995,,,,,,Student Experience [July 2025] [25% one-time / No Entry Modal],,08-16-2026,,08-17-2026,08-16-2026,08-16-2026,08-16-2026,,08-16-2026,09-16-2026
Wg8H1KF_b6463db918622389,AzZWMeVSVPxwZ9z6b,,Students; fallback,,,[name],[name],,I didn’t expect to be charged,i_didnt_expect_to_be_charged_2010816994,Not ready to commit to annual membership,not_ready_to_commit_to_annual_membership,,Pricing (Digital),pricing_digital,1,,,u_e20ebeda611fe9e3,,,,0,,,Canceled,2026-08-17T01:20:17.000Z,2026-08-17T01:21:13.000Z,2026-08-17T01:21:14.000Z,,31.55,2026-08-17T01:21:14.000Z,cancel,Valid Cancel,annual,2027-08-16T23:34:37.000Z,2027-08-16T23:34:37.000Z,3.0,3.0,36.0,Brightback,,,,,,,AzZWMeVSVPxwZ9z6b,2026-08-16T23:34:35.000Z,,2026-08-16T23:34:37.000Z,,h_c68a47a82a05ae0c,,1,2026-08-16T23:34:37.000Z,USD,u_e20ebeda611fe9e3,ACTIVE,h_7a62e9bb3bcc7a21,[name],,,,2026-08-16T23:34:37.000Z,student,,1,annual_essentials,2026-08-16T23:34:37.000Z,_UNKNOWN,3600,YEAR,,,High School,[name],2027-08-16T23:34:37.000Z,,300,,2027-08-16T23:34:37.000Z,2026-08-16T23:34:37.000Z,3600,,,,,,Student Experience [July 2025] [25% one-time / No Entry Modal],,08-16-2026,,08-17-2026,08-16-2026,08-16-2026,08-16-2026,,08-16-2026,08-16-2027
Wg8H1Ga_bc055a35bf19962d,16CHQlVS86d493GRW,,Students; fallback,,,[name],[name],,I didn’t expect to be charged,i_didnt_expect_to_be_charged_2010816994,Not ready to commit to annual membership,not_ready_to_commit_to_annual_membership,,Pricing (Digital),pricing_digital,1,,,u_4fdf4b4ef21f8a8d,,,,0,,,Canceled,2026-08-17T01:17:05.000Z,2026-08-17T01:18:15.000Z,2026-08-17T01:18:16.000Z,,31.56,2026-08-17T01:52:43.000Z,cancel,Valid Cancel,annual,2027-08-17T01:23:54.000Z,,5.0,5.0,60.0,Brightback,,,,,,,16CHQlVS86d493GRW,2026-08-12T23:52:47.000Z,,2026-08-12T23:53:33.000Z,,h_ec42aa55a793d594,,1,2026-08-12T23:53:33.000Z,USD,u_4fdf4b4ef21f8a8d,ACTIVE,h_45950d82a1d6d990,[name],,,,2026-08-12T23:53:33.000Z,student,,1,annual_plus,2026-08-12T23:53:33.000Z,_UNKNOWN,6000,YEAR,,,College,[name],2027-08-12T23:53:33.000Z,,500,,2027-08-12T23:53:33.000Z,2026-08-12T23:53:33.000Z,6000,,,,,,Student Experience [July 2025] [25% one-time / No Entry Modal],,08-12-2026,,08-17-2026,08-12-2026,08-12-2026,08-12-2026,,08-12-2026,08-12-2027
Wg8H1f6_946091b2aba9efb9,1730182,,Book Club Members; fallback,,,[name],[name],[name],I didn’t expect to be charged,i_didnt_expect_to_be_charged_2010816994,Not ready to commit to annual membership,not_ready_to_commit_to_annual_membership,,Pricing (Digital),pricing_digital,5,Self analysis,,u_eae2464145d86d95,,,,0,60.0,,Canceled,2026-08-17T01:41:16.000Z,2026-08-17T01:41:56.000Z,2026-08-17T01:41:57.000Z,,31.54,2026-08-17T01:41:57.000Z,cancel,Valid Cancel,annual,2027-08-17T01:34:43.000Z,2027-08-17T01:34:43.000Z,5.0,5.0,60.0,Brightback,,,,,,,1730182,2026-08-17T01:34:40.000Z,,2026-08-17T01:34:43.000Z,,h_86c12f6b2b2b633a,,1,2026-08-17T01:34:43.000Z,USD,u_eae2464145d86d95,ACTIVE,h_647494db3f597ad5,[name],60.0,annual_plus,,2026-08-17T01:34:43.000Z,book_club_member,,1,annual_plus,2026-08-17T01:34:43.000Z,_UNKNOWN,6000,YEAR,annual_plus,,,[name],2027-08-17T01:34:43.000Z,,500,,2027-08-17T01:34:43.000Z,2026-08-17T01:34:43.000Z,6000,[name],,https://www.supersummary.com/subscription,https://www.supersummary.com/subscription/confirming/cancel,,BCM Experience [July 2025] [25% one-time / No Entry Modal],,08-17-2026,,08-17-2026,08-17-2026,08-17-2026,08-17-2026,,08-17-2026,08-17-2027
Wg8GMdU_9abbaf5e636b1b44,AzZWMeVSV8WWb9puF,,Teachers; fallback,,,[name],[name],,I didn’t expect to be charged,i_didnt_expect_to_be_charged_2010816994,Not ready to commit to annual membership,not_ready_to_commit_to_annual_membership,,Pricing (Digital),pricing_digital,1,,,u_17b5d6c2664d9ded,,,,0,,,Canceled,2026-08-16T22:39:36.000Z,2026-08-16T22:40:16.000Z,2026-08-16T22:40:16.000Z,,31.67,2026-08-16T22:40:16.000Z,cancel,Valid Cancel,annual,2027-08-16T22:25:20.000Z,2027-08-16T22:25:20.000Z,5.0,5.0,60.0,Brightback,,,,,,,AzZWMeVSV8WWb9puF,2026-08-16T22:25:18.000Z,,2026-08-16T22:25:20.000Z,,h_a9bc3236af336185,,1,2026-08-16T22:25:20.000Z,USD,u_17b5d6c2664d9ded,ACTIVE,h_158505a5f6b04a35,[name],,,,2026-08-16T22:25:20.000Z,teacher,,1,annual_plus,2026-08-16T22:25:20.000Z,_UNKNOWN,6000,YEAR,,,other,[name],2027-08-16T22:25:20.000Z,,500,,2027-08-16T22:25:20.000Z,2026-08-16T22:25:20.000Z,6000,,,,,,Teacher Experience [July 2025] [40% one-time / Modal],,08-16-2026,,08-16-2026,08-16-2026,08-16-2026,08-16-2026,,08-16-2026,08-16-2027
Wg8GIBP_886079056167ef1f,Azqdy0VSU63FQ8XQ1,,fallback,,,[name],[name],,I didn’t expect to be charged,i_didnt_expect_to_be_charged_2010816994,Not ready to commit to annual membership,not_ready_to_commit_to_annual_membership,,Pricing (Digital),pricing_digital,1,No,,u_b374b8abfa8b7d88,No,,,1,,,Canceled,2026-08-16T18:11:27.000Z,2026-08-16T18:12:03.000Z,2026-08-16T18:12:03.000Z,,31.85,2026-08-16T18:12:03.000Z,cancel,Valid Cancel,annual,2027-08-16T18:09:14.000Z,2027-08-16T18:09:14.000Z,5.0,5.0,60.0,Brightback,,,,,,,Azqdy0VSU63FQ8XQ1,2026-08-16T18:09:13.000Z,,2026-08-16T18:09:14.000Z,,h_44adf94a00a5b040,,1,2026-08-16T18:09:14.000Z,USD,u_b374b8abfa8b7d88,ACTIVE,h_23a96a5e4549e893,[name],,,,2026-08-16T18:09:14.000Z,avid_reader,,1,annual_plus,2026-08-16T18:09:14.000Z,_UNKNOWN,6000,YEAR,,,,[name],2027-08-16T18:09:14.000Z,,500,,2027-08-16T18:09:14.000Z,2026-08-16T18:09:14.000Z,6000,,,,,,Default/Fallback [July 2025] [25% one time / No entry modal],,08-16-2026,,08-16-2026,08-16-2026,08-16-2026,08-16-2026,,08-16-2026,08-16-2027
Wg8GHJm_b610cdf68c60d54d,1287803,,Book Club Members; Annual,,,[name],[name],[name],I didn’t expect to be charged,i_didnt_expect_to_be_charged_2010816994,Not ready to commit to annual membership,not_ready_to_commit_to_annual_membership,,Pricing (Digital),pricing_digital,5,,,u_d465c991c6662b41,,,,0,36.0,,Canceled,2026-08-16T17:19:59.000Z,2026-08-16T17:20:23.000Z,2026-08-16T17:20:23.000Z,,31.89,2026-08-16T17:20:23.000Z,cancel,Valid Cancel,annual,2027-08-16T16:22:21.000Z,2027-08-16T16:22:21.000Z,3.0,3.0,36.0,Brightback,,,,,,,1287803,2025-08-16T16:22:16.000Z,,2025-08-16T16:22:21.000Z,,h_c2f81e6fdb49ca63,,1,2025-08-16T16:22:21.000Z,USD,u_d465c991c6662b41,ACTIVE,h_328577a36c7686c1,[name],36.0,annual,,2026-08-16T16:22:21.000Z,book_club_member,,1,annual,2025-08-16T16:22:21.000Z,_UNKNOWN,3600,YEAR,annual,,,[name],2027-08-16T16:22:21.000Z,,300,,2027-08-16T16:22:21.000Z,2025-08-16T16:22:21.000Z,3600,[name],,https://www.supersummary.com/subscription,https://www.supersummary.com/subscription/confirming/cancel,,BCM Experience [July 2025] [25% one-time / No Entry Modal],,08-16-2025,,08-16-2026,08-16-2025,08-16-2025,08-16-2025,,08-16-2025,08-16-2027
Wg8GGBd_b5983016df66b5d3,6olXJUu3Nw7r9RQE,,Book Club Members; Annual,,,[name],[name],,I didn’t expect to be charged,i_didnt_expect_to_be_charged_2010816994,Not ready to commit to annual membership,not_ready_to_commit_to_annual_membership,,Pricing (Digital),pricing_digital,5,,,u_deabb4e2fb10a060,,,,0,,,Canceled,2026-08-16T16:11:42.000Z,2026-08-16T16:12:04.000Z,2026-08-16T16:12:04.000Z,,31.94,2026-08-16T16:12:04.000Z,cancel,Valid Cancel,annual,2027-08-16T16:09:00.000Z,2027-08-16T16:09:00.000Z,3.0,3.0,36.0,Brightback,,,,,,,6olXJUu3Nw7r9RQE,2025-08-16T16:08:58.000Z,,2025-08-16T16:09:00.000Z,,h_b6e6aefec8e3e2e0,,1,2025-08-16T16:09:00.000Z,USD,u_deabb4e2fb10a060,ACTIVE,h_d56a839978fe9e1a,[name],,,,2026-08-16T16:09:00.000Z,book_club_member,,1,annual,2025-08-16T16:09:00.000Z,_UNKNOWN,3600,YEAR,,,,[name],2027-08-16T16:09:00.000Z,,300,,2027-08-16T16:09:00.000Z,2025-08-16T16:09:00.000Z,3600,,,,,,BCM Experience [July 2025] [25% one-time / No Entry Modal],,08-16-2025,,08-16-2026,08-16-2025,08-16-2025,08-16-2025,,08-16-2025,08-16-2027
Wg8GFBi_a6ef518a7025baba,AzqXHzUtg1AAa2CAw,,Students; Annual,,,[name],[name],,I didn’t expect to be charged,i_didnt_expect_to_be_charged_2010816994,Not ready to commit to annual membership,not_ready_to_commit_to_annual_membership,,Pricing (Digital),pricing_digital,5,,,u_63e83711e387f4db,,,,0,,,Canceled,2026-08-16T15:11:47.000Z,2026-08-16T15:12:23.000Z,2026-08-16T15:12:24.000Z,,31.98,2026-08-16T15:12:24.000Z,cancel,Valid Cancel,annual,2027-08-12T16:14:16.000Z,2027-08-12T16:14:16.000Z,3.0,3.0,36.0,Brightback,,,,,,,AzqXHzUtg1AAa2CAw,2025-08-12T16:14:13.000Z,,2025-08-12T16:14:16.000Z,,h_5de44bc025f6c4f3,,1,2025-08-12T16:14:16.000Z,USD,u_63e83711e387f4db,ACTIVE,h_7d43be64574ab2dc,[name],,,,2026-08-12T16:14:16.000Z,student,,1,annual,2025-08-12T16:14:16.000Z,_UNKNOWN,3600,YEAR,,,College,[name],2027-08-12T16:14:16.000Z,,300,,2027-08-12T16:14:16.000Z,2025-08-12T16:14:16.000Z,3600,,,,,,Student Experience [July 2025] [25% one-time / No Entry Modal],,08-12-2025,,08-16-2026,08-12-2025,08-12-2025,08-12-2025,,08-12-2025,08-12-2027
Wg8G7DP_89b3d33a8127e5ed,1281573,,Students; Annual,,,[name],[name],[name],I didn’t expect to be charged,i_didnt_expect_to_be_charged_2010816994,Not ready to commit to annual membership,not_ready_to_commit_to_annual_membership,,Pricing (Digital),pricing_digital,2,,,u_e9856c987dc1bfbc,,,,0,36.0,,Canceled,2026-08-16T07:14:20.000Z,2026-08-16T07:14:55.000Z,2026-08-16T07:14:55.000Z,,32.31,2026-08-16T07:14:55.000Z,cancel,Valid Cancel,annual,2027-08-10T23:47:26.000Z,2027-08-10T23:47:26.000Z,3.0,3.0,36.0,Brightback,,,,,,,1281573,2025-08-10T23:47:24.000Z,,2025-08-10T23:47:26.000Z,,h_bcba1add9b73eff9,,1,2025-08-10T23:47:26.000Z,USD,u_e9856c987dc1bfbc,ACTIVE,h_e79b206b477be428,[name],36.0,annual,,2026-08-10T23:47:26.000Z,student,,1,annual,2025-08-10T23:47:26.000Z,_UNKNOWN,3600,YEAR,annual,,Postgrad Program,[name],2027-08-10T23:47:26.000Z,,300,,2027-08-10T23:47:26.000Z,2025-08-10T23:47:26.000Z,3600,[name],,https://www.supersummary.com/subscription,https://www.supersummary.com/subscription/confirming/cancel,,Student Experience [July 2025] [25% one-time / No Entry Modal],,08-10-2025,,08-16-2026,08-10-2025,08-10-2025,08-10-2025,,08-10-2025,08-10-2027
Wg8G5qT_910aee0f5bd918fd,16BPQlVSR4dCw7aq1,,fallback,,,[name],[name],,I didn’t expect to be charged,i_didnt_expect_to_be_charged_2010816994,Not ready to commit to annual membership,not_ready_to_commit_to_annual_membership,,Pricing (Digital),pricing_digital,2,,,u_b7a8773ed8540870,,,,0,,,Canceled,2026-08-16T05:52:34.000Z,2026-08-16T05:53:48.000Z,2026-08-16T05:53:48.000Z,,32.37,2026-08-16T05:53:48.000Z,cancel,Valid Cancel,annual,2027-08-16T05:44:47.000Z,2027-08-16T05:44:47.000Z,5.0,5.0,60.0,Brightback,,,,,,,16BPQlVSR4dCw7aq1,2026-08-16T05:44:46.000Z,,2026-08-16T05:44:47.000Z,,h_751ccbd487f4ee93,,1,2026-08-16T05:44:47.000Z,USD,u_b7a8773ed8540870,ACTIVE,h_19cdbad22e934a4b,[name],,,,2026-08-16T05:44:47.000Z,avid_reader,,1,annual_plus,2026-08-16T05:44:47.000Z,_UNKNOWN,6000,YEAR,,,,[name],2027-08-16T05:44:47.000Z,,500,,2027-08-16T05:44:47.000Z,2026-08-16T05:44:47.000Z,6000,,,,,,Default/Fallback [July 2025] [25% one time / No entry modal],,08-16-2026,,08-16-2026,08-16-2026,08-16-2026,08-16-2026,,08-16-2026,08-16-2027
Wg8G3h8_a185389bfb06bd64,1554395,,Book Club Members; fallback,,,[name],[name],[name],I didn’t expect to be charged,i_didnt_expect_to_be_charged_2010816994,Not ready to commit to annual membership,not_ready_to_commit_to_annual_membership,,Pricing (Digital),pricing_digital,5,,,u_2fadb314d58508fb,,,,0,9.95,,Canceled,2026-08-16T03:43:14.000Z,2026-08-16T03:43:45.000Z,2026-08-16T03:43:45.000Z,,32.46,2026-08-16T03:43:45.000Z,cancel,Valid Cancel,monthly,2026-09-11T17:15:11.000Z,2026-09-11T17:15:11.000Z,9.95,9.95,9.95,Brightback,,,,,,,1554395,2026-03-11T17:15:08.000Z,,2026-03-11T17:15:11.000Z,,h_10726c1e45be4ce3,,1,2026-03-11T17:15:11.000Z,USD,u_2fadb314d58508fb,ACTIVE,h_d4f0c364640c9ac0,[name],9.95,monthly_essentials,,2026-08-11T17:15:11.000Z,book_club_member,,1,monthly_essentials,2026-03-11T17:15:11.000Z,_UNKNOWN,995,MONTH,monthly_essentials,,,[name],2026-09-11T17:15:11.000Z,,995,,2026-09-11T17:15:11.000Z,2026-03-11T17:15:11.000Z,995,[name],,https://www.supersummary.com/subscription,https://www.supersummary.com/subscription/confirming/cancel,,BCM Experience [July 2025] [25% one-time / No Entry Modal],,03-11-2026,,08-16-2026,03-11-2026,03-11-2026,03-11-2026,,03-11-2026,09-11-2026
Wg8G1cZ_8dc921f5473d666b,6opbHVMfKrUG38nJ,,Students; fallback,,,[name],[name],,I didn’t expect to be charged,i_didnt_expect_to_be_charged_2010816994,Not ready to commit to annual membership,not_ready_to_commit_to_annual_membership,,Pricing (Digital),pricing_digital,1,,,u_7d71bfafa7bb663d,,,,0,,,Canceled,2026-08-16T01:38:40.000Z,2026-08-16T01:39:25.000Z,2026-08-16T01:39:25.000Z,,32.54,2026-08-16T01:39:25.000Z,cancel,Valid Cancel,monthly,2026-09-16T01:23:47.000Z,2026-09-16T01:23:47.000Z,16.65,16.65,16.65,Brightback,,,,,,,6opbHVMfKrUG38nJ,2026-06-16T01:23:46.000Z,,2026-06-16T01:23:47.000Z,,h_3ef0676765a2b1f6,,1,2026-06-16T01:23:47.000Z,USD,u_7d71bfafa7bb663d,ACTIVE,h_3c660f4a48b3cd3c,[name],,,,2026-08-16T01:23:47.000Z,student,,1,monthly_plus,2026-06-16T01:23:47.000Z,_UNKNOWN,1665,MONTH,,,Middle School,[name],2026-09-16T01:23:47.000Z,,1665,,2026-09-16T01:23:47.000Z,2026-06-16T01:23:47.000Z,1665,,,,,,Student Experience [July 2025] [25% one-time / No Entry Modal],,06-16-2026,,08-16-2026,06-16-2026,06-16-2026,06-16-2026,,06-16-2026,09-16-2026
Wg8FM6r_8f11704481b92886,1729010,,Teachers; fallback,,,[name],[name],[name],I didn’t expect to be charged,i_didnt_expect_to_be_charged_2010816994,Not ready to commit to annual membership,not_ready_to_commit_to_annual_membership,,Pricing (Digital),pricing_digital,1,,,u_91002d49ce1b86fe,,,,0,60.0,,Canceled,2026-08-15T22:07:06.000Z,2026-08-15T22:08:05.000Z,2026-08-15T22:08:05.000Z,,32.69,2026-08-15T22:08:05.000Z,cancel,Valid Cancel,annual,2027-08-15T22:02:33.000Z,2027-08-15T22:02:33.000Z,5.0,5.0,60.0,Brightback,,,,,,,1729010,2026-08-15T22:02:32.000Z,,2026-08-15T22:02:33.000Z,,h_50d79f6de608b527,,1,2026-08-15T22:02:33.000Z,USD,u_91002d49ce1b86fe,ACTIVE,h_e8b24b895dd16580,[name],60.0,annual_plus,,2026-08-15T22:02:33.000Z,teacher,,1,annual_plus,2026-08-15T22:02:33.000Z,_UNKNOWN,6000,YEAR,annual_plus,,Middle School,[name],2027-08-15T22:02:33.000Z,,500,,2027-08-15T22:02:33.000Z,2026-08-15T22:02:33.000Z,6000,[name],,https://www.supersummary.com/subscription,https://www.supersummary.com/subscription/confirming/cancel,,Teacher Experience [July 2025] [40% one-time / Modal],,08-15-2026,,08-15-2026,08-15-2026,08-15-2026,08-15-2026,,08-15-2026,08-15-2027
Wg8FIgp_b5aa54e29dc9d851,16CK91Uty9SMS6Yja,,fallback,,,[name],[name],,I didn’t expect to be charged,i_didnt_expect_to_be_charged_2010816994,Not ready to commit to annual membership,not_ready_to_commit_to_annual_membership,,Pricing (Digital),pricing_digital,1,,,u_dea96449c085329a,,,,0,,,Canceled,2026-08-15T18:42:55.000Z,2026-08-15T18:43:14.000Z,2026-08-15T18:43:15.000Z,,32.83,2026-08-15T18:43:15.000Z,cancel,Valid Cancel,annual,2027-08-15T18:40:07.000Z,2027-08-15T18:40:07.000Z,3.0,3.0,36.0,Brightback,,,,,,,16CK91Uty9SMS6Yja,2025-08-15T18:40:06.000Z,,2025-08-15T18:40:07.000Z,,h_29f2e7061dc1c2fd,,1,2025-08-15T18:40:07.000Z,USD,u_dea96449c085329a,ACTIVE,h_eccb58cf7aaa0352,[name],,,,2026-08-15T18:40:07.000Z,other,,1,annual,2025-08-15T18:40:07.000Z,_UNKNOWN,3600,YEAR,,,,[name],2027-08-15T18:40:07.000Z,,300,,2027-08-15T18:40:07.000Z,2025-08-15T18:40:07.000Z,3600,,,,,,Default/Fallback [July 2025] [25% one time / No entry modal],,08-15-2025,,08-15-2026,08-15-2025,08-15-2025,08-15-2025,,08-15-2025,08-15-2027
Wg8FEv3_8932860888974944,AzyWVAUtvY7zT4dy3,,Students; Annual,,,[name],[name],,I didn’t expect to be charged,i_didnt_expect_to_be_charged_2010816994,Not ready to commit to annual membership,not_ready_to_commit_to_annual_membership,,Pricing (Digital),pricing_digital,5,,,u_a2e15959c9fe1cbc,,,,0,,,Canceled,2026-08-15T14:57:06.000Z,2026-08-15T14:57:27.000Z,2026-08-15T14:57:27.000Z,,32.99,2026-08-15T14:57:27.000Z,cancel,Valid Cancel,annual,2027-08-15T07:59:18.000Z,2027-08-15T07:59:18.000Z,3.0,3.0,36.0,Brightback,,,,,,,AzyWVAUtvY7zT4dy3,2025-08-15T07:59:15.000Z,,2025-08-15T07:59:18.000Z,,h_1be573129e27f1c4,,1,2025-08-15T07:59:18.000Z,USD,u_a2e15959c9fe1cbc,ACTIVE,h_c79181bb1e43a70a,[name],,,,2026-08-15T07:59:18.000Z,student,,1,annual,2025-08-15T07:59:18.000Z,_UNKNOWN,3600,YEAR,,,College,[name],2027-08-15T07:59:18.000Z,,300,,2027-08-15T07:59:18.000Z,2025-08-15T07:59:18.000Z,3600,,,,,,Student Experience [July 2025] [25% one-time / No Entry Modal],,08-15-2025,,08-15-2026,08-15-2025,08-15-2025,08-15-2025,,08-15-2025,08-15-2027
Wg8FDoZ_9ed548f994ec7903,235236,,Students; Annual,Student: 25% One Time,,[name],[name],[name],I didn’t expect to be charged,i_didnt_expect_to_be_charged_2010816994,Not ready to commit to annual membership,not_ready_to_commit_to_annual_membership,,Pricing (Digital),pricing_digital,1,,,u_a008408bbde5c9bc,,,,0,36.0,,Canceled,2026-08-15T13:50:55.000Z,2026-08-15T13:51:42.000Z,2026-08-15T13:51:43.000Z,,33.03,2026-08-15T13:51:43.000Z,cancel,Valid Cancel,annual,2027-08-11T01:52:42.000Z,2027-08-11T01:52:42.000Z,2.25,2.25,36.0,Brightback,,,,,,,235236,2022-08-11T01:52:40.000Z,,2022-08-11T01:52:42.000Z,,h_48f50911897f7817,,1,2022-08-11T01:52:42.000Z,USD,u_a008408bbde5c9bc,ACTIVE,h_27f9fbc72ec15b75,[name],36.0,annual,,2026-08-11T01:52:42.000Z,student,,1,annual,2022-08-11T01:52:42.000Z,_UNKNOWN,3600,YEAR,annual,,High School,[name],2027-08-11T01:52:42.000Z,,300,,2027-08-11T01:52:42.000Z,2022-08-11T01:52:42.000Z,3600,[name],,https://www.supersummary.com/subscription,https://www.supersummary.com/subscription/confirming/cancel,,Student Experience [July 2025] [25% one-time / No Entry Modal],,08-11-2022,,08-15-2026,08-11-2022,08-11-2022,08-11-2022,,08-11-2022,08-11-2027
Wg8FCXA_959bed3a7343aa67,482266,,Teachers; fallback,,,[name],[name],[name],I didn’t expect to be charged,i_didnt_expect_to_be_charged_2010816994,Not ready to commit to annual membership,not_ready_to_commit_to_annual_membership,,Pricing (Digital),pricing_digital,8,,,u_251692fcd1db7efc,,,,0,60.0,,Canceled,2026-08-15T12:33:14.000Z,2026-08-15T12:33:35.000Z,2026-08-15T12:33:35.000Z,,33.09,2026-08-15T12:33:35.000Z,cancel,Valid Cancel,annual,2027-08-15T11:56:18.000Z,2027-08-15T11:56:18.000Z,5.0,5.0,60.0,Brightback,,,,,,,482266,2026-08-15T11:56:17.000Z,,2026-08-15T11:56:18.000Z,,h_e2b9611acbf0058a,,1,2026-08-15T11:56:18.000Z,USD,u_251692fcd1db7efc,ACTIVE,h_9a80a2d1664d381a,[name],60.0,annual_plus,,2026-08-15T11:56:18.000Z,teacher,,1,annual_plus,2026-08-15T11:56:18.000Z,_UNKNOWN,6000,YEAR,annual_plus,,High School,[name],2027-08-15T11:56:18.000Z,,500,,2027-08-15T11:56:18.000Z,2026-08-15T11:56:18.000Z,6000,[name],,https://www.supersummary.com/subscription,https://www.supersummary.com/subscription/confirming/cancel,,Teacher Experience [July 2025] [40% one-time / Modal],,08-15-2026,,08-15-2026,08-15-2026,08-15-2026,08-15-2026,,08-15-2026,08-15-2027
Wg8F9t1_a54c01bbc76d3d6f,16BRIQVSLxjxT4aSZ,,fallback,,,[name],[name],,I didn’t expect to be charged,i_didnt_expect_to_be_charged_2010816994,Not ready to commit to annual membership,not_ready_to_commit_to_annual_membership,,Pricing (Digital),pricing_digital,7,,,u_3173974037685fe0,,,,0,,,Canceled,2026-08-15T09:55:03.000Z,2026-08-15T09:55:36.000Z,2026-08-15T09:55:36.000Z,,33.2,2026-08-15T09:55:36.000Z,cancel,Valid Cancel,annual,2027-08-15T08:46:03.000Z,2027-08-15T08:46:03.000Z,5.0,5.0,60.0,Brightback,,,,,,,16BRIQVSLxjxT4aSZ,2026-08-15T08:46:00.000Z,,2026-08-15T08:46:03.000Z,,h_46cb02ef902ec8e7,,1,2026-08-15T08:46:03.000Z,USD,u_3173974037685fe0,ACTIVE,h_bc5757092798896b,[name],,,,2026-08-15T08:46:03.000Z,avid_reader,,1,annual_plus,2026-08-15T08:46:03.000Z,_UNKNOWN,6000,YEAR,,,,[name],2027-08-15T08:46:03.000Z,,500,,2027-08-15T08:46:03.000Z,2026-08-15T08:46:03.000Z,6000,,,,,,Default/Fallback [July 2025] [25% one time / No entry modal],,08-15-2026,,08-15-2026,08-15-2026,08-15-2026,08-15-2026,,08-15-2026,08-15-2027
Wg8F82c_9bd5244ed58c71c4,16BjlKVPQVy7Lfsk,,Parents; fallback,,,[name],[name],,I didn’t expect to be charged,i_didnt_expect_to_be_charged_2010816994,Not ready to commit to annual membership,not_ready_to_commit_to_annual_membership,,Pricing (Digital),pricing_digital,4,,,u_a3dd708eee5c235a,,,,0,,,Canceled,2026-08-15T08:02:44.000Z,2026-08-15T08:03:07.000Z,2026-08-15T08:03:08.000Z,,33.28,2026-08-15T08:03:08.000Z,cancel,Valid Cancel,monthly,2026-09-15T08:00:27.000Z,2026-09-15T08:00:27.000Z,9.95,9.95,9.95,Brightback,,,,,,,16BjlKVPQVy7Lfsk,2026-07-15T07:58:25.000Z,,2026-07-15T08:00:27.000Z,,h_e1643b85ae97de3c,,1,2026-07-15T08:00:27.000Z,USD,u_a3dd708eee5c235a,ACTIVE,h_fa6d6abe5da74174,[name],,,,2026-08-15T08:00:27.000Z,parent_of_student,,1,monthly_essentials,2026-07-15T08:00:27.000Z,_UNKNOWN,995,MONTH,,,Middle School,[name],2026-09-15T08:00:27.000Z,,995,,2026-09-15T08:00:27.000Z,2026-07-15T08:00:27.000Z,995,,,,,,Parent Experience [July 2025] [25% one-time / No Entry Modal],,07-15-2026,,08-15-2026,07-15-2026,07-15-2026,07-15-2026,,07-15-2026,09-15-2026
Wg8F6Zu_ae13acdf764cccfd,Azq9S5Tqj4tMmD9z2,,Parents; Annual,,,[name],[name],,I didn’t expect to be charged,i_didnt_expect_to_be_charged_2010816994,Not ready to commit to annual membership,not_ready_to_commit_to_annual_membership,,Pricing (Digital),pricing_digital,8,,,u_bd9743f1207401e1,,,,0,,,Canceled,2026-08-15T06:36:02.000Z,2026-08-15T06:36:49.000Z,2026-08-15T06:36:49.000Z,,33.34,2026-08-15T06:36:49.000Z,cancel,Valid Cancel,annual,2027-08-13T17:52:39.000Z,,3.0,3.0,36.0,Brightback,,,,,,,Azq9S5Tqj4tMmD9z2,2023-09-01T18:16:20.000Z,,2023-09-23T23:30:40.000Z,,h_e593e0057f55d028,,1,2025-08-13T17:52:39.000Z,USD,u_bd9743f1207401e1,ACTIVE,h_5ba5422c579610e0,[name],,,,2026-08-13T17:52:39.000Z,parent_of_student,,1,annual,2023-09-23T23:30:40.000Z,_UNKNOWN,3600,YEAR,,,other,[name],2027-08-13T17:52:39.000Z,,300,,2027-08-13T17:52:39.000Z,2023-09-23T23:30:40.000Z,3600,,,,,,Parent Experience [July 2025] [25% one-time / Modal],,09-23-2023,,08-15-2026,08-13-2025,09-23-2023,09-01-2023,,09-23-2023,08-13-2027
Wg8F1AV_b32e19b78883277b,16A6JOVSJMbKT2ruI,,fallback,,,[name],[name],,I didn’t expect to be charged,i_didnt_expect_to_be_charged_2010816994,Not ready to commit to annual membership,not_ready_to_commit_to_annual_membership,,Pricing (Digital),pricing_digital,3,,,u_e41fa3508cd156f3,,,,0,,,Canceled,2026-08-15T01:10:33.000Z,2026-08-15T01:10:57.000Z,2026-08-15T01:10:57.000Z,,33.56,2026-08-15T01:10:57.000Z,cancel,Valid Cancel,annual,2027-08-14T22:05:59.000Z,2027-08-14T22:05:59.000Z,3.0,3.0,36.0,Brightback,,,,,,,16A6JOVSJMbKT2ruI,2026-08-14T22:05:58.000Z,,2026-08-14T22:05:59.000Z,,h_85ec4b428a234612,,1,2026-08-14T22:05:59.000Z,USD,u_e41fa3508cd156f3,ACTIVE,h_5674971166f2fe3a,[name],,,,2026-08-14T22:05:59.000Z,avid_reader,,1,annual_essentials,2026-08-14T22:05:59.000Z,_UNKNOWN,3600,YEAR,,,,[name],2027-08-14T22:05:59.000Z,,300,,2027-08-14T22:05:59.000Z,2026-08-14T22:05:59.000Z,3600,,,,,,Default/Fallback [July 2025] [25% one time / No entry modal],,08-14-2026,,08-15-2026,08-14-2026,08-14-2026,08-14-2026,,08-14-2026,08-14-2027
Wg8F13T_907135f39778bcb3,16BRIQVSK4wWX3XUm,,Parents; fallback,,,[name],[name],,I didn’t expect to be charged,i_didnt_expect_to_be_charged_2010816994,Not ready to commit to annual membership,not_ready_to_commit_to_annual_membership,,Pricing (Digital),pricing_digital,1,,,u_1541149b89310216,,,,0,,,Canceled,2026-08-15T01:03:34.000Z,2026-08-15T01:03:58.000Z,2026-08-15T01:03:58.000Z,,33.57,2026-08-15T01:03:58.000Z,cancel,Valid Cancel,annual,2027-08-15T01:02:07.000Z,2027-08-15T01:02:07.000Z,5.0,5.0,60.0,Brightback,,,,,,,16BRIQVSK4wWX3XUm,2026-08-15T01:02:06.000Z,,2026-08-15T01:02:07.000Z,,h_6541627437bd2921,,1,2026-08-15T01:02:07.000Z,USD,u_1541149b89310216,ACTIVE,h_7680dda6b06ae716,[name],,,,2026-08-15T01:02:07.000Z,parent_of_student,,1,annual_plus,2026-08-15T01:02:07.000Z,_UNKNOWN,6000,YEAR,,,Middle School,[name],2027-08-15T01:02:07.000Z,,500,,2027-08-15T01:02:07.000Z,2026-08-15T01:02:07.000Z,6000,,,,,,Parent Experience [July 2025] [25% one-time / No Entry Modal],,08-15-2026,,08-15-2026,08-15-2026,08-15-2026,08-15-2026,,08-15-2026,08-15-2027
Wg8F0k6_90ea5de63cbf6ef8,AzZVOkVSK0Qzf3FpE,,Parents; fallback,,,[name],[name],,I didn’t expect to be charged,i_didnt_expect_to_be_charged_2010816994,Not ready to commit to annual membership,not_ready_to_commit_to_annual_membership,,Pricing (Digital),pricing_digital,6,The book I’m reading,,u_d7a09220870445fb,Not charge me immediately. It said free 7 day trial,,,1,,,Canceled,2026-08-15T00:46:11.000Z,2026-08-15T00:47:19.000Z,2026-08-15T00:47:19.000Z,,33.58,2026-08-15T00:47:19.000Z,cancel,Valid Cancel,annual,2027-08-15T00:44:12.000Z,2027-08-15T00:44:12.000Z,5.0,5.0,60.0,Brightback,,,,,,,AzZVOkVSK0Qzf3FpE,2026-08-15T00:44:11.000Z,,2026-08-15T00:44:12.000Z,,h_e484389da92a338c,,1,2026-08-15T00:44:12.000Z,USD,u_d7a09220870445fb,ACTIVE,h_d6e01b5d4c32a01d,[name],,,,2026-08-15T00:44:12.000Z,parent_of_student,,1,annual_plus,2026-08-15T00:44:12.000Z,_UNKNOWN,6000,YEAR,,,Middle School,[name],2027-08-15T00:44:12.000Z,,500,,2027-08-15T00:44:12.000Z,2026-08-15T00:44:12.000Z,6000,,,,,,Parent Experience [July 2025] [25% one-time / No Entry Modal],,08-15-2026,,08-15-2026,08-15-2026,08-15-2026,08-15-2026,,08-15-2026,08-15-2027
Wg8F0jt_b2ebeebd993bc4a5,1728397,,Parents; fallback,,,[name],[name],[name],I didn’t expect to be charged,i_didnt_expect_to_be_charged_2010816994,Not ready to commit to annual membership,not_ready_to_commit_to_annual_membership,,Pricing (Digital),pricing_digital,5,Nothing,,u_d7a09220870445fb,Don’t charge for a full year when it said 7 day free trial,,,1,60.0,,Canceled,2026-08-15T01:15:02.000Z,2026-08-15T01:17:24.000Z,2026-08-15T01:17:24.000Z,,33.56,2026-08-15T01:17:24.000Z,cancel,Valid Cancel,annual,2027-08-15T00:44:12.000Z,,5.0,5.0,60.0,Brightback,,,,,,,1728397,2026-08-15T00:44:11.000Z,,2026-08-15T00:44:12.000Z,,h_e484389da92a338c,,1,2026-08-15T00:44:12.000Z,USD,u_d7a09220870445fb,ACTIVE,h_d6e01b5d4c32a01d,[name],60.0,annual_plus,,2026-08-15T00:44:12.000Z,parent_of_student,,1,annual_plus,2026-08-15T00:44:12.000Z,_UNKNOWN,6000,YEAR,annual_plus,,Middle School,[name],2027-08-15T00:44:12.000Z,,500,,2027-08-15T00:44:12.000Z,2026-08-15T00:44:12.000Z,6000,[name],,https://www.supersummary.com/subscription,https://www.supersummary.com/subscription/confirming/cancel,,Parent Experience [July 2025] [25% one-time / No Entry Modal],,08-15-2026,,08-15-2026,08-15-2026,08-15-2026,08-15-2026,,08-15-2026,08-15-2027
Wg8EL8H_86bc6544dcfd17e3,203771,,fallback,,,[name],[name],[name],I didn’t expect to be charged,i_didnt_expect_to_be_charged_2010816994,Not ready to commit to annual membership,not_ready_to_commit_to_annual_membership,,Pricing (Digital),pricing_digital,1,,,u_bb62f1a854931307,,,,0,36.0,,Canceled,2026-08-14T21:08:39.000Z,2026-08-14T21:09:25.000Z,2026-08-14T21:09:25.000Z,,33.73,2026-08-14T21:09:25.000Z,cancel,Valid Cancel,annual,2027-08-14T19:10:07.000Z,2027-08-14T19:10:07.000Z,3.0,3.0,36.0,Brightback,,,,,,,203771,2022-05-17T00:24:25.000Z,,2023-08-14T19:10:07.000Z,,h_4c17262afd4385ae,,1,2023-08-14T19:10:07.000Z,USD,u_bb62f1a854931307,ACTIVE,h_3b84dcf192015833,[name],36.0,annual,,2026-08-14T19:10:07.000Z,other,,1,annual,2023-08-14T19:10:07.000Z,_UNKNOWN,3600,YEAR,annual,,,[name],2027-08-14T19:10:07.000Z,,300,,2027-08-14T19:10:07.000Z,2023-08-14T19:10:07.000Z,3600,[name],,https://www.supersummary.com/subscription,https://www.supersummary.com/subscription/confirming/cancel,,Default/Fallback [July 2025] [25% one time / No entry modal],,08-14-2023,,08-14-2026,08-14-2023,08-14-2023,05-17-2022,,08-14-2023,08-14-2027
Wg8ECFN_a643c421ef43986c,AzZnAgUtqcduG1MPO,,Teachers; Annual,,,[name],[name],,I didn’t expect to be charged,i_didnt_expect_to_be_charged_2010816994,Not ready to commit to annual membership,not_ready_to_commit_to_annual_membership,,Pricing (Digital),pricing_digital,1,,,u_7c484a5f57629033,,,,0,,,Canceled,2026-08-14T12:15:24.000Z,2026-08-14T12:15:59.000Z,2026-08-14T12:16:00.000Z,,34.1,2026-08-14T12:16:00.000Z,cancel,Valid Cancel,annual,2027-08-14T11:45:52.000Z,2027-08-14T11:45:52.000Z,1.8,1.8,36.0,Brightback,,,,,,,AzZnAgUtqcduG1MPO,2025-07-30T15:54:06.000Z,,2025-08-14T11:45:52.000Z,,h_fa2122491dbd468d,,1,2025-08-14T11:45:52.000Z,USD,u_7c484a5f57629033,ACTIVE,h_163c925bc98cd9d7,[name],,,,2026-08-14T11:45:52.000Z,teacher,,1,annual,2025-08-14T11:45:52.000Z,_UNKNOWN,3600,YEAR,,7ldb9lCl3Zq,Middle School,[name],2027-08-14T11:45:52.000Z,,180,,2027-08-14T11:45:52.000Z,2025-08-14T11:45:52.000Z,3600,,,,,,Teacher Experience [July 2025] [40% one-time / Modal],,08-14-2025,,08-14-2026,08-14-2025,08-14-2025,07-30-2025,,08-14-2025,08-14-2027
Wg8EBol_839a9104955ffa0b,AzqVIjUteZH9Q12ZY,,Teachers; Annual,,,[name],[name],,I didn’t expect to be charged,i_didnt_expect_to_be_charged_2010816994,Not ready to commit to annual membership,not_ready_to_commit_to_annual_membership,,Pricing (Digital),pricing_digital,1,,,u_09f79914524ce6ae,,,,0,,,Canceled,2026-08-14T11:50:49.000Z,2026-08-14T11:51:43.000Z,2026-08-14T12:18:21.000Z,,34.12,2026-08-14T12:18:21.000Z,cancel,Valid Cancel,annual,2027-08-12T10:17:14.000Z,2027-08-12T10:17:14.000Z,3.0,3.0,36.0,Brightback,,,,,,,AzqVIjUteZH9Q12ZY,2025-08-12T10:17:10.000Z,,2025-08-12T10:17:14.000Z,,h_a1fb8cc3440eb9f1,,1,2025-08-12T10:17:14.000Z,USD,u_09f79914524ce6ae,ACTIVE,h_5a2a6ead14c51e39,[name],,,,2026-08-12T10:17:14.000Z,teacher,,1,annual,2025-08-12T10:17:14.000Z,_UNKNOWN,3600,YEAR,,,High School,[name],2027-08-12T10:17:14.000Z,,300,,2027-08-12T10:17:14.000Z,2025-08-12T10:17:14.000Z,3600,,,,,,Teacher Experience [July 2025] [40% one-time / Modal],,08-12-2025,,08-14-2026,08-12-2025,08-12-2025,08-12-2025,,08-12-2025,08-12-2027
Wg8EBj3_bb7d1b8fcf000329,AzypQ8VDlMNvr2QkL,,Book Club Members; fallback,,,[name],[name],,I didn’t expect to be charged,i_didnt_expect_to_be_charged_2010816994,Not ready to commit to annual membership,not_ready_to_commit_to_annual_membership,,Pricing (Digital),pricing_digital,1,,,u_76d059aa20d24522,,,,0,,,Canceled,2026-08-14T11:45:05.000Z,2026-08-14T11:45:32.000Z,2026-08-14T11:45:32.000Z,,34.12,2026-08-14T11:45:32.000Z,cancel,Valid Cancel,monthly,2026-09-13T15:47:32.000Z,2026-09-13T15:47:32.000Z,16.65,16.65,16.65,Brightback,,,,1,16.65,2026-08-14T15:47:36.000Z,AzypQ8VDlMNvr2QkL,2026-03-13T15:47:31.000Z,,2026-03-13T15:47:32.000Z,,h_c857976e5271431d,,1,2026-03-13T15:47:32.000Z,USD,u_76d059aa20d24522,ACTIVE,h_3af8e1412ab9c195,[name],,,,2026-08-13T15:47:32.000Z,book_club_member,,1,monthly_plus,2026-03-13T15:47:32.000Z,_UNKNOWN,1665,MONTH,,,,[name],2026-09-13T15:47:32.000Z,,1665,,2026-09-13T15:47:32.000Z,2026-03-13T15:47:32.000Z,1665,,,,,,BCM Experience [July 2025] [25% one-time / No Entry Modal],,03-13-2026,,08-14-2026,03-13-2026,03-13-2026,03-13-2026,,03-13-2026,09-13-2026
Wg8E3qc_9a387ff91fab1b3a,AzycIdUtmKAex2qLG,,Students; Annual,,,[name],[name],,I didn’t expect to be charged,i_didnt_expect_to_be_charged_2010816994,Not ready to commit to annual membership,not_ready_to_commit_to_annual_membership,,Pricing (Digital),pricing_digital,1,,,u_d7cef73a1618f383,,,,0,,,Canceled,2026-08-14T03:53:00.000Z,2026-08-14T03:53:21.000Z,2026-08-14T03:53:22.000Z,,34.45,2026-08-14T03:53:22.000Z,cancel,Valid Cancel,annual,2027-08-13T18:07:24.000Z,2027-08-13T18:07:24.000Z,3.0,3.0,36.0,Brightback,,,,,,,AzycIdUtmKAex2qLG,2025-08-13T18:07:22.000Z,,2025-08-13T18:07:24.000Z,,h_a7f21286aee79b27,,1,2025-08-13T18:07:24.000Z,USD,u_d7cef73a1618f383,ACTIVE,h_c10167f4d91668d8,[name],,,,2026-08-13T18:07:24.000Z,student,,1,annual,2025-08-13T18:07:24.000Z,_UNKNOWN,3600,YEAR,,,College,[name],2027-08-13T18:07:24.000Z,,300,,2027-08-13T18:07:24.000Z,2025-08-13T18:07:24.000Z,3600,,,,,,Student Experience [July 2025] [25% one-time / No Entry Modal],,08-13-2025,,08-14-2026,08-13-2025,08-13-2025,08-13-2025,,08-13-2025,08-13-2027
Wg8E0pq_8185c308ea628390,801160,,Students; fallback,,,[name],[name],[name],I didn’t expect to be charged,i_didnt_expect_to_be_charged_2010816994,Not ready to commit to annual membership,not_ready_to_commit_to_annual_membership,,Pricing (Digital),pricing_digital,2,,,u_9e505020e961b982,Not advertised the subscription as including a free trial or being a monthly payment and then charging me $50. I will be Requesting my 7 days money back,,,1,36.0,,Canceled,2026-08-14T00:52:02.000Z,2026-08-14T00:53:23.000Z,2026-08-14T00:53:24.000Z,,34.57,2026-08-14T00:53:24.000Z,cancel,Valid Cancel,annual,2027-08-14T00:29:26.000Z,2027-08-14T00:29:26.000Z,3.0,3.0,36.0,Brightback,,,,,,,801160,2024-11-11T07:02:16.000Z,,2026-08-14T00:29:26.000Z,,h_7d1673ae8298b0e6,,1,2026-08-14T00:29:26.000Z,USD,u_9e505020e961b982,ACTIVE,h_5ce74a49b3bb369e,[name],36.0,annual_essentials,,2026-08-14T00:29:26.000Z,student,,1,annual_essentials,2026-08-14T00:29:26.000Z,_UNKNOWN,3600,YEAR,annual_essentials,,College,[name],2027-08-14T00:29:26.000Z,,300,,2027-08-14T00:29:26.000Z,2026-08-14T00:29:26.000Z,3600,[name],,https://www.supersummary.com/subscription,https://www.supersummary.com/subscription/confirming/cancel,,Student Experience [July 2025] [25% one-time / No Entry Modal],,08-14-2026,,08-14-2026,08-14-2026,08-14-2026,11-11-2024,,08-14-2026,08-14-2027
Wg8E0KZ_b2b0bac3cf8a95e5,16CVCHTmrAKb53VuF,,Parents; Annual,,,[name],[name],,I didn’t expect to be charged,i_didnt_expect_to_be_charged_2010816994,Not ready to commit to annual membership,not_ready_to_commit_to_annual_membership,,Pricing (Digital),pricing_digital,1,,,u_894901a0bf9b991f,,,,0,,,Canceled,2026-08-14T00:20:39.000Z,2026-08-14T00:21:08.000Z,2026-08-14T10:02:11.000Z,,34.6,2026-08-14T10:02:11.000Z,cancel,Valid Cancel,annual,2027-08-13T22:46:56.000Z,2027-08-13T22:46:56.000Z,3.0,3.0,36.0,Brightback,,,,,,,16CVCHTmrAKb53VuF,2023-08-13T22:46:54.000Z,,2023-08-13T22:46:56.000Z,,h_5a1649026e7c2799,,1,2023-08-13T22:46:56.000Z,USD,u_894901a0bf9b991f,ACTIVE,h_a428e3ba364dcf68,[name],,,,2026-08-13T22:46:56.000Z,parent_of_student,,1,annual,2023-08-13T22:46:56.000Z,_UNKNOWN,3600,YEAR,,,Middle School,[name],2027-08-13T22:46:56.000Z,,300,,2027-08-13T22:46:56.000Z,2023-08-13T22:46:56.000Z,3600,,,,,,Parent Experience [July 2025] [25% one-time / Modal],,08-13-2023,,08-14-2026,08-13-2023,08-13-2023,08-13-2023,,08-13-2023,08-13-2027
Wg8DKpu_9b9284f296fb941a,16CZZvUtfqb6v22yS,,Students; Annual,,,[name],[name],,I didn’t expect to be charged,i_didnt_expect_to_be_charged_2010816994,Not ready to commit to annual membership,not_ready_to_commit_to_annual_membership,,Pricing (Digital),pricing_digital,1,,,u_3fe132ec36fb21f9,,,,0,,,Canceled,2026-08-13T20:52:07.000Z,2026-08-13T20:52:36.000Z,2026-08-13T20:52:36.000Z,,34.74,2026-08-13T20:52:36.000Z,cancel,Valid Cancel,annual,2027-08-12T15:32:18.000Z,2027-08-12T15:32:18.000Z,3.0,3.0,36.0,Brightback,,,,,,,16CZZvUtfqb6v22yS,2025-08-12T15:32:17.000Z,,2025-08-12T15:32:18.000Z,,h_dacf184c89ddd665,,1,2025-08-12T15:32:18.000Z,USD,u_3fe132ec36fb21f9,ACTIVE,h_eb3ed76f1fa9c921,[name],,,,2026-08-12T15:32:18.000Z,student,,1,annual,2025-08-12T15:32:18.000Z,_UNKNOWN,3600,YEAR,,,College,[name],2027-08-12T15:32:18.000Z,,300,,2027-08-12T15:32:18.000Z,2025-08-12T15:32:18.000Z,3600,,,,,,Student Experience [July 2025] [25% one-time / No Entry Modal],,08-12-2025,,08-13-2026,08-12-2025,08-12-2025,08-12-2025,,08-12-2025,08-12-2027
Wg8DJZw_a18777ed9d19e2ea,16A2oOVGYVBzD8yTO,,Students; fallback,,,[name],[name],,I didn’t expect to be charged,i_didnt_expect_to_be_charged_2010816994,Not ready to commit to annual membership,not_ready_to_commit_to_annual_membership,,Pricing (Digital),pricing_digital,10,,,u_e12cec1134ba9617,,,,0,,,Canceled,2026-08-13T19:36:02.000Z,2026-08-13T19:36:31.000Z,2026-08-13T19:36:32.000Z,,34.79,2026-08-13T19:36:32.000Z,cancel,Valid Cancel,monthly,2026-09-12T06:27:38.000Z,2026-09-12T06:27:38.000Z,16.65,16.65,16.65,Brightback,,,,,,,16A2oOVGYVBzD8yTO,2026-04-12T06:27:36.000Z,,2026-04-12T06:27:38.000Z,,h_1fe15a0bfbb18053,,1,2026-04-12T06:27:38.000Z,USD,u_e12cec1134ba9617,ACTIVE,h_0310f342e3c0a906,[name],,,,2026-08-12T06:27:38.000Z,student,,1,monthly_plus,2026-04-12T06:27:38.000Z,_UNKNOWN,1665,MONTH,,,College,[name],2026-09-12T06:27:38.000Z,,1665,,2026-09-12T06:27:38.000Z,2026-04-12T06:27:38.000Z,1665,,,,,,Student Experience [July 2025] [25% one-time / No Entry Modal],,04-12-2026,,08-13-2026,04-12-2026,04-12-2026,04-12-2026,,04-12-2026,09-12-2026
Wg8DIZ0_82f99580f4a2cbeb,AzyocpVSCVby12IKP,,Students; fallback,,,[name],[name],,I didn’t expect to be charged,i_didnt_expect_to_be_charged_2010816994,Not ready to commit to annual membership,not_ready_to_commit_to_annual_membership,,Pricing (Digital),pricing_digital,8,,,u_ee5b1ff2f25c9f36,,,,0,,,Canceled,2026-08-13T18:35:03.000Z,2026-08-13T18:35:19.000Z,2026-08-13T18:35:19.000Z,,34.84,2026-08-13T18:35:19.000Z,cancel,Valid Cancel,annual,2027-08-13T17:57:52.000Z,2027-08-13T17:57:52.000Z,5.0,5.0,60.0,Brightback,,,,,,,AzyocpVSCVby12IKP,2026-08-13T17:57:50.000Z,,2026-08-13T17:57:52.000Z,,h_4c2389508a35d5e4,,1,2026-08-13T17:57:52.000Z,USD,u_ee5b1ff2f25c9f36,ACTIVE,h_b9c756d48274aaeb,[name],,,,2026-08-13T17:57:52.000Z,student,,1,annual_plus,2026-08-13T17:57:52.000Z,_UNKNOWN,6000,YEAR,,,Postgrad Program,[name],2027-08-13T17:57:52.000Z,,500,,2027-08-13T17:57:52.000Z,2026-08-13T17:57:52.000Z,6000,,,,,,Student Experience [July 2025] [25% one-time / No Entry Modal],,08-13-2026,,08-13-2026,08-13-2026,08-13-2026,08-13-2026,,08-13-2026,08-13-2027
Wg8DFgj_817f8d26f6a6f0b8,1723248,,fallback,,,[name],[name],[name],I didn’t expect to be charged,i_didnt_expect_to_be_charged_2010816994,Not ready to commit to annual membership,not_ready_to_commit_to_annual_membership,,Pricing (Digital),pricing_digital,3,,,u_b5ecac4bf19bc57c,,,,0,36.0,,Canceled,2026-08-13T15:42:54.000Z,2026-08-13T15:43:35.000Z,2026-08-13T15:43:35.000Z,,34.96,2026-08-13T15:43:35.000Z,cancel,Valid Cancel,annual,2027-08-10T17:40:53.000Z,2027-08-10T17:40:53.000Z,3.0,3.0,36.0,Brightback,,,,,,,1723248,2026-08-10T17:40:51.000Z,,2026-08-10T17:40:53.000Z,,h_41c7bc5154de5df4,,1,2026-08-10T17:40:53.000Z,USD,u_b5ecac4bf19bc57c,ACTIVE,h_f158b064add1f047,[name],36.0,annual_essentials,,2026-08-10T17:40:53.000Z,other,,1,annual_essentials,2026-08-10T17:40:53.000Z,_UNKNOWN,3600,YEAR,annual_essentials,,,[name],2027-08-10T17:40:53.000Z,,300,,2027-08-10T17:40:53.000Z,2026-08-10T17:40:53.000Z,3600,[name],,https://www.supersummary.com/subscription,https://www.supersummary.com/subscription/confirming/cancel,,Default/Fallback [July 2025] [25% one time / No entry modal],,08-10-2026,,08-13-2026,08-10-2026,08-10-2026,08-10-2026,,08-10-2026,08-10-2027
Wg8DBF3_a433535ed97c7d9b,1726156,,Teachers; fallback,,,[name],[name],[name],I didn’t expect to be charged,i_didnt_expect_to_be_charged_2010816994,Not ready to commit to annual membership,not_ready_to_commit_to_annual_membership,,Pricing (Digital),pricing_digital,1,,,u_f63f2120ff03e66a,,,,0,9.95,,Canceled,2026-08-13T11:15:18.000Z,2026-08-13T11:16:02.000Z,2026-08-13T11:16:03.000Z,,35.14,2026-08-13T11:16:03.000Z,cancel,Valid Cancel,monthly,2026-09-12T21:56:47.000Z,2026-09-12T21:56:47.000Z,9.95,9.95,9.95,Brightback,,,,,,,1726156,2026-08-12T21:56:46.000Z,,2026-08-12T21:56:47.000Z,,h_57a484b406bd163b,,1,2026-08-12T21:56:47.000Z,USD,u_f63f2120ff03e66a,ACTIVE,h_080398c737d8e0cf,[name],9.95,monthly_essentials,,2026-08-12T21:56:47.000Z,teacher,,1,monthly_essentials,2026-08-12T21:56:47.000Z,_UNKNOWN,995,MONTH,monthly_essentials,,High School,[name],2026-09-12T21:56:47.000Z,,995,,2026-09-12T21:56:47.000Z,2026-08-12T21:56:47.000Z,995,[name],,https://www.supersummary.com/subscription,https://www.supersummary.com/subscription/confirming/cancel,,Teacher Experience [July 2025] [40% one-time / Modal],,08-12-2026,,08-13-2026,08-12-2026,08-12-2026,08-12-2026,,08-12-2026,09-12-2026
Wg8DArE_bf85b8909ca540ed,AzytM7VS0LtsL2LRJ,,Parents; fallback,,,[name],[name],,I didn’t expect to be charged,i_didnt_expect_to_be_charged_2010816994,Not ready to commit to annual membership,not_ready_to_commit_to_annual_membership,,Pricing (Digital),pricing_digital,6,,,u_b90fa5eaca09350e,Have the option to pay monthly,,,1,,,Canceled,2026-08-13T10:53:17.000Z,2026-08-13T10:54:47.000Z,2026-08-13T10:54:47.000Z,,35.16,2026-08-13T10:54:47.000Z,cancel,Valid Cancel,annual,2026-08-13T12:06:39.000Z,2026-08-13T12:06:39.000Z,3.0,3.0,36.0,Brightback,,,,,,,AzytM7VS0LtsL2LRJ,2026-08-11T16:04:00.000Z,,2026-08-11T16:04:02.000Z,,h_6b1a74f3e71fdcd3,,1,2026-08-11T16:04:02.000Z,USD,u_b90fa5eaca09350e,ACTIVE,h_c368dfcdce6f2942,[name],,,,2026-08-11T16:04:02.000Z,parent_of_student,,1,annual_essentials,2026-08-11T16:04:02.000Z,_UNKNOWN,3600,YEAR,,,High School,[name],2027-08-11T16:04:02.000Z,,300,,2027-08-11T16:04:02.000Z,2026-08-11T16:04:02.000Z,3600,,,,,,Parent Experience [July 2025] [25% one-time / No Entry Modal],,08-11-2026,,08-13-2026,08-11-2026,08-11-2026,08-11-2026,,08-11-2026,08-11-2027
Wg8D6gT_97eb8e0eed31f9f5,1722149,,Students; fallback,,,[name],[name],[name],I didn’t expect to be charged,i_didnt_expect_to_be_charged_2010816994,Not ready to commit to annual membership,not_ready_to_commit_to_annual_membership,,Pricing (Digital),pricing_digital,9,,,u_5387c1532933b52d,You guys were great ,,,1,9.95,,Canceled,2026-08-13T06:43:36.000Z,2026-08-13T06:44:52.000Z,2026-08-13T06:44:53.000Z,,35.33,2026-08-13T06:44:53.000Z,cancel,No Match,monthly,2026-09-09T19:57:28.000Z,,9.95,9.95,9.95,,,,,,,,1722149,2026-08-09T19:56:49.000Z,,2026-08-09T19:57:28.000Z,,h_c3a90a848fe35df4,,1,2026-08-09T19:57:28.000Z,USD,u_5387c1532933b52d,NON_RENEWING,h_e58b846583c804a6,[name],9.95,monthly_essentials,,2026-08-09T19:57:28.000Z,student,,1,monthly_essentials,2026-08-09T19:57:28.000Z,_UNKNOWN,995,MONTH,monthly_essentials,,College,[name],,,995,,2026-09-09T19:57:28.000Z,2026-08-09T19:57:28.000Z,995,[name],,https://www.supersummary.com/subscription,https://www.supersummary.com/subscription/confirming/cancel,,Student Experience [July 2025] [25% one-time / No Entry Modal],,08-09-2026,,08-13-2026,08-09-2026,08-09-2026,08-09-2026,,08-09-2026,
Wg8D523_8a5c0a5a041d17de,1726565,,Students; fallback,,,[name],[name],[name],I didn’t expect to be charged,i_didnt_expect_to_be_charged_2010816994,Not ready to commit to annual membership,not_ready_to_commit_to_annual_membership,,Pricing (Digital),pricing_digital,7,,,u_ee284f59592fb323,,,,0,16.65,,Canceled,2026-08-13T05:02:08.000Z,2026-08-13T05:02:36.000Z,2026-08-13T05:02:36.000Z,,35.4,2026-08-13T05:02:36.000Z,cancel,Valid Cancel,monthly,2026-09-13T03:56:21.000Z,2026-09-13T03:56:21.000Z,16.65,16.65,16.65,Brightback,,,,,,,1726565,2026-08-13T03:56:18.000Z,,2026-08-13T03:56:21.000Z,,h_68b197b334a99a66,,1,2026-08-13T03:56:21.000Z,USD,u_ee284f59592fb323,ACTIVE,h_b1218b2c44ed6cb5,[name],16.65,monthly_plus,,2026-08-13T03:56:21.000Z,student,,1,monthly_plus,2026-08-13T03:56:21.000Z,_UNKNOWN,1665,MONTH,monthly_plus,,College,[name],2026-09-13T03:56:21.000Z,,1665,,2026-09-13T03:56:21.000Z,2026-08-13T03:56:21.000Z,1665,[name],,https://www.supersummary.com/subscription,https://www.supersummary.com/subscription/confirming/cancel,,Student Experience [July 2025] [25% one-time / No Entry Modal],,08-13-2026,,08-13-2026,08-13-2026,08-13-2026,08-13-2026,,08-13-2026,09-13-2026
Wg8D2Ro_a25dad3954e3e1d3,AzqVIjUtiDQOD3mhA,,Book Club Members; Annual,,,[name],[name],,I didn’t expect to be charged,i_didnt_expect_to_be_charged_2010816994,Not ready to commit to annual membership,not_ready_to_commit_to_annual_membership,,Pricing (Digital),pricing_digital,1,ChatGPT,,u_cbdcb56e4c450173,Let me know before you charged me.,,,1,,,Canceled,2026-08-13T02:27:55.000Z,2026-08-13T02:28:45.000Z,2026-08-13T02:28:45.000Z,,35.51,2026-08-13T02:28:45.000Z,cancel,Valid Cancel,annual,2027-08-13T01:15:31.000Z,2027-08-13T01:15:31.000Z,3.0,3.0,36.0,Brightback,,,,,,,AzqVIjUtiDQOD3mhA,2025-08-13T01:15:29.000Z,,2025-08-13T01:15:31.000Z,,h_0708463b93ad1a11,,1,2025-08-13T01:15:31.000Z,USD,u_cbdcb56e4c450173,ACTIVE,h_ddae437112c720af,[name],,,,2026-08-13T01:15:31.000Z,book_club_member,,1,annual,2025-08-13T01:15:31.000Z,_UNKNOWN,3600,YEAR,,,,[name],2027-08-13T01:15:31.000Z,,300,,2027-08-13T01:15:31.000Z,2025-08-13T01:15:31.000Z,3600,,,,,,BCM Experience [July 2025] [25% one-time / No Entry Modal],,08-13-2025,,08-13-2026,08-13-2025,08-13-2025,08-13-2025,,08-13-2025,08-13-2027
Wg8D1Qu_9583df2599030049,Azyhh7ULI258TKF7G,,Students; Annual,,,[name],[name],,I didn’t expect to be charged,i_didnt_expect_to_be_charged_2010816994,Not ready to commit to annual membership,not_ready_to_commit_to_annual_membership,,Pricing (Digital),pricing_digital,3,Nothing ,,u_6c0e2b6a8e52ede4,Send me a reminder before I make an auto payment!  ,,,1,,,Canceled,2026-08-13T01:26:58.000Z,2026-08-13T01:27:59.000Z,2026-08-17T23:23:46.000Z,,35.55,2026-08-17T23:23:46.000Z,cancel,Valid Cancel,annual,2027-08-13T01:25:27.000Z,2027-08-13T01:25:27.000Z,3.0,3.0,36.0,Brightback,,,,,,,Azyhh7ULI258TKF7G,2024-08-13T01:25:24.000Z,,2024-08-13T01:25:27.000Z,,h_136c4534410198de,,1,2024-08-13T01:25:27.000Z,USD,u_6c0e2b6a8e52ede4,ACTIVE,h_b120ef7ecd179f8a,[name],,,,2026-08-13T01:25:27.000Z,student,,1,annual,2024-08-13T01:25:27.000Z,_UNKNOWN,3600,YEAR,,,Postgrad Program,[name],2027-08-13T01:25:27.000Z,,300,,2027-08-13T01:25:27.000Z,2024-08-13T01:25:27.000Z,3600,,,,,,Student Experience [July 2025] [25% one-time / No Entry Modal],,08-13-2024,,08-13-2026,08-13-2024,08-13-2024,08-13-2024,,08-13-2024,08-13-2027
Wg8D005_b873a147c6b5941f,625712,,Parents; Annual,,,[name],[name],[name],I didn’t expect to be charged,i_didnt_expect_to_be_charged_2010816994,Not ready to commit to annual membership,not_ready_to_commit_to_annual_membership,,Pricing (Digital),pricing_digital,1,,,u_eb2c6b950cf1e516,,,,0,36.0,,Canceled,2026-08-13T00:00:15.000Z,2026-08-13T00:00:56.000Z,2026-08-13T00:00:56.000Z,,35.61,2026-08-13T00:02:18.000Z,cancel,Valid Cancel,annual,2027-08-12T19:34:49.000Z,2027-08-12T19:34:49.000Z,3.0,3.0,36.0,Brightback,,,,,,,625712,2024-08-12T19:34:47.000Z,,2024-08-12T19:34:49.000Z,,h_9cf517e25048eb3f,,1,2024-08-12T19:34:49.000Z,USD,u_eb2c6b950cf1e516,ACTIVE,h_58a2085ca925116e,[name],36.0,annual,,2026-08-12T19:34:49.000Z,parent_of_student,,1,annual,2024-08-12T19:34:49.000Z,_UNKNOWN,3600,YEAR,annual,,Middle School,[name],2027-08-12T19:34:49.000Z,,300,,2027-08-12T19:34:49.000Z,2024-08-12T19:34:49.000Z,3600,[name],,https://www.supersummary.com/subscription,https://www.supersummary.com/subscription/confirming/cancel,,Parent Experience [July 2025] [25% one-time / Modal],,08-12-2024,,08-13-2026,08-12-2024,08-12-2024,08-12-2024,,08-12-2024,08-12-2027
Wg8CMw9_8115aaafb448fd79,AzZNUPVOmjYTE1IFW,,Book Club Members; fallback,,,[name],[name],,I didn’t expect to be charged,i_didnt_expect_to_be_charged_2010816994,Not ready to commit to annual membership,not_ready_to_commit_to_annual_membership,,Pricing (Digital),pricing_digital,1,,,u_aa556cb5f53fc7d3,,,,0,,,Canceled,2026-08-12T22:58:13.000Z,2026-08-12T22:58:38.000Z,2026-08-12T22:58:48.000Z,,35.65,2026-08-12T22:58:48.000Z,cancel,Valid Cancel,monthly,2026-09-08T12:43:32.000Z,2026-09-08T12:43:32.000Z,9.95,9.95,9.95,Brightback,,,,,,,AzZNUPVOmjYTE1IFW,2026-07-08T12:43:29.000Z,,2026-07-08T12:43:32.000Z,,h_a1372861454471db,,1,2026-07-08T12:43:32.000Z,USD,u_aa556cb5f53fc7d3,ACTIVE,h_d61cef7aa8bf9f15,[name],,,,2026-08-08T12:43:32.000Z,book_club_member,,1,monthly_essentials,2026-07-08T12:43:32.000Z,_UNKNOWN,995,MONTH,,,,[name],2026-09-08T12:43:32.000Z,,995,,2026-09-08T12:43:32.000Z,2026-07-08T12:43:32.000Z,995,,,,,,BCM Experience [July 2025] [25% one-time / No Entry Modal],,07-08-2026,,08-12-2026,07-08-2026,07-08-2026,07-08-2026,,07-08-2026,09-08-2026
Wg8CICm_8715817889036b9e,1725877,,Book Club Members; fallback,,,[name],[name],[name],I didn’t expect to be charged,i_didnt_expect_to_be_charged_2010816994,Not ready to commit to annual membership,not_ready_to_commit_to_annual_membership,,Pricing (Digital),pricing_digital,1,,,u_5fff02c26f302368,,,,0,60.0,,Canceled,2026-08-12T18:12:54.000Z,2026-08-12T18:13:41.000Z,2026-08-12T18:13:42.000Z,,35.85,2026-08-12T18:13:42.000Z,cancel,Valid Cancel,annual,2027-08-12T17:52:03.000Z,2027-08-12T17:52:03.000Z,5.0,5.0,60.0,Brightback,,,,,,,1725877,2026-08-12T17:52:01.000Z,,2026-08-12T17:52:03.000Z,,h_6cbcb0c5283da234,,1,2026-08-12T17:52:03.000Z,USD,u_5fff02c26f302368,ACTIVE,h_1d4a726f3e7f5bfa,[name],60.0,annual_plus,,2026-08-12T17:52:03.000Z,book_club_member,,1,annual_plus,2026-08-12T17:52:03.000Z,_UNKNOWN,6000,YEAR,annual_plus,,,[name],2027-08-12T17:52:03.000Z,,500,,2027-08-12T17:52:03.000Z,2026-08-12T17:52:03.000Z,6000,[name],,https://www.supersummary.com/subscription,https://www.supersummary.com/subscription/confirming/cancel,,BCM Experience [July 2025] [25% one-time / No Entry Modal],,08-12-2026,,08-12-2026,08-12-2026,08-12-2026,08-12-2026,,08-12-2026,08-12-2027
Wg8CEfE_8b566a45b7c72fe8,1710590,,Teachers; fallback,,,[name],[name],[name],I didn’t expect to be charged,i_didnt_expect_to_be_charged_2010816994,Not ready to commit to annual membership,not_ready_to_commit_to_annual_membership,,Pricing (Digital),pricing_digital,4,,,u_fdb26bcdd0ed0f11,,,,0,36.0,,Canceled,2026-08-12T14:41:25.000Z,2026-08-12T14:41:53.000Z,2026-08-12T14:41:54.000Z,,36.0,2026-08-12T14:41:54.000Z,cancel,Valid Cancel,annual,2027-07-29T17:30:48.000Z,2027-07-29T17:30:48.000Z,3.0,3.0,36.0,Brightback,,,,,,,1710590,2026-07-29T17:30:46.000Z,,2026-07-29T17:30:48.000Z,,h_4e3168be3dc97a2e,,1,2026-07-29T17:30:48.000Z,USD,u_fdb26bcdd0ed0f11,ACTIVE,h_ed4be2320cedec18,[name],36.0,annual_essentials,,2026-07-29T17:30:48.000Z,teacher,,1,annual_essentials,2026-07-29T17:30:48.000Z,_UNKNOWN,3600,YEAR,annual_essentials,,Middle School,[name],2027-07-29T17:30:48.000Z,,300,,2027-07-29T17:30:48.000Z,2026-07-29T17:30:48.000Z,3600,[name],,https://www.supersummary.com/subscription,https://www.supersummary.com/subscription/confirming/cancel,,Teacher Experience [July 2025] [40% one-time / Modal],,07-29-2026,,08-12-2026,07-29-2026,07-29-2026,07-29-2026,,07-29-2026,07-29-2027
Wg8CA4S_af313cd36cdd1ea4,AzZMrUTkJHyc62jRV,,Students; Annual,,,[name],[name],,I didn’t expect to be charged,i_didnt_expect_to_be_charged_2010816994,Not ready to commit to annual membership,not_ready_to_commit_to_annual_membership,,Pricing (Digital),pricing_digital,1,Nothing ,,u_93b9e2364f3a424e,Warning before being charged ,,,1,,,Canceled,2026-08-12T10:04:29.000Z,2026-08-12T10:05:28.000Z,2026-08-12T10:05:28.000Z,,36.19,2026-08-12T10:05:28.000Z,cancel,Valid Cancel,annual,2027-07-17T22:46:17.000Z,2027-07-17T22:46:17.000Z,3.0,3.0,36.0,Brightback,,,,,,,AzZMrUTkJHyc62jRV,2023-07-17T22:46:15.000Z,,2023-07-17T22:46:17.000Z,,h_b2b5ec01c4259a9f,,1,2023-07-17T22:46:17.000Z,USD,u_93b9e2364f3a424e,ACTIVE,h_1f9d54e82bfc5464,[name],,,,2026-07-17T22:46:17.000Z,student,,1,annual,2023-07-17T22:46:17.000Z,_UNKNOWN,3600,YEAR,,,College,[name],2027-07-17T22:46:17.000Z,,300,,2027-07-17T22:46:17.000Z,2023-07-17T22:46:17.000Z,3600,,,,,,Student Experience [July 2025] [25% one-time / No Entry Modal],,07-17-2023,,08-12-2026,07-17-2023,07-17-2023,07-17-2023,,07-17-2023,07-17-2027
Wg8C4nK_a79992c29169941b,AzZRz4VRjRlsZ40HP,,Parents; fallback,,,[name],[name],,I didn’t expect to be charged,i_didnt_expect_to_be_charged_2010816994,Not ready to commit to annual membership,not_ready_to_commit_to_annual_membership,,Pricing (Digital),pricing_digital,1,,,u_e52d70e9adece41e,,,,0,,,Canceled,2026-08-12T04:49:25.000Z,2026-08-12T04:49:55.000Z,2026-08-12T04:51:06.000Z,,36.41,2026-08-12T04:51:06.000Z,cancel,Valid Cancel,monthly,2026-09-08T18:40:43.000Z,2026-09-08T18:40:43.000Z,16.65,16.65,16.65,Brightback,,,,,,,AzZRz4VRjRlsZ40HP,2026-08-08T18:40:40.000Z,,2026-08-08T18:40:43.000Z,,h_a85c2bac45ddb177,,1,2026-08-08T18:40:43.000Z,USD,u_e52d70e9adece41e,ACTIVE,h_04fb7537449374d7,[name],,,,2026-08-08T18:40:43.000Z,parent_of_student,,1,monthly_plus,2026-08-08T18:40:43.000Z,_UNKNOWN,1665,MONTH,,,Middle School,[name],2026-09-08T18:40:43.000Z,,1665,,2026-09-08T18:40:43.000Z,2026-08-08T18:40:43.000Z,1665,,,,,,Parent Experience [July 2025] [25% one-time / No Entry Modal],,08-08-2026,,08-12-2026,08-08-2026,08-08-2026,08-08-2026,,08-08-2026,09-08-2026
Wg8C3Tc_adb3ad94488e9571,16BSEBVS363Sp8kO,,Teachers; fallback,,,[name],[name],,I didn’t expect to be charged,i_didnt_expect_to_be_charged_2010816994,Not ready to commit to annual membership,not_ready_to_commit_to_annual_membership,,Pricing (Digital),pricing_digital,1,,,u_d5fec5517b8088a3,,,,0,,,Canceled,2026-08-12T03:29:43.000Z,2026-08-12T03:30:30.000Z,2026-08-12T03:30:31.000Z,,36.46,2026-08-12T03:30:31.000Z,cancel,Valid Cancel,annual,2027-08-12T03:19:54.000Z,2027-08-12T03:19:54.000Z,3.0,3.0,36.0,Brightback,,,,,,,16BSEBVS363Sp8kO,2026-08-12T03:18:56.000Z,,2026-08-12T03:19:54.000Z,,h_85b5137b49e12aa2,,1,2026-08-12T03:19:54.000Z,USD,u_d5fec5517b8088a3,ACTIVE,h_fe959ecc2ca7bfec,[name],,,,2026-08-12T03:19:54.000Z,teacher,,1,annual_essentials,2026-08-12T03:19:54.000Z,_UNKNOWN,3600,YEAR,,,Middle School,[name],2027-08-12T03:19:54.000Z,,300,,2027-08-12T03:19:54.000Z,2026-08-12T03:19:54.000Z,3600,,,,,,Teacher Experience [July 2025] [40% one-time / Modal],,08-12-2026,,08-12-2026,08-12-2026,08-12-2026,08-12-2026,,08-12-2026,08-12-2027
Wg8C2V2_97e03ebbebedf43a,16BfCoVS2a3wu4I6A,,fallback,,,[name],[name],,I didn’t expect to be charged,i_didnt_expect_to_be_charged_2010816994,Not ready to commit to annual membership,not_ready_to_commit_to_annual_membership,,Pricing (Digital),pricing_digital,5,,,u_52cc3e99c218497c,,,,0,,,Canceled,2026-08-12T02:31:03.000Z,2026-08-12T02:31:30.000Z,2026-08-12T02:31:30.000Z,,36.51,2026-08-12T02:31:30.000Z,cancel,Valid Cancel,monthly,2026-09-12T01:12:50.000Z,2026-09-12T01:12:50.000Z,9.95,9.95,9.95,Brightback,,,,,,,16BfCoVS2a3wu4I6A,2026-08-12T01:12:48.000Z,,2026-08-12T01:12:50.000Z,,h_85b3845dfae2c722,,1,2026-08-12T01:12:50.000Z,USD,u_52cc3e99c218497c,ACTIVE,h_bddc1429acef207c,[name],,,,2026-08-12T01:12:50.000Z,avid_reader,,1,monthly_essentials,2026-08-12T01:12:50.000Z,_UNKNOWN,995,MONTH,,,,[name],2026-09-12T01:12:50.000Z,,995,,2026-09-12T01:12:50.000Z,2026-08-12T01:12:50.000Z,995,,,,,,Default/Fallback [July 2025] [25% one time / No entry modal],,08-12-2026,,08-12-2026,08-12-2026,08-12-2026,08-12-2026,,08-12-2026,09-12-2026
Wg8BLoI_966a2d32702e7acf,6oqLvULAJMtF9Cf2,,Teachers; Annual,,,[name],[name],,I didn’t expect to be charged,i_didnt_expect_to_be_charged_2010816994,Not ready to commit to annual membership,not_ready_to_commit_to_annual_membership,,Pricing (Digital),pricing_digital,1,NA,,u_651dbf4a9b02a558,Reminding me I was about to be charged ,,,1,,,Canceled,2026-08-11T21:50:21.000Z,2026-08-11T21:51:09.000Z,2026-08-11T21:51:09.000Z,,36.7,2026-08-11T21:51:09.000Z,cancel,Valid Cancel,annual,2027-08-11T17:43:56.000Z,2027-08-11T17:43:56.000Z,3.0,3.0,36.0,Brightback,,,,,,,6oqLvULAJMtF9Cf2,2024-08-11T17:43:55.000Z,,2024-08-11T17:43:56.000Z,,h_e55a812596355f64,,1,2024-08-11T17:43:56.000Z,USD,u_651dbf4a9b02a558,ACTIVE,h_27dd33122e0a2572,[name],,,,2026-08-11T17:43:56.000Z,teacher,,1,annual,2024-08-11T17:43:56.000Z,_UNKNOWN,3600,YEAR,,,Middle School,[name],2027-08-11T17:43:56.000Z,,300,,2027-08-11T17:43:56.000Z,2024-08-11T17:43:56.000Z,3600,,,,,,Teacher Experience [July 2025] [40% one-time / Modal],,08-11-2024,,08-11-2026,08-11-2024,08-11-2024,08-11-2024,,08-11-2024,08-11-2027
Wg8BKsV_8234e9d406fcb08c,16BcACUtNdQlX5QMx,,Book Club Members; Annual,,,[name],[name],,I didn’t expect to be charged,i_didnt_expect_to_be_charged_2010816994,Not ready to commit to annual membership,not_ready_to_commit_to_annual_membership,,Pricing (Digital),pricing_digital,5,,,u_cc4dd02326176a41,,,,0,,,Canceled,2026-08-11T20:54:34.000Z,2026-08-11T20:54:51.000Z,2026-08-11T20:54:51.000Z,,36.74,2026-08-11T20:54:51.000Z,cancel,Valid Cancel,annual,2027-08-09T12:47:06.000Z,2027-08-09T12:47:06.000Z,3.0,3.0,36.0,Brightback,,,,,,,16BcACUtNdQlX5QMx,2025-08-09T12:47:03.000Z,,2025-08-09T12:47:06.000Z,,h_b6b018b8bf577361,,1,2025-08-09T12:47:06.000Z,USD,u_cc4dd02326176a41,ACTIVE,h_0a7d84eb23b37040,[name],,,,2026-08-09T12:47:06.000Z,book_club_member,,1,annual,2025-08-09T12:47:06.000Z,_UNKNOWN,3600,YEAR,,,,[name],2027-08-09T12:47:06.000Z,,300,,2027-08-09T12:47:06.000Z,2025-08-09T12:47:06.000Z,3600,,,,,,BCM Experience [July 2025] [25% one-time / No Entry Modal],,08-09-2025,,08-11-2026,08-09-2025,08-09-2025,08-09-2025,,08-09-2025,08-09-2027
Wg8BJXu_829dabef7bb532dd,AzybesVS0lFKC2jMr,,Teachers; fallback,,,[name],[name],,I didn’t expect to be charged,i_didnt_expect_to_be_charged_2010816994,Not ready to commit to annual membership,not_ready_to_commit_to_annual_membership,,Pricing (Digital),pricing_digital,5,,,u_89356ea49f823ebd,,,,0,,,Canceled,2026-08-11T19:34:01.000Z,2026-08-11T19:34:51.000Z,2026-08-11T19:34:52.000Z,,36.8,2026-08-11T19:34:52.000Z,cancel,Valid Cancel,monthly,2026-09-11T17:44:42.000Z,2026-09-11T17:44:42.000Z,16.65,16.65,16.65,Brightback,,,,,,,AzybesVS0lFKC2jMr,2026-08-11T17:44:41.000Z,,2026-08-11T17:44:42.000Z,,h_4c55e86716073431,,1,2026-08-11T17:44:42.000Z,USD,u_89356ea49f823ebd,ACTIVE,h_85bb5d02d087d966,[name],,,,2026-08-11T17:44:42.000Z,teacher,,1,monthly_plus,2026-08-11T17:44:42.000Z,_UNKNOWN,1665,MONTH,,,High School,[name],2026-09-11T17:44:42.000Z,,1665,,2026-09-11T17:44:42.000Z,2026-08-11T17:44:42.000Z,1665,,,,,,Teacher Experience [July 2025] [40% one-time / Modal],,08-11-2026,,08-11-2026,08-11-2026,08-11-2026,08-11-2026,,08-11-2026,09-11-2026
Wg8BJ5Q_b2c97bf5ce19b554,AzZowtVJEAQEv1umS,,Students; fallback,,,[name],[name],,I didn’t expect to be charged,i_didnt_expect_to_be_charged_2010816994,Not ready to commit to annual membership,not_ready_to_commit_to_annual_membership,,Pricing (Digital),pricing_digital,10,,,u_dd71a204e6abbbf9,,,,0,,,Canceled,2026-08-11T19:05:31.000Z,2026-08-11T19:05:53.000Z,2026-08-11T19:05:54.000Z,,36.81,2026-08-11T19:05:54.000Z,cancel,Valid Cancel,monthly,2026-09-10T14:26:19.000Z,2026-09-10T14:26:19.000Z,16.65,16.65,16.65,Brightback,,,,,,,AzZowtVJEAQEv1umS,2026-05-10T14:26:17.000Z,,2026-05-10T14:26:19.000Z,,h_ffd6aeb4b679180e,,1,2026-05-10T14:26:19.000Z,USD,u_dd71a204e6abbbf9,ACTIVE,h_6622afc4ec66a110,[name],,,,2026-08-10T14:26:19.000Z,student,,1,monthly_plus,2026-05-10T14:26:19.000Z,_UNKNOWN,1665,MONTH,,,College,[name],2026-09-10T14:26:19.000Z,,1665,,2026-09-10T14:26:19.000Z,2026-05-10T14:26:19.000Z,1665,,,,,,Student Experience [July 2025] [25% one-time / No Entry Modal],,05-10-2026,,08-11-2026,05-10-2026,05-10-2026,05-10-2026,,05-10-2026,09-10-2026
Wg8BC3s_839b08cf483b1eea,169xVLUL0PTFT73pR,,Book Club Members; Annual,,,[name],[name],,I didn’t expect to be charged,i_didnt_expect_to_be_charged_2010816994,Not ready to commit to annual membership,not_ready_to_commit_to_annual_membership,,Pricing (Digital),pricing_digital,3,,,u_d5ce7c9785da1003,,,,0,,,Canceled,2026-08-11T12:03:56.000Z,2026-08-11T12:04:20.000Z,2026-08-11T12:04:20.000Z,,37.11,2026-08-11T12:04:20.000Z,cancel,Valid Cancel,annual,2027-08-10T01:05:27.000Z,2027-08-10T01:05:27.000Z,3.0,3.0,36.0,Brightback,,,,,,,169xVLUL0PTFT73pR,2024-08-10T01:05:26.000Z,,2024-08-10T01:05:27.000Z,,h_83e74c4e411dbd24,,1,2024-08-10T01:05:27.000Z,USD,u_d5ce7c9785da1003,ACTIVE,h_322e16576c72db41,[name],,,,2026-08-10T01:05:27.000Z,book_club_member,,1,annual,2024-08-10T01:05:27.000Z,_UNKNOWN,3600,YEAR,,,,[name],2027-08-10T01:05:27.000Z,,300,,2027-08-10T01:05:27.000Z,2024-08-10T01:05:27.000Z,3600,,,,,,BCM Experience [July 2025] [25% one-time / No Entry Modal],,08-10-2024,,08-11-2026,08-10-2024,08-10-2024,08-10-2024,,08-10-2024,08-10-2027
Wg8B63v_b88f0af2829446bd,169s11VRxuEq9W88,,Students; fallback,,,[name],[name],,I didn’t expect to be charged,i_didnt_expect_to_be_charged_2010816994,Not ready to commit to annual membership,not_ready_to_commit_to_annual_membership,,Pricing (Digital),pricing_digital,4,,,u_010c34214a8157b2,,,,0,,,Canceled,2026-08-11T06:04:05.000Z,2026-08-11T06:04:51.000Z,2026-08-11T06:04:51.000Z,,37.36,2026-08-11T06:04:51.000Z,cancel,Valid Cancel,monthly,2026-09-11T06:01:36.000Z,2026-09-11T06:01:36.000Z,9.95,9.95,9.95,Brightback,,,,,,,169s11VRxuEq9W88,2026-08-11T06:01:35.000Z,,2026-08-11T06:01:36.000Z,,h_05eacf7c6a623497,,1,2026-08-11T06:01:36.000Z,USD,u_010c34214a8157b2,ACTIVE,h_f2cfe0b68bed3cff,[name],,,,2026-08-11T06:01:36.000Z,student,,1,monthly_essentials,2026-08-11T06:01:36.000Z,_UNKNOWN,995,MONTH,,,High School,[name],2026-09-11T06:01:36.000Z,,995,,2026-09-11T06:01:36.000Z,2026-08-11T06:01:36.000Z,995,,,,,,Student Experience [July 2025] [25% one-time / No Entry Modal],,08-11-2026,,08-11-2026,08-11-2026,08-11-2026,08-11-2026,,08-11-2026,09-11-2026
Wg8B4wd_86c0fe6d8714b4c6,16BWGnSqPjl1y12Z,,Students; Monthly,,,[name],[name],,I didn’t expect to be charged,i_didnt_expect_to_be_charged_2010816994,Not ready to commit to annual membership,not_ready_to_commit_to_annual_membership,,Pricing (Digital),pricing_digital,1,,,u_82144efa4177f09c,,,,0,,,Canceled,2026-08-11T04:58:41.000Z,2026-08-11T04:59:14.000Z,2026-08-11T04:59:14.000Z,,37.4,2026-08-11T04:59:14.000Z,cancel,Valid Cancel,monthly,2026-09-02T06:16:57.000Z,2026-09-02T06:16:57.000Z,9.95,9.95,9.95,Brightback,,,,,,,16BWGnSqPjl1y12Z,2021-12-02T06:16:56.000Z,,2021-12-02T06:16:57.000Z,,h_2187797e4043b5f1,,1,2021-12-02T06:16:57.000Z,USD,u_82144efa4177f09c,ACTIVE,h_3d7027c842adcbc5,[name],,,,2026-08-02T06:16:57.000Z,student,,1,monthly,2021-12-02T06:16:57.000Z,_UNKNOWN,995,MONTH,,,College,[name],2026-09-02T06:16:57.000Z,,995,,2026-09-02T06:16:57.000Z,2021-12-02T06:16:57.000Z,995,,,,,,Student Experience [July 2025] [40% forever / Modal],,12-02-2021,,08-11-2026,12-02-2021,12-02-2021,12-02-2021,,12-02-2021,09-02-2026
Wg8B3RM_ace2f97ca8566618,16CFhwUtTvGjm98ew,,Parents; Annual,,,[name],[name],,I didn’t expect to be charged,i_didnt_expect_to_be_charged_2010816994,Not ready to commit to annual membership,not_ready_to_commit_to_annual_membership,,Pricing (Digital),pricing_digital,7,,,u_f49cc6ae2f79f8f4,,,,0,,,Canceled,2026-08-11T03:27:25.000Z,2026-08-11T03:28:05.000Z,2026-08-11T03:28:05.000Z,,37.47,2026-08-11T03:28:05.000Z,cancel,Valid Cancel,annual,2027-08-10T14:35:36.000Z,2027-08-10T14:35:36.000Z,3.0,3.0,36.0,Brightback,,,,,,,16CFhwUtTvGjm98ew,2025-08-10T14:35:32.000Z,,2025-08-10T14:35:36.000Z,,h_55582f6cdb8f9c0d,,1,2025-08-10T14:35:36.000Z,USD,u_f49cc6ae2f79f8f4,ACTIVE,h_97250bc40dc9acd7,[name],,,,2026-08-10T14:35:36.000Z,parent_of_student,,1,annual,2025-08-10T14:35:36.000Z,_UNKNOWN,3600,YEAR,,,Middle School,[name],2027-08-10T14:35:36.000Z,,300,,2027-08-10T14:35:36.000Z,2025-08-10T14:35:36.000Z,3600,,,,,,Parent Experience [July 2025] [25% one-time / Modal],,08-10-2025,,08-11-2026,08-10-2025,08-10-2025,08-10-2025,,08-10-2025,08-10-2027
Wg8B1Mv_88fc4c43eec3a560,1723762,,fallback,,,[name],[name],[name],I didn’t expect to be charged,i_didnt_expect_to_be_charged_2010816994,Not ready to commit to annual membership,not_ready_to_commit_to_annual_membership,,Pricing (Digital),pricing_digital,5,Not sure ,,u_0f4a17069ddbccb2,,,,0,9.95,,Canceled,2026-08-11T01:23:10.000Z,2026-08-11T01:23:29.000Z,2026-08-11T01:23:29.000Z,,37.55,2026-08-11T01:23:29.000Z,cancel,Valid Cancel,monthly,2026-09-11T00:34:11.000Z,2026-09-11T00:34:11.000Z,9.95,9.95,9.95,Brightback,,,,,,,1723762,2026-08-11T00:34:08.000Z,,2026-08-11T00:34:11.000Z,,h_9f666d364e355d02,,1,2026-08-11T00:34:11.000Z,USD,u_0f4a17069ddbccb2,ACTIVE,h_a475fb275f722329,[name],9.95,monthly_essentials,,2026-08-11T00:34:11.000Z,other,,1,monthly_essentials,2026-08-11T00:34:11.000Z,_UNKNOWN,995,MONTH,monthly_essentials,,,[name],2026-09-11T00:34:11.000Z,,995,,2026-09-11T00:34:11.000Z,2026-08-11T00:34:11.000Z,995,[name],,https://www.supersummary.com/subscription,https://www.supersummary.com/subscription/confirming/cancel,,Default/Fallback [July 2025] [25% one time / No entry modal],,08-11-2026,,08-11-2026,08-11-2026,08-11-2026,08-11-2026,,08-11-2026,09-11-2026
Wg8AMb6_a2994ded94b37cb9,16A0WSVRw5sPw1ufq,,Teachers; fallback,,,[name],[name],,I didn’t expect to be charged,i_didnt_expect_to_be_charged_2010816994,Not ready to commit to annual membership,not_ready_to_commit_to_annual_membership,,Pricing (Digital),pricing_digital,2,,,u_4cb920d81558ca1b,,,,0,,,Canceled,2026-08-10T22:37:12.000Z,2026-08-10T22:37:30.000Z,2026-08-10T22:37:31.000Z,,37.67,2026-08-10T22:37:31.000Z,cancel,Valid Cancel,annual,2027-08-10T22:35:17.000Z,2027-08-10T22:35:17.000Z,3.0,3.0,36.0,Brightback,,,,,,,16A0WSVRw5sPw1ufq,2026-08-10T22:35:14.000Z,,2026-08-10T22:35:17.000Z,,h_21af831f507476c5,,1,2026-08-10T22:35:17.000Z,USD,u_4cb920d81558ca1b,ACTIVE,h_3eca4755bc206251,[name],,,,2026-08-10T22:35:17.000Z,teacher,,1,annual_essentials,2026-08-10T22:35:17.000Z,_UNKNOWN,3600,YEAR,,,High School,[name],2027-08-10T22:35:17.000Z,,300,,2027-08-10T22:35:17.000Z,2026-08-10T22:35:17.000Z,3600,,,,,,Teacher Experience [July 2025] [40% one-time / Modal],,08-10-2026,,08-10-2026,08-10-2026,08-10-2026,08-10-2026,,08-10-2026,08-10-2027
Wg8AM4d_8024a76785437cd2,AzZejtVRm8sHG5MBS,,fallback,,,[name],[name],,I didn’t expect to be charged,i_didnt_expect_to_be_charged_2010816994,Not ready to commit to annual membership,not_ready_to_commit_to_annual_membership,,Pricing (Digital),pricing_digital,2,,,u_4e9a3e96ebf00b98,,,,0,,,Canceled,2026-08-10T22:04:40.000Z,2026-08-10T22:04:55.000Z,2026-08-10T22:04:55.000Z,,37.69,2026-08-10T22:04:55.000Z,cancel,Valid Cancel,annual,2027-08-09T05:44:28.000Z,2027-08-09T05:44:28.000Z,3.0,3.0,36.0,Brightback,,,,,,,AzZejtVRm8sHG5MBS,2026-08-09T05:40:46.000Z,,2026-08-09T05:44:28.000Z,,h_692ecac470a90d62,,1,2026-08-09T05:44:28.000Z,USD,u_4e9a3e96ebf00b98,ACTIVE,h_bdf4575a3884b137,[name],,,,2026-08-09T05:44:28.000Z,avid_reader,,1,annual_essentials,2026-08-09T05:44:28.000Z,_UNKNOWN,3600,YEAR,,,,[name],2027-08-09T05:44:28.000Z,,300,,2027-08-09T05:44:28.000Z,2026-08-09T05:44:28.000Z,3600,,,,,,Default/Fallback [July 2025] [25% one time / No entry modal],,08-09-2026,,08-10-2026,08-09-2026,08-09-2026,08-09-2026,,08-09-2026,08-09-2027
Wg8AL7I_9993313295645d76,1723515,,Students; fallback,,,[name],[name],[name],I didn’t expect to be charged,i_didnt_expect_to_be_charged_2010816994,Not ready to commit to annual membership,not_ready_to_commit_to_annual_membership,,Pricing (Digital),pricing_digital,10,,,u_ceb26096489f6138,,,,0,9.95,,Canceled,2026-08-10T21:07:25.000Z,2026-08-10T21:07:46.000Z,2026-08-10T21:07:47.000Z,,37.73,2026-08-10T21:07:47.000Z,cancel,Valid Cancel,monthly,2026-09-10T21:06:35.000Z,2026-09-10T21:06:35.000Z,9.95,9.95,9.95,Brightback,,,,,,,1723515,2026-08-10T21:06:32.000Z,,2026-08-10T21:06:35.000Z,,h_28612aee29a35abb,,1,2026-08-10T21:06:35.000Z,USD,u_ceb26096489f6138,ACTIVE,h_5f1f7963861b4c22,[name],9.95,monthly_essentials,,2026-08-10T21:06:35.000Z,student,,1,monthly_essentials,2026-08-10T21:06:35.000Z,_UNKNOWN,995,MONTH,monthly_essentials,,College,[name],2026-09-10T21:06:35.000Z,,995,,2026-09-10T21:06:35.000Z,2026-08-10T21:06:35.000Z,995,[name],,https://www.supersummary.com/subscription,https://www.supersummary.com/subscription/confirming/cancel,,Student Experience [July 2025] [25% one-time / No Entry Modal],,08-10-2026,,08-10-2026,08-10-2026,08-10-2026,08-10-2026,,08-10-2026,09-10-2026
Wg8AKEA_ac389f4b31cbf014,1723436,,Teachers; fallback,,,[name],[name],[name],I didn’t expect to be charged,i_didnt_expect_to_be_charged_2010816994,Not ready to commit to annual membership,not_ready_to_commit_to_annual_membership,,Pricing (Digital),pricing_digital,5,Not sure,,u_55f72cdb63f8a2ef,"I thought I would be charged $3 as a trial, I didn't realize I was paying for a $60 membership. IThis looks like a great site, but it looks way beyond my current group of middle schoolers ",,,1,60.0,,Canceled,2026-08-10T20:14:26.000Z,2026-08-10T20:17:20.000Z,2026-08-10T20:17:20.000Z,,37.77,2026-08-10T20:17:20.000Z,cancel,Valid Cancel,annual,2027-08-10T20:03:34.000Z,2027-08-10T20:03:34.000Z,5.0,5.0,60.0,Brightback,,,,,,,1723436,2026-08-10T20:03:32.000Z,,2026-08-10T20:03:34.000Z,,h_7c2b8da03b82a8db,,1,2026-08-10T20:03:34.000Z,USD,u_55f72cdb63f8a2ef,ACTIVE,h_eb03736857537217,[name],60.0,annual_plus,,2026-08-10T20:03:34.000Z,teacher,,1,annual_plus,2026-08-10T20:03:34.000Z,_UNKNOWN,6000,YEAR,annual_plus,,Middle School,[name],2027-08-10T20:03:34.000Z,,500,,2027-08-10T20:03:34.000Z,2026-08-10T20:03:34.000Z,6000,[name],,https://www.supersummary.com/subscription,https://www.supersummary.com/subscription/confirming/cancel,,Teacher Experience [July 2025] [40% one-time / Modal],,08-10-2026,,08-10-2026,08-10-2026,08-10-2026,08-10-2026,,08-10-2026,08-10-2027
Wg8AJE6_b45209b8cae73074,AzqMCvVRvEWCw1BJU,,Teachers; fallback,,,[name],[name],,I didn’t expect to be charged,i_didnt_expect_to_be_charged_2010816994,Not ready to commit to annual membership,not_ready_to_commit_to_annual_membership,,Pricing (Digital),pricing_digital,1,,,u_6232de7a1e23c57a,,,,0,,,Canceled,2026-08-10T19:14:08.000Z,2026-08-10T19:14:45.000Z,2026-08-10T19:14:45.000Z,,37.81,2026-08-10T19:14:45.000Z,cancel,Valid Cancel,monthly,2026-09-10T19:03:21.000Z,2026-09-10T19:03:21.000Z,9.95,9.95,9.95,Brightback,,,,,,,AzqMCvVRvEWCw1BJU,2026-08-10T19:03:19.000Z,,2026-08-10T19:03:21.000Z,,h_b9af15ee5bef18bc,,1,2026-08-10T19:03:21.000Z,USD,u_6232de7a1e23c57a,ACTIVE,h_62683c8e02985afe,[name],,,,2026-08-10T19:03:21.000Z,teacher,,1,monthly_essentials,2026-08-10T19:03:21.000Z,_UNKNOWN,995,MONTH,,,other,[name],2026-09-10T19:03:21.000Z,,995,,2026-09-10T19:03:21.000Z,2026-08-10T19:03:21.000Z,995,,,,,,Teacher Experience [July 2025] [40% one-time / Modal],,08-10-2026,,08-10-2026,08-10-2026,08-10-2026,08-10-2026,,08-10-2026,09-10-2026
Wg8AIuG_807ae46cbabde873,235153,,Parents; Annual,,,[name],[name],[name],I didn’t expect to be charged,i_didnt_expect_to_be_charged_2010816994,Not ready to commit to annual membership,not_ready_to_commit_to_annual_membership,,Pricing (Digital),pricing_digital,1,,,u_9220cea08a5283a9,,,,0,36.0,,Canceled,2026-08-10T18:56:27.000Z,2026-08-10T18:57:04.000Z,2026-08-10T18:57:05.000Z,,37.82,2026-08-10T18:57:05.000Z,cancel,Valid Cancel,annual,2027-08-10T18:47:40.000Z,2027-08-10T18:47:40.000Z,3.0,3.0,36.0,Brightback,,,,,,,235153,2022-08-10T18:47:38.000Z,,2022-08-10T18:47:40.000Z,,h_2de73da864cd09ab,,1,2022-08-10T18:47:40.000Z,USD,u_9220cea08a5283a9,ACTIVE,h_d63c788ac558957f,[name],36.0,annual,,2026-08-10T18:47:40.000Z,parent_of_student,,1,annual,2022-08-10T18:47:40.000Z,_UNKNOWN,3600,YEAR,annual,,Middle School,[name],2027-08-10T18:47:40.000Z,,300,,2027-08-10T18:47:40.000Z,2022-08-10T18:47:40.000Z,3600,[name],,https://www.supersummary.com/subscription,https://www.supersummary.com/subscription/confirming/cancel,,Parent Experience [July 2025] [25% one-time / Modal],,08-10-2022,,08-10-2026,08-10-2022,08-10-2022,08-10-2022,,08-10-2022,08-10-2027
Wg8AH3a_81eec681c74f2a0d,513050,,fallback,,,[name],[name],[name],I didn’t expect to be charged,i_didnt_expect_to_be_charged_2010816994,Not ready to commit to annual membership,not_ready_to_commit_to_annual_membership,,Pricing (Digital),pricing_digital,5,,,u_0328c8f8f4a3d2a3,,,,0,60.0,,Canceled,2026-08-10T17:03:43.000Z,2026-08-10T17:04:09.000Z,2026-08-10T17:04:09.000Z,,37.9,2026-08-10T17:04:09.000Z,cancel,Valid Cancel,annual,2026-11-12T02:17:09.000Z,2026-11-12T02:17:09.000Z,5.0,5.0,60.0,Brightback,,,,,,,513050,2025-11-12T02:17:07.000Z,,2025-11-12T02:17:09.000Z,,h_30818f96321dc39f,,1,2025-11-12T02:17:09.000Z,USD,u_0328c8f8f4a3d2a3,ACTIVE,h_72c0ee3cc630952f,[name],60.0,annual_plus,,2025-11-12T02:17:09.000Z,other,,1,annual_plus,2025-11-12T02:17:09.000Z,_UNKNOWN,6000,YEAR,annual_plus,,,[name],2026-11-12T02:17:09.000Z,,500,,2026-11-12T02:17:09.000Z,2025-11-12T02:17:09.000Z,6000,[name],,https://www.supersummary.com/subscription,https://www.supersummary.com/subscription/confirming/cancel,,Default/Fallback [July 2025] [25% one time / No entry modal],,11-12-2025,,08-10-2026,11-12-2025,11-12-2025,11-12-2025,,11-12-2025,11-12-2026
Wg8ACa5_b4254801d7457e41,AzZfAIUKb91Ky400e,,Parents; Annual,Parents: 25% One Time ,,[name],[name],,I didn’t expect to be charged,i_didnt_expect_to_be_charged_2010816994,Not ready to commit to annual membership,not_ready_to_commit_to_annual_membership,,Pricing (Digital),pricing_digital,1,,,u_3efc6e1da5705e9d,By letting me cancel without having to fill out this BS ,,,1,,,Canceled,2026-08-10T12:36:07.000Z,2026-08-10T12:37:00.000Z,2026-08-10T12:37:01.000Z,,38.09,2026-08-10T12:37:01.000Z,cancel,Valid Cancel,annual,2027-08-05T17:23:18.000Z,2027-08-05T17:23:18.000Z,2.25,2.25,36.0,Brightback,,,,,,,AzZfAIUKb91Ky400e,2024-08-05T17:23:17.000Z,,2024-08-05T17:23:18.000Z,,h_6aa75a6721771087,,1,2024-08-05T17:23:18.000Z,USD,u_3efc6e1da5705e9d,ACTIVE,h_17fc707ff37da826,[name],,,,2026-08-05T17:23:18.000Z,parent_of_student,,1,annual,2024-08-05T17:23:18.000Z,_UNKNOWN,3600,YEAR,,,Middle School,[name],2027-08-05T17:23:18.000Z,,300,,2027-08-05T17:23:18.000Z,2024-08-05T17:23:18.000Z,3600,,,,,,Parent Experience [July 2025] [25% one-time / Modal],,08-05-2024,,08-10-2026,08-05-2024,08-05-2024,08-05-2024,,08-05-2024,08-05-2027
Wg8A7Kj_95eb4541f97cfeb2,6opxOVRsMsM88sfs,,Teachers; fallback,,,[name],[name],,I didn’t expect to be charged,i_didnt_expect_to_be_charged_2010816994,Not ready to commit to annual membership,not_ready_to_commit_to_annual_membership,,Pricing (Digital),pricing_digital,1,Nothing,,u_2373ca29b66cf7a5,,,,0,,,Canceled,2026-08-10T07:21:12.000Z,2026-08-10T07:21:49.000Z,2026-08-10T07:21:50.000Z,,38.3,2026-08-10T07:21:50.000Z,cancel,Valid Cancel,monthly,2026-09-10T14:07:29.000Z,2026-09-10T14:07:29.000Z,9.95,9.95,9.95,Brightback,,,,,,,6opxOVRsMsM88sfs,2026-08-10T07:17:42.000Z,,2026-08-10T07:17:43.000Z,,h_7bf23e644f61b124,,1,2026-08-10T07:17:43.000Z,USD,u_2373ca29b66cf7a5,ACTIVE,h_361a2f8e2e10a374,[name],,,,2026-08-10T07:17:43.000Z,teacher,,1,annual_essentials,2026-08-10T07:17:43.000Z,_UNKNOWN,3600,YEAR,,,High School,[name],2027-08-10T07:17:43.000Z,,300,,2027-08-10T07:17:43.000Z,2026-08-10T07:17:43.000Z,3600,,,,,,Teacher Experience [July 2025] [40% one-time / Modal],,08-10-2026,,08-10-2026,08-10-2026,08-10-2026,08-10-2026,,08-10-2026,08-10-2027
Wg8A3VC_af04b9ae9231c161,AzqATLVRrM0VH7iHQ,,fallback,,,[name],[name],,I didn’t expect to be charged,i_didnt_expect_to_be_charged_2010816994,Not ready to commit to annual membership,not_ready_to_commit_to_annual_membership,,Pricing (Digital),pricing_digital,5,,,u_5ac3b6e9aba54dc4,,,,0,,,Canceled,2026-08-10T03:31:16.000Z,2026-08-10T03:31:48.000Z,2026-08-10T03:31:48.000Z,,38.46,2026-08-10T03:31:48.000Z,cancel,Valid Cancel,annual,2027-08-10T03:08:00.000Z,2027-08-10T03:08:00.000Z,5.0,5.0,60.0,Brightback,,,,,,,AzqATLVRrM0VH7iHQ,2026-08-10T03:07:59.000Z,,2026-08-10T03:08:00.000Z,,h_fe3ecbc8c5c52321,,1,2026-08-10T03:08:00.000Z,USD,u_5ac3b6e9aba54dc4,ACTIVE,h_bb85decea70add9e,[name],,,,2026-08-10T03:08:00.000Z,avid_reader,,1,annual_plus,2026-08-10T03:08:00.000Z,_UNKNOWN,6000,YEAR,,,,[name],2027-08-10T03:08:00.000Z,,500,,2027-08-10T03:08:00.000Z,2026-08-10T03:08:00.000Z,6000,,,,,,Default/Fallback [July 2025] [25% one time / No entry modal],,08-10-2026,,08-10-2026,08-10-2026,08-10-2026,08-10-2026,,08-10-2026,08-10-2027
Wg8A2vQ_9599859f83ca48d7,AzZMyJTmUm5Bk6MYh,,Students; Annual,,,[name],[name],,I didn’t expect to be charged,i_didnt_expect_to_be_charged_2010816994,Not ready to commit to annual membership,not_ready_to_commit_to_annual_membership,,Pricing (Digital),pricing_digital,1,,,u_0c5821924126f882,,,,0,,,Canceled,2026-08-10T02:57:30.000Z,2026-08-10T02:57:52.000Z,2026-08-10T02:57:53.000Z,,38.49,2026-08-10T02:57:53.000Z,cancel,Valid Cancel,annual,2027-08-10T02:52:37.000Z,2027-08-10T02:52:37.000Z,3.0,3.0,36.0,Brightback,,,,,,,AzZMyJTmUm5Bk6MYh,2023-08-10T02:52:35.000Z,,2023-08-10T02:52:37.000Z,,h_a44a1c9b1ca057a0,,1,2023-08-10T02:52:37.000Z,USD,u_0c5821924126f882,ACTIVE,h_cc49b2be81558d5b,[name],,,,2026-08-10T02:52:37.000Z,student,,1,annual,2023-08-10T02:52:37.000Z,_UNKNOWN,3600,YEAR,,,College,[name],2027-08-10T02:52:37.000Z,,300,,2027-08-10T02:52:37.000Z,2023-08-10T02:52:37.000Z,3600,,,,,,Student Experience [July 2025] [25% one-time / No Entry Modal],,08-10-2023,,08-10-2026,08-10-2023,08-10-2023,08-10-2023,,08-10-2023,08-10-2027
Wg8A2s0_8ed01b81685788f6,1722596,,Students; fallback,,,[name],[name],[name],I didn’t expect to be charged,i_didnt_expect_to_be_charged_2010816994,Not ready to commit to annual membership,not_ready_to_commit_to_annual_membership,,Pricing (Digital),pricing_digital,5,,,u_10f3e4aa8d982caf,,,,0,60.0,,Canceled,2026-08-10T02:54:05.000Z,2026-08-10T02:54:50.000Z,2026-08-10T02:54:50.000Z,,38.49,2026-08-10T02:55:02.000Z,cancel,Valid Cancel,annual,2027-08-10T02:25:53.000Z,2027-08-10T02:25:53.000Z,5.0,5.0,60.0,Brightback,,,,,,,1722596,2026-08-10T02:25:52.000Z,,2026-08-10T02:25:53.000Z,,h_90153826296b5e22,,1,2026-08-10T02:25:53.000Z,USD,u_10f3e4aa8d982caf,ACTIVE,h_c2904040accede89,[name],60.0,annual_plus,,2026-08-10T02:25:53.000Z,student,,1,annual_plus,2026-08-10T02:25:53.000Z,_UNKNOWN,6000,YEAR,annual_plus,,High School,[name],2027-08-10T02:25:53.000Z,,500,,2027-08-10T02:25:53.000Z,2026-08-10T02:25:53.000Z,6000,[name],,https://www.supersummary.com/subscription,https://www.supersummary.com/subscription/confirming/cancel,,Student Experience [July 2025] [25% one-time / No Entry Modal],,08-10-2026,,08-10-2026,08-10-2026,08-10-2026,08-10-2026,,08-10-2026,08-10-2027
Wg8A2DO_98c52064433a6451,AzZeOYVRr5Vvi7ZXM,,fallback,,,[name],[name],,I didn’t expect to be charged,i_didnt_expect_to_be_charged_2010816994,Not ready to commit to annual membership,not_ready_to_commit_to_annual_membership,,Pricing (Digital),pricing_digital,1,Nothing ,,u_f36581dee401b161,Nothing,,,1,,,Canceled,2026-08-10T02:13:27.000Z,2026-08-10T02:14:15.000Z,2026-08-10T02:14:15.000Z,,38.52,2026-08-10T02:14:15.000Z,cancel,Valid Cancel,annual,2027-08-10T02:02:29.000Z,2027-08-10T02:02:29.000Z,3.0,3.0,36.0,Brightback,,,,,,,AzZeOYVRr5Vvi7ZXM,2026-08-10T02:02:10.000Z,,2026-08-10T02:02:29.000Z,,h_5b1e8311a64ecdab,,1,2026-08-10T02:02:29.000Z,USD,u_f36581dee401b161,ACTIVE,h_259621bf65047e05,[name],,,,2026-08-10T02:02:29.000Z,avid_reader,,1,annual_essentials,2026-08-10T02:02:29.000Z,_UNKNOWN,3600,YEAR,,,,[name],2027-08-10T02:02:29.000Z,,300,,2027-08-10T02:02:29.000Z,2026-08-10T02:02:29.000Z,3600,,,,,,Default/Fallback [July 2025] [25% one time / No entry modal],,08-10-2026,,08-10-2026,08-10-2026,08-10-2026,08-10-2026,,08-10-2026,08-10-2027
Wg8A1Xh_a6f1ca9786252c0c,AzyqBZVOAgAEeAopl,,Students; fallback,,,[name],[name],,I didn’t expect to be charged,i_didnt_expect_to_be_charged_2010816994,Not ready to commit to annual membership,not_ready_to_commit_to_annual_membership,,Pricing (Digital),pricing_digital,5,something else,,u_ec068ae6c5cc512c,been more transparent,,,1,,,Canceled,2026-08-10T01:33:46.000Z,2026-08-10T01:34:08.000Z,2026-08-10T01:34:08.000Z,,38.55,2026-08-10T01:34:08.000Z,cancel,Valid Cancel,annual,2027-07-02T00:31:43.000Z,2027-07-02T00:31:43.000Z,3.0,3.0,36.0,Brightback,,,,,,,AzyqBZVOAgAEeAopl,2026-07-02T00:31:40.000Z,,2026-07-02T00:31:43.000Z,,h_d1c886e7f894f41e,,1,2026-07-02T00:31:43.000Z,USD,u_ec068ae6c5cc512c,ACTIVE,h_8aabf034419bd760,[name],,,,2026-07-02T00:31:43.000Z,student,,1,annual_essentials,2026-07-02T00:31:43.000Z,_UNKNOWN,3600,YEAR,,,College,[name],2027-07-02T00:31:43.000Z,,300,,2027-07-02T00:31:43.000Z,2026-07-02T00:31:43.000Z,3600,,,,,,Student Experience [July 2025] [25% one-time / No Entry Modal],,07-02-2026,,08-10-2026,07-02-2026,07-02-2026,07-02-2026,,07-02-2026,07-02-2027
Wg89MfT_a1e863dd9cb9f8d4,AzqXtAVDOlq232orb,,Students; fallback,,,[name],[name],,I didn’t expect to be charged,i_didnt_expect_to_be_charged_2010816994,Not ready to commit to annual membership,not_ready_to_commit_to_annual_membership,,Pricing (Digital),pricing_digital,7,,,u_99b398f4e8a31cd9,,,,0,,,Canceled,2026-08-09T22:41:34.000Z,2026-08-09T22:42:05.000Z,2026-08-09T22:42:05.000Z,,38.66,2026-08-09T22:42:05.000Z,cancel,Valid Cancel,monthly,2026-09-09T19:04:23.000Z,2026-09-09T19:04:23.000Z,9.95,9.95,9.95,Brightback,,,,,,,AzqXtAVDOlq232orb,2026-03-09T19:04:21.000Z,,2026-03-09T19:04:23.000Z,,h_f80c16e306a42639,,1,2026-03-09T19:04:23.000Z,USD,u_99b398f4e8a31cd9,ACTIVE,h_46419fce797237a5,[name],,,,2026-08-09T19:04:23.000Z,student,,1,monthly_essentials,2026-03-09T19:04:23.000Z,_UNKNOWN,995,MONTH,,,College,[name],2026-09-09T19:04:23.000Z,,995,,2026-09-09T19:04:23.000Z,2026-03-09T19:04:23.000Z,995,,,,,,Student Experience [July 2025] [25% one-time / No Entry Modal],,03-09-2026,,08-09-2026,03-09-2026,03-09-2026,03-09-2026,,03-09-2026,09-09-2026
Wg89Lf6_abb064ee4426efbb,1696567,,Book Club Members; fallback,,,[name],[name],[name],I didn’t expect to be charged,i_didnt_expect_to_be_charged_2010816994,Not ready to commit to annual membership,not_ready_to_commit_to_annual_membership,,Pricing (Digital),pricing_digital,8,,,u_09904b02c72358b3,,,,0,36.0,,Canceled,2026-08-09T21:41:15.000Z,2026-08-09T21:41:47.000Z,2026-08-09T21:41:48.000Z,,38.71,2026-08-09T21:41:48.000Z,cancel,Valid Cancel,annual,2027-07-15T21:36:58.000Z,2027-07-15T21:36:58.000Z,3.0,3.0,36.0,Brightback,,,,,,,1696567,2026-07-15T21:36:55.000Z,,2026-07-15T21:36:58.000Z,,h_a433a3a93c28e332,,1,2026-07-15T21:36:58.000Z,USD,u_09904b02c72358b3,ACTIVE,h_d0b486d25bacbb06,[name],36.0,annual_essentials,,2026-07-15T21:36:58.000Z,book_club_member,,1,annual_essentials,2026-07-15T21:36:58.000Z,_UNKNOWN,3600,YEAR,annual_essentials,,,[name],2027-07-15T21:36:58.000Z,,300,,2027-07-15T21:36:58.000Z,2026-07-15T21:36:58.000Z,3600,[name],,https://www.supersummary.com/subscription,https://www.supersummary.com/subscription/confirming/cancel,,BCM Experience [July 2025] [25% one-time / No Entry Modal],,07-15-2026,,08-09-2026,07-15-2026,07-15-2026,07-15-2026,,07-15-2026,07-15-2027
Wg89Jsf_b03c46327ae01483,AzZejtVRp9nzw6xtW,,Students; fallback,,,[name],[name],,I didn’t expect to be charged,i_didnt_expect_to_be_charged_2010816994,Not ready to commit to annual membership,not_ready_to_commit_to_annual_membership,,Pricing (Digital),pricing_digital,6,,,u_9ab642c267709558,,,,0,,,Canceled,2026-08-09T19:54:43.000Z,2026-08-09T19:55:23.000Z,2026-08-09T19:55:23.000Z,,38.78,2026-08-09T19:55:23.000Z,cancel,Valid Cancel,annual,2027-08-09T18:06:59.000Z,2027-08-09T18:06:59.000Z,5.0,5.0,60.0,Brightback,,,,,,,AzZejtVRp9nzw6xtW,2026-08-09T18:06:58.000Z,,2026-08-09T18:06:59.000Z,,h_4ba049f47b572a2c,,1,2026-08-09T18:06:59.000Z,USD,u_9ab642c267709558,ACTIVE,h_fcd72bcb83b89498,[name],,,,2026-08-09T18:06:59.000Z,student,,1,annual_plus,2026-08-09T18:06:59.000Z,_UNKNOWN,6000,YEAR,,,Middle School,[name],2027-08-09T18:06:59.000Z,,500,,2027-08-09T18:06:59.000Z,2026-08-09T18:06:59.000Z,6000,,,,,,Student Experience [July 2025] [25% one-time / No Entry Modal],,08-09-2026,,08-09-2026,08-09-2026,08-09-2026,08-09-2026,,08-09-2026,08-09-2027
Wg89J8X_a2fb91133d4e80d5,AzZwN7VQjUTN9DTx,,fallback,,,[name],[name],,I didn’t expect to be charged,i_didnt_expect_to_be_charged_2010816994,Not ready to commit to annual membership,not_ready_to_commit_to_annual_membership,,Pricing (Digital),pricing_digital,1,,,u_8c326a7b2246dc5c,,,,0,,,Canceled,2026-08-09T19:08:36.000Z,2026-08-09T19:09:08.000Z,2026-08-09T19:09:09.000Z,,38.81,2026-08-09T19:09:09.000Z,cancel,Valid Cancel,monthly,2026-08-29T04:22:34.000Z,2026-08-29T04:22:34.000Z,9.95,9.95,9.95,Brightback,,,,,,,AzZwN7VQjUTN9DTx,2026-07-29T04:22:31.000Z,,2026-07-29T04:22:34.000Z,,h_cc3a5ef213d57fee,,1,2026-07-29T04:22:34.000Z,USD,u_8c326a7b2246dc5c,ACTIVE,h_dd7757c876b02785,[name],,,,2026-07-29T04:22:34.000Z,other,,1,monthly_essentials,2026-07-29T04:22:34.000Z,_UNKNOWN,995,MONTH,,,,[name],2026-08-29T04:22:34.000Z,,995,,2026-08-29T04:22:34.000Z,2026-07-29T04:22:34.000Z,995,,,,,,Default/Fallback [July 2025] [25% one time / No entry modal],,07-29-2026,,08-09-2026,07-29-2026,07-29-2026,07-29-2026,,07-29-2026,08-29-2026
Wg89Il9_b15aa8f32317297a,AzZgZIVR5Cbvx6X6h,,Book Club Members; fallback,,,[name],[name],,I didn’t expect to be charged,i_didnt_expect_to_be_charged_2010816994,Not ready to commit to annual membership,not_ready_to_commit_to_annual_membership,,Pricing (Digital),pricing_digital,5,,,u_2eec7b8ec155fb99,,,,0,,,Canceled,2026-08-09T18:47:20.000Z,2026-08-09T18:49:37.000Z,2026-08-09T18:49:38.000Z,,38.83,2026-08-09T18:49:38.000Z,cancel,Valid Cancel,monthly,2026-09-01T21:29:37.000Z,2026-09-01T21:29:37.000Z,16.65,16.65,16.65,Brightback,,,,,,,AzZgZIVR5Cbvx6X6h,2026-08-01T21:29:33.000Z,,2026-08-01T21:29:37.000Z,,h_64cde8b9e32c79b7,,1,2026-08-01T21:29:37.000Z,USD,u_2eec7b8ec155fb99,ACTIVE,h_e94ebda776cc7bc3,[name],,,,2026-08-01T21:29:37.000Z,book_club_member,,1,monthly_plus,2026-08-01T21:29:37.000Z,_UNKNOWN,1665,MONTH,,,,[name],2026-09-01T21:29:37.000Z,,1665,,2026-09-01T21:29:37.000Z,2026-08-01T21:29:37.000Z,1665,,,,,,BCM Experience [July 2025] [25% one-time / No Entry Modal],,08-01-2026,,08-09-2026,08-01-2026,08-01-2026,08-01-2026,,08-01-2026,09-01-2026
Wg893Nw_8542d82956bf8441,AzyhkHUKuhydQ6i3y,,Students; Annual,,,[name],[name],,I didn’t expect to be charged,i_didnt_expect_to_be_charged_2010816994,Not ready to commit to annual membership,not_ready_to_commit_to_annual_membership,,Pricing (Digital),pricing_digital,1,,,u_b2d111d45e487c62,,,,0,,,Canceled,2026-08-09T03:24:01.000Z,2026-08-09T03:24:21.000Z,2026-08-09T03:24:22.000Z,,39.47,2026-08-09T03:24:22.000Z,cancel,Valid Cancel,annual,2027-08-09T01:41:20.000Z,2027-08-09T01:41:20.000Z,3.0,3.0,36.0,Brightback,,,,,,,AzyhkHUKuhydQ6i3y,2024-08-09T01:41:19.000Z,,2024-08-09T01:41:20.000Z,,h_2a1f1f0c6b04f0fb,,1,2024-08-09T01:41:20.000Z,USD,u_b2d111d45e487c62,ACTIVE,h_a44bdb3948a34266,[name],,,,2026-08-09T01:41:20.000Z,student,,1,annual,2024-08-09T01:41:20.000Z,_UNKNOWN,3600,YEAR,,,Middle School,[name],2027-08-09T01:41:20.000Z,,300,,2027-08-09T01:41:20.000Z,2024-08-09T01:41:20.000Z,3600,,,,,,Student Experience [July 2025] [25% one-time / No Entry Modal],,08-09-2024,,08-09-2026,08-09-2024,08-09-2024,08-09-2024,,08-09-2024,08-09-2027
Wg892ko_a3bcb05a93143279,AzZSAPVRlPrzj4fQI,,fallback,,,[name],[name],,I didn’t expect to be charged,i_didnt_expect_to_be_charged_2010816994,Not ready to commit to annual membership,not_ready_to_commit_to_annual_membership,,Pricing (Digital),pricing_digital,5,,,u_92fe121e6c3ad937,,,,0,,,Canceled,2026-08-09T02:46:57.000Z,2026-08-09T02:47:40.000Z,2026-08-09T02:47:40.000Z,,39.49,2026-08-09T02:47:40.000Z,cancel,Valid Cancel,annual,2027-08-09T02:45:43.000Z,2027-08-09T02:45:43.000Z,5.0,5.0,60.0,Brightback,,,,,,,AzZSAPVRlPrzj4fQI,2026-08-09T02:45:41.000Z,,2026-08-09T02:45:43.000Z,,h_41038be20db11eba,,1,2026-08-09T02:45:43.000Z,USD,u_92fe121e6c3ad937,ACTIVE,h_f5fc952127c7fb55,[name],,,,2026-08-09T02:45:43.000Z,avid_reader,,1,annual_plus,2026-08-09T02:45:43.000Z,_UNKNOWN,6000,YEAR,,,,[name],2027-08-09T02:45:43.000Z,,500,,2027-08-09T02:45:43.000Z,2026-08-09T02:45:43.000Z,6000,,,,,,Default/Fallback [July 2025] [25% one time / No entry modal],,08-09-2026,,08-09-2026,08-09-2026,08-09-2026,08-09-2026,,08-09-2026,08-09-2027
Wg892iT_9cfbceddb200cbb8,1720492,,fallback,,,[name],[name],[name],I didn’t expect to be charged,i_didnt_expect_to_be_charged_2010816994,Not ready to commit to annual membership,not_ready_to_commit_to_annual_membership,,Pricing (Digital),pricing_digital,5,,,u_7143db1caaf08b77,,,,0,60.0,,Canceled,2026-08-09T02:44:35.000Z,2026-08-09T02:45:42.000Z,2026-08-09T02:45:42.000Z,,39.5,2026-08-09T02:45:42.000Z,cancel,Valid Cancel,annual,2027-08-07T21:45:22.000Z,2027-08-07T21:45:22.000Z,5.0,5.0,60.0,Brightback,,,,,,,1720492,2026-08-07T21:45:20.000Z,,2026-08-07T21:45:22.000Z,,h_81747dbfcf4adb84,,1,2026-08-07T21:45:22.000Z,USD,u_7143db1caaf08b77,ACTIVE,h_257806c7db34ab77,[name],60.0,annual_plus,,2026-08-07T21:45:22.000Z,avid_reader,,1,annual_plus,2026-08-07T21:45:22.000Z,_UNKNOWN,6000,YEAR,annual_plus,,,[name],2027-08-07T21:45:22.000Z,,500,,2027-08-07T21:45:22.000Z,2026-08-07T21:45:22.000Z,6000,[name],,https://www.supersummary.com/subscription,https://www.supersummary.com/subscription/confirming/cancel,,Default/Fallback [July 2025] [25% one time / No entry modal],,08-07-2026,,08-09-2026,08-07-2026,08-07-2026,08-07-2026,,08-07-2026,08-07-2027
Wg88M6R_813367ec5acce86a,AzZRz4VRjFVo43t4f,,Teachers; fallback,,,[name],[name],,I didn’t expect to be charged,i_didnt_expect_to_be_charged_2010816994,Not ready to commit to annual membership,not_ready_to_commit_to_annual_membership,,Pricing (Digital),pricing_digital,5,,,u_ca02dc4495f88a21,,,,0,,,Canceled,2026-08-08T22:06:31.000Z,2026-08-08T22:07:01.000Z,2026-08-08T22:07:02.000Z,,39.69,2026-08-08T22:07:02.000Z,cancel,Valid Cancel,annual,2027-08-08T17:52:01.000Z,2027-08-08T17:52:01.000Z,5.0,5.0,60.0,Brightback,,,,,,,AzZRz4VRjFVo43t4f,2026-08-08T17:52:00.000Z,,2026-08-08T17:52:01.000Z,,h_55d09c3a1bd762b3,,1,2026-08-08T17:52:01.000Z,USD,u_ca02dc4495f88a21,ACTIVE,h_0f986d4445d76b8b,[name],,,,2026-08-08T17:52:01.000Z,teacher,,1,annual_plus,2026-08-08T17:52:01.000Z,_UNKNOWN,6000,YEAR,,,High School,[name],2027-08-08T17:52:01.000Z,,500,,2027-08-08T17:52:01.000Z,2026-08-08T17:52:01.000Z,6000,,,,,,Teacher Experience [July 2025] [40% one-time / Modal],,08-08-2026,,08-08-2026,08-08-2026,08-08-2026,08-08-2026,,08-08-2026,08-08-2027
Wg88M0G_8848c07b13d10687,1721304,,fallback,,,[name],[name],[name],I didn’t expect to be charged,i_didnt_expect_to_be_charged_2010816994,Not ready to commit to annual membership,not_ready_to_commit_to_annual_membership,,Pricing (Digital),pricing_digital,1,,,u_1e6aebc0d9a9e413,,,,0,36.0,,Canceled,2026-08-08T22:00:22.000Z,2026-08-08T22:00:37.000Z,2026-08-08T22:00:38.000Z,,39.69,2026-08-08T22:00:38.000Z,cancel,Valid Cancel,annual,2027-08-08T21:16:42.000Z,,3.0,3.0,36.0,Brightback,,,,,,,1721304,2026-08-08T21:16:41.000Z,,2026-08-08T21:16:42.000Z,,h_a0132dc9c2482b46,,1,2026-08-08T21:16:42.000Z,USD,u_1e6aebc0d9a9e413,NON_RENEWING,h_7651800b50d3d370,[name],36.0,annual_essentials,,2026-08-08T21:16:42.000Z,other,,1,annual_essentials,2026-08-08T21:16:42.000Z,_UNKNOWN,3600,YEAR,annual_essentials,,,[name],,,300,,2027-08-08T21:16:42.000Z,2026-08-08T21:16:42.000Z,3600,[name],,https://www.supersummary.com/subscription,https://www.supersummary.com/subscription/confirming/cancel,,Default/Fallback [July 2025] [25% one time / No entry modal],,08-08-2026,,08-08-2026,08-08-2026,08-08-2026,08-08-2026,,08-08-2026,
Wg88HQZ_9c9110c23747f13e,1721117,,fallback,,,[name],[name],[name],I didn’t expect to be charged,i_didnt_expect_to_be_charged_2010816994,Not ready to commit to annual membership,not_ready_to_commit_to_annual_membership,,Pricing (Digital),pricing_digital,4,,,u_57eca79c004acdd2,,,,0,36.0,,Canceled,2026-08-08T17:26:42.000Z,2026-08-08T17:26:59.000Z,2026-08-08T17:26:59.000Z,,39.88,2026-08-08T17:26:59.000Z,cancel,Valid Cancel,annual,2027-08-08T17:21:58.000Z,2027-08-08T17:21:58.000Z,3.0,3.0,36.0,Brightback,,,,,,,1721117,2026-08-08T17:21:57.000Z,,2026-08-08T17:21:58.000Z,,h_49188cf7dece7010,,1,2026-08-08T17:21:58.000Z,USD,u_57eca79c004acdd2,ACTIVE,h_f7a079eb5474c588,[name],36.0,annual_essentials,,2026-08-08T17:21:58.000Z,avid_reader,,1,annual_essentials,2026-08-08T17:21:58.000Z,_UNKNOWN,3600,YEAR,annual_essentials,,,[name],2027-08-08T17:21:58.000Z,,300,,2027-08-08T17:21:58.000Z,2026-08-08T17:21:58.000Z,3600,[name],,https://www.supersummary.com/subscription,https://www.supersummary.com/subscription/confirming/cancel,,Default/Fallback [July 2025] [25% one time / No entry modal],,08-08-2026,,08-08-2026,08-08-2026,08-08-2026,08-08-2026,,08-08-2026,08-08-2027
Wg88Fsd_aade09eb6aec1fe7,16BlSiUKsHUGO36g3,,Teachers; Annual,,,[name],[name],,I didn’t expect to be charged,i_didnt_expect_to_be_charged_2010816994,Not ready to commit to annual membership,not_ready_to_commit_to_annual_membership,,Pricing (Digital),pricing_digital,1,"I retired, and I’m very unhappy that I have to pay this with no warning. ",,u_03715947aea4e90b,"You could’ve given me a heads up that I was going to be charged so I could cancel beforehand after a year. I actually had considered working for you guys, but your practices are you serious, so no thanks.",,,1,,,Canceled,2026-08-08T15:54:41.000Z,2026-08-08T15:55:41.000Z,2026-08-08T15:55:41.000Z,,39.95,2026-08-08T15:55:41.000Z,cancel,Valid Cancel,annual,2027-08-08T15:43:34.000Z,2027-08-08T15:43:34.000Z,3.0,3.0,36.0,Brightback,,,,,,,16BlSiUKsHUGO36g3,2024-08-08T15:43:32.000Z,,2024-08-08T15:43:34.000Z,,h_3fb83b6a71620787,,1,2024-08-08T15:43:34.000Z,USD,u_03715947aea4e90b,ACTIVE,h_0e7120fab1a07636,[name],,,,2026-08-08T15:43:34.000Z,teacher,,1,annual,2024-08-08T15:43:34.000Z,_UNKNOWN,3600,YEAR,,,High School,[name],2027-08-08T15:43:34.000Z,,300,,2027-08-08T15:43:34.000Z,2024-08-08T15:43:34.000Z,3600,,,,,,Teacher Experience [July 2025] [40% one-time / Modal],,08-08-2024,,08-08-2026,08-08-2024,08-08-2024,08-08-2024,,08-08-2024,08-08-2027
Wg8854L_92d45d66da9b875a,1000398,,Students; fallback,,,[name],[name],[name],I didn’t expect to be charged,i_didnt_expect_to_be_charged_2010816994,Not ready to commit to annual membership,not_ready_to_commit_to_annual_membership,,Pricing (Digital),pricing_digital,5,nothing,,u_2cfe8b9cd1b62f51,less money,,,1,36.0,,Canceled,2026-08-08T05:04:30.000Z,2026-08-08T05:05:21.000Z,2026-08-08T05:05:21.000Z,,40.4,2026-08-08T05:05:21.000Z,cancel,Valid Cancel,annual,2027-08-07T20:37:02.000Z,2027-08-07T20:37:02.000Z,3.0,3.0,36.0,Brightback,,,,,,,1000398,2025-02-14T03:10:15.000Z,,2026-08-07T20:37:02.000Z,,h_a7f15fc4c76042ba,,1,2026-08-07T20:37:02.000Z,USD,u_2cfe8b9cd1b62f51,ACTIVE,h_834896f61f13ed0b,[name],36.0,annual_essentials,,2026-08-07T20:37:02.000Z,student,,1,annual_essentials,2026-08-07T20:37:02.000Z,_UNKNOWN,3600,YEAR,annual_essentials,,High School,[name],2027-08-07T20:37:02.000Z,,300,,2027-08-07T20:37:02.000Z,2026-08-07T20:37:02.000Z,3600,[name],,https://www.supersummary.com/subscription,https://www.supersummary.com/subscription/confirming/cancel,,Student Experience [July 2025] [25% one-time / No Entry Modal],,08-07-2026,,08-08-2026,08-07-2026,08-07-2026,02-14-2025,,08-07-2026,08-07-2027
Wg882f3_bb4a356234d3dbb2,16A6iCTmCxJ1wL7mq,,Students; Annual,,,[name],[name],,I didn’t expect to be charged,i_didnt_expect_to_be_charged_2010816994,Not ready to commit to annual membership,not_ready_to_commit_to_annual_membership,,Pricing (Digital),pricing_digital,1,,,u_e0d98385fab85e4e,,,,0,,,Canceled,2026-08-08T02:41:06.000Z,2026-08-08T02:41:25.000Z,2026-08-08T02:41:25.000Z,,40.5,2026-08-08T02:41:25.000Z,cancel,Valid Cancel,annual,2027-08-07T01:44:18.000Z,2027-08-07T01:44:18.000Z,3.0,3.0,36.0,Brightback,,,,,,,16A6iCTmCxJ1wL7mq,2023-08-07T01:44:16.000Z,,2023-08-07T01:44:18.000Z,,h_8fa0066ca7b98886,,1,2023-08-07T01:44:18.000Z,USD,u_e0d98385fab85e4e,ACTIVE,h_45ba6acb686092d5,[name],,,,2026-08-07T01:44:18.000Z,student,,1,annual,2023-08-07T01:44:18.000Z,_UNKNOWN,3600,YEAR,,,High School,[name],2027-08-07T01:44:18.000Z,,300,,2027-08-07T01:44:18.000Z,2023-08-07T01:44:18.000Z,3600,,,,,,Student Experience [July 2025] [25% one-time / No Entry Modal],,08-07-2023,,08-08-2026,08-07-2023,08-07-2023,08-07-2023,,08-07-2023,08-07-2027
Wg882dr_bfb75a40cabb7d63,1720613,,Students; fallback,,,[name],[name],[name],I didn’t expect to be charged,i_didnt_expect_to_be_charged_2010816994,Not ready to commit to annual membership,not_ready_to_commit_to_annual_membership,,Pricing (Digital),pricing_digital,1,I dont know. I was hope to use the free trail to see how i like it ,,u_12908d11e4cea2e5,Don't trick people into thinking that they are getting a free trial and then charging them,,,1,60.0,,Canceled,2026-08-08T02:40:20.000Z,2026-08-08T02:42:17.000Z,2026-08-08T02:42:17.000Z,,40.5,2026-08-08T02:42:17.000Z,cancel,Valid Cancel,annual,2027-08-08T00:49:16.000Z,2027-08-08T00:49:16.000Z,5.0,5.0,60.0,Brightback,,,,,,,1720613,2026-08-08T00:49:14.000Z,,2026-08-08T00:49:16.000Z,,h_6c1f776d2d3c92ce,,1,2026-08-08T00:49:16.000Z,USD,u_12908d11e4cea2e5,ACTIVE,h_9467f6e1c7831d77,[name],60.0,annual_plus,,2026-08-08T00:49:16.000Z,student,,1,annual_plus,2026-08-08T00:49:16.000Z,_UNKNOWN,6000,YEAR,annual_plus,,Postgrad Program,[name],2027-08-08T00:49:16.000Z,,500,,2027-08-08T00:49:16.000Z,2026-08-08T00:49:16.000Z,6000,[name],,https://www.supersummary.com/subscription,https://www.supersummary.com/subscription/confirming/cancel,,Student Experience [July 2025] [25% one-time / No Entry Modal],,08-08-2026,,08-08-2026,08-08-2026,08-08-2026,08-08-2026,,08-08-2026,08-08-2027
Wg881Zc_aad022ef932cce06,Azz0flVRerbCe1MnC,,fallback,,,[name],[name],,I didn’t expect to be charged,i_didnt_expect_to_be_charged_2010816994,Not ready to commit to annual membership,not_ready_to_commit_to_annual_membership,,Pricing (Digital),pricing_digital,5,,,u_17595d6b1a6d43ba,,,,0,,,Canceled,2026-08-08T01:35:41.000Z,2026-08-08T01:36:15.000Z,2026-08-08T01:36:15.000Z,,40.54,2026-08-08T01:36:15.000Z,cancel,Valid Cancel,monthly,2026-09-07T23:51:57.000Z,2026-09-07T23:51:57.000Z,16.65,16.65,16.65,Brightback,,,,,,,Azz0flVRerbCe1MnC,2026-08-07T23:51:55.000Z,,2026-08-07T23:51:57.000Z,,h_4beef83422cfe1d2,,1,2026-08-07T23:51:57.000Z,USD,u_17595d6b1a6d43ba,ACTIVE,h_ee84a6cfc53838c7,[name],,,,2026-08-07T23:51:57.000Z,avid_reader,,1,monthly_plus,2026-08-07T23:51:57.000Z,_UNKNOWN,1665,MONTH,,,,[name],2026-09-07T23:51:57.000Z,,1665,,2026-09-07T23:51:57.000Z,2026-08-07T23:51:57.000Z,1665,,,,,,Default/Fallback [July 2025] [25% one time / No entry modal],,08-07-2026,,08-08-2026,08-07-2026,08-07-2026,08-07-2026,,08-07-2026,09-07-2026
Wg880sR_b809d7789bd0d5ff,470800,,fallback,,,[name],[name],[name],I didn’t expect to be charged,i_didnt_expect_to_be_charged_2010816994,Not ready to commit to annual membership,not_ready_to_commit_to_annual_membership,,Pricing (Digital),pricing_digital,2,,,u_f4b842f6798dd524,,,,0,36.0,,Canceled,2026-08-08T00:55:26.000Z,2026-08-08T00:56:13.000Z,2026-08-08T00:56:13.000Z,,40.57,2026-08-08T00:56:13.000Z,cancel,Valid Cancel,annual,2026-12-17T20:30:03.000Z,2026-12-17T20:30:03.000Z,3.0,3.0,36.0,Brightback,,,,,,,470800,2023-12-17T20:29:59.000Z,,2023-12-17T20:30:03.000Z,,h_ba32d3627ca29bbb,,1,2023-12-17T20:30:03.000Z,USD,u_f4b842f6798dd524,ACTIVE,h_26c960b74bdd86eb,[name],36.0,annual,,2025-12-17T20:30:03.000Z,other,,1,annual,2023-12-17T20:30:03.000Z,_UNKNOWN,3600,YEAR,annual,,,[name],2026-12-17T20:30:03.000Z,,300,,2026-12-17T20:30:03.000Z,2023-12-17T20:30:03.000Z,3600,[name],,https://www.supersummary.com/subscription,https://www.supersummary.com/subscription/confirming/cancel,,Default/Fallback [July 2025] [25% one time / No entry modal],,12-17-2023,,08-08-2026,12-17-2023,12-17-2023,12-17-2023,,12-17-2023,12-17-2026
Wg87N7T_9ba0f073d1427c69,AzqeWuUzpSyyo1rDF,,Book Club Members; Monthly,,,[name],[name],,I didn’t expect to be charged,i_didnt_expect_to_be_charged_2010816994,Not ready to commit to annual membership,not_ready_to_commit_to_annual_membership,,Pricing (Digital),pricing_digital,5,,,u_9d5695798e6e6038,,,,0,,,Canceled,2026-08-07T23:07:32.000Z,2026-08-07T23:07:56.000Z,2026-08-07T23:07:56.000Z,,40.65,2026-08-07T23:07:56.000Z,cancel,Valid Cancel,monthly,2026-08-16T21:54:31.000Z,2026-08-16T21:54:31.000Z,9.95,9.95,9.95,Brightback,,,,,,,AzqeWuUzpSyyo1rDF,2025-10-16T21:54:28.000Z,,2025-10-16T21:54:31.000Z,,h_61c40b462e7b9dbc,,1,2025-10-16T21:54:31.000Z,USD,u_9d5695798e6e6038,ACTIVE,h_df71143e8248ae9a,[name],,,,2026-07-16T21:54:31.000Z,book_club_member,,1,monthly,2025-10-16T21:54:31.000Z,_UNKNOWN,995,MONTH,,,,[name],2026-08-16T21:54:31.000Z,,995,,2026-08-16T21:54:31.000Z,2025-10-16T21:54:31.000Z,995,,,,,,BCM Experience [July 2025] [25% forever / No Entry Modal],,10-16-2025,,08-07-2026,10-16-2025,10-16-2025,10-16-2025,,10-16-2025,08-16-2026
Wg87H6I_8dad5dca7bb0b3a5,AzyqG3UtA3OXYScy,,Book Club Members; Annual,,,[name],[name],,I didn’t expect to be charged,i_didnt_expect_to_be_charged_2010816994,Not ready to commit to annual membership,not_ready_to_commit_to_annual_membership,,Pricing (Digital),pricing_digital,3,I don't need a summary service generally. Just needed it for one task a year ago,,u_dab2b6bdde39c359,I thought I canceled a year ago after I did the one thing I needed. Didn't find out I still had the subscription until I got another charge today :(,,,1,,,Canceled,2026-08-07T17:06:24.000Z,2026-08-07T17:07:53.000Z,2026-08-07T17:07:53.000Z,,40.9,2026-08-07T17:07:53.000Z,cancel,Valid Cancel,annual,2027-08-07T05:02:25.000Z,2027-08-07T05:02:25.000Z,3.0,3.0,36.0,Brightback,,,,,,,AzyqG3UtA3OXYScy,2025-08-07T05:02:24.000Z,,2025-08-07T05:02:25.000Z,,h_258bb3bfa07353dc,,1,2025-08-07T05:02:25.000Z,USD,u_dab2b6bdde39c359,ACTIVE,h_e7c5f5be9bb21370,[name],,,,2026-08-07T05:02:25.000Z,book_club_member,,1,annual,2025-08-07T05:02:25.000Z,_UNKNOWN,3600,YEAR,,,,[name],2027-08-07T05:02:25.000Z,,300,,2027-08-07T05:02:25.000Z,2025-08-07T05:02:25.000Z,3600,,,,,,BCM Experience [July 2025] [25% one-time / No Entry Modal],,08-07-2025,,08-07-2026,08-07-2025,08-07-2025,08-07-2025,,08-07-2025,08-07-2027
Wg879hx_8e574a076d759a0e,16BgDLVR3pH0W5itD,,Students; fallback,,,[name],[name],,I didn’t expect to be charged,i_didnt_expect_to_be_charged_2010816994,Not ready to commit to annual membership,not_ready_to_commit_to_annual_membership,,Pricing (Digital),pricing_digital,1,,,u_b5961b2ad39ddf90,,,,0,,,Canceled,2026-08-07T09:44:06.000Z,2026-08-07T09:45:11.000Z,2026-08-07T09:45:12.000Z,,41.2,2026-08-07T09:45:12.000Z,cancel,Valid Cancel,annual,2027-08-01T15:50:38.000Z,2027-08-01T15:50:38.000Z,3.0,3.0,36.0,Brightback,,,,,,,16BgDLVR3pH0W5itD,2023-06-06T17:59:28.000Z,,2026-08-01T15:50:38.000Z,,h_e184153143097786,,1,2026-08-01T15:50:38.000Z,USD,u_b5961b2ad39ddf90,ACTIVE,h_854217055b3c1aba,[name],,,,2026-08-01T15:50:38.000Z,student,,1,annual_essentials,2026-08-01T15:50:38.000Z,_UNKNOWN,3600,YEAR,,,,[name],2027-08-01T15:50:38.000Z,,300,,2027-08-01T15:50:38.000Z,2026-08-01T15:50:38.000Z,3600,,,,,,Student Experience [July 2025] [25% one-time / No Entry Modal],,08-01-2026,,08-07-2026,08-01-2026,08-01-2026,06-06-2023,,08-01-2026,08-01-2027
Wg86NEf_b633f211a251de79,16BVHnUKiPQ4d6TZH,,Parents; Annual,,,[name],[name],,I didn’t expect to be charged,i_didnt_expect_to_be_charged_2010816994,Not ready to commit to annual membership,not_ready_to_commit_to_annual_membership,,Pricing (Digital),pricing_digital,1,,,u_1c3dbd2975e6d044,,,,0,,,Canceled,2026-08-06T23:14:44.000Z,2026-08-06T23:15:02.000Z,2026-08-06T23:15:02.000Z,,41.64,2026-08-06T23:15:02.000Z,cancel,Valid Cancel,annual,2027-08-06T23:12:21.000Z,2027-08-06T23:12:21.000Z,3.0,3.0,36.0,Brightback,,,,,,,16BVHnUKiPQ4d6TZH,2024-08-06T23:12:19.000Z,,2024-08-06T23:12:21.000Z,,h_1e242465d28eaf3f,,1,2024-08-06T23:12:21.000Z,USD,u_1c3dbd2975e6d044,ACTIVE,h_64ed1beb21487b34,[name],,,,2026-08-06T23:12:21.000Z,parent_of_student,,1,annual,2024-08-06T23:12:21.000Z,_UNKNOWN,3600,YEAR,,,High School,[name],2027-08-06T23:12:21.000Z,,300,,2027-08-06T23:12:21.000Z,2024-08-06T23:12:21.000Z,3600,,,,,,Parent Experience [July 2025] [25% one-time / Modal],,08-06-2024,,08-06-2026,08-06-2024,08-06-2024,08-06-2024,,08-06-2024,08-06-2027
Wg86LJa_a8743b1f8917afc9,AzyheMVRYOI5y31Sa,,fallback,,,[name],[name],,I didn’t expect to be charged,i_didnt_expect_to_be_charged_2010816994,Not ready to commit to annual membership,not_ready_to_commit_to_annual_membership,,Pricing (Digital),pricing_digital,1,,,u_f1349df4fb7fde45,,,,0,,,Canceled,2026-08-06T21:19:43.000Z,2026-08-06T21:20:05.000Z,2026-08-06T21:20:06.000Z,,41.72,2026-08-06T21:20:06.000Z,cancel,Valid Cancel,annual,2027-08-06T21:17:54.000Z,2027-08-06T21:17:54.000Z,3.0,3.0,36.0,Brightback,,,,,,,AzyheMVRYOI5y31Sa,2026-08-06T21:17:53.000Z,,2026-08-06T21:17:54.000Z,,h_edd092cade213e89,,1,2026-08-06T21:17:54.000Z,USD,u_f1349df4fb7fde45,ACTIVE,h_2e2350cb6f9d7115,[name],,,,2026-08-06T21:17:54.000Z,other,,1,annual_essentials,2026-08-06T21:17:54.000Z,_UNKNOWN,3600,YEAR,,,,[name],2027-08-06T21:17:54.000Z,,300,,2027-08-06T21:17:54.000Z,2026-08-06T21:17:54.000Z,3600,,,,,,Default/Fallback [July 2025] [25% one time / No entry modal],,08-06-2026,,08-06-2026,08-06-2026,08-06-2026,08-06-2026,,08-06-2026,08-06-2027
Wg86Ivt_bd945a18bb1a4634,AzywlbUKbGAqk4EnJ,,Parents; Annual,,,[name],[name],,I didn’t expect to be charged,i_didnt_expect_to_be_charged_2010816994,Not ready to commit to annual membership,not_ready_to_commit_to_annual_membership,,Pricing (Digital),pricing_digital,5,,,u_eaab59524e4545e6,,,,0,,,Canceled,2026-08-06T18:58:00.000Z,2026-08-06T18:58:32.000Z,2026-08-06T18:58:32.000Z,,41.82,2026-08-06T18:58:32.000Z,cancel,Valid Cancel,annual,2027-08-05T17:51:43.000Z,2027-08-05T17:51:43.000Z,3.0,3.0,36.0,Brightback,,,,,,,AzywlbUKbGAqk4EnJ,2024-08-05T17:51:41.000Z,,2024-08-05T17:51:43.000Z,,h_d6cfff5b00a161b6,,1,2024-08-05T17:51:43.000Z,USD,u_eaab59524e4545e6,ACTIVE,h_24ba36c67fce572b,[name],,,,2026-08-05T17:51:43.000Z,parent_of_student,,1,annual,2024-08-05T17:51:43.000Z,_UNKNOWN,3600,YEAR,,,Middle School,[name],2027-08-05T17:51:43.000Z,,300,,2027-08-05T17:51:43.000Z,2024-08-05T17:51:43.000Z,3600,,,,,,Parent Experience [July 2025] [25% one-time / Modal],,08-05-2024,,08-06-2026,08-05-2024,08-05-2024,08-05-2024,,08-05-2024,08-05-2027
Wg86IbM_a523b3214c7ad6eb,AzqFyPUt7Tx1x3Gs4,,fallback,,,[name],[name],,I didn’t expect to be charged,i_didnt_expect_to_be_charged_2010816994,Not ready to commit to annual membership,not_ready_to_commit_to_annual_membership,,Pricing (Digital),pricing_digital,3,,,u_8f881f1aa4cbf518,,,,0,,,Canceled,2026-08-06T18:37:25.000Z,2026-08-06T18:37:48.000Z,2026-08-06T18:37:48.000Z,,41.83,2026-08-06T18:37:48.000Z,cancel,Valid Cancel,annual,2027-08-06T18:29:06.000Z,2027-08-06T18:29:06.000Z,3.0,3.0,36.0,Brightback,,,,,,,AzqFyPUt7Tx1x3Gs4,2025-08-06T18:29:04.000Z,,2025-08-06T18:29:06.000Z,,h_aea7ef0498e28ac0,,1,2025-08-06T18:29:06.000Z,USD,u_8f881f1aa4cbf518,ACTIVE,h_7461525821682865,[name],,,,2026-08-06T18:29:06.000Z,other,,1,annual,2025-08-06T18:29:06.000Z,_UNKNOWN,3600,YEAR,,,,[name],2027-08-06T18:29:06.000Z,,300,,2027-08-06T18:29:06.000Z,2025-08-06T18:29:06.000Z,3600,,,,,,Default/Fallback [July 2025] [25% one time / No entry modal],,08-06-2025,,08-06-2026,08-06-2025,08-06-2025,08-06-2025,,08-06-2025,08-06-2027
Wg86I0A_a10aca1f574407ff,16BWR0VRXAcIX27nz,,Students; fallback,,,[name],[name],,I didn’t expect to be charged,i_didnt_expect_to_be_charged_2010816994,Not ready to commit to annual membership,not_ready_to_commit_to_annual_membership,,Pricing (Digital),pricing_digital,3,,,u_b020b1c3844de950,,,,0,,,Canceled,2026-08-06T18:00:25.000Z,2026-08-06T18:04:42.000Z,2026-08-06T18:04:43.000Z,,41.86,2026-08-06T18:04:43.000Z,cancel,Valid Cancel,monthly,2026-09-06T16:17:19.000Z,2026-09-06T16:17:19.000Z,16.65,16.65,16.65,Brightback,,,,,,,16BWR0VRXAcIX27nz,2026-08-06T16:12:24.000Z,,2026-08-06T16:17:19.000Z,,h_9ee12cdf87d07eec,,1,2026-08-06T16:17:19.000Z,USD,u_b020b1c3844de950,ACTIVE,h_09bf043203448ecd,[name],,,,2026-08-06T16:17:19.000Z,student,,1,monthly_plus,2026-08-06T16:17:19.000Z,_UNKNOWN,1665,MONTH,,,Postgrad Program,[name],2026-09-06T16:17:19.000Z,,1665,,2026-09-06T16:17:19.000Z,2026-08-06T16:17:19.000Z,1665,,,,,,Student Experience [July 2025] [25% one-time / No Entry Modal],,08-06-2026,,08-06-2026,08-06-2026,08-06-2026,08-06-2026,,08-06-2026,09-06-2026
Wg86Grd_a0b66881a9550924,16BRGNUsMP8Oh2t2n,,Book Club Members; Annual,,,[name],[name],,I didn’t expect to be charged,i_didnt_expect_to_be_charged_2010816994,Not ready to commit to annual membership,not_ready_to_commit_to_annual_membership,,Pricing (Digital),pricing_digital,2,I do not need a service like this.,,u_ce9b0916bab9bd36,,,,0,,,Canceled,2026-08-06T16:53:42.000Z,2026-08-06T16:54:29.000Z,2026-08-06T16:54:30.000Z,,41.91,2026-08-06T16:54:30.000Z,cancel,Valid Cancel,annual,2027-07-29T17:15:10.000Z,2027-07-29T17:15:10.000Z,3.0,3.0,36.0,Brightback,,,,,,,16BRGNUsMP8Oh2t2n,2025-07-29T17:15:08.000Z,,2025-07-29T17:15:10.000Z,,h_c2ad7722ecc4f0a6,,1,2025-07-29T17:15:10.000Z,USD,u_ce9b0916bab9bd36,ACTIVE,h_9ac8e3d4aea3e712,[name],,,,2026-07-29T17:15:10.000Z,book_club_member,,1,annual,2025-07-29T17:15:10.000Z,_UNKNOWN,3600,YEAR,,,,[name],2027-07-29T17:15:10.000Z,,300,,2027-07-29T17:15:10.000Z,2025-07-29T17:15:10.000Z,3600,,,,,,BCM Experience [July 2025] [25% one-time / No Entry Modal],,07-29-2025,,08-06-2026,07-29-2025,07-29-2025,07-29-2025,,07-29-2025,07-29-2027
Wg86BhZ_85b38664e86195e8,1666808,,fallback,,,[name],[name],[name],I didn’t expect to be charged,i_didnt_expect_to_be_charged_2010816994,Not ready to commit to annual membership,not_ready_to_commit_to_annual_membership,,Pricing (Digital),pricing_digital,1,G,,u_37e8906964c4e1f7,G,,,1,16.65,,Canceled,2026-08-06T11:43:41.000Z,2026-08-06T11:43:52.000Z,2026-08-06T11:43:53.000Z,,42.12,2026-08-06T11:43:53.000Z,cancel,Valid Cancel,monthly,2026-09-06T11:36:23.000Z,,16.65,16.65,16.65,Brightback,,,,1,16.65,2026-08-09T11:36:31.000Z,1666808,2026-06-06T11:36:21.000Z,,2026-06-06T11:36:23.000Z,,h_3a20ecbb0fc27396,,1,2026-06-06T11:36:23.000Z,USD,u_37e8906964c4e1f7,NON_RENEWING,h_ca3aed6a9736201d,[name],16.65,monthly_plus,,2026-08-06T11:36:23.000Z,other,,1,monthly_plus,2026-06-06T11:36:23.000Z,_UNKNOWN,1665,MONTH,monthly_plus,,,[name],,,1665,,2026-09-06T11:36:23.000Z,2026-06-06T11:36:23.000Z,1665,[name],,https://www.supersummary.com/subscription,https://www.supersummary.com/subscription/confirming/cancel,,Default/Fallback [July 2025] [25% one time / No entry modal],,06-06-2026,,08-06-2026,06-06-2026,06-06-2026,06-06-2026,,06-06-2026,
Wg86Bgx_bd8d3ea95b195f21,16CXbQVLlLpXq2hlS,,fallback,,,[name],[name],,I didn’t expect to be charged,i_didnt_expect_to_be_charged_2010816994,Not ready to commit to annual membership,not_ready_to_commit_to_annual_membership,,Pricing (Digital),pricing_digital,1,Ff,,u_37e8906964c4e1f7,,,,0,,,Canceled,2026-08-06T11:43:02.000Z,2026-08-06T11:43:27.000Z,2026-08-06T11:43:27.000Z,,42.12,2026-08-06T11:43:27.000Z,cancel,Valid Cancel,monthly,2026-09-06T11:36:23.000Z,2026-09-06T11:36:23.000Z,16.65,16.65,16.65,Brightback,,,,,,,16CXbQVLlLpXq2hlS,2026-06-06T11:36:21.000Z,,2026-06-06T11:36:23.000Z,,h_3a20ecbb0fc27396,,1,2026-06-06T11:36:23.000Z,USD,u_37e8906964c4e1f7,ACTIVE,h_ca3aed6a9736201d,[name],,,,2026-08-06T11:36:23.000Z,other,,1,monthly_plus,2026-06-06T11:36:23.000Z,_UNKNOWN,1665,MONTH,,,,[name],2026-09-06T11:36:23.000Z,,1665,,2026-09-06T11:36:23.000Z,2026-06-06T11:36:23.000Z,1665,,,,,,Default/Fallback [July 2025] [25% one time / No entry modal],,06-06-2026,,08-06-2026,06-06-2026,06-06-2026,06-06-2026,,06-06-2026,09-06-2026
Wg863Lw_bdb814e502836d1a,1717391,,Students; fallback,,,[name],[name],[name],I didn’t expect to be charged,i_didnt_expect_to_be_charged_2010816994,Not ready to commit to annual membership,not_ready_to_commit_to_annual_membership,,Pricing (Digital),pricing_digital,1,l,,u_4fdc8cab4a6b9d5c,;,,,1,9.95,,Canceled,2026-08-06T03:22:03.000Z,2026-08-06T03:22:18.000Z,2026-08-06T03:22:18.000Z,,42.47,2026-08-06T03:22:54.000Z,cancel,Valid Cancel,monthly,2026-09-05T02:35:15.000Z,2026-09-05T02:35:15.000Z,9.95,9.95,9.95,Brightback,,,,,,,1717391,2026-08-05T02:35:12.000Z,,2026-08-05T02:35:15.000Z,,h_3750bc37ee8da896,,1,2026-08-05T02:35:15.000Z,USD,u_4fdc8cab4a6b9d5c,ACTIVE,h_8f45412383673776,[name],9.95,monthly_essentials,,2026-08-05T02:35:15.000Z,student,,1,monthly_essentials,2026-08-05T02:35:15.000Z,_UNKNOWN,995,MONTH,monthly_essentials,,College,[name],2026-09-05T02:35:15.000Z,,995,,2026-09-05T02:35:15.000Z,2026-08-05T02:35:15.000Z,995,[name],,https://www.supersummary.com/subscription,https://www.supersummary.com/subscription/confirming/cancel,,Student Experience [July 2025] [25% one-time / No Entry Modal],,08-05-2026,,08-06-2026,08-05-2026,08-05-2026,08-05-2026,,08-05-2026,09-05-2026
Wg860vp_8edb4f88e52192ba,1709974,,fallback,,,[name],[name],[name],I didn’t expect to be charged,i_didnt_expect_to_be_charged_2010816994,Not ready to commit to annual membership,not_ready_to_commit_to_annual_membership,,Pricing (Digital),pricing_digital,2,,,u_58102eb9067eaca2,,,,0,36.0,,Canceled,2026-08-06T00:58:02.000Z,2026-08-06T00:59:01.000Z,2026-08-06T00:59:01.000Z,,42.57,2026-08-06T00:59:01.000Z,cancel,Valid Cancel,annual,2027-07-29T00:15:37.000Z,2027-07-29T00:15:37.000Z,3.0,3.0,36.0,Brightback,,,,,,,1709974,2026-07-29T00:15:36.000Z,,2026-07-29T00:15:37.000Z,,h_b4c2ea65f251c8b3,,1,2026-07-29T00:15:37.000Z,USD,u_58102eb9067eaca2,ACTIVE,h_25d61e80426a8664,[name],36.0,annual_essentials,,2026-07-29T00:15:37.000Z,other,,1,annual_essentials,2026-07-29T00:15:37.000Z,_UNKNOWN,3600,YEAR,annual_essentials,,,[name],2027-07-29T00:15:37.000Z,,300,,2027-07-29T00:15:37.000Z,2026-07-29T00:15:37.000Z,3600,[name],,https://www.supersummary.com/subscription,https://www.supersummary.com/subscription/confirming/cancel,,Default/Fallback [July 2025] [25% one time / No entry modal],,07-29-2026,,08-06-2026,07-29-2026,07-29-2026,07-29-2026,,07-29-2026,07-29-2027
Wg85NVq_afab5b7d93f64cde,1718446,,Students; fallback,,,[name],[name],[name],I didn’t expect to be charged,i_didnt_expect_to_be_charged_2010816994,Not ready to commit to annual membership,not_ready_to_commit_to_annual_membership,,Pricing (Digital),pricing_digital,1,My brain,,u_c812d19aea21ec5c,It was good. Just didn't fancy it,,,1,36.0,,Canceled,2026-08-05T23:31:58.000Z,2026-08-05T23:32:30.000Z,2026-08-05T23:32:31.000Z,,42.63,2026-08-05T23:32:31.000Z,cancel,Valid Cancel,annual,2027-08-05T22:57:01.000Z,2027-08-05T22:57:01.000Z,3.0,3.0,36.0,Brightback,,,,,,,1718446,2026-08-05T22:56:59.000Z,,2026-08-05T22:57:01.000Z,,h_04a4c227152f1511,,1,2026-08-05T22:57:01.000Z,USD,u_c812d19aea21ec5c,ACTIVE,h_5051632c88d696fd,[name],36.0,annual_essentials,,2026-08-05T22:57:01.000Z,student,,1,annual_essentials,2026-08-05T22:57:01.000Z,_UNKNOWN,3600,YEAR,annual_essentials,,College,[name],2027-08-05T22:57:01.000Z,,300,,2027-08-05T22:57:01.000Z,2026-08-05T22:57:01.000Z,3600,[name],,https://www.supersummary.com/subscription,https://www.supersummary.com/subscription/confirming/cancel,,Student Experience [July 2025] [25% one-time / No Entry Modal],,08-05-2026,,08-05-2026,08-05-2026,08-05-2026,08-05-2026,,08-05-2026,08-05-2027
Wg85N0i_b0f8f9ea73fe00b1,AzqNRUSfFyrlu1LQ8,,Parents; Annual,,,[name],[name],,I didn’t expect to be charged,i_didnt_expect_to_be_charged_2010816994,Not ready to commit to annual membership,not_ready_to_commit_to_annual_membership,,Pricing (Digital),pricing_digital,5,Nothing. ,,u_a2656776f53ca6f0,NA,,,1,,,Canceled,2026-08-05T23:00:45.000Z,2026-08-05T23:01:39.000Z,2026-08-05T23:01:39.000Z,,42.65,2026-08-05T23:01:39.000Z,cancel,Valid Cancel,annual,2027-08-05T22:57:18.000Z,2027-08-05T22:57:18.000Z,3.0,3.0,36.0,Brightback,,,,,,,AzqNRUSfFyrlu1LQ8,2021-08-05T22:56:33.000Z,,2021-08-05T22:57:18.000Z,,h_4d6b94469f72d9af,,1,2021-08-05T22:57:18.000Z,USD,u_a2656776f53ca6f0,ACTIVE,h_b39b52a17211dcf1,[name],,,,2026-08-05T22:57:18.000Z,parent_of_student,,1,annual,2021-08-05T22:57:18.000Z,_UNKNOWN,3600,YEAR,,,Middle School,[name],2027-08-05T22:57:18.000Z,,300,,2027-08-05T22:57:18.000Z,2021-08-05T22:57:18.000Z,3600,,,,,,Parent Experience [July 2025] [25% one-time / Modal],,08-05-2021,,08-05-2026,08-05-2021,08-05-2021,08-05-2021,,08-05-2021,08-05-2027
Wg85JxN_906113df44914046,1718232,,Students; fallback,,,[name],[name],[name],I didn’t expect to be charged,i_didnt_expect_to_be_charged_2010816994,Not ready to commit to annual membership,not_ready_to_commit_to_annual_membership,,Pricing (Digital),pricing_digital,5,,,u_3e136e5730d1dd67,,,,0,9.95,,Canceled,2026-08-05T19:59:27.000Z,2026-08-05T19:59:45.000Z,2026-08-05T19:59:45.000Z,,42.78,2026-08-05T19:59:45.000Z,cancel,Valid Cancel,monthly,2026-09-05T19:49:20.000Z,2026-09-05T19:49:20.000Z,9.95,9.95,9.95,Brightback,,,,,,,1718232,2026-08-05T19:49:18.000Z,,2026-08-05T19:49:20.000Z,,h_c4054f44b22b989d,,1,2026-08-05T19:49:20.000Z,USD,u_3e136e5730d1dd67,ACTIVE,h_6ed6dbc70a9320f2,[name],9.95,monthly_essentials,,2026-08-05T19:49:20.000Z,student,,1,monthly_essentials,2026-08-05T19:49:20.000Z,_UNKNOWN,995,MONTH,monthly_essentials,,Postgrad Program,[name],2026-09-05T19:49:20.000Z,,995,,2026-09-05T19:49:20.000Z,2026-08-05T19:49:20.000Z,995,[name],,https://www.supersummary.com/subscription,https://www.supersummary.com/subscription/confirming/cancel,,Student Experience [July 2025] [25% one-time / No Entry Modal],,08-05-2026,,08-05-2026,08-05-2026,08-05-2026,08-05-2026,,08-05-2026,09-05-2026
Wg85JTn_b033eedd4fad3af1,16CIZKVRS64bJjNP,,fallback,,,[name],[name],,I didn’t expect to be charged,i_didnt_expect_to_be_charged_2010816994,Not ready to commit to annual membership,not_ready_to_commit_to_annual_membership,,Pricing (Digital),pricing_digital,5,,,u_33f841535fec7218,,,,0,,,Canceled,2026-08-05T19:29:52.000Z,2026-08-05T19:30:13.000Z,2026-08-05T19:30:13.000Z,,42.8,2026-08-05T19:30:13.000Z,cancel,Valid Cancel,annual,2027-08-05T19:27:54.000Z,2027-08-05T19:27:54.000Z,5.0,5.0,60.0,Brightback,,,,,,,16CIZKVRS64bJjNP,2026-08-05T19:27:52.000Z,,2026-08-05T19:27:54.000Z,,h_3155d748a3b312d7,,1,2026-08-05T19:27:54.000Z,USD,u_33f841535fec7218,ACTIVE,h_38df732037a234dc,[name],,,,2026-08-05T19:27:54.000Z,avid_reader,,1,annual_plus,2026-08-05T19:27:54.000Z,_UNKNOWN,6000,YEAR,,,,[name],2027-08-05T19:27:54.000Z,,500,,2027-08-05T19:27:54.000Z,2026-08-05T19:27:54.000Z,6000,,,,,,Default/Fallback [July 2025] [25% one time / No entry modal],,08-05-2026,,08-05-2026,08-05-2026,08-05-2026,08-05-2026,,08-05-2026,08-05-2027
Wg85Iwe_844748f696bf4c2f,AzywuIUNS0SFj6v9v,,Parents; Monthly,,,[name],[name],,I didn’t expect to be charged,i_didnt_expect_to_be_charged_2010816994,Not ready to commit to annual membership,not_ready_to_commit_to_annual_membership,,Pricing (Digital),pricing_digital,6,,,u_c781e331dbbb159d,,,,0,,,Canceled,2026-08-05T18:58:44.000Z,2026-08-05T18:59:22.000Z,2026-08-05T18:59:22.000Z,,42.82,2026-08-05T18:59:22.000Z,cancel,Valid Cancel,monthly,2026-09-04T23:19:28.000Z,2026-09-04T23:19:28.000Z,9.95,9.95,9.95,Brightback,,,,,,,AzywuIUNS0SFj6v9v,2024-09-04T23:19:26.000Z,,2024-09-04T23:19:28.000Z,,h_a80316dfac8863d8,,1,2024-09-04T23:19:28.000Z,USD,u_c781e331dbbb159d,ACTIVE,h_269a94aca03b0fc5,[name],,,,2026-08-04T23:19:28.000Z,parent_of_student,,1,monthly,2024-09-04T23:19:28.000Z,_UNKNOWN,995,MONTH,,,Middle School,[name],2026-09-04T23:19:28.000Z,,995,,2026-09-04T23:19:28.000Z,2024-09-04T23:19:28.000Z,995,,,,,,Parent Experience [July 2025] [40% forever / No entry modal],,09-04-2024,,08-05-2026,09-04-2024,09-04-2024,09-04-2024,,09-04-2024,09-04-2026
Wg85HJp_a422695da7f5bace,1546044,,Students; fallback,,,[name],[name],[name],I didn’t expect to be charged,i_didnt_expect_to_be_charged_2010816994,Not ready to commit to annual membership,not_ready_to_commit_to_annual_membership,,Pricing (Digital),pricing_digital,7,,,u_e832ea331379db2c,,,,0,9.95,,Canceled,2026-08-05T17:19:57.000Z,2026-08-05T17:20:25.000Z,2026-08-05T17:20:25.000Z,,42.89,2026-08-05T17:20:25.000Z,cancel,Valid Cancel,monthly,2026-09-05T16:16:51.000Z,2026-09-05T16:16:51.000Z,9.95,9.95,9.95,Brightback,,,,,,,1546044,2026-03-05T16:16:48.000Z,,2026-03-05T16:16:51.000Z,,h_0e3cfc13a7a45174,,1,2026-03-05T16:16:51.000Z,USD,u_e832ea331379db2c,ACTIVE,h_bed8ec428c1fc2ac,[name],9.95,monthly_essentials,,2026-08-05T16:16:51.000Z,student,,1,monthly_essentials,2026-03-05T16:16:51.000Z,_UNKNOWN,995,MONTH,monthly_essentials,,High School,[name],2026-09-05T16:16:51.000Z,,995,,2026-09-05T16:16:51.000Z,2026-03-05T16:16:51.000Z,995,[name],,https://www.supersummary.com/subscription,https://www.supersummary.com/subscription/confirming/cancel,,Student Experience [July 2025] [25% one-time / No Entry Modal],,03-05-2026,,08-05-2026,03-05-2026,03-05-2026,03-05-2026,,03-05-2026,09-05-2026
Wg85Hj0_af0ab91f6db49d62,169z4mVQuEXKU3aHl,,Students; fallback,,,[name],[name],,I didn’t expect to be charged,i_didnt_expect_to_be_charged_2010816994,Not ready to commit to annual membership,not_ready_to_commit_to_annual_membership,,Pricing (Digital),pricing_digital,4,Unsure,,u_74cb886a12a5cbd9,Great site!,,,1,,,Canceled,2026-08-05T17:45:03.000Z,2026-08-05T17:45:46.000Z,2026-08-05T17:45:46.000Z,,42.87,2026-08-05T17:45:46.000Z,cancel,Valid Cancel,monthly,2026-08-31T00:28:16.000Z,2026-08-31T00:28:16.000Z,9.95,9.95,9.95,Brightback,,,,,,,169z4mVQuEXKU3aHl,2026-07-31T00:28:13.000Z,,2026-07-31T00:28:16.000Z,,h_3626ff6b77b40ac8,,1,2026-07-31T00:28:16.000Z,USD,u_74cb886a12a5cbd9,ACTIVE,h_dbd412f002fa85dd,[name],,,,2026-07-31T00:28:16.000Z,student,,1,monthly_essentials,2026-07-31T00:28:16.000Z,_UNKNOWN,995,MONTH,,,College,[name],2026-08-31T00:28:16.000Z,,995,,2026-08-31T00:28:16.000Z,2026-07-31T00:28:16.000Z,995,,,,,,Student Experience [July 2025] [25% one-time / No Entry Modal],,07-31-2026,,08-05-2026,07-31-2026,07-31-2026,07-31-2026,,07-31-2026,08-31-2026
Wg85GTJ_a78a76303bc405de,1707329,,Students; fallback,,,[name],[name],[name],I didn’t expect to be charged,i_didnt_expect_to_be_charged_2010816994,Not ready to commit to annual membership,not_ready_to_commit_to_annual_membership,,Pricing (Digital),pricing_digital,8,,,u_4d94347248fbc6b0,,,,0,60.0,,Canceled,2026-08-05T19:47:21.000Z,2026-08-05T19:47:31.000Z,2026-08-05T19:47:31.000Z,,42.79,2026-08-05T19:47:31.000Z,cancel,Valid Cancel,annual,2027-07-26T16:18:21.000Z,,5.0,5.0,60.0,Brightback,,,,,,,1707329,2026-07-26T16:18:19.000Z,,2026-07-26T16:18:21.000Z,,h_44f6a08b528dd4ec,,1,2026-07-26T16:18:21.000Z,USD,u_4d94347248fbc6b0,NON_RENEWING,h_2b92bf2fbf526b9d,[name],60.0,annual_plus,,2026-07-26T16:18:21.000Z,student,,1,annual_plus,2026-07-26T16:18:21.000Z,_UNKNOWN,6000,YEAR,annual_plus,,Postgrad Program,[name],,,500,,2027-07-26T16:18:21.000Z,2026-07-26T16:18:21.000Z,6000,[name],,https://www.supersummary.com/subscription,https://www.supersummary.com/subscription/confirming/cancel,,Student Experience [July 2025] [25% one-time / No Entry Modal],,07-26-2026,,08-05-2026,07-26-2026,07-26-2026,07-26-2026,,07-26-2026,
Wg85GSo_bd770e7ad90ff9d7,169kHgVQUr6BOFz0,,Students; fallback,,,[name],[name],,I didn’t expect to be charged,i_didnt_expect_to_be_charged_2010816994,Not ready to commit to annual membership,not_ready_to_commit_to_annual_membership,,Pricing (Digital),pricing_digital,8,,,u_4d94347248fbc6b0,,,,0,,,Canceled,2026-08-05T16:28:51.000Z,2026-08-05T16:29:11.000Z,2026-08-05T16:29:11.000Z,,42.92,2026-08-05T16:29:11.000Z,cancel,Valid Cancel,annual,2027-07-26T16:18:21.000Z,2027-07-26T16:18:21.000Z,5.0,5.0,60.0,Brightback,,,,,,,169kHgVQUr6BOFz0,2026-07-26T16:18:19.000Z,,2026-07-26T16:18:21.000Z,,h_44f6a08b528dd4ec,,1,2026-07-26T16:18:21.000Z,USD,u_4d94347248fbc6b0,ACTIVE,h_2b92bf2fbf526b9d,[name],,,,2026-07-26T16:18:21.000Z,student,,1,annual_plus,2026-07-26T16:18:21.000Z,_UNKNOWN,6000,YEAR,,,Postgrad Program,[name],2027-07-26T16:18:21.000Z,,500,,2027-07-26T16:18:21.000Z,2026-07-26T16:18:21.000Z,6000,,,,,,Student Experience [July 2025] [25% one-time / No Entry Modal],,07-26-2026,,08-05-2026,07-26-2026,07-26-2026,07-26-2026,,07-26-2026,07-26-2027
Wg85DiI_a6716eb0d297eead,1030190,,Book Club Members; Annual,,,[name],[name],[name],I didn’t expect to be charged,i_didnt_expect_to_be_charged_2010816994,Not ready to commit to annual membership,not_ready_to_commit_to_annual_membership,,Pricing (Digital),pricing_digital,1,,,u_a86388d850ae3331,,,,0,36.0,,Canceled,2026-08-05T13:44:42.000Z,2026-08-05T13:45:25.000Z,2026-08-05T13:45:25.000Z,,43.04,2026-08-05T13:45:25.000Z,cancel,Valid Cancel,annual,2027-08-04T23:27:29.000Z,2027-08-04T23:27:29.000Z,3.0,3.0,36.0,Brightback,,,,,,,1030190,2025-08-04T23:27:27.000Z,,2025-08-04T23:27:29.000Z,,h_5938fae8d5caf72a,,1,2025-08-04T23:27:29.000Z,USD,u_a86388d850ae3331,ACTIVE,h_c1061293eec2d6a6,[name],36.0,annual,,2026-08-04T23:27:29.000Z,book_club_member,,1,annual,2025-08-04T23:27:29.000Z,_UNKNOWN,3600,YEAR,annual,,,[name],2027-08-04T23:27:29.000Z,,300,,2027-08-04T23:27:29.000Z,2025-08-04T23:27:29.000Z,3600,[name],,https://www.supersummary.com/subscription,https://www.supersummary.com/subscription/confirming/cancel,,BCM Experience [July 2025] [25% one-time / No Entry Modal],,08-04-2025,,08-05-2026,08-04-2025,08-04-2025,08-04-2025,,08-04-2025,08-04-2027
Wg85APo_8fa4c42bd9e30546,AzZi4lUszWwHd19xV,,Teachers; Annual,,,[name],[name],,I didn’t expect to be charged,i_didnt_expect_to_be_charged_2010816994,Not ready to commit to annual membership,not_ready_to_commit_to_annual_membership,,Pricing (Digital),pricing_digital,3,,,u_7dc4f787eee3f0b6,,,,0,,,Canceled,2026-08-05T10:25:54.000Z,2026-08-05T10:26:21.000Z,2026-08-07T21:08:33.000Z,,43.18,2026-08-07T21:08:33.000Z,cancel,Valid Cancel,annual,2027-08-05T09:50:47.000Z,2027-08-05T09:50:47.000Z,3.0,3.0,36.0,Brightback,,,,,,,AzZi4lUszWwHd19xV,2025-08-05T09:50:45.000Z,,2025-08-05T09:50:47.000Z,,h_2560897d8aec516d,,1,2025-08-05T09:50:47.000Z,USD,u_7dc4f787eee3f0b6,ACTIVE,h_6acd01dc3af843ad,[name],,,,2026-08-05T09:50:47.000Z,teacher,,1,annual,2025-08-05T09:50:47.000Z,_UNKNOWN,3600,YEAR,,,Middle School,[name],2027-08-05T09:50:47.000Z,,300,,2027-08-05T09:50:47.000Z,2025-08-05T09:50:47.000Z,3600,,,,,,Teacher Experience [July 2025] [40% one-time / Modal],,08-05-2025,,08-05-2026,08-05-2025,08-05-2025,08-05-2025,,08-05-2025,08-05-2027
Wg854nx_bcd25df7a3153b21,16BVYfVNtrBDD5G0,,Book Club Members; fallback,,,[name],[name],,I didn’t expect to be charged,i_didnt_expect_to_be_charged_2010816994,Not ready to commit to annual membership,not_ready_to_commit_to_annual_membership,,Pricing (Digital),pricing_digital,1,,,u_c2255a0484996027,I just don’t need it ,,,1,,,Canceled,2026-08-05T04:50:01.000Z,2026-08-05T04:50:32.000Z,2026-08-05T04:50:32.000Z,,43.41,2026-08-05T04:50:32.000Z,cancel,Valid Cancel,monthly,2026-08-29T03:28:51.000Z,2026-08-29T03:28:51.000Z,9.95,9.95,9.95,Brightback,,,,,,,16BVYfVNtrBDD5G0,2026-06-29T03:28:50.000Z,,2026-06-29T03:28:51.000Z,,h_cbfbac46cb1a7851,,1,2026-06-29T03:28:51.000Z,USD,u_c2255a0484996027,ACTIVE,h_dd4db747fcc2fa1e,[name],,,,2026-07-29T03:28:51.000Z,book_club_member,,1,monthly_essentials,2026-06-29T03:28:51.000Z,_UNKNOWN,995,MONTH,,,,[name],2026-08-29T03:28:51.000Z,,995,,2026-08-29T03:28:51.000Z,2026-06-29T03:28:51.000Z,995,,,,,,BCM Experience [July 2025] [25% one-time / No Entry Modal],,06-29-2026,,08-05-2026,06-29-2026,06-29-2026,06-29-2026,,06-29-2026,08-29-2026
Wg853oN_8a30d63a720deb48,1714517,,Teachers; fallback,,,[name],[name],[name],I didn’t expect to be charged,i_didnt_expect_to_be_charged_2010816994,Not ready to commit to annual membership,not_ready_to_commit_to_annual_membership,,Pricing (Digital),pricing_digital,6,,,u_189c45db6ece3ea6,"By not charging immediately. You claim it free for 7 days, but then straight away bill my account. ",,,1,36.0,,Canceled,2026-08-05T03:50:37.000Z,2026-08-05T03:52:35.000Z,2026-08-05T03:52:35.000Z,,43.45,2026-08-05T03:52:35.000Z,cancel,Valid Cancel,annual,2027-08-03T00:45:56.000Z,2027-08-03T00:45:56.000Z,3.0,3.0,36.0,Brightback,,,,,,,1714517,2026-08-03T00:45:54.000Z,,2026-08-03T00:45:56.000Z,,h_dc30b701a42f05cc,,1,2026-08-03T00:45:56.000Z,USD,u_189c45db6ece3ea6,ACTIVE,h_0a3c64df0ae24c96,[name],36.0,annual_essentials,,2026-08-03T00:45:56.000Z,teacher,,1,annual_essentials,2026-08-03T00:45:56.000Z,_UNKNOWN,3600,YEAR,annual_essentials,,Middle School,[name],2027-08-03T00:45:56.000Z,,300,,2027-08-03T00:45:56.000Z,2026-08-03T00:45:56.000Z,3600,[name],,https://www.supersummary.com/subscription,https://www.supersummary.com/subscription/confirming/cancel,,Teacher Experience [July 2025] [40% one-time / Modal],,08-03-2026,,08-05-2026,08-03-2026,08-03-2026,08-03-2026,,08-03-2026,08-03-2027
Wg84NHK_a0209f3efdc7e693,AzyWnLUswvFnv3bQt,,Book Club Members; Annual,,,[name],[name],,I didn’t expect to be charged,i_didnt_expect_to_be_charged_2010816994,Not ready to commit to annual membership,not_ready_to_commit_to_annual_membership,,Pricing (Digital),pricing_digital,4,,,u_25a2f6a0fef69bb5,,,,0,,,Canceled,2026-08-04T23:17:22.000Z,2026-08-04T23:17:56.000Z,2026-08-04T23:17:57.000Z,,43.64,2026-08-04T23:17:57.000Z,cancel,Valid Cancel,annual,2027-08-04T23:08:33.000Z,2027-08-04T23:08:33.000Z,3.0,3.0,36.0,Brightback,,,,,,,AzyWnLUswvFnv3bQt,2025-08-04T23:08:31.000Z,,2025-08-04T23:08:33.000Z,,h_9ce011c7f21657b8,,1,2025-08-04T23:08:33.000Z,USD,u_25a2f6a0fef69bb5,ACTIVE,h_8d9da0a16cf22033,[name],,,,2026-08-04T23:08:33.000Z,book_club_member,,1,annual,2025-08-04T23:08:33.000Z,_UNKNOWN,3600,YEAR,,,,[name],2027-08-04T23:08:33.000Z,,300,,2027-08-04T23:08:33.000Z,2025-08-04T23:08:33.000Z,3600,,,,,,BCM Experience [July 2025] [25% one-time / No Entry Modal],,08-04-2025,,08-04-2026,08-04-2025,08-04-2025,08-04-2025,,08-04-2025,08-04-2027
Wg84KUm_a8c141bce4dd1d04,1612779,,Students; fallback,,,[name],[name],[name],I didn’t expect to be charged,i_didnt_expect_to_be_charged_2010816994,Not ready to commit to annual membership,not_ready_to_commit_to_annual_membership,,Pricing (Digital),pricing_digital,1,,,u_ad0600f6a933fb63,,,,0,9.95,,Canceled,2026-08-04T20:31:24.000Z,2026-08-04T20:31:47.000Z,2026-08-04T20:31:47.000Z,,43.76,2026-08-04T20:31:47.000Z,cancel,Valid Cancel,monthly,2026-08-23T22:25:52.000Z,2026-08-23T22:25:52.000Z,9.95,9.95,9.95,Brightback,,,,,,,1612779,2026-04-23T22:25:49.000Z,,2026-04-23T22:25:52.000Z,,h_79de7cd9f070226d,,1,2026-04-23T22:25:52.000Z,USD,u_ad0600f6a933fb63,ACTIVE,h_af8bd8d13b70cd81,[name],9.95,monthly_essentials,,2026-07-23T22:25:52.000Z,student,,1,monthly_essentials,2026-04-23T22:25:52.000Z,_UNKNOWN,995,MONTH,monthly_essentials,,College,[name],2026-08-23T22:25:52.000Z,,995,,2026-08-23T22:25:52.000Z,2026-04-23T22:25:52.000Z,995,[name],,https://www.supersummary.com/subscription,https://www.supersummary.com/subscription/confirming/cancel,,Student Experience [July 2025] [25% one-time / No Entry Modal],,04-23-2026,,08-04-2026,04-23-2026,04-23-2026,04-23-2026,,04-23-2026,08-23-2026
Wg84HGk_a012124449eebed2,1273604,,Students; Annual,,,[name],[name],[name],I didn’t expect to be charged,i_didnt_expect_to_be_charged_2010816994,Not ready to commit to annual membership,not_ready_to_commit_to_annual_membership,,Pricing (Digital),pricing_digital,1,,,u_76850278a77a4228,,,,0,36.0,,Canceled,2026-08-04T17:16:57.000Z,2026-08-04T17:17:22.000Z,2026-08-04T17:17:22.000Z,,43.89,2026-08-04T17:17:22.000Z,cancel,Valid Cancel,annual,2027-08-01T13:42:39.000Z,2027-08-01T13:42:39.000Z,3.0,3.0,36.0,Brightback,,,,,,,1273604,2025-08-01T13:42:36.000Z,,2025-08-01T13:42:39.000Z,,h_38475b99b22e1973,,1,2025-08-01T13:42:39.000Z,USD,u_76850278a77a4228,ACTIVE,h_0f8347fb3e6fecc3,[name],36.0,annual,,2026-08-01T13:42:39.000Z,student,,1,annual,2025-08-01T13:42:39.000Z,_UNKNOWN,3600,YEAR,annual,,Postgrad Program,[name],2027-08-01T13:42:39.000Z,,300,,2027-08-01T13:42:39.000Z,2025-08-01T13:42:39.000Z,3600,[name],,https://www.supersummary.com/subscription,https://www.supersummary.com/subscription/confirming/cancel,,Student Experience [July 2025] [25% one-time / No Entry Modal],,08-01-2025,,08-04-2026,08-01-2025,08-01-2025,08-01-2025,,08-01-2025,08-01-2027
Wg84H6a_abe12ec17f48418f,1023650,,Book Club Members; fallback,,,[name],[name],[name],I didn’t expect to be charged,i_didnt_expect_to_be_charged_2010816994,Not ready to commit to annual membership,not_ready_to_commit_to_annual_membership,,Pricing (Digital),pricing_digital,6,,,u_7b7abfc315bcdca4,,,,0,36.0,,Canceled,2026-08-04T17:06:40.000Z,2026-08-04T17:07:00.000Z,2026-08-22T16:42:00.000Z,,43.9,2026-08-22T16:42:00.000Z,cancel,Valid Cancel,annual,2027-08-02T00:15:48.000Z,2027-08-02T00:15:48.000Z,3.0,3.0,36.0,Brightback,,,,,,,1023650,2025-02-24T22:37:26.000Z,,2026-08-02T00:15:48.000Z,,h_755d936501deb77e,,1,2026-08-02T00:15:48.000Z,USD,u_7b7abfc315bcdca4,ACTIVE,h_258622a5e53b6f0c,[name],36.0,annual_essentials,,2026-08-02T00:15:48.000Z,book_club_member,,1,annual_essentials,2026-08-02T00:15:48.000Z,_UNKNOWN,3600,YEAR,annual_essentials,,,[name],2027-08-02T00:15:48.000Z,,300,,2027-08-02T00:15:48.000Z,2026-08-02T00:15:48.000Z,3600,[name],,https://www.supersummary.com/subscription,https://www.supersummary.com/subscription/confirming/cancel,,BCM Experience [July 2025] [25% one-time / No Entry Modal],,08-02-2026,,08-04-2026,08-02-2026,08-02-2026,02-24-2025,,08-02-2026,08-02-2027
Wg84GUJ_b523ced4527b18b7,6oqYgVRLUC1h24E0,,Students; fallback,,,[name],[name],,I didn’t expect to be charged,i_didnt_expect_to_be_charged_2010816994,Not ready to commit to annual membership,not_ready_to_commit_to_annual_membership,,Pricing (Digital),pricing_digital,1,Nothing ,,u_6ff2a8ae4b094e90,,,,0,,,Canceled,2026-08-04T16:30:26.000Z,2026-08-04T16:31:18.000Z,2026-08-04T16:31:23.000Z,,43.92,2026-08-04T16:31:23.000Z,cancel,Valid Cancel,annual,2027-08-04T16:19:48.000Z,2027-08-04T16:19:48.000Z,3.0,3.0,36.0,Brightback,,,,,,,6oqYgVRLUC1h24E0,2026-08-04T16:19:46.000Z,,2026-08-04T16:19:48.000Z,,h_97ea00046b50832f,,1,2026-08-04T16:19:48.000Z,USD,u_6ff2a8ae4b094e90,ACTIVE,h_8eac4862527efecd,[name],,,,2026-08-04T16:19:48.000Z,student,,1,annual_essentials,2026-08-04T16:19:48.000Z,_UNKNOWN,3600,YEAR,,,High School,[name],2027-08-04T16:19:48.000Z,,300,,2027-08-04T16:19:48.000Z,2026-08-04T16:19:48.000Z,3600,,,,,,Student Experience [July 2025] [25% one-time / No Entry Modal],,08-04-2026,,08-04-2026,08-04-2026,08-04-2026,08-04-2026,,08-04-2026,08-04-2027
Wg84GSD_b331fe6a2179b3a2,AzZSV1VRLStxh1uVW,,Teachers; fallback,,,[name],[name],,I didn’t expect to be charged,i_didnt_expect_to_be_charged_2010816994,Not ready to commit to annual membership,not_ready_to_commit_to_annual_membership,,Pricing (Digital),pricing_digital,3,,,u_77a6a945cade3d41,,,,0,,,Canceled,2026-08-04T16:28:16.000Z,2026-08-04T16:28:40.000Z,2026-08-04T16:28:40.000Z,,43.92,2026-08-04T16:28:40.000Z,cancel,Valid Cancel,annual,2027-08-04T16:14:40.000Z,2027-08-04T16:14:40.000Z,5.0,5.0,60.0,Brightback,,,,,,,AzZSV1VRLStxh1uVW,2026-08-04T16:14:38.000Z,,2026-08-04T16:14:40.000Z,,h_9a811a09a3cbd2c0,,1,2026-08-04T16:14:40.000Z,USD,u_77a6a945cade3d41,ACTIVE,h_27f9a60f4a57059b,[name],,,,2026-08-04T16:14:40.000Z,teacher,,1,annual_plus,2026-08-04T16:14:40.000Z,_UNKNOWN,6000,YEAR,,,High School,[name],2027-08-04T16:14:40.000Z,,500,,2027-08-04T16:14:40.000Z,2026-08-04T16:14:40.000Z,6000,,,,,,Teacher Experience [July 2025] [40% one-time / Modal],,08-04-2026,,08-04-2026,08-04-2026,08-04-2026,08-04-2026,,08-04-2026,08-04-2027
Wg84Gbd_b86c57a3fc8313ac,1714345,,Book Club Members; fallback,,,[name],[name],[name],I didn’t expect to be charged,i_didnt_expect_to_be_charged_2010816994,Not ready to commit to annual membership,not_ready_to_commit_to_annual_membership,,Pricing (Digital),pricing_digital,3,I thought it was a 7 day trial and didn't expect to be charged right away,,u_d427e0279bf32ed6,,,,0,60.0,,Canceled,2026-08-04T16:37:55.000Z,2026-08-04T16:39:06.000Z,2026-08-04T16:39:06.000Z,,43.92,2026-08-04T16:39:06.000Z,cancel,Valid Cancel,annual,2027-08-02T21:39:12.000Z,2027-08-02T21:39:12.000Z,5.0,5.0,60.0,Brightback,,,,,,,1714345,2026-08-02T21:39:10.000Z,,2026-08-02T21:39:12.000Z,,h_3474121403650f12,,1,2026-08-02T21:39:12.000Z,USD,u_d427e0279bf32ed6,ACTIVE,h_51cd587d2b982fcc,[name],60.0,annual_plus,,2026-08-02T21:39:12.000Z,book_club_member,,1,annual_plus,2026-08-02T21:39:12.000Z,_UNKNOWN,6000,YEAR,annual_plus,,,[name],2027-08-02T21:39:12.000Z,,500,,2027-08-02T21:39:12.000Z,2026-08-02T21:39:12.000Z,6000,[name],,https://www.supersummary.com/subscription,https://www.supersummary.com/subscription/confirming/cancel,,BCM Experience [July 2025] [25% one-time / No Entry Modal],,08-02-2026,,08-04-2026,08-02-2026,08-02-2026,08-02-2026,,08-02-2026,08-02-2027
Wg84ET6_af9deac197d67349,1711451,,Book Club Members; fallback,,,[name],[name],[name],I didn’t expect to be charged,i_didnt_expect_to_be_charged_2010816994,Not ready to commit to annual membership,not_ready_to_commit_to_annual_membership,,Pricing (Digital),pricing_digital,2,,,u_d5b0fc7f1206054a,Super summary seems good. I simply do not have the time required to read at this time,,,1,36.0,,Canceled,2026-08-04T14:29:14.000Z,2026-08-04T14:33:09.000Z,2026-08-04T14:33:09.000Z,,44.01,2026-08-04T14:33:09.000Z,cancel,Valid Cancel,annual,2027-07-30T14:53:13.000Z,2027-07-30T14:53:13.000Z,3.0,3.0,36.0,Brightback,,,,,,,1711451,2026-07-30T14:53:11.000Z,,2026-07-30T14:53:13.000Z,,h_d88440fd909c2815,,1,2026-07-30T14:53:13.000Z,USD,u_d5b0fc7f1206054a,ACTIVE,h_f4d37908a69bf005,[name],36.0,annual_essentials,,2026-07-30T14:53:13.000Z,book_club_member,,1,annual_essentials,2026-07-30T14:53:13.000Z,_UNKNOWN,3600,YEAR,annual_essentials,,,[name],2027-07-30T14:53:13.000Z,,300,,2027-07-30T14:53:13.000Z,2026-07-30T14:53:13.000Z,3600,[name],,https://www.supersummary.com/subscription,https://www.supersummary.com/subscription/confirming/cancel,,BCM Experience [July 2025] [25% one-time / No Entry Modal],,07-30-2026,,08-04-2026,07-30-2026,07-30-2026,07-30-2026,,07-30-2026,07-30-2027
Wg84D3g_ae697b777ef181db,AzyxnOVREaybj1ESt,,Students; fallback,,,[name],[name],,I didn’t expect to be charged,i_didnt_expect_to_be_charged_2010816994,Not ready to commit to annual membership,not_ready_to_commit_to_annual_membership,,Pricing (Digital),pricing_digital,4,,,u_30a0104282e13907,,,,0,,,Canceled,2026-08-04T13:03:46.000Z,2026-08-04T13:04:02.000Z,2026-08-04T13:04:02.000Z,,44.07,2026-08-04T13:04:02.000Z,cancel,Valid Cancel,monthly,2026-09-03T12:02:51.000Z,2026-09-03T12:02:51.000Z,9.95,9.95,9.95,Brightback,,,,,,,AzyxnOVREaybj1ESt,2026-08-03T12:02:49.000Z,,2026-08-03T12:02:51.000Z,,h_9199f9e626fc5590,,1,2026-08-03T12:02:51.000Z,USD,u_30a0104282e13907,ACTIVE,h_0e77757d55ecb050,[name],,,,2026-08-03T12:02:51.000Z,student,,1,monthly_essentials,2026-08-03T12:02:51.000Z,_UNKNOWN,995,MONTH,,,College,[name],2026-09-03T12:02:51.000Z,,995,,2026-09-03T12:02:51.000Z,2026-08-03T12:02:51.000Z,995,,,,,,Student Experience [July 2025] [25% one-time / No Entry Modal],,08-03-2026,,08-04-2026,08-03-2026,08-03-2026,08-03-2026,,08-03-2026,09-03-2026
Wg84BNR_abde91c5dd1ca00e,1713543,,fallback,,,[name],[name],[name],I didn’t expect to be charged,i_didnt_expect_to_be_charged_2010816994,Not ready to commit to annual membership,not_ready_to_commit_to_annual_membership,,Pricing (Digital),pricing_digital,7,,,u_5f25faba683ac878,,,,0,36.0,,Canceled,2026-08-04T11:25:34.000Z,2026-08-04T11:26:56.000Z,2026-08-04T11:26:56.000Z,,44.13,2026-08-04T11:26:56.000Z,cancel,Valid Cancel,annual,2027-08-02T00:12:32.000Z,2027-08-02T00:12:32.000Z,3.0,3.0,36.0,Brightback,,,,,,,1713543,2026-08-02T00:12:30.000Z,,2026-08-02T00:12:32.000Z,,h_59898a23483edfcb,,1,2026-08-02T00:12:32.000Z,USD,u_5f25faba683ac878,ACTIVE,h_d6066385c3dabf69,[name],36.0,annual_essentials,,2026-08-02T00:12:32.000Z,avid_reader,,1,annual_essentials,2026-08-02T00:12:32.000Z,_UNKNOWN,3600,YEAR,annual_essentials,,,[name],2027-08-02T00:12:32.000Z,,300,,2027-08-02T00:12:32.000Z,2026-08-02T00:12:32.000Z,3600,[name],,https://www.supersummary.com/subscription,https://www.supersummary.com/subscription/confirming/cancel,,Default/Fallback [July 2025] [25% one time / No entry modal],,08-02-2026,,08-04-2026,08-02-2026,08-02-2026,08-02-2026,,08-02-2026,08-02-2027
Wg848No_9395676cb6ed4943,597721,,Students; fallback,,,[name],[name],[name],I didn’t expect to be charged,i_didnt_expect_to_be_charged_2010816994,Not ready to commit to annual membership,not_ready_to_commit_to_annual_membership,,Pricing (Digital),pricing_digital,7,,,u_f79620b8fd3799d3,,,,0,9.95,,Canceled,2026-08-04T08:23:55.000Z,2026-08-04T08:24:18.000Z,2026-08-04T08:24:18.000Z,,44.26,2026-08-04T08:24:18.000Z,cancel,Valid Cancel,monthly,2026-08-23T07:20:44.000Z,2026-08-23T07:20:44.000Z,9.95,9.95,9.95,Brightback,,,,,,,597721,2024-06-15T02:06:30.000Z,,2026-07-23T07:20:44.000Z,,h_93eb332d21f256a5,,1,2026-07-23T07:20:44.000Z,USD,u_f79620b8fd3799d3,ACTIVE,h_57b564ee864006a0,[name],9.95,monthly_essentials,,2026-07-23T07:20:44.000Z,student,,1,monthly_essentials,2026-07-23T07:20:44.000Z,_UNKNOWN,995,MONTH,monthly_essentials,,Postgrad Program,[name],2026-08-23T07:20:44.000Z,,995,,2026-08-23T07:20:44.000Z,2026-07-23T07:20:44.000Z,995,[name],,https://www.supersummary.com/subscription,https://www.supersummary.com/subscription/confirming/cancel,,Student Experience [July 2025] [25% one-time / No Entry Modal],,07-23-2026,,08-04-2026,07-23-2026,07-23-2026,06-15-2024,,07-23-2026,08-23-2026
Wg848g2_bfd5c522b2ec36bc,915749,,fallback,,,[name],[name],[name],I didn’t expect to be charged,i_didnt_expect_to_be_charged_2010816994,Not ready to commit to annual membership,not_ready_to_commit_to_annual_membership,,Pricing (Digital),pricing_digital,5,,,u_96fe1eb1ccf9ee71,,,,0,36.0,,Canceled,2026-08-04T08:42:35.000Z,2026-08-04T08:44:31.000Z,2026-08-04T08:44:32.000Z,,44.25,2026-08-04T08:44:32.000Z,cancel,Valid Cancel,annual,2026-08-04T09:33:12.000Z,2026-08-04T09:33:12.000Z,3.0,3.0,36.0,Brightback,,,,,,,915749,2025-08-04T07:31:05.000Z,,2025-08-04T07:31:08.000Z,,h_a776d0b2fc381d95,,1,2025-08-04T07:31:08.000Z,USD,u_96fe1eb1ccf9ee71,ACTIVE,h_1562355bc560746e,[name],36.0,annual,,2026-08-04T07:31:08.000Z,other,,1,annual,2025-08-04T07:31:08.000Z,_UNKNOWN,3600,YEAR,annual,,,[name],2027-08-04T07:31:08.000Z,,300,,2027-08-04T07:31:08.000Z,2025-08-04T07:31:08.000Z,3600,[name],,https://www.supersummary.com/subscription,https://www.supersummary.com/subscription/confirming/cancel,,Default/Fallback [July 2025] [25% one time / No entry modal],,08-04-2025,,08-04-2026,08-04-2025,08-04-2025,08-04-2025,,08-04-2025,08-04-2027
Wg83MwQ_b6ede2d421146af7,1274973,,fallback,,,[name],[name],[name],I didn’t expect to be charged,i_didnt_expect_to_be_charged_2010816994,Not ready to commit to annual membership,not_ready_to_commit_to_annual_membership,,Pricing (Digital),pricing_digital,5,,,u_424c1ce5bce3f057,,,,0,36.0,,Canceled,2026-08-03T22:58:39.000Z,2026-08-03T22:59:05.000Z,2026-08-03T22:59:05.000Z,,44.65,2026-08-03T22:59:05.000Z,cancel,Valid Cancel,annual,2027-08-03T16:20:03.000Z,2027-08-03T16:20:03.000Z,3.0,3.0,36.0,Brightback,,,,,,,1274973,2025-08-03T16:19:03.000Z,,2025-08-03T16:20:03.000Z,,h_88adb0465e25182d,,1,2025-08-03T16:20:03.000Z,USD,u_424c1ce5bce3f057,ACTIVE,h_c5b03a1b3b563664,[name],36.0,annual,,2026-08-03T16:20:03.000Z,other,,1,annual,2025-08-03T16:20:03.000Z,_UNKNOWN,3600,YEAR,annual,,,[name],2027-08-03T16:20:03.000Z,,300,,2027-08-03T16:20:03.000Z,2025-08-03T16:20:03.000Z,3600,[name],,https://www.supersummary.com/subscription,https://www.supersummary.com/subscription/confirming/cancel,,Default/Fallback [July 2025] [25% one time / No entry modal],,08-03-2025,,08-03-2026,08-03-2025,08-03-2025,08-03-2025,,08-03-2025,08-03-2027
Wg83L38_ae5def227a864714,16CXypVMqt89y3Urf,,Students; fallback,,,[name],[name],,I didn’t expect to be charged,i_didnt_expect_to_be_charged_2010816994,Not ready to commit to annual membership,not_ready_to_commit_to_annual_membership,,Pricing (Digital),pricing_digital,3,,,u_328c980b51eea4a0,,,,0,,,Canceled,2026-08-03T21:03:12.000Z,2026-08-03T21:03:36.000Z,2026-08-03T21:03:36.000Z,,44.73,2026-08-03T21:03:36.000Z,cancel,Valid Cancel,annual,2027-06-18T00:48:54.000Z,2027-06-18T00:48:54.000Z,3.0,3.0,36.0,Brightback,,,,,,,16CXypVMqt89y3Urf,2026-06-18T00:48:50.000Z,,2026-06-18T00:48:54.000Z,,h_b0ea7d9703996454,,1,2026-06-18T00:48:54.000Z,USD,u_328c980b51eea4a0,ACTIVE,h_8f2268b23ca4dd01,[name],,,,2026-06-18T00:48:54.000Z,student,,1,annual_essentials,2026-06-18T00:48:54.000Z,_UNKNOWN,3600,YEAR,,,College,[name],2027-06-18T00:48:54.000Z,,300,,2027-06-18T00:48:54.000Z,2026-06-18T00:48:54.000Z,3600,,,,,,Student Experience [July 2025] [25% one-time / No Entry Modal],,06-18-2026,,08-03-2026,06-18-2026,06-18-2026,06-18-2026,,06-18-2026,06-18-2027
Wg83KJ9_99333d09a3130400,1715451,,Students; fallback,,,[name],[name],[name],I didn’t expect to be charged,i_didnt_expect_to_be_charged_2010816994,Not ready to commit to annual membership,not_ready_to_commit_to_annual_membership,,Pricing (Digital),pricing_digital,10,,,u_8edddeeea32e74fa,,,,0,16.65,,Canceled,2026-08-03T20:19:12.000Z,2026-08-03T20:19:40.000Z,2026-08-03T20:19:40.000Z,,44.76,2026-08-03T20:19:40.000Z,cancel,Valid Cancel,monthly,2026-09-03T20:17:55.000Z,2026-09-03T20:17:55.000Z,16.65,16.65,16.65,Brightback,,,,,,,1715451,2026-08-03T20:17:54.000Z,,2026-08-03T20:17:55.000Z,,h_20f513cb12e230db,,1,2026-08-03T20:17:55.000Z,USD,u_8edddeeea32e74fa,ACTIVE,h_6d6ac538470156e6,[name],16.65,monthly_plus,,2026-08-03T20:17:55.000Z,student,,1,monthly_plus,2026-08-03T20:17:55.000Z,_UNKNOWN,1665,MONTH,monthly_plus,,Postgrad Program,[name],2026-09-03T20:17:55.000Z,,1665,,2026-09-03T20:17:55.000Z,2026-08-03T20:17:55.000Z,1665,[name],,https://www.supersummary.com/subscription,https://www.supersummary.com/subscription/confirming/cancel,,Student Experience [July 2025] [25% one-time / No Entry Modal],,08-03-2026,,08-03-2026,08-03-2026,08-03-2026,08-03-2026,,08-03-2026,09-03-2026
Wg83IsV_97d7b10631c98ec6,Azq9ZDTlPhIen6LZJ,,Students; Annual,,,[name],[name],,I didn’t expect to be charged,i_didnt_expect_to_be_charged_2010816994,Not ready to commit to annual membership,not_ready_to_commit_to_annual_membership,,Pricing (Digital),pricing_digital,5,,,u_01d25b43529bb1c7,,,,0,,,Canceled,2026-08-03T18:54:33.000Z,2026-08-03T18:55:03.000Z,2026-08-03T18:55:03.000Z,,44.82,2026-08-03T18:55:03.000Z,cancel,Valid Cancel,annual,2027-07-29T15:33:23.000Z,2027-07-29T15:33:23.000Z,3.0,3.0,36.0,Brightback,,,,,,,Azq9ZDTlPhIen6LZJ,2023-07-29T15:33:21.000Z,,2023-07-29T15:33:23.000Z,,h_3d833bfe4cd15973,,1,2023-07-29T15:33:23.000Z,USD,u_01d25b43529bb1c7,ACTIVE,h_73c03d69d3ea6c13,[name],,,,2026-07-29T15:33:23.000Z,student,,1,annual,2023-07-29T15:33:23.000Z,_UNKNOWN,3600,YEAR,,,High School,[name],2027-07-29T15:33:23.000Z,,300,,2027-07-29T15:33:23.000Z,2023-07-29T15:33:23.000Z,3600,,,,,,Student Experience [July 2025] [25% one-time / No Entry Modal],,07-29-2023,,08-03-2026,07-29-2023,07-29-2023,07-29-2023,,07-29-2023,07-29-2027
Wg83IKn_921afe7e654b0862,1274479,,Teachers; Annual,,,[name],[name],[name],I didn’t expect to be charged,i_didnt_expect_to_be_charged_2010816994,Not ready to commit to annual membership,not_ready_to_commit_to_annual_membership,,Pricing (Digital),pricing_digital,3,Nothing at the moment,,u_027f29b9badee425,Nothing at the moment,,,1,36.0,,Canceled,2026-08-03T18:21:05.000Z,2026-08-03T18:22:59.000Z,2026-08-03T18:23:00.000Z,,44.85,2026-08-03T18:23:00.000Z,cancel,Valid Cancel,annual,2027-08-02T20:02:55.000Z,2027-08-02T20:02:55.000Z,3.0,3.0,36.0,Brightback,,,,,,,1274479,2025-08-02T20:02:52.000Z,,2025-08-02T20:02:55.000Z,,h_5deb70167fe79f24,,1,2025-08-02T20:02:55.000Z,USD,u_027f29b9badee425,ACTIVE,h_2a306afec78d86a8,[name],36.0,annual,,2026-08-02T20:02:55.000Z,teacher,,1,annual,2025-08-02T20:02:55.000Z,_UNKNOWN,3600,YEAR,annual,,Middle School,[name],2027-08-02T20:02:55.000Z,,300,,2027-08-02T20:02:55.000Z,2025-08-02T20:02:55.000Z,3600,[name],,https://www.supersummary.com/subscription,https://www.supersummary.com/subscription/confirming/cancel,,Teacher Experience [July 2025] [40% one-time / Modal],,08-02-2025,,08-03-2026,08-02-2025,08-02-2025,08-02-2025,,08-02-2025,08-02-2027
Wg83ICp_b16d01bad8537230,AzyaD3Usi6zfM1mF9,,Students; Annual,,,[name],[name],,I didn’t expect to be charged,i_didnt_expect_to_be_charged_2010816994,Not ready to commit to annual membership,not_ready_to_commit_to_annual_membership,,Pricing (Digital),pricing_digital,5,,,u_911d1f9b56fe9ba8,,,,0,,,Canceled,2026-08-03T18:12:58.000Z,2026-08-03T18:13:33.000Z,2026-08-03T18:13:33.000Z,,44.85,2026-08-03T18:13:33.000Z,cancel,Valid Cancel,annual,2027-08-02T10:21:06.000Z,2027-08-02T10:21:06.000Z,3.0,3.0,36.0,Brightback,,,,,,,AzyaD3Usi6zfM1mF9,2024-04-22T14:44:43.000Z,,2025-08-02T10:21:06.000Z,,h_295c02c0d42cdac4,,1,2025-08-02T10:21:06.000Z,USD,u_911d1f9b56fe9ba8,ACTIVE,h_20696d886486edb7,[name],,,,2026-08-02T10:21:06.000Z,student,,1,annual,2025-08-02T10:21:06.000Z,_UNKNOWN,3600,YEAR,,,College,[name],2027-08-02T10:21:06.000Z,,300,,2027-08-02T10:21:06.000Z,2025-08-02T10:21:06.000Z,3600,,,,,,Student Experience [July 2025] [25% one-time / No Entry Modal],,08-02-2025,,08-03-2026,08-02-2025,08-02-2025,04-22-2024,,08-02-2025,08-02-2027
Wg83Ggw_889e1e533bb18728,1715118,,fallback,,,[name],[name],[name],I didn’t expect to be charged,i_didnt_expect_to_be_charged_2010816994,Not ready to commit to annual membership,not_ready_to_commit_to_annual_membership,,Pricing (Digital),pricing_digital,6,I intended to sign up for the free trial only.,,u_c0ae8ceac1fd9e6e,"The 7-day free trial should be made more clear. It's not really a free trial, just a 7-day refund window.",,,1,36.0,,Canceled,2026-08-03T16:43:04.000Z,2026-08-03T16:44:39.000Z,2026-08-03T16:46:13.000Z,,44.91,2026-08-03T16:46:13.000Z,cancel,Valid Cancel,annual,2027-08-03T15:43:06.000Z,2027-08-03T15:43:06.000Z,3.0,3.0,36.0,Brightback,,,,,,,1715118,2026-08-03T15:43:03.000Z,,2026-08-03T15:43:06.000Z,,h_ddb9dd993000d75e,,1,2026-08-03T15:43:06.000Z,USD,u_c0ae8ceac1fd9e6e,ACTIVE,h_e1d4049bb0baf4af,[name],36.0,annual_essentials,,2026-08-03T15:43:06.000Z,avid_reader,,1,annual_essentials,2026-08-03T15:43:06.000Z,_UNKNOWN,3600,YEAR,annual_essentials,,,[name],2027-08-03T15:43:06.000Z,,300,,2027-08-03T15:43:06.000Z,2026-08-03T15:43:06.000Z,3600,[name],,https://www.supersummary.com/subscription,https://www.supersummary.com/subscription/confirming/cancel,,Default/Fallback [July 2025] [25% one time / No entry modal],,08-03-2026,,08-03-2026,08-03-2026,08-03-2026,08-03-2026,,08-03-2026,08-03-2027
Wg83FO9_a51c9e9e41f1cae7,1715102,,fallback,,,[name],[name],[name],I didn’t expect to be charged,i_didnt_expect_to_be_charged_2010816994,Not ready to commit to annual membership,not_ready_to_commit_to_annual_membership,,Pricing (Digital),pricing_digital,3,AI,,u_2854f2848afbd0f1,"I was charged $60 out of the gate - I expected to be charged nothing (7 day free trial), and at most, $5 for the month.",,,1,60.0,,Canceled,2026-08-03T15:24:16.000Z,2026-08-03T15:25:28.000Z,2026-08-03T15:25:28.000Z,,44.97,2026-08-03T15:25:28.000Z,cancel,Valid Cancel,annual,2027-08-03T15:21:55.000Z,2027-08-03T15:21:55.000Z,5.0,5.0,60.0,Brightback,,,,,,,1715102,2026-08-03T15:21:53.000Z,,2026-08-03T15:21:55.000Z,,h_ecc2a485dc839f26,,1,2026-08-03T15:21:55.000Z,USD,u_2854f2848afbd0f1,ACTIVE,h_e0bd22797be3a94a,[name],60.0,annual_plus,,2026-08-03T15:21:55.000Z,avid_reader,,1,annual_plus,2026-08-03T15:21:55.000Z,_UNKNOWN,6000,YEAR,annual_plus,,,[name],2027-08-03T15:21:55.000Z,,500,,2027-08-03T15:21:55.000Z,2026-08-03T15:21:55.000Z,6000,[name],,https://www.supersummary.com/subscription,https://www.supersummary.com/subscription/confirming/cancel,,Default/Fallback [July 2025] [25% one time / No entry modal],,08-03-2026,,08-03-2026,08-03-2026,08-03-2026,08-03-2026,,08-03-2026,08-03-2027
Wg83Ell_829f84ee4bfb91bc,1292920,,fallback,,,[name],[name],[name],I didn’t expect to be charged,i_didnt_expect_to_be_charged_2010816994,Not ready to commit to annual membership,not_ready_to_commit_to_annual_membership,,Pricing (Digital),pricing_digital,5,,,u_9266dd3f723e1fcd,,,,0,36.0,,Canceled,2026-08-03T14:47:54.000Z,2026-08-03T14:48:12.000Z,2026-08-03T14:48:12.000Z,,44.99,2026-08-03T14:48:12.000Z,cancel,Valid Cancel,annual,2026-08-20T20:13:39.000Z,2026-08-20T20:13:39.000Z,3.0,3.0,36.0,Brightback,,,,,,,1292920,2025-08-20T20:13:37.000Z,,2025-08-20T20:13:39.000Z,,h_28c5665de2bcd824,,1,2025-08-20T20:13:39.000Z,USD,u_9266dd3f723e1fcd,ACTIVE,h_68a683bb70c0d617,[name],36.0,annual,,2025-08-20T20:13:39.000Z,other,,1,annual,2025-08-20T20:13:39.000Z,_UNKNOWN,3600,YEAR,annual,,,[name],2026-08-20T20:13:39.000Z,,300,,2026-08-20T20:13:39.000Z,2025-08-20T20:13:39.000Z,3600,[name],,https://www.supersummary.com/subscription,https://www.supersummary.com/subscription/confirming/cancel,,Default/Fallback [July 2025] [25% one time / No entry modal],,08-20-2025,,08-03-2026,08-20-2025,08-20-2025,08-20-2025,,08-20-2025,08-20-2026
Wg833wX_b312230524e92234,6oqeyVR3ftIR5GDB,,Students; fallback,,,[name],[name],,I didn’t expect to be charged,i_didnt_expect_to_be_charged_2010816994,Not ready to commit to annual membership,not_ready_to_commit_to_annual_membership,,Pricing (Digital),pricing_digital,3,,,u_b4e7692d14952671,,,,0,,,Canceled,2026-08-03T03:58:36.000Z,2026-08-03T03:59:13.000Z,2026-08-03T03:59:13.000Z,,45.44,2026-08-03T03:59:13.000Z,cancel,Valid Cancel,monthly,2026-09-01T15:13:22.000Z,2026-09-01T15:13:22.000Z,16.65,16.65,16.65,Brightback,,,,,,,6oqeyVR3ftIR5GDB,2026-08-01T15:13:20.000Z,,2026-08-01T15:13:22.000Z,,h_33fcae2e30f03805,,1,2026-08-01T15:13:22.000Z,USD,u_b4e7692d14952671,ACTIVE,h_76de9f0da01f293e,[name],,,,2026-08-01T15:13:22.000Z,student,,1,monthly_plus,2026-08-01T15:13:22.000Z,_UNKNOWN,1665,MONTH,,,College,[name],2026-09-01T15:13:22.000Z,,1665,,2026-09-01T15:13:22.000Z,2026-08-01T15:13:22.000Z,1665,,,,,,Student Experience [July 2025] [25% one-time / No Entry Modal],,08-01-2026,,08-03-2026,08-01-2026,08-01-2026,08-01-2026,,08-01-2026,09-01-2026
Wg831r3_9e18ce102d194320,60667,,Students; Annual,,,[name],[name],[name],I didn’t expect to be charged,i_didnt_expect_to_be_charged_2010816994,Not ready to commit to annual membership,not_ready_to_commit_to_annual_membership,,Pricing (Digital),pricing_digital,1,,,u_465d7f61b37ba794,,,,0,36.0,,Canceled,2026-08-03T01:53:32.000Z,2026-08-03T01:54:15.000Z,2026-08-03T01:54:16.000Z,,45.53,2026-08-03T01:54:16.000Z,cancel,Valid Cancel,annual,2027-08-03T00:55:37.000Z,2027-08-03T00:55:37.000Z,3.0,3.0,36.0,Brightback,,,,,,,60667,2021-04-12T15:56:21.000Z,,2021-08-03T00:55:37.000Z,,h_e0c73f35359a2a3b,,1,2021-08-03T00:55:37.000Z,USD,u_465d7f61b37ba794,ACTIVE,h_be074084f9481cff,[name],36.0,annual,,2026-08-03T00:55:37.000Z,student,,1,annual,2021-08-03T00:55:37.000Z,_UNKNOWN,3600,YEAR,annual,,High School,[name],2027-08-03T00:55:37.000Z,,300,,2027-08-03T00:55:37.000Z,2021-08-03T00:55:37.000Z,3600,[name],,https://www.supersummary.com/subscription,https://www.supersummary.com/subscription/confirming/cancel,,Student Experience [July 2025] [25% one-time / No Entry Modal],,08-03-2021,,08-03-2026,08-03-2021,08-03-2021,04-12-2021,,08-03-2021,08-03-2027
Wg82NsM_84eb7e5dc6b501a2,16BeMzVRBbIex17CM,,fallback,,,[name],[name],,I didn’t expect to be charged,i_didnt_expect_to_be_charged_2010816994,Not ready to commit to annual membership,not_ready_to_commit_to_annual_membership,,Pricing (Digital),pricing_digital,1,,,u_3f5f9f3b82217f54,,,,0,,,Canceled,2026-08-02T23:54:24.000Z,2026-08-02T23:55:06.000Z,2026-08-02T23:55:06.000Z,,45.61,2026-08-02T23:55:06.000Z,cancel,Valid Cancel,monthly,2026-08-03T14:58:57.000Z,2026-08-03T14:58:57.000Z,16.65,16.65,16.65,Brightback,,,,,,,16BeMzVRBbIex17CM,2026-08-02T23:45:16.000Z,,2026-08-02T23:45:19.000Z,,h_127455398386eecd,,1,2026-08-02T23:45:19.000Z,USD,u_3f5f9f3b82217f54,ACTIVE,h_28555809067f3d9b,[name],,,,2026-08-02T23:45:19.000Z,avid_reader,,1,monthly_plus,2026-08-02T23:45:19.000Z,_UNKNOWN,1665,MONTH,,,,[name],2026-09-02T23:45:19.000Z,,1665,,2026-09-02T23:45:19.000Z,2026-08-02T23:45:19.000Z,1665,,,,,,Default/Fallback [July 2025] [25% one time / No entry modal],,08-02-2026,,08-02-2026,08-02-2026,08-02-2026,08-02-2026,,08-02-2026,09-02-2026
Wg82M7s_b965eae1a118473a,392681,,Students; Annual,,,[name],[name],[name],I didn’t expect to be charged,i_didnt_expect_to_be_charged_2010816994,Not ready to commit to annual membership,not_ready_to_commit_to_annual_membership,,Pricing (Digital),pricing_digital,4,,,u_e6bc8434cd7096b8,,,,0,36.0,,Canceled,2026-08-02T22:08:09.000Z,2026-08-02T22:08:51.000Z,2026-08-02T22:08:52.000Z,,45.69,2026-08-02T22:08:52.000Z,cancel,Valid Cancel,annual,2027-07-31T14:57:53.000Z,2027-07-31T14:57:53.000Z,3.0,3.0,36.0,Brightback,,,,,,,392681,2023-07-31T14:57:51.000Z,,2023-07-31T14:57:53.000Z,,h_53b5451304f3a229,,1,2023-07-31T14:57:53.000Z,USD,u_e6bc8434cd7096b8,ACTIVE,h_2eb0106715cb6a13,[name],36.0,annual,,2026-07-31T14:57:53.000Z,student,,1,annual,2023-07-31T14:57:53.000Z,_UNKNOWN,3600,YEAR,annual,,Postgrad Program,[name],2027-07-31T14:57:53.000Z,,300,,2027-07-31T14:57:53.000Z,2023-07-31T14:57:53.000Z,3600,[name],,https://www.supersummary.com/subscription,https://www.supersummary.com/subscription/confirming/cancel,,Student Experience [July 2025] [25% one-time / No Entry Modal],,07-31-2023,,08-02-2026,07-31-2023,07-31-2023,07-31-2023,,07-31-2023,07-31-2027
Wg82LkF_a4edb0c7c0d41a20,551132,,Students; fallback,,,[name],[name],[name],I didn’t expect to be charged,i_didnt_expect_to_be_charged_2010816994,Not ready to commit to annual membership,not_ready_to_commit_to_annual_membership,,Pricing (Digital),pricing_digital,1,,,u_5bed0816803004d8,,,,0,9.95,,Canceled,2026-08-02T21:46:21.000Z,2026-08-02T21:46:41.000Z,2026-08-02T21:46:41.000Z,,45.7,2026-08-02T21:46:41.000Z,cancel,Valid Cancel,monthly,2026-09-02T06:52:26.000Z,2026-09-02T06:52:26.000Z,9.95,9.95,9.95,Brightback,,,,,,,551132,2024-04-29T12:48:52.000Z,,2026-04-02T06:52:26.000Z,,h_14dae818139f0599,,1,2026-04-02T06:52:26.000Z,USD,u_5bed0816803004d8,ACTIVE,h_bd121a229e99e9d4,[name],9.95,monthly_essentials,,2026-08-02T06:52:26.000Z,student,,1,monthly_essentials,2026-04-02T06:52:26.000Z,_UNKNOWN,995,MONTH,monthly_essentials,,College,[name],2026-09-02T06:52:26.000Z,,995,,2026-09-02T06:52:26.000Z,2026-04-02T06:52:26.000Z,995,[name],,https://www.supersummary.com/subscription,https://www.supersummary.com/subscription/confirming/cancel,,Student Experience [July 2025] [25% one-time / No Entry Modal],,04-02-2026,,08-02-2026,04-02-2026,04-02-2026,04-29-2024,,04-02-2026,09-02-2026
Wg82KkC_a9279a391a097ded,6oqeyVR9XmVt84CL,,Book Club Members; fallback,,,[name],[name],,I didn’t expect to be charged,i_didnt_expect_to_be_charged_2010816994,Not ready to commit to annual membership,not_ready_to_commit_to_annual_membership,,Pricing (Digital),pricing_digital,1,,,u_941fa03988fc64ea,,,,0,,,Canceled,2026-08-02T20:46:15.000Z,2026-08-02T20:46:58.000Z,2026-08-02T20:46:58.000Z,,45.74,2026-08-02T20:46:58.000Z,cancel,Valid Cancel,annual,2027-08-02T15:18:47.000Z,2027-08-02T15:18:47.000Z,5.0,5.0,60.0,Brightback,,,,,,,6oqeyVR9XmVt84CL,2026-08-02T15:18:46.000Z,,2026-08-02T15:18:47.000Z,,h_1e60bf07efea6e07,,1,2026-08-02T15:18:47.000Z,USD,u_941fa03988fc64ea,ACTIVE,h_20daafa76bc2ddb9,[name],,,,2026-08-02T15:18:47.000Z,book_club_member,,1,annual_plus,2026-08-02T15:18:47.000Z,_UNKNOWN,6000,YEAR,,,,[name],2027-08-02T15:18:47.000Z,,500,,2027-08-02T15:18:47.000Z,2026-08-02T15:18:47.000Z,6000,,,,,,BCM Experience [July 2025] [25% one-time / No Entry Modal],,08-02-2026,,08-02-2026,08-02-2026,08-02-2026,08-02-2026,,08-02-2026,08-02-2027
Wg82G0C_aed8be09f11d9fdf,16BgiaVDUGDOL2q0n,,Students; fallback,,,[name],[name],,I didn’t expect to be charged,i_didnt_expect_to_be_charged_2010816994,Not ready to commit to annual membership,not_ready_to_commit_to_annual_membership,,Pricing (Digital),pricing_digital,1,Nothing,,u_0ea5a4eecc5834b8,No idea,,,1,,,Canceled,2026-08-02T16:00:16.000Z,2026-08-02T16:00:57.000Z,2026-08-02T16:00:57.000Z,,45.94,2026-08-02T16:00:57.000Z,cancel,Valid Cancel,monthly,2026-08-10T17:36:24.000Z,2026-08-10T17:36:24.000Z,9.95,9.95,9.95,Brightback,,,,,,,16BgiaVDUGDOL2q0n,2026-03-10T17:36:21.000Z,,2026-03-10T17:36:24.000Z,,h_b0b17ce545a50e5f,,1,2026-03-10T17:36:24.000Z,USD,u_0ea5a4eecc5834b8,ACTIVE,h_d787420f971708e2,[name],,,,2026-07-10T17:36:24.000Z,student,,1,monthly_essentials,2026-03-10T17:36:24.000Z,_UNKNOWN,995,MONTH,,,High School,[name],2026-08-10T17:36:24.000Z,,995,,2026-08-10T17:36:24.000Z,2026-03-10T17:36:24.000Z,995,,,,,,Student Experience [July 2025] [25% one-time / No Entry Modal],,03-10-2026,,08-02-2026,03-10-2026,03-10-2026,03-10-2026,,03-10-2026,08-10-2026
Wg82Foo_a30c7c31d94fac6f,1269539,,Book Club Members; Annual,,,[name],[name],[name],I didn’t expect to be charged,i_didnt_expect_to_be_charged_2010816994,Not ready to commit to annual membership,not_ready_to_commit_to_annual_membership,,Pricing (Digital),pricing_digital,1,,,u_34b0cd2d1b4ae7fb,,,,0,36.0,,Canceled,2026-08-02T15:51:13.000Z,2026-08-02T15:52:02.000Z,2026-08-02T15:52:02.000Z,,45.95,2026-08-02T15:52:02.000Z,cancel,Valid Cancel,annual,2027-07-27T15:07:00.000Z,2027-07-27T15:07:00.000Z,3.0,3.0,36.0,Brightback,,,,,,,1269539,2025-07-27T15:06:58.000Z,,2025-07-27T15:07:00.000Z,,h_e187e55360557d50,,1,2025-07-27T15:07:00.000Z,USD,u_34b0cd2d1b4ae7fb,ACTIVE,h_d0124ac0b288a105,[name],36.0,annual,,2026-07-27T15:07:00.000Z,book_club_member,,1,annual,2025-07-27T15:07:00.000Z,_UNKNOWN,3600,YEAR,annual,,,[name],2027-07-27T15:07:00.000Z,,300,,2027-07-27T15:07:00.000Z,2025-07-27T15:07:00.000Z,3600,[name],,https://www.supersummary.com/subscription,https://www.supersummary.com/subscription/confirming/cancel,,BCM Experience [July 2025] [25% one-time / No Entry Modal],,07-27-2025,,08-02-2026,07-27-2025,07-27-2025,07-27-2025,,07-27-2025,07-27-2027
Wg82Er0_ba28529a42f9bd70,gHcZUJGmEsA4Cgo,,Students; Annual,,,[name],[name],,I didn’t expect to be charged,i_didnt_expect_to_be_charged_2010816994,Not ready to commit to annual membership,not_ready_to_commit_to_annual_membership,,Pricing (Digital),pricing_digital,1,Reading,,u_6e404929329d985c,Not charging me money,,,1,,,Canceled,2026-08-02T14:53:02.000Z,2026-08-02T14:53:30.000Z,2026-08-02T14:53:31.000Z,,45.99,2026-08-02T14:53:31.000Z,cancel,Valid Cancel,annual,2027-07-22T15:18:29.000Z,2027-07-22T15:18:29.000Z,3.0,3.0,36.0,Brightback,,,,,,,gHcZUJGmEsA4Cgo,2024-07-22T15:18:27.000Z,,2024-07-22T15:18:29.000Z,,h_4ac0ebd329ea5606,,1,2024-07-22T15:18:29.000Z,USD,u_6e404929329d985c,ACTIVE,h_6a9f077868a7ba10,[name],,,,2026-07-22T15:18:29.000Z,student,,1,annual,2024-07-22T15:18:29.000Z,_UNKNOWN,3600,YEAR,,,College,[name],2027-07-22T15:18:29.000Z,,300,,2027-07-22T15:18:29.000Z,2024-07-22T15:18:29.000Z,3600,,,,,,Student Experience [July 2025] [25% one-time / No Entry Modal],,07-22-2024,,08-02-2026,07-22-2024,07-22-2024,07-22-2024,,07-22-2024,07-22-2027
Wg82Dsx_bd654987aee64534,AzZabOUsiyE1Q2Lut,,Book Club Members; Annual,,,[name],[name],,I didn’t expect to be charged,i_didnt_expect_to_be_charged_2010816994,Not ready to commit to annual membership,not_ready_to_commit_to_annual_membership,,Pricing (Digital),pricing_digital,5,,,u_5926667fed94b70b,,,,0,,,Canceled,2026-08-02T13:55:01.000Z,2026-08-02T13:55:58.000Z,2026-08-02T13:55:58.000Z,,46.03,2026-08-02T13:55:58.000Z,cancel,Valid Cancel,annual,2026-08-03T12:35:40.000Z,2026-08-03T12:35:40.000Z,3.0,3.0,36.0,Brightback,,,,,,,AzZabOUsiyE1Q2Lut,2025-08-02T13:52:30.000Z,,2025-08-02T13:52:32.000Z,,h_901cce82f50bab12,,1,2025-08-02T13:52:32.000Z,USD,u_5926667fed94b70b,ACTIVE,h_a93847452f649de0,[name],,,,2026-08-02T13:52:32.000Z,book_club_member,,1,annual,2025-08-02T13:52:32.000Z,_UNKNOWN,3600,YEAR,,,,[name],2027-08-02T13:52:32.000Z,,300,,2027-08-02T13:52:32.000Z,2025-08-02T13:52:32.000Z,3600,,,,,,BCM Experience [July 2025] [25% one-time / No Entry Modal],,08-02-2025,,08-02-2026,08-02-2025,08-02-2025,08-02-2025,,08-02-2025,08-02-2027
Wg82DM4_8001e6ffcaca4b56,6ok0BVR43cp05vBU,,fallback,,,[name],[name],,I didn’t expect to be charged,i_didnt_expect_to_be_charged_2010816994,Not ready to commit to annual membership,not_ready_to_commit_to_annual_membership,,Pricing (Digital),pricing_digital,5,,,u_ed089c0e380e5439,,,,0,,,Canceled,2026-08-02T13:22:07.000Z,2026-08-02T13:22:32.000Z,2026-08-02T13:22:32.000Z,,46.05,2026-08-02T13:22:32.000Z,cancel,Valid Cancel,monthly,2026-09-01T16:47:39.000Z,2026-09-01T16:47:39.000Z,16.65,16.65,16.65,Brightback,,,,,,,6ok0BVR43cp05vBU,2026-08-01T16:47:35.000Z,,2026-08-01T16:47:39.000Z,,h_9f57f8b097527ca7,,1,2026-08-01T16:47:39.000Z,USD,u_ed089c0e380e5439,ACTIVE,h_b4ef097df7daefe0,[name],,,,2026-08-01T16:47:39.000Z,avid_reader,,1,monthly_plus,2026-08-01T16:47:39.000Z,_UNKNOWN,1665,MONTH,,,,[name],2026-09-01T16:47:39.000Z,,1665,,2026-09-01T16:47:39.000Z,2026-08-01T16:47:39.000Z,1665,,,,,,Default/Fallback [July 2025] [25% one time / No entry modal],,08-01-2026,,08-02-2026,08-01-2026,08-01-2026,08-01-2026,,08-01-2026,09-01-2026
Wg829k4_bb450aebaa1fe6c6,AzZXCtVDJMam6D8rx,,Students; fallback,,,[name],[name],,I didn’t expect to be charged,i_didnt_expect_to_be_charged_2010816994,Not ready to commit to annual membership,not_ready_to_commit_to_annual_membership,,Pricing (Digital),pricing_digital,5,,,u_851ec5c186ca2226,,,,0,,,Canceled,2026-08-02T09:46:11.000Z,2026-08-02T09:46:59.000Z,2026-08-02T09:47:00.000Z,,46.2,2026-08-02T09:47:00.000Z,cancel,Valid Cancel,annual,2027-03-08T20:52:44.000Z,2027-03-08T20:52:44.000Z,3.0,3.0,36.0,Brightback,,,,,,,AzZXCtVDJMam6D8rx,2026-03-08T20:52:43.000Z,,2026-03-08T20:52:44.000Z,,h_482f3ac139c3e3ea,,1,2026-03-08T20:52:44.000Z,USD,u_851ec5c186ca2226,ACTIVE,h_2613c5711ee60a01,[name],,,,2026-03-08T20:52:44.000Z,student,,1,annual_essentials,2026-03-08T20:52:44.000Z,_UNKNOWN,3600,YEAR,,,Middle School,[name],2027-03-08T20:52:44.000Z,,300,,2027-03-08T20:52:44.000Z,2026-03-08T20:52:44.000Z,3600,,,,,,Student Experience [July 2025] [25% one-time / No Entry Modal],,03-08-2026,,08-02-2026,03-08-2026,03-08-2026,03-08-2026,,03-08-2026,03-08-2027
Wg821mI_be3ae3bc6334e96f,1706410,,fallback,,,[name],[name],[name],I didn’t expect to be charged,i_didnt_expect_to_be_charged_2010816994,Not ready to commit to annual membership,not_ready_to_commit_to_annual_membership,,Pricing (Digital),pricing_digital,1,,,u_b280f027f5e9d046,,,,0,60.0,,Canceled,2026-08-02T01:48:44.000Z,2026-08-02T01:51:22.000Z,2026-08-02T01:51:23.000Z,,46.53,2026-08-02T01:51:23.000Z,cancel,Valid Cancel,annual,2027-07-25T14:11:24.000Z,2027-07-25T14:11:24.000Z,5.0,5.0,60.0,Brightback,,,,,,,1706410,2026-07-25T14:11:21.000Z,,2026-07-25T14:11:24.000Z,,h_4a68e1cc52fae007,,1,2026-07-25T14:11:24.000Z,USD,u_b280f027f5e9d046,ACTIVE,h_9902c9c7c5a264b2,[name],60.0,annual_plus,,2026-07-25T14:11:24.000Z,other,,1,annual_plus,2026-07-25T14:11:24.000Z,_UNKNOWN,6000,YEAR,annual_plus,,,[name],2027-07-25T14:11:24.000Z,,500,,2027-07-25T14:11:24.000Z,2026-07-25T14:11:24.000Z,6000,[name],,https://www.supersummary.com/subscription,https://www.supersummary.com/subscription/confirming/cancel,,Default/Fallback [July 2025] [25% one time / No entry modal],,07-25-2026,,08-02-2026,07-25-2026,07-25-2026,07-25-2026,,07-25-2026,07-25-2027
Wg81KeR_a2f95d6a2006ca4d,Azyoh4VR4zwRE6Rlp,,Book Club Members; fallback,,,[name],[name],,I didn’t expect to be charged,i_didnt_expect_to_be_charged_2010816994,Not ready to commit to annual membership,not_ready_to_commit_to_annual_membership,,Pricing (Digital),pricing_digital,5,,,u_8202ae0d4f9150a5,NA,,,1,,,Canceled,2026-08-01T20:40:29.000Z,2026-08-01T20:41:02.000Z,2026-08-01T20:41:03.000Z,,46.75,2026-08-01T20:41:03.000Z,cancel,Valid Cancel,annual,2027-08-01T20:39:17.000Z,2027-08-01T20:39:17.000Z,3.0,3.0,36.0,Brightback,,,,,,,Azyoh4VR4zwRE6Rlp,2026-08-01T20:39:16.000Z,,2026-08-01T20:39:17.000Z,,h_9c84acaa060949f7,,1,2026-08-01T20:39:17.000Z,USD,u_8202ae0d4f9150a5,ACTIVE,h_2e41abc8a8651ab9,[name],,,,2026-08-01T20:39:17.000Z,book_club_member,,1,annual_essentials,2026-08-01T20:39:17.000Z,_UNKNOWN,3600,YEAR,,,,[name],2027-08-01T20:39:17.000Z,,300,,2027-08-01T20:39:17.000Z,2026-08-01T20:39:17.000Z,3600,,,,,,BCM Experience [July 2025] [25% one-time / No Entry Modal],,08-01-2026,,08-01-2026,08-01-2026,08-01-2026,08-01-2026,,08-01-2026,08-01-2027
Wg81K4K_b86706967ff329f5,1273817,,Students; Annual,,,[name],[name],[name],I didn’t expect to be charged,i_didnt_expect_to_be_charged_2010816994,Not ready to commit to annual membership,not_ready_to_commit_to_annual_membership,,Pricing (Digital),pricing_digital,4,,,u_b8ca2843d91cf03f,,,,0,36.0,,Canceled,2026-08-01T20:04:54.000Z,2026-08-01T20:05:54.000Z,2026-08-01T20:05:54.000Z,,46.77,2026-08-01T20:05:54.000Z,cancel,Valid Cancel,annual,2027-08-01T18:56:05.000Z,2027-08-01T18:56:05.000Z,3.0,3.0,36.0,Brightback,,,,,,,1273817,2025-08-01T18:56:03.000Z,,2025-08-01T18:56:05.000Z,,h_fa90605cbc592a97,,1,2025-08-01T18:56:05.000Z,USD,u_b8ca2843d91cf03f,ACTIVE,h_46f417873586ad43,[name],36.0,annual,,2026-08-01T18:56:05.000Z,student,,1,annual,2025-08-01T18:56:05.000Z,_UNKNOWN,3600,YEAR,annual,,High School,[name],2027-08-01T18:56:05.000Z,,300,,2027-08-01T18:56:05.000Z,2025-08-01T18:56:05.000Z,3600,[name],,https://www.supersummary.com/subscription,https://www.supersummary.com/subscription/confirming/cancel,,Student Experience [July 2025] [25% one-time / No Entry Modal],,08-01-2025,,08-01-2026,08-01-2025,08-01-2025,08-01-2025,,08-01-2025,08-01-2027
Wg81F9C_9e8ad1ac2dadce83,617994,,Students; Annual,,,[name],[name],[name],I didn’t expect to be charged,i_didnt_expect_to_be_charged_2010816994,Not ready to commit to annual membership,not_ready_to_commit_to_annual_membership,,Pricing (Digital),pricing_digital,1,,,u_e91857725aeaf605,,,,0,36.0,,Canceled,2026-08-01T15:09:25.000Z,2026-08-01T15:09:46.000Z,2026-08-01T15:09:46.000Z,,46.98,2026-08-01T15:09:46.000Z,cancel,Valid Cancel,annual,2027-07-30T00:26:28.000Z,2027-07-30T00:26:28.000Z,3.0,3.0,36.0,Brightback,,,,,,,617994,2024-07-30T00:26:26.000Z,,2024-07-30T00:26:28.000Z,,h_d070d528e18960ea,,1,2024-07-30T00:26:28.000Z,USD,u_e91857725aeaf605,ACTIVE,h_711455ec68f7797f,[name],36.0,annual,,2026-07-30T00:26:28.000Z,student,,1,annual,2024-07-30T00:26:28.000Z,_UNKNOWN,3600,YEAR,annual,,College,[name],2027-07-30T00:26:28.000Z,,300,,2027-07-30T00:26:28.000Z,2024-07-30T00:26:28.000Z,3600,[name],,https://www.supersummary.com/subscription,https://www.supersummary.com/subscription/confirming/cancel,,Student Experience [July 2025] [25% one-time / No Entry Modal],,07-30-2024,,08-01-2026,07-30-2024,07-30-2024,07-30-2024,,07-30-2024,07-30-2027
Wg81Evn_9681d940a9c9f987,1685790,,Book Club Members; fallback,,,[name],[name],[name],I didn’t expect to be charged,i_didnt_expect_to_be_charged_2010816994,Not ready to commit to annual membership,not_ready_to_commit_to_annual_membership,,Pricing (Digital),pricing_digital,5,,,u_2098f5812cd6c478,,,,0,9.95,,Canceled,2026-08-01T14:57:53.000Z,2026-08-01T14:58:18.000Z,2026-08-01T14:58:18.000Z,,46.99,2026-08-01T14:58:39.000Z,cancel,Valid Cancel,monthly,2026-08-28T14:29:15.000Z,2026-08-28T14:29:15.000Z,9.95,9.95,9.95,Brightback,,,,,,,1685790,2026-06-28T14:29:14.000Z,,2026-06-28T14:29:15.000Z,,h_4e58e72433432320,,1,2026-06-28T14:29:15.000Z,USD,u_2098f5812cd6c478,ACTIVE,h_f1e285814c7d8274,[name],9.95,monthly_essentials,,2026-07-28T14:29:15.000Z,book_club_member,,1,monthly_essentials,2026-06-28T14:29:15.000Z,_UNKNOWN,995,MONTH,monthly_essentials,,,[name],2026-08-28T14:29:15.000Z,,995,,2026-08-28T14:29:15.000Z,2026-06-28T14:29:15.000Z,995,[name],,https://www.supersummary.com/subscription,https://www.supersummary.com/subscription/confirming/cancel,,BCM Experience [July 2025] [25% one-time / No Entry Modal],,06-28-2026,,08-01-2026,06-28-2026,06-28-2026,06-28-2026,,06-28-2026,08-28-2026
Wg81CPp_baf892fd5ddea08b,1712617,,Book Club Members; fallback,,,[name],[name],[name],I didn’t expect to be charged,i_didnt_expect_to_be_charged_2010816994,Not ready to commit to annual membership,not_ready_to_commit_to_annual_membership,,Pricing (Digital),pricing_digital,2,,,u_1b2a743e8edd977f,,,,0,36.0,,Canceled,2026-08-01T12:25:54.000Z,2026-08-01T12:26:35.000Z,2026-08-01T12:26:35.000Z,,47.09,2026-08-01T12:26:35.000Z,cancel,Valid Cancel,annual,2027-07-31T19:59:06.000Z,2027-07-31T19:59:06.000Z,3.0,3.0,36.0,Brightback,,,,,,,1712617,2026-07-31T19:59:05.000Z,,2026-07-31T19:59:06.000Z,,h_5638f80276ddbc36,,1,2026-07-31T19:59:06.000Z,USD,u_1b2a743e8edd977f,ACTIVE,h_8157fbe1fda37983,[name],36.0,annual_essentials,,2026-07-31T19:59:06.000Z,book_club_member,,1,annual_essentials,2026-07-31T19:59:06.000Z,_UNKNOWN,3600,YEAR,annual_essentials,,,[name],2027-07-31T19:59:06.000Z,,300,,2027-07-31T19:59:06.000Z,2026-07-31T19:59:06.000Z,3600,[name],,https://www.supersummary.com/subscription,https://www.supersummary.com/subscription/confirming/cancel,,BCM Experience [July 2025] [25% one-time / No Entry Modal],,07-31-2026,,08-01-2026,07-31-2026,07-31-2026,07-31-2026,,07-31-2026,07-31-2027
Wg81Bqx_90f93badbe08b222,1709803,,Book Club Members; fallback,,,[name],[name],[name],I didn’t expect to be charged,i_didnt_expect_to_be_charged_2010816994,Not ready to commit to annual membership,not_ready_to_commit_to_annual_membership,,Pricing (Digital),pricing_digital,1,,,u_7809a139c836fbcc,,,,0,60.0,,Canceled,2026-08-01T11:53:03.000Z,2026-08-01T11:53:27.000Z,2026-08-01T11:53:28.000Z,,47.12,2026-08-01T11:53:28.000Z,cancel,Valid Cancel,annual,2027-07-28T21:22:56.000Z,2027-07-28T21:22:56.000Z,3.75,3.75,60.0,Brightback,,,,,,,1709803,2026-07-28T21:22:55.000Z,,2026-07-28T21:22:56.000Z,,h_0a0b75c18910fb75,,1,2026-07-28T21:22:56.000Z,USD,u_7809a139c836fbcc,ACTIVE,h_7f7b1507093c7732,[name],60.0,annual_plus,,2026-07-28T21:22:56.000Z,book_club_member,,1,annual_plus,2026-07-28T21:22:56.000Z,_UNKNOWN,6000,YEAR,annual_plus,nmTKUhkQCvq,,[name],2027-07-28T21:22:56.000Z,,375,,2027-07-28T21:22:56.000Z,2026-07-28T21:22:56.000Z,6000,[name],,https://www.supersummary.com/subscription,https://www.supersummary.com/subscription/confirming/cancel,,BCM Experience [July 2025] [25% one-time / No Entry Modal],,07-28-2026,,08-01-2026,07-28-2026,07-28-2026,07-28-2026,,07-28-2026,07-28-2027
Wg816k5_bbf3f2b376c598fb,169w7UVO6LZOU80m0,,Students; fallback,,,[name],[name],,I didn’t expect to be charged,i_didnt_expect_to_be_charged_2010816994,Not ready to commit to annual membership,not_ready_to_commit_to_annual_membership,,Pricing (Digital),pricing_digital,10,NA,,u_cb3e35c1c728b3f0,NA,,,1,,,Canceled,2026-08-01T06:46:08.000Z,2026-08-01T06:46:55.000Z,2026-08-01T06:46:56.000Z,,47.33,2026-08-01T06:46:56.000Z,cancel,Valid Cancel,monthly,2026-09-01T06:44:50.000Z,2026-09-01T06:44:50.000Z,9.95,9.95,9.95,Brightback,,,,,,,169w7UVO6LZOU80m0,2026-07-01T06:44:48.000Z,,2026-07-01T06:44:50.000Z,,h_96b77b4e0c01ff23,,1,2026-07-01T06:44:50.000Z,USD,u_cb3e35c1c728b3f0,ACTIVE,h_0b87f006fd7be62a,[name],,,,2026-08-01T06:44:50.000Z,student,,1,monthly_essentials,2026-07-01T06:44:50.000Z,_UNKNOWN,995,MONTH,,,College,[name],2026-09-01T06:44:50.000Z,,995,,2026-09-01T06:44:50.000Z,2026-07-01T06:44:50.000Z,995,,,,,,Student Experience [July 2025] [25% one-time / No Entry Modal],,07-01-2026,,08-01-2026,07-01-2026,07-01-2026,07-01-2026,,07-01-2026,09-01-2026
Wg814Aa_99104c12d64f47a1,1273411,,Students; Annual,,,[name],[name],[name],I didn’t expect to be charged,i_didnt_expect_to_be_charged_2010816994,Not ready to commit to annual membership,not_ready_to_commit_to_annual_membership,,Pricing (Digital),pricing_digital,1,,,u_c6c609b5fcd5b216,,,,0,36.0,,Canceled,2026-08-01T04:11:50.000Z,2026-08-01T04:12:20.000Z,2026-08-01T04:12:21.000Z,,47.44,2026-08-01T04:12:21.000Z,cancel,Valid Cancel,annual,2027-08-01T03:26:59.000Z,2027-08-01T03:26:59.000Z,3.0,3.0,36.0,Brightback,,,,,,,1273411,2025-08-01T03:26:57.000Z,,2025-08-01T03:26:59.000Z,,h_817d8f5f3a4e8c42,,1,2025-08-01T03:26:59.000Z,USD,u_c6c609b5fcd5b216,ACTIVE,h_0c986dd3c94a7593,[name],36.0,annual,,2026-08-01T03:26:59.000Z,student,,1,annual,2025-08-01T03:26:59.000Z,_UNKNOWN,3600,YEAR,annual,,College,[name],2027-08-01T03:26:59.000Z,,300,,2027-08-01T03:26:59.000Z,2025-08-01T03:26:59.000Z,3600,[name],,https://www.supersummary.com/subscription,https://www.supersummary.com/subscription/confirming/cancel,,Student Experience [July 2025] [25% one-time / No Entry Modal],,08-01-2025,,08-01-2026,08-01-2025,08-01-2025,08-01-2025,,08-01-2025,08-01-2027
Wg812k8_900e64064d09a384,AzyjgmUr49k684lhe,,Book Club Members; Annual,,,[name],[name],,I didn’t expect to be charged,i_didnt_expect_to_be_charged_2010816994,Not ready to commit to annual membership,not_ready_to_commit_to_annual_membership,,Pricing (Digital),pricing_digital,1,,,u_32f12785d99cc52a,,,,0,,,Canceled,2026-08-01T02:46:12.000Z,2026-08-01T02:46:41.000Z,2026-08-01T02:46:41.000Z,,47.49,2026-08-01T02:46:41.000Z,cancel,Valid Cancel,annual,2027-07-15T23:52:15.000Z,2027-07-15T23:52:15.000Z,3.0,3.0,36.0,Brightback,,,,,,,AzyjgmUr49k684lhe,2023-02-21T20:37:11.000Z,,2025-07-15T23:52:15.000Z,,h_c886386e03a44102,,1,2025-07-15T23:52:15.000Z,USD,u_32f12785d99cc52a,ACTIVE,h_908edce90290ca45,[name],,,,2026-07-15T23:52:15.000Z,book_club_member,,1,annual,2025-07-15T23:52:15.000Z,_UNKNOWN,3600,YEAR,,,,[name],2027-07-15T23:52:15.000Z,,300,,2027-07-15T23:52:15.000Z,2025-07-15T23:52:15.000Z,3600,,,,,,BCM Experience [July 2025] [25% one-time / No Entry Modal],,07-15-2025,,08-01-2026,07-15-2025,07-15-2025,02-21-2023,,07-15-2025,07-15-2027
Wg810Uo_96166d6a02c5b8b7,613279,,Book Club Members; Annual,,,[name],[name],[name],I didn’t expect to be charged,i_didnt_expect_to_be_charged_2010816994,Not ready to commit to annual membership,not_ready_to_commit_to_annual_membership,,Pricing (Digital),pricing_digital,3,,,u_58b5019bdbb5d286,,,,0,36.0,,Canceled,2026-08-01T00:31:04.000Z,2026-08-01T00:31:32.000Z,2026-08-01T00:31:32.000Z,,47.59,2026-08-01T00:31:32.000Z,cancel,Valid Cancel,annual,2027-07-19T23:02:16.000Z,2027-07-19T23:02:16.000Z,3.0,3.0,36.0,Brightback,,,,,,,613279,2024-07-19T23:02:15.000Z,,2024-07-19T23:02:16.000Z,,h_29590eb14f1cfff9,,1,2024-07-19T23:02:16.000Z,USD,u_58b5019bdbb5d286,ACTIVE,h_043e3414c2c723e4,[name],36.0,annual,,2026-07-19T23:02:16.000Z,book_club_member,,1,annual,2024-07-19T23:02:16.000Z,_UNKNOWN,3600,YEAR,annual,,,[name],2027-07-19T23:02:16.000Z,,300,,2027-07-19T23:02:16.000Z,2024-07-19T23:02:16.000Z,3600,[name],,https://www.supersummary.com/subscription,https://www.supersummary.com/subscription/confirming/cancel,,BCM Experience [July 2025] [25% one-time / No Entry Modal],,07-19-2024,,08-01-2026,07-19-2024,07-19-2024,07-19-2024,,07-19-2024,07-19-2027
