exit_session_id,id,language,Audiences Names,acceptedOffers,deflectType,ownerFirstName,ownerLastName,ownerFullName,reason,reasonId,bbkReason,bbkReasonId,reasonOther,bbkCategory,bbkCategoryId,returnLikelihood,competitor,competitionOther,email,details,drilldown_modal_feedback,free_text_modal_feedback,has_details,value,company,last_action,startTime,Cancel date,endTime,Save date,age,lastActiveDate,status,validation_status,billing_interval,sub_renewal_date,sub_expired_date,mrr,billing_mrr,billing_price,source,repurchases,repurchases_revenue,repurchases_first_date,winbacks,winbacks_revenue,winbacks_first_date,internal_id,Customer Create Date,Customer Payment Method State,First Purchase Date,Country,Subscription ID,Coupon Codes,Interval Length,Subscription Activation Date,Subscription Currency,Owner Email,Subscription Status,Billing ID,Owner Last Name,Contract Value,Product ID,Subscription Trial Start Date,Subscription Current Period Start,Customer Audience,State,Quantity,Plan ID,Subscription Start Date,Customer Type,Plan Amount,Plan Interval,Product Name,Coupon IDs,Customer Grade Level,Owner First Name,Subscription Next Billing Date,Subscription Product Family ID,Subscription MRR,Subscription Trial End Date,Subscription Current Period End,Subscription Create Date,Subscription Unit Amount,Owner Full Name,Organization Name,Save return URL,Cancel confirmation URL,Legacy Retention Experiment,Page attributed,Subscription Trial Start Date UTC,First Purchase Date UTC,Subscription Trial End Date UTC,Cancel date UTC,Subscription Activation Date UTC,Subscription Create Date UTC,Customer Create Date UTC,Save date UTC,Subscription Start Date UTC,Subscription Next Billing Date UTC
Wg8VMAt_9f9c2090740168a7,6orFVTG0tgq61StP,,Teachers; Annual,,,[name],[name],,SuperSummary wasn’t helpful enough,global_economic_reasons_897286504,Reliability or performance issues,reliability,,Product (SaaS),product,1,,,u_ef0205db37d1adf9,,,,0,,,Canceled,2026-08-31T22:10:57.000Z,2026-08-31T22:11:30.000Z,2026-08-31T22:11:30.000Z,,16.69,2026-08-31T22:11:30.000Z,cancel,Valid Cancel,annual,2027-08-30T16:50:29.000Z,2027-08-30T16:50:29.000Z,3.0,3.0,36.0,Brightback,,,,,,,6orFVTG0tgq61StP,2022-08-30T16:50:28.000Z,,2022-08-30T16:50:29.000Z,,h_30e23cc855f7add0,,1,2022-08-30T16:50:29.000Z,USD,u_ef0205db37d1adf9,ACTIVE,h_5ae77e81f79d412a,[name],,,,2026-08-30T16:50:29.000Z,teacher,,1,annual,2022-08-30T16:50:29.000Z,_UNKNOWN,3600,YEAR,,,Postgrad Program,[name],2027-08-30T16:50:29.000Z,,300,,2027-08-30T16:50:29.000Z,2022-08-30T16:50:29.000Z,3600,,,,,,Teacher Experience [July 2025] [40% one-time / Modal],,08-30-2022,,08-31-2026,08-30-2022,08-30-2022,08-30-2022,,08-30-2022,08-30-2027
Wg8VJWM_ac588e75f981d094,16CMeEVSmXJ823Dwb,,Students; fallback,,,[name],[name],,SuperSummary wasn’t helpful enough,global_economic_reasons_897286504,Reliability or performance issues,reliability,,Product (SaaS),product,3,lit charts,,u_175d36bae5e447bb,better anaylsis ,,,1,,,Canceled,2026-08-31T19:32:26.000Z,2026-08-31T19:33:00.000Z,2026-08-31T19:33:00.000Z,,16.8,2026-08-31T19:33:00.000Z,cancel,Valid Cancel,annual,2027-08-19T21:50:24.000Z,2027-08-19T21:50:24.000Z,5.0,5.0,60.0,Brightback,,,,,,,16CMeEVSmXJ823Dwb,2026-08-19T21:50:23.000Z,,2026-08-19T21:50:24.000Z,,h_2a97b9fe83136a8c,,1,2026-08-19T21:50:24.000Z,USD,u_175d36bae5e447bb,ACTIVE,h_1e69464874d5cf6b,[name],,,,2026-08-19T21:50:24.000Z,student,,1,annual_plus,2026-08-19T21:50:24.000Z,_UNKNOWN,6000,YEAR,,,College,[name],2027-08-19T21:50:24.000Z,,500,,2027-08-19T21:50:24.000Z,2026-08-19T21:50:24.000Z,6000,,,,,,Student Experience [July 2025] [25% one-time / No Entry Modal],,08-19-2026,,08-31-2026,08-19-2026,08-19-2026,08-19-2026,,08-19-2026,08-19-2027
Wg8VG1q_a9495723b537ded3,1747501,,Students; fallback,,,[name],[name],[name],SuperSummary wasn’t helpful enough,global_economic_reasons_897286504,Reliability or performance issues,reliability,,Product (SaaS),product,1,,,u_8be8626e12ee576a,,,,0,36.0,,Canceled,2026-08-31T16:02:02.000Z,2026-08-31T16:02:40.000Z,2026-08-31T16:02:40.000Z,,16.94,2026-08-31T16:02:40.000Z,cancel,Valid Cancel,annual,2027-08-31T00:07:03.000Z,2027-08-31T00:07:03.000Z,3.0,3.0,36.0,Brightback,,,,,,,1747501,2026-08-31T00:07:01.000Z,,2026-08-31T00:07:03.000Z,,h_ff96235b97188709,,1,2026-08-31T00:07:03.000Z,USD,u_8be8626e12ee576a,ACTIVE,h_df58aa21331d6f5b,[name],36.0,annual_essentials,,2026-08-31T00:07:03.000Z,student,,1,annual_essentials,2026-08-31T00:07:03.000Z,_UNKNOWN,3600,YEAR,annual_essentials,,College,[name],2027-08-31T00:07:03.000Z,,300,,2027-08-31T00:07:03.000Z,2026-08-31T00:07:03.000Z,3600,[name],,https://www.supersummary.com/subscription,https://www.supersummary.com/subscription/confirming/cancel,,Student Experience [July 2025] [25% one-time / No Entry Modal],,08-31-2026,,08-31-2026,08-31-2026,08-31-2026,08-31-2026,,08-31-2026,08-31-2027
Wg8VD9f_9442a2f00dbf5f80,1289768,,Parents; Annual,,,[name],[name],[name],SuperSummary wasn’t helpful enough,global_economic_reasons_897286504,Reliability or performance issues,reliability,,Product (SaaS),product,5,,,u_89acff7ed8f85707,,,,0,36.0,,Canceled,2026-08-31T13:09:54.000Z,2026-08-31T13:10:17.000Z,2026-08-31T13:10:18.000Z,,17.06,2026-08-31T13:10:18.000Z,cancel,Valid Cancel,annual,2027-08-18T14:39:51.000Z,2027-08-18T14:39:51.000Z,3.0,3.0,36.0,Brightback,,,,,,,1289768,2025-08-18T14:39:48.000Z,,2025-08-18T14:39:51.000Z,,h_4add2ffa70fa3555,,1,2025-08-18T14:39:51.000Z,USD,u_89acff7ed8f85707,ACTIVE,h_55485b79796ead55,[name],36.0,annual,,2026-08-18T14:39:51.000Z,parent_of_student,,1,annual,2025-08-18T14:39:51.000Z,_UNKNOWN,3600,YEAR,annual,,Middle School,[name],2027-08-18T14:39:51.000Z,,300,,2027-08-18T14:39:51.000Z,2025-08-18T14:39:51.000Z,3600,[name],,https://www.supersummary.com/subscription,https://www.supersummary.com/subscription/confirming/cancel,,Parent Experience [July 2025] [25% one-time / Modal],,08-18-2025,,08-31-2026,08-18-2025,08-18-2025,08-18-2025,,08-18-2025,08-18-2027
Wg8V9se_97339822caa5c2f0,AzyXVPVTrfVAwCfrD,,fallback,,,[name],[name],,SuperSummary wasn’t helpful enough,global_economic_reasons_897286504,Reliability or performance issues,reliability,,Product (SaaS),product,1,,,u_6726af1e90f4379f,,,,0,,,Canceled,2026-08-31T09:54:43.000Z,2026-08-31T09:55:03.000Z,2026-09-16T08:56:53.000Z,,17.2,2026-09-16T08:56:53.000Z,cancel,Valid Cancel,monthly,2026-09-30T09:23:12.000Z,2026-09-30T09:23:12.000Z,9.95,9.95,9.95,Brightback,,,,,,,AzyXVPVTrfVAwCfrD,2026-08-31T09:23:10.000Z,,2026-08-31T09:23:12.000Z,,h_eacde21d10e2d766,,1,2026-08-31T09:23:12.000Z,USD,u_6726af1e90f4379f,ACTIVE,h_1a951598e93a7da3,[name],,,,2026-08-31T09:23:12.000Z,other,,1,monthly_essentials,2026-08-31T09:23:12.000Z,_UNKNOWN,995,MONTH,,,,[name],2026-09-30T09:23:12.000Z,,995,,2026-09-30T09:23:12.000Z,2026-08-31T09:23:12.000Z,995,,,,,,Default/Fallback [July 2025] [25% one time / No entry modal],,08-31-2026,,08-31-2026,08-31-2026,08-31-2026,08-31-2026,,08-31-2026,09-30-2026
Wg8V37I_a138dd763bc802cb,1731419,,Students; fallback,,,[name],[name],[name],SuperSummary wasn’t helpful enough,global_economic_reasons_897286504,Reliability or performance issues,reliability,,Product (SaaS),product,1,,,u_593c406ebb3ac218,,,,0,36.0,,Canceled,2026-08-31T03:07:23.000Z,2026-08-31T03:07:59.000Z,2026-08-31T03:07:59.000Z,,17.48,2026-08-31T03:07:59.000Z,cancel,Valid Cancel,annual,2027-08-18T01:20:14.000Z,2027-08-18T01:20:14.000Z,3.0,3.0,36.0,Brightback,,,,,,,1731419,2026-08-18T01:20:13.000Z,,2026-08-18T01:20:14.000Z,,h_d60c9a9d0fef836f,,1,2026-08-18T01:20:14.000Z,USD,u_593c406ebb3ac218,ACTIVE,h_ea0f6d64089da0fb,[name],36.0,annual_essentials,,2026-08-18T01:20:14.000Z,student,,1,annual_essentials,2026-08-18T01:20:14.000Z,_UNKNOWN,3600,YEAR,annual_essentials,,Middle School,[name],2027-08-18T01:20:14.000Z,,300,,2027-08-18T01:20:14.000Z,2026-08-18T01:20:14.000Z,3600,[name],,https://www.supersummary.com/subscription,https://www.supersummary.com/subscription/confirming/cancel,,Student Experience [July 2025] [25% one-time / No Entry Modal],,08-18-2026,,08-31-2026,08-18-2026,08-18-2026,08-18-2026,,08-18-2026,08-18-2027
Wg8V1Tv_8484587808909ee5,169sXuVTpjdeXX12,,Students; fallback,,,[name],[name],,SuperSummary wasn’t helpful enough,global_economic_reasons_897286504,Reliability or performance issues,reliability,,Product (SaaS),product,7,,,u_273c7491f7a79763,,,,0,,,Canceled,2026-08-31T01:30:00.000Z,2026-08-31T01:30:24.000Z,2026-08-31T01:30:24.000Z,,17.55,2026-08-31T01:30:24.000Z,cancel,Valid Cancel,monthly,2026-09-30T01:27:05.000Z,2026-09-30T01:27:05.000Z,16.65,16.65,16.65,Brightback,,,,,,,169sXuVTpjdeXX12,2026-08-31T01:27:01.000Z,,2026-08-31T01:27:05.000Z,,h_1754f8f5ffb4da87,,1,2026-08-31T01:27:05.000Z,USD,u_273c7491f7a79763,ACTIVE,h_6ff28901ec41c34b,[name],,,,2026-08-31T01:27:05.000Z,student,,1,monthly_plus,2026-08-31T01:27:05.000Z,_UNKNOWN,1665,MONTH,,,Postgrad Program,[name],2026-09-30T01:27:05.000Z,,1665,,2026-09-30T01:27:05.000Z,2026-08-31T01:27:05.000Z,1665,,,,,,Student Experience [July 2025] [25% one-time / No Entry Modal],,08-31-2026,,08-31-2026,08-31-2026,08-31-2026,08-31-2026,,08-31-2026,09-30-2026
Wg8V0Lr_8fe2399b41d46c9b,16BPkwToAvaIvEJTw,,Parents; Annual,,,[name],[name],,SuperSummary wasn’t helpful enough,global_economic_reasons_897286504,Reliability or performance issues,reliability,,Product (SaaS),product,1,,,u_cd3633d45d7c21e1,,,,0,,,Canceled,2026-08-31T00:21:57.000Z,2026-08-31T00:22:55.000Z,2026-08-31T00:22:55.000Z,,17.6,2026-08-31T00:22:55.000Z,cancel,Valid Cancel,annual,2027-08-27T22:22:41.000Z,2027-08-27T22:22:41.000Z,3.0,3.0,36.0,Brightback,,,,,,,16BPkwToAvaIvEJTw,2023-08-27T22:22:39.000Z,,2023-08-27T22:22:41.000Z,,h_1a93fb0d90adba33,,1,2023-08-27T22:22:41.000Z,USD,u_cd3633d45d7c21e1,ACTIVE,h_560a2613715370ed,[name],,,,2026-08-27T22:22:41.000Z,parent_of_student,,1,annual,2023-08-27T22:22:41.000Z,_UNKNOWN,3600,YEAR,,,High School,[name],2027-08-27T22:22:41.000Z,,300,,2027-08-27T22:22:41.000Z,2023-08-27T22:22:41.000Z,3600,,,,,,Parent Experience [July 2025] [25% one-time / Modal],,08-27-2023,,08-31-2026,08-27-2023,08-27-2023,08-27-2023,,08-27-2023,08-27-2027
Wg8UNS9_a1417cc809ef7871,1747422,,fallback,,,[name],[name],[name],SuperSummary wasn’t helpful enough,global_economic_reasons_897286504,Reliability or performance issues,reliability,,Product (SaaS),product,5,The only reason I wanted membership was for the book club discussion questions. I now see I need Plus membership for that.,,u_861cd4ebb9f72fc5,include discussion questions with the basic membership,,,1,36.0,,Canceled,2026-08-30T23:28:19.000Z,2026-08-30T23:31:25.000Z,2026-08-30T23:31:25.000Z,,17.63,2026-08-30T23:31:25.000Z,cancel,Valid Cancel,annual,2027-08-30T23:19:20.000Z,2027-08-30T23:19:20.000Z,3.0,3.0,36.0,Brightback,,,,,,,1747422,2026-08-30T23:19:17.000Z,,2026-08-30T23:19:20.000Z,,h_af008e5dfdd6fdb6,,1,2026-08-30T23:19:20.000Z,USD,u_861cd4ebb9f72fc5,ACTIVE,h_f7da782d11cf0fe1,[name],36.0,annual_essentials,,2026-08-30T23:19:20.000Z,avid_reader,,1,annual_essentials,2026-08-30T23:19:20.000Z,_UNKNOWN,3600,YEAR,annual_essentials,,,[name],2027-08-30T23:19:20.000Z,,300,,2027-08-30T23:19:20.000Z,2026-08-30T23:19:20.000Z,3600,[name],,https://www.supersummary.com/subscription,https://www.supersummary.com/subscription/confirming/cancel,,Default/Fallback [July 2025] [25% one time / No entry modal],,08-30-2026,,08-30-2026,08-30-2026,08-30-2026,08-30-2026,,08-30-2026,08-30-2027
Wg8UKvq_913c957f9755bdc6,AzZWXIVO21ORF4xBE,,Teachers; fallback,,,[name],[name],,SuperSummary wasn’t helpful enough,global_economic_reasons_897286504,Reliability or performance issues,reliability,,Product (SaaS),product,1,,,u_f8b7d37d743d5549,,,,0,,,Canceled,2026-08-30T20:57:55.000Z,2026-08-30T20:58:27.000Z,2026-08-30T20:58:28.000Z,,17.74,2026-08-30T20:58:28.000Z,cancel,Valid Cancel,monthly,2026-09-30T12:59:36.000Z,2026-09-30T12:59:36.000Z,9.95,9.95,9.95,Brightback,,,,,,,AzZWXIVO21ORF4xBE,2026-06-30T12:59:33.000Z,,2026-06-30T12:59:36.000Z,,h_f7c64361ad9374f0,,1,2026-06-30T12:59:36.000Z,USD,u_f8b7d37d743d5549,ACTIVE,h_79d2afc489080d72,[name],,,,2026-08-30T12:59:36.000Z,teacher,,1,monthly_essentials,2026-06-30T12:59:36.000Z,_UNKNOWN,995,MONTH,,,Middle School,[name],2026-09-30T12:59:36.000Z,,995,,2026-09-30T12:59:36.000Z,2026-06-30T12:59:36.000Z,995,,,,,,Teacher Experience [July 2025] [40% one-time / Modal],,06-30-2026,,08-30-2026,06-30-2026,06-30-2026,06-30-2026,,06-30-2026,09-30-2026
Wg8UK96_b88fd73a0d8e3b65,1310765,,Students; fallback,,,[name],[name],[name],SuperSummary wasn’t helpful enough,global_economic_reasons_897286504,Reliability or performance issues,reliability,,Product (SaaS),product,2,,,u_8b96dbb634b760e8,,,,0,60.0,,Canceled,2026-08-30T20:09:23.000Z,2026-08-30T20:09:52.000Z,2026-08-30T20:09:52.000Z,,17.77,2026-08-30T20:09:52.000Z,cancel,Valid Cancel,annual,2026-09-04T12:54:38.000Z,2026-09-04T12:54:38.000Z,5.0,5.0,60.0,Brightback,,,,,,,1310765,2025-09-04T12:54:35.000Z,,2025-09-04T12:54:38.000Z,,h_8aa4362b6652d754,,1,2025-09-04T12:54:38.000Z,USD,u_8b96dbb634b760e8,ACTIVE,h_60e2c383c2ee5302,[name],60.0,annual_plus,,2025-09-04T12:54:38.000Z,student,,1,annual_plus,2025-09-04T12:54:38.000Z,_UNKNOWN,6000,YEAR,annual_plus,,High School,[name],2026-09-04T12:54:38.000Z,,500,,2026-09-04T12:54:38.000Z,2025-09-04T12:54:38.000Z,6000,[name],,https://www.supersummary.com/subscription,https://www.supersummary.com/subscription/confirming/cancel,,Student Experience [July 2025] [25% one-time / No Entry Modal],,09-04-2025,,08-30-2026,09-04-2025,09-04-2025,09-04-2025,,09-04-2025,09-04-2026
Wg8UJq2_891f16eaece77492,1736268,,Teachers; fallback,,,[name],[name],[name],SuperSummary wasn’t helpful enough,global_economic_reasons_897286504,Reliability or performance issues,reliability,,Product (SaaS),product,3,Just read it myself and maybe check reddit.,,u_bbbefdfe12d86ab1,,,,0,36.0,,Canceled,2026-08-30T19:52:16.000Z,2026-08-30T19:53:39.000Z,2026-08-30T19:53:39.000Z,,17.78,2026-08-30T19:53:39.000Z,cancel,Valid Cancel,annual,2027-08-22T13:12:53.000Z,2027-08-22T13:12:53.000Z,3.0,3.0,36.0,Brightback,,,,,,,1736268,2026-08-22T13:12:52.000Z,,2026-08-22T13:12:53.000Z,,h_ce434e7a9c275b52,,1,2026-08-22T13:12:53.000Z,USD,u_bbbefdfe12d86ab1,ACTIVE,h_799f5a9947434cb2,[name],36.0,annual_essentials,,2026-08-22T13:12:53.000Z,teacher,,1,annual_essentials,2026-08-22T13:12:53.000Z,_UNKNOWN,3600,YEAR,annual_essentials,,other,[name],2027-08-22T13:12:53.000Z,,300,,2027-08-22T13:12:53.000Z,2026-08-22T13:12:53.000Z,3600,[name],,https://www.supersummary.com/subscription,https://www.supersummary.com/subscription/confirming/cancel,,Teacher Experience [July 2025] [40% one-time / Modal],,08-22-2026,,08-30-2026,08-22-2026,08-22-2026,08-22-2026,,08-22-2026,08-22-2027
Wg8UJPq_bfe5b9028006b61e,1747049,,Students; fallback,,,[name],[name],[name],SuperSummary wasn’t helpful enough,global_economic_reasons_897286504,Reliability or performance issues,reliability,,Product (SaaS),product,1,ill read,,u_d3d54a090f2a7bf3,you couldnt,,,1,9.95,,Canceled,2026-08-30T19:25:54.000Z,2026-08-30T19:26:49.000Z,2026-08-30T19:26:49.000Z,,17.8,2026-08-30T19:26:49.000Z,cancel,Valid Cancel,monthly,2026-09-30T19:13:36.000Z,2026-09-30T19:13:36.000Z,9.95,9.95,9.95,Brightback,,,,,,,1747049,2026-08-30T19:13:33.000Z,,2026-08-30T19:13:36.000Z,,h_fcded81e4afb6280,,1,2026-08-30T19:13:36.000Z,USD,u_d3d54a090f2a7bf3,ACTIVE,h_2a71abc4eb95ba58,[name],9.95,monthly_essentials,,2026-08-30T19:13:36.000Z,student,,1,monthly_essentials,2026-08-30T19:13:36.000Z,_UNKNOWN,995,MONTH,monthly_essentials,,High School,[name],2026-09-30T19:13:36.000Z,,995,,2026-09-30T19:13:36.000Z,2026-08-30T19:13:36.000Z,995,[name],,https://www.supersummary.com/subscription,https://www.supersummary.com/subscription/confirming/cancel,,Student Experience [July 2025] [25% one-time / No Entry Modal],,08-30-2026,,08-30-2026,08-30-2026,08-30-2026,08-30-2026,,08-30-2026,09-30-2026
Wg8UJfH_ab488649c315bb6c,1575622,,Students; fallback,,,[name],[name],[name],SuperSummary wasn’t helpful enough,global_economic_reasons_897286504,Reliability or performance issues,reliability,,Product (SaaS),product,7,,,u_68d1b570f928fa92,Bb,,,1,16.65,,Canceled,2026-08-30T19:41:25.000Z,2026-08-30T19:42:26.000Z,2026-08-30T19:42:27.000Z,,17.79,2026-08-30T19:42:27.000Z,cancel,Valid Cancel,monthly,2026-09-26T19:50:38.000Z,2026-09-26T19:50:38.000Z,16.65,16.65,16.65,Brightback,,,,,,,1575622,2026-03-26T19:50:37.000Z,,2026-03-26T19:50:38.000Z,,h_f86fe7363e0414fc,,1,2026-03-26T19:50:38.000Z,USD,u_68d1b570f928fa92,ACTIVE,h_6a40233ad9323a0c,[name],16.65,monthly_plus,,2026-08-26T19:50:38.000Z,student,,1,monthly_plus,2026-03-26T19:50:38.000Z,_UNKNOWN,1665,MONTH,monthly_plus,,Middle School,[name],2026-09-26T19:50:38.000Z,,1665,,2026-09-26T19:50:38.000Z,2026-03-26T19:50:38.000Z,1665,[name],,https://www.supersummary.com/subscription,https://www.supersummary.com/subscription/confirming/cancel,,Student Experience [July 2025] [25% one-time / No Entry Modal],,03-26-2026,,08-30-2026,03-26-2026,03-26-2026,03-26-2026,,03-26-2026,09-26-2026
Wg8UIXP_93d4e87407ef1d02,AzqcPkVSPlcnh6sft,,Parents; fallback,,,[name],[name],,SuperSummary wasn’t helpful enough,global_economic_reasons_897286504,Reliability or performance issues,reliability,,Product (SaaS),product,4,Nothing ,,u_33968c61564316b4,Na,,,1,,,Canceled,2026-08-30T18:33:32.000Z,2026-08-30T18:34:32.000Z,2026-08-30T18:34:32.000Z,,17.84,2026-08-30T18:34:32.000Z,cancel,Valid Cancel,monthly,2026-09-16T00:23:01.000Z,2026-09-16T00:23:01.000Z,16.65,16.65,16.65,Brightback,,,,,,,AzqcPkVSPlcnh6sft,2026-08-16T00:22:58.000Z,,2026-08-16T00:23:01.000Z,,h_db32c54df411aa62,,1,2026-08-16T00:23:01.000Z,USD,u_33968c61564316b4,ACTIVE,h_1ae80bf21011c63b,[name],,,,2026-08-16T00:23:01.000Z,parent_of_student,,1,monthly_plus,2026-08-16T00:23:01.000Z,_UNKNOWN,1665,MONTH,,,High School,[name],2026-09-16T00:23:01.000Z,,1665,,2026-09-16T00:23:01.000Z,2026-08-16T00:23:01.000Z,1665,,,,,,Parent Experience [July 2025] [25% one-time / No Entry Modal],,08-16-2026,,08-30-2026,08-16-2026,08-16-2026,08-16-2026,,08-16-2026,09-16-2026
Wg8UDmA_a096cc70f2a3fe89,1746617,,Book Club Members; fallback,,,[name],[name],[name],SuperSummary wasn’t helpful enough,global_economic_reasons_897286504,Reliability or performance issues,reliability,,Product (SaaS),product,1,,,u_273566d79283756e,,,,0,60.0,,Canceled,2026-08-30T13:48:26.000Z,2026-08-30T13:48:46.000Z,2026-08-30T13:48:46.000Z,,18.04,2026-08-30T13:48:46.000Z,cancel,Valid Cancel,annual,2027-08-30T13:45:16.000Z,2027-08-30T13:45:16.000Z,5.0,5.0,60.0,Brightback,,,,,,,1746617,2026-08-30T13:45:14.000Z,,2026-08-30T13:45:16.000Z,,h_9670c10179c1d69c,,1,2026-08-30T13:45:16.000Z,USD,u_273566d79283756e,ACTIVE,h_069f09f474f0247a,[name],60.0,annual_plus,,2026-08-30T13:45:16.000Z,book_club_member,,1,annual_plus,2026-08-30T13:45:16.000Z,_UNKNOWN,6000,YEAR,annual_plus,,,[name],2027-08-30T13:45:16.000Z,,500,,2027-08-30T13:45:16.000Z,2026-08-30T13:45:16.000Z,6000,[name],,https://www.supersummary.com/subscription,https://www.supersummary.com/subscription/confirming/cancel,,BCM Experience [July 2025] [25% one-time / No Entry Modal],,08-30-2026,,08-30-2026,08-30-2026,08-30-2026,08-30-2026,,08-30-2026,08-30-2027
Wg8TGQv_b578f1a4e840b14e,1741230,,Students; fallback,,,[name],[name],[name],SuperSummary wasn’t helpful enough,global_economic_reasons_897286504,Reliability or performance issues,reliability,,Product (SaaS),product,4,s,,u_0209b4b21ab9d8eb,,,,0,16.65,,Canceled,2026-08-29T16:27:07.000Z,2026-08-29T16:27:42.000Z,2026-08-29T16:27:42.000Z,,18.93,2026-08-29T16:28:06.000Z,cancel,Valid Cancel,monthly,2026-09-26T00:08:11.000Z,2026-09-26T00:08:11.000Z,16.65,16.65,16.65,Brightback,,,,,,,1741230,2026-08-26T00:08:08.000Z,,2026-08-26T00:08:11.000Z,,h_adfed6408332cc7d,,1,2026-08-26T00:08:11.000Z,USD,u_0209b4b21ab9d8eb,ACTIVE,h_19c2ef3bdf8cef61,[name],16.65,monthly_plus,,2026-08-26T00:08:11.000Z,student,,1,monthly_plus,2026-08-26T00:08:11.000Z,_UNKNOWN,1665,MONTH,monthly_plus,,High School,[name],2026-09-26T00:08:11.000Z,,1665,,2026-09-26T00:08:11.000Z,2026-08-26T00:08:11.000Z,1665,[name],,https://www.supersummary.com/subscription,https://www.supersummary.com/subscription/confirming/cancel,,Student Experience [July 2025] [25% one-time / No Entry Modal],,08-26-2026,,08-29-2026,08-26-2026,08-26-2026,08-26-2026,,08-26-2026,09-26-2026
Wg8TFvi_b14abc50238381de,1605030,,Students; fallback,,,[name],[name],[name],SuperSummary wasn’t helpful enough,global_economic_reasons_897286504,Reliability or performance issues,reliability,,Product (SaaS),product,4,,,u_9f454d1950a81aed,,,,0,9.95,,Canceled,2026-08-29T15:58:09.000Z,2026-08-29T15:58:31.000Z,2026-08-29T15:58:32.000Z,,18.95,2026-08-29T15:58:32.000Z,cancel,Valid Cancel,monthly,2026-09-23T06:41:06.000Z,2026-09-23T06:41:06.000Z,9.95,9.95,9.95,Brightback,,,,,,,1605030,2026-08-23T06:41:03.000Z,,2026-08-23T06:41:06.000Z,,h_0f6807bb7acbbc9d,,1,2026-08-23T06:41:06.000Z,USD,u_9f454d1950a81aed,ACTIVE,h_ba2d0c5654254ff7,[name],9.95,monthly_essentials,,2026-08-23T06:41:06.000Z,student,,1,monthly_essentials,2026-08-23T06:41:06.000Z,_UNKNOWN,995,MONTH,monthly_essentials,,College,[name],2026-09-23T06:41:06.000Z,,995,,2026-09-23T06:41:06.000Z,2026-08-23T06:41:06.000Z,995,[name],,https://www.supersummary.com/subscription,https://www.supersummary.com/subscription/confirming/cancel,,Student Experience [July 2025] [25% one-time / No Entry Modal],,08-23-2026,,08-29-2026,08-23-2026,08-23-2026,08-23-2026,,08-23-2026,09-23-2026
Wg8TEo7_8351504990757e3e,AzyhyXUvGSHqv1ScB,,Parents; Annual,,,[name],[name],,SuperSummary wasn’t helpful enough,global_economic_reasons_897286504,Reliability or performance issues,reliability,,Product (SaaS),product,1,,,u_ac5c25d0caf27e6e,,,,0,,,Canceled,2026-08-29T14:50:10.000Z,2026-08-29T14:50:39.000Z,2026-08-29T14:50:40.000Z,,18.99,2026-08-29T14:50:40.000Z,cancel,Valid Cancel,annual,2027-08-29T12:16:42.000Z,2027-08-29T12:16:42.000Z,3.0,3.0,36.0,Brightback,,,,,,,AzyhyXUvGSHqv1ScB,2025-08-29T12:16:40.000Z,,2025-08-29T12:16:42.000Z,,h_c2c68bcfb515338e,,1,2025-08-29T12:16:42.000Z,USD,u_ac5c25d0caf27e6e,ACTIVE,h_cae660b5c8e2b4fc,[name],,,,2026-08-29T12:16:42.000Z,parent_of_student,,1,annual,2025-08-29T12:16:42.000Z,_UNKNOWN,3600,YEAR,,,Middle School,[name],2027-08-29T12:16:42.000Z,,300,,2027-08-29T12:16:42.000Z,2025-08-29T12:16:42.000Z,3600,,,,,,Parent Experience [July 2025] [25% one-time / Modal],,08-29-2025,,08-29-2026,08-29-2025,08-29-2025,08-29-2025,,08-29-2025,08-29-2027
Wg8TE3c_a1fededd04d02dfa,AzylvbVTgj4fq6Bsg,,Book Club Members; fallback,,,[name],[name],,SuperSummary wasn’t helpful enough,global_economic_reasons_897286504,Reliability or performance issues,reliability,,Product (SaaS),product,2,,,u_79cf7ef899093d61,,,,0,,,Canceled,2026-08-29T14:03:43.000Z,2026-08-29T14:04:22.000Z,2026-08-29T14:04:23.000Z,,19.02,2026-08-29T14:04:23.000Z,cancel,Valid Cancel,annual,2027-08-29T12:28:24.000Z,2027-08-29T12:28:24.000Z,3.0,3.0,36.0,Brightback,,,,,,,AzylvbVTgj4fq6Bsg,2026-08-29T12:28:21.000Z,,2026-08-29T12:28:24.000Z,,h_899c439081cac261,,1,2026-08-29T12:28:24.000Z,USD,u_79cf7ef899093d61,ACTIVE,h_57d954a8c87a6423,[name],,,,2026-08-29T12:28:24.000Z,book_club_member,,1,annual_essentials,2026-08-29T12:28:24.000Z,_UNKNOWN,3600,YEAR,,,,[name],2027-08-29T12:28:24.000Z,,300,,2027-08-29T12:28:24.000Z,2026-08-29T12:28:24.000Z,3600,,,,,,BCM Experience [July 2025] [25% one-time / No Entry Modal],,08-29-2026,,08-29-2026,08-29-2026,08-29-2026,08-29-2026,,08-29-2026,08-29-2027
Wg8T2Vx_ac0829d5d4254eea,AzZXNhUuBDF1uDgzB,,Teachers; Annual,,,[name],[name],,SuperSummary wasn’t helpful enough,global_economic_reasons_897286504,Reliability or performance issues,reliability,,Product (SaaS),product,1,nothing,,u_ea4536df32b7d282,,,,0,,,Canceled,2026-08-29T02:32:04.000Z,2026-08-29T02:32:32.000Z,2026-08-29T02:32:32.000Z,,19.5,2026-08-29T02:32:32.000Z,cancel,Valid Cancel,annual,2027-08-18T00:16:41.000Z,2027-08-18T00:16:41.000Z,3.0,3.0,36.0,Brightback,,,,,,,AzZXNhUuBDF1uDgzB,2025-08-18T00:15:47.000Z,,2025-08-18T00:16:41.000Z,,h_aff1a54ab6c00701,,1,2025-08-18T00:16:41.000Z,USD,u_ea4536df32b7d282,ACTIVE,h_929db6992311bf25,[name],,,,2026-08-18T00:16:41.000Z,teacher,,1,annual,2025-08-18T00:16:41.000Z,_UNKNOWN,3600,YEAR,,,other,[name],2027-08-18T00:16:41.000Z,,300,,2027-08-18T00:16:41.000Z,2025-08-18T00:16:41.000Z,3600,,,,,,Teacher Experience [July 2025] [40% one-time / Modal],,08-18-2025,,08-29-2026,08-18-2025,08-18-2025,08-18-2025,,08-18-2025,08-18-2027
Wg8SMGc_ac9d362091155d19,Azyx5iVTbtYFO1dKm,,fallback,,,[name],[name],,SuperSummary wasn’t helpful enough,global_economic_reasons_897286504,Reliability or performance issues,reliability,,Product (SaaS),product,1,,,u_c4e2cdd9722aaa37,,,,0,,,Canceled,2026-08-28T22:16:43.000Z,2026-08-28T22:17:04.000Z,2026-08-28T22:17:04.000Z,,19.68,2026-08-28T22:17:04.000Z,cancel,Valid Cancel,annual,2027-08-28T16:38:39.000Z,2027-08-28T16:38:39.000Z,5.0,5.0,60.0,Brightback,,,,,,,Azyx5iVTbtYFO1dKm,2026-08-28T16:38:36.000Z,,2026-08-28T16:38:39.000Z,,h_a6d399ef7e13e753,,1,2026-08-28T16:38:39.000Z,USD,u_c4e2cdd9722aaa37,ACTIVE,h_b9b63f5d660adbbf,[name],,,,2026-08-28T16:38:39.000Z,avid_reader,,1,annual_plus,2026-08-28T16:38:39.000Z,_UNKNOWN,6000,YEAR,,,,[name],2027-08-28T16:38:39.000Z,,500,,2027-08-28T16:38:39.000Z,2026-08-28T16:38:39.000Z,6000,,,,,,Default/Fallback [July 2025] [25% one time / No entry modal],,08-28-2026,,08-28-2026,08-28-2026,08-28-2026,08-28-2026,,08-28-2026,08-28-2027
Wg8SKSb_b57d991959fa0f72,1744982,,Parents; fallback,,,[name],[name],[name],SuperSummary wasn’t helpful enough,global_economic_reasons_897286504,Reliability or performance issues,reliability,,Product (SaaS),product,2,Chat gpt,,u_d8f475743f9f375b,I wish you had provided the actual text of the selection I needed,,,1,36.0,,Canceled,2026-08-28T20:28:43.000Z,2026-08-28T20:30:07.000Z,2026-08-28T20:30:07.000Z,,19.76,2026-08-28T20:30:07.000Z,cancel,Valid Cancel,annual,2027-08-28T18:50:58.000Z,2027-08-28T18:50:58.000Z,3.0,3.0,36.0,Brightback,,,,,,,1744982,2026-08-28T18:50:56.000Z,,2026-08-28T18:50:58.000Z,,h_b4d534532f6e6870,,1,2026-08-28T18:50:58.000Z,USD,u_d8f475743f9f375b,ACTIVE,h_37f9942a8728c364,[name],36.0,annual_essentials,,2026-08-28T18:50:58.000Z,parent_of_student,,1,annual_essentials,2026-08-28T18:50:58.000Z,_UNKNOWN,3600,YEAR,annual_essentials,,Middle School,[name],2027-08-28T18:50:58.000Z,,300,,2027-08-28T18:50:58.000Z,2026-08-28T18:50:58.000Z,3600,[name],,https://www.supersummary.com/subscription,https://www.supersummary.com/subscription/confirming/cancel,,Parent Experience [July 2025] [25% one-time / No Entry Modal],,08-28-2026,,08-28-2026,08-28-2026,08-28-2026,08-28-2026,,08-28-2026,08-28-2027
Wg8SFqT_83417bf8d3fdc1d2,6olTvVTbfTV81NHm,,fallback,,,[name],[name],,SuperSummary wasn’t helpful enough,global_economic_reasons_897286504,Reliability or performance issues,reliability,,Product (SaaS),product,4,Not as expected.,,u_ff17ad7898db503c,,,,0,,,Canceled,2026-08-28T15:52:37.000Z,2026-08-28T15:55:06.000Z,2026-08-28T16:01:49.000Z,,19.95,2026-08-28T16:01:49.000Z,cancel,Valid Cancel,annual,2027-08-28T15:42:44.000Z,2027-08-28T15:42:44.000Z,5.0,5.0,60.0,Brightback,,,,,,,6olTvVTbfTV81NHm,2026-08-28T15:42:42.000Z,,2026-08-28T15:42:44.000Z,,h_8463af62bd3bdef2,,1,2026-08-28T15:42:44.000Z,USD,u_ff17ad7898db503c,ACTIVE,h_dcb553703deb0a3c,[name],,,,2026-08-28T15:42:44.000Z,other,,1,annual_plus,2026-08-28T15:42:44.000Z,_UNKNOWN,6000,YEAR,,,,[name],2027-08-28T15:42:44.000Z,,500,,2027-08-28T15:42:44.000Z,2026-08-28T15:42:44.000Z,6000,,,,,,Default/Fallback [July 2025] [25% one time / No entry modal],,08-28-2026,,08-28-2026,08-28-2026,08-28-2026,08-28-2026,,08-28-2026,08-28-2027
Wg8SFAt_8b2d64883f404424,AzZJVBVTPgGS62KQS,,Teachers; fallback,,,[name],[name],,SuperSummary wasn’t helpful enough,global_economic_reasons_897286504,Reliability or performance issues,reliability,,Product (SaaS),product,6, I'm not sure what I will use.  I've just started looking at options.,,u_b3e23c532b08872a,I was hoping for more worksheets and activities to print.  I am teaching 3 different grade levels.  I needed more ready to use activities. ,,,1,,,Canceled,2026-08-28T15:11:01.000Z,2026-08-28T15:14:21.000Z,2026-08-28T15:14:21.000Z,,19.98,2026-08-28T15:14:21.000Z,cancel,Valid Cancel,annual,2027-08-26T14:30:36.000Z,2027-08-26T14:30:36.000Z,5.0,5.0,60.0,Brightback,,,,,,,AzZJVBVTPgGS62KQS,2026-08-26T14:30:34.000Z,,2026-08-26T14:30:36.000Z,,h_e271c6593c02bcdf,,1,2026-08-26T14:30:36.000Z,USD,u_b3e23c532b08872a,ACTIVE,h_f8e624c332a69589,[name],,,,2026-08-26T14:30:36.000Z,teacher,,1,annual_plus,2026-08-26T14:30:36.000Z,_UNKNOWN,6000,YEAR,,,Middle School,[name],2027-08-26T14:30:36.000Z,,500,,2027-08-26T14:30:36.000Z,2026-08-26T14:30:36.000Z,6000,,,,,,Teacher Experience [July 2025] [40% one-time / Modal],,08-26-2026,,08-28-2026,08-26-2026,08-26-2026,08-26-2026,,08-26-2026,08-26-2027
Wg8S7Yi_a7926f357c58fb0d,1744442,,Book Club Members; fallback,,,[name],[name],[name],SuperSummary wasn’t helpful enough,global_economic_reasons_897286504,Reliability or performance issues,reliability,,Product (SaaS),product,1,,,u_e705affbdf2d26c2,I thought the basic version included more than it did.  ,,,1,36.0,,Canceled,2026-08-28T07:34:52.000Z,2026-08-28T07:36:36.000Z,2026-08-28T07:36:36.000Z,,20.29,2026-08-28T07:36:36.000Z,cancel,Valid Cancel,annual,2027-08-28T07:32:19.000Z,2027-08-28T07:32:19.000Z,3.0,3.0,36.0,Brightback,,,,,,,1744442,2026-08-28T07:32:17.000Z,,2026-08-28T07:32:19.000Z,,h_edc6e0dfcbb476b1,,1,2026-08-28T07:32:19.000Z,USD,u_e705affbdf2d26c2,ACTIVE,h_cc7c14d2a231c8a1,[name],36.0,annual_essentials,,2026-08-28T07:32:19.000Z,book_club_member,,1,annual_essentials,2026-08-28T07:32:19.000Z,_UNKNOWN,3600,YEAR,annual_essentials,,,[name],2027-08-28T07:32:19.000Z,,300,,2027-08-28T07:32:19.000Z,2026-08-28T07:32:19.000Z,3600,[name],,https://www.supersummary.com/subscription,https://www.supersummary.com/subscription/confirming/cancel,,BCM Experience [July 2025] [25% one-time / No Entry Modal],,08-28-2026,,08-28-2026,08-28-2026,08-28-2026,08-28-2026,,08-28-2026,08-28-2027
Wg8S4IV_ab68aa40354b39a1,16BjlfV0T03XL565C,,Students; Annual,,,[name],[name],,SuperSummary wasn’t helpful enough,global_economic_reasons_897286504,Reliability or performance issues,reliability,,Product (SaaS),product,1,,,u_afe1725043727d63,,,,0,,,Canceled,2026-08-28T04:18:38.000Z,2026-08-28T04:19:09.000Z,2026-08-28T04:19:09.000Z,,20.43,2026-08-28T04:19:09.000Z,cancel,Valid Cancel,annual,2026-10-23T16:10:30.000Z,2026-10-23T16:10:30.000Z,3.0,3.0,36.0,Brightback,,,,,,,16BjlfV0T03XL565C,2025-10-23T16:10:26.000Z,,2025-10-23T16:10:30.000Z,,h_fc88a5136a9e0785,,1,2025-10-23T16:10:30.000Z,USD,u_afe1725043727d63,ACTIVE,h_8fe9b9faac7045e0,[name],,,,2025-10-23T16:10:30.000Z,student,,1,annual,2025-10-23T16:10:30.000Z,_UNKNOWN,3600,YEAR,,,College,[name],2026-10-23T16:10:30.000Z,,300,,2026-10-23T16:10:30.000Z,2025-10-23T16:10:30.000Z,3600,,,,,,Student Experience [July 2025] [25% one-time / No Entry Modal],,10-23-2025,,08-28-2026,10-23-2025,10-23-2025,10-23-2025,,10-23-2025,10-23-2026
Wg8S2hN_b18245d4809f4fca,1301680,,Parents; Annual,,,[name],[name],[name],SuperSummary wasn’t helpful enough,global_economic_reasons_897286504,Reliability or performance issues,reliability,,Product (SaaS),product,1,,,u_bda1a8a830c5b234,,,,0,36.0,,Canceled,2026-08-28T02:43:33.000Z,2026-08-28T02:44:03.000Z,2026-08-28T02:44:03.000Z,,20.5,2026-08-28T02:44:03.000Z,cancel,Valid Cancel,annual,2027-08-28T00:47:40.000Z,2027-08-28T00:47:40.000Z,3.0,3.0,36.0,Brightback,,,,,,,1301680,2025-08-28T00:47:38.000Z,,2025-08-28T00:47:40.000Z,,h_e45d54f77c14352f,,1,2025-08-28T00:47:40.000Z,USD,u_bda1a8a830c5b234,ACTIVE,h_9227d9688faac4ca,[name],36.0,annual,,2026-08-28T00:47:40.000Z,parent_of_student,,1,annual,2025-08-28T00:47:40.000Z,_UNKNOWN,3600,YEAR,annual,,High School,[name],2027-08-28T00:47:40.000Z,,300,,2027-08-28T00:47:40.000Z,2025-08-28T00:47:40.000Z,3600,[name],,https://www.supersummary.com/subscription,https://www.supersummary.com/subscription/confirming/cancel,,Parent Experience [July 2025] [25% one-time / Modal],,08-28-2025,,08-28-2026,08-28-2025,08-28-2025,08-28-2025,,08-28-2025,08-28-2027
Wg8S1mt_8088d515d2e49c16,AzqOSzVQpAF8lAGA,,Book Club Members; fallback,,,[name],[name],,SuperSummary wasn’t helpful enough,global_economic_reasons_897286504,Reliability or performance issues,reliability,,Product (SaaS),product,1,N/A,,u_442ca2feb8d0f7a8,N/A,,,1,,,Canceled,2026-08-28T01:49:00.000Z,2026-08-28T01:50:33.000Z,2026-08-28T01:50:34.000Z,,20.53,2026-08-28T01:50:34.000Z,cancel,Valid Cancel,monthly,2026-08-30T03:39:51.000Z,2026-08-30T03:39:51.000Z,9.95,9.95,9.95,Brightback,,,,,,,AzqOSzVQpAF8lAGA,2026-07-30T03:39:49.000Z,,2026-07-30T03:39:51.000Z,,h_6697eef2b4529211,,1,2026-07-30T03:39:51.000Z,USD,u_442ca2feb8d0f7a8,ACTIVE,h_b291bc4583c241f1,[name],,,,2026-07-30T03:39:51.000Z,book_club_member,,1,monthly_essentials,2026-07-30T03:39:51.000Z,_UNKNOWN,995,MONTH,,,,[name],2026-08-30T03:39:51.000Z,,995,,2026-08-30T03:39:51.000Z,2026-07-30T03:39:51.000Z,995,,,,,,BCM Experience [July 2025] [25% one-time / No Entry Modal],,07-30-2026,,08-28-2026,07-30-2026,07-30-2026,07-30-2026,,07-30-2026,08-30-2026
Wg8RMOL_b4447c9a64b9e278,1739312,,Parents; fallback,,,[name],[name],[name],SuperSummary wasn’t helpful enough,global_economic_reasons_897286504,Reliability or performance issues,reliability,,Product (SaaS),product,1,,,u_79bd89b4730709f5,,,,0,60.0,,Canceled,2026-08-27T22:24:25.000Z,2026-08-27T22:24:45.000Z,2026-08-27T22:24:45.000Z,,20.68,2026-08-27T22:24:45.000Z,cancel,Valid Cancel,annual,2027-08-24T18:38:09.000Z,2027-08-24T18:38:09.000Z,5.0,5.0,60.0,Brightback,,,,,,,1739312,2026-08-24T18:38:06.000Z,,2026-08-24T18:38:09.000Z,,h_35cfc67ac71a68d8,,1,2026-08-24T18:38:09.000Z,USD,u_79bd89b4730709f5,ACTIVE,h_d3b26e9f44e88404,[name],60.0,annual_plus,,2026-08-24T18:38:09.000Z,parent_of_student,,1,annual_plus,2026-08-24T18:38:09.000Z,_UNKNOWN,6000,YEAR,annual_plus,,High School,[name],2027-08-24T18:38:09.000Z,,500,,2027-08-24T18:38:09.000Z,2026-08-24T18:38:09.000Z,6000,[name],,https://www.supersummary.com/subscription,https://www.supersummary.com/subscription/confirming/cancel,,Parent Experience [July 2025] [25% one-time / No Entry Modal],,08-24-2026,,08-27-2026,08-24-2026,08-24-2026,08-24-2026,,08-24-2026,08-24-2027
Wg8REeP_99f5b43fa33bb591,163828,,Parents; fallback,,,[name],[name],[name],SuperSummary wasn’t helpful enough,global_economic_reasons_897286504,Reliability or performance issues,reliability,,Product (SaaS),product,5,Spark Notes,,u_e28eefcb6fb95e64,Nothing,,,1,36.0,,Canceled,2026-08-27T14:40:37.000Z,2026-08-27T14:41:21.000Z,2026-08-27T14:41:21.000Z,,21.0,2026-08-27T14:41:21.000Z,cancel,Valid Cancel,annual,2027-08-23T22:10:01.000Z,2027-08-23T22:10:01.000Z,3.0,3.0,36.0,Brightback,,,,,,,163828,2022-02-24T16:08:14.000Z,,2026-08-23T22:10:01.000Z,,h_8ca7d4fbb992bb62,,1,2026-08-23T22:10:01.000Z,USD,u_e28eefcb6fb95e64,ACTIVE,h_507d0b42dff0eae8,[name],36.0,annual_essentials,,2026-08-23T22:10:01.000Z,parent_of_student,,1,annual_essentials,2026-08-23T22:10:01.000Z,_UNKNOWN,3600,YEAR,annual_essentials,,Middle School,[name],2027-08-23T22:10:01.000Z,,300,,2027-08-23T22:10:01.000Z,2026-08-23T22:10:01.000Z,3600,[name],,https://www.supersummary.com/subscription,https://www.supersummary.com/subscription/confirming/cancel,,Parent Experience [July 2025] [25% one-time / No Entry Modal],,08-23-2026,,08-27-2026,08-23-2026,08-23-2026,02-24-2022,,08-23-2026,08-23-2027
Wg8RE80_948f47d0c99cc531,479005,,Students; fallback,,,[name],[name],[name],SuperSummary wasn’t helpful enough,global_economic_reasons_897286504,Reliability or performance issues,reliability,,Product (SaaS),product,5,nothing ,,u_df91663a38a16b37,ok ,,,1,9.95,,Canceled,2026-08-27T14:08:13.000Z,2026-08-27T14:09:21.000Z,2026-08-27T14:09:21.000Z,,21.02,2026-08-27T14:09:21.000Z,cancel,Valid Cancel,monthly,2026-09-25T08:14:25.000Z,2026-09-25T08:14:25.000Z,9.95,9.95,9.95,Brightback,,,,,,,479005,2024-01-15T10:04:27.000Z,,2026-08-25T08:14:25.000Z,,h_92e2e18c6d905550,,1,2026-08-25T08:14:25.000Z,USD,u_df91663a38a16b37,ACTIVE,h_dd6ef149f2ddde1f,[name],9.95,monthly_essentials,,2026-08-25T08:14:25.000Z,student,,1,monthly_essentials,2026-08-25T08:14:25.000Z,_UNKNOWN,995,MONTH,monthly_essentials,,High School,[name],2026-09-25T08:14:25.000Z,,995,,2026-09-25T08:14:25.000Z,2026-08-25T08:14:25.000Z,995,[name],,https://www.supersummary.com/subscription,https://www.supersummary.com/subscription/confirming/cancel,,Student Experience [July 2025] [25% one-time / No Entry Modal],,08-25-2026,,08-27-2026,08-25-2026,08-25-2026,01-15-2024,,08-25-2026,09-25-2026
Wg8R0Cb_8b9406ce3ca6603b,387073,,Teachers; Annual,,,[name],[name],[name],SuperSummary wasn’t helpful enough,global_economic_reasons_897286504,Reliability or performance issues,reliability,,Product (SaaS),product,3,,,u_52cca9646a51e6e5,,,,0,36.0,,Canceled,2026-08-27T00:13:15.000Z,2026-08-27T00:14:02.000Z,2026-08-27T00:14:02.000Z,,21.6,2026-08-27T00:14:02.000Z,cancel,Valid Cancel,annual,2027-07-09T04:52:14.000Z,2027-07-09T04:52:14.000Z,3.0,3.0,36.0,Brightback,,,,,,,387073,2023-07-09T04:52:13.000Z,,2023-07-09T04:52:14.000Z,,h_e4b65ce68ac71e18,,1,2023-07-09T04:52:14.000Z,USD,u_52cca9646a51e6e5,ACTIVE,h_00b0128c768f3846,[name],36.0,annual,,2026-07-09T04:52:14.000Z,teacher,,1,annual,2023-07-09T04:52:14.000Z,_UNKNOWN,3600,YEAR,annual,,College,[name],2027-07-09T04:52:14.000Z,,300,,2027-07-09T04:52:14.000Z,2023-07-09T04:52:14.000Z,3600,[name],,https://www.supersummary.com/subscription,https://www.supersummary.com/subscription/confirming/cancel,,Teacher Experience [July 2025] [40% one-time / Modal],,07-09-2023,,08-27-2026,07-09-2023,07-09-2023,07-09-2023,,07-09-2023,07-09-2027
Wg8QLEe_86ebfa7f69e16f1a,169y4cUMagI8K5rs9,,Students; Annual,,,[name],[name],,SuperSummary wasn’t helpful enough,global_economic_reasons_897286504,Reliability or performance issues,reliability,,Product (SaaS),product,1,,,u_98771857cc3fe406,,,,0,,,Canceled,2026-08-26T21:14:42.000Z,2026-08-26T21:14:56.000Z,2026-08-26T21:14:56.000Z,,21.73,2026-08-26T21:14:56.000Z,cancel,Valid Cancel,annual,2027-08-26T20:26:57.000Z,2027-08-26T20:26:57.000Z,3.0,3.0,36.0,Brightback,,,,,,,169y4cUMagI8K5rs9,2024-08-26T20:26:55.000Z,,2024-08-26T20:26:57.000Z,,h_3fb52433b513e9b0,,1,2024-08-26T20:26:57.000Z,USD,u_98771857cc3fe406,ACTIVE,h_af51d5b15a678246,[name],,,,2026-08-26T20:26:57.000Z,student,,1,annual,2024-08-26T20:26:57.000Z,_UNKNOWN,3600,YEAR,,,College,[name],2027-08-26T20:26:57.000Z,,300,,2027-08-26T20:26:57.000Z,2024-08-26T20:26:57.000Z,3600,,,,,,Student Experience [July 2025] [25% one-time / No Entry Modal],,08-26-2024,,08-26-2026,08-26-2024,08-26-2024,08-26-2024,,08-26-2024,08-26-2027
Wg8QL5W_82071edf3d904141,AzZJVBVTQtOZ13ZDn,,Book Club Members; fallback,,,[name],[name],,SuperSummary wasn’t helpful enough,global_economic_reasons_897286504,Reliability or performance issues,reliability,,Product (SaaS),product,1,,,u_d8e2277e327d1143,,,,0,,,Canceled,2026-08-26T21:05:34.000Z,2026-08-26T21:05:59.000Z,2026-08-26T21:05:59.000Z,,21.73,2026-08-26T21:05:59.000Z,cancel,Valid Cancel,annual,2027-08-26T19:29:02.000Z,2027-08-26T19:29:02.000Z,3.0,3.0,36.0,Brightback,,,,,,,AzZJVBVTQtOZ13ZDn,2026-08-26T19:28:59.000Z,,2026-08-26T19:29:02.000Z,,h_3876dccb888b80c6,,1,2026-08-26T19:29:02.000Z,USD,u_d8e2277e327d1143,ACTIVE,h_53232def41e0f05d,[name],,,,2026-08-26T19:29:02.000Z,book_club_member,,1,annual_essentials,2026-08-26T19:29:02.000Z,_UNKNOWN,3600,YEAR,,,,[name],2027-08-26T19:29:02.000Z,,300,,2027-08-26T19:29:02.000Z,2026-08-26T19:29:02.000Z,3600,,,,,,BCM Experience [July 2025] [25% one-time / No Entry Modal],,08-26-2026,,08-26-2026,08-26-2026,08-26-2026,08-26-2026,,08-26-2026,08-26-2027
Wg8QKeK_9718839f03c3320f,1741663,,Teachers; fallback,,,[name],[name],[name],SuperSummary wasn’t helpful enough,global_economic_reasons_897286504,Reliability or performance issues,reliability,,Product (SaaS),product,1,,,u_e35efc19e5eaa452,not enough useful information,,,1,36.0,,Canceled,2026-08-26T20:40:31.000Z,2026-08-26T20:42:15.000Z,2026-08-26T20:42:15.000Z,,21.75,2026-08-26T20:42:15.000Z,cancel,Valid Cancel,annual,2027-08-26T18:52:39.000Z,2027-08-26T18:52:39.000Z,3.0,3.0,36.0,Brightback,,,,,,,1741663,2026-08-26T18:52:37.000Z,,2026-08-26T18:52:39.000Z,,h_0d2e10a98255370a,,1,2026-08-26T18:52:39.000Z,USD,u_e35efc19e5eaa452,ACTIVE,h_cbc3590016566cf6,[name],36.0,annual_essentials,,2026-08-26T18:52:39.000Z,teacher,,1,annual_essentials,2026-08-26T18:52:39.000Z,_UNKNOWN,3600,YEAR,annual_essentials,,College,[name],2027-08-26T18:52:39.000Z,,300,,2027-08-26T18:52:39.000Z,2026-08-26T18:52:39.000Z,3600,[name],,https://www.supersummary.com/subscription,https://www.supersummary.com/subscription/confirming/cancel,,Teacher Experience [July 2025] [40% one-time / Modal],,08-26-2026,,08-26-2026,08-26-2026,08-26-2026,08-26-2026,,08-26-2026,08-26-2027
Wg8QDSt_bdf5c1bc232c5eaf,635639,,Book Club Members; Annual,,,[name],[name],[name],SuperSummary wasn’t helpful enough,global_economic_reasons_897286504,Reliability or performance issues,reliability,,Product (SaaS),product,2,,,u_03d626377e20d58b,,,,0,36.0,,Canceled,2026-08-26T13:29:22.000Z,2026-08-26T13:30:36.000Z,2026-08-26T13:31:14.000Z,,22.05,2026-08-26T13:31:14.000Z,cancel,Valid Cancel,annual,2027-08-23T03:20:30.000Z,2027-08-23T03:20:30.000Z,3.0,3.0,36.0,Brightback,,,,,,,635639,2024-08-23T03:20:28.000Z,,2024-08-23T03:20:30.000Z,,h_af5ca062d9307566,,1,2024-08-23T03:20:30.000Z,USD,u_03d626377e20d58b,ACTIVE,h_04d90d129c109fb4,[name],36.0,annual,,2026-08-23T03:20:30.000Z,book_club_member,,1,annual,2024-08-23T03:20:30.000Z,_UNKNOWN,3600,YEAR,annual,,,[name],2027-08-23T03:20:30.000Z,,300,,2027-08-23T03:20:30.000Z,2024-08-23T03:20:30.000Z,3600,[name],,https://www.supersummary.com/subscription,https://www.supersummary.com/subscription/confirming/cancel,,BCM Experience [July 2025] [25% one-time / No Entry Modal],,08-23-2024,,08-26-2026,08-23-2024,08-23-2024,08-23-2024,,08-23-2024,08-23-2027
Wg8QDjc_b213dc57aa1e4451,16CGdWVGFveap3PID,,Students; fallback,,,[name],[name],,SuperSummary wasn’t helpful enough,global_economic_reasons_897286504,Reliability or performance issues,reliability,,Product (SaaS),product,2,,,u_baacb9b153a532aa,,,,0,,,Canceled,2026-08-26T13:45:40.000Z,2026-08-26T13:46:02.000Z,2026-08-26T13:46:02.000Z,,22.04,2026-08-26T13:46:02.000Z,cancel,Valid Cancel,monthly,2026-09-09T02:13:34.000Z,2026-09-09T02:13:34.000Z,16.65,16.65,16.65,Brightback,,,,,,,16CGdWVGFveap3PID,2026-04-09T02:13:31.000Z,,2026-04-09T02:13:34.000Z,,h_9d0d9f5a8d44ef1d,,1,2026-04-09T02:13:34.000Z,USD,u_baacb9b153a532aa,ACTIVE,h_6d8818f740ff6c28,[name],,,,2026-08-09T02:13:34.000Z,student,,1,monthly_plus,2026-04-09T02:13:34.000Z,_UNKNOWN,1665,MONTH,,,College,[name],2026-09-09T02:13:34.000Z,,1665,,2026-09-09T02:13:34.000Z,2026-04-09T02:13:34.000Z,1665,,,,,,Student Experience [July 2025] [25% one-time / No Entry Modal],,04-09-2026,,08-26-2026,04-09-2026,04-09-2026,04-09-2026,,04-09-2026,09-09-2026
Wg8QAVk_a2c18b4f00662939,16BUH7VTObPSm1Ogy,,Book Club Members; fallback,,,[name],[name],,SuperSummary wasn’t helpful enough,global_economic_reasons_897286504,Reliability or performance issues,reliability,,Product (SaaS),product,5,,,u_26ac95e1fcba51e3,,,,0,,,Canceled,2026-08-26T10:31:51.000Z,2026-08-26T10:32:18.000Z,2026-08-26T10:32:19.000Z,,22.17,2026-08-26T10:32:19.000Z,cancel,Valid Cancel,annual,2027-08-26T10:05:03.000Z,2027-08-26T10:05:03.000Z,3.0,3.0,36.0,Brightback,,,,,,,16BUH7VTObPSm1Ogy,2026-08-26T10:04:59.000Z,,2026-08-26T10:05:03.000Z,,h_cc21694631bb1548,,1,2026-08-26T10:05:03.000Z,USD,u_26ac95e1fcba51e3,ACTIVE,h_116519c5019bb391,[name],,,,2026-08-26T10:05:03.000Z,book_club_member,,1,annual_essentials,2026-08-26T10:05:03.000Z,_UNKNOWN,3600,YEAR,,,,[name],2027-08-26T10:05:03.000Z,,300,,2027-08-26T10:05:03.000Z,2026-08-26T10:05:03.000Z,3600,,,,,,BCM Experience [July 2025] [25% one-time / No Entry Modal],,08-26-2026,,08-26-2026,08-26-2026,08-26-2026,08-26-2026,,08-26-2026,08-26-2027
Wg8QAlv_b1334618f240be0d,16BUH7VTNrjdNpIz,,fallback,,,[name],[name],,SuperSummary wasn’t helpful enough,global_economic_reasons_897286504,Reliability or performance issues,reliability,,Product (SaaS),product,5,,,u_f9f84e7e272aaff7,,,,0,,,Canceled,2026-08-26T10:47:59.000Z,2026-08-26T10:48:19.000Z,2026-08-26T10:48:19.000Z,,22.16,2026-08-26T10:48:19.000Z,cancel,Valid Cancel,monthly,2026-09-26T07:03:37.000Z,2026-09-26T07:03:37.000Z,16.65,16.65,16.65,Brightback,,,,,,,16BUH7VTNrjdNpIz,2026-08-26T07:03:34.000Z,,2026-08-26T07:03:37.000Z,,h_3202484b73d5d3ba,,1,2026-08-26T07:03:37.000Z,USD,u_f9f84e7e272aaff7,ACTIVE,h_39510d507f4c06fa,[name],,,,2026-08-26T07:03:37.000Z,avid_reader,,1,monthly_plus,2026-08-26T07:03:37.000Z,_UNKNOWN,1665,MONTH,,,,[name],2026-09-26T07:03:37.000Z,,1665,,2026-09-26T07:03:37.000Z,2026-08-26T07:03:37.000Z,1665,,,,,,Default/Fallback [July 2025] [25% one time / No entry modal],,08-26-2026,,08-26-2026,08-26-2026,08-26-2026,08-26-2026,,08-26-2026,09-26-2026
Wg8Q5UJ_9d1a046e9cd52ca6,169kx6VTMCXVM4X6g,,fallback,,,[name],[name],,SuperSummary wasn’t helpful enough,global_economic_reasons_897286504,Reliability or performance issues,reliability,,Product (SaaS),product,1,Leave me alone ,,u_e14f658a47ee0384,,,,0,,,Canceled,2026-08-26T05:30:21.000Z,2026-08-26T05:31:08.000Z,2026-08-26T05:31:08.000Z,,22.38,2026-08-26T05:31:08.000Z,cancel,Valid Cancel,annual,2027-08-26T00:13:43.000Z,2027-08-26T00:13:43.000Z,3.0,3.0,36.0,Brightback,,,,,,,169kx6VTMCXVM4X6g,2026-08-26T00:13:41.000Z,,2026-08-26T00:13:43.000Z,,h_0a2c5239eda4819e,,1,2026-08-26T00:13:43.000Z,USD,u_e14f658a47ee0384,ACTIVE,h_c32c34f4c1a7f30e,[name],,,,2026-08-26T00:13:43.000Z,avid_reader,,1,annual_essentials,2026-08-26T00:13:43.000Z,_UNKNOWN,3600,YEAR,,,,[name],2027-08-26T00:13:43.000Z,,300,,2027-08-26T00:13:43.000Z,2026-08-26T00:13:43.000Z,3600,,,,,,Default/Fallback [July 2025] [25% one time / No entry modal],,08-26-2026,,08-26-2026,08-26-2026,08-26-2026,08-26-2026,,08-26-2026,08-26-2027
Wg8Q5NO_84b7add3eb930ae2,781189,,Students; Annual,,,[name],[name],[name],SuperSummary wasn’t helpful enough,global_economic_reasons_897286504,Reliability or performance issues,reliability,,Product (SaaS),product,1,,,u_e6f815504723fd6e,,,,0,36.0,,Canceled,2026-08-26T05:23:28.000Z,2026-08-26T05:23:42.000Z,2026-08-26T05:23:52.000Z,,22.39,2026-08-26T05:24:11.000Z,cancel,Valid Cancel,annual,2026-11-03T21:22:33.000Z,2026-11-03T21:22:33.000Z,3.0,3.0,36.0,Brightback,,,,,,,781189,2024-11-03T21:22:32.000Z,,2024-11-03T21:22:33.000Z,,h_6f01e528bf728414,,1,2024-11-03T21:22:33.000Z,USD,u_e6f815504723fd6e,ACTIVE,h_75a8f270fb36eddf,[name],36.0,annual,,2025-11-03T21:22:33.000Z,student,,1,annual,2024-11-03T21:22:33.000Z,_UNKNOWN,3600,YEAR,annual,,College,[name],2026-11-03T21:22:33.000Z,,300,,2026-11-03T21:22:33.000Z,2024-11-03T21:22:33.000Z,3600,[name],,https://www.supersummary.com/subscription,https://www.supersummary.com/subscription/confirming/cancel,,Student Experience [July 2025] [25% one-time / No Entry Modal],,11-03-2024,,08-26-2026,11-03-2024,11-03-2024,11-03-2024,,11-03-2024,11-03-2026
Wg8Q4aZ_a1a9a3f2faae7b18,1735792,,Students; fallback,,,[name],[name],[name],SuperSummary wasn’t helpful enough,global_economic_reasons_897286504,Reliability or performance issues,reliability,,Product (SaaS),product,1,,,u_d60bc1856fe2e8a1,,,,0,36.0,,Canceled,2026-08-26T04:37:25.000Z,2026-08-26T04:37:47.000Z,2026-08-26T04:37:48.000Z,,22.42,2026-08-26T04:37:48.000Z,cancel,Valid Cancel,annual,2027-08-21T18:37:54.000Z,2027-08-21T18:37:54.000Z,3.0,3.0,36.0,Brightback,,,,,,,1735792,2026-08-21T18:37:51.000Z,,2026-08-21T18:37:54.000Z,,h_fc8b1e7d5d08fdf2,,1,2026-08-21T18:37:54.000Z,USD,u_d60bc1856fe2e8a1,ACTIVE,h_c49d4a8b9bb9eee6,[name],36.0,annual_essentials,,2026-08-21T18:37:54.000Z,student,,1,annual_essentials,2026-08-21T18:37:54.000Z,_UNKNOWN,3600,YEAR,annual_essentials,,High School,[name],2027-08-21T18:37:54.000Z,,300,,2027-08-21T18:37:54.000Z,2026-08-21T18:37:54.000Z,3600,[name],,https://www.supersummary.com/subscription,https://www.supersummary.com/subscription/confirming/cancel,,Student Experience [July 2025] [25% one-time / No Entry Modal],,08-21-2026,,08-26-2026,08-21-2026,08-21-2026,08-21-2026,,08-21-2026,08-21-2027
Wg8PLTG_8db5200b3f33b665,1739602,,Students; fallback,,,[name],[name],[name],SuperSummary wasn’t helpful enough,global_economic_reasons_897286504,Reliability or performance issues,reliability,,Product (SaaS),product,8,Nothing,,u_4cdb580667cf5ea9,I am canceling within the 7 day trial  period so I expect not to be billed for the Service,,,1,60.0,,Canceled,2026-08-25T21:29:22.000Z,2026-08-25T21:30:51.000Z,2026-08-25T21:30:51.000Z,,22.72,2026-08-25T21:30:51.000Z,cancel,Valid Cancel,annual,2027-08-24T21:52:58.000Z,2027-08-24T21:52:58.000Z,5.0,5.0,60.0,Brightback,,,,,,,1739602,2026-08-24T21:52:56.000Z,,2026-08-24T21:52:58.000Z,,h_40f040abce4bc255,,1,2026-08-24T21:52:58.000Z,USD,u_4cdb580667cf5ea9,ACTIVE,h_a89bc88189f2ecdf,[name],60.0,annual_plus,,2026-08-24T21:52:58.000Z,student,,1,annual_plus,2026-08-24T21:52:58.000Z,_UNKNOWN,6000,YEAR,annual_plus,,Postgrad Program,[name],2027-08-24T21:52:58.000Z,,500,,2027-08-24T21:52:58.000Z,2026-08-24T21:52:58.000Z,6000,[name],,https://www.supersummary.com/subscription,https://www.supersummary.com/subscription/confirming/cancel,,Student Experience [July 2025] [25% one-time / No Entry Modal],,08-24-2026,,08-25-2026,08-24-2026,08-24-2026,08-24-2026,,08-24-2026,08-24-2027
Wg8PL24_86fb2d1f32a71fd0,AzZV4mVSviNI8166k,,Book Club Members; fallback,,,[name],[name],,SuperSummary wasn’t helpful enough,global_economic_reasons_897286504,Reliability or performance issues,reliability,,Product (SaaS),product,5,,,u_47c7671dacb7a1c0,,,,0,,,Canceled,2026-08-25T21:02:06.000Z,2026-08-25T21:02:33.000Z,2026-08-25T21:02:34.000Z,,22.73,2026-08-25T21:02:34.000Z,cancel,Valid Cancel,monthly,2026-09-21T11:30:49.000Z,2026-09-21T11:30:49.000Z,16.65,16.65,16.65,Brightback,,,,,,,AzZV4mVSviNI8166k,2026-08-21T11:30:48.000Z,,2026-08-21T11:30:49.000Z,,h_b9bb804768601880,,1,2026-08-21T11:30:49.000Z,USD,u_47c7671dacb7a1c0,ACTIVE,h_0d139bf6ffdf0678,[name],,,,2026-08-21T11:30:49.000Z,book_club_member,,1,monthly_plus,2026-08-21T11:30:49.000Z,_UNKNOWN,1665,MONTH,,,,[name],2026-09-21T11:30:49.000Z,,1665,,2026-09-21T11:30:49.000Z,2026-08-21T11:30:49.000Z,1665,,,,,,BCM Experience [July 2025] [25% one-time / No Entry Modal],,08-21-2026,,08-25-2026,08-21-2026,08-21-2026,08-21-2026,,08-21-2026,09-21-2026
Wg8PJU7_a552a9a2d98798e6,Azz1PwVK6r8ig2kJv,,Students; fallback,,,[name],[name],,SuperSummary wasn’t helpful enough,global_economic_reasons_897286504,Reliability or performance issues,reliability,,Product (SaaS),product,2,,,u_0f37115afd36175d,,,,0,,,Canceled,2026-08-25T19:30:10.000Z,2026-08-25T19:30:58.000Z,2026-08-25T19:30:58.000Z,,22.8,2026-08-25T19:30:58.000Z,cancel,Valid Cancel,monthly,2026-09-19T22:54:42.000Z,2026-09-19T22:54:42.000Z,9.95,9.95,9.95,Brightback,,,,,,,Azz1PwVK6r8ig2kJv,2026-05-19T22:54:40.000Z,,2026-05-19T22:54:42.000Z,,h_473e93c0d6d0a8a2,,1,2026-05-19T22:54:42.000Z,USD,u_0f37115afd36175d,ACTIVE,h_b7797cd3dded12c8,[name],,,,2026-08-19T22:54:42.000Z,student,,1,monthly_essentials,2026-05-19T22:54:42.000Z,_UNKNOWN,995,MONTH,,,Postgrad Program,[name],2026-09-19T22:54:42.000Z,,995,,2026-09-19T22:54:42.000Z,2026-05-19T22:54:42.000Z,995,,,,,,Student Experience [July 2025] [25% one-time / No Entry Modal],,05-19-2026,,08-25-2026,05-19-2026,05-19-2026,05-19-2026,,05-19-2026,09-19-2026
Wg8PJiO_8ca1977406d59907,1740735,,Book Club Members; fallback,,,[name],[name],[name],SuperSummary wasn’t helpful enough,global_economic_reasons_897286504,Reliability or performance issues,reliability,,Product (SaaS),product,10,Nothing,,u_ba70125e05db1955,I don't know ,,,1,36.0,,Canceled,2026-08-25T19:44:36.000Z,2026-08-25T19:45:23.000Z,2026-08-25T19:45:24.000Z,,22.79,2026-08-25T19:45:24.000Z,cancel,Valid Cancel,annual,2027-08-25T18:01:54.000Z,2027-08-25T18:01:54.000Z,3.0,3.0,36.0,Brightback,,,,,,,1740735,2026-08-25T18:01:53.000Z,,2026-08-25T18:01:54.000Z,,h_44cd5149ee57eeb9,,1,2026-08-25T18:01:54.000Z,USD,u_ba70125e05db1955,ACTIVE,h_0d0e98ea9cd8dd7a,[name],36.0,annual_essentials,,2026-08-25T18:01:54.000Z,book_club_member,,1,annual_essentials,2026-08-25T18:01:54.000Z,_UNKNOWN,3600,YEAR,annual_essentials,,,[name],2027-08-25T18:01:54.000Z,,300,,2027-08-25T18:01:54.000Z,2026-08-25T18:01:54.000Z,3600,[name],,https://www.supersummary.com/subscription,https://www.supersummary.com/subscription/confirming/cancel,,BCM Experience [July 2025] [25% one-time / No Entry Modal],,08-25-2026,,08-25-2026,08-25-2026,08-25-2026,08-25-2026,,08-25-2026,08-25-2027
Wg8PJ2B_b26dbd2e27b3236a,1717102,,fallback,,,[name],[name],[name],SuperSummary wasn’t helpful enough,global_economic_reasons_897286504,Reliability or performance issues,reliability,,Product (SaaS),product,3,,,u_17465c8ee103e4dc,,,,0,16.65,,Canceled,2026-08-25T19:02:19.000Z,2026-08-25T19:02:46.000Z,2026-08-25T19:02:47.000Z,,22.82,2026-08-25T19:03:22.000Z,cancel,Valid Cancel,monthly,2026-09-04T22:12:59.000Z,2026-09-04T22:12:59.000Z,16.65,16.65,16.65,Brightback,,,,,,,1717102,2026-08-04T22:12:57.000Z,,2026-08-04T22:12:59.000Z,,h_42934f3be3da1705,,1,2026-08-04T22:12:59.000Z,USD,u_17465c8ee103e4dc,ACTIVE,h_19c1c7b549207191,[name],16.65,monthly_plus,,2026-08-04T22:12:59.000Z,librarian,,1,monthly_plus,2026-08-04T22:12:59.000Z,_UNKNOWN,1665,MONTH,monthly_plus,,,[name],2026-09-04T22:12:59.000Z,,1665,,2026-09-04T22:12:59.000Z,2026-08-04T22:12:59.000Z,1665,[name],,https://www.supersummary.com/subscription,https://www.supersummary.com/subscription/confirming/cancel,,Default/Fallback [July 2025] [25% one time / No entry modal],,08-04-2026,,08-25-2026,08-04-2026,08-04-2026,08-04-2026,,08-04-2026,09-04-2026
Wg8PE1w_bfcc371b5eead1d4,AzZoIGUutGKAX1hn7,,Students; Annual,,,[name],[name],,SuperSummary wasn’t helpful enough,global_economic_reasons_897286504,Reliability or performance issues,reliability,,Product (SaaS),product,1,,,u_e23dc388273da656,,,,0,,,Canceled,2026-08-25T14:02:03.000Z,2026-08-25T14:02:19.000Z,2026-08-25T14:02:20.000Z,,23.03,2026-08-25T14:02:20.000Z,cancel,Valid Cancel,annual,2027-08-25T13:04:55.000Z,2027-08-25T13:04:55.000Z,3.0,3.0,36.0,Brightback,,,,,,,AzZoIGUutGKAX1hn7,2025-08-25T13:04:52.000Z,,2025-08-25T13:04:55.000Z,,h_ee161258c60c68cb,,1,2025-08-25T13:04:55.000Z,USD,u_e23dc388273da656,ACTIVE,h_80c48e0178d095f0,[name],,,,2026-08-25T13:04:55.000Z,student,,1,annual,2025-08-25T13:04:55.000Z,_UNKNOWN,3600,YEAR,,,High School,[name],2027-08-25T13:04:55.000Z,,300,,2027-08-25T13:04:55.000Z,2025-08-25T13:04:55.000Z,3600,,,,,,Student Experience [July 2025] [25% one-time / No Entry Modal],,08-25-2025,,08-25-2026,08-25-2025,08-25-2025,08-25-2025,,08-25-2025,08-25-2027
Wg8PDmQ_882e306ec47b9f5a,1732928,,Students; fallback,,,[name],[name],[name],SuperSummary wasn’t helpful enough,global_economic_reasons_897286504,Reliability or performance issues,reliability,,Product (SaaS),product,2,,,u_a00eab852a62c5e9,,,,0,36.0,,Canceled,2026-08-25T13:48:31.000Z,2026-08-25T13:49:04.000Z,2026-08-25T13:49:04.000Z,,23.04,2026-08-25T13:49:04.000Z,cancel,Valid Cancel,annual,2027-08-19T11:00:17.000Z,2027-08-19T11:00:17.000Z,3.0,3.0,36.0,Brightback,,,,,,,1732928,2026-08-19T11:00:15.000Z,,2026-08-19T11:00:17.000Z,,h_e4139351fe24dda6,,1,2026-08-19T11:00:17.000Z,USD,u_a00eab852a62c5e9,ACTIVE,h_c9900c295455a7bf,[name],36.0,annual_essentials,,2026-08-19T11:00:17.000Z,student,,1,annual_essentials,2026-08-19T11:00:17.000Z,_UNKNOWN,3600,YEAR,annual_essentials,,Postgrad Program,[name],2027-08-19T11:00:17.000Z,,300,,2027-08-19T11:00:17.000Z,2026-08-19T11:00:17.000Z,3600,[name],,https://www.supersummary.com/subscription,https://www.supersummary.com/subscription/confirming/cancel,,Student Experience [July 2025] [25% one-time / No Entry Modal],,08-19-2026,,08-25-2026,08-19-2026,08-19-2026,08-19-2026,,08-19-2026,08-19-2027
Wg8PD9u_b529e98d88139dd2,1737184,,Students; fallback,,,[name],[name],[name],SuperSummary wasn’t helpful enough,global_economic_reasons_897286504,Reliability or performance issues,reliability,,Product (SaaS),product,2,,,u_7ec0333af2c6983d,,,,0,9.95,,Canceled,2026-08-25T13:10:03.000Z,2026-08-25T13:10:17.000Z,2026-08-25T13:10:17.000Z,,23.06,2026-08-25T13:10:17.000Z,cancel,Valid Cancel,monthly,2026-09-23T04:28:51.000Z,2026-09-23T04:28:51.000Z,9.95,9.95,9.95,Brightback,,,,,,,1737184,2026-08-23T04:28:48.000Z,,2026-08-23T04:28:51.000Z,,h_b433f7ef0f0a83e1,,1,2026-08-23T04:28:51.000Z,USD,u_7ec0333af2c6983d,ACTIVE,h_e0f4da8dc14ed51c,[name],9.95,monthly_essentials,,2026-08-23T04:28:51.000Z,student,,1,monthly_essentials,2026-08-23T04:28:51.000Z,_UNKNOWN,995,MONTH,monthly_essentials,,High School,[name],2026-09-23T04:28:51.000Z,,995,,2026-09-23T04:28:51.000Z,2026-08-23T04:28:51.000Z,995,[name],,https://www.supersummary.com/subscription,https://www.supersummary.com/subscription/confirming/cancel,,Student Experience [July 2025] [25% one-time / No Entry Modal],,08-23-2026,,08-25-2026,08-23-2026,08-23-2026,08-23-2026,,08-23-2026,09-23-2026
Wg8P0rj_92f60bbf4040c039,169n19UMQ0RmfE8Dq,,Parents; Annual,,,[name],[name],,SuperSummary wasn’t helpful enough,global_economic_reasons_897286504,Reliability or performance issues,reliability,,Product (SaaS),product,5,,,u_1ab974631af06977,,,,0,,,Canceled,2026-08-25T00:53:47.000Z,2026-08-25T00:54:29.000Z,2026-08-25T00:54:29.000Z,,23.57,2026-08-25T00:54:29.000Z,cancel,Valid Cancel,annual,2027-08-25T00:38:01.000Z,2027-08-25T00:38:01.000Z,3.0,3.0,36.0,Brightback,,,,,,,169n19UMQ0RmfE8Dq,2024-08-25T00:37:59.000Z,,2024-08-25T00:38:01.000Z,,h_08d478c34f19962b,,1,2024-08-25T00:38:01.000Z,USD,u_1ab974631af06977,ACTIVE,h_92e3aaf73b1065e2,[name],,,,2026-08-25T00:38:01.000Z,parent_of_student,,1,annual,2024-08-25T00:38:01.000Z,_UNKNOWN,3600,YEAR,,,Middle School,[name],2027-08-25T00:38:01.000Z,,300,,2027-08-25T00:38:01.000Z,2024-08-25T00:38:01.000Z,3600,,,,,,Parent Experience [July 2025] [25% one-time / Modal],,08-25-2024,,08-25-2026,08-25-2024,08-25-2024,08-25-2024,,08-25-2024,08-25-2027
Wg8OHDH_8a605b2d742a0fd4,AzZf6YVTEZPYr27R4,,Students; fallback,,,[name],[name],,SuperSummary wasn’t helpful enough,global_economic_reasons_897286504,Reliability or performance issues,reliability,,Product (SaaS),product,2,,,u_e7120b479fab6320,,,,0,,,Canceled,2026-08-24T17:13:21.000Z,2026-08-24T17:13:54.000Z,2026-08-24T17:13:54.000Z,,23.89,2026-08-24T17:13:54.000Z,cancel,Valid Cancel,monthly,2026-09-24T16:54:23.000Z,2026-09-24T16:54:23.000Z,9.95,9.95,9.95,Brightback,,,,,,,AzZf6YVTEZPYr27R4,2026-08-24T16:54:20.000Z,,2026-08-24T16:54:23.000Z,,h_5bb7aeab1a65ae50,,1,2026-08-24T16:54:23.000Z,USD,u_e7120b479fab6320,ACTIVE,h_81bbaddea5a8f583,[name],,,,2026-08-24T16:54:23.000Z,student,,1,monthly_essentials,2026-08-24T16:54:23.000Z,_UNKNOWN,995,MONTH,,,College,[name],2026-09-24T16:54:23.000Z,,995,,2026-09-24T16:54:23.000Z,2026-08-24T16:54:23.000Z,995,,,,,,Student Experience [July 2025] [25% one-time / No Entry Modal],,08-24-2026,,08-24-2026,08-24-2026,08-24-2026,08-24-2026,,08-24-2026,09-24-2026
Wg8OF3E_9f3973363e571212,AzZLjJVJiallg1IsW,,fallback,,,[name],[name],,SuperSummary wasn’t helpful enough,global_economic_reasons_897286504,Reliability or performance issues,reliability,,Product (SaaS),product,1,,,u_745c955077f1a901,,,,0,,,Canceled,2026-08-24T15:03:18.000Z,2026-08-24T15:03:37.000Z,2026-08-24T15:03:37.000Z,,23.98,2026-08-24T15:03:37.000Z,cancel,Valid Cancel,annual,2027-05-15T19:19:09.000Z,2027-05-15T19:19:09.000Z,3.0,3.0,36.0,Brightback,,,,,,,AzZLjJVJiallg1IsW,2026-05-15T19:19:06.000Z,,2026-05-15T19:19:09.000Z,,h_e5fc7e4b24403778,,1,2026-05-15T19:19:09.000Z,USD,u_745c955077f1a901,ACTIVE,h_0aea1fe299580244,[name],,,,2026-05-15T19:19:09.000Z,other,,1,annual_essentials,2026-05-15T19:19:09.000Z,_UNKNOWN,3600,YEAR,,,,[name],2027-05-15T19:19:09.000Z,,300,,2027-05-15T19:19:09.000Z,2026-05-15T19:19:09.000Z,3600,,,,,,Default/Fallback [July 2025] [25% one time / No entry modal],,05-15-2026,,08-24-2026,05-15-2026,05-15-2026,05-15-2026,,05-15-2026,05-15-2027
Wg8OEh8_a87db56aa83f3a15,AzZaU2VSrIYa72MIH,,Students; fallback,,,[name],[name],,SuperSummary wasn’t helpful enough,global_economic_reasons_897286504,Reliability or performance issues,reliability,,Product (SaaS),product,7,,,u_c5e389ade41900a4,,,,0,,,Canceled,2026-08-24T14:43:12.000Z,2026-08-24T14:43:35.000Z,2026-08-24T14:43:36.000Z,,24.0,2026-08-24T14:43:36.000Z,cancel,Valid Cancel,monthly,2026-09-20T17:23:11.000Z,2026-09-20T17:23:11.000Z,16.65,16.65,16.65,Brightback,,,,,,,AzZaU2VSrIYa72MIH,2026-08-20T17:23:08.000Z,,2026-08-20T17:23:11.000Z,,h_a1a77a923b7c5c31,,1,2026-08-20T17:23:11.000Z,USD,u_c5e389ade41900a4,ACTIVE,h_e9627411cf09f5d0,[name],,,,2026-08-20T17:23:11.000Z,student,,1,monthly_plus,2026-08-20T17:23:11.000Z,_UNKNOWN,1665,MONTH,,,College,[name],2026-09-20T17:23:11.000Z,,1665,,2026-09-20T17:23:11.000Z,2026-08-20T17:23:11.000Z,1665,,,,,,Student Experience [July 2025] [25% one-time / No Entry Modal],,08-20-2026,,08-24-2026,08-20-2026,08-20-2026,08-20-2026,,08-20-2026,09-20-2026
Wg8OD1s_adad4db8b6107dda,1549949,,Teachers; fallback,,,[name],[name],[name],SuperSummary wasn’t helpful enough,global_economic_reasons_897286504,Reliability or performance issues,reliability,,Product (SaaS),product,1,,,u_87a543d8b19a4149,,,,0,9.95,,Canceled,2026-08-24T13:02:05.000Z,2026-08-24T13:02:28.000Z,2026-08-24T13:02:28.000Z,,24.07,2026-08-24T13:02:28.000Z,cancel,Valid Cancel,monthly,2026-09-09T21:12:10.000Z,2026-09-09T21:12:10.000Z,9.95,9.95,9.95,Brightback,,,,,,,1549949,2026-08-09T21:12:06.000Z,,2026-08-09T21:12:10.000Z,,h_78e24868603dd4b5,,1,2026-08-09T21:12:10.000Z,USD,u_87a543d8b19a4149,ACTIVE,h_4c3cd7e349f29581,[name],9.95,monthly_plus,,2026-08-09T21:12:10.000Z,teacher,,1,monthly_plus,2026-08-09T21:12:10.000Z,_UNKNOWN,995,MONTH,monthly_plus,,High School,[name],2026-09-09T21:12:10.000Z,,995,,2026-09-09T21:12:10.000Z,2026-08-09T21:12:10.000Z,995,[name],,https://www.supersummary.com/subscription,https://www.supersummary.com/subscription/confirming/cancel,,Teacher Experience [July 2025] [40% one-time / Modal],,08-09-2026,,08-24-2026,08-09-2026,08-09-2026,08-09-2026,,08-09-2026,09-09-2026
Wg8OB9q_b3b3297fc13b4720,1738722,,fallback,,,[name],[name],[name],SuperSummary wasn’t helpful enough,global_economic_reasons_897286504,Reliability or performance issues,reliability,,Product (SaaS),product,3,,,u_8a8b3b30c5d72c39,,,,0,9.95,,Canceled,2026-08-24T11:09:55.000Z,2026-08-24T11:10:19.000Z,2026-08-24T11:10:19.000Z,,24.15,2026-08-24T11:10:19.000Z,cancel,Valid Cancel,monthly,2026-09-24T10:59:52.000Z,2026-09-24T10:59:52.000Z,9.95,9.95,9.95,Brightback,,,,,,,1738722,2026-08-24T10:59:51.000Z,,2026-08-24T10:59:52.000Z,,h_a59e1ff69256667e,,1,2026-08-24T10:59:52.000Z,USD,u_8a8b3b30c5d72c39,ACTIVE,h_bf2bb83ff83e02eb,[name],9.95,monthly_essentials,,2026-08-24T10:59:52.000Z,avid_reader,,1,monthly_essentials,2026-08-24T10:59:52.000Z,_UNKNOWN,995,MONTH,monthly_essentials,,,[name],2026-09-24T10:59:52.000Z,,995,,2026-09-24T10:59:52.000Z,2026-08-24T10:59:52.000Z,995,[name],,https://www.supersummary.com/subscription,https://www.supersummary.com/subscription/confirming/cancel,,Default/Fallback [July 2025] [25% one time / No entry modal],,08-24-2026,,08-24-2026,08-24-2026,08-24-2026,08-24-2026,,08-24-2026,09-24-2026
Wg8O4uH_9a2cd1abdd742c47,1725277,,fallback,,,[name],[name],[name],SuperSummary wasn’t helpful enough,global_economic_reasons_897286504,Reliability or performance issues,reliability,,Product (SaaS),product,3,,,u_eb7e48a9ecfcdefa,,,,0,9.95,,Canceled,2026-08-24T04:56:24.000Z,2026-08-24T04:57:06.000Z,2026-08-24T04:57:07.000Z,,24.4,2026-08-24T04:57:48.000Z,cancel,Valid Cancel,monthly,2026-09-12T04:28:57.000Z,2026-09-12T04:28:57.000Z,9.95,9.95,9.95,Brightback,,,,,,,1725277,2026-08-12T04:28:54.000Z,,2026-08-12T04:28:57.000Z,,h_0af8b0a8f8c3364d,,1,2026-08-12T04:28:57.000Z,USD,u_eb7e48a9ecfcdefa,ACTIVE,h_7abc313631274e26,[name],9.95,monthly_essentials,,2026-08-12T04:28:57.000Z,avid_reader,,1,monthly_essentials,2026-08-12T04:28:57.000Z,_UNKNOWN,995,MONTH,monthly_essentials,,,[name],2026-09-12T04:28:57.000Z,,995,,2026-09-12T04:28:57.000Z,2026-08-12T04:28:57.000Z,995,[name],,https://www.supersummary.com/subscription,https://www.supersummary.com/subscription/confirming/cancel,,Default/Fallback [July 2025] [25% one time / No entry modal],,08-12-2026,,08-24-2026,08-12-2026,08-12-2026,08-12-2026,,08-12-2026,09-12-2026
Wg8NNN8_b4de7c297abb5e86,AzZSEfVTA1TJIOLW,,Book Club Members; fallback,,,[name],[name],,SuperSummary wasn’t helpful enough,global_economic_reasons_897286504,Reliability or performance issues,reliability,,Product (SaaS),product,3,,,u_009c8980583c9073,,,,0,,,Canceled,2026-08-23T23:23:09.000Z,2026-08-23T23:23:34.000Z,2026-08-23T23:23:34.000Z,,24.64,2026-08-23T23:23:34.000Z,cancel,Valid Cancel,monthly,2026-09-23T22:14:29.000Z,2026-09-23T22:14:29.000Z,9.95,9.95,9.95,Brightback,,,,,,,AzZSEfVTA1TJIOLW,2026-08-23T22:14:28.000Z,,2026-08-23T22:14:29.000Z,,h_649a75409150c252,,1,2026-08-23T22:14:29.000Z,USD,u_009c8980583c9073,ACTIVE,h_88b729737aa5f0fb,[name],,,,2026-08-23T22:14:29.000Z,book_club_member,,1,monthly_essentials,2026-08-23T22:14:29.000Z,_UNKNOWN,995,MONTH,,,,[name],2026-09-23T22:14:29.000Z,,995,,2026-09-23T22:14:29.000Z,2026-08-23T22:14:29.000Z,995,,,,,,BCM Experience [July 2025] [25% one-time / No Entry Modal],,08-23-2026,,08-23-2026,08-23-2026,08-23-2026,08-23-2026,,08-23-2026,09-23-2026
Wg8NLq3_88208574febc9628,AzZUpFVT9pAFs85l0,,Book Club Members; fallback,,,[name],[name],,SuperSummary wasn’t helpful enough,global_economic_reasons_897286504,Reliability or performance issues,reliability,,Product (SaaS),product,4,,,u_670b7317c7c9cc75,,,,0,,,Canceled,2026-08-23T21:52:06.000Z,2026-08-23T21:52:44.000Z,2026-08-23T21:52:45.000Z,,24.7,2026-08-23T21:52:45.000Z,cancel,Valid Cancel,monthly,2026-09-23T21:25:36.000Z,2026-09-23T21:25:36.000Z,9.95,9.95,9.95,Brightback,,,,,,,AzZUpFVT9pAFs85l0,2026-08-23T21:25:35.000Z,,2026-08-23T21:25:36.000Z,,h_b17848448b6c6465,,1,2026-08-23T21:25:36.000Z,USD,u_670b7317c7c9cc75,ACTIVE,h_d807710e5d72323a,[name],,,,2026-08-23T21:25:36.000Z,book_club_member,,1,monthly_essentials,2026-08-23T21:25:36.000Z,_UNKNOWN,995,MONTH,,,,[name],2026-09-23T21:25:36.000Z,,995,,2026-09-23T21:25:36.000Z,2026-08-23T21:25:36.000Z,995,,,,,,BCM Experience [July 2025] [25% one-time / No Entry Modal],,08-23-2026,,08-23-2026,08-23-2026,08-23-2026,08-23-2026,,08-23-2026,09-23-2026
Wg8NLkp_9ea86e6d98a319f7,1735414,,Teachers; fallback,,,[name],[name],[name],SuperSummary wasn’t helpful enough,global_economic_reasons_897286504,Reliability or performance issues,reliability,,Product (SaaS),product,3,,,u_662ac1f5de69e2b1,,,,0,16.65,,Canceled,2026-08-23T21:47:05.000Z,2026-08-23T21:47:44.000Z,2026-08-23T21:47:45.000Z,,24.7,2026-08-23T21:47:45.000Z,cancel,Valid Cancel,monthly,2026-09-21T11:48:52.000Z,2026-09-21T11:48:52.000Z,16.65,16.65,16.65,Brightback,,,,,,,1735414,2026-08-21T11:48:49.000Z,,2026-08-21T11:48:52.000Z,,h_ad64a29ab256d072,,1,2026-08-21T11:48:52.000Z,USD,u_662ac1f5de69e2b1,ACTIVE,h_646ebcd8986bd989,[name],16.65,monthly_plus,,2026-08-21T11:48:52.000Z,teacher,,1,monthly_plus,2026-08-21T11:48:52.000Z,_UNKNOWN,1665,MONTH,monthly_plus,,Middle School,[name],2026-09-21T11:48:52.000Z,,1665,,2026-09-21T11:48:52.000Z,2026-08-21T11:48:52.000Z,1665,[name],,https://www.supersummary.com/subscription,https://www.supersummary.com/subscription/confirming/cancel,,Teacher Experience [July 2025] [40% one-time / Modal],,08-21-2026,,08-23-2026,08-21-2026,08-21-2026,08-21-2026,,08-21-2026,09-21-2026
Wg8NGDU_b84acee5c538b6e0,16BWabVSmO7PL2req,,Students; fallback,,,[name],[name],,SuperSummary wasn’t helpful enough,global_economic_reasons_897286504,Reliability or performance issues,reliability,,Product (SaaS),product,9,,,u_7d85f96ccfb719c7,,,,0,,,Canceled,2026-08-23T16:13:34.000Z,2026-08-23T16:13:54.000Z,2026-08-23T16:13:54.000Z,,24.93,2026-08-23T16:13:54.000Z,cancel,Valid Cancel,monthly,2026-09-19T21:13:54.000Z,2026-09-19T21:13:54.000Z,9.95,9.95,9.95,Brightback,,,,,,,16BWabVSmO7PL2req,2026-08-19T21:10:50.000Z,,2026-08-19T21:13:54.000Z,,h_244ba971027d2331,,1,2026-08-19T21:13:54.000Z,USD,u_7d85f96ccfb719c7,ACTIVE,h_708a5f18612a94de,[name],,,,2026-08-19T21:13:54.000Z,student,,1,monthly_essentials,2026-08-19T21:13:54.000Z,_UNKNOWN,995,MONTH,,,High School,[name],2026-09-19T21:13:54.000Z,,995,,2026-09-19T21:13:54.000Z,2026-08-19T21:13:54.000Z,995,,,,,,Student Experience [July 2025] [25% one-time / No Entry Modal],,08-19-2026,,08-23-2026,08-19-2026,08-19-2026,08-19-2026,,08-19-2026,09-19-2026
Wg8NDld_87943c0e760f0935,AzqQ1WVEclZbD540V,,Students; fallback,,,[name],[name],,SuperSummary wasn’t helpful enough,global_economic_reasons_897286504,Reliability or performance issues,reliability,,Product (SaaS),product,4,Na,,u_1374c415cccbc3a9,Na,,,1,,,Canceled,2026-08-23T13:47:42.000Z,2026-08-23T13:48:09.000Z,2026-08-23T13:48:09.000Z,,25.04,2026-08-23T13:48:09.000Z,cancel,Valid Cancel,monthly,2026-09-22T19:00:01.000Z,2026-09-22T19:00:01.000Z,16.65,16.65,16.65,Brightback,,,,1,16.65,2026-08-29T19:00:05.000Z,AzqQ1WVEclZbD540V,2026-03-22T18:58:27.000Z,,2026-03-22T19:00:01.000Z,,h_881b7b712b145ffd,,1,2026-03-22T19:00:01.000Z,USD,u_1374c415cccbc3a9,ACTIVE,h_d51180ec2fb97790,[name],,,,2026-08-22T19:00:01.000Z,student,,1,monthly_plus,2026-03-22T19:00:01.000Z,_UNKNOWN,1665,MONTH,,,Postgrad Program,[name],2026-09-22T19:00:01.000Z,,1665,,2026-09-22T19:00:01.000Z,2026-03-22T19:00:01.000Z,1665,,,,,,Student Experience [July 2025] [25% one-time / No Entry Modal],,03-22-2026,,08-23-2026,03-22-2026,03-22-2026,03-22-2026,,03-22-2026,09-22-2026
Wg8NAKx_8c276ef6bd5b38f6,AzZZFmVT77h5Y7FhZ,,Book Club Members; fallback,,,[name],[name],,SuperSummary wasn’t helpful enough,global_economic_reasons_897286504,Reliability or performance issues,reliability,,Product (SaaS),product,6,,,u_9a0d0b6ae6428822,,,,0,,,Canceled,2026-08-23T10:21:03.000Z,2026-08-23T10:21:20.000Z,2026-08-23T10:21:21.000Z,,25.18,2026-08-23T10:21:21.000Z,cancel,Valid Cancel,monthly,2026-09-23T10:20:23.000Z,2026-09-23T10:20:23.000Z,9.95,9.95,9.95,Brightback,,,,,,,AzZZFmVT77h5Y7FhZ,2024-07-19T17:05:35.000Z,,2026-08-23T10:20:23.000Z,,h_ee3914a45f6b029f,,1,2026-08-23T10:20:23.000Z,USD,u_9a0d0b6ae6428822,ACTIVE,h_5aee848618490320,[name],,,,2026-08-23T10:20:23.000Z,book_club_member,,1,monthly_essentials,2026-08-23T10:20:23.000Z,_UNKNOWN,995,MONTH,,,,[name],2026-09-23T10:20:23.000Z,,995,,2026-09-23T10:20:23.000Z,2026-08-23T10:20:23.000Z,995,,,,,,BCM Experience [July 2025] [25% one-time / No Entry Modal],,08-23-2026,,08-23-2026,08-23-2026,08-23-2026,07-19-2024,,08-23-2026,09-23-2026
Wg8N79E_be8b2b3633eedd0b,6opTAVT61XNF6lk1,,Teachers; fallback,,,[name],[name],,SuperSummary wasn’t helpful enough,global_economic_reasons_897286504,Reliability or performance issues,reliability,,Product (SaaS),product,5,,,u_3228a8da767afd02,,,,0,,,Canceled,2026-08-23T07:09:21.000Z,2026-08-23T07:11:04.000Z,2026-08-23T07:11:05.000Z,,25.31,2026-08-23T07:11:05.000Z,cancel,Valid Cancel,annual,2027-08-23T05:49:39.000Z,2027-08-23T05:49:39.000Z,5.0,5.0,60.0,Brightback,,,,,,,6opTAVT61XNF6lk1,2026-08-23T05:49:38.000Z,,2026-08-23T05:49:39.000Z,,h_264cfcf402664091,,1,2026-08-23T05:49:39.000Z,USD,u_3228a8da767afd02,ACTIVE,h_6c3e17333d480f1d,[name],,,,2026-08-23T05:49:39.000Z,teacher,,1,annual_plus,2026-08-23T05:49:39.000Z,_UNKNOWN,6000,YEAR,,,College,[name],2027-08-23T05:49:39.000Z,,500,,2027-08-23T05:49:39.000Z,2026-08-23T05:49:39.000Z,6000,,,,,,Teacher Experience [July 2025] [40% one-time / Modal],,08-23-2026,,08-23-2026,08-23-2026,08-23-2026,08-23-2026,,08-23-2026,08-23-2027
Wg8MNNE_8a6c21e82d6db0f5,AzZtfOVSDTuB83A8c,,fallback,,,[name],[name],,SuperSummary wasn’t helpful enough,global_economic_reasons_897286504,Reliability or performance issues,reliability,,Product (SaaS),product,5,,,u_0a71fccd275abc1d,,,,0,,,Canceled,2026-08-22T23:23:17.000Z,2026-08-22T23:23:52.000Z,2026-08-22T23:23:52.000Z,,25.64,2026-08-22T23:23:52.000Z,cancel,Valid Cancel,monthly,2026-09-13T21:57:22.000Z,2026-09-13T21:57:22.000Z,9.95,9.95,9.95,Brightback,,,,,,,AzZtfOVSDTuB83A8c,2026-08-13T21:57:21.000Z,,2026-08-13T21:57:22.000Z,,h_831bc996485baba3,,1,2026-08-13T21:57:22.000Z,USD,u_0a71fccd275abc1d,ACTIVE,h_a082329668840181,[name],,,,2026-08-13T21:57:22.000Z,avid_reader,,1,monthly_essentials,2026-08-13T21:57:22.000Z,_UNKNOWN,995,MONTH,,,,[name],2026-09-13T21:57:22.000Z,,995,,2026-09-13T21:57:22.000Z,2026-08-13T21:57:22.000Z,995,,,,,,Default/Fallback [July 2025] [25% one time / No entry modal],,08-13-2026,,08-22-2026,08-13-2026,08-13-2026,08-13-2026,,08-13-2026,09-13-2026
Wg8MMUr_aa4674f30cd5740c,169yArVT4Coil5vpI,,fallback,,,[name],[name],,SuperSummary wasn’t helpful enough,global_economic_reasons_897286504,Reliability or performance issues,reliability,,Product (SaaS),product,5,,,u_6effbf80d2555e55,,,,0,,,Canceled,2026-08-22T22:30:55.000Z,2026-08-22T22:31:21.000Z,2026-08-22T22:31:21.000Z,,25.67,2026-08-22T22:31:21.000Z,cancel,Valid Cancel,monthly,2026-09-22T22:21:55.000Z,2026-09-22T22:21:55.000Z,7.46,7.46,9.95,Brightback,,,,,,,169yArVT4Coil5vpI,2026-08-22T22:21:54.000Z,,2026-08-22T22:21:55.000Z,,h_fd5245078c190709,,1,2026-08-22T22:21:55.000Z,USD,u_6effbf80d2555e55,ACTIVE,h_48f15b37e1589951,[name],,,,2026-08-22T22:21:55.000Z,avid_reader,,1,monthly_essentials,2026-08-22T22:21:55.000Z,_UNKNOWN,995,MONTH,,nmTKUhkQCvq,,[name],2026-09-22T22:21:55.000Z,,746,,2026-09-22T22:21:55.000Z,2026-08-22T22:21:55.000Z,995,,,,,,Default/Fallback [July 2025] [25% one time / No entry modal],,08-22-2026,,08-22-2026,08-22-2026,08-22-2026,08-22-2026,,08-22-2026,09-22-2026
Wg8MLij_99ca490f340c03e5,AzywyyVSVwCXa9YEr,,Students; fallback,,,[name],[name],,SuperSummary wasn’t helpful enough,global_economic_reasons_897286504,Reliability or performance issues,reliability,,Product (SaaS),product,2,,,u_233eb35a44dc139e,,,,0,,,Canceled,2026-08-22T21:44:47.000Z,2026-08-22T21:45:08.000Z,2026-08-22T21:45:08.000Z,,25.7,2026-08-22T21:45:08.000Z,cancel,Valid Cancel,monthly,2026-09-17T01:42:40.000Z,2026-09-17T01:42:40.000Z,9.95,9.95,9.95,Brightback,,,,,,,AzywyyVSVwCXa9YEr,2026-08-17T01:41:51.000Z,,2026-08-17T01:42:40.000Z,,h_87bd5ebfd21d6905,,1,2026-08-17T01:42:40.000Z,USD,u_233eb35a44dc139e,ACTIVE,h_1bda344dbaed41fa,[name],,,,2026-08-17T01:42:40.000Z,student,,1,monthly_essentials,2026-08-17T01:42:40.000Z,_UNKNOWN,995,MONTH,,,Postgrad Program,[name],2026-09-17T01:42:40.000Z,,995,,2026-09-17T01:42:40.000Z,2026-08-17T01:42:40.000Z,995,,,,,,Student Experience [July 2025] [25% one-time / No Entry Modal],,08-17-2026,,08-22-2026,08-17-2026,08-17-2026,08-17-2026,,08-17-2026,09-17-2026
Wg8MJBU_8d667f70e1ce8d29,AzqGMPVH4C9AK5Jb9,,Teachers; fallback,,,[name],[name],,SuperSummary wasn’t helpful enough,global_economic_reasons_897286504,Reliability or performance issues,reliability,,Product (SaaS),product,6,,,u_ba3a6e1201ea3b4e,,,,0,,,Canceled,2026-08-22T19:11:33.000Z,2026-08-22T19:11:57.000Z,2026-08-22T19:11:58.000Z,,25.81,2026-08-22T19:11:58.000Z,cancel,Valid Cancel,monthly,2026-09-17T16:32:41.000Z,2026-09-17T16:32:41.000Z,9.95,9.95,9.95,Brightback,,,,,,,AzqGMPVH4C9AK5Jb9,2026-04-17T16:32:38.000Z,,2026-04-17T16:32:41.000Z,,h_28a9250bc600b497,,1,2026-04-17T16:32:41.000Z,USD,u_ba3a6e1201ea3b4e,ACTIVE,h_4b462bcc13176668,[name],,,,2026-08-17T16:32:41.000Z,teacher,,1,monthly_essentials,2026-04-17T16:32:41.000Z,_UNKNOWN,995,MONTH,,,College,[name],2026-09-17T16:32:41.000Z,,995,,2026-09-17T16:32:41.000Z,2026-04-17T16:32:41.000Z,995,,,,,,Teacher Experience [July 2025] [40% one-time / Modal],,04-17-2026,,08-22-2026,04-17-2026,04-17-2026,04-17-2026,,04-17-2026,09-17-2026
Wg8MIgH_b30c1ef6cf9a9baa,1736700,,fallback,,,[name],[name],[name],SuperSummary wasn’t helpful enough,global_economic_reasons_897286504,Reliability or performance issues,reliability,,Product (SaaS),product,1,,,u_99e6a55c381afdb2,,,,0,36.0,,Canceled,2026-08-22T18:42:34.000Z,2026-08-22T18:42:48.000Z,2026-08-22T18:42:49.000Z,,25.83,2026-08-22T18:42:49.000Z,cancel,Valid Cancel,annual,2027-08-22T18:19:40.000Z,2027-08-22T18:19:40.000Z,3.0,3.0,36.0,Brightback,,,,,,,1736700,2026-08-22T18:19:39.000Z,,2026-08-22T18:19:40.000Z,,h_e1dc76681b00ba9c,,1,2026-08-22T18:19:40.000Z,USD,u_99e6a55c381afdb2,ACTIVE,h_0af43427e31eaa59,[name],36.0,annual_essentials,,2026-08-22T18:19:40.000Z,avid_reader,,1,annual_essentials,2026-08-22T18:19:40.000Z,_UNKNOWN,3600,YEAR,annual_essentials,,,[name],2027-08-22T18:19:40.000Z,,300,,2027-08-22T18:19:40.000Z,2026-08-22T18:19:40.000Z,3600,[name],,https://www.supersummary.com/subscription,https://www.supersummary.com/subscription/confirming/cancel,,Default/Fallback [July 2025] [25% one time / No entry modal],,08-22-2026,,08-22-2026,08-22-2026,08-22-2026,08-22-2026,,08-22-2026,08-22-2027
Wg8MI56_a4dbdba4f360d8b0,16CG1rUtcc5VJ43lM,,Teachers; Annual,,,[name],[name],,SuperSummary wasn’t helpful enough,global_economic_reasons_897286504,Reliability or performance issues,reliability,,Product (SaaS),product,4,,,u_8e01decacb548777,,,,0,,,Canceled,2026-08-22T18:05:11.000Z,2026-08-22T18:06:30.000Z,2026-08-22T18:06:30.000Z,,25.86,2026-08-22T18:06:30.000Z,cancel,Valid Cancel,annual,2027-08-12T02:15:51.000Z,2027-08-12T02:15:51.000Z,3.0,3.0,36.0,Brightback,,,,,,,16CG1rUtcc5VJ43lM,2025-08-12T02:15:49.000Z,,2025-08-12T02:15:51.000Z,,h_9514369d7b3a5277,,1,2025-08-12T02:15:51.000Z,USD,u_8e01decacb548777,ACTIVE,h_f234e7fc6ae1defc,[name],,,,2026-08-12T02:15:51.000Z,teacher,,1,annual,2025-08-12T02:15:51.000Z,_UNKNOWN,3600,YEAR,,,Middle School,[name],2027-08-12T02:15:51.000Z,,300,,2027-08-12T02:15:51.000Z,2025-08-12T02:15:51.000Z,3600,,,,,,Teacher Experience [July 2025] [40% one-time / Modal],,08-12-2025,,08-22-2026,08-12-2025,08-12-2025,08-12-2025,,08-12-2025,08-12-2027
Wg8MEAb_bcf6ea047c48e583,1603729,,Book Club Members; fallback,,,[name],[name],[name],SuperSummary wasn’t helpful enough,global_economic_reasons_897286504,Reliability or performance issues,reliability,,Product (SaaS),product,2,ChatGPT,,u_3449b04616d9733e,I don't like the outline and how the information is presented,,,1,60.0,,Canceled,2026-08-22T14:10:51.000Z,2026-08-22T14:12:29.000Z,2026-08-22T14:12:29.000Z,,26.02,2026-08-22T14:12:29.000Z,cancel,Valid Cancel,annual,2027-04-17T16:14:29.000Z,2027-04-17T16:14:29.000Z,5.0,5.0,60.0,Brightback,,,,,,,1603729,2026-04-17T16:14:27.000Z,,2026-04-17T16:14:29.000Z,,h_6ce3a5fa94438380,,1,2026-04-17T16:14:29.000Z,USD,u_3449b04616d9733e,ACTIVE,h_b6e2152884c87185,[name],60.0,annual_plus,,2026-04-17T16:14:29.000Z,book_club_member,,1,annual_plus,2026-04-17T16:14:29.000Z,_UNKNOWN,6000,YEAR,annual_plus,,,[name],2027-04-17T16:14:29.000Z,,500,,2027-04-17T16:14:29.000Z,2026-04-17T16:14:29.000Z,6000,[name],,https://www.supersummary.com/subscription,https://www.supersummary.com/subscription/confirming/cancel,,BCM Experience [July 2025] [25% one-time / No Entry Modal],,04-17-2026,,08-22-2026,04-17-2026,04-17-2026,04-17-2026,,04-17-2026,04-17-2027
Wg8MDGn_b7281d291da40330,16BgFIVT1xseC4MmC,,Book Club Members; fallback,,,[name],[name],,SuperSummary wasn’t helpful enough,global_economic_reasons_897286504,Reliability or performance issues,reliability,,Product (SaaS),product,5,,,u_f016aae23408e9e1,,,,0,,,Canceled,2026-08-22T13:21:06.000Z,2026-08-22T13:21:41.000Z,2026-08-22T13:21:41.000Z,,26.05,2026-08-22T13:51:40.000Z,cancel,Valid Cancel,annual,2027-08-22T13:10:03.000Z,2027-08-22T13:10:03.000Z,2.25,2.25,36.0,Brightback,,,,,,,16BgFIVT1xseC4MmC,2026-08-22T13:10:01.000Z,,2026-08-22T13:10:03.000Z,,h_e0e8f9d4d176392a,,1,2026-08-22T13:10:03.000Z,USD,u_f016aae23408e9e1,ACTIVE,h_2c4194b46e20981b,[name],,,,2026-08-22T13:10:03.000Z,book_club_member,,1,annual_essentials,2026-08-22T13:10:03.000Z,_UNKNOWN,3600,YEAR,,nmTKUhkQCvq,,[name],2027-08-22T13:10:03.000Z,,225,,2027-08-22T13:10:03.000Z,2026-08-22T13:10:03.000Z,3600,,,,,,BCM Experience [July 2025] [25% one-time / No Entry Modal],,08-22-2026,,08-22-2026,08-22-2026,08-22-2026,08-22-2026,,08-22-2026,08-22-2027
Wg8MCDX_88e4c4c9ed6cb863,AzZV4mVT1ZydN4AD4,,fallback,,,[name],[name],,SuperSummary wasn’t helpful enough,global_economic_reasons_897286504,Reliability or performance issues,reliability,,Product (SaaS),product,3,,,u_6ea43970b3701bfb,,,,0,,,Canceled,2026-08-22T12:13:35.000Z,2026-08-22T12:13:55.000Z,2026-08-22T12:13:55.000Z,,26.1,2026-08-22T12:13:55.000Z,cancel,Valid Cancel,monthly,2026-09-22T11:35:06.000Z,2026-09-22T11:35:06.000Z,9.95,9.95,9.95,Brightback,,,,,,,AzZV4mVT1ZydN4AD4,2026-08-22T11:35:05.000Z,,2026-08-22T11:35:06.000Z,,h_b0b7d79e5ac83107,,1,2026-08-22T11:35:06.000Z,USD,u_6ea43970b3701bfb,ACTIVE,h_54317a7d4b2a4a9e,[name],,,,2026-08-22T11:35:06.000Z,avid_reader,,1,monthly_essentials,2026-08-22T11:35:06.000Z,_UNKNOWN,995,MONTH,,,,[name],2026-09-22T11:35:06.000Z,,995,,2026-09-22T11:35:06.000Z,2026-08-22T11:35:06.000Z,995,,,,,,Default/Fallback [July 2025] [25% one time / No entry modal],,08-22-2026,,08-22-2026,08-22-2026,08-22-2026,08-22-2026,,08-22-2026,09-22-2026
Wg8M43q_974d2ba992d0cfa3,AzZUpFVSyJoGA2hUt,,fallback,,,[name],[name],,SuperSummary wasn’t helpful enough,global_economic_reasons_897286504,Reliability or performance issues,reliability,,Product (SaaS),product,4,My own brain,,u_cf5ee78f6d23b215,The summaries weren't in depth enough for what I needed with regards to specific scenes and types of scenes. ,,,1,,,Canceled,2026-08-22T04:03:56.000Z,2026-08-22T04:05:34.000Z,2026-08-22T04:05:34.000Z,,26.44,2026-08-22T04:05:34.000Z,cancel,Valid Cancel,annual,2027-08-21T22:12:04.000Z,2027-08-21T22:12:04.000Z,5.0,5.0,60.0,Brightback,,,,,,,AzZUpFVSyJoGA2hUt,2026-08-21T22:12:02.000Z,,2026-08-21T22:12:04.000Z,,h_7c62b6243acb4dc8,,1,2026-08-21T22:12:04.000Z,USD,u_cf5ee78f6d23b215,ACTIVE,h_c95ed53b6784150b,[name],,,,2026-08-21T22:12:04.000Z,avid_reader,,1,annual_plus,2026-08-21T22:12:04.000Z,_UNKNOWN,6000,YEAR,,,,[name],2027-08-21T22:12:04.000Z,,500,,2027-08-21T22:12:04.000Z,2026-08-21T22:12:04.000Z,6000,,,,,,Default/Fallback [July 2025] [25% one time / No entry modal],,08-21-2026,,08-22-2026,08-21-2026,08-21-2026,08-21-2026,,08-21-2026,08-21-2027
Wg8LMC5_bea82e21ffbe70ec,1715559,,fallback,,,[name],[name],[name],SuperSummary wasn’t helpful enough,global_economic_reasons_897286504,Reliability or performance issues,reliability,,Product (SaaS),product,1,nothing,,u_260ad429ae1317ef,same resources for all books ,,,1,9.95,,Canceled,2026-08-21T22:12:15.000Z,2026-08-21T22:12:55.000Z,2026-08-21T22:12:55.000Z,,26.69,2026-08-21T22:12:55.000Z,cancel,Valid Cancel,monthly,2026-09-03T23:37:27.000Z,2026-09-03T23:37:27.000Z,9.95,9.95,9.95,Brightback,,,,,,,1715559,2026-08-03T23:37:26.000Z,,2026-08-03T23:37:27.000Z,,h_3c7fb105a52b8cf4,,1,2026-08-03T23:37:27.000Z,USD,u_260ad429ae1317ef,ACTIVE,h_b5fb811ba21f7680,[name],9.95,monthly_essentials,,2026-08-03T23:37:27.000Z,other,,1,monthly_essentials,2026-08-03T23:37:27.000Z,_UNKNOWN,995,MONTH,monthly_essentials,,,[name],2026-09-03T23:37:27.000Z,,995,,2026-09-03T23:37:27.000Z,2026-08-03T23:37:27.000Z,995,[name],,https://www.supersummary.com/subscription,https://www.supersummary.com/subscription/confirming/cancel,,Default/Fallback [July 2025] [25% one time / No entry modal],,08-03-2026,,08-21-2026,08-03-2026,08-03-2026,08-03-2026,,08-03-2026,09-03-2026
Wg8LL0H_b8c19314f36862b5,1728103,,Students; fallback,,,[name],[name],[name],SuperSummary wasn’t helpful enough,global_economic_reasons_897286504,Reliability or performance issues,reliability,,Product (SaaS),product,4,,,u_d5e8154399e5a41f,,,,0,36.0,,Canceled,2026-08-21T21:00:28.000Z,2026-08-21T21:00:52.000Z,2026-08-21T21:00:52.000Z,,26.74,2026-08-21T21:00:52.000Z,cancel,Valid Cancel,annual,2027-08-14T17:49:21.000Z,2027-08-14T17:49:21.000Z,3.0,3.0,36.0,Brightback,,,,,,,1728103,2026-08-14T17:49:19.000Z,,2026-08-14T17:49:21.000Z,,h_ea32f8256eb0f86d,,1,2026-08-14T17:49:21.000Z,USD,u_d5e8154399e5a41f,ACTIVE,h_bc4679d29b9b4d20,[name],36.0,annual_essentials,,2026-08-14T17:49:21.000Z,student,,1,annual_essentials,2026-08-14T17:49:21.000Z,_UNKNOWN,3600,YEAR,annual_essentials,,College,[name],2027-08-14T17:49:21.000Z,,300,,2027-08-14T17:49:21.000Z,2026-08-14T17:49:21.000Z,3600,[name],,https://www.supersummary.com/subscription,https://www.supersummary.com/subscription/confirming/cancel,,Student Experience [July 2025] [25% one-time / No Entry Modal],,08-14-2026,,08-21-2026,08-14-2026,08-14-2026,08-14-2026,,08-14-2026,08-14-2027
Wg8LJd1_90495e5cda47abf6,1734849,,Book Club Members; fallback,,,[name],[name],[name],SuperSummary wasn’t helpful enough,global_economic_reasons_897286504,Reliability or performance issues,reliability,,Product (SaaS),product,5,,,u_f9c70ca3277d3f52,,,,0,36.0,,Canceled,2026-08-21T19:39:07.000Z,2026-08-21T19:39:27.000Z,2026-08-21T19:39:27.000Z,,26.79,2026-08-21T19:39:27.000Z,cancel,Valid Cancel,annual,2027-08-20T22:12:43.000Z,2027-08-20T22:12:43.000Z,3.0,3.0,36.0,Brightback,,,,,,,1734849,2026-08-20T22:12:42.000Z,,2026-08-20T22:12:43.000Z,,h_8087805ac8745b9a,,1,2026-08-20T22:12:43.000Z,USD,u_f9c70ca3277d3f52,ACTIVE,h_7ec191a44dfc338e,[name],36.0,annual_essentials,,2026-08-20T22:12:43.000Z,book_club_member,,1,annual_essentials,2026-08-20T22:12:43.000Z,_UNKNOWN,3600,YEAR,annual_essentials,,,[name],2027-08-20T22:12:43.000Z,,300,,2027-08-20T22:12:43.000Z,2026-08-20T22:12:43.000Z,3600,[name],,https://www.supersummary.com/subscription,https://www.supersummary.com/subscription/confirming/cancel,,BCM Experience [July 2025] [25% one-time / No Entry Modal],,08-20-2026,,08-21-2026,08-20-2026,08-20-2026,08-20-2026,,08-20-2026,08-20-2027
Wg8LHPq_860dc7f1a6d124bc,16BmRCVSqUl3c1fjn,,Book Club Members; fallback,,,[name],[name],,SuperSummary wasn’t helpful enough,global_economic_reasons_897286504,Reliability or performance issues,reliability,,Product (SaaS),product,1,,,u_ac73c08f12143cda,,,,0,,,Canceled,2026-08-21T17:25:56.000Z,2026-08-21T17:26:14.000Z,2026-08-21T17:26:14.000Z,,26.88,2026-08-21T17:26:14.000Z,cancel,Valid Cancel,monthly,2026-09-20T14:05:22.000Z,2026-09-20T14:05:22.000Z,9.95,9.95,9.95,Brightback,,,,,,,16BmRCVSqUl3c1fjn,2026-08-20T14:05:19.000Z,,2026-08-20T14:05:22.000Z,,h_ffc2e177f7cf11f7,,1,2026-08-20T14:05:22.000Z,USD,u_ac73c08f12143cda,ACTIVE,h_50cd0010289ddefa,[name],,,,2026-08-20T14:05:22.000Z,book_club_member,,1,monthly_essentials,2026-08-20T14:05:22.000Z,_UNKNOWN,995,MONTH,,,,[name],2026-09-20T14:05:22.000Z,,995,,2026-09-20T14:05:22.000Z,2026-08-20T14:05:22.000Z,995,,,,,,BCM Experience [July 2025] [25% one-time / No Entry Modal],,08-20-2026,,08-21-2026,08-20-2026,08-20-2026,08-20-2026,,08-20-2026,09-20-2026
Wg8LG8P_940aee12a684f69b,Azz0WHVSsOcOC3A0C,,Parents; fallback,,,[name],[name],,SuperSummary wasn’t helpful enough,global_economic_reasons_897286504,Reliability or performance issues,reliability,,Product (SaaS),product,1,,,u_6b74b88b5691724f,,,,0,,,Canceled,2026-08-21T16:08:27.000Z,2026-08-21T16:09:13.000Z,2026-08-21T16:09:13.000Z,,26.94,2026-08-21T16:09:13.000Z,cancel,Valid Cancel,monthly,2026-09-20T21:53:32.000Z,2026-09-20T21:53:32.000Z,16.65,16.65,16.65,Brightback,,,,,,,Azz0WHVSsOcOC3A0C,2026-08-20T21:53:30.000Z,,2026-08-20T21:53:32.000Z,,h_7b693231bf4fe36d,,1,2026-08-20T21:53:32.000Z,USD,u_6b74b88b5691724f,ACTIVE,h_e1458dd1d010c205,[name],,,,2026-08-20T21:53:32.000Z,parent_of_student,,1,monthly_plus,2026-08-20T21:53:32.000Z,_UNKNOWN,1665,MONTH,,,High School,[name],2026-09-20T21:53:32.000Z,,1665,,2026-09-20T21:53:32.000Z,2026-08-20T21:53:32.000Z,1665,,,,,,Parent Experience [July 2025] [25% one-time / No Entry Modal],,08-20-2026,,08-21-2026,08-20-2026,08-20-2026,08-20-2026,,08-20-2026,09-20-2026
Wg8LEFc_b12b6220a06df1e5,Azqdc5VSwGrwn1Vsr,,fallback,,,[name],[name],,SuperSummary wasn’t helpful enough,global_economic_reasons_897286504,Reliability or performance issues,reliability,,Product (SaaS),product,1,,,u_7425cf00b93b5bfb,,,,0,,,Canceled,2026-08-21T14:15:40.000Z,2026-08-21T14:16:00.000Z,2026-08-21T14:16:00.000Z,,27.02,2026-08-21T14:16:00.000Z,cancel,Valid Cancel,monthly,2026-09-21T13:47:50.000Z,2026-09-21T13:47:50.000Z,12.49,12.49,16.65,Brightback,,,,,,,Azqdc5VSwGrwn1Vsr,2026-08-21T13:47:49.000Z,,2026-08-21T13:47:50.000Z,,h_c427b18cb611c872,,1,2026-08-21T13:47:50.000Z,USD,u_7425cf00b93b5bfb,ACTIVE,h_9fa0c2fafb46fe07,[name],,,,2026-08-21T13:47:50.000Z,other,,1,monthly_plus,2026-08-21T13:47:50.000Z,_UNKNOWN,1665,MONTH,,nmTKUhkQCvq,,[name],2026-09-21T13:47:50.000Z,,1249,,2026-09-21T13:47:50.000Z,2026-08-21T13:47:50.000Z,1665,,,,,,Default/Fallback [July 2025] [25% one time / No entry modal],,08-21-2026,,08-21-2026,08-21-2026,08-21-2026,08-21-2026,,08-21-2026,09-21-2026
Wg8LDdQ_ab2fc0d4932d6c18,169yArVSwBpNf1SsF,,fallback,,,[name],[name],,SuperSummary wasn’t helpful enough,global_economic_reasons_897286504,Reliability or performance issues,reliability,,Product (SaaS),product,1,Bad,,u_0dfbba06197816d6,Bad,,,1,,,Canceled,2026-08-21T13:39:28.000Z,2026-08-21T13:40:08.000Z,2026-08-21T13:40:08.000Z,,27.04,2026-08-21T13:40:08.000Z,cancel,Valid Cancel,annual,2026-08-21T13:49:35.000Z,2026-08-21T13:49:35.000Z,5.0,5.0,60.0,Brightback,,,,,,,169yArVSwBpNf1SsF,2026-08-21T13:27:47.000Z,,2026-08-21T13:27:49.000Z,,h_b909ff202d3bf8d0,,1,2026-08-21T13:27:49.000Z,USD,u_0dfbba06197816d6,ACTIVE,h_cccb1c4c07cbf262,[name],,,,2026-08-21T13:27:49.000Z,other,,1,annual_plus,2026-08-21T13:27:49.000Z,_UNKNOWN,6000,YEAR,,,,[name],2027-08-21T13:27:49.000Z,,500,,2027-08-21T13:27:49.000Z,2026-08-21T13:27:49.000Z,6000,,,,,,Default/Fallback [July 2025] [25% one time / No entry modal],,08-21-2026,,08-21-2026,08-21-2026,08-21-2026,08-21-2026,,08-21-2026,08-21-2027
Wg8LATd_90eb57adc648ba0d,1705459,,Students; fallback,,,[name],[name],[name],SuperSummary wasn’t helpful enough,global_economic_reasons_897286504,Reliability or performance issues,reliability,,Product (SaaS),product,1,,,u_ed5324938ca7b3bc,PUT MORE BOOKS,,,1,36.0,,Canceled,2026-08-21T10:29:59.000Z,2026-08-21T10:31:17.000Z,2026-08-21T10:31:17.000Z,,27.17,2026-08-21T10:31:17.000Z,cancel,Valid Cancel,annual,2027-07-24T10:12:42.000Z,2027-07-24T10:12:42.000Z,3.0,3.0,36.0,Brightback,,,,,,,1705459,2026-07-24T10:12:40.000Z,,2026-07-24T10:12:42.000Z,,h_43195ec91d85010e,,1,2026-07-24T10:12:42.000Z,USD,u_ed5324938ca7b3bc,ACTIVE,h_d87ef7a7a4e577c7,[name],36.0,annual_essentials,,2026-07-24T10:12:42.000Z,student,,1,annual_essentials,2026-07-24T10:12:42.000Z,_UNKNOWN,3600,YEAR,annual_essentials,,Postgrad Program,[name],2027-07-24T10:12:42.000Z,,300,,2027-07-24T10:12:42.000Z,2026-07-24T10:12:42.000Z,3600,[name],,https://www.supersummary.com/subscription,https://www.supersummary.com/subscription/confirming/cancel,,Student Experience [July 2025] [25% one-time / No Entry Modal],,07-24-2026,,08-21-2026,07-24-2026,07-24-2026,07-24-2026,,07-24-2026,07-24-2027
Wg8L7IM_96548e653100fa32,1525654,,Students; fallback,,,[name],[name],[name],SuperSummary wasn’t helpful enough,global_economic_reasons_897286504,Reliability or performance issues,reliability,,Product (SaaS),product,2,iuiu,,u_d6d1b7d708cc4249,iuuoi,,,1,9.95,,Canceled,2026-08-21T07:18:23.000Z,2026-08-21T07:18:39.000Z,2026-08-21T07:18:40.000Z,,27.31,2026-08-21T07:18:56.000Z,cancel,Valid Cancel,monthly,2026-09-20T23:06:45.000Z,2026-09-20T23:06:45.000Z,9.95,9.95,9.95,Brightback,,,,,,,1525654,2026-02-20T23:06:39.000Z,,2026-02-20T23:06:45.000Z,,h_51239b0d38f6f094,,1,2026-02-20T23:06:45.000Z,USD,u_d6d1b7d708cc4249,ACTIVE,h_3634ec25c0b7b2ee,[name],9.95,monthly_essentials,,2026-08-20T23:06:45.000Z,student,,1,monthly_essentials,2026-02-20T23:06:45.000Z,_UNKNOWN,995,MONTH,monthly_essentials,,High School,[name],2026-09-20T23:06:45.000Z,,995,,2026-09-20T23:06:45.000Z,2026-02-20T23:06:45.000Z,995,[name],,https://www.supersummary.com/subscription,https://www.supersummary.com/subscription/confirming/cancel,,Student Experience [July 2025] [25% one-time / No Entry Modal],,02-20-2026,,08-21-2026,02-20-2026,02-20-2026,02-20-2026,,02-20-2026,09-20-2026
Wg8L3cF_a5995d183d29d5a6,AzZb59VShBt5l3ciN,,Book Club Members; fallback,,,[name],[name],,SuperSummary wasn’t helpful enough,global_economic_reasons_897286504,Reliability or performance issues,reliability,,Product (SaaS),product,5,,,u_f937b13d880398ba,,,,0,,,Canceled,2026-08-21T03:38:19.000Z,2026-08-21T03:39:04.000Z,2026-08-21T03:39:05.000Z,,27.46,2026-08-21T03:39:05.000Z,cancel,Valid Cancel,monthly,2026-09-18T23:53:58.000Z,2026-09-18T23:53:58.000Z,16.65,16.65,16.65,Brightback,,,,,,,AzZb59VShBt5l3ciN,2026-08-18T23:53:56.000Z,,2026-08-18T23:53:58.000Z,,h_35e6dbdc8f316df5,,1,2026-08-18T23:53:58.000Z,USD,u_f937b13d880398ba,ACTIVE,h_8e4f81968ccc0b93,[name],,,,2026-08-18T23:53:58.000Z,book_club_member,,1,monthly_plus,2026-08-18T23:53:58.000Z,_UNKNOWN,1665,MONTH,,,,[name],2026-09-18T23:53:58.000Z,,1665,,2026-09-18T23:53:58.000Z,2026-08-18T23:53:58.000Z,1665,,,,,,BCM Experience [July 2025] [25% one-time / No Entry Modal],,08-18-2026,,08-21-2026,08-18-2026,08-18-2026,08-18-2026,,08-18-2026,09-18-2026
Wg8L2Zj_b71038c88f0f9a07,16BQpZUhK8YIwBsij,,Book Club Members; Annual,,,[name],[name],,SuperSummary wasn’t helpful enough,global_economic_reasons_897286504,Reliability or performance issues,reliability,,Product (SaaS),product,5,,,u_95de56a78ec741c6,,,,0,,,Canceled,2026-08-21T02:35:47.000Z,2026-08-21T02:36:17.000Z,2026-08-21T02:36:35.000Z,,27.5,2026-08-21T02:36:35.000Z,cancel,Valid Cancel,annual,2027-04-03T16:39:04.000Z,2027-04-03T16:39:04.000Z,3.0,3.0,36.0,Brightback,,,,,,,16BQpZUhK8YIwBsij,2025-04-03T16:39:02.000Z,,2025-04-03T16:39:04.000Z,,h_81579c40ea97a9d8,,1,2025-04-03T16:39:04.000Z,USD,u_95de56a78ec741c6,ACTIVE,h_7ce0e769d6451ded,[name],,,,2026-04-03T16:39:04.000Z,book_club_member,,1,annual,2025-04-03T16:39:04.000Z,_UNKNOWN,3600,YEAR,,,,[name],2027-04-03T16:39:04.000Z,,300,,2027-04-03T16:39:04.000Z,2025-04-03T16:39:04.000Z,3600,,,,,,BCM Experience [July 2025] [25% one-time / No Entry Modal],,04-03-2025,,08-21-2026,04-03-2025,04-03-2025,04-03-2025,,04-03-2025,04-03-2027
Wg8L288_b133dfe0700b2e1c,1735095,,fallback,,,[name],[name],[name],SuperSummary wasn’t helpful enough,global_economic_reasons_897286504,Reliability or performance issues,reliability,,Product (SaaS),product,1,,,u_f4b6cdfed800941f,,,,0,36.0,,Canceled,2026-08-21T02:08:20.000Z,2026-08-21T02:09:21.000Z,2026-08-21T02:09:21.000Z,,27.52,2026-08-21T02:09:21.000Z,cancel,Valid Cancel,annual,2027-08-21T02:03:32.000Z,2027-08-21T02:03:32.000Z,3.0,3.0,36.0,Brightback,,,,,,,1735095,2026-08-21T02:03:30.000Z,,2026-08-21T02:03:32.000Z,,h_da8f7e9dc4bb6e02,,1,2026-08-21T02:03:32.000Z,USD,u_f4b6cdfed800941f,ACTIVE,h_1079b982c8b64cd3,[name],36.0,annual_essentials,,2026-08-21T02:03:32.000Z,other,,1,annual_essentials,2026-08-21T02:03:32.000Z,_UNKNOWN,3600,YEAR,annual_essentials,,,[name],2027-08-21T02:03:32.000Z,,300,,2027-08-21T02:03:32.000Z,2026-08-21T02:03:32.000Z,3600,[name],,https://www.supersummary.com/subscription,https://www.supersummary.com/subscription/confirming/cancel,,Default/Fallback [July 2025] [25% one time / No entry modal],,08-21-2026,,08-21-2026,08-21-2026,08-21-2026,08-21-2026,,08-21-2026,08-21-2027
Wg8KII2_bf38039d955ae9be,AzysbPUwzhu6j3PbY,,fallback,,,[name],[name],,SuperSummary wasn’t helpful enough,global_economic_reasons_897286504,Reliability or performance issues,reliability,,Product (SaaS),product,3,nothing,,u_3464dee2fd918212,,,,0,,,Canceled,2026-08-20T18:18:19.000Z,2026-08-20T18:19:33.000Z,2026-08-20T18:19:33.000Z,,27.85,2026-08-20T18:19:33.000Z,cancel,Valid Cancel,annual,2026-09-16T20:29:52.000Z,2026-09-16T20:29:52.000Z,3.0,3.0,36.0,Brightback,,,,,,,AzysbPUwzhu6j3PbY,2025-09-16T20:29:49.000Z,,2025-09-16T20:29:52.000Z,,h_29933e28314b975b,,1,2025-09-16T20:29:52.000Z,USD,u_3464dee2fd918212,ACTIVE,h_f621d4e8626562ff,[name],,,,2025-09-16T20:29:52.000Z,other,,1,annual,2025-09-16T20:29:52.000Z,_UNKNOWN,3600,YEAR,,,,[name],2026-09-16T20:29:52.000Z,,300,,2026-09-16T20:29:52.000Z,2025-09-16T20:29:52.000Z,3600,,,,,,Default/Fallback [July 2025] [25% one time / No entry modal],,09-16-2025,,08-20-2026,09-16-2025,09-16-2025,09-16-2025,,09-16-2025,09-16-2026
Wg8KEwE_a2a2bab01ac43ea3,169r6wUuMp9sg1yzq,,Parents; Annual,,,[name],[name],,SuperSummary wasn’t helpful enough,global_economic_reasons_897286504,Reliability or performance issues,reliability,,Product (SaaS),product,6,Nothing,,u_8ba5538979bf755e,,,,0,,,Canceled,2026-08-20T14:58:18.000Z,2026-08-20T14:58:51.000Z,2026-08-20T14:58:51.000Z,,27.99,2026-08-20T14:58:51.000Z,cancel,Valid Cancel,annual,2027-08-19T23:56:18.000Z,2027-08-19T23:56:18.000Z,3.0,3.0,36.0,Brightback,,,,,,,169r6wUuMp9sg1yzq,2025-08-19T23:56:15.000Z,,2025-08-19T23:56:18.000Z,,h_b22ea8445ad54898,,1,2025-08-19T23:56:18.000Z,USD,u_8ba5538979bf755e,ACTIVE,h_69bc91791aada571,[name],,,,2026-08-19T23:56:18.000Z,parent_of_student,,1,annual,2025-08-19T23:56:18.000Z,_UNKNOWN,3600,YEAR,,,High School,[name],2027-08-19T23:56:18.000Z,,300,,2027-08-19T23:56:18.000Z,2025-08-19T23:56:18.000Z,3600,,,,,,Parent Experience [July 2025] [25% one-time / Modal],,08-19-2025,,08-20-2026,08-19-2025,08-19-2025,08-19-2025,,08-19-2025,08-19-2027
Wg8JMSW_a86cfcc32b798838,Azz3fQVSmcYBn3GbT,,Students; fallback,,,[name],[name],,SuperSummary wasn’t helpful enough,global_economic_reasons_897286504,Reliability or performance issues,reliability,,Product (SaaS),product,1,,,u_cb7ac2dfa5b51d4a,,,,0,,,Canceled,2026-08-19T22:28:36.000Z,2026-08-19T22:29:20.000Z,2026-08-19T22:29:21.000Z,,28.67,2026-08-19T22:29:21.000Z,cancel,Valid Cancel,annual,2027-08-19T22:11:14.000Z,2027-08-19T22:11:14.000Z,5.0,5.0,60.0,Brightback,,,,,,,Azz3fQVSmcYBn3GbT,2026-08-19T22:08:34.000Z,,2026-08-19T22:11:14.000Z,,h_b7b61fb3880ff6c2,,1,2026-08-19T22:11:14.000Z,USD,u_cb7ac2dfa5b51d4a,ACTIVE,h_40b61461e9bcd1d2,[name],,,,2026-08-19T22:11:14.000Z,student,,1,annual_plus,2026-08-19T22:11:14.000Z,_UNKNOWN,6000,YEAR,,,High School,[name],2027-08-19T22:11:14.000Z,,500,,2027-08-19T22:11:14.000Z,2026-08-19T22:11:14.000Z,6000,,,,,,Student Experience [July 2025] [25% one-time / No Entry Modal],,08-19-2026,,08-19-2026,08-19-2026,08-19-2026,08-19-2026,,08-19-2026,08-19-2027
Wg8JMSu_bfee2b95f3be01c8,1733652,,Students; fallback,,,[name],[name],[name],SuperSummary wasn’t helpful enough,global_economic_reasons_897286504,Reliability or performance issues,reliability,,Product (SaaS),product,1,nothing,,u_aa20a5d35439ed80,,,,0,60.0,,Canceled,2026-08-19T22:29:42.000Z,2026-08-19T22:30:34.000Z,2026-08-19T22:30:35.000Z,,28.67,2026-08-19T22:30:35.000Z,cancel,Valid Cancel,annual,2027-08-19T22:08:25.000Z,2027-08-19T22:08:25.000Z,5.0,5.0,60.0,Brightback,,,,,,,1733652,2026-08-19T22:08:22.000Z,,2026-08-19T22:08:25.000Z,,h_3241703d1d264132,,1,2026-08-19T22:08:25.000Z,USD,u_aa20a5d35439ed80,ACTIVE,h_29c60450a586c126,[name],60.0,annual_plus,,2026-08-19T22:08:25.000Z,student,,1,annual_plus,2026-08-19T22:08:25.000Z,_UNKNOWN,6000,YEAR,annual_plus,,College,[name],2027-08-19T22:08:25.000Z,,500,,2027-08-19T22:08:25.000Z,2026-08-19T22:08:25.000Z,6000,[name],,https://www.supersummary.com/subscription,https://www.supersummary.com/subscription/confirming/cancel,,Student Experience [July 2025] [25% one-time / No Entry Modal],,08-19-2026,,08-19-2026,08-19-2026,08-19-2026,08-19-2026,,08-19-2026,08-19-2027
Wg8JJXU_ae2760ae6bec16b1,AzytjOVSUVHXu9Pnr,,Teachers; fallback,,,[name],[name],,SuperSummary wasn’t helpful enough,global_economic_reasons_897286504,Reliability or performance issues,reliability,,Product (SaaS),product,5,,,u_8c71b8ccdb25910c,,,,0,,,Canceled,2026-08-19T19:33:31.000Z,2026-08-19T19:33:51.000Z,2026-08-19T19:33:51.000Z,,28.8,2026-08-19T19:34:47.000Z,cancel,Valid Cancel,annual,2027-08-16T19:49:28.000Z,2027-08-16T19:49:28.000Z,3.0,3.0,36.0,Brightback,,,,,,,AzytjOVSUVHXu9Pnr,2026-08-16T19:47:51.000Z,,2026-08-16T19:49:28.000Z,,h_50eeef2c32540872,,1,2026-08-16T19:49:28.000Z,USD,u_8c71b8ccdb25910c,ACTIVE,h_b7171e6c2a9c74fb,[name],,,,2026-08-16T19:49:28.000Z,teacher,,1,annual_essentials,2026-08-16T19:49:28.000Z,_UNKNOWN,3600,YEAR,,,College,[name],2027-08-16T19:49:28.000Z,,300,,2027-08-16T19:49:28.000Z,2026-08-16T19:49:28.000Z,3600,,,,,,Teacher Experience [July 2025] [40% one-time / Modal],,08-16-2026,,08-19-2026,08-16-2026,08-16-2026,08-16-2026,,08-16-2026,08-16-2027
Wg8JF2t_88683107ee33021b,1733005,,Teachers; fallback,,,[name],[name],[name],SuperSummary wasn’t helpful enough,global_economic_reasons_897286504,Reliability or performance issues,reliability,,Product (SaaS),product,4,na,,u_585de1614e7538e3,,,,0,60.0,,Canceled,2026-08-19T15:03:03.000Z,2026-08-19T15:03:58.000Z,2026-08-19T15:03:58.000Z,,28.98,2026-08-19T15:03:58.000Z,cancel,Valid Cancel,annual,2027-08-19T13:21:00.000Z,2027-08-19T13:21:00.000Z,5.0,5.0,60.0,Brightback,,,,,,,1733005,2026-08-19T13:20:59.000Z,,2026-08-19T13:21:00.000Z,,h_e0b5458dab331b54,,1,2026-08-19T13:21:00.000Z,USD,u_585de1614e7538e3,ACTIVE,h_9795dc1b7f52b23c,[name],60.0,annual_plus,,2026-08-19T13:21:00.000Z,teacher,,1,annual_plus,2026-08-19T13:21:00.000Z,_UNKNOWN,6000,YEAR,annual_plus,,High School,[name],2027-08-19T13:21:00.000Z,,500,,2027-08-19T13:21:00.000Z,2026-08-19T13:21:00.000Z,6000,[name],,https://www.supersummary.com/subscription,https://www.supersummary.com/subscription/confirming/cancel,,Teacher Experience [July 2025] [40% one-time / Modal],,08-19-2026,,08-19-2026,08-19-2026,08-19-2026,08-19-2026,,08-19-2026,08-19-2027
Wg8JEfs_bbeea0eabf73ed86,16BYMNVSZeAsO230l,,fallback,,,[name],[name],,SuperSummary wasn’t helpful enough,global_economic_reasons_897286504,Reliability or performance issues,reliability,,Product (SaaS),product,3,probably none,,u_a6ae1f0fae1b064f,,,,0,,,Canceled,2026-08-19T14:41:56.000Z,2026-08-19T14:42:34.000Z,2026-08-19T14:42:34.000Z,,29.0,2026-08-19T14:42:34.000Z,cancel,Valid Cancel,annual,2027-08-17T16:56:09.000Z,2027-08-17T16:56:09.000Z,5.0,5.0,60.0,Brightback,,,,,,,16BYMNVSZeAsO230l,2026-08-17T16:56:07.000Z,,2026-08-17T16:56:09.000Z,,h_abdf21cbe6321cf2,,1,2026-08-17T16:56:09.000Z,USD,u_a6ae1f0fae1b064f,ACTIVE,h_07cff94094d58c98,[name],,,,2026-08-17T16:56:09.000Z,avid_reader,,1,annual_plus,2026-08-17T16:56:09.000Z,_UNKNOWN,6000,YEAR,,,,[name],2027-08-17T16:56:09.000Z,,500,,2027-08-17T16:56:09.000Z,2026-08-17T16:56:09.000Z,6000,,,,,,Default/Fallback [July 2025] [25% one time / No entry modal],,08-17-2026,,08-19-2026,08-17-2026,08-17-2026,08-17-2026,,08-17-2026,08-17-2027
Wg8JDrj_b8b7fc66683c1c00,1727447,,Students; fallback,,,[name],[name],[name],SuperSummary wasn’t helpful enough,global_economic_reasons_897286504,Reliability or performance issues,reliability,,Product (SaaS),product,3,,,u_9c0a6040a4542a37,,,,0,9.95,,Canceled,2026-08-19T13:53:50.000Z,2026-08-19T13:54:08.000Z,2026-08-19T13:54:09.000Z,,29.03,2026-08-19T13:54:31.000Z,cancel,Valid Cancel,monthly,2026-09-13T23:00:13.000Z,2026-09-13T23:00:13.000Z,9.95,9.95,9.95,Brightback,,,,,,,1727447,2026-08-13T23:00:10.000Z,,2026-08-13T23:00:13.000Z,,h_0f0687d5413368bb,,1,2026-08-13T23:00:13.000Z,USD,u_9c0a6040a4542a37,ACTIVE,h_43943e5e040ab153,[name],9.95,monthly_essentials,,2026-08-13T23:00:13.000Z,student,,1,monthly_essentials,2026-08-13T23:00:13.000Z,_UNKNOWN,995,MONTH,monthly_essentials,,College,[name],2026-09-13T23:00:13.000Z,,995,,2026-09-13T23:00:13.000Z,2026-08-13T23:00:13.000Z,995,[name],,https://www.supersummary.com/subscription,https://www.supersummary.com/subscription/confirming/cancel,,Student Experience [July 2025] [25% one-time / No Entry Modal],,08-13-2026,,08-19-2026,08-13-2026,08-13-2026,08-13-2026,,08-13-2026,09-13-2026
Wg8J6x5_a15f5d32e2f4605d,1286814,,Students; Annual,,,[name],[name],[name],SuperSummary wasn’t helpful enough,global_economic_reasons_897286504,Reliability or performance issues,reliability,,Product (SaaS),product,1,,,u_1d2ed53b3564331b,,,,0,36.0,,Canceled,2026-08-19T06:59:20.000Z,2026-08-19T07:00:06.000Z,2026-08-19T07:00:06.000Z,,29.32,2026-08-19T07:00:06.000Z,cancel,Valid Cancel,annual,2027-08-15T10:08:49.000Z,,3.0,3.0,36.0,Brightback,,,,,,,1286814,2025-08-15T10:08:47.000Z,,2025-08-15T10:08:49.000Z,,h_8f2a03b8c56053a1,,1,2025-08-15T10:08:49.000Z,USD,u_1d2ed53b3564331b,ACTIVE,h_b3374ecc8498b9b5,[name],36.0,annual,,2026-08-15T10:08:49.000Z,student,,1,annual,2025-08-15T10:08:49.000Z,_UNKNOWN,3600,YEAR,annual,,Postgrad Program,[name],2027-08-15T10:08:49.000Z,,300,,2027-08-15T10:08:49.000Z,2025-08-15T10:08:49.000Z,3600,[name],,https://www.supersummary.com/subscription,https://www.supersummary.com/subscription/confirming/cancel,,Student Experience [July 2025] [25% one-time / No Entry Modal],,08-15-2025,,08-19-2026,08-15-2025,08-15-2025,08-15-2025,,08-15-2025,08-15-2027
Wg8J6fd_a2a8471f6a251b62,357513,,Teachers; Annual,,,[name],[name],[name],SuperSummary wasn’t helpful enough,global_economic_reasons_897286504,Reliability or performance issues,reliability,,Product (SaaS),product,3,,,u_e15905bc1112fb10,,,,0,36.0,,Canceled,2026-08-19T06:41:57.000Z,2026-08-19T06:42:21.000Z,2026-08-19T06:42:22.000Z,,29.33,2026-08-19T06:42:22.000Z,cancel,Valid Cancel,annual,2027-04-27T02:15:22.000Z,2027-04-27T02:15:22.000Z,3.0,3.0,36.0,Brightback,,,,,,,357513,2023-04-27T02:15:20.000Z,,2023-04-27T02:15:22.000Z,,h_4b69168d5c8a0eb0,,1,2023-04-27T02:15:22.000Z,USD,u_e15905bc1112fb10,ACTIVE,h_7d45aa21b078e1a0,[name],36.0,annual,,2026-04-27T02:15:22.000Z,teacher,,1,annual,2023-04-27T02:15:22.000Z,_UNKNOWN,3600,YEAR,annual,,High School,[name],2027-04-27T02:15:22.000Z,,300,,2027-04-27T02:15:22.000Z,2023-04-27T02:15:22.000Z,3600,[name],,https://www.supersummary.com/subscription,https://www.supersummary.com/subscription/confirming/cancel,,Teacher Experience [July 2025] [40% one-time / Modal],,04-27-2023,,08-19-2026,04-27-2023,04-27-2023,04-27-2023,,04-27-2023,04-27-2027
Wg8INgD_aa416b594e75537d,16CLFhVSh7TFE3KZc,,Teachers; fallback,,,[name],[name],,SuperSummary wasn’t helpful enough,global_economic_reasons_897286504,Reliability or performance issues,reliability,,Product (SaaS),product,3,I'm looking for something that has quizzes and worksheets per chapter,,u_7b015f3e24c4755d,,,,0,,,Canceled,2026-08-18T23:42:19.000Z,2026-08-18T23:43:04.000Z,2026-08-18T23:43:05.000Z,,29.62,2026-08-18T23:43:05.000Z,cancel,Valid Cancel,annual,2027-08-18T23:36:25.000Z,2027-08-18T23:36:25.000Z,5.0,5.0,60.0,Brightback,,,,,,,16CLFhVSh7TFE3KZc,2026-08-18T23:36:22.000Z,,2026-08-18T23:36:25.000Z,,h_27f8c52281f03056,,1,2026-08-18T23:36:25.000Z,USD,u_7b015f3e24c4755d,ACTIVE,h_b167d4dc3a44c783,[name],,,,2026-08-18T23:36:25.000Z,teacher,,1,annual_plus,2026-08-18T23:36:25.000Z,_UNKNOWN,6000,YEAR,,,Middle School,[name],2027-08-18T23:36:25.000Z,,500,,2027-08-18T23:36:25.000Z,2026-08-18T23:36:25.000Z,6000,,,,,,Teacher Experience [July 2025] [40% one-time / Modal],,08-18-2026,,08-18-2026,08-18-2026,08-18-2026,08-18-2026,,08-18-2026,08-18-2027
Wg8IMm8_ab4a86e4df4eca5d,1290364,,Students; Annual,,,[name],[name],[name],SuperSummary wasn’t helpful enough,global_economic_reasons_897286504,Reliability or performance issues,reliability,,Product (SaaS),product,1,,,u_c11d664c0aeedca0,,,,0,36.0,,Canceled,2026-08-18T22:48:19.000Z,2026-08-18T22:48:51.000Z,2026-08-18T22:48:51.000Z,,29.66,2026-08-18T22:48:51.000Z,cancel,Valid Cancel,annual,2027-08-18T22:45:57.000Z,2027-08-18T22:45:57.000Z,3.0,3.0,36.0,Brightback,,,,,,,1290364,2025-08-18T22:45:54.000Z,,2025-08-18T22:45:57.000Z,,h_2c8a705ef7fb229a,,1,2025-08-18T22:45:57.000Z,USD,u_c11d664c0aeedca0,ACTIVE,h_070ec07a3646ca6a,[name],36.0,annual,,2026-08-18T22:45:57.000Z,student,,1,annual,2025-08-18T22:45:57.000Z,_UNKNOWN,3600,YEAR,annual,,College,[name],2027-08-18T22:45:57.000Z,,300,,2027-08-18T22:45:57.000Z,2025-08-18T22:45:57.000Z,3600,[name],,https://www.supersummary.com/subscription,https://www.supersummary.com/subscription/confirming/cancel,,Student Experience [July 2025] [25% one-time / No Entry Modal],,08-18-2025,,08-18-2026,08-18-2025,08-18-2025,08-18-2025,,08-18-2025,08-18-2027
Wg8ILWv_bd30217ac893b485,Azq8iBV4GqAtN4kgZ,,Students; Monthly,,,[name],[name],,SuperSummary wasn’t helpful enough,global_economic_reasons_897286504,Reliability or performance issues,reliability,,Product (SaaS),product,6,,,u_9d403691162c867f,,,,0,,,Canceled,2026-08-18T21:33:00.000Z,2026-08-18T21:33:22.000Z,2026-08-18T21:33:22.000Z,,29.71,2026-08-18T21:33:22.000Z,cancel,Valid Cancel,monthly,2026-09-03T00:11:30.000Z,2026-09-03T00:11:30.000Z,9.95,9.95,9.95,Brightback,,,,,,,Azq8iBV4GqAtN4kgZ,2025-12-03T00:11:29.000Z,,2025-12-03T00:11:30.000Z,,h_a314ffffc43542d2,,1,2025-12-03T00:11:30.000Z,USD,u_9d403691162c867f,ACTIVE,h_562e184788696358,[name],,,,2026-08-03T00:11:30.000Z,student,,1,monthly,2025-12-03T00:11:30.000Z,_UNKNOWN,995,MONTH,,,College,[name],2026-09-03T00:11:30.000Z,,995,,2026-09-03T00:11:30.000Z,2025-12-03T00:11:30.000Z,995,,,,,,Student Experience [July 2025] [40% forever / Modal],,12-03-2025,,08-18-2026,12-03-2025,12-03-2025,12-03-2025,,12-03-2025,09-03-2026
Wg8IKt9_86a4d3b35cb27934,1731780,,Students; fallback,,,[name],[name],[name],SuperSummary wasn’t helpful enough,global_economic_reasons_897286504,Reliability or performance issues,reliability,,Product (SaaS),product,4,,,u_3102d430fef9f5f3,,,,0,9.95,,Canceled,2026-08-18T20:55:19.000Z,2026-08-18T20:55:59.000Z,2026-08-18T20:56:00.000Z,,29.74,2026-08-18T20:56:00.000Z,cancel,Valid Cancel,monthly,2026-09-18T16:15:35.000Z,2026-09-18T16:15:35.000Z,9.95,9.95,9.95,Brightback,,,,,,,1731780,2026-08-18T16:15:32.000Z,,2026-08-18T16:15:35.000Z,,h_e452e98db7d6fbdd,,1,2026-08-18T16:15:35.000Z,USD,u_3102d430fef9f5f3,ACTIVE,h_f7d34753898c5ce6,[name],9.95,monthly_essentials,,2026-08-18T16:15:35.000Z,student,,1,monthly_essentials,2026-08-18T16:15:35.000Z,_UNKNOWN,995,MONTH,monthly_essentials,,College,[name],2026-09-18T16:15:35.000Z,,995,,2026-09-18T16:15:35.000Z,2026-08-18T16:15:35.000Z,995,[name],,https://www.supersummary.com/subscription,https://www.supersummary.com/subscription/confirming/cancel,,Student Experience [July 2025] [25% one-time / No Entry Modal],,08-18-2026,,08-18-2026,08-18-2026,08-18-2026,08-18-2026,,08-18-2026,09-18-2026
Wg8IHCB_87c5d3e28292443b,AzydcEVSCfBxs2a8n,,Students; fallback,,,[name],[name],,SuperSummary wasn’t helpful enough,global_economic_reasons_897286504,Reliability or performance issues,reliability,,Product (SaaS),product,5,,,u_897a5e35c13ae3e9,,,,0,,,Canceled,2026-08-18T17:12:25.000Z,2026-08-18T17:12:54.000Z,2026-08-18T17:12:54.000Z,,29.89,2026-08-18T17:12:54.000Z,cancel,Valid Cancel,annual,2027-08-13T18:35:55.000Z,2027-08-13T18:35:55.000Z,3.0,3.0,36.0,Brightback,,,,,,,AzydcEVSCfBxs2a8n,2026-08-13T18:35:54.000Z,,2026-08-13T18:35:55.000Z,,h_cd55418d37028276,,1,2026-08-13T18:35:55.000Z,USD,u_897a5e35c13ae3e9,ACTIVE,h_3a1cffc48c78db8d,[name],,,,2026-08-13T18:35:55.000Z,student,,1,annual_essentials,2026-08-13T18:35:55.000Z,_UNKNOWN,3600,YEAR,,,High School,[name],2027-08-13T18:35:55.000Z,,300,,2027-08-13T18:35:55.000Z,2026-08-13T18:35:55.000Z,3600,,,,,,Student Experience [July 2025] [25% one-time / No Entry Modal],,08-13-2026,,08-18-2026,08-13-2026,08-13-2026,08-13-2026,,08-13-2026,08-13-2027
Wg8I2wY_95faae521084dfc4,6oqMwULkxYddCNcO,,Students; Annual,,,[name],[name],,SuperSummary wasn’t helpful enough,global_economic_reasons_897286504,Reliability or performance issues,reliability,,Product (SaaS),product,1,Nothing,,u_992e2d65ddff749b,Just didn’t use it ,,,1,,,Canceled,2026-08-18T02:58:37.000Z,2026-08-18T02:59:38.000Z,2026-08-18T02:59:38.000Z,,30.49,2026-08-18T02:59:38.000Z,cancel,Valid Cancel,annual,2027-08-18T00:09:22.000Z,2027-08-18T00:09:22.000Z,3.0,3.0,36.0,Brightback,,,,,,,6oqMwULkxYddCNcO,2024-08-18T00:09:19.000Z,,2024-08-18T00:09:22.000Z,,h_298c30417cfe6415,,1,2024-08-18T00:09:22.000Z,USD,u_992e2d65ddff749b,ACTIVE,h_e93ed05b7c9384e0,[name],,,,2026-08-18T00:09:22.000Z,student,,1,annual,2024-08-18T00:09:22.000Z,_UNKNOWN,3600,YEAR,,,Middle School,[name],2027-08-18T00:09:22.000Z,,300,,2027-08-18T00:09:22.000Z,2024-08-18T00:09:22.000Z,3600,,,,,,Student Experience [July 2025] [25% one-time / No Entry Modal],,08-18-2024,,08-18-2026,08-18-2024,08-18-2024,08-18-2024,,08-18-2024,08-18-2027
Wg8I09q_910b7b7246c2a206,1731324,,Students; fallback,,,[name],[name],[name],SuperSummary wasn’t helpful enough,global_economic_reasons_897286504,Reliability or performance issues,reliability,,Product (SaaS),product,3,Youtube,,u_1a20b54ba9f23a64,,,,0,60.0,,Canceled,2026-08-18T00:10:15.000Z,2026-08-18T00:11:00.000Z,2026-08-18T00:11:00.000Z,,30.6,2026-08-18T00:11:00.000Z,cancel,Valid Cancel,annual,2027-08-18T00:06:03.000Z,2027-08-18T00:06:03.000Z,5.0,5.0,60.0,Brightback,,,,,,,1731324,2026-08-18T00:06:00.000Z,,2026-08-18T00:06:03.000Z,,h_c3515d1e3d55e10c,,1,2026-08-18T00:06:03.000Z,USD,u_1a20b54ba9f23a64,ACTIVE,h_507e8587321869aa,[name],60.0,annual_plus,,2026-08-18T00:06:03.000Z,student,,1,annual_plus,2026-08-18T00:06:03.000Z,_UNKNOWN,6000,YEAR,annual_plus,,High School,[name],2027-08-18T00:06:03.000Z,,500,,2027-08-18T00:06:03.000Z,2026-08-18T00:06:03.000Z,6000,[name],,https://www.supersummary.com/subscription,https://www.supersummary.com/subscription/confirming/cancel,,Student Experience [July 2025] [25% one-time / No Entry Modal],,08-18-2026,,08-18-2026,08-18-2026,08-18-2026,08-18-2026,,08-18-2026,08-18-2027
Wg8HLif_84002a4c166e7b6b,1731167,,Students; fallback,,,[name],[name],[name],SuperSummary wasn’t helpful enough,global_economic_reasons_897286504,Reliability or performance issues,reliability,,Product (SaaS),product,5,,,u_b0728f1402c4de4d,,,,0,16.65,,Canceled,2026-08-17T21:44:44.000Z,2026-08-17T21:45:19.000Z,2026-08-17T21:45:20.000Z,,30.7,2026-08-17T21:45:20.000Z,cancel,Valid Cancel,monthly,2026-09-17T21:24:46.000Z,2026-09-17T21:24:46.000Z,16.65,16.65,16.65,Brightback,,,,,,,1731167,2026-08-17T21:24:44.000Z,,2026-08-17T21:24:46.000Z,,h_07b39add83d77fbb,,1,2026-08-17T21:24:46.000Z,USD,u_b0728f1402c4de4d,ACTIVE,h_379cf71597812dd6,[name],16.65,monthly_plus,,2026-08-17T21:24:46.000Z,student,,1,monthly_plus,2026-08-17T21:24:46.000Z,_UNKNOWN,1665,MONTH,monthly_plus,,High School,[name],2026-09-17T21:24:46.000Z,,1665,,2026-09-17T21:24:46.000Z,2026-08-17T21:24:46.000Z,1665,[name],,https://www.supersummary.com/subscription,https://www.supersummary.com/subscription/confirming/cancel,,Student Experience [July 2025] [25% one-time / No Entry Modal],,08-17-2026,,08-17-2026,08-17-2026,08-17-2026,08-17-2026,,08-17-2026,09-17-2026
Wg8HJkB_a6f896ddf3536df9,1731030,,Teachers; fallback,,,[name],[name],[name],SuperSummary wasn’t helpful enough,global_economic_reasons_897286504,Reliability or performance issues,reliability,,Product (SaaS),product,1,Don't know,,u_4bb90f3f0cb73cf2,???,,,1,9.95,,Canceled,2026-08-17T19:46:19.000Z,2026-08-17T19:47:34.000Z,2026-08-17T19:48:20.000Z,,30.79,2026-08-17T19:48:20.000Z,cancel,Valid Cancel,monthly,2026-09-17T19:41:52.000Z,2026-09-17T19:41:52.000Z,9.95,9.95,9.95,Brightback,,,,,,,1731030,2026-08-17T19:41:49.000Z,,2026-08-17T19:41:52.000Z,,h_8d87a3aa07c54884,,1,2026-08-17T19:41:52.000Z,USD,u_4bb90f3f0cb73cf2,ACTIVE,h_607b1f552525d223,[name],9.95,monthly_essentials,,2026-08-17T19:41:52.000Z,teacher,,1,monthly_essentials,2026-08-17T19:41:52.000Z,_UNKNOWN,995,MONTH,monthly_essentials,,Middle School,[name],2026-09-17T19:41:52.000Z,,995,,2026-09-17T19:41:52.000Z,2026-08-17T19:41:52.000Z,995,[name],,https://www.supersummary.com/subscription,https://www.supersummary.com/subscription/confirming/cancel,,Teacher Experience [July 2025] [40% one-time / Modal],,08-17-2026,,08-17-2026,08-17-2026,08-17-2026,08-17-2026,,08-17-2026,09-17-2026
Wg8HJ7c_bfafb66c776f8a00,AzZdfBVSa9dwJ2Uhm,,Book Club Members; fallback,,,[name],[name],,SuperSummary wasn’t helpful enough,global_economic_reasons_897286504,Reliability or performance issues,reliability,,Product (SaaS),product,2,Cliff notes. ,,u_efaf0f01caa4b40e,More detailed summaries. Easier app navigation. ,,,1,,,Canceled,2026-08-17T19:07:40.000Z,2026-08-17T19:08:20.000Z,2026-08-17T19:08:20.000Z,,30.81,2026-08-17T19:08:20.000Z,cancel,Valid Cancel,annual,2027-08-17T19:01:08.000Z,2027-08-17T19:01:08.000Z,5.0,5.0,60.0,Brightback,,,,,,,AzZdfBVSa9dwJ2Uhm,2026-08-17T19:01:07.000Z,,2026-08-17T19:01:08.000Z,,h_1f41b684898c571e,,1,2026-08-17T19:01:08.000Z,USD,u_efaf0f01caa4b40e,ACTIVE,h_b322a1c85d406960,[name],,,,2026-08-17T19:01:08.000Z,book_club_member,,1,annual_plus,2026-08-17T19:01:08.000Z,_UNKNOWN,6000,YEAR,,,,[name],2027-08-17T19:01:08.000Z,,500,,2027-08-17T19:01:08.000Z,2026-08-17T19:01:08.000Z,6000,,,,,,BCM Experience [July 2025] [25% one-time / No Entry Modal],,08-17-2026,,08-17-2026,08-17-2026,08-17-2026,08-17-2026,,08-17-2026,08-17-2027
Wg8HIi2_9eaca6cec8885130,16A6JOVSKGp4t3P8T,,Students; fallback,,,[name],[name],,SuperSummary wasn’t helpful enough,global_economic_reasons_897286504,Reliability or performance issues,reliability,,Product (SaaS),product,3,,,u_9b7d7e63aacfa7d7,,,,0,,,Canceled,2026-08-17T18:44:40.000Z,2026-08-17T18:45:09.000Z,2026-08-17T18:45:09.000Z,,30.83,2026-08-17T18:50:20.000Z,cancel,Valid Cancel,annual,2027-08-17T18:51:52.000Z,,5.0,5.0,60.0,Brightback,,,,,,,16A6JOVSKGp4t3P8T,2026-08-15T01:49:16.000Z,,2026-08-15T01:49:18.000Z,,h_5d04c97f7db2d3e6,,1,2026-08-15T01:49:18.000Z,USD,u_9b7d7e63aacfa7d7,ACTIVE,h_840a57e2d99388e4,[name],,,,2026-08-15T01:49:18.000Z,student,,1,annual_plus,2026-08-15T01:49:18.000Z,_UNKNOWN,6000,YEAR,,,High School,[name],2027-08-15T01:49:18.000Z,,500,,2027-08-15T01:49:18.000Z,2026-08-15T01:49:18.000Z,6000,,,,,,Student Experience [July 2025] [25% one-time / No Entry Modal],,08-15-2026,,08-17-2026,08-15-2026,08-15-2026,08-15-2026,,08-15-2026,08-15-2027
Wg8HG9r_a7ca46f5bf19cb4f,AzZRthVSZROET1vYx,,Parents; fallback,,,[name],[name],,SuperSummary wasn’t helpful enough,global_economic_reasons_897286504,Reliability or performance issues,reliability,,Product (SaaS),product,1,,,u_184c3739c84d482b,,,,0,,,Canceled,2026-08-17T16:09:56.000Z,2026-08-17T16:11:00.000Z,2026-08-17T16:11:01.000Z,,30.94,2026-08-17T16:11:01.000Z,cancel,Valid Cancel,annual,2027-08-17T16:05:22.000Z,2027-08-17T16:05:22.000Z,5.0,5.0,60.0,Brightback,,,,,,,AzZRthVSZROET1vYx,2026-08-17T16:05:19.000Z,,2026-08-17T16:05:22.000Z,,h_2b2f78d978e5f11a,,1,2026-08-17T16:05:22.000Z,USD,u_184c3739c84d482b,ACTIVE,h_ba38c208f7cd7ee2,[name],,,,2026-08-17T16:05:22.000Z,parent_of_student,,1,annual_plus,2026-08-17T16:05:22.000Z,_UNKNOWN,6000,YEAR,,,Middle School,[name],2027-08-17T16:05:22.000Z,,500,,2027-08-17T16:05:22.000Z,2026-08-17T16:05:22.000Z,6000,,,,,,Parent Experience [July 2025] [25% one-time / No Entry Modal],,08-17-2026,,08-17-2026,08-17-2026,08-17-2026,08-17-2026,,08-17-2026,08-17-2027
Wg8HDVv_99472488a399dc29,AzZMwvTmNfAoq5Sxs,,Students; Annual,,,[name],[name],,SuperSummary wasn’t helpful enough,global_economic_reasons_897286504,Reliability or performance issues,reliability,,Product (SaaS),product,6,,,u_eb4d4aeeb1906e69,,,,0,,,Canceled,2026-08-17T13:32:01.000Z,2026-08-17T13:32:19.000Z,2026-08-17T13:32:20.000Z,,31.05,2026-08-17T13:32:20.000Z,cancel,Valid Cancel,annual,2026-08-17T21:41:19.000Z,2026-08-17T21:41:19.000Z,3.0,3.0,36.0,Brightback,,,,,,,AzZMwvTmNfAoq5Sxs,2023-08-08T21:41:15.000Z,,2023-08-08T21:41:16.000Z,,h_a4e373ec8c93789f,,1,2023-08-08T21:41:16.000Z,USD,u_eb4d4aeeb1906e69,ACTIVE,h_24a7318b71e0e595,[name],,,,2026-08-08T21:41:16.000Z,student,,1,annual,2023-08-08T21:41:16.000Z,_UNKNOWN,3600,YEAR,,,Middle School,[name],2027-08-08T21:41:16.000Z,,300,,2027-08-08T21:41:16.000Z,2023-08-08T21:41:16.000Z,3600,,,,,,Student Experience [July 2025] [25% one-time / No Entry Modal],,08-08-2023,,08-17-2026,08-08-2023,08-08-2023,08-08-2023,,08-08-2023,08-08-2027
Wg8HBfu_a23236f315ee478e,1730503,,Students; fallback,,,[name],[name],[name],SuperSummary wasn’t helpful enough,global_economic_reasons_897286504,Reliability or performance issues,reliability,,Product (SaaS),product,2,,,u_263ac3b05f5692fd,,,,0,9.95,,Canceled,2026-08-17T11:45:21.000Z,2026-08-17T11:46:22.000Z,2026-08-17T11:46:22.000Z,,31.12,2026-08-17T11:46:22.000Z,cancel,Valid Cancel,monthly,2026-08-17T13:11:47.000Z,2026-08-17T13:11:47.000Z,9.95,9.95,9.95,Brightback,,,,,,,1730503,2026-08-17T11:09:51.000Z,,2026-08-17T11:09:54.000Z,,h_0ce02c0e74e8f9ca,,1,2026-08-17T11:09:54.000Z,USD,u_263ac3b05f5692fd,ACTIVE,h_14bc3f03262487f8,[name],9.95,monthly_essentials,,2026-08-17T11:09:54.000Z,student,,1,monthly_essentials,2026-08-17T11:09:54.000Z,_UNKNOWN,995,MONTH,monthly_essentials,,College,[name],2026-09-17T11:09:54.000Z,,995,,2026-09-17T11:09:54.000Z,2026-08-17T11:09:54.000Z,995,[name],,https://www.supersummary.com/subscription,https://www.supersummary.com/subscription/confirming/cancel,,Student Experience [July 2025] [25% one-time / No Entry Modal],,08-17-2026,,08-17-2026,08-17-2026,08-17-2026,08-17-2026,,08-17-2026,09-17-2026
Wg8H7uF_a779ade2e10e3bce,1730410,,Students; fallback,,,[name],[name],[name],SuperSummary wasn’t helpful enough,global_economic_reasons_897286504,Reliability or performance issues,reliability,,Product (SaaS),product,3,google ,,u_bf71a800ad7daa44,Broader themes and smybols. they were really not sufficiant...,,,1,60.0,,Canceled,2026-08-17T07:57:01.000Z,2026-08-17T07:58:03.000Z,2026-08-17T07:58:03.000Z,,31.28,2026-08-17T07:58:03.000Z,cancel,Valid Cancel,annual,2026-08-17T13:30:38.000Z,2026-08-17T13:30:38.000Z,5.0,5.0,60.0,Brightback,,,,,,,1730410,2026-08-17T07:25:37.000Z,,2026-08-17T07:25:39.000Z,,h_1a38aa041642a34a,,1,2026-08-17T07:25:39.000Z,USD,u_bf71a800ad7daa44,ACTIVE,h_81fc7c25cde35aca,[name],60.0,annual_plus,,2026-08-17T07:25:39.000Z,student,,1,annual_plus,2026-08-17T07:25:39.000Z,_UNKNOWN,6000,YEAR,annual_plus,,Postgrad Program,[name],2027-08-17T07:25:39.000Z,,500,,2027-08-17T07:25:39.000Z,2026-08-17T07:25:39.000Z,6000,[name],,https://www.supersummary.com/subscription,https://www.supersummary.com/subscription/confirming/cancel,,Student Experience [July 2025] [25% one-time / No Entry Modal],,08-17-2026,,08-17-2026,08-17-2026,08-17-2026,08-17-2026,,08-17-2026,08-17-2027
Wg8H5Qa_97c9e0280823f3a5,Azq7efVRXJcNO2Dxr,,fallback,,,[name],[name],,SuperSummary wasn’t helpful enough,global_economic_reasons_897286504,Reliability or performance issues,reliability,,Product (SaaS),product,2,,,u_5420aa2aa420ae29,,,,0,,,Canceled,2026-08-17T05:26:43.000Z,2026-08-17T05:27:21.000Z,2026-08-17T05:27:29.000Z,,31.38,2026-08-17T05:27:29.000Z,cancel,Valid Cancel,annual,2027-08-06T16:53:04.000Z,2027-08-06T16:53:04.000Z,5.0,5.0,60.0,Brightback,,,,,,,Azq7efVRXJcNO2Dxr,2026-08-06T16:53:02.000Z,,2026-08-06T16:53:04.000Z,,h_bf9a1b86404b14a5,,1,2026-08-06T16:53:04.000Z,USD,u_5420aa2aa420ae29,ACTIVE,h_40005a24e821d7e9,[name],,,,2026-08-06T16:53:04.000Z,avid_reader,,1,annual_plus,2026-08-06T16:53:04.000Z,_UNKNOWN,6000,YEAR,,,,[name],2027-08-06T16:53:04.000Z,,500,,2027-08-06T16:53:04.000Z,2026-08-06T16:53:04.000Z,6000,,,,,,Default/Fallback [July 2025] [25% one time / No entry modal],,08-06-2026,,08-17-2026,08-06-2026,08-06-2026,08-06-2026,,08-06-2026,08-06-2027
Wg8H1wo_b46e5e10e0988813,AzZW8kVSVsDa8AFmD,,Students; fallback,,,[name],[name],,SuperSummary wasn’t helpful enough,global_economic_reasons_897286504,Reliability or performance issues,reliability,,Product (SaaS),product,3,,,u_084432962720d8de,,,,0,,,Canceled,2026-08-17T01:58:52.000Z,2026-08-17T01:59:14.000Z,2026-08-17T01:59:14.000Z,,31.53,2026-08-17T01:59:14.000Z,cancel,Valid Cancel,annual,2027-08-17T01:26:50.000Z,2027-08-17T01:26:50.000Z,3.0,3.0,36.0,Brightback,,,,,,,AzZW8kVSVsDa8AFmD,2026-08-17T01:26:49.000Z,,2026-08-17T01:26:50.000Z,,h_a4f6055fdb0bee4b,,1,2026-08-17T01:26:50.000Z,USD,u_084432962720d8de,ACTIVE,h_36fd7c08b4997f8e,[name],,,,2026-08-17T01:26:50.000Z,student,,1,annual_essentials,2026-08-17T01:26:50.000Z,_UNKNOWN,3600,YEAR,,,Postgrad Program,[name],2027-08-17T01:26:50.000Z,,300,,2027-08-17T01:26:50.000Z,2026-08-17T01:26:50.000Z,3600,,,,,,Student Experience [July 2025] [25% one-time / No Entry Modal],,08-17-2026,,08-17-2026,08-17-2026,08-17-2026,08-17-2026,,08-17-2026,08-17-2027
Wg8H1wl_945cb054fa90de95,1730206,,Students; fallback,,,[name],[name],[name],SuperSummary wasn’t helpful enough,global_economic_reasons_897286504,Reliability or performance issues,reliability,,Product (SaaS),product,1,ion,,u_021c7a375bb7ce66,huh,,,1,36.0,,Canceled,2026-08-17T01:58:53.000Z,2026-08-17T01:59:17.000Z,2026-08-17T01:59:17.000Z,,31.53,2026-08-17T01:59:17.000Z,cancel,Valid Cancel,annual,2027-08-17T01:55:30.000Z,2027-08-17T01:55:30.000Z,3.0,3.0,36.0,Brightback,,,,,,,1730206,2026-08-17T01:55:29.000Z,,2026-08-17T01:55:30.000Z,,h_bf947a6648e65629,,1,2026-08-17T01:55:30.000Z,USD,u_021c7a375bb7ce66,ACTIVE,h_d7e141d58d070402,[name],36.0,annual_essentials,,2026-08-17T01:55:30.000Z,student,,1,annual_essentials,2026-08-17T01:55:30.000Z,_UNKNOWN,3600,YEAR,annual_essentials,,College,[name],2027-08-17T01:55:30.000Z,,300,,2027-08-17T01:55:30.000Z,2026-08-17T01:55:30.000Z,3600,[name],,https://www.supersummary.com/subscription,https://www.supersummary.com/subscription/confirming/cancel,,Student Experience [July 2025] [25% one-time / No Entry Modal],,08-17-2026,,08-17-2026,08-17-2026,08-17-2026,08-17-2026,,08-17-2026,08-17-2027
Wg8H1N8_b576973c90343b53,AzZZIRU7kobYD2Si4,,Students; Monthly,,,[name],[name],,SuperSummary wasn’t helpful enough,global_economic_reasons_897286504,Reliability or performance issues,reliability,,Product (SaaS),product,1,,,u_acf5cee9f4437f89,,,,0,,,Canceled,2026-08-17T01:23:10.000Z,2026-08-17T01:23:34.000Z,2026-08-17T01:23:34.000Z,,31.55,2026-08-17T01:23:34.000Z,cancel,Valid Cancel,monthly,2026-08-22T12:49:29.000Z,2026-08-22T12:49:29.000Z,9.95,9.95,9.95,Brightback,,,,,,,AzZZIRU7kobYD2Si4,2024-03-22T12:49:26.000Z,,2024-03-22T12:49:29.000Z,,h_31589b0302ff9f6a,,1,2024-03-22T12:49:29.000Z,USD,u_acf5cee9f4437f89,ACTIVE,h_1477ac8c25c815ab,[name],,,,2026-07-22T12:49:29.000Z,student,,1,monthly,2024-03-22T12:49:29.000Z,_UNKNOWN,995,MONTH,,,High School,[name],2026-08-22T12:49:29.000Z,,995,,2026-08-22T12:49:29.000Z,2024-03-22T12:49:29.000Z,995,,,,,,Student Experience [July 2025] [40% forever / Modal],,03-22-2024,,08-17-2026,03-22-2024,03-22-2024,03-22-2024,,03-22-2024,08-22-2026
Wg8GKKg_8ac8a9dc5f42a2bc,AzyftlVSU3nYY8WjO,,fallback,,,[name],[name],,SuperSummary wasn’t helpful enough,global_economic_reasons_897286504,Reliability or performance issues,reliability,,Product (SaaS),product,4,,,u_9f5aa5d9a236bd51,,,,0,,,Canceled,2026-08-16T20:20:45.000Z,2026-08-16T20:21:01.000Z,2026-08-16T20:21:01.000Z,,31.76,2026-08-16T20:21:01.000Z,cancel,Valid Cancel,annual,2027-08-16T18:00:17.000Z,2027-08-16T18:00:17.000Z,3.0,3.0,36.0,Brightback,,,,,,,AzyftlVSU3nYY8WjO,2026-08-16T18:00:15.000Z,,2026-08-16T18:00:17.000Z,,h_bf4b5987b26018c1,,1,2026-08-16T18:00:17.000Z,USD,u_9f5aa5d9a236bd51,ACTIVE,h_725c96d31801bdfe,[name],,,,2026-08-16T18:00:17.000Z,avid_reader,,1,annual_essentials,2026-08-16T18:00:17.000Z,_UNKNOWN,3600,YEAR,,,,[name],2027-08-16T18:00:17.000Z,,300,,2027-08-16T18:00:17.000Z,2026-08-16T18:00:17.000Z,3600,,,,,,Default/Fallback [July 2025] [25% one time / No entry modal],,08-16-2026,,08-16-2026,08-16-2026,08-16-2026,08-16-2026,,08-16-2026,08-16-2027
Wg8GKbx_9344fa233bcf2fcd,630798,,Students; Annual,,,[name],[name],[name],SuperSummary wasn’t helpful enough,global_economic_reasons_897286504,Reliability or performance issues,reliability,,Product (SaaS),product,1,Nothing,,u_bb59dd496be41483,,,,0,36.0,,Canceled,2026-08-16T20:38:13.000Z,2026-08-16T20:38:50.000Z,2026-08-16T20:38:51.000Z,,31.75,2026-08-16T20:38:51.000Z,cancel,Valid Cancel,annual,2027-08-16T20:36:45.000Z,2027-08-16T20:36:45.000Z,3.0,3.0,36.0,Brightback,,,,,,,630798,2024-08-16T20:36:42.000Z,,2024-08-16T20:36:45.000Z,,h_f42924e35a0848e2,,1,2024-08-16T20:36:45.000Z,USD,u_bb59dd496be41483,ACTIVE,h_30c4c73221ea5e66,[name],36.0,annual,,2026-08-16T20:36:45.000Z,student,,1,annual,2024-08-16T20:36:45.000Z,_UNKNOWN,3600,YEAR,annual,,College,[name],2027-08-16T20:36:45.000Z,,300,,2027-08-16T20:36:45.000Z,2024-08-16T20:36:45.000Z,3600,[name],,https://www.supersummary.com/subscription,https://www.supersummary.com/subscription/confirming/cancel,,Student Experience [July 2025] [25% one-time / No Entry Modal],,08-16-2024,,08-16-2026,08-16-2024,08-16-2024,08-16-2024,,08-16-2024,08-16-2027
Wg8GITT_9cf077ea0c304b41,16BWbCUtrotip2Jrq,,Students; Annual,,,[name],[name],,SuperSummary wasn’t helpful enough,global_economic_reasons_897286504,Reliability or performance issues,reliability,,Product (SaaS),product,1,jd,,u_ed7991f45297f310,d,,,1,,,Canceled,2026-08-16T18:29:31.000Z,2026-08-16T18:29:46.000Z,2026-08-16T18:29:46.000Z,,31.84,2026-08-16T18:29:46.000Z,cancel,Valid Cancel,annual,2027-08-14T16:40:49.000Z,2027-08-14T16:40:49.000Z,3.0,3.0,36.0,Brightback,,,,,,,16BWbCUtrotip2Jrq,2025-08-14T16:40:46.000Z,,2025-08-14T16:40:49.000Z,,h_a1167056194a4472,,1,2025-08-14T16:40:49.000Z,USD,u_ed7991f45297f310,ACTIVE,h_635b02a52f10284c,[name],,,,2026-08-14T16:40:49.000Z,student,,1,annual,2025-08-14T16:40:49.000Z,_UNKNOWN,3600,YEAR,,,High School,[name],2027-08-14T16:40:49.000Z,,300,,2027-08-14T16:40:49.000Z,2025-08-14T16:40:49.000Z,3600,,,,,,Student Experience [July 2025] [25% one-time / No Entry Modal],,08-14-2025,,08-16-2026,08-14-2025,08-14-2025,08-14-2025,,08-14-2025,08-14-2027
Wg8GIIM_ad2dcca92d93b91c,169z4mVQoto9N1mh,,fallback,,,[name],[name],,SuperSummary wasn’t helpful enough,global_economic_reasons_897286504,Reliability or performance issues,reliability,,Product (SaaS),product,2,,,u_35a27cca17ac1ead,,,,0,,,Canceled,2026-08-16T18:18:25.000Z,2026-08-16T18:19:08.000Z,2026-08-16T18:19:08.000Z,,31.85,2026-08-16T18:19:08.000Z,cancel,Valid Cancel,monthly,2026-08-30T02:34:34.000Z,2026-08-30T02:34:34.000Z,9.95,9.95,9.95,Brightback,,,,,,,169z4mVQoto9N1mh,2026-07-30T02:33:53.000Z,,2026-07-30T02:34:34.000Z,,h_1fc2e8657d7c3215,,1,2026-07-30T02:34:34.000Z,USD,u_35a27cca17ac1ead,ACTIVE,h_ea4b334f37515c9a,[name],,,,2026-07-30T02:34:34.000Z,other,,1,monthly_essentials,2026-07-30T02:34:34.000Z,_UNKNOWN,995,MONTH,,,,[name],2026-08-30T02:34:34.000Z,,995,,2026-08-30T02:34:34.000Z,2026-07-30T02:34:34.000Z,995,,,,,,Default/Fallback [July 2025] [25% one time / No entry modal],,07-30-2026,,08-16-2026,07-30-2026,07-30-2026,07-30-2026,,07-30-2026,08-30-2026
Wg8GHTH_a0fbb267e81c4be3,6or6oVQrsbZ21voB,,fallback,,,[name],[name],,SuperSummary wasn’t helpful enough,global_economic_reasons_897286504,Reliability or performance issues,reliability,,Product (SaaS),product,1,,,u_d96209a4b125e710,Provide something. I can read the book.,,,1,,,Canceled,2026-08-16T17:29:19.000Z,2026-08-16T17:30:31.000Z,2026-08-16T17:30:31.000Z,,31.88,2026-08-16T17:30:31.000Z,cancel,Valid Cancel,annual,2027-07-30T14:48:36.000Z,2027-07-30T14:48:36.000Z,3.0,3.0,36.0,Brightback,,,,,,,6or6oVQrsbZ21voB,2026-07-30T14:48:34.000Z,,2026-07-30T14:48:36.000Z,,h_9c1dbfce9b721166,,1,2026-07-30T14:48:36.000Z,USD,u_d96209a4b125e710,ACTIVE,h_bcab2b53565ce461,[name],,,,2026-07-30T14:48:36.000Z,avid_reader,,1,annual_essentials,2026-07-30T14:48:36.000Z,_UNKNOWN,3600,YEAR,,,,[name],2027-07-30T14:48:36.000Z,,300,,2027-07-30T14:48:36.000Z,2026-07-30T14:48:36.000Z,3600,,,,,,Default/Fallback [July 2025] [25% one time / No entry modal],,07-30-2026,,08-16-2026,07-30-2026,07-30-2026,07-30-2026,,07-30-2026,07-30-2027
Wg8GBXI_89b45d9858a507cf,1729307,,Teachers; fallback,,,[name],[name],[name],SuperSummary wasn’t helpful enough,global_economic_reasons_897286504,Reliability or performance issues,reliability,,Product (SaaS),product,2,,,u_0bb66308362ffffc,,,,0,60.0,,Canceled,2026-08-16T11:33:33.000Z,2026-08-16T11:52:29.000Z,2026-08-16T11:52:29.000Z,,32.13,2026-08-16T11:52:29.000Z,cancel,Valid Cancel,annual,2027-08-16T08:43:06.000Z,2027-08-16T08:43:06.000Z,5.0,5.0,60.0,Brightback,,,,,,,1729307,2026-08-16T08:43:04.000Z,,2026-08-16T08:43:06.000Z,,h_33625362020743ff,,1,2026-08-16T08:43:06.000Z,USD,u_0bb66308362ffffc,ACTIVE,h_1593fb4793eacfab,[name],60.0,annual_plus,,2026-08-16T08:43:06.000Z,teacher,,1,annual_plus,2026-08-16T08:43:06.000Z,_UNKNOWN,6000,YEAR,annual_plus,,Middle School,[name],2027-08-16T08:43:06.000Z,,500,,2027-08-16T08:43:06.000Z,2026-08-16T08:43:06.000Z,6000,[name],,https://www.supersummary.com/subscription,https://www.supersummary.com/subscription/confirming/cancel,,Teacher Experience [July 2025] [40% one-time / Modal],,08-16-2026,,08-16-2026,08-16-2026,08-16-2026,08-16-2026,,08-16-2026,08-16-2027
Wg8FDAX_a24d19b11a4f3d57,AzZSqQVSEFIOB3S9r,,fallback,,,[name],[name],,SuperSummary wasn’t helpful enough,global_economic_reasons_897286504,Reliability or performance issues,reliability,,Product (SaaS),product,9,,,u_53e4db8476d78e88,,,,0,,,Canceled,2026-08-15T13:10:36.000Z,2026-08-15T13:11:13.000Z,2026-08-15T13:11:13.000Z,,33.06,2026-08-15T13:11:13.000Z,cancel,Valid Cancel,annual,2027-08-14T01:05:36.000Z,2027-08-14T01:05:36.000Z,5.0,5.0,60.0,Brightback,,,,,,,AzZSqQVSEFIOB3S9r,2026-08-14T01:05:35.000Z,,2026-08-14T01:05:36.000Z,,h_cb4c1527e48cba5e,,1,2026-08-14T01:05:36.000Z,USD,u_53e4db8476d78e88,ACTIVE,h_f218edebe9ce3b15,[name],,,,2026-08-14T01:05:36.000Z,avid_reader,,1,annual_plus,2026-08-14T01:05:36.000Z,_UNKNOWN,6000,YEAR,,,,[name],2027-08-14T01:05:36.000Z,,500,,2027-08-14T01:05:36.000Z,2026-08-14T01:05:36.000Z,6000,,,,,,Default/Fallback [July 2025] [25% one time / No entry modal],,08-14-2026,,08-15-2026,08-14-2026,08-14-2026,08-14-2026,,08-14-2026,08-14-2027
Wg8FBpN_9ca2fbdf409b6b90,Azz0k0VSMhZ09512I,,Parents; fallback,,,[name],[name],,SuperSummary wasn’t helpful enough,global_economic_reasons_897286504,Reliability or performance issues,reliability,,Product (SaaS),product,6,,,u_f4eafc19155c2d36,Idk,,,1,,,Canceled,2026-08-15T11:51:27.000Z,2026-08-15T11:52:05.000Z,2026-08-15T11:52:05.000Z,,33.12,2026-08-15T11:52:05.000Z,cancel,Valid Cancel,annual,2027-08-15T11:48:04.000Z,2027-08-15T11:48:04.000Z,3.0,3.0,36.0,Brightback,,,,,,,Azz0k0VSMhZ09512I,2026-08-15T11:48:03.000Z,,2026-08-15T11:48:04.000Z,,h_4ec9aaea92134179,,1,2026-08-15T11:48:04.000Z,USD,u_f4eafc19155c2d36,ACTIVE,h_359ae72f5bf995df,[name],,,,2026-08-15T11:48:04.000Z,parent_of_student,,1,annual_essentials,2026-08-15T11:48:04.000Z,_UNKNOWN,3600,YEAR,,,High School,[name],2027-08-15T11:48:04.000Z,,300,,2027-08-15T11:48:04.000Z,2026-08-15T11:48:04.000Z,3600,,,,,,Parent Experience [July 2025] [25% one-time / No Entry Modal],,08-15-2026,,08-15-2026,08-15-2026,08-15-2026,08-15-2026,,08-15-2026,08-15-2027
Wg8F5so_93c8cd7b3362a4d0,624613,,Students; Annual,,,[name],[name],[name],SuperSummary wasn’t helpful enough,global_economic_reasons_897286504,Reliability or performance issues,reliability,,Product (SaaS),product,1,my brainnnnn,,u_a33a10b379067fd0,like stop spamming me and making everything as obnoxious as possible!,,,1,36.0,,Canceled,2026-08-15T05:55:07.000Z,2026-08-15T05:55:43.000Z,2026-08-15T05:55:43.000Z,,33.36,2026-08-15T05:55:43.000Z,cancel,Valid Cancel,annual,2027-08-11T11:35:09.000Z,2027-08-11T11:35:09.000Z,3.0,3.0,36.0,Brightback,,,,1,36.0,2026-08-18T11:35:13.000Z,624613,2024-08-11T11:33:04.000Z,,2024-08-11T11:35:09.000Z,,h_58987ca0f4fb316b,,1,2024-08-11T11:35:09.000Z,USD,u_a33a10b379067fd0,ACTIVE,h_337708561af43e03,[name],36.0,annual,,2026-08-11T11:35:09.000Z,student,,1,annual,2024-08-11T11:35:09.000Z,_UNKNOWN,3600,YEAR,annual,,College,[name],2027-08-11T11:35:09.000Z,,300,,2027-08-11T11:35:09.000Z,2024-08-11T11:35:09.000Z,3600,[name],,https://www.supersummary.com/subscription,https://www.supersummary.com/subscription/confirming/cancel,,Student Experience [July 2025] [25% one-time / No Entry Modal],,08-11-2024,,08-15-2026,08-11-2024,08-11-2024,08-11-2024,,08-11-2024,08-11-2027
Wg8F2Gd_b98745af249f2502,Azyra1UE2mtZbbFl,,Parents; Annual,,,[name],[name],,SuperSummary wasn’t helpful enough,global_economic_reasons_897286504,Reliability or performance issues,reliability,,Product (SaaS),product,1,,,u_4aed02e0a68492d6,,,,0,,,Canceled,2026-08-15T02:16:42.000Z,2026-08-15T02:16:53.000Z,2026-08-15T02:16:53.000Z,,33.52,2026-08-15T02:16:53.000Z,cancel,Valid Cancel,annual,2027-05-28T05:28:53.000Z,2027-05-28T05:28:53.000Z,3.0,3.0,36.0,Brightback,,,,,,,Azyra1UE2mtZbbFl,2024-05-28T05:28:52.000Z,,2024-05-28T05:28:53.000Z,,h_d129216ce33429c0,,1,2024-05-28T05:28:53.000Z,USD,u_4aed02e0a68492d6,ACTIVE,h_22e9dd2a549336cc,[name],,,,2026-05-28T05:28:53.000Z,parent_of_student,,1,annual,2024-05-28T05:28:53.000Z,_UNKNOWN,3600,YEAR,,,Middle School,[name],2027-05-28T05:28:53.000Z,,300,,2027-05-28T05:28:53.000Z,2024-05-28T05:28:53.000Z,3600,,,,,,Parent Experience [July 2025] [25% one-time / Modal],,05-28-2024,,08-15-2026,05-28-2024,05-28-2024,05-28-2024,,05-28-2024,05-28-2027
Wg8ELUR_a0dd8cfecb989314,1722386,,Students; fallback,,,[name],[name],[name],SuperSummary wasn’t helpful enough,global_economic_reasons_897286504,Reliability or performance issues,reliability,,Product (SaaS),product,8,,,u_aa325b42dc37ec5e,,,,0,60.0,,Canceled,2026-08-14T21:30:35.000Z,2026-08-14T21:31:15.000Z,2026-08-14T21:31:15.000Z,,33.71,2026-08-14T21:31:15.000Z,cancel,Valid Cancel,annual,2027-08-09T23:30:22.000Z,2027-08-09T23:30:22.000Z,5.0,5.0,60.0,Brightback,,,,,,,1722386,2026-08-09T23:30:18.000Z,,2026-08-09T23:30:22.000Z,,h_b300bc5e3bb4bc28,,1,2026-08-09T23:30:22.000Z,USD,u_aa325b42dc37ec5e,ACTIVE,h_a51fa838f56e2376,[name],60.0,annual_plus,,2026-08-09T23:30:22.000Z,student,,1,annual_plus,2026-08-09T23:30:22.000Z,_UNKNOWN,6000,YEAR,annual_plus,,College,[name],2027-08-09T23:30:22.000Z,,500,,2027-08-09T23:30:22.000Z,2026-08-09T23:30:22.000Z,6000,[name],,https://www.supersummary.com/subscription,https://www.supersummary.com/subscription/confirming/cancel,,Student Experience [July 2025] [25% one-time / No Entry Modal],,08-09-2026,,08-14-2026,08-09-2026,08-09-2026,08-09-2026,,08-09-2026,08-09-2027
Wg8ELC1_8c2b521686f603e6,6olvXVRY8CGC3537,,Students; fallback,,,[name],[name],,SuperSummary wasn’t helpful enough,global_economic_reasons_897286504,Reliability or performance issues,reliability,,Product (SaaS),product,2,Something,,u_7cd354754c798d99,Make cheaper,,,1,,,Canceled,2026-08-14T21:12:02.000Z,2026-08-14T21:12:23.000Z,2026-08-14T21:12:23.000Z,,33.73,2026-08-14T21:12:23.000Z,cancel,Valid Cancel,monthly,2026-09-06T20:13:58.000Z,2026-09-06T20:13:58.000Z,16.65,16.65,16.65,Brightback,,,,,,,6olvXVRY8CGC3537,2026-08-06T20:13:57.000Z,,2026-08-06T20:13:58.000Z,,h_b03a8ec6e2df78b0,,1,2026-08-06T20:13:58.000Z,USD,u_7cd354754c798d99,ACTIVE,h_197c88efe8a44892,[name],,,,2026-08-06T20:13:58.000Z,student,,1,monthly_plus,2026-08-06T20:13:58.000Z,_UNKNOWN,1665,MONTH,,,High School,[name],2026-09-06T20:13:58.000Z,,1665,,2026-09-06T20:13:58.000Z,2026-08-06T20:13:58.000Z,1665,,,,,,Student Experience [July 2025] [25% one-time / No Entry Modal],,08-06-2026,,08-14-2026,08-06-2026,08-06-2026,08-06-2026,,08-06-2026,09-06-2026
Wg8EJAn_999eb64b13657cd6,16CToQUv0QJMC2xnL,,Students; Annual,,,[name],[name],,SuperSummary wasn’t helpful enough,global_economic_reasons_897286504,Reliability or performance issues,reliability,,Product (SaaS),product,7,,,u_965f905c531c4584,,,,0,,,Canceled,2026-08-14T19:10:50.000Z,2026-08-14T19:11:05.000Z,2026-08-14T19:11:05.000Z,,33.81,2026-08-14T19:11:05.000Z,cancel,Valid Cancel,annual,2026-08-26T18:28:29.000Z,2026-08-26T18:28:29.000Z,2.25,2.25,36.0,Brightback,,,,,,,16CToQUv0QJMC2xnL,2022-08-16T06:34:42.000Z,,2025-08-26T18:28:29.000Z,,h_6e365c4d886466b4,,1,2025-08-26T18:28:29.000Z,USD,u_965f905c531c4584,ACTIVE,h_70bb62ef2d673ecf,[name],,,,2025-08-26T18:28:29.000Z,student,,1,annual,2025-08-26T18:28:29.000Z,_UNKNOWN,3600,YEAR,,nmTKUhkQCvq,High School,[name],2026-08-26T18:28:29.000Z,,225,,2026-08-26T18:28:29.000Z,2025-08-26T18:28:29.000Z,3600,,,,,,Student Experience [July 2025] [25% one-time / No Entry Modal],,08-26-2025,,08-14-2026,08-26-2025,08-26-2025,08-16-2022,,08-26-2025,08-26-2026
Wg8EIZQ_9e278f772c9c41d0,16CIpPVMjcETw2T2u,,Book Club Members; fallback,,,[name],[name],,SuperSummary wasn’t helpful enough,global_economic_reasons_897286504,Reliability or performance issues,reliability,,Product (SaaS),product,6,,,u_81dc2e0b27f4b9a9,,,,0,,,Canceled,2026-08-14T18:35:29.000Z,2026-08-14T18:35:50.000Z,2026-08-14T18:35:50.000Z,,33.84,2026-08-14T18:35:50.000Z,cancel,Valid Cancel,annual,2027-06-16T18:57:52.000Z,2027-06-16T18:57:52.000Z,5.0,5.0,60.0,Brightback,,,,,,,16CIpPVMjcETw2T2u,2026-06-16T18:57:51.000Z,,2026-06-16T18:57:52.000Z,,h_74646ba673728f11,,1,2026-06-16T18:57:52.000Z,USD,u_81dc2e0b27f4b9a9,ACTIVE,h_acb2698732001ea7,[name],,,,2026-06-16T18:57:52.000Z,book_club_member,,1,annual_plus,2026-06-16T18:57:52.000Z,_UNKNOWN,6000,YEAR,,,,[name],2027-06-16T18:57:52.000Z,,500,,2027-06-16T18:57:52.000Z,2026-06-16T18:57:52.000Z,6000,,,,,,BCM Experience [July 2025] [25% one-time / No Entry Modal],,06-16-2026,,08-14-2026,06-16-2026,06-16-2026,06-16-2026,,06-16-2026,06-16-2027
Wg8EI8c_a7dcff3fdd8fc0c2,1698646,,Book Club Members; fallback,,,[name],[name],[name],SuperSummary wasn’t helpful enough,global_economic_reasons_897286504,Reliability or performance issues,reliability,,Product (SaaS),product,1,MORE INFO,,u_86ca76be8fe8b0f8,MORE INFO,,,1,36.0,,Canceled,2026-08-14T18:09:05.000Z,2026-08-14T18:09:50.000Z,2026-08-14T18:09:50.000Z,,33.85,2026-08-14T18:09:50.000Z,cancel,Valid Cancel,annual,2027-08-14T18:05:13.000Z,2027-08-14T18:05:13.000Z,3.0,3.0,36.0,Brightback,,,,,,,1698646,2026-08-14T18:05:11.000Z,,2026-08-14T18:05:13.000Z,,h_7f7e9087df1b8ebf,,1,2026-08-14T18:05:13.000Z,USD,u_86ca76be8fe8b0f8,ACTIVE,h_40d6ae10fc9f9399,[name],36.0,annual_essentials,,2026-08-14T18:05:13.000Z,book_club_member,,1,annual_essentials,2026-08-14T18:05:13.000Z,_UNKNOWN,3600,YEAR,annual_essentials,,,[name],2027-08-14T18:05:13.000Z,,300,,2027-08-14T18:05:13.000Z,2026-08-14T18:05:13.000Z,3600,[name],,https://www.supersummary.com/subscription,https://www.supersummary.com/subscription/confirming/cancel,,BCM Experience [July 2025] [25% one-time / No Entry Modal],,08-14-2026,,08-14-2026,08-14-2026,08-14-2026,08-14-2026,,08-14-2026,08-14-2027
Wg8E9tp_bd48abac0036b53a,AzZWMeVSGMLUv156q,,Book Club Members; fallback,,,[name],[name],,SuperSummary wasn’t helpful enough,global_economic_reasons_897286504,Reliability or performance issues,reliability,,Product (SaaS),product,3,,,u_98b5e32df3df2f87,,,,0,,,Canceled,2026-08-14T09:55:57.000Z,2026-08-14T09:56:31.000Z,2026-08-14T09:56:31.000Z,,34.2,2026-08-14T09:56:31.000Z,cancel,Valid Cancel,annual,2027-08-14T09:46:09.000Z,2027-08-14T09:46:09.000Z,3.0,3.0,36.0,Brightback,,,,,,,AzZWMeVSGMLUv156q,2026-08-14T09:46:08.000Z,,2026-08-14T09:46:09.000Z,,h_33e71b2488c5543d,,1,2026-08-14T09:46:09.000Z,USD,u_98b5e32df3df2f87,ACTIVE,h_349f92df95b7acd6,[name],,,,2026-08-14T09:46:09.000Z,book_club_member,,1,annual_essentials,2026-08-14T09:46:09.000Z,_UNKNOWN,3600,YEAR,,,,[name],2027-08-14T09:46:09.000Z,,300,,2027-08-14T09:46:09.000Z,2026-08-14T09:46:09.000Z,3600,,,,,,BCM Experience [July 2025] [25% one-time / No Entry Modal],,08-14-2026,,08-14-2026,08-14-2026,08-14-2026,08-14-2026,,08-14-2026,08-14-2027
Wg8E3wp_bc0e568bbe572905,169uckUtoghMkDGG,,Teachers; Annual,,,[name],[name],,SuperSummary wasn’t helpful enough,global_economic_reasons_897286504,Reliability or performance issues,reliability,,Product (SaaS),product,9,,,u_7ac95ad9140cb399,,,,0,,,Canceled,2026-08-14T03:58:53.000Z,2026-08-14T03:59:07.000Z,2026-08-14T03:59:08.000Z,,34.44,2026-08-14T03:59:08.000Z,cancel,Valid Cancel,annual,2027-08-14T03:49:26.000Z,2027-08-14T03:49:26.000Z,3.0,3.0,36.0,Brightback,,,,,,,169uckUtoghMkDGG,2025-08-14T03:49:24.000Z,,2025-08-14T03:49:26.000Z,,h_c0c1c53eaddf17a3,,1,2025-08-14T03:49:26.000Z,USD,u_7ac95ad9140cb399,ACTIVE,h_978ee4be379dc81a,[name],,,,2026-08-14T03:49:26.000Z,teacher,,1,annual,2025-08-14T03:49:26.000Z,_UNKNOWN,3600,YEAR,,,other,[name],2027-08-14T03:49:26.000Z,,300,,2027-08-14T03:49:26.000Z,2025-08-14T03:49:26.000Z,3600,,,,,,Teacher Experience [July 2025] [40% one-time / Modal],,08-14-2025,,08-14-2026,08-14-2025,08-14-2025,08-14-2025,,08-14-2025,08-14-2027
Wg8E3eJ_854e87f464f6f573,AzZW8kVSEm5mz555,,Students; fallback,,,[name],[name],,SuperSummary wasn’t helpful enough,global_economic_reasons_897286504,Reliability or performance issues,reliability,,Product (SaaS),product,4,,,u_4e5266e15a03553c,,,,0,,,Canceled,2026-08-14T03:40:20.000Z,2026-08-14T03:40:36.000Z,2026-08-14T03:41:44.000Z,,34.46,2026-08-14T03:41:44.000Z,cancel,Valid Cancel,annual,2027-08-14T03:15:53.000Z,2027-08-14T03:15:53.000Z,3.0,3.0,36.0,Brightback,,,,,,,AzZW8kVSEm5mz555,2026-08-14T03:15:49.000Z,,2026-08-14T03:15:53.000Z,,h_39213f2a07abc0a6,,1,2026-08-14T03:15:53.000Z,USD,u_4e5266e15a03553c,ACTIVE,h_fa63b1dc75b75fc7,[name],,,,2026-08-14T03:15:53.000Z,student,,1,annual_essentials,2026-08-14T03:15:53.000Z,_UNKNOWN,3600,YEAR,,,High School,[name],2027-08-14T03:15:53.000Z,,300,,2027-08-14T03:15:53.000Z,2026-08-14T03:15:53.000Z,3600,,,,,,Student Experience [July 2025] [25% one-time / No Entry Modal],,08-14-2026,,08-14-2026,08-14-2026,08-14-2026,08-14-2026,,08-14-2026,08-14-2027
Wg8E03D_ae95ba7c32d461ea,1727468,,Parents; fallback,,,[name],[name],[name],SuperSummary wasn’t helpful enough,global_economic_reasons_897286504,Reliability or performance issues,reliability,,Product (SaaS),product,3,,,u_624e3ef929842ab0,,,,0,36.0,,Canceled,2026-08-14T00:03:18.000Z,2026-08-14T00:04:01.000Z,2026-08-14T00:04:01.000Z,,34.61,2026-08-14T00:04:01.000Z,cancel,Valid Cancel,annual,2027-08-13T23:43:02.000Z,2027-08-13T23:43:02.000Z,3.0,3.0,36.0,Brightback,,,,,,,1727468,2026-08-13T23:43:01.000Z,,2026-08-13T23:43:02.000Z,,h_9fdc0cd7d77d6e88,,1,2026-08-13T23:43:02.000Z,USD,u_624e3ef929842ab0,ACTIVE,h_1534ec4f2b4a1a9e,[name],36.0,annual_essentials,,2026-08-13T23:43:02.000Z,parent_of_student,,1,annual_essentials,2026-08-13T23:43:02.000Z,_UNKNOWN,3600,YEAR,annual_essentials,,Middle School,[name],2027-08-13T23:43:02.000Z,,300,,2027-08-13T23:43:02.000Z,2026-08-13T23:43:02.000Z,3600,[name],,https://www.supersummary.com/subscription,https://www.supersummary.com/subscription/confirming/cancel,,Parent Experience [July 2025] [25% one-time / No Entry Modal],,08-13-2026,,08-14-2026,08-13-2026,08-13-2026,08-13-2026,,08-13-2026,08-13-2027
Wg8DMFs_81c8329696a68e2c,AzZx7fVRuyRA7y7g,,Students; fallback,,,[name],[name],,SuperSummary wasn’t helpful enough,global_economic_reasons_897286504,Reliability or performance issues,reliability,,Product (SaaS),product,1,,,u_6b6bb0aa54328bb5,,,,0,,,Canceled,2026-08-13T22:15:56.000Z,2026-08-13T22:16:16.000Z,2026-08-13T22:16:16.000Z,,34.68,2026-08-13T22:16:16.000Z,cancel,Valid Cancel,annual,2027-08-10T17:59:28.000Z,2027-08-10T17:59:28.000Z,3.0,3.0,36.0,Brightback,,,,,,,AzZx7fVRuyRA7y7g,2026-08-10T17:59:25.000Z,,2026-08-10T17:59:28.000Z,,h_b9835d1af47a7eb4,,1,2026-08-10T17:59:28.000Z,USD,u_6b6bb0aa54328bb5,ACTIVE,h_4e7c68a92da97aa5,[name],,,,2026-08-10T17:59:28.000Z,student,,1,annual_essentials,2026-08-10T17:59:28.000Z,_UNKNOWN,3600,YEAR,,,College,[name],2027-08-10T17:59:28.000Z,,300,,2027-08-10T17:59:28.000Z,2026-08-10T17:59:28.000Z,3600,,,,,,Student Experience [July 2025] [25% one-time / No Entry Modal],,08-10-2026,,08-13-2026,08-10-2026,08-10-2026,08-10-2026,,08-10-2026,08-10-2027
Wg8DKdo_ad46f0e853d154da,396516,,fallback,,,[name],[name],[name],SuperSummary wasn’t helpful enough,global_economic_reasons_897286504,Reliability or performance issues,reliability,Not needed ,Product (SaaS),product,1,Nothing,,u_0c09fc210dcadd03,Not sure ,,,1,36.0,,Canceled,2026-08-13T20:40:14.000Z,2026-08-13T20:41:31.000Z,2026-08-13T20:41:31.000Z,,34.75,2026-08-13T20:41:31.000Z,cancel,Valid Cancel,annual,2027-08-13T02:55:58.000Z,2027-08-13T02:55:58.000Z,3.0,3.0,36.0,Brightback,,,,,,,396516,2023-08-13T02:55:57.000Z,,2023-08-13T02:55:58.000Z,,h_8fc32e1f0cd4e01b,,1,2023-08-13T02:55:58.000Z,USD,u_0c09fc210dcadd03,ACTIVE,h_01aa29ff192f9705,[name],36.0,annual,,2026-08-13T02:55:58.000Z,other,,1,annual,2023-08-13T02:55:58.000Z,_UNKNOWN,3600,YEAR,annual,,,[name],2027-08-13T02:55:58.000Z,,300,,2027-08-13T02:55:58.000Z,2023-08-13T02:55:58.000Z,3600,[name],,https://www.supersummary.com/subscription,https://www.supersummary.com/subscription/confirming/cancel,,Default/Fallback [July 2025] [25% one time / No entry modal],,08-13-2023,,08-13-2026,08-13-2023,08-13-2023,08-13-2023,,08-13-2023,08-13-2027
Wg8DG9V_b1e1eefa9cfe8a43,1714379,,fallback,,,[name],[name],[name],SuperSummary wasn’t helpful enough,global_economic_reasons_897286504,Reliability or performance issues,reliability,,Product (SaaS),product,5,,,u_d52bb4870e75d59d,,,,0,60.0,,Canceled,2026-08-13T16:09:42.000Z,2026-08-13T16:10:27.000Z,2026-08-13T16:10:27.000Z,,34.94,2026-08-13T16:10:27.000Z,cancel,Valid Cancel,annual,2027-08-02T22:13:24.000Z,2027-08-02T22:13:24.000Z,5.0,5.0,60.0,Brightback,,,,,,,1714379,2026-08-02T22:13:22.000Z,,2026-08-02T22:13:24.000Z,,h_ce5d7441f4e60b9e,,1,2026-08-02T22:13:24.000Z,USD,u_d52bb4870e75d59d,ACTIVE,h_2da740e1d08b082a,[name],60.0,annual_plus,,2026-08-02T22:13:24.000Z,avid_reader,,1,annual_plus,2026-08-02T22:13:24.000Z,_UNKNOWN,6000,YEAR,annual_plus,,,[name],2027-08-02T22:13:24.000Z,,500,,2027-08-02T22:13:24.000Z,2026-08-02T22:13:24.000Z,6000,[name],,https://www.supersummary.com/subscription,https://www.supersummary.com/subscription/confirming/cancel,,Default/Fallback [July 2025] [25% one time / No entry modal],,08-02-2026,,08-13-2026,08-02-2026,08-02-2026,08-02-2026,,08-02-2026,08-02-2027
Wg8DDOe_be5fdb07df0642bb,16CHQlVS7sEqP38PC,,Parents; fallback,,,[name],[name],,SuperSummary wasn’t helpful enough,global_economic_reasons_897286504,Reliability or performance issues,reliability,,Product (SaaS),product,5,,,u_eb3b4073a47b4544,,,,0,,,Canceled,2026-08-13T13:24:46.000Z,2026-08-13T13:26:17.000Z,2026-08-13T13:26:18.000Z,,35.05,2026-08-13T13:26:18.000Z,cancel,Valid Cancel,annual,2027-08-12T22:56:23.000Z,2027-08-12T22:56:23.000Z,5.0,5.0,60.0,Brightback,,,,,,,16CHQlVS7sEqP38PC,2026-08-12T22:55:55.000Z,,2026-08-12T22:56:23.000Z,,h_5307ba6d1fc00c92,,1,2026-08-12T22:56:23.000Z,USD,u_eb3b4073a47b4544,ACTIVE,h_f6813c56b17c45d6,[name],,,,2026-08-12T22:56:23.000Z,parent_of_student,,1,annual_plus,2026-08-12T22:56:23.000Z,_UNKNOWN,6000,YEAR,,,Middle School,[name],2027-08-12T22:56:23.000Z,,500,,2027-08-12T22:56:23.000Z,2026-08-12T22:56:23.000Z,6000,,,,,,Parent Experience [July 2025] [25% one-time / No Entry Modal],,08-12-2026,,08-13-2026,08-12-2026,08-12-2026,08-12-2026,,08-12-2026,08-12-2027
Wg8D61V_83f6f17f1f10b9eb,AzyoZ3VRabcrUXXb,,Students; fallback,,,[name],[name],,SuperSummary wasn’t helpful enough,global_economic_reasons_897286504,Reliability or performance issues,reliability,,Product (SaaS),product,5,My own research,,u_ecc688f3cb450441,Have more Elizabeth Bishop poems,,,1,,,Canceled,2026-08-13T06:01:37.000Z,2026-08-13T06:02:29.000Z,2026-08-13T06:02:30.000Z,,35.36,2026-08-13T06:02:30.000Z,cancel,Valid Cancel,annual,2027-08-07T06:23:25.000Z,2027-08-07T06:23:25.000Z,5.0,5.0,60.0,Brightback,,,,,,,AzyoZ3VRabcrUXXb,2026-08-07T06:23:22.000Z,,2026-08-07T06:23:25.000Z,,h_0cc5834b3f13522a,,1,2026-08-07T06:23:25.000Z,USD,u_ecc688f3cb450441,ACTIVE,h_fd71140c4803f0d1,[name],,,,2026-08-07T06:23:25.000Z,student,,1,annual_plus,2026-08-07T06:23:25.000Z,_UNKNOWN,6000,YEAR,,,High School,[name],2027-08-07T06:23:25.000Z,,500,,2027-08-07T06:23:25.000Z,2026-08-07T06:23:25.000Z,6000,,,,,,Student Experience [July 2025] [25% one-time / No Entry Modal],,08-07-2026,,08-13-2026,08-07-2026,08-07-2026,08-07-2026,,08-07-2026,08-07-2027
Wg8D3nb_9aa342865e22d229,1726391,,Students; fallback,,,[name],[name],[name],SuperSummary wasn’t helpful enough,global_economic_reasons_897286504,Reliability or performance issues,reliability,,Product (SaaS),product,1,chat gpt,,u_daf1e3281abd6106,have a paragraph by paragraph analysis,,,1,60.0,,Canceled,2026-08-13T03:49:42.000Z,2026-08-13T03:50:44.000Z,2026-08-13T03:50:44.000Z,,35.45,2026-08-13T03:50:44.000Z,cancel,Valid Cancel,annual,2027-08-13T01:11:02.000Z,2027-08-13T01:11:02.000Z,5.0,5.0,60.0,Brightback,,,,,,,1726391,2026-08-13T01:11:00.000Z,,2026-08-13T01:11:02.000Z,,h_54d611d39fe237e8,,1,2026-08-13T01:11:02.000Z,USD,u_daf1e3281abd6106,ACTIVE,h_97e458a8929976a7,[name],60.0,annual_plus,,2026-08-13T01:11:02.000Z,student,,1,annual_plus,2026-08-13T01:11:02.000Z,_UNKNOWN,6000,YEAR,annual_plus,,High School,[name],2027-08-13T01:11:02.000Z,,500,,2027-08-13T01:11:02.000Z,2026-08-13T01:11:02.000Z,6000,[name],,https://www.supersummary.com/subscription,https://www.supersummary.com/subscription/confirming/cancel,,Student Experience [July 2025] [25% one-time / No Entry Modal],,08-13-2026,,08-13-2026,08-13-2026,08-13-2026,08-13-2026,,08-13-2026,08-13-2027
Wg8D3nB_97d669ef40311183,AzyxtZVQq9XKydbv,,Teachers; fallback,,,[name],[name],,SuperSummary wasn’t helpful enough,global_economic_reasons_897286504,Reliability or performance issues,reliability,,Product (SaaS),product,6,nothing,,u_d136787acf552d0c,Almost all information seem to need plus,,,1,,,Canceled,2026-08-13T03:49:19.000Z,2026-08-13T03:50:22.000Z,2026-08-13T03:50:22.000Z,,35.45,2026-08-13T03:50:22.000Z,cancel,Valid Cancel,annual,2027-07-30T07:43:19.000Z,2027-07-30T07:43:19.000Z,3.0,3.0,36.0,Brightback,,,,,,,AzyxtZVQq9XKydbv,2026-07-30T07:43:17.000Z,,2026-07-30T07:43:19.000Z,,h_6a8a0a1418fe900b,,1,2026-07-30T07:43:19.000Z,USD,u_d136787acf552d0c,ACTIVE,h_f88c06cf236e16dc,[name],,,,2026-07-30T07:43:19.000Z,teacher,,1,annual_essentials,2026-07-30T07:43:19.000Z,_UNKNOWN,3600,YEAR,,,Middle School,[name],2027-07-30T07:43:19.000Z,,300,,2027-07-30T07:43:19.000Z,2026-07-30T07:43:19.000Z,3600,,,,,,Teacher Experience [July 2025] [40% one-time / Modal],,07-30-2026,,08-13-2026,07-30-2026,07-30-2026,07-30-2026,,07-30-2026,07-30-2027
Wg8CMgp_a15f8e40501a2c6a,AzykaSVS1heKw3HqK,,Book Club Members; fallback,,,[name],[name],,SuperSummary wasn’t helpful enough,global_economic_reasons_897286504,Reliability or performance issues,reliability,,Product (SaaS),product,2,,,u_c88b0a4e937d4e35,,,,0,,,Canceled,2026-08-12T22:42:54.000Z,2026-08-12T22:43:16.000Z,2026-08-12T22:43:16.000Z,,35.66,2026-08-12T22:43:16.000Z,cancel,Valid Cancel,annual,2027-08-11T21:36:41.000Z,2027-08-11T21:36:41.000Z,3.0,3.0,36.0,Brightback,,,,,,,AzykaSVS1heKw3HqK,2026-08-11T21:36:40.000Z,,2026-08-11T21:36:41.000Z,,h_e3c42d3ab7d926e3,,1,2026-08-11T21:36:41.000Z,USD,u_c88b0a4e937d4e35,ACTIVE,h_9266382103617fcf,[name],,,,2026-08-11T21:36:41.000Z,book_club_member,,1,annual_essentials,2026-08-11T21:36:41.000Z,_UNKNOWN,3600,YEAR,,,,[name],2027-08-11T21:36:41.000Z,,300,,2027-08-11T21:36:41.000Z,2026-08-11T21:36:41.000Z,3600,,,,,,BCM Experience [July 2025] [25% one-time / No Entry Modal],,08-11-2026,,08-12-2026,08-11-2026,08-11-2026,08-11-2026,,08-11-2026,08-11-2027
Wg8CKvt_aaac391632df74a8,1726087,,Teachers; fallback,,,[name],[name],[name],SuperSummary wasn’t helpful enough,global_economic_reasons_897286504,Reliability or performance issues,reliability,,Product (SaaS),product,4,,,u_5c1fd04a6219e9e8,,,,0,9.95,,Canceled,2026-08-12T20:58:00.000Z,2026-08-12T20:58:26.000Z,2026-08-12T20:58:27.000Z,,35.74,2026-08-12T20:58:27.000Z,cancel,Valid Cancel,monthly,2026-09-12T20:50:57.000Z,2026-09-12T20:50:57.000Z,9.95,9.95,9.95,Brightback,,,,,,,1726087,2026-08-12T20:50:55.000Z,,2026-08-12T20:50:57.000Z,,h_fcdfbc459aa11fe5,,1,2026-08-12T20:50:57.000Z,USD,u_5c1fd04a6219e9e8,ACTIVE,h_2faad149b450b8e6,[name],9.95,monthly_essentials,,2026-08-12T20:50:57.000Z,teacher,,1,monthly_essentials,2026-08-12T20:50:57.000Z,_UNKNOWN,995,MONTH,monthly_essentials,,Middle School,[name],2026-09-12T20:50:57.000Z,,995,,2026-09-12T20:50:57.000Z,2026-08-12T20:50:57.000Z,995,[name],,https://www.supersummary.com/subscription,https://www.supersummary.com/subscription/confirming/cancel,,Teacher Experience [July 2025] [40% one-time / Modal],,08-12-2026,,08-12-2026,08-12-2026,08-12-2026,08-12-2026,,08-12-2026,09-12-2026
Wg8CFZx_a0dfb970bf7df741,AzZd9NVS5pNpV1loo,,fallback,,,[name],[name],,SuperSummary wasn’t helpful enough,global_economic_reasons_897286504,Reliability or performance issues,reliability,,Product (SaaS),product,1,,,u_a11cc785fde4c046,,,,0,,,Canceled,2026-08-12T15:36:00.000Z,2026-08-12T15:36:28.000Z,2026-08-12T15:36:29.000Z,,35.96,2026-08-12T15:36:29.000Z,cancel,Valid Cancel,annual,2027-08-12T14:32:30.000Z,2027-08-12T14:32:30.000Z,3.0,3.0,36.0,Brightback,,,,,,,AzZd9NVS5pNpV1loo,2023-12-13T15:10:17.000Z,,2026-08-12T14:32:30.000Z,,h_6f8f46c652d65411,,1,2026-08-12T14:32:30.000Z,USD,u_a11cc785fde4c046,ACTIVE,h_48be746bb6dfe161,[name],,,,2026-08-12T14:32:30.000Z,other,,1,annual_essentials,2026-08-12T14:32:30.000Z,_UNKNOWN,3600,YEAR,,,,[name],2027-08-12T14:32:30.000Z,,300,,2027-08-12T14:32:30.000Z,2026-08-12T14:32:30.000Z,3600,,,,,,Default/Fallback [July 2025] [25% one time / No entry modal],,08-12-2026,,08-12-2026,08-12-2026,08-12-2026,12-13-2023,,08-12-2026,08-12-2027
Wg8CF6n_b345ecc2eff09fcf,Azyef2V5m3zB32nOW,,Students; Monthly,,,[name],[name],,SuperSummary wasn’t helpful enough,global_economic_reasons_897286504,Reliability or performance issues,reliability,,Product (SaaS),product,3,,,u_034be63e0cff4a1c,,,,0,,,Canceled,2026-08-12T15:06:55.000Z,2026-08-12T15:07:11.000Z,2026-08-12T15:07:11.000Z,,35.98,2026-08-12T15:07:11.000Z,cancel,Valid Cancel,monthly,2026-08-18T22:49:41.000Z,2026-08-18T22:49:41.000Z,9.95,9.95,9.95,Brightback,,,,,,,Azyef2V5m3zB32nOW,2024-07-29T20:14:31.000Z,,2025-12-18T22:49:41.000Z,,h_6538fa85d34c988d,,1,2025-12-18T22:49:41.000Z,USD,u_034be63e0cff4a1c,ACTIVE,h_13aa14471dd08537,[name],,,,2026-07-18T22:49:41.000Z,student,,1,monthly,2025-12-18T22:49:41.000Z,_UNKNOWN,995,MONTH,,,High School,[name],2026-08-18T22:49:41.000Z,,995,,2026-08-18T22:49:41.000Z,2025-12-18T22:49:41.000Z,995,,,,,,Student Experience [July 2025] [40% forever / Modal],,12-18-2025,,08-12-2026,12-18-2025,12-18-2025,07-29-2024,,12-18-2025,08-18-2026
Wg8BM7O_ac488c4ae81c813a,1511735,,Book Club Members; fallback,,,[name],[name],[name],SuperSummary wasn’t helpful enough,global_economic_reasons_897286504,Reliability or performance issues,reliability,,Product (SaaS),product,4,I don't need the service,,u_f92f3f9d466d14d5,I don't need it anymore,,,1,9.95,,Canceled,2026-08-11T22:07:30.000Z,2026-08-11T22:08:08.000Z,2026-08-11T22:08:08.000Z,,36.69,2026-08-11T22:08:08.000Z,cancel,Valid Cancel,monthly,2026-09-11T11:27:55.000Z,2026-09-11T11:27:55.000Z,9.95,9.95,9.95,Brightback,,,,,,,1511735,2026-02-11T11:27:53.000Z,,2026-02-11T11:27:55.000Z,,h_373b7e684671648a,,1,2026-02-11T11:27:55.000Z,USD,u_f92f3f9d466d14d5,ACTIVE,h_ba5145df26a8b78a,[name],9.95,monthly_essentials,,2026-08-11T11:27:55.000Z,book_club_member,,1,monthly_essentials,2026-02-11T11:27:55.000Z,_UNKNOWN,995,MONTH,monthly_essentials,,,[name],2026-09-11T11:27:55.000Z,,995,,2026-09-11T11:27:55.000Z,2026-02-11T11:27:55.000Z,995,[name],,https://www.supersummary.com/subscription,https://www.supersummary.com/subscription/confirming/cancel,,BCM Experience [July 2025] [25% one-time / No Entry Modal],,02-11-2026,,08-11-2026,02-11-2026,02-11-2026,02-11-2026,,02-11-2026,09-11-2026
Wg8BLm1_a3cb9b603bf36f65,16CRG7VS1cCsV3EQC,,Teachers; fallback,,,[name],[name],,SuperSummary wasn’t helpful enough,global_economic_reasons_897286504,Reliability or performance issues,reliability,,Product (SaaS),product,3,,,u_29e8dc7375634a90,,,,0,,,Canceled,2026-08-11T21:48:05.000Z,2026-08-11T21:53:49.000Z,2026-08-11T21:53:49.000Z,,36.7,2026-08-11T21:53:49.000Z,cancel,Valid Cancel,annual,2027-08-11T21:15:04.000Z,2027-08-11T21:15:04.000Z,5.0,5.0,60.0,Brightback,,,,,,,16CRG7VS1cCsV3EQC,2026-08-11T21:15:02.000Z,,2026-08-11T21:15:04.000Z,,h_cde3369ea549f70d,,1,2026-08-11T21:15:04.000Z,USD,u_29e8dc7375634a90,ACTIVE,h_2e5991a9649cf874,[name],,,,2026-08-11T21:15:04.000Z,teacher,,1,annual_plus,2026-08-11T21:15:04.000Z,_UNKNOWN,6000,YEAR,,,High School,[name],2027-08-11T21:15:04.000Z,,500,,2027-08-11T21:15:04.000Z,2026-08-11T21:15:04.000Z,6000,,,,,,Teacher Experience [July 2025] [40% one-time / Modal],,08-11-2026,,08-11-2026,08-11-2026,08-11-2026,08-11-2026,,08-11-2026,08-11-2027
Wg8BHGE_994af4a9825d0a72,AzqATLVRrkfcI7vao,,Students; fallback,,,[name],[name],,SuperSummary wasn’t helpful enough,global_economic_reasons_897286504,Reliability or performance issues,reliability,,Product (SaaS),product,2,,,u_b30f9bc418c34ab4,,,,0,,,Canceled,2026-08-11T17:16:16.000Z,2026-08-11T17:16:45.000Z,2026-08-11T17:16:45.000Z,,36.89,2026-08-11T17:16:45.000Z,cancel,Valid Cancel,monthly,2026-09-10T04:45:58.000Z,2026-09-10T04:45:58.000Z,9.95,9.95,9.95,Brightback,,,,,,,AzqATLVRrkfcI7vao,2026-08-10T04:45:55.000Z,,2026-08-10T04:45:58.000Z,,h_12cf98f2bf1a7b31,,1,2026-08-10T04:45:58.000Z,USD,u_b30f9bc418c34ab4,ACTIVE,h_ef6d829d97400245,[name],,,,2026-08-10T04:45:58.000Z,student,,1,monthly_essentials,2026-08-10T04:45:58.000Z,_UNKNOWN,995,MONTH,,,College,[name],2026-09-10T04:45:58.000Z,,995,,2026-09-10T04:45:58.000Z,2026-08-10T04:45:58.000Z,995,,,,,,Student Experience [July 2025] [25% one-time / No Entry Modal],,08-10-2026,,08-11-2026,08-10-2026,08-10-2026,08-10-2026,,08-10-2026,09-10-2026
Wg8BEi3_9a44311ab3705308,1282177,,Students; fallback,,,[name],[name],[name],SuperSummary wasn’t helpful enough,global_economic_reasons_897286504,Reliability or performance issues,reliability,,Product (SaaS),product,5,,,u_c5a450666c3eb78c,,,,0,16.65,,Canceled,2026-08-11T14:44:08.000Z,2026-08-11T14:44:24.000Z,2026-08-11T14:44:25.000Z,,37.0,2026-08-11T14:44:25.000Z,cancel,Valid Cancel,monthly,2026-09-09T13:36:19.000Z,,16.65,16.65,16.65,Brightback,,,,,,,1282177,2025-08-11T14:41:23.000Z,,2026-03-09T13:36:19.000Z,,h_27619d0a4f9a59ec,,1,2026-03-09T13:36:19.000Z,USD,u_c5a450666c3eb78c,NON_RENEWING,h_51fc3aae680d6dfc,[name],16.65,monthly_plus,,2026-08-09T13:36:19.000Z,student,,1,monthly_plus,2026-03-09T13:36:19.000Z,_UNKNOWN,1665,MONTH,monthly_plus,,College,[name],,,1665,,2026-09-09T13:36:19.000Z,2026-03-09T13:36:19.000Z,1665,[name],,https://www.supersummary.com/subscription,https://www.supersummary.com/subscription/confirming/cancel,,Student Experience [July 2025] [25% one-time / No Entry Modal],,03-09-2026,,08-11-2026,03-09-2026,03-09-2026,08-11-2025,,03-09-2026,
Wg8BEEs_8f205a3b207fddf8,6oqeyVRAms7x8iwn,,Students; fallback,,,[name],[name],,SuperSummary wasn’t helpful enough,global_economic_reasons_897286504,Reliability or performance issues,reliability,,Product (SaaS),product,1,,,u_644b0f8884185042,,,,0,,,Canceled,2026-08-11T14:15:11.000Z,2026-08-11T14:16:16.000Z,2026-08-11T14:16:16.000Z,,37.02,2026-08-11T14:16:16.000Z,cancel,Valid Cancel,monthly,2026-09-02T20:25:00.000Z,2026-09-02T20:25:00.000Z,9.95,9.95,9.95,Brightback,,,,,,,6oqeyVRAms7x8iwn,2026-08-02T20:24:59.000Z,,2026-08-02T20:25:00.000Z,,h_c47c09b87a51da0a,,1,2026-08-02T20:25:00.000Z,USD,u_644b0f8884185042,ACTIVE,h_7350f2cb6d60687f,[name],,,,2026-08-02T20:25:00.000Z,student,,1,monthly_essentials,2026-08-02T20:25:00.000Z,_UNKNOWN,995,MONTH,,,Middle School,[name],2026-09-02T20:25:00.000Z,,995,,2026-09-02T20:25:00.000Z,2026-08-02T20:25:00.000Z,995,,,,,,Student Experience [July 2025] [25% one-time / No Entry Modal],,08-02-2026,,08-11-2026,08-02-2026,08-02-2026,08-02-2026,,08-02-2026,09-02-2026
Wg8BAUG_91573beb48c8a5bf,16Bjm0VRyx2qq18zu,,Students; fallback,,,[name],[name],,SuperSummary wasn’t helpful enough,global_economic_reasons_897286504,Reliability or performance issues,reliability,,Product (SaaS),product,1,,,u_7b61943f8134bc2b,,,,0,,,Canceled,2026-08-11T10:30:21.000Z,2026-08-11T10:30:56.000Z,2026-08-11T10:30:57.000Z,,37.17,2026-08-11T10:30:57.000Z,cancel,Valid Cancel,annual,2027-08-11T10:19:02.000Z,2027-08-11T10:19:02.000Z,3.0,3.0,36.0,Brightback,,,,,,,16Bjm0VRyx2qq18zu,2026-08-11T10:18:59.000Z,,2026-08-11T10:19:02.000Z,,h_cc35db20af3a81fd,,1,2026-08-11T10:19:02.000Z,USD,u_7b61943f8134bc2b,ACTIVE,h_8e95ec96547ae21b,[name],,,,2026-08-11T10:19:02.000Z,student,,1,annual_essentials,2026-08-11T10:19:02.000Z,_UNKNOWN,3600,YEAR,,,High School,[name],2027-08-11T10:19:02.000Z,,300,,2027-08-11T10:19:02.000Z,2026-08-11T10:19:02.000Z,3600,,,,,,Student Experience [July 2025] [25% one-time / No Entry Modal],,08-11-2026,,08-11-2026,08-11-2026,08-11-2026,08-11-2026,,08-11-2026,08-11-2027
Wg8B3Ul_9c55d1ef596adc5f,169lGKVRxHAtW7Pa,,fallback,,,[name],[name],,SuperSummary wasn’t helpful enough,global_economic_reasons_897286504,Reliability or performance issues,reliability,,Product (SaaS),product,1,Nothing ,,u_4e2668280fa79892,Nothing ,,,1,,,Canceled,2026-08-11T03:30:53.000Z,2026-08-11T03:33:17.000Z,2026-08-11T03:33:17.000Z,,37.46,2026-08-11T03:33:17.000Z,cancel,Valid Cancel,annual,2027-08-11T03:26:26.000Z,2027-08-11T03:26:26.000Z,3.0,3.0,36.0,Brightback,,,,,,,169lGKVRxHAtW7Pa,2026-08-11T03:26:24.000Z,,2026-08-11T03:26:26.000Z,,h_60711581c9e695a0,,1,2026-08-11T03:26:26.000Z,USD,u_4e2668280fa79892,ACTIVE,h_01476c4c18436204,[name],,,,2026-08-11T03:26:26.000Z,avid_reader,,1,annual_essentials,2026-08-11T03:26:26.000Z,_UNKNOWN,3600,YEAR,,,,[name],2027-08-11T03:26:26.000Z,,300,,2027-08-11T03:26:26.000Z,2026-08-11T03:26:26.000Z,3600,,,,,,Default/Fallback [July 2025] [25% one time / No entry modal],,08-11-2026,,08-11-2026,08-11-2026,08-11-2026,08-11-2026,,08-11-2026,08-11-2027
Wg8B3Qt_94f32022150b8c6f,1719539,,Students; fallback,,,[name],[name],[name],SuperSummary wasn’t helpful enough,global_economic_reasons_897286504,Reliability or performance issues,reliability,,Product (SaaS),product,5,,,u_67cbe66f17f8a2da,,,,0,36.0,,Canceled,2026-08-11T03:27:01.000Z,2026-08-11T03:27:25.000Z,2026-08-11T03:27:25.000Z,,37.47,2026-08-11T03:27:25.000Z,cancel,Valid Cancel,annual,2027-08-06T21:36:05.000Z,2027-08-06T21:36:05.000Z,3.0,3.0,36.0,Brightback,,,,,,,1719539,2026-08-06T21:36:02.000Z,,2026-08-06T21:36:05.000Z,,h_7895ecfcf07584b9,,1,2026-08-06T21:36:05.000Z,USD,u_67cbe66f17f8a2da,ACTIVE,h_b81a1c8146923729,[name],36.0,annual_essentials,,2026-08-06T21:36:05.000Z,student,,1,annual_essentials,2026-08-06T21:36:05.000Z,_UNKNOWN,3600,YEAR,annual_essentials,,College,[name],2027-08-06T21:36:05.000Z,,300,,2027-08-06T21:36:05.000Z,2026-08-06T21:36:05.000Z,3600,[name],,https://www.supersummary.com/subscription,https://www.supersummary.com/subscription/confirming/cancel,,Student Experience [July 2025] [25% one-time / No Entry Modal],,08-06-2026,,08-11-2026,08-06-2026,08-06-2026,08-06-2026,,08-06-2026,08-06-2027
Wg8AJ2e_b0048b80047bd09a,1673811,,Teachers; fallback,,,[name],[name],[name],SuperSummary wasn’t helpful enough,global_economic_reasons_897286504,Reliability or performance issues,reliability,,Product (SaaS),product,5,chatgbt,,u_7d28567b989cd14f,"many books weren't listed, a vocabulary section, more varied quizzes/tests and a way to sort quiz questions, better job at symbolism, a one page cheat sheet for teacher and student",,,1,60.0,,Canceled,2026-08-10T19:02:45.000Z,2026-08-10T19:05:51.000Z,2026-08-10T19:05:51.000Z,,37.82,2026-08-10T19:05:51.000Z,cancel,Valid Cancel,annual,2027-08-10T18:12:33.000Z,2027-08-10T18:12:33.000Z,3.0,3.0,60.0,Brightback,,,,,,,1673811,2026-08-10T18:12:31.000Z,,2026-08-10T18:12:33.000Z,,h_095257538d35a48e,,1,2026-08-10T18:12:33.000Z,USD,u_7d28567b989cd14f,ACTIVE,h_c86e87324e990d4c,[name],60.0,annual_plus,,2026-08-10T18:12:33.000Z,teacher,,1,annual_plus,2026-08-10T18:12:33.000Z,_UNKNOWN,6000,YEAR,annual_plus,7ldb9lCl3Zq,Middle School,[name],2027-08-10T18:12:33.000Z,,300,,2027-08-10T18:12:33.000Z,2026-08-10T18:12:33.000Z,6000,[name],,https://www.supersummary.com/subscription,https://www.supersummary.com/subscription/confirming/cancel,,Teacher Experience [July 2025] [40% one-time / Modal],,08-10-2026,,08-10-2026,08-10-2026,08-10-2026,08-10-2026,,08-10-2026,08-10-2027
Wg8AIVd_91f3f216f14e638b,1634715,,fallback,,,[name],[name],[name],SuperSummary wasn’t helpful enough,global_economic_reasons_897286504,Reliability or performance issues,reliability,,Product (SaaS),product,1,,,u_9ef60f5a011aff9c,,,,0,9.95,,Canceled,2026-08-10T18:31:49.000Z,2026-08-10T18:32:18.000Z,2026-08-10T18:32:19.000Z,,37.84,2026-08-10T18:33:16.000Z,cancel,Valid Cancel,monthly,2026-09-10T18:26:02.000Z,2026-09-10T18:26:02.000Z,9.95,9.95,9.95,Brightback,,,,,,,1634715,2026-05-10T18:26:00.000Z,,2026-05-10T18:26:02.000Z,,h_f137e0d4e5824db7,,1,2026-05-10T18:26:02.000Z,USD,u_9ef60f5a011aff9c,ACTIVE,h_19defb5164f236f5,[name],9.95,monthly_essentials,,2026-08-10T18:26:02.000Z,other,,1,monthly_essentials,2026-05-10T18:26:02.000Z,_UNKNOWN,995,MONTH,monthly_essentials,,,[name],2026-09-10T18:26:02.000Z,,995,,2026-09-10T18:26:02.000Z,2026-05-10T18:26:02.000Z,995,[name],,https://www.supersummary.com/subscription,https://www.supersummary.com/subscription/confirming/cancel,,Default/Fallback [July 2025] [25% one time / No entry modal],,05-10-2026,,08-10-2026,05-10-2026,05-10-2026,05-10-2026,,05-10-2026,09-10-2026
Wg8AGb5_8c1ca02901209e43,1722867,,Students; fallback,,,[name],[name],[name],SuperSummary wasn’t helpful enough,global_economic_reasons_897286504,Reliability or performance issues,reliability,,Product (SaaS),product,1,..,,u_cd36e3fd4f9dcc46,..,,,1,60.0,,Canceled,2026-08-10T16:37:15.000Z,2026-08-10T16:38:17.000Z,2026-08-10T16:38:18.000Z,,37.92,2026-08-10T16:38:18.000Z,cancel,Valid Cancel,annual,2027-08-10T11:15:38.000Z,2027-08-10T11:15:38.000Z,5.0,5.0,60.0,Brightback,,,,,,,1722867,2026-08-10T11:11:06.000Z,,2026-08-10T11:15:38.000Z,,h_5b8f4b45570a7fbe,,1,2026-08-10T11:15:38.000Z,USD,u_cd36e3fd4f9dcc46,ACTIVE,h_ea1db9eb9ff1b57d,[name],60.0,annual_plus,,2026-08-10T11:15:38.000Z,student,,1,annual_plus,2026-08-10T11:15:38.000Z,_UNKNOWN,6000,YEAR,annual_plus,,College,[name],2027-08-10T11:15:38.000Z,,500,,2027-08-10T11:15:38.000Z,2026-08-10T11:15:38.000Z,6000,[name],,https://www.supersummary.com/subscription,https://www.supersummary.com/subscription/confirming/cancel,,Student Experience [July 2025] [25% one-time / No Entry Modal],,08-10-2026,,08-10-2026,08-10-2026,08-10-2026,08-10-2026,,08-10-2026,08-10-2027
Wg8AFUD_8c01b53b3884eedf,1723094,,Teachers; fallback,,,[name],[name],[name],SuperSummary wasn’t helpful enough,global_economic_reasons_897286504,Reliability or performance issues,reliability,,Product (SaaS),product,2,I will do some more research to see what else is out there,,u_b9f92a744476aaf2,,,,0,9.95,,Canceled,2026-08-10T15:30:18.000Z,2026-08-10T15:31:00.000Z,2026-08-10T15:31:01.000Z,,37.96,2026-08-10T15:31:01.000Z,cancel,Valid Cancel,monthly,2026-09-10T15:21:27.000Z,2026-09-10T15:21:27.000Z,9.95,9.95,9.95,Brightback,,,,,,,1723094,2026-08-10T15:21:26.000Z,,2026-08-10T15:21:27.000Z,,h_ce88bf205be80891,,1,2026-08-10T15:21:27.000Z,USD,u_b9f92a744476aaf2,ACTIVE,h_103257e8b0d2e15c,[name],9.95,monthly_essentials,,2026-08-10T15:21:27.000Z,teacher,,1,monthly_essentials,2026-08-10T15:21:27.000Z,_UNKNOWN,995,MONTH,monthly_essentials,,Middle School,[name],2026-09-10T15:21:27.000Z,,995,,2026-09-10T15:21:27.000Z,2026-08-10T15:21:27.000Z,995,[name],,https://www.supersummary.com/subscription,https://www.supersummary.com/subscription/confirming/cancel,,Teacher Experience [July 2025] [40% one-time / Modal],,08-10-2026,,08-10-2026,08-10-2026,08-10-2026,08-10-2026,,08-10-2026,09-10-2026
Wg8AFAD_9bda650e7f9470a8,6oqo9VRrdFKw8Qqk,,Teachers; fallback,,,[name],[name],,SuperSummary wasn’t helpful enough,global_economic_reasons_897286504,Reliability or performance issues,reliability,,Product (SaaS),product,1,,,u_fe9fbf82aed50ffb,,,,0,,,Canceled,2026-08-10T15:10:15.000Z,2026-08-10T15:10:43.000Z,2026-08-10T15:10:43.000Z,,37.98,2026-08-10T15:10:43.000Z,cancel,Valid Cancel,annual,2027-08-10T04:16:29.000Z,2027-08-10T04:16:29.000Z,5.0,5.0,60.0,Brightback,,,,,,,6oqo9VRrdFKw8Qqk,2026-08-10T04:16:27.000Z,,2026-08-10T04:16:29.000Z,,h_fce3d1a723bb34a1,,1,2026-08-10T04:16:29.000Z,USD,u_fe9fbf82aed50ffb,ACTIVE,h_57b37fd3e86c0631,[name],,,,2026-08-10T04:16:29.000Z,teacher,,1,annual_plus,2026-08-10T04:16:29.000Z,_UNKNOWN,6000,YEAR,,,College,[name],2027-08-10T04:16:29.000Z,,500,,2027-08-10T04:16:29.000Z,2026-08-10T04:16:29.000Z,6000,,,,,,Teacher Experience [July 2025] [40% one-time / Modal],,08-10-2026,,08-10-2026,08-10-2026,08-10-2026,08-10-2026,,08-10-2026,08-10-2027
Wg8ADEP_a4d5cdef6fc04055,6olOsVR9FKjB7v74,,fallback,,,[name],[name],,SuperSummary wasn’t helpful enough,global_economic_reasons_897286504,Reliability or performance issues,reliability,,Product (SaaS),product,1,,,u_47b39464d702fd75,,,,0,,,Canceled,2026-08-10T13:14:29.000Z,2026-08-10T13:15:03.000Z,2026-08-10T13:15:03.000Z,,38.06,2026-08-10T13:15:03.000Z,cancel,Valid Cancel,annual,2027-08-02T14:05:31.000Z,2027-08-02T14:05:31.000Z,3.0,3.0,36.0,Brightback,,,,,,,6olOsVR9FKjB7v74,2026-08-02T14:05:28.000Z,,2026-08-02T14:05:31.000Z,,h_d25348b6a89212cf,,1,2026-08-02T14:05:31.000Z,USD,u_47b39464d702fd75,ACTIVE,h_6ee37adf1317491b,[name],,,,2026-08-02T14:05:31.000Z,other,,1,annual_essentials,2026-08-02T14:05:31.000Z,_UNKNOWN,3600,YEAR,,,,[name],2027-08-02T14:05:31.000Z,,300,,2027-08-02T14:05:31.000Z,2026-08-02T14:05:31.000Z,3600,,,,,,Default/Fallback [July 2025] [25% one time / No entry modal],,08-02-2026,,08-10-2026,08-02-2026,08-02-2026,08-02-2026,,08-02-2026,08-02-2027
Wg8ABfH_ad53fe1264ad0377,1722880,,fallback,,,[name],[name],[name],SuperSummary wasn’t helpful enough,global_economic_reasons_897286504,Reliability or performance issues,reliability,,Product (SaaS),product,1,,,u_085edf1cf149a47f,,,,0,36.0,,Canceled,2026-08-10T11:41:28.000Z,2026-08-10T11:42:50.000Z,2026-08-10T11:42:51.000Z,,38.12,2026-08-10T11:42:51.000Z,cancel,Valid Cancel,annual,2026-08-10T13:51:53.000Z,2026-08-10T13:51:53.000Z,3.0,3.0,36.0,Brightback,,,,,,,1722880,2026-08-10T11:35:48.000Z,,2026-08-10T11:35:50.000Z,,h_0edf009a837da21b,,1,2026-08-10T11:35:50.000Z,USD,u_085edf1cf149a47f,ACTIVE,h_95c5fa3731eebdda,[name],36.0,annual_essentials,,2026-08-10T11:35:50.000Z,avid_reader,,1,annual_essentials,2026-08-10T11:35:50.000Z,_UNKNOWN,3600,YEAR,annual_essentials,,,[name],2027-08-10T11:35:50.000Z,,300,,2027-08-10T11:35:50.000Z,2026-08-10T11:35:50.000Z,3600,[name],,https://www.supersummary.com/subscription,https://www.supersummary.com/subscription/confirming/cancel,,Default/Fallback [July 2025] [25% one time / No entry modal],,08-10-2026,,08-10-2026,08-10-2026,08-10-2026,08-10-2026,,08-10-2026,08-10-2027
Wg8A3Yp_aebaf630718b468a,16BRLNVRrSF0O8N5i,,Students; fallback,,,[name],[name],,SuperSummary wasn’t helpful enough,global_economic_reasons_897286504,Reliability or performance issues,reliability,,Product (SaaS),product,1,Something better?,,u_809c85e1eb90edef,Be better,,,1,,,Canceled,2026-08-10T03:34:54.000Z,2026-08-10T03:35:25.000Z,2026-08-10T03:35:25.000Z,,38.46,2026-08-10T03:35:25.000Z,cancel,Valid Cancel,annual,2027-08-10T03:32:46.000Z,2027-08-10T03:32:46.000Z,3.0,3.0,36.0,Brightback,,,,,,,16BRLNVRrSF0O8N5i,2026-08-10T03:32:45.000Z,,2026-08-10T03:32:46.000Z,,h_6cb63ea9e2d230af,,1,2026-08-10T03:32:46.000Z,USD,u_809c85e1eb90edef,ACTIVE,h_89a9d11989a49dab,[name],,,,2026-08-10T03:32:46.000Z,student,,1,annual_essentials,2026-08-10T03:32:46.000Z,_UNKNOWN,3600,YEAR,,,College,[name],2027-08-10T03:32:46.000Z,,300,,2027-08-10T03:32:46.000Z,2026-08-10T03:32:46.000Z,3600,,,,,,Student Experience [July 2025] [25% one-time / No Entry Modal],,08-10-2026,,08-10-2026,08-10-2026,08-10-2026,08-10-2026,,08-10-2026,08-10-2027
Wg8A3Wa_acda239925785c9c,AzZWZDVRoLlfq65BJ,,Book Club Members; fallback,,,[name],[name],,SuperSummary wasn’t helpful enough,global_economic_reasons_897286504,Reliability or performance issues,reliability,,Product (SaaS),product,2,Sparksnotes or cliffnotes,,u_4d8abb6b4397259a,Having more detailed summaries,,,1,,,Canceled,2026-08-10T03:32:39.000Z,2026-08-10T03:33:14.000Z,2026-08-10T03:33:14.000Z,,38.46,2026-08-10T03:33:14.000Z,cancel,Valid Cancel,annual,2027-08-09T14:48:14.000Z,2027-08-09T14:48:14.000Z,3.0,3.0,36.0,Brightback,,,,,,,AzZWZDVRoLlfq65BJ,2026-08-09T14:48:13.000Z,,2026-08-09T14:48:14.000Z,,h_707b1a00c5379ec8,,1,2026-08-09T14:48:14.000Z,USD,u_4d8abb6b4397259a,ACTIVE,h_3667f94d39930394,[name],,,,2026-08-09T14:48:14.000Z,book_club_member,,1,annual_essentials,2026-08-09T14:48:14.000Z,_UNKNOWN,3600,YEAR,,,,[name],2027-08-09T14:48:14.000Z,,300,,2027-08-09T14:48:14.000Z,2026-08-09T14:48:14.000Z,3600,,,,,,BCM Experience [July 2025] [25% one-time / No Entry Modal],,08-09-2026,,08-10-2026,08-09-2026,08-09-2026,08-09-2026,,08-09-2026,08-09-2027
Wg880oO_9545fb243a3cf254,16CGUzUJDcqCJLex5,,Students; Annual,,,[name],[name],,SuperSummary wasn’t helpful enough,global_economic_reasons_897286504,Reliability or performance issues,reliability,,Product (SaaS),product,1,,,u_954dc2f81d60c3e2,,,,0,,,Canceled,2026-08-08T00:50:27.000Z,2026-08-08T00:50:52.000Z,2026-08-08T00:50:52.000Z,,40.58,2026-08-08T00:50:52.000Z,cancel,Valid Cancel,annual,2027-07-22T02:22:20.000Z,2027-07-22T02:22:20.000Z,3.0,3.0,36.0,Brightback,,,,,,,16CGUzUJDcqCJLex5,2024-07-22T02:22:18.000Z,,2024-07-22T02:22:20.000Z,,h_ebf8000735e00163,,1,2024-07-22T02:22:20.000Z,USD,u_954dc2f81d60c3e2,ACTIVE,h_9b624449333eba0e,[name],,,,2026-07-22T02:22:20.000Z,student,,1,annual,2024-07-22T02:22:20.000Z,_UNKNOWN,3600,YEAR,,,College,[name],2027-07-22T02:22:20.000Z,,300,,2027-07-22T02:22:20.000Z,2024-07-22T02:22:20.000Z,3600,,,,,,Student Experience [July 2025] [25% one-time / No Entry Modal],,07-22-2024,,08-08-2026,07-22-2024,07-22-2024,07-22-2024,,07-22-2024,07-22-2027
Wg87MDo_af85f950d4aa3ecd,1720473,,Teachers; fallback,,,[name],[name],[name],SuperSummary wasn’t helpful enough,global_economic_reasons_897286504,Reliability or performance issues,reliability,,Product (SaaS),product,4,,,u_e5dc3923853d13ce,,,,0,60.0,,Canceled,2026-08-07T22:13:55.000Z,2026-08-07T22:14:15.000Z,2026-08-07T22:14:16.000Z,,40.68,2026-08-07T22:14:16.000Z,cancel,Valid Cancel,annual,2027-08-07T21:19:42.000Z,2027-08-07T21:19:42.000Z,5.0,5.0,60.0,Brightback,,,,,,,1720473,2026-08-07T21:19:41.000Z,,2026-08-07T21:19:42.000Z,,h_6cc65f82d9963cba,,1,2026-08-07T21:19:42.000Z,USD,u_e5dc3923853d13ce,ACTIVE,h_a4b638c6690cd862,[name],60.0,annual_plus,,2026-08-07T21:19:42.000Z,teacher,,1,annual_plus,2026-08-07T21:19:42.000Z,_UNKNOWN,6000,YEAR,annual_plus,,Middle School,[name],2027-08-07T21:19:42.000Z,,500,,2027-08-07T21:19:42.000Z,2026-08-07T21:19:42.000Z,6000,[name],,https://www.supersummary.com/subscription,https://www.supersummary.com/subscription/confirming/cancel,,Teacher Experience [July 2025] [40% one-time / Modal],,08-07-2026,,08-07-2026,08-07-2026,08-07-2026,08-07-2026,,08-07-2026,08-07-2027
Wg87KA8_9f3e0038a591408c,AzyaS4VRGGqW12R1e,,Students; fallback,,,[name],[name],,SuperSummary wasn’t helpful enough,global_economic_reasons_897286504,Reliability or performance issues,reliability,,Product (SaaS),product,1,None ,,u_7243f5ba1f161578,,,,0,,,Canceled,2026-08-07T20:10:13.000Z,2026-08-07T20:11:10.000Z,2026-08-07T20:11:11.000Z,,40.77,2026-08-07T20:11:11.000Z,cancel,Valid Cancel,annual,2027-08-03T18:55:26.000Z,2027-08-03T18:55:26.000Z,3.0,3.0,36.0,Brightback,,,,,,,AzyaS4VRGGqW12R1e,2026-08-03T18:55:24.000Z,,2026-08-03T18:55:26.000Z,,h_4ae6d5104f373a76,,1,2026-08-03T18:55:26.000Z,USD,u_7243f5ba1f161578,ACTIVE,h_db4556c839f3a483,[name],,,,2026-08-03T18:55:26.000Z,student,,1,annual_essentials,2026-08-03T18:55:26.000Z,_UNKNOWN,3600,YEAR,,,College,[name],2027-08-03T18:55:26.000Z,,300,,2027-08-03T18:55:26.000Z,2026-08-03T18:55:26.000Z,3600,,,,,,Student Experience [July 2025] [25% one-time / No Entry Modal],,08-03-2026,,08-07-2026,08-03-2026,08-03-2026,08-03-2026,,08-03-2026,08-03-2027
Wg87GQl_b90ade051db71d9f,1298527,,Book Club Members; fallback,,,[name],[name],[name],SuperSummary wasn’t helpful enough,global_economic_reasons_897286504,Reliability or performance issues,reliability,,Product (SaaS),product,5,Actually read book,,u_e0188a3a0993df0b,Proofread Super Summaries better--correct typos and grammar errors,,,1,60.0,,Canceled,2026-08-07T16:27:28.000Z,2026-08-07T16:29:02.000Z,2026-08-07T16:29:02.000Z,,40.92,2026-08-07T16:29:02.000Z,cancel,Valid Cancel,annual,2027-08-01T22:14:57.000Z,2027-08-01T22:14:57.000Z,5.0,5.0,60.0,Brightback,,,,,,,1298527,2026-08-01T22:14:54.000Z,,2026-08-01T22:14:57.000Z,,h_742d626ed2690ed7,,1,2026-08-01T22:14:57.000Z,USD,u_e0188a3a0993df0b,ACTIVE,h_8521904b5e56aa13,[name],60.0,annual_plus,,2026-08-01T22:14:57.000Z,book_club_member,,1,annual_plus,2026-08-01T22:14:57.000Z,_UNKNOWN,6000,YEAR,annual_plus,,,[name],2027-08-01T22:14:57.000Z,,500,,2027-08-01T22:14:57.000Z,2026-08-01T22:14:57.000Z,6000,[name],,https://www.supersummary.com/subscription,https://www.supersummary.com/subscription/confirming/cancel,,BCM Experience [July 2025] [25% one-time / No Entry Modal],,08-01-2026,,08-07-2026,08-01-2026,08-01-2026,08-01-2026,,08-01-2026,08-01-2027
Wg873OP_8c10391a3e5e270a,AzqJ6vVR9aeOWcL,,fallback,,,[name],[name],,SuperSummary wasn’t helpful enough,global_economic_reasons_897286504,Reliability or performance issues,reliability,,Product (SaaS),product,3,Pen and paper mind map.,,u_c6422118717251c4,When you have more of the books I read. I loved the timeline quiz. ,,,1,,,Canceled,2026-08-07T03:24:31.000Z,2026-08-07T03:27:27.000Z,2026-08-07T03:27:28.000Z,,41.47,2026-08-07T03:27:28.000Z,cancel,Valid Cancel,annual,2027-08-02T15:30:11.000Z,2027-08-02T15:30:11.000Z,3.0,3.0,36.0,Brightback,,,,,,,AzqJ6vVR9aeOWcL,2026-08-02T15:30:09.000Z,,2026-08-02T15:30:11.000Z,,h_15e0db7a7ce18bfb,,1,2026-08-02T15:30:11.000Z,USD,u_c6422118717251c4,ACTIVE,h_ef2297126f88cec8,[name],,,,2026-08-02T15:30:11.000Z,avid_reader,,1,annual_essentials,2026-08-02T15:30:11.000Z,_UNKNOWN,3600,YEAR,,,,[name],2027-08-02T15:30:11.000Z,,300,,2027-08-02T15:30:11.000Z,2026-08-02T15:30:11.000Z,3600,,,,,,Default/Fallback [July 2025] [25% one time / No entry modal],,08-02-2026,,08-07-2026,08-02-2026,08-02-2026,08-02-2026,,08-02-2026,08-02-2027
Wg86GO5_85801a15593f3873,1673409,,Book Club Members; fallback,,,[name],[name],[name],SuperSummary wasn’t helpful enough,global_economic_reasons_897286504,Reliability or performance issues,reliability,,Product (SaaS),product,2,I will use AI,,u_05f6f4e1331029e6,Not sure,,,1,36.0,,Canceled,2026-08-06T16:24:13.000Z,2026-08-06T16:27:05.000Z,2026-08-06T16:27:06.000Z,,41.93,2026-08-15T02:41:27.000Z,cancel,Valid Cancel,annual,2027-08-03T20:44:03.000Z,2027-08-03T20:44:03.000Z,3.0,3.0,36.0,Brightback,,,,,,,1673409,2026-08-03T20:44:00.000Z,,2026-08-03T20:44:03.000Z,,h_5fc863ff35ad7679,,1,2026-08-03T20:44:03.000Z,USD,u_05f6f4e1331029e6,ACTIVE,h_22f585492406d315,[name],36.0,annual_essentials,,2026-08-03T20:44:03.000Z,book_club_member,,1,annual_essentials,2026-08-03T20:44:03.000Z,_UNKNOWN,3600,YEAR,annual_essentials,,,[name],2027-08-03T20:44:03.000Z,,300,,2027-08-03T20:44:03.000Z,2026-08-03T20:44:03.000Z,3600,[name],,https://www.supersummary.com/subscription,https://www.supersummary.com/subscription/confirming/cancel,,BCM Experience [July 2025] [25% one-time / No Entry Modal],,08-03-2026,,08-06-2026,08-03-2026,08-03-2026,08-03-2026,,08-03-2026,08-03-2027
Wg86BDv_b51031ccc664e5c3,1708503,,fallback,,,[name],[name],[name],SuperSummary wasn’t helpful enough,global_economic_reasons_897286504,Reliability or performance issues,reliability,,Product (SaaS),product,1,,,u_681b07e0b6b79d91,,,,0,36.0,,Canceled,2026-08-06T11:14:49.000Z,2026-08-06T11:15:48.000Z,2026-08-06T11:15:48.000Z,,42.14,2026-08-06T11:15:48.000Z,cancel,Valid Cancel,annual,2027-07-27T18:34:17.000Z,2027-07-27T18:34:17.000Z,3.0,3.0,36.0,Brightback,,,,,,,1708503,2026-07-27T18:34:16.000Z,,2026-07-27T18:34:17.000Z,,h_853cb2a673a5ddd0,,1,2026-07-27T18:34:17.000Z,USD,u_681b07e0b6b79d91,ACTIVE,h_06157040d788073f,[name],36.0,annual_essentials,,2026-07-27T18:34:17.000Z,other,,1,annual_essentials,2026-07-27T18:34:17.000Z,_UNKNOWN,3600,YEAR,annual_essentials,,,[name],2027-07-27T18:34:17.000Z,,300,,2027-07-27T18:34:17.000Z,2026-07-27T18:34:17.000Z,3600,[name],,https://www.supersummary.com/subscription,https://www.supersummary.com/subscription/confirming/cancel,,Default/Fallback [July 2025] [25% one time / No entry modal],,07-27-2026,,08-06-2026,07-27-2026,07-27-2026,07-27-2026,,07-27-2026,07-27-2027
Wg85JXb_9b89c9a9717f2dcb,1718209,,Students; fallback,,,[name],[name],[name],SuperSummary wasn’t helpful enough,global_economic_reasons_897286504,Reliability or performance issues,reliability,,Product (SaaS),product,1,,,u_bd3b38f935025eb8,,,,0,60.0,,Canceled,2026-08-05T19:33:40.000Z,2026-08-05T19:33:53.000Z,2026-08-05T19:33:53.000Z,,42.8,2026-08-05T19:33:53.000Z,cancel,Valid Cancel,annual,2027-08-05T19:31:03.000Z,2027-08-05T19:31:03.000Z,5.0,5.0,60.0,Brightback,,,,,,,1718209,2026-08-05T19:31:01.000Z,,2026-08-05T19:31:03.000Z,,h_3f08093847abd898,,1,2026-08-05T19:31:03.000Z,USD,u_bd3b38f935025eb8,ACTIVE,h_b32d88736f92bcce,[name],60.0,annual_plus,,2026-08-05T19:31:03.000Z,student,,1,annual_plus,2026-08-05T19:31:03.000Z,_UNKNOWN,6000,YEAR,annual_plus,,College,[name],2027-08-05T19:31:03.000Z,,500,,2027-08-05T19:31:03.000Z,2026-08-05T19:31:03.000Z,6000,[name],,https://www.supersummary.com/subscription,https://www.supersummary.com/subscription/confirming/cancel,,Student Experience [July 2025] [25% one-time / No Entry Modal],,08-05-2026,,08-05-2026,08-05-2026,08-05-2026,08-05-2026,,08-05-2026,08-05-2027
Wg85JV4_a098d7364e7c25d5,1260831,,Book Club Members; Annual,,,[name],[name],[name],SuperSummary wasn’t helpful enough,global_economic_reasons_897286504,Reliability or performance issues,reliability,,Product (SaaS),product,4,N,,u_92f413106e4c06e2,,,,0,36.0,,Canceled,2026-08-05T19:31:11.000Z,2026-08-05T19:31:43.000Z,2026-08-05T19:31:43.000Z,,42.8,2026-08-05T19:31:43.000Z,cancel,Valid Cancel,annual,2027-07-15T18:31:13.000Z,2027-07-15T18:31:13.000Z,3.0,3.0,36.0,Brightback,,,,,,,1260831,2025-07-15T18:31:10.000Z,,2025-07-15T18:31:13.000Z,,h_20433de4783bfa3f,,1,2025-07-15T18:31:13.000Z,USD,u_92f413106e4c06e2,ACTIVE,h_f85f20e13401fcb3,[name],36.0,annual,,2026-07-15T18:31:13.000Z,book_club_member,,1,annual,2025-07-15T18:31:13.000Z,_UNKNOWN,3600,YEAR,annual,,,[name],2027-07-15T18:31:13.000Z,,300,,2027-07-15T18:31:13.000Z,2025-07-15T18:31:13.000Z,3600,[name],,https://www.supersummary.com/subscription,https://www.supersummary.com/subscription/confirming/cancel,,BCM Experience [July 2025] [25% one-time / No Entry Modal],,07-15-2025,,08-05-2026,07-15-2025,07-15-2025,07-15-2025,,07-15-2025,07-15-2027
Wg85HpN_8636a40be72a4f46,16CMPJVRRh0taQbU,,Students; fallback,,,[name],[name],,SuperSummary wasn’t helpful enough,global_economic_reasons_897286504,Reliability or performance issues,reliability,,Product (SaaS),product,1,Nothing,,u_a3736cf3bd5267b0,,,,0,,,Canceled,2026-08-05T17:51:26.000Z,2026-08-05T17:51:58.000Z,2026-08-06T04:11:10.000Z,,42.87,2026-08-06T04:11:10.000Z,cancel,Valid Cancel,annual,2027-08-05T17:48:22.000Z,2027-08-05T17:48:22.000Z,3.0,3.0,36.0,Brightback,,,,,,,16CMPJVRRh0taQbU,2026-08-05T17:47:27.000Z,,2026-08-05T17:48:22.000Z,,h_99d0d1ef1cd5c801,,1,2026-08-05T17:48:22.000Z,USD,u_a3736cf3bd5267b0,ACTIVE,h_47261916d8704a50,[name],,,,2026-08-05T17:48:22.000Z,student,,1,annual_essentials,2026-08-05T17:48:22.000Z,_UNKNOWN,3600,YEAR,,,College,[name],2027-08-05T17:48:22.000Z,,300,,2027-08-05T17:48:22.000Z,2026-08-05T17:48:22.000Z,3600,,,,,,Student Experience [July 2025] [25% one-time / No Entry Modal],,08-05-2026,,08-05-2026,08-05-2026,08-05-2026,08-05-2026,,08-05-2026,08-05-2027
Wg85FmE_88da102c51c5cf3d,16BRvDVQtQyf03Ndr,,fallback,,,[name],[name],,SuperSummary wasn’t helpful enough,global_economic_reasons_897286504,Reliability or performance issues,reliability,,Product (SaaS),product,7,,,u_7d263e73d162b57e,,,,0,,,Canceled,2026-08-05T15:48:25.000Z,2026-08-05T15:51:11.000Z,2026-08-05T15:51:11.000Z,,42.95,2026-08-05T15:51:11.000Z,cancel,Valid Cancel,annual,2027-07-30T21:11:24.000Z,2027-07-30T21:11:24.000Z,5.0,5.0,60.0,Brightback,,,,,,,16BRvDVQtQyf03Ndr,2026-07-30T21:11:23.000Z,,2026-07-30T21:11:24.000Z,,h_7323b4864f6fc508,,1,2026-07-30T21:11:24.000Z,USD,u_7d263e73d162b57e,ACTIVE,h_e9757a380cf63e46,[name],,,,2026-07-30T21:11:24.000Z,avid_reader,,1,annual_plus,2026-07-30T21:11:24.000Z,_UNKNOWN,6000,YEAR,,,,[name],2027-07-30T21:11:24.000Z,,500,,2027-07-30T21:11:24.000Z,2026-07-30T21:11:24.000Z,6000,,,,,,Default/Fallback [July 2025] [25% one time / No entry modal],,07-30-2026,,08-05-2026,07-30-2026,07-30-2026,07-30-2026,,07-30-2026,07-30-2027
Wg85FjR_94be61dacb3517c6,1273298,,fallback,,,[name],[name],[name],SuperSummary wasn’t helpful enough,global_economic_reasons_897286504,Reliability or performance issues,reliability,,Product (SaaS),product,1,,,u_3481908aefe333da,,,,0,36.0,,Canceled,2026-08-05T15:45:50.000Z,2026-08-05T15:46:34.000Z,2026-08-05T15:46:34.000Z,,42.95,2026-08-05T15:46:34.000Z,cancel,Valid Cancel,annual,2027-08-01T00:34:39.000Z,2027-08-01T00:34:39.000Z,3.0,3.0,36.0,Brightback,,,,,,,1273298,2025-08-01T00:34:37.000Z,,2025-08-01T00:34:39.000Z,,h_cf0b412920e64dcf,,1,2025-08-01T00:34:39.000Z,USD,u_3481908aefe333da,ACTIVE,h_9e925270b26817c7,[name],36.0,annual,,2026-08-01T00:34:39.000Z,other,,1,annual,2025-08-01T00:34:39.000Z,_UNKNOWN,3600,YEAR,annual,,,[name],2027-08-01T00:34:39.000Z,,300,,2027-08-01T00:34:39.000Z,2025-08-01T00:34:39.000Z,3600,[name],,https://www.supersummary.com/subscription,https://www.supersummary.com/subscription/confirming/cancel,,Default/Fallback [July 2025] [25% one time / No entry modal],,08-01-2025,,08-05-2026,08-01-2025,08-01-2025,08-01-2025,,08-01-2025,08-01-2027
Wg84JId_85991ac047669baf,1691288,,Parents; fallback,,,[name],[name],[name],SuperSummary wasn’t helpful enough,global_economic_reasons_897286504,Reliability or performance issues,reliability,,Product (SaaS),product,5,,,u_23252bb051558693,-,,,1,9.95,,Canceled,2026-08-04T19:18:46.000Z,2026-08-04T19:19:10.000Z,2026-08-04T19:19:10.000Z,,43.81,2026-08-04T19:19:10.000Z,cancel,Valid Cancel,monthly,2026-08-07T00:17:03.000Z,2026-08-07T00:17:03.000Z,9.95,9.95,9.95,Brightback,,,,,,,1691288,2026-07-07T00:17:02.000Z,,2026-07-07T00:17:03.000Z,,h_0b7d7c8133e05741,,1,2026-07-07T00:17:03.000Z,USD,u_23252bb051558693,ACTIVE,h_e859fe7be586b8c2,[name],9.95,monthly_essentials,,2026-07-07T00:17:03.000Z,parent_of_student,,1,monthly_essentials,2026-07-07T00:17:03.000Z,_UNKNOWN,995,MONTH,monthly_essentials,,Postgrad Program,[name],2026-08-07T00:17:03.000Z,,995,,2026-08-07T00:17:03.000Z,2026-07-07T00:17:03.000Z,995,[name],,https://www.supersummary.com/subscription,https://www.supersummary.com/subscription/confirming/cancel,,Parent Experience [July 2025] [25% one-time / No Entry Modal],,07-07-2026,,08-04-2026,07-07-2026,07-07-2026,07-07-2026,,07-07-2026,08-07-2026
Wg84FtS_84c78a1f00660a57,1715617,,Book Club Members; fallback,,,[name],[name],[name],SuperSummary wasn’t helpful enough,global_economic_reasons_897286504,Reliability or performance issues,reliability,,Product (SaaS),product,1,,,u_65c7941e903103a0,,,,0,16.65,,Canceled,2026-08-04T15:55:32.000Z,2026-08-04T15:55:57.000Z,2026-08-04T15:55:57.000Z,,43.95,2026-08-04T15:55:57.000Z,cancel,Valid Cancel,monthly,2026-09-03T22:02:08.000Z,2026-09-03T22:02:08.000Z,16.65,16.65,16.65,Brightback,,,,,,,1715617,2026-08-03T22:02:06.000Z,,2026-08-03T22:02:08.000Z,,h_a2171c38798d7a44,,1,2026-08-03T22:02:08.000Z,USD,u_65c7941e903103a0,ACTIVE,h_be12d826bec42341,[name],16.65,monthly_plus,,2026-08-03T22:02:08.000Z,book_club_member,,1,monthly_plus,2026-08-03T22:02:08.000Z,_UNKNOWN,1665,MONTH,monthly_plus,,,[name],2026-09-03T22:02:08.000Z,,1665,,2026-09-03T22:02:08.000Z,2026-08-03T22:02:08.000Z,1665,[name],,https://www.supersummary.com/subscription,https://www.supersummary.com/subscription/confirming/cancel,,BCM Experience [July 2025] [25% one-time / No Entry Modal],,08-03-2026,,08-04-2026,08-03-2026,08-03-2026,08-03-2026,,08-03-2026,09-03-2026
Wg84Dn7_81104b3d2d0711f1,1701925,,Book Club Members; fallback,,,[name],[name],[name],SuperSummary wasn’t helpful enough,global_economic_reasons_897286504,Reliability or performance issues,reliability,,Product (SaaS),product,5,nothing,,u_7f0ca42c8f3d031a,have the book i wanted,,,1,36.0,,Canceled,2026-08-04T13:49:19.000Z,2026-08-04T13:51:06.000Z,2026-08-04T13:51:06.000Z,,44.03,2026-08-04T13:51:06.000Z,cancel,Valid Cancel,annual,2027-07-21T00:39:34.000Z,2027-07-21T00:39:34.000Z,3.0,3.0,36.0,Brightback,,,,,,,1701925,2026-07-21T00:39:32.000Z,,2026-07-21T00:39:34.000Z,,h_3db63c725af172a7,,1,2026-07-21T00:39:34.000Z,USD,u_7f0ca42c8f3d031a,ACTIVE,h_ef1fb5f8b024ede2,[name],36.0,annual_essentials,,2026-07-21T00:39:34.000Z,book_club_member,,1,annual_essentials,2026-07-21T00:39:34.000Z,_UNKNOWN,3600,YEAR,annual_essentials,,,[name],2027-07-21T00:39:34.000Z,,300,,2027-07-21T00:39:34.000Z,2026-07-21T00:39:34.000Z,3600,[name],,https://www.supersummary.com/subscription,https://www.supersummary.com/subscription/confirming/cancel,,BCM Experience [July 2025] [25% one-time / No Entry Modal],,07-21-2026,,08-04-2026,07-21-2026,07-21-2026,07-21-2026,,07-21-2026,07-21-2027
Wg83Ic8_a9b5deff87465b1b,16BXYlVQoYpXX2tro,,Book Club Members; fallback,,,[name],[name],,SuperSummary wasn’t helpful enough,global_economic_reasons_897286504,Reliability or performance issues,reliability,,Product (SaaS),product,2,,,u_8884eec14c47406e,,,,0,,,Canceled,2026-08-03T18:38:17.000Z,2026-08-03T18:40:11.000Z,2026-08-03T18:40:11.000Z,,44.83,2026-08-03T18:40:11.000Z,cancel,Valid Cancel,monthly,2026-08-30T01:11:14.000Z,2026-08-30T01:11:14.000Z,16.65,16.65,16.65,Brightback,,,,,,,16BXYlVQoYpXX2tro,2026-07-30T00:54:55.000Z,,2026-07-30T01:11:14.000Z,,h_8bc9106ebc957be0,,1,2026-07-30T01:11:14.000Z,USD,u_8884eec14c47406e,ACTIVE,h_84fdcf41bb33606a,[name],,,,2026-07-30T01:11:14.000Z,book_club_member,,1,monthly_plus,2026-07-30T01:11:14.000Z,_UNKNOWN,1665,MONTH,,,,[name],2026-08-30T01:11:14.000Z,,1665,,2026-08-30T01:11:14.000Z,2026-07-30T01:11:14.000Z,1665,,,,,,BCM Experience [July 2025] [25% one-time / No Entry Modal],,07-30-2026,,08-03-2026,07-30-2026,07-30-2026,07-30-2026,,07-30-2026,08-30-2026
Wg83Ff3_b4576d316ff6e42f,16BSIHVMXhNuk6E26,,Book Club Members; fallback,,,[name],[name],,SuperSummary wasn’t helpful enough,global_economic_reasons_897286504,Reliability or performance issues,reliability,,Product (SaaS),product,4,,,u_0ee40b5aaaca6cfa,,,,0,,,Canceled,2026-08-03T15:41:08.000Z,2026-08-03T15:41:35.000Z,2026-08-03T15:41:35.000Z,,44.96,2026-08-03T15:41:35.000Z,cancel,Valid Cancel,annual,2027-06-14T18:03:04.000Z,2027-06-14T18:03:04.000Z,5.0,5.0,60.0,Brightback,,,,,,,16BSIHVMXhNuk6E26,2026-06-14T18:03:02.000Z,,2026-06-14T18:03:04.000Z,,h_056fe18f8221a0ff,,1,2026-06-14T18:03:04.000Z,USD,u_0ee40b5aaaca6cfa,ACTIVE,h_cfb438df710aab4e,[name],,,,2026-06-14T18:03:04.000Z,book_club_member,,1,annual_plus,2026-06-14T18:03:04.000Z,_UNKNOWN,6000,YEAR,,,,[name],2027-06-14T18:03:04.000Z,,500,,2027-06-14T18:03:04.000Z,2026-06-14T18:03:04.000Z,6000,,,,,,BCM Experience [July 2025] [25% one-time / No Entry Modal],,06-14-2026,,08-03-2026,06-14-2026,06-14-2026,06-14-2026,,06-14-2026,06-14-2027
Wg83DDt_bc128ea6948eb232,1714949,,Students; fallback,,,[name],[name],[name],SuperSummary wasn’t helpful enough,global_economic_reasons_897286504,Reliability or performance issues,reliability,,Product (SaaS),product,3,,,u_853b9966f9e1b045,,,,0,36.0,,Canceled,2026-08-03T13:14:00.000Z,2026-08-03T13:14:29.000Z,2026-08-03T13:14:29.000Z,,45.06,2026-08-03T13:14:29.000Z,cancel,Valid Cancel,annual,2027-08-03T13:06:54.000Z,2027-08-03T13:06:54.000Z,3.0,3.0,36.0,Brightback,,,,,,,1714949,2026-08-03T13:06:51.000Z,,2026-08-03T13:06:54.000Z,,h_c50a03bb2b36679f,,1,2026-08-03T13:06:54.000Z,USD,u_853b9966f9e1b045,ACTIVE,h_b5c14dfdeb7c5872,[name],36.0,annual_essentials,,2026-08-03T13:06:54.000Z,student,,1,annual_essentials,2026-08-03T13:06:54.000Z,_UNKNOWN,3600,YEAR,annual_essentials,,Middle School,[name],2027-08-03T13:06:54.000Z,,300,,2027-08-03T13:06:54.000Z,2026-08-03T13:06:54.000Z,3600,[name],,https://www.supersummary.com/subscription,https://www.supersummary.com/subscription/confirming/cancel,,Student Experience [July 2025] [25% one-time / No Entry Modal],,08-03-2026,,08-03-2026,08-03-2026,08-03-2026,08-03-2026,,08-03-2026,08-03-2027
Wg837Zl_a7d7160f7f7c3830,1710011,,Parents; fallback,,,[name],[name],[name],SuperSummary wasn’t helpful enough,global_economic_reasons_897286504,Reliability or performance issues,reliability,,Product (SaaS),product,2,,,u_a715997a6dfd2271,The study guide needs to provide more insightful analysis about the text,,,1,16.65,,Canceled,2026-08-03T07:35:58.000Z,2026-08-03T07:40:17.000Z,2026-08-03T07:40:18.000Z,,45.29,2026-08-03T07:40:18.000Z,cancel,Valid Cancel,monthly,2026-08-29T01:02:12.000Z,2026-08-29T01:02:12.000Z,16.65,16.65,16.65,Brightback,,,,,,,1710011,2026-07-29T01:02:09.000Z,,2026-07-29T01:02:12.000Z,,h_9405f2aa3a19767a,,1,2026-07-29T01:02:12.000Z,USD,u_a715997a6dfd2271,ACTIVE,h_a85183913e1beb2e,[name],16.65,monthly_plus,,2026-07-29T01:02:12.000Z,parent_of_student,,1,monthly_plus,2026-07-29T01:02:12.000Z,_UNKNOWN,1665,MONTH,monthly_plus,,Middle School,[name],2026-08-29T01:02:12.000Z,,1665,,2026-08-29T01:02:12.000Z,2026-07-29T01:02:12.000Z,1665,[name],,https://www.supersummary.com/subscription,https://www.supersummary.com/subscription/confirming/cancel,,Parent Experience [July 2025] [25% one-time / No Entry Modal],,07-29-2026,,08-03-2026,07-29-2026,07-29-2026,07-29-2026,,07-29-2026,08-29-2026
Wg8376Y_95f10b73231f4279,AzZapxVR0A8Yy3jNe,,Teachers; fallback,,,[name],[name],,SuperSummary wasn’t helpful enough,global_economic_reasons_897286504,Reliability or performance issues,reliability,,Product (SaaS),product,5,,,u_329569f914d05f30,,,,0,,,Canceled,2026-08-03T07:06:39.000Z,2026-08-03T07:07:07.000Z,2026-08-03T07:07:07.000Z,,45.31,2026-08-03T07:07:07.000Z,cancel,Valid Cancel,annual,2027-08-01T00:48:25.000Z,2027-08-01T00:48:25.000Z,3.0,3.0,36.0,Brightback,,,,,,,AzZapxVR0A8Yy3jNe,2026-07-25T01:41:26.000Z,,2026-08-01T00:48:25.000Z,,h_64dd6e62e76a7365,,1,2026-08-01T00:48:25.000Z,USD,u_329569f914d05f30,ACTIVE,h_e74a3a3c13df4a5e,[name],,,,2026-08-01T00:48:25.000Z,teacher,,1,annual_essentials,2026-08-01T00:48:25.000Z,_UNKNOWN,3600,YEAR,,,High School,[name],2027-08-01T00:48:25.000Z,,300,,2027-08-01T00:48:25.000Z,2026-08-01T00:48:25.000Z,3600,,,,,,Teacher Experience [July 2025] [40% one-time / Modal],,08-01-2026,,08-03-2026,08-01-2026,08-01-2026,07-25-2026,,08-01-2026,08-01-2027
Wg82MLV_8b5a1c607e464881,1713349,,Book Club Members; fallback,,,[name],[name],[name],SuperSummary wasn’t helpful enough,global_economic_reasons_897286504,Reliability or performance issues,reliability,,Product (SaaS),product,1,Friend,,u_3b494e43a20ae16f,Simplify,,,1,60.0,,Canceled,2026-08-02T22:21:43.000Z,2026-08-02T22:23:04.000Z,2026-08-02T22:23:04.000Z,,45.68,2026-08-02T22:23:04.000Z,cancel,Valid Cancel,annual,2027-08-01T19:09:54.000Z,2027-08-01T19:09:54.000Z,5.0,5.0,60.0,Brightback,,,,,,,1713349,2026-08-01T19:09:52.000Z,,2026-08-01T19:09:54.000Z,,h_20546bce2ef74886,,1,2026-08-01T19:09:54.000Z,USD,u_3b494e43a20ae16f,ACTIVE,h_ad476032909fcd53,[name],60.0,annual_plus,,2026-08-01T19:09:54.000Z,book_club_member,,1,annual_plus,2026-08-01T19:09:54.000Z,_UNKNOWN,6000,YEAR,annual_plus,,,[name],2027-08-01T19:09:54.000Z,,500,,2027-08-01T19:09:54.000Z,2026-08-01T19:09:54.000Z,6000,[name],,https://www.supersummary.com/subscription,https://www.supersummary.com/subscription/confirming/cancel,,BCM Experience [July 2025] [25% one-time / No Entry Modal],,08-01-2026,,08-02-2026,08-01-2026,08-01-2026,08-01-2026,,08-01-2026,08-01-2027
Wg82Du1_8019818fc3d0ad38,1713899,,Book Club Members; fallback,,,[name],[name],[name],SuperSummary wasn’t helpful enough,global_economic_reasons_897286504,Reliability or performance issues,reliability,,Product (SaaS),product,2,,,u_54fff4d82ea50ebc,,,,0,36.0,,Canceled,2026-08-02T13:56:31.000Z,2026-08-02T13:57:57.000Z,2026-08-02T13:57:57.000Z,,46.03,2026-08-02T13:57:57.000Z,cancel,Valid Cancel,annual,2026-08-03T14:58:17.000Z,2026-08-03T14:58:17.000Z,3.0,3.0,36.0,Brightback,,,,,,,1713899,2026-08-02T13:42:18.000Z,,2026-08-02T13:42:20.000Z,,h_1355234aa15a23ec,,1,2026-08-02T13:42:20.000Z,USD,u_54fff4d82ea50ebc,ACTIVE,h_7ba8ff32502f0f4c,[name],36.0,annual_essentials,,2026-08-02T13:42:20.000Z,book_club_member,,1,annual_essentials,2026-08-02T13:42:20.000Z,_UNKNOWN,3600,YEAR,annual_essentials,,,[name],2027-08-02T13:42:20.000Z,,300,,2027-08-02T13:42:20.000Z,2026-08-02T13:42:20.000Z,3600,[name],,https://www.supersummary.com/subscription,https://www.supersummary.com/subscription/confirming/cancel,,BCM Experience [July 2025] [25% one-time / No Entry Modal],,08-02-2026,,08-02-2026,08-02-2026,08-02-2026,08-02-2026,,08-02-2026,08-02-2027
Wg82D2X_8ddb9a867ebbf90c,Azq6woVR8xUSp8Mij,,Book Club Members; fallback,,,[name],[name],,SuperSummary wasn’t helpful enough,global_economic_reasons_897286504,Reliability or performance issues,reliability,,Product (SaaS),product,4,Nothing. Please return my money. ,,u_fb01a40960099e9f,By having more / better info. ,,,1,,,Canceled,2026-08-02T13:02:37.000Z,2026-08-02T13:03:25.000Z,2026-08-02T13:03:25.000Z,,46.07,2026-08-02T13:03:25.000Z,cancel,Valid Cancel,monthly,2026-08-03T14:58:04.000Z,2026-08-03T14:58:04.000Z,16.65,16.65,16.65,Brightback,,,,,,,Azq6woVR8xUSp8Mij,2026-08-02T12:54:37.000Z,,2026-08-02T12:54:38.000Z,,h_318c0de3c0bca714,,1,2026-08-02T12:54:38.000Z,USD,u_fb01a40960099e9f,ACTIVE,h_32fcd29350e0d35b,[name],,,,2026-08-02T12:54:38.000Z,book_club_member,,1,monthly_plus,2026-08-02T12:54:38.000Z,_UNKNOWN,1665,MONTH,,,,[name],2026-09-02T12:54:38.000Z,,1665,,2026-09-02T12:54:38.000Z,2026-08-02T12:54:38.000Z,1665,,,,,,BCM Experience [July 2025] [25% one-time / No Entry Modal],,08-02-2026,,08-02-2026,08-02-2026,08-02-2026,08-02-2026,,08-02-2026,09-02-2026
Wg82AYn_89fec527c25cac4a,Azz72aVQgrKMg28Ah,,Students; fallback,,,[name],[name],,SuperSummary wasn’t helpful enough,global_economic_reasons_897286504,Reliability or performance issues,reliability,,Product (SaaS),product,3,,,u_cde2e327627626fc,,,,0,,,Canceled,2026-08-02T10:34:50.000Z,2026-08-02T10:35:05.000Z,2026-08-19T21:04:46.000Z,,46.17,2026-08-19T21:04:46.000Z,cancel,Valid Cancel,annual,2027-07-28T17:34:32.000Z,2027-07-28T17:34:32.000Z,5.0,5.0,60.0,Brightback,,,,,,,Azz72aVQgrKMg28Ah,2026-07-28T17:34:30.000Z,,2026-07-28T17:34:32.000Z,,h_4d8eb6a0f3797640,,1,2026-07-28T17:34:32.000Z,USD,u_cde2e327627626fc,ACTIVE,h_9e81db06c4168b49,[name],,,,2026-07-28T17:34:32.000Z,student,,1,annual_plus,2026-07-28T17:34:32.000Z,_UNKNOWN,6000,YEAR,,,Postgrad Program,[name],2027-07-28T17:34:32.000Z,,500,,2027-07-28T17:34:32.000Z,2026-07-28T17:34:32.000Z,6000,,,,,,Student Experience [July 2025] [25% one-time / No Entry Modal],,07-28-2026,,08-02-2026,07-28-2026,07-28-2026,07-28-2026,,07-28-2026,07-28-2027
Wg82Agp_bb2a8fe35545ef5e,16BjdUVNGA7LYf2B,,Parents; fallback,,,[name],[name],,SuperSummary wasn’t helpful enough,global_economic_reasons_897286504,Reliability or performance issues,reliability,,Product (SaaS),product,2,,,u_a5471b5396259b18,,,,0,,,Canceled,2026-08-02T10:42:59.000Z,2026-08-02T10:44:03.000Z,2026-08-02T10:44:03.000Z,,46.16,2026-08-02T10:44:03.000Z,cancel,Valid Cancel,monthly,2026-08-22T08:33:11.000Z,2026-08-22T08:33:11.000Z,9.95,9.95,9.95,Brightback,,,,,,,16BjdUVNGA7LYf2B,2022-01-17T20:41:37.000Z,,2026-06-22T08:33:11.000Z,,h_07037ab8c46251c0,,1,2026-06-22T08:33:11.000Z,USD,u_a5471b5396259b18,ACTIVE,h_30cebc671abb5e61,[name],,,,2026-07-22T08:33:11.000Z,parent_of_student,,1,monthly_essentials,2026-06-22T08:33:11.000Z,_UNKNOWN,995,MONTH,,,College,[name],2026-08-22T08:33:11.000Z,,995,,2026-08-22T08:33:11.000Z,2026-06-22T08:33:11.000Z,995,,,,,,Parent Experience [July 2025] [25% one-time / No Entry Modal],,06-22-2026,,08-02-2026,06-22-2026,06-22-2026,01-17-2022,,06-22-2026,08-22-2026
Wg81FUp_8a3196ebcdb31ed7,AzypxGTvfkRH61GNF,,Students; Monthly,,,[name],[name],,SuperSummary wasn’t helpful enough,global_economic_reasons_897286504,Reliability or performance issues,reliability,,Product (SaaS),product,10,,,u_655ebfdb49d1efc8,,,,0,,,Canceled,2026-08-01T15:31:03.000Z,2026-08-01T15:31:25.000Z,2026-08-01T15:31:26.000Z,,46.96,2026-08-01T15:31:26.000Z,cancel,Valid Cancel,monthly,2026-08-15T10:15:01.000Z,2026-08-15T10:15:01.000Z,9.95,9.95,9.95,Brightback,,,,,,,AzypxGTvfkRH61GNF,2023-11-15T10:14:59.000Z,,2023-11-15T10:15:01.000Z,,h_52c5404740121d02,,1,2023-11-15T10:15:01.000Z,USD,u_655ebfdb49d1efc8,ACTIVE,h_7003aba9b4e15993,[name],,,,2026-07-15T10:15:01.000Z,student,,1,monthly,2023-11-15T10:15:01.000Z,_UNKNOWN,995,MONTH,,,College,[name],2026-08-15T10:15:01.000Z,,995,,2026-08-15T10:15:01.000Z,2023-11-15T10:15:01.000Z,995,,,,,,Student Experience [July 2025] [40% forever / Modal],,11-15-2023,,08-01-2026,11-15-2023,11-15-2023,11-15-2023,,11-15-2023,08-15-2026
Wg81D3Q_abb56a35f2e2e267,1580270,,fallback,,,[name],[name],[name],SuperSummary wasn’t helpful enough,global_economic_reasons_897286504,Reliability or performance issues,reliability,,Product (SaaS),product,1,na ,,u_d8bc80755603710b,,,,0,9.95,,Canceled,2026-08-01T13:03:30.000Z,2026-08-01T13:03:48.000Z,2026-08-01T13:03:48.000Z,,47.07,2026-08-01T13:05:19.000Z,cancel,Valid Cancel,monthly,2026-08-22T19:03:28.000Z,,0.0,0.0,9.95,Brightback,,,,,,,1580270,2026-04-22T19:03:25.000Z,,2026-04-22T19:03:28.000Z,,h_a5daeb8b57e8da63,,1,2026-04-22T19:03:28.000Z,USD,u_d8bc80755603710b,PAUSED,h_03f8f0de5a312bd8,[name],9.95,monthly_essentials,,2026-07-22T19:03:28.000Z,other,,1,monthly_essentials,2026-04-22T19:03:28.000Z,_UNKNOWN,995,MONTH,monthly_essentials,,,[name],,,0,,2026-08-22T19:03:28.000Z,2026-04-22T19:03:28.000Z,995,[name],,https://www.supersummary.com/subscription,https://www.supersummary.com/subscription/confirming/cancel,,Default/Fallback [July 2025] [25% one time / No entry modal],,04-22-2026,,08-01-2026,04-22-2026,04-22-2026,04-22-2026,,04-22-2026,
Wg814ls_b838219ca926fe3d,1712769,,Book Club Members; fallback,,,[name],[name],[name],SuperSummary wasn’t helpful enough,global_economic_reasons_897286504,Reliability or performance issues,reliability,,Product (SaaS),product,1,,,u_794e19d10f6c6d1c,,,,0,16.65,,Canceled,2026-08-01T04:48:00.000Z,2026-08-01T04:48:57.000Z,2026-08-01T04:48:57.000Z,,47.41,2026-08-01T04:48:57.000Z,cancel,Valid Cancel,monthly,2026-08-31T23:26:09.000Z,2026-08-31T23:26:09.000Z,16.65,16.65,16.65,Brightback,,,,,,,1712769,2026-07-31T23:26:07.000Z,,2026-07-31T23:26:09.000Z,,h_56184069924c45d9,,1,2026-07-31T23:26:09.000Z,USD,u_794e19d10f6c6d1c,ACTIVE,h_95f61e70235fff82,[name],16.65,monthly_plus,,2026-07-31T23:26:09.000Z,book_club_member,,1,monthly_plus,2026-07-31T23:26:09.000Z,_UNKNOWN,1665,MONTH,monthly_plus,,,[name],2026-08-31T23:26:09.000Z,,1665,,2026-08-31T23:26:09.000Z,2026-07-31T23:26:09.000Z,1665,[name],,https://www.supersummary.com/subscription,https://www.supersummary.com/subscription/confirming/cancel,,BCM Experience [July 2025] [25% one-time / No Entry Modal],,07-31-2026,,08-01-2026,07-31-2026,07-31-2026,07-31-2026,,07-31-2026,08-31-2026
