surveyId,surveyName,visitorId,href,createdAt,completedAt,userId,partnerAnonymousId,os,browser,userAgent,customMetadata,triggeringEvent,responseGroupUid,eventProperties,Q1_Question_Text,Q1_Response,Q1_Value,Q1_Response_Other,Q2_Question_Text,Q2_Response,Q2_Value,Q3_Question_Text,Q3_Response,Q3_Choice_1,Q3_Choice_2,Q3_Choice_3,Q3_Choice_4,Q3_Choice_5,Q3_Choice_6,Q3_Choice_7,Q3_Choice_8,Q3_Response_Other,Q4_Question_Text,Q4_Response,Q4_Choice_1,Q4_Choice_2,Q4_Choice_3,Q4_Choice_4,Q4_Choice_5,Q4_Choice_6,Q4_Choice_7,Q4_Choice_8,Q4_Choice_9,Q4_Response_Other,Q5_Question_Text,Q5_Response,Q5_Theme,Q5_Theme_1,Q5_Theme_2,Q5_Theme_3,Q5_Theme_4,Q5_Theme_5,Q5_Theme_6,Q6_Question_Text,Q6_Response,Q6_Theme,Q6_Theme_1,Q6_Theme_2,Q6_Theme_3,Q6_Theme_4,Q6_Theme_5,Q6_Theme_6,Attribute_1,Attribute_2,Attribute_3,Attribute_4,Attribute_5,Attribute_6,Attribute_7,Attribute_8,Attribute_9,Attribute_10,Attribute_11,Attribute_12,Attribute_13,Attribute_14,Attribute_15,Attribute_16,Attribute_17,Attribute_18,Attribute_19,Attribute_20,Attribute_21
Survey ID,Survey Name,Visitor ID,URL,Created At,Completed At,User ID,Partner Anonymous ID,OS,Browser,User Agent,Custom Metadata,Triggering Event,Response Group ID,Event Properties,Have you read this book?*,Have you read this book?*,Have you read this book?*,Other,Is this the kind of book you usually read?*,Is this the kind of book you usually read?*,Is this the kind of book you usually read?*,How did you find this book?*,How did you find this book?*,Recommended by a friend/family member,"Recommended by an app, site, or algorithm (Goodreads, TikTok, Amazon, etc.) because it's similar to books I liked",Read a summary/review and it sounded like the kind of book I like,Saw it on a bestseller/trending list,Recognized the author,Searched for it specifically,Random browsing / stumbled on it,Other,Other,"If you saw a list of books similar to what you're reading (or just finished),
what would you want to see beyond the title and author?*","If you saw a list of books similar to what you're reading (or just finished),
what would you want to see beyond the title and author?*","Why it's similar (shared plot, theme, or mood)","A match score (e.g., ""92% similar"")",Genre or subgenre,Reader ratings or reviews,Page count or estimated reading time,Content or maturity warnings,Whether it's part of a series,Where to read or buy it,Something else,Other,"When you're looking for a book similar to one you liked, what matters most to
you?","When you're looking for a book similar to one you liked, what matters most to
you?",Q5 Theme,Author Preference,Content Suitability,Genre and Setting,Plot and Storyline,Recommendations,Writing Quality,Where do you usually go to find your next book?,Where do you usually go to find your next book?,Q6 Theme,Audiobooks,Book Clubs,Bookstores,Libraries,Online Platforms,Recommendations,appVersion,audience,audienceCategory,email,firstName,gradeLevel,isStaff,isSubscribed,lastDownloadDate,lastName,last_visited_guide,osVersion,planId,planType,sdkVersion,status,subscribed,subscriberStatus,subscriptionDate,tenure,totalGuideDownloads
372491,[BHB] Book Like / Visitors,fd60776a-aedd-452a-9bb5-633f627496ee,https://www.supersummary.com/the-correspondent/summary/?utm_source=google&utm_medium=cpc&utm_campaign=17311150304&utm_content=&utm_term=&gad_source=1&gad_campaignid=17311151426&gbraid=0AAAAADhUVApkfoSowKXnYGBijclkgPx7u&gclid=CjwKCAjwyOzSBhBTEiwAmxvJ-n1KNZQR5suGqGHWOZR1iYJFnHPJB9c9aEYLE4CZeQ-qYONswAzkxBoCBXMQAvD_BwE,07/18/2026 14:27:59,,,,iOS,Mobile Safari,"Mozilla/5.0 (iPhone; CPU iPhone OS 18_7 like Mac OS X) AppleWebKit/605.1.15 (KHTML, like Gecko) Version/26.5 Mobile/15E148 Safari/604.1",{},URL Event 1 for Study 313699,e77a9483-8540-4d90-9493-e4de626a3d59,{},Have you read this book?,"Yes, I'm reading it now",1,,Is this the kind of book you usually read?,"No, this is a departure from what I usually read",3,How did you find this book?,Other,0,0,0,0,0,0,0,1,Reading for a book club,,,,,,,,,,,,,,,,,,,,,,,,,,,,,,,,,,,,,,,,,the-correspondent,,,,,,,Visitor,,,
372491,[BHB] Book Like / Visitors,76c6088e-9162-4cc2-aa05-d3fcc7c2c4d9,https://www.supersummary.com/little-brother/chapters-10-14-summary/,07/18/2026 12:18:24,,,,Mac OS,Chrome,"Mozilla/5.0 (Macintosh; Intel Mac OS X 10_15_7) AppleWebKit/537.36 (KHTML, like Gecko) Chrome/149.0.0.0 Safari/537.36",{},URL Event 1 for Study 313699,9a36c931-5958-4937-aab2-105bc5d98a6d,{},Have you read this book?,"Yes, I'm reading it now",1,,,,,,,,,,,,,,,,,,,,,,,,,,,,,,,,,,,,,,,,,,,,,,,,,,,,,,,,,,,,,,,Visitor,,,
372491,[BHB] Book Like / Visitors,b5646f8a-594d-49b8-8621-37addb103cab,https://www.supersummary.com/a-man-called-ove/summary/?gad_source=1&gad_campaignid=22777187955&gbraid=0AAAAADhUVAoy6UX4Rh9aL-Me41o6f93dA&gclid=EAIaIQobChMI-eGkrpfclQMV6jAIBR16IBoEEAAYASAAEgI24vD_BwE,07/18/2026 12:04:10,,,,Mac OS,Safari,"Mozilla/5.0 (Macintosh; Intel Mac OS X 10_15_7) AppleWebKit/605.1.15 (KHTML, like Gecko) Version/26.5.2 Safari/605.1.15",{},URL Event 1 for Study 313699,e7ff9058-25cf-46b7-b9dd-ed26ff46e1e2,{},Have you read this book?,"No, I’m considering reading it",3,,,,,,,,,,,,,,,,,,,,,,,,,,,,,,,,,,,,,,,,,,,,,,,,,,,,,,,,a-man-called-ove,,,,,,,Visitor,,,
372491,[BHB] Book Like / Visitors,1dad0226-0cb8-45d8-b690-e66a19023e66,https://www.supersummary.com/forty-million-dollar-slaves/summary/,07/18/2026 11:49:35,07/18/2026 11:51:25,,,Android,Chrome,"Mozilla/5.0 (Linux; Android 10; K) AppleWebKit/537.36 (KHTML, like Gecko) Chrome/149.0.0.0 Mobile Safari/537.36",{},URL Event 1 for Study 313699,fdd94905-0d7d-48bb-bf72-1c84bcd378fa,{},Have you read this book?,"No, I’m considering reading it",3,,Is this the kind of book you usually read?,Not sure,4,How did you find this book?,Other,0,0,0,0,0,0,0,1,ONLINE,"If you saw a list of books similar to what you're reading (or just finished),
what would you want to see beyond the title and author?","A match score (e.g., ""92% similar"")",0,1,0,0,0,0,0,0,0,,"When you're looking for a book similar to one you liked, what matters most to
you?",CHANGE THE MINDSET OF BLACK MILLIONAIRES,,,,,,,,Where do you usually go to find your next book?,THE INTERNET,Online Platforms,,,,,1,,,,student,,,,,,,,forty-million-dollar-slaves,,,,,,,Visitor,,,
372491,[BHB] Book Like / Visitors,5eb01e22-6e99-450d-aa9c-d829a2964bed,https://www.supersummary.com/the-surrogate-mother/summary/,07/18/2026 11:18:52,07/18/2026 11:19:16,,,iOS,Chrome,"Mozilla/5.0 (iPhone; CPU iPhone OS 26_5_2 like Mac OS X) AppleWebKit/605.1.15 (KHTML, like Gecko) CriOS/150.0.7871.113 Mobile/15E148 Safari/604.1",{},URL Event 1 for Study 313699,aae10065-b298-43de-8c6b-f9a93436b7e3,{},Have you read this book?,"Yes, I'm reading it now",1,,Is this the kind of book you usually read?,"Yes, very typical for me",1,How did you find this book?,Recognized the author,0,0,0,0,1,0,0,0,,"If you saw a list of books similar to what you're reading (or just finished),
what would you want to see beyond the title and author?",Where to read or buy it,0,0,0,0,0,0,0,1,0,,"When you're looking for a book similar to one you liked, what matters most to
you?",[skipped by user],,,,,,,,Where do you usually go to find your next book?,[skipped by user],,,,,,,,,,,,,,,,,,,,,,,,,Visitor,,,
372491,[BHB] Book Like / Visitors,bf273f8d-9847-4faf-985f-4e32c51f9dd3,https://www.supersummary.com/the-demon-of-unrest/summary/,07/18/2026 10:23:13,07/18/2026 10:24:10,,,iOS,Chrome,"Mozilla/5.0 (iPad; CPU OS 26_5_2 like Mac OS X) AppleWebKit/605.1.15 (KHTML, like Gecko) CriOS/150.0.7871.113 Mobile/15E148 Safari/604.1",{},URL Event 1 for Study 313699,ac4e39a0-06e8-4f40-b1d3-470323f5738b,{},Have you read this book?,"Yes, I'm reading it now",1,,Is this the kind of book you usually read?,"Yes, very typical for me",1,How did you find this book?,Random browsing / stumbled on it,0,0,0,0,0,0,1,0,,"If you saw a list of books similar to what you're reading (or just finished),
what would you want to see beyond the title and author?",Reader ratings or reviews,0,0,0,1,0,0,0,0,0,,"When you're looking for a book similar to one you liked, what matters most to
you?",[skipped by user],,,,,,,,Where do you usually go to find your next book?,[skipped by user],,,,,,,,,,,,,,,,,,the-demon-of-unrest,,,,,,,Visitor,,,
372491,[BHB] Book Like / Visitors,5d5eb315-11c9-4454-9485-611975e31d7c,https://www.supersummary.com/the-sweetest-oblivion/chapters-1-11-summary/#guide_page_title,07/18/2026 06:15:40,07/18/2026 06:16:14,1699797,,Android,Chrome,"Mozilla/5.0 (Linux; Android 10; K) AppleWebKit/537.36 (KHTML, like Gecko) Chrome/150.0.0.0 Mobile Safari/537.36",{},URL Event 1 for Study 313699,b4dc36f0-cf80-4424-9e54-0ff39c509ce6,{},Have you read this book?,"No, I’m considering reading it",3,,Is this the kind of book you usually read?,"Yes, very typical for me",1,How did you find this book?,Searched for it specifically,0,0,0,0,0,1,0,0,,"If you saw a list of books similar to what you're reading (or just finished),
what would you want to see beyond the title and author?","Why it's similar (shared plot, theme, or mood)",1,0,0,0,0,0,0,0,0,,"When you're looking for a book similar to one you liked, what matters most to
you?",[skipped by user],,,,,,,,Where do you usually go to find your next book?,[skipped by user],,,,,,,,,,book_club_member,u_f5e40430482bf50b,,,,,,,the-sweetest-oblivion,,,,,,,Non Converter,,0,
372491,[BHB] Book Like / Visitors,5cb4e009-6f68-43db-ac0b-cac131a31da3,https://www.supersummary.com/the-rachel-incident/summary/,07/18/2026 05:58:22,,,,iOS,Mobile Safari,"Mozilla/5.0 (iPhone; CPU iPhone OS 18_7 like Mac OS X) AppleWebKit/605.1.15 (KHTML, like Gecko) Version/18.7.3 Mobile/15E148 Safari/604.1",{},URL Event 1 for Study 313699,ec4f77d6-5835-4ad1-a236-12e78ac7c06d,{},Have you read this book?,"Yes, I recently finished it",2,,Is this the kind of book you usually read?,"Yes, very typical for me",1,How did you find this book?,Saw it on a bestseller/trending list,0,0,0,1,0,0,0,0,,"If you saw a list of books similar to what you're reading (or just finished),
what would you want to see beyond the title and author?",Reader ratings or reviews,0,0,0,1,0,0,0,0,0,,,,,,,,,,,,,,,,,,,,,,,,,,,,,,,,,,,,,Visitor,,,
372491,[BHB] Book Like / Visitors,8fe9726a-130b-4d93-9b4e-b4ea019232bb,https://www.supersummary.com/the-sirens/summary/,07/18/2026 05:38:04,,,,iOS,Mobile Safari,"Mozilla/5.0 (iPhone; CPU iPhone OS 18_7 like Mac OS X) AppleWebKit/605.1.15 (KHTML, like Gecko) Version/26.5.2 Mobile/15E148 Safari/604.1",{},URL Event 1 for Study 313699,30efc300-95e9-4b7d-8da2-e996566774d2,{},Have you read this book?,"Yes, I recently finished it",2,,,,,,,,,,,,,,,,,,,,,,,,,,,,,,,,,,,,,,,,,,,,,,,,,,,,,,,,the-sirens,,,,,,,Visitor,,,
372491,[BHB] Book Like / Visitors,6a2befa2-df09-4cc6-a2c2-b72777dde356,https://www.supersummary.com/stolen-tongues/summary/#guide_page_title,07/18/2026 04:29:12,,,,iOS,Chrome,"Mozilla/5.0 (iPhone; CPU iPhone OS 26_5_2 like Mac OS X) AppleWebKit/605.1.15 (KHTML, like Gecko) CriOS/150.0.7871.113 Mobile/15E148 Safari/604.1",{},URL Event 1 for Study 313699,c928f35f-e5fd-4697-8152-aecaeb1328c1,{},Have you read this book?,"Yes, I recently finished it",2,,,,,,,,,,,,,,,,,,,,,,,,,,,,,,,,,,,,,,,,,,,,,,,,,,,,,,,,stolen-tongues,,,,,,,Visitor,,,
372491,[BHB] Book Like / Visitors,38c7b416-9401-4558-a6ff-11bcf919d53f,https://www.supersummary.com/the-correspondent/chapters-117-161-summary/#guide_page_title,07/18/2026 03:22:57,,,,iOS,Mobile Safari,"Mozilla/5.0 (iPhone; CPU iPhone OS 18_7 like Mac OS X) AppleWebKit/605.1.15 (KHTML, like Gecko) Version/26.5.2 Mobile/15E148 Safari/604.1",{},URL Event 1 for Study 313699,04737fd3-a583-4395-b014-33e8bc74d577,{},Have you read this book?,"Yes, I recently finished it",2,,,,,,,,,,,,,,,,,,,,,,,,,,,,,,,,,,,,,,,,,,,,,,,,,,,,,,,,the-correspondent,,,,,,,Visitor,,,
372491,[BHB] Book Like / Visitors,adc3954f-d482-44a7-b43a-3bd6b53794c2,https://www.supersummary.com/the-lady-of-the-rivers/summary/,07/18/2026 03:20:02,,,,iOS,Chrome,"Mozilla/5.0 (iPhone; CPU iPhone OS 26_5_2 like Mac OS X) AppleWebKit/605.1.15 (KHTML, like Gecko) CriOS/150.0.7871.113 Mobile/15E148 Safari/604.1",{},URL Event 1 for Study 313699,922ef73e-3ed5-49a3-aa50-fbc75320bb49,{},Have you read this book?,"Yes, I recently finished it",2,,Is this the kind of book you usually read?,"Yes, very typical for me",1,How did you find this book?,Recognized the author,0,0,0,0,1,0,0,0,,"If you saw a list of books similar to what you're reading (or just finished),
what would you want to see beyond the title and author?",Whether it's part of a series,0,0,0,0,0,0,1,0,0,,,,,,,,,,,,,,,,,,,,,,,,,,,,,,,,,,,,,,,,
372491,[BHB] Book Like / Visitors,37fd31ea-4f2d-44cf-ae33-259395742b8b,https://www.supersummary.com/flesh-szalay/summary/,07/18/2026 02:54:03,07/18/2026 02:55:36,1699986,,Android,Chrome,"Mozilla/5.0 (Linux; Android 10; K) AppleWebKit/537.36 (KHTML, like Gecko) Chrome/150.0.0.0 Mobile Safari/537.36",{},URL Event 1 for Study 313699,3b7ad2e5-f61e-4f8b-b5f3-6e5a3245c562,{},Have you read this book?,"Yes, I recently finished it",2,,Is this the kind of book you usually read?,"Yes, very typical for me",1,How did you find this book?,Read a summary/review and it sounded like the kind of book I like,0,0,1,0,0,0,0,0,,"If you saw a list of books similar to what you're reading (or just finished),
what would you want to see beyond the title and author?","Why it's similar (shared plot, theme, or mood)",1,0,0,0,0,0,0,0,0,,"When you're looking for a book similar to one you liked, what matters most to
you?","Interesting, timeless views of humanity",Writing Quality,,,,,,1,Where do you usually go to find your next book?,Local bookstore,Bookstores,,,1,,,,,,,,,,,,,,flesh-szalay,,,,,,,Visitor,,,
372491,[BHB] Book Like / Visitors,7ed6e078-ad12-40e3-9ba1-2d454ef3a77b,https://www.supersummary.com/yesteryear-caro-claire-burke/summary/?utm_source=google&utm_medium=cpc&utm_campaign=22777360728&utm_content=&utm_term=&gad_source=1&gad_campaignid=22777363182&gbraid=0AAAAADhUVArEsR32TSbQoUzoyk5sGsmrv&gclid=CjwKCAjwpefSBhBvEiwAzyEtZ9t00YJgKxrdnGuKQeM501Nf4p1U9bWR8pUTC3IqFpp9CS6um7rKBhoC0tYQAvD_BwE,07/18/2026 01:41:55,,,,iOS,Mobile Safari,"Mozilla/5.0 (iPhone; CPU iPhone OS 18_7 like Mac OS X) AppleWebKit/605.1.15 (KHTML, like Gecko) Version/26.5.2 Mobile/15E148 Safari/604.1",{},URL Event 1 for Study 313699,0deb27a1-fc9e-4b7b-bfd9-379ac3e745c6,{},Have you read this book?,"Yes, I'm reading it now",1,,Is this the kind of book you usually read?,"Yes, very typical for me",1,,,,,,,,,,,,,,,,,,,,,,,,,,,,,,,,,,,,,,,,,,,,,,,,,,,,yesteryear-caro-claire-burke,,,,,,,Visitor,,,
372491,[BHB] Book Like / Visitors,9e4e2cf4-e330-4854-94bb-6aa566f41549,https://www.supersummary.com/the-chosen-and-the-beautiful/chapters-1-5-summary/,07/18/2026 00:30:04,,,,Mac OS,Safari,"Mozilla/5.0 (Macintosh; Intel Mac OS X 10_15_7) AppleWebKit/605.1.15 (KHTML, like Gecko) Version/26.5.2 Safari/605.1.15",{},URL Event 1 for Study 313699,25a45dc1-e42e-4052-aa73-bceab1df9d63,{},Have you read this book?,"Yes, I'm reading it now",1,,Is this the kind of book you usually read?,"No, this is a departure from what I usually read",3,,,,,,,,,,,,,,,,,,,,,,,,,,,,,,,,,,,,,,,,,,,,,,,,,,,,the-chosen-and-the-beautiful,,,,,,,Visitor,,,
372491,[BHB] Book Like / Visitors,f49eff9c-e33c-4f7c-a465-3a54f192120c,https://www.supersummary.com/tress-of-the-emerald-sea/part-4-chapters-22-34-summary/#guide_page_title,07/18/2026 00:27:01,07/18/2026 00:28:03,,,iOS,Mobile Safari,"Mozilla/5.0 (iPhone; CPU iPhone OS 18_7 like Mac OS X) AppleWebKit/605.1.15 (KHTML, like Gecko) Version/26.5.2 Mobile/15E148 Safari/604.1",{},URL Event 1 for Study 313699,c1b9857f-12c6-488b-a7ac-b24df5f16558,{},Have you read this book?,"Yes, I'm reading it now",1,,Is this the kind of book you usually read?,"No, this is a departure from what I usually read",3,How did you find this book?,Other,0,0,0,0,0,0,0,1,Hmwk,"If you saw a list of books similar to what you're reading (or just finished),
what would you want to see beyond the title and author?","Genre or subgenre, Page count or estimated reading time",0,0,1,0,1,0,0,0,0,,"When you're looking for a book similar to one you liked, what matters most to
you?",Theme main story,Plot and Storyline,,,,1,,,Where do you usually go to find your next book?,Amazon,Online Platforms,,,,,1,,,,,,,,,,,,tress-of-the-emerald-sea,,,,,,,Visitor,,,
372491,[BHB] Book Like / Visitors,bb5bf3a2-2f47-49b5-93f1-1fec36f25883,https://www.supersummary.com/the-spanish-love-deception/summary/,07/17/2026 23:18:10,,,,iOS,Mobile Safari,"Mozilla/5.0 (iPhone; CPU iPhone OS 18_7 like Mac OS X) AppleWebKit/605.1.15 (KHTML, like Gecko) Version/26.5 Mobile/15E148 Safari/604.1",{},URL Event 1 for Study 313699,7084f0d5-32b0-4621-91c1-a3859c19716c,{},Have you read this book?,"Yes, I'm reading it now",1,,,,,,,,,,,,,,,,,,,,,,,,,,,,,,,,,,,,,,,,,,,,,,,,,,,,,,,,,,,,,,,Visitor,,,
372491,[BHB] Book Like / Visitors,81a84b22-d59f-4cfd-9dff-68c2b457cb3b,https://www.supersummary.com/the-housemaid-is-watching/summary/?utm_source=google&utm_medium=cpc&utm_campaign=22777285413&utm_content=&utm_term=&gad_source=1&gad_campaignid=22777285614&gbraid=0AAAAADhUVAoQPYLTb9jr0-1EPJ-6bDumk&gclid=CjwKCAjwpefSBhBvEiwAzyEtZ198VjAE_4p2NVDq_o5rja4--g0_MDuIdmBqCY_WIZRikNCDC8mU6BoC144QAvD_BwE,07/17/2026 23:15:24,07/17/2026 23:16:32,,,iOS,Mobile Safari,"Mozilla/5.0 (iPhone; CPU iPhone OS 18_7 like Mac OS X) AppleWebKit/605.1.15 (KHTML, like Gecko) Version/26.5.2 Mobile/15E148 Safari/604.1",{},URL Event 1 for Study 313699,9f236c12-289b-497e-9010-6b99f0d5c402,{},Have you read this book?,"Yes, I'm reading it now",1,,Is this the kind of book you usually read?,"Yes, very typical for me",1,How did you find this book?,Recommended by a friend/family member,1,0,0,0,0,0,0,0,,"If you saw a list of books similar to what you're reading (or just finished),
what would you want to see beyond the title and author?","A match score (e.g., ""92% similar"")",0,1,0,0,0,0,0,0,0,,"When you're looking for a book similar to one you liked, what matters most to
you?",[skipped by user],,,,,,,,Where do you usually go to find your next book?,[skipped by user],,,,,,,,,,,,,,,,,,the-housemaid-is-watching,,,,,,,Visitor,,,
372491,[BHB] Book Like / Visitors,1849a310-3896-4520-99a4-91d0b84310f6,https://www.supersummary.com/fever-beach/chapters-21-27-summary/,07/17/2026 22:57:50,,,,Android,Samsung Internet,"Mozilla/5.0 (Linux; Android 10; K) AppleWebKit/537.36 (KHTML, like Gecko) SamsungBrowser/30.0 Chrome/143.0.0.0 Mobile Safari/537.36",{},URL Event 1 for Study 313699,82ac36e0-ae05-43c8-8478-03b2b7c32be4,{},Have you read this book?,"Yes, I recently finished it",2,,,,,,,,,,,,,,,,,,,,,,,,,,,,,,,,,,,,,,,,,,,,,,,,,,,,,,,,fever-beach,,,,,,,Visitor,,,
372491,[BHB] Book Like / Visitors,6ebc832e-cefc-4a25-ac9c-f6a09a5271ea,https://www.supersummary.com/the-calamity-club/part-2-chapters-19-28-summary/#guide_page_title,07/17/2026 21:48:37,,,,iOS,Mobile Safari,"Mozilla/5.0 (iPhone; CPU iPhone OS 18_7 like Mac OS X) AppleWebKit/605.1.15 (KHTML, like Gecko) Version/26.5.2 Mobile/15E148 Safari/604.1",{},URL Event 1 for Study 313699,52d6ae37-b424-4c7c-9cc3-c566f57055d1,{},Have you read this book?,"Yes, I'm reading it now",1,,Is this the kind of book you usually read?,"No, this is a departure from what I usually read",3,How did you find this book?,Recommended by a friend/family member,1,0,0,0,0,0,0,0,,,,,,,,,,,,,,,,,,,,,,,,,,,,,,,,,,,,,,,,,,the-calamity-club,,,,,,,Visitor,,,
372491,[BHB] Book Like / Visitors,62075f38-ea17-4489-a9d2-ccfa4110df61,https://www.supersummary.com/crush-tracy-wolff/summary/,07/17/2026 19:04:35,,,,iOS,GSA,"Mozilla/5.0 (iPhone; CPU iPhone OS 26_5_2 like Mac OS X) AppleWebKit/605.1.15 (KHTML, like Gecko) GSA/429.1.942703598 Mobile/15E148 Safari/604.1",{},URL Event 1 for Study 313699,a6fcc61d-1e96-4a34-98cc-8f9b01af5e96,{},Have you read this book?,"Yes, I'm reading it now",1,,Is this the kind of book you usually read?,"Yes, very typical for me",1,How did you find this book?,Read a summary/review and it sounded like the kind of book I like,0,0,1,0,0,0,0,0,,,,,,,,,,,,,,,,,,,,,,,,,,,,,,,,,,,,,,,,,,,,,,,,,Visitor,,,
372491,[BHB] Book Like / Visitors,53958d3a-c2da-4f83-b117-a6ee8e1701b0,https://www.supersummary.com/the-calamity-club/part-1-chapters-10-18-summary/#guide_page_title,07/17/2026 18:44:32,,,,Android,Chrome,"Mozilla/5.0 (Linux; Android 10; K) AppleWebKit/537.36 (KHTML, like Gecko) Chrome/149.0.0.0 Mobile Safari/537.36",{},URL Event 1 for Study 313699,cfa46372-6bf2-4b34-8dbf-df2489ce5bcc,{},Have you read this book?,"Yes, I'm reading it now",1,,Is this the kind of book you usually read?,Somewhat—it has some familiar elements,2,How did you find this book?,Saw it on a bestseller/trending list,0,0,0,1,0,0,0,0,,"If you saw a list of books similar to what you're reading (or just finished),
what would you want to see beyond the title and author?","Why it's similar (shared plot, theme, or mood)",1,0,0,0,0,0,0,0,0,,"When you're looking for a book similar to one you liked, what matters most to
you?",[skipped by user],,,,,,,,,,,,,,,,,,,book_club_member,,,,,,,,the-calamity-club,,,,,,,Visitor,,,
372491,[BHB] Book Like / Visitors,4795f229-9a56-4547-b4d2-f3ac0fd5fe18,https://www.supersummary.com/releasing-10/summary/,07/17/2026 17:55:36,,,,Android,Chrome,"Mozilla/5.0 (Linux; Android 10; K) AppleWebKit/537.36 (KHTML, like Gecko) Chrome/150.0.0.0 Mobile Safari/537.36",{},URL Event 1 for Study 313699,4413ef9c-2ad5-4dd9-bc09-d6f9fc474868,{},Have you read this book?,"No, I’m considering reading it",3,,Is this the kind of book you usually read?,"Yes, very typical for me",1,How did you find this book?,Read a summary/review and it sounded like the kind of book I like,0,0,1,0,0,0,0,0,,"If you saw a list of books similar to what you're reading (or just finished),
what would you want to see beyond the title and author?","A match score (e.g., ""92% similar"")",0,1,0,0,0,0,0,0,0,,,,,,,,,,,,,,,,,,,,,,,,,,,,,,,,,,,,,Visitor,,,
372491,[BHB] Book Like / Visitors,eb755aeb-fb19-41d3-a544-4e4922546f8e,https://www.supersummary.com/dissection-of-a-murder/summary/,07/17/2026 16:54:53,07/17/2026 16:55:13,,,iOS,Mobile Safari,"Mozilla/5.0 (iPhone; CPU iPhone OS 18_7 like Mac OS X) AppleWebKit/605.1.15 (KHTML, like Gecko) Version/26.5.2 Mobile/15E148 Safari/604.1",{},URL Event 1 for Study 313699,e3934235-fac2-41cb-9ee0-608357ca62d2,{},Have you read this book?,"Yes, I'm reading it now",1,,Is this the kind of book you usually read?,"Yes, very typical for me",1,How did you find this book?,Saw it on a bestseller/trending list,0,0,0,1,0,0,0,0,,"If you saw a list of books similar to what you're reading (or just finished),
what would you want to see beyond the title and author?",Reader ratings or reviews,0,0,0,1,0,0,0,0,0,,"When you're looking for a book similar to one you liked, what matters most to
you?",[skipped by user],,,,,,,,Where do you usually go to find your next book?,[skipped by user],,,,,,,,,,,,,,,,,,,,,,,,,,,,
372491,[BHB] Book Like / Visitors,58d08186-80b6-48c2-8111-b6ceafd373d2,https://www.supersummary.com/shadow/chapters-11-16-summary/#guide_page_title,07/17/2026 16:49:11,,,,Android,Chrome,"Mozilla/5.0 (Linux; Android 10; K) AppleWebKit/537.36 (KHTML, like Gecko) Chrome/150.0.0.0 Mobile Safari/537.36",{},URL Event 1 for Study 313699,bff51abf-6b5f-4e8a-8997-b5431092f922,{},Have you read this book?,"No, I’m considering reading it",3,,Is this the kind of book you usually read?,"No, this is a departure from what I usually read",3,How did you find this book?,Saw it on a bestseller/trending list,0,0,0,1,0,0,0,0,,"If you saw a list of books similar to what you're reading (or just finished),
what would you want to see beyond the title and author?",Where to read or buy it,0,0,0,0,0,0,0,1,0,,,,,,,,,,,,,,,,,,,,,,,,,,,,,,,,,,,,,Visitor,,,
372491,[BHB] Book Like / Visitors,5c1cb662-9655-4cd3-a63a-2ed18b91bbdd,https://www.supersummary.com/the-greatest-sentence-ever-written/summary/?utm_source=google&utm_medium=cpc&utm_campaign=22777360728&utm_content=&utm_term=&gad_source=1&gad_campaignid=22777363182&gbraid=0AAAAADhUVAqz1HGhPrhR42MelhQK923wY&gclid=CjwKCAjwpefSBhBvEiwAzyEtZxrXlyelMhNRS5V3cDsEQ4TvMrn5t0HCg3QTisKGB-gimPyWrReiiBoC_QoQAvD_BwE,07/17/2026 15:48:55,,1699338,,Chromium OS,Chrome,"Mozilla/5.0 (X11; CrOS x86_64 14541.0.0) AppleWebKit/537.36 (KHTML, like Gecko) Chrome/148.0.0.0 Safari/537.36",{},URL Event 1 for Study 313699,ed8edd7d-1b3e-4751-bfe8-6a36e3145f36,{},Have you read this book?,"No, I’m considering reading it",3,,Is this the kind of book you usually read?,"No, this is a departure from what I usually read",3,,,,,,,,,,,,,,,,,,,,,,,,,,,,,,,,,,,,,,,,,,,,,,,,,,,,,,,,,,,Visitor,,,
372491,[BHB] Book Like / Visitors,e25990c5-5be1-4f15-9cfe-c79bee0f75d2,https://www.supersummary.com/the-correspondent/preface-chapter-31-summary/#guide_page_title,07/17/2026 15:34:43,,,,iOS,GSA,"Mozilla/5.0 (iPhone; CPU iPhone OS 26_5_2 like Mac OS X) AppleWebKit/605.1.15 (KHTML, like Gecko) GSA/429.1.942703598 Mobile/15E148 Safari/604.1",{},URL Event 1 for Study 313699,25273e10-885a-4bef-a06d-bb78cacb47e5,{},Have you read this book?,"Yes, I'm reading it now",1,,,,,,,,,,,,,,,,,,,,,,,,,,,,,,,,,,,,,,,,,,,,,,,,,,,,,,,,the-correspondent,,,,,,,Visitor,,,
372491,[BHB] Book Like / Visitors,960a6eb4-9fd4-4463-a8c9-854f07ea55e0,https://www.supersummary.com/jack-maggs/summary/,07/17/2026 15:08:17,,,,iOS,Mobile Safari,"Mozilla/5.0 (iPhone; CPU iPhone OS 18_7 like Mac OS X) AppleWebKit/605.1.15 (KHTML, like Gecko) Version/26.5.2 Mobile/15E148 Safari/604.1",{},URL Event 1 for Study 313699,40e6c4ce-20fd-479a-b100-f54210ba6a53,{},Have you read this book?,"Yes, I'm reading it now",1,,Is this the kind of book you usually read?,"No, this is a departure from what I usually read",3,,,,,,,,,,,,,,,,,,,,,,,,,,,,,,,,,,,,,,,,,,,,,,,,,,,,jack-maggs,,,,,,,Visitor,,,
372491,[BHB] Book Like / Visitors,884b0aa2-4f1f-494e-ab26-08727aa33815,https://www.supersummary.com/a-shadow-in-the-ember/prologue-chapter-9-summary/#guide_page_title,07/17/2026 14:59:45,07/17/2026 15:00:14,1699312,,iOS,Mobile Safari,"Mozilla/5.0 (iPhone; CPU iPhone OS 18_7 like Mac OS X) AppleWebKit/605.1.15 (KHTML, like Gecko) Version/26.3 Mobile/15E148 Safari/604.1",{},URL Event 1 for Study 313699,a790b6e2-7ab6-4af2-9295-6a7e8f2db574,{},Have you read this book?,"Yes, I'm reading it now",1,,Is this the kind of book you usually read?,"Yes, very typical for me",1,How did you find this book?,Read a summary/review and it sounded like the kind of book I like,0,0,1,0,0,0,0,0,,"If you saw a list of books similar to what you're reading (or just finished),
what would you want to see beyond the title and author?","Why it's similar (shared plot, theme, or mood), Genre or subgenre",1,0,1,0,0,0,0,0,0,,"When you're looking for a book similar to one you liked, what matters most to
you?",[skipped by user],,,,,,,,Where do you usually go to find your next book?,[skipped by user],,,,,,,,,,,,,,,,,,a-shadow-in-the-ember,,,,,,,Visitor,,,
372491,[BHB] Book Like / Visitors,36541c20-da61-4ed7-b2a9-39d49c95c643,https://www.supersummary.com/the-lacuna/summary/,07/17/2026 14:39:32,07/17/2026 14:41:49,,,iOS,Mobile Safari,"Mozilla/5.0 (iPhone; CPU iPhone OS 18_7 like Mac OS X) AppleWebKit/605.1.15 (KHTML, like Gecko) Version/26.5.2 Mobile/15E148 Safari/604.1",{},URL Event 1 for Study 313699,d2ac34c5-5b92-4d51-bd2c-c75e2394889f,{},Have you read this book?,"Yes, I'm reading it now",1,,Is this the kind of book you usually read?,Somewhat—it has some familiar elements,2,How did you find this book?,Recognized the author,0,0,0,0,1,0,0,0,,"If you saw a list of books similar to what you're reading (or just finished),
what would you want to see beyond the title and author?",Reader ratings or reviews,0,0,0,1,0,0,0,0,0,,"When you're looking for a book similar to one you liked, what matters most to
you?",The quality of the writing,Writing Quality,,,,,,1,Where do you usually go to find your next book?,Secondhand bookstores,Bookstores,,,1,,,,,,other,,,,,,,,the-lacuna,,,,,,,Visitor,,,
372491,[BHB] Book Like / Visitors,124cc6ef-c5eb-403c-a795-581c7969081c,https://www.supersummary.com/ward-d/summary/,07/17/2026 14:22:17,,,,iOS,Mobile Safari,"Mozilla/5.0 (iPhone; CPU iPhone OS 18_7 like Mac OS X) AppleWebKit/605.1.15 (KHTML, like Gecko) Version/26.5 Mobile/15E148 Safari/604.1",{},URL Event 1 for Study 313699,64c15293-60aa-4eb6-96ca-01671a3d3322,{},Have you read this book?,"Yes, I recently finished it",2,,Is this the kind of book you usually read?,Somewhat—it has some familiar elements,2,,,,,,,,,,,,,,,,,,,,,,,,,,,,,,,,,,,,,,,,,,,,teacher,,,,,,,,ward-d,,,,,,,Visitor,,,
372491,[BHB] Book Like / Visitors,1923a8f0-49e7-4ca2-ace5-5506da9164b2,https://www.supersummary.com/john-of-john/summary/,07/17/2026 13:36:08,07/17/2026 13:36:51,,,iOS,Mobile Safari,"Mozilla/5.0 (iPhone; CPU iPhone OS 18_7 like Mac OS X) AppleWebKit/605.1.15 (KHTML, like Gecko) Version/26.3 Mobile/15E148 Safari/604.1",{},URL Event 1 for Study 313699,e590fc23-e984-45e9-b8c9-f14a678b3105,{},Have you read this book?,"Yes, I'm reading it now",1,,Is this the kind of book you usually read?,"Yes, very typical for me",1,How did you find this book?,Read a summary/review and it sounded like the kind of book I like,0,0,1,0,0,0,0,0,,"If you saw a list of books similar to what you're reading (or just finished),
what would you want to see beyond the title and author?",Genre or subgenre,0,0,1,0,0,0,0,0,0,,"When you're looking for a book similar to one you liked, what matters most to
you?",[skipped by user],,,,,,,,Where do you usually go to find your next book?,[skipped by user],,,,,,,,,,,,,,,,,,john-of-john,,,,,,,Visitor,,,
372491,[BHB] Book Like / Visitors,c724e846-87cc-42a0-840e-658eb41834dd,https://www.supersummary.com/the-perfect-child/chapters-53-61-summary/#guide_page_title,07/17/2026 12:36:53,07/17/2026 12:36:57,,,iOS,Mobile Safari,"Mozilla/5.0 (iPhone; CPU iPhone OS 16_1_1 like Mac OS X) AppleWebKit/605.1.15 (KHTML, like Gecko) Version/16.1 Mobile/15E148 Safari/604.1",{},URL Event 1 for Study 313699,2a218f53-312e-4188-a61b-163eb5b512cb,{},Have you read this book?,Other,5,No,,,,,,,,,,,,,,,,,,,,,,,,,,,,,,,,,,,,Where do you usually go to find your next book?,[skipped by user],,,,,,,,,,,,,,,,,,the-perfect-child,,,,,,,Visitor,,,
372491,[BHB] Book Like / Visitors,cb9bb4e5-446c-4632-b6a2-cd5868c305bb,https://www.supersummary.com/dead-city/summary/,07/17/2026 11:06:20,07/17/2026 11:06:39,,,iOS,Mobile Safari,"Mozilla/5.0 (iPhone; CPU iPhone OS 18_7 like Mac OS X) AppleWebKit/605.1.15 (KHTML, like Gecko) Version/26.5.2 Mobile/15E148 Safari/604.1",{},URL Event 1 for Study 313699,902e6d1f-ab5c-4b33-af16-03ebbd0774e5,{},Have you read this book?,"Yes, I recently finished it",2,,Is this the kind of book you usually read?,"Yes, very typical for me",1,How did you find this book?,"Recommended by a friend/family member, Saw it on a bestseller/trending list",1,0,0,1,0,0,0,0,,"If you saw a list of books similar to what you're reading (or just finished),
what would you want to see beyond the title and author?",Content or maturity warnings,0,0,0,0,0,1,0,0,0,,"When you're looking for a book similar to one you liked, what matters most to
you?",Nah,,,,,,,,Where do you usually go to find your next book?,[skipped by user],,,,,,,,,,,,,,,,,,,,,,,,,Visitor,,,
372491,[BHB] Book Like / Visitors,9fdd85f4-2ae0-4ef4-85f0-5e39390fda91,https://www.supersummary.com/the-secret-of-secrets/chapter-111-epilogue-summary/,07/17/2026 10:12:05,,,,iOS,Chrome,"Mozilla/5.0 (iPhone; CPU iPhone OS 26_4_2 like Mac OS X) AppleWebKit/605.1.15 (KHTML, like Gecko) CriOS/150.0.7871.113 Mobile/15E148 Safari/604.1",{},URL Event 1 for Study 313699,65be217a-2947-4c74-b3a5-4b037771a463,{},Have you read this book?,"Yes, I recently finished it",2,,,,,,,,,,,,,,,,,,,,,,,,,,,,,,,,,,,,,,,,,,,,,,,,,,,,,,,,the-secret-of-secrets,,,,,,,Visitor,,,
372491,[BHB] Book Like / Visitors,4dcb8e94-de5d-4a02-b12e-f829d0379106,https://www.supersummary.com/impossible-creatures/chapters-11-20-summary/#guide_page_title,07/17/2026 08:51:20,07/17/2026 08:51:46,,,iOS,Mobile Safari,"Mozilla/5.0 (iPhone; CPU iPhone OS 18_7 like Mac OS X) AppleWebKit/605.1.15 (KHTML, like Gecko) Version/26.5 Mobile/15E148 Safari/604.1",{},URL Event 1 for Study 313699,e441dc2e-aed7-4cf6-8249-0f2696107a8d,{},Have you read this book?,"Yes, I'm reading it now",1,,Is this the kind of book you usually read?,"No, this is a departure from what I usually read",3,How did you find this book?,"Recommended by an app, site, or algorithm (Goodreads, TikTok, Amazon, etc.) because it's similar to books I liked",0,1,0,0,0,0,0,0,,"If you saw a list of books similar to what you're reading (or just finished),
what would you want to see beyond the title and author?",Genre or subgenre,0,0,1,0,0,0,0,0,0,,"When you're looking for a book similar to one you liked, what matters most to
you?",[skipped by user],,,,,,,,Where do you usually go to find your next book?,[skipped by user],,,,,,,,,,,,,,,,,,,,,,,,,Visitor,,,
372491,[BHB] Book Like / Visitors,4204f481-1a1a-4c7d-b9b4-8dc3301ad323,https://www.supersummary.com/the-hobbit/summary/,07/17/2026 06:39:37,,,,iOS,Chrome,"Mozilla/5.0 (iPad; CPU OS 26_5_0 like Mac OS X) AppleWebKit/605.1.15 (KHTML, like Gecko) CriOS/150.0.7871.51 Mobile/15E148 Safari/604.1",{},URL Event 1 for Study 313699,e8ae34f0-2e92-430b-a16a-8b861193b180,{},Have you read this book?,"No, I’m considering reading it",3,,Is this the kind of book you usually read?,"No, this is a departure from what I usually read",3,,,,,,,,,,,,,,,,,,,,,,,,,,,,,,,,,,,,,,,,,,,,,,,,,,,,,,,,,,,Visitor,,,
372491,[BHB] Book Like / Visitors,c1649122-3a40-403e-917f-ac839bf98c6c,https://www.supersummary.com/push/chapters-1-2-summary/,07/17/2026 06:24:10,,,,iOS,Mobile Safari,"Mozilla/5.0 (iPhone; CPU iPhone OS 18_7 like Mac OS X) AppleWebKit/605.1.15 (KHTML, like Gecko) Version/26.2 Mobile/15E148 Safari/604.1",{},URL Event 1 for Study 313699,9e4b6c30-17c9-4a9a-baf8-f970556a7764,{},Have you read this book?,"Yes, I'm reading it now",1,,,,,,,,,,,,,,,,,,,,,,,,,,,,,,,,,,,,,,,,,,,,,,,,,,,,,,,,push,,,,,,,Visitor,,,
372491,[BHB] Book Like / Visitors,2fcce71d-9487-4332-b75d-6b636385e363,https://www.supersummary.com/the-perfect-child/summary/,07/17/2026 05:35:08,,,,iOS,Mobile Safari,"Mozilla/5.0 (iPhone; CPU iPhone OS 18_7 like Mac OS X) AppleWebKit/605.1.15 (KHTML, like Gecko) Version/26.5.2 Mobile/15E148 Safari/604.1",{},URL Event 1 for Study 313699,c768259f-2b07-47c5-ba36-e4226a4d1212,{},Have you read this book?,"No, I’m considering reading it",3,,Is this the kind of book you usually read?,Somewhat—it has some familiar elements,2,How did you find this book?,Read a summary/review and it sounded like the kind of book I like,0,0,1,0,0,0,0,0,,,,,,,,,,,,,,,,,,,,,,,,,,,,,,,,,,,,,,,,,,the-perfect-child,,,,,,,Visitor,,,
372491,[BHB] Book Like / Visitors,8b360a26-4eb4-49d9-abfc-aa7f51e856d9,https://www.supersummary.com/the-perfect-child/summary/,07/17/2026 05:15:08,,,,iOS,Mobile Safari,"Mozilla/5.0 (iPhone; CPU iPhone OS 18_7 like Mac OS X) AppleWebKit/605.1.15 (KHTML, like Gecko) Version/26.5.2 Mobile/15E148 Safari/604.1",{},URL Event 1 for Study 313699,55b60042-c06d-40e0-8b34-c13443cd9b03,{},Have you read this book?,"No, I’m considering reading it",3,,,,,,,,,,,,,,,,,,,,,,,,,,,,,,,,,,,,,,,,,,,,,,,,,,,,,,,,,,,,,,,Visitor,,,
372491,[BHB] Book Like / Visitors,c1c5e78d-400c-4a79-bcf0-262d932435e0,https://www.supersummary.com/ghana-must-go/summary/,07/17/2026 05:12:31,07/17/2026 05:15:54,,,Android,Chrome,"Mozilla/5.0 (Linux; Android 13; Infinix X6525 Build/TP1A.220624.014) AppleWebKit/537.36 (KHTML, like Gecko) Chrome/150.0.7871.46 Mobile Safari/537.36",{},URL Event 1 for Study 313699,0ad59a0b-2768-4be0-9635-1178d21621df,{},Have you read this book?,"No, I’m considering reading it",3,,Is this the kind of book you usually read?,Not sure,4,How did you find this book?,"Recommended by an app, site, or algorithm (Goodreads, TikTok, Amazon, etc.) because it's similar to books I liked",0,1,0,0,0,0,0,0,,"If you saw a list of books similar to what you're reading (or just finished),
what would you want to see beyond the title and author?","Genre or subgenre, Page count or estimated reading time",0,0,1,0,1,0,0,0,0,,"When you're looking for a book similar to one you liked, what matters most to
you?",The title of the book and the author's name,Author Preference,1,,,,,,Where do you usually go to find your next book?,In school libraries or some friends download it for me,Libraries,,,,1,,,,,,,,,,,,,,,,,,,,Visitor,,,
372491,[BHB] Book Like / Visitors,1754b5dd-ac94-4cd1-9783-c316fd445245,https://www.supersummary.com/the-odyssey/summary/?utm_source=google&utm_medium=cpc&utm_campaign=15170576117&utm_content=136161102464&utm_term=&gad_source=1&gad_campaignid=15170576117&gbraid=0AAAAADhUVAoK0z7bDQ09FqGvqgUoIRc37&gclid=Cj0KCQjwguLSBhDLARIsAH-yPrGa4w6_pQBn8jl-kw7UAXP3mNgeoYbkOXcl2-hdUJJk7WPi87iqn04aAkZ-EALw_wcB,07/17/2026 04:43:22,,,,iOS,GSA,"Mozilla/5.0 (iPhone; CPU iPhone OS 26_5_2 like Mac OS X) AppleWebKit/605.1.15 (KHTML, like Gecko) GSA/429.1.942703598 Mobile/15E148 Safari/604.1",{},URL Event 1 for Study 313699,ca327074-4504-4e34-92fb-a8620a9e654f,{},Have you read this book?,"No, I’m considering reading it",3,,Is this the kind of book you usually read?,"No, this is a departure from what I usually read",3,How did you find this book?,Searched for it specifically,0,0,0,0,0,1,0,0,,"If you saw a list of books similar to what you're reading (or just finished),
what would you want to see beyond the title and author?","Why it's similar (shared plot, theme, or mood)",1,0,0,0,0,0,0,0,0,,,,,,,,,,,,,,,,,,,,,,,,,,,,,,the-odyssey,,,,,,,Visitor,,,
372491,[BHB] Book Like / Visitors,f903b9b8-d95c-4076-956d-706cb47dd9c3,https://www.supersummary.com/eruption/chapters-53-80-summary/#guide_page_title,07/17/2026 04:31:47,07/17/2026 04:33:23,,,Android,Chrome,"Mozilla/5.0 (Linux; Android 10; K) AppleWebKit/537.36 (KHTML, like Gecko) Chrome/150.0.0.0 Mobile Safari/537.36",{},URL Event 1 for Study 313699,82f8a006-40f4-4538-8bd2-34297551170f,{},Have you read this book?,"Yes, I'm reading it now",1,,Is this the kind of book you usually read?,Somewhat—it has some familiar elements,2,How did you find this book?,Recognized the author,0,0,0,0,1,0,0,0,,"If you saw a list of books similar to what you're reading (or just finished),
what would you want to see beyond the title and author?",Something else,0,0,0,0,0,0,0,0,1,Catch blurb/plot hooks,"When you're looking for a book similar to one you liked, what matters most to
you?",[skipped by user],,,,,,,,Where do you usually go to find your next book?,[skipped by user],,,,,,,,,,student,,,,,,,,eruption,,,,,,,Visitor,,,
372491,[BHB] Book Like / Visitors,b6b01b2c-c944-4e2c-9ff2-02d1fe0e81c3,https://www.supersummary.com/a-wish-in-the-dark/summary/,07/17/2026 04:05:56,,,,Windows,Edge,"Mozilla/5.0 (Windows NT 10.0; Win64; x64) AppleWebKit/537.36 (KHTML, like Gecko) Chrome/150.0.0.0 Safari/537.36 Edg/150.0.0.0",{},URL Event 1 for Study 313699,73cc945f-f708-446e-88cf-a300a0e9f5ad,{},Have you read this book?,"No, this is for someone else (school, gift, etc.)",4,,,,,,,,,,,,,,,,,,,,,,,,,,,,,,,,,,,,,,,,,,,,,,,,,,,,,,,,a-wish-in-the-dark,,,,,,,Visitor,,,
372491,[BHB] Book Like / Visitors,38e27a91-4368-4b4b-8a4e-ea9d8d38ba0a,https://www.supersummary.com/the-racketeer/summary/?gad_source=1&gad_campaignid=23547763121&gclid=Cj0KCQjwguLSBhDLARIsAH-yPrGY0PNEpFRVNnigQ_QWqBQtMg1oVzc2HoZOAG8WJ8qXT8YijKM48WUaAj50EALw_wcB,07/17/2026 03:42:04,,,,Windows,Firefox,Mozilla/5.0 (Windows NT 10.0; Win64; x64; rv:152.0) Gecko/20100101 Firefox/152.0,{},URL Event 1 for Study 313699,c315d4af-67ea-42d4-b696-334779450254,{},Have you read this book?,"Yes, I'm reading it now",1,,Is this the kind of book you usually read?,Somewhat—it has some familiar elements,2,How did you find this book?,Random browsing / stumbled on it,0,0,0,0,0,0,1,0,,"If you saw a list of books similar to what you're reading (or just finished),
what would you want to see beyond the title and author?",Where to read or buy it,0,0,0,0,0,0,0,1,0,,,,,,,,,,,,,,,,,,,,,,,,,,,,,,the-racketeer,,,,,,,Visitor,,,
372491,[BHB] Book Like / Visitors,5d5ba4e9-a750-4357-91d9-f705575046ab,https://www.supersummary.com/the-history-of-love/summary/,07/17/2026 02:42:21,07/17/2026 02:43:12,1075558,,Android,Chrome,"Mozilla/5.0 (Linux; Android 10; K) AppleWebKit/537.36 (KHTML, like Gecko) Chrome/150.0.0.0 Mobile Safari/537.36",{},URL Event 1 for Study 313699,03f4728d-dce6-4e2d-be1f-b8532d1df915,{},Have you read this book?,"Yes, I'm reading it now",1,,Is this the kind of book you usually read?,Somewhat—it has some familiar elements,2,How did you find this book?,Recommended by a friend/family member,1,0,0,0,0,0,0,0,,"If you saw a list of books similar to what you're reading (or just finished),
what would you want to see beyond the title and author?",Reader ratings or reviews,0,0,0,1,0,0,0,0,0,,"When you're looking for a book similar to one you liked, what matters most to
you?",[skipped by user],,,,,,,,Where do you usually go to find your next book?,Libby app,Audiobooks,1,,,,,,,,teacher,u_366100ddb93de523,,,,,,,euphoria,,,,,,,Non Converter,,0,
372491,[BHB] Book Like / Visitors,ccf5887c-5bfe-4043-8827-4c5e5b9c5f88,https://www.supersummary.com/buckeye/summary/,07/17/2026 01:21:46,,,,iOS,GSA,"Mozilla/5.0 (iPad; CPU OS 26_5_0 like Mac OS X) AppleWebKit/605.1.15 (KHTML, like Gecko) GSA/416.4.894748588 Mobile/15E148 Safari/604.1",{},URL Event 1 for Study 313699,bea1de77-7ea5-4c9b-b194-204e57c2c296,{},Have you read this book?,"Yes, I recently finished it",2,,Is this the kind of book you usually read?,Somewhat—it has some familiar elements,2,How did you find this book?,Recommended by a friend/family member,1,0,0,0,0,0,0,0,,"If you saw a list of books similar to what you're reading (or just finished),
what would you want to see beyond the title and author?",Reader ratings or reviews,0,0,0,1,0,0,0,0,0,,,,,,,,,,,,,,,,,,,,,,,,,,,,,,,,,,,,,,,,
372491,[BHB] Book Like / Visitors,0eb8ae79-4870-42b5-8ade-b66d3c1275f5,https://www.supersummary.com/remain-m-night-shyamalan/chapter-25-epilogue-summary/,07/17/2026 00:29:52,,,,Android,Chrome,"Mozilla/5.0 (Linux; Android 10; K) AppleWebKit/537.36 (KHTML, like Gecko) Chrome/150.0.0.0 Mobile Safari/537.36",{},URL Event 1 for Study 313699,f8b8a753-625d-4019-9ac8-8677ee0cfb5a,{},Have you read this book?,"Yes, I recently finished it",2,,Is this the kind of book you usually read?,"Yes, very typical for me",1,How did you find this book?,Recommended by a friend/family member,1,0,0,0,0,0,0,0,,,,,,,,,,,,,,,,,,,,,,,,,,,,,,,,,,book_club_member,,,,,,,,remain-m-night-shyamalan,,,,,,,Visitor,,,
372491,[BHB] Book Like / Visitors,a6046d94-0093-4bf4-9132-5d2b3749efc9,https://www.supersummary.com/culpability/part-4-epilogue-summary/,07/16/2026 23:49:37,,,,Windows,Chrome,"Mozilla/5.0 (Windows NT 10.0; Win64; x64) AppleWebKit/537.36 (KHTML, like Gecko) Chrome/150.0.0.0 Safari/537.36",{},URL Event 1 for Study 313699,ded5ff15-61b9-459a-896c-014b30fb698a,{},Have you read this book?,"No, this is for someone else (school, gift, etc.)",4,,,,,,,,,,,,,,,,,,,,,,,,,,,,,,,,,,,,,,,,,,,,,,,,,,,,,,,,culpability,,,,,,,Visitor,,,
372491,[BHB] Book Like / Visitors,f2d52a17-6985-4d60-8253-7503c52d5524,https://www.supersummary.com/the-borrowed-life-of-frederick-fife/summary/,07/16/2026 23:41:06,07/16/2026 23:43:06,395868,,Windows,Chrome,"Mozilla/5.0 (Windows NT 10.0; Win64; x64) AppleWebKit/537.36 (KHTML, like Gecko) Chrome/150.0.0.0 Safari/537.36 Herring/90.1.1560.7",{},URL Event 1 for Study 313699,afd12f20-082b-4636-9aae-313884a322bc,{},Have you read this book?,"Yes, I recently finished it",2,,Is this the kind of book you usually read?,Somewhat—it has some familiar elements,2,How did you find this book?,Other,0,0,0,0,0,0,0,1,Book Club,"If you saw a list of books similar to what you're reading (or just finished),
what would you want to see beyond the title and author?",Something else,0,0,0,0,0,0,0,0,1,I found it on Amazon.com,"When you're looking for a book similar to one you liked, what matters most to
you?",[skipped by user],,,,,,,,Where do you usually go to find your next book?,[skipped by user],,,,,,,,,,book_club_member,u_84c255ed83b81e86,,,,,,,trust,,annual,annual,,Active Subscriber,,,2023-08-10T10:40:33.000-07:00,36,0
372491,[BHB] Book Like / Visitors,b6ffbe4c-00d9-4d0c-b3ff-41dedb68efed,https://www.supersummary.com/twisted-hate/chapters-1-10-summary/,07/16/2026 22:03:16,,1698934,,Windows,Chrome,"Mozilla/5.0 (Windows NT 10.0; Win64; x64) AppleWebKit/537.36 (KHTML, like Gecko) Chrome/150.0.0.0 Safari/537.36",{},URL Event 1 for Study 313699,18c9123f-b6a6-4147-baae-a65c8df4d173,{},Have you read this book?,"Yes, I'm reading it now",1,,,,,,,,,,,,,,,,,,,,,,,,,,,,,,,,,,,,,,,,,,,,,,,,,,,,,,,,,,,,,,,Visitor,,,
372491,[BHB] Book Like / Visitors,1ae3fdfd-af4a-48d5-953b-bc4a98f4d417,https://www.supersummary.com/my-life-with-the-walter-boys/summary/?searchId=18338ddb-1205-472c-bef9-2aef38ce14a8&searchPosition=1,07/16/2026 21:54:27,07/16/2026 21:55:50,,,Windows,Chrome,"Mozilla/5.0 (Windows NT 10.0; Win64; x64) AppleWebKit/537.36 (KHTML, like Gecko) Chrome/150.0.0.0 Safari/537.36",{},URL Event 1 for Study 313699,d16a50d4-12bf-4773-963c-7a2e70b2d63d,{},Have you read this book?,"Yes, I'm reading it now",1,,Is this the kind of book you usually read?,Not sure,4,How did you find this book?,Other,0,0,0,0,0,0,0,1,Assigned as summer reading,"If you saw a list of books similar to what you're reading (or just finished),
what would you want to see beyond the title and author?",Genre or subgenre,0,0,1,0,0,0,0,0,0,,"When you're looking for a book similar to one you liked, what matters most to
you?",[skipped by user],,,,,,,,Where do you usually go to find your next book?,[skipped by user],,,,,,,,,,student,,,,,,,,my-life-with-the-walter-boys,,,,,,,Visitor,,,
372491,[BHB] Book Like / Visitors,bffb7f28-30bd-42d2-be21-25d4ba3ec1e5,https://www.supersummary.com/the-lion-women-of-tehran/part-5-chapters-36-47-and-epilogue-summary/#guide_page_title,07/16/2026 21:14:06,07/16/2026 21:17:19,,,iOS,Mobile Safari,"Mozilla/5.0 (iPhone; CPU iPhone OS 18_7 like Mac OS X) AppleWebKit/605.1.15 (KHTML, like Gecko) Version/26.5.2 Mobile/15E148 Safari/604.1",{},URL Event 1 for Study 313699,ade5d9ed-1096-429b-a20f-a5c0ea9ab10c,{},Have you read this book?,"Yes, I recently finished it",2,,Is this the kind of book you usually read?,Somewhat—it has some familiar elements,2,How did you find this book?,Other,0,0,0,0,0,0,0,1,Book club choice,"If you saw a list of books similar to what you're reading (or just finished),
what would you want to see beyond the title and author?",Reader ratings or reviews,0,0,0,1,0,0,0,0,0,,"When you're looking for a book similar to one you liked, what matters most to
you?",That it is easy to get into …. good writing,Writing Quality,,,,,,1,Where do you usually go to find your next book?,"Goodreads, work of mouth, favorite author",Online Platforms,,,,,1,,,,book_club_member,,,,,,,,theo-of-golden,,,,,,,Visitor,,,
372491,[BHB] Book Like / Visitors,d80e0877-3b16-49e7-bba2-54c5451a37da,https://www.supersummary.com/love-and-other-words/summary/,07/16/2026 21:08:16,,,,Android,Chrome,"Mozilla/5.0 (Linux; Android 10; K) AppleWebKit/537.36 (KHTML, like Gecko) Chrome/150.0.0.0 Mobile Safari/537.36",{},URL Event 1 for Study 313699,705bcf90-3cc4-4815-b447-77fe24b36ece,{},Have you read this book?,"Yes, I recently finished it",2,,,,,,,,,,,,,,,,,,,,,,,,,,,,,,,,,,,,,,,,,,,,,,,,other,,,,,,,,love-and-other-words,,,,,,,Visitor,,,
372491,[BHB] Book Like / Visitors,1920d0f1-bc74-4efd-903a-b9becaea1477,https://www.supersummary.com/a-crown-of-swords/summary/?searchId=f9e9ce32-2d9e-4d42-a7ed-eb6fa422ac08&searchPosition=2,07/16/2026 20:51:03,,,,iOS,Mobile Safari,"Mozilla/5.0 (iPhone; CPU iPhone OS 18_7 like Mac OS X) AppleWebKit/605.1.15 (KHTML, like Gecko) Version/26.5.2 Mobile/15E148 Safari/604.1",{},URL Event 1 for Study 313699,0fba769f-d3c4-4321-920f-a2fe85ebcee9,{},Have you read this book?,"Yes, I'm reading it now",1,,,,,,,,,,,,,,,,,,,,,,,,,,,,,,,,,,,,,,,,,,,,,,,,,,,,,,,,a-crown-of-swords,,,,,,,Visitor,,,
372491,[BHB] Book Like / Visitors,68dfbad2-6aec-4fdb-930a-40a5f261ab16,https://www.supersummary.com/this-kingdom-will-not-kill-me/summary/#guide_page_title,07/16/2026 20:02:05,,,,iOS,Mobile Safari,"Mozilla/5.0 (iPhone; CPU iPhone OS 18_7 like Mac OS X) AppleWebKit/605.1.15 (KHTML, like Gecko) Version/26.5 Mobile/15E148 Safari/604.1",{},URL Event 1 for Study 313699,89b237a9-0b7d-462e-bacd-cc0c8354be7b,{},Have you read this book?,"Yes, I recently finished it",2,,,,,,,,,,,,,,,,,,,,,,,,,,,,,,,,,,,,,,,,,,,,,,,,,,,,,,,,this-kingdom-will-not-kill-me,,,,,,,Visitor,,,
372491,[BHB] Book Like / Visitors,f58f398a-ec94-46a0-9c1d-811590ddeecd,https://www.supersummary.com/the-goblin-emperor/front-matter-part-1-summary/,07/16/2026 18:44:28,07/16/2026 18:46:15,,,Windows,Firefox,Mozilla/5.0 (Windows NT 10.0; Win64; x64; rv:152.0) Gecko/20100101 Firefox/152.0,{},URL Event 1 for Study 313699,4f556897-6870-42f4-bd23-3b1cee9eba27,{},Have you read this book?,"Yes, I recently finished it",2,,Is this the kind of book you usually read?,"Yes, very typical for me",1,How did you find this book?,Other,0,0,0,0,0,0,0,1,it was chosen by my book club,"If you saw a list of books similar to what you're reading (or just finished),
what would you want to see beyond the title and author?","Genre or subgenre, Content or maturity warnings, Whether it's part of a series",0,0,1,0,0,1,1,0,0,,"When you're looking for a book similar to one you liked, what matters most to
you?",I need there to be an audiobook because I get very bad migraines when I read,,,,,,,,Where do you usually go to find your next book?,book club or everand,Book Clubs,,1,,,,,,,,,,,,,,,the-goblin-emperor,,,,,,,Visitor,,,
372491,[BHB] Book Like / Visitors,5a155f58-9226-48af-8252-6ca328fa129d,https://www.supersummary.com/anatomy-of-an-alibi/chapters-18-25-summary/,07/16/2026 17:58:29,,,,iOS,Mobile Safari,"Mozilla/5.0 (iPhone; CPU iPhone OS 18_7 like Mac OS X) AppleWebKit/605.1.15 (KHTML, like Gecko) Version/26.2 Mobile/15E148 Safari/604.1",{},URL Event 1 for Study 313699,abbb7a34-114c-4419-84e9-da9361e4acc0,{},Have you read this book?,"Yes, I'm reading it now",1,,,,,,,,,,,,,,,,,,,,,,,,,,,,,,,,,,,,,,,,,,,,,,,,,,,,,,,,anatomy-of-an-alibi,,,,,,,Visitor,,,
372491,[BHB] Book Like / Visitors,812cc6aa-48cb-4864-99fc-f127bb0ad6e8,https://www.supersummary.com/the-traitors-game/summary/,07/16/2026 17:43:49,07/16/2026 17:44:23,,,iOS,Mobile Safari,"Mozilla/5.0 (iPhone; CPU iPhone OS 18_7 like Mac OS X) AppleWebKit/605.1.15 (KHTML, like Gecko) Version/26.5 Mobile/15E148 Safari/604.1",{},URL Event 1 for Study 313699,eb106b34-6b48-4121-b1ac-1b4fa5080c10,{},Have you read this book?,"No, I’m considering reading it",3,,Is this the kind of book you usually read?,"Yes, very typical for me",1,How did you find this book?,Random browsing / stumbled on it,0,0,0,0,0,0,1,0,,"If you saw a list of books similar to what you're reading (or just finished),
what would you want to see beyond the title and author?",Something else,0,0,0,0,0,0,0,0,1,When it came out,"When you're looking for a book similar to one you liked, what matters most to
you?",[skipped by user],,,,,,,,Where do you usually go to find your next book?,[skipped by user],,,,,,,,,,,,,,,,,,the-traitors-game,,,,,,,Visitor,,,
372491,[BHB] Book Like / Visitors,34aecdfe-152a-4f5a-b17a-6d28631b442a,https://www.supersummary.com/the-measure/summary/,07/16/2026 17:15:23,07/16/2026 17:18:41,1075833,,Mac OS,Safari,"Mozilla/5.0 (Macintosh; Intel Mac OS X 10_15_7) AppleWebKit/605.1.15 (KHTML, like Gecko) Version/17.5 Safari/605.1.15",{},URL Event 1 for Study 313699,7edb3910-b524-40e5-859d-602a03fdf3b1,{},Have you read this book?,"Yes, I'm reading it now",1,,Is this the kind of book you usually read?,Somewhat—it has some familiar elements,2,How did you find this book?,Other,0,0,0,0,0,0,0,1,Book club selection,"If you saw a list of books similar to what you're reading (or just finished),
what would you want to see beyond the title and author?","Why it's similar (shared plot, theme, or mood)",1,0,0,0,0,0,0,0,0,,"When you're looking for a book similar to one you liked, what matters most to
you?",That the author holds my interest,Author Preference,1,,,,,,Where do you usually go to find your next book?,Book club selection,Book Clubs,,1,,,,,,,book_club_member,u_5ff5f72d4ace7935,,,,,,,table-for-two,,annual,annual,,Active Subscriber,,Canceled Subscriber,2025-03-13T10:16:27.000-07:00,13,
372491,[BHB] Book Like / Visitors,e16b1fdf-c441-4f5f-929d-6481cea74d9b,https://www.supersummary.com/the-wedding-people/parts-3-4-summary/,07/16/2026 16:06:00,,,,iOS,Chrome,"Mozilla/5.0 (iPad; CPU OS 26_5_0 like Mac OS X) AppleWebKit/605.1.15 (KHTML, like Gecko) CriOS/150.0.7871.113 Mobile/15E148 Safari/604.1",{},URL Event 1 for Study 313699,8fd378b5-79b5-4ab0-a140-20b3e6b1612a,{},Have you read this book?,"Yes, I recently finished it",2,,,,,,,,,,,,,,,,,,,,,,,,,,,,,,,,,,,,,,,,,,,,,,,,,,,,,,,,the-wedding-people,,,,,,,Visitor,,,
372491,[BHB] Book Like / Visitors,10513904-0092-434a-a11b-be0f50f04d4c,https://www.supersummary.com/the-frozen-river/summary/?searchId=22f63b01-a1b5-433c-a184-23f19b20c4f7&searchPosition=1,07/16/2026 15:57:23,07/16/2026 16:02:41,,,iOS,Chrome,"Mozilla/5.0 (iPhone; CPU iPhone OS 26_5_2 like Mac OS X) AppleWebKit/605.1.15 (KHTML, like Gecko) CriOS/150.0.7871.113 Mobile/15E148 Safari/604.1",{},URL Event 1 for Study 313699,daf7aa03-827a-4648-b7c7-3e2a5a050132,{},Have you read this book?,"Yes, I recently finished it",2,,Is this the kind of book you usually read?,Somewhat—it has some familiar elements,2,How did you find this book?,Recognized the author,0,0,0,0,1,0,0,0,,"If you saw a list of books similar to what you're reading (or just finished),
what would you want to see beyond the title and author?",Genre or subgenre,0,0,1,0,0,0,0,0,0,,"When you're looking for a book similar to one you liked, what matters most to
you?",Lawson is a phenomenal storyteller. She brings historical periods to life. Her characters are unfolded so that you can’t put the book down.in so doing she helps us understand our past and where we can from.,Plot and Storyline,,,,1,,,Where do you usually go to find your next book?,The library,Libraries,,,,1,,,,,,,,,,,,,the-frozen-river,,,,,,,Visitor,,,
372491,[BHB] Book Like / Visitors,fd0552ee-7c01-4972-8b68-0f50c6745ee2,https://www.supersummary.com/heartwood-amity-gaige/summary/?_gl=1*arikop*_up*MQ..*_gs*MQ..&gclid=Cj0KCQjwguLSBhDLARIsAH-yPrHvNCPzMiCWnzjuF46TK7g76T3YSxZ9JvPF-VLDciAYDwEleX0Vr0caAkB6EALw_wcB&gbraid=0AAAAADhUVArBHr-duWB-sjP5anpMwQHmq,07/16/2026 15:14:15,07/16/2026 15:15:01,,,Mac OS,Safari,"Mozilla/5.0 (Macintosh; Intel Mac OS X 10_15_7) AppleWebKit/605.1.15 (KHTML, like Gecko) Version/26.5.2 Safari/605.1.15",{},URL Event 1 for Study 313699,4a2e6eb6-b812-46d7-ba6c-3e4d180fccb4,{},Have you read this book?,"Yes, I recently finished it",2,,Is this the kind of book you usually read?,"Yes, very typical for me",1,How did you find this book?,Saw it on a bestseller/trending list,0,0,0,1,0,0,0,0,,"If you saw a list of books similar to what you're reading (or just finished),
what would you want to see beyond the title and author?","Why it's similar (shared plot, theme, or mood)",1,0,0,0,0,0,0,0,0,,"When you're looking for a book similar to one you liked, what matters most to
you?",[skipped by user],,,,,,,,Where do you usually go to find your next book?,[skipped by user],,,,,,,,,,,,,,,,,,heartwood-amity-gaige,,,,,,,Visitor,,,
372491,[BHB] Book Like / Visitors,0d249b0e-d0c7-4d20-a53b-b0c580ac6c20,https://www.supersummary.com/the-girl-with-the-louding-voice/summary/?utm_source=google&utm_medium=cpc&utm_campaign=22777360728&utm_content=&utm_term=&utm_source=google&utm_medium=cpc&utm_campaign=22777360728&utm_content=&utm_term=&gad_source=1&gad_campaignid=22777363182&gbraid=0AAAAADhUVAr5ODn6I5zsu-3pSEfGUmyv9&gclid=EAIaIQobChMI3u_R56HXlQMVXGpHAR34oDS0EAAYASAEEgKXyPD_BwE,07/16/2026 13:14:35,07/16/2026 13:15:21,,,Mac OS,Safari,"Mozilla/5.0 (Macintosh; Intel Mac OS X 10_15_7) AppleWebKit/605.1.15 (KHTML, like Gecko) Version/17.14 Safari/605.1.15",{},URL Event 1 for Study 313699,2c038156-f278-4a68-934a-bd610a73765b,{},Have you read this book?,"Yes, I recently finished it",2,,Is this the kind of book you usually read?,"Yes, very typical for me",1,How did you find this book?,"Recommended by an app, site, or algorithm (Goodreads, TikTok, Amazon, etc.) because it's similar to books I liked",0,1,0,0,0,0,0,0,,"If you saw a list of books similar to what you're reading (or just finished),
what would you want to see beyond the title and author?",Reader ratings or reviews,0,0,0,1,0,0,0,0,0,,"When you're looking for a book similar to one you liked, what matters most to
you?",[skipped by user],,,,,,,,Where do you usually go to find your next book?,[skipped by user],,,,,,,,,,,,,,,,,,,,,,,,,Visitor,,,
372491,[BHB] Book Like / Visitors,bc7bc487-7e2e-4a46-9a3d-6391f3c3e923,https://www.supersummary.com/kill-joy/summary/,07/16/2026 12:39:07,07/16/2026 12:39:46,,,Windows,Chrome,"Mozilla/5.0 (Windows NT 10.0; Win64; x64) AppleWebKit/537.36 (KHTML, like Gecko) Chrome/150.0.0.0 Safari/537.36",{},URL Event 1 for Study 313699,36ddb74b-f80c-447a-bba6-3efc69dbd51e,{},Have you read this book?,"Yes, I recently finished it",2,,Is this the kind of book you usually read?,"Yes, very typical for me",1,How did you find this book?,Other,0,0,0,0,0,0,0,1,read agggtm,"If you saw a list of books similar to what you're reading (or just finished),
what would you want to see beyond the title and author?","Why it's similar (shared plot, theme, or mood), Content or maturity warnings",1,0,0,0,0,1,0,0,0,,"When you're looking for a book similar to one you liked, what matters most to
you?",[skipped by user],,,,,,,,Where do you usually go to find your next book?,[skipped by user],,,,,,,,,,,,,,,,,,,,,,,,,Visitor,,,
372491,[BHB] Book Like / Visitors,8756b4ed-736d-44bd-b0dd-0733a9725870,https://www.supersummary.com/culpability/prologue-part-2-chapter-14-summary/#guide_page_title,07/16/2026 11:58:24,07/16/2026 12:00:02,,,iOS,Mobile Safari,"Mozilla/5.0 (iPhone; CPU iPhone OS 18_7 like Mac OS X) AppleWebKit/605.1.15 (KHTML, like Gecko) Version/26.5.2 Mobile/15E148 Safari/604.1",{},URL Event 1 for Study 313699,cd2ac2b7-6292-477f-b449-73ab1e3ab880,{},Have you read this book?,"Yes, I recently finished it",2,,Is this the kind of book you usually read?,"No, this is a departure from what I usually read",3,How did you find this book?,Recommended by a friend/family member,1,0,0,0,0,0,0,0,,"If you saw a list of books similar to what you're reading (or just finished),
what would you want to see beyond the title and author?","Reader ratings or reviews, Page count or estimated reading time, Whether it's part of a series",0,0,0,1,1,0,1,0,0,,"When you're looking for a book similar to one you liked, what matters most to
you?",Number of pages. I typically avoid 500+ page books.,,,,,,,,Where do you usually go to find your next book?,"Library, based on my personal book club recommendations.",Book Clubs; Libraries,,1,,1,,,,,,,,,,,,,culpability,,,,,,,Visitor,,,
372491,[BHB] Book Like / Visitors,e5907c70-3e57-4b78-960e-4cda5cd51769,https://www.supersummary.com/the-correspondent/summary/,07/16/2026 09:37:33,,,,iOS,Edge,"Mozilla/5.0 (iPad; CPU OS 18_7_9 like Mac OS X) AppleWebKit/605.1.15 (KHTML, like Gecko) EdgiOS/150.0.4078.58 Version/18.0 Mobile/15E148 Safari/604.1",{},URL Event 1 for Study 313699,729ece0c-9fc9-4aaa-a8e5-aa05030e1f8e,{},Have you read this book?,"Yes, I recently finished it",2,,Is this the kind of book you usually read?,"Yes, very typical for me",1,How did you find this book?,Recommended by a friend/family member,1,0,0,0,0,0,0,0,,"If you saw a list of books similar to what you're reading (or just finished),
what would you want to see beyond the title and author?",Reader ratings or reviews,0,0,0,1,0,0,0,0,0,,,,,,,,,,,,,,,,,,,,,,,,,,,,,,,,,,,,,Visitor,,,
372491,[BHB] Book Like / Visitors,cfc15ca5-bba2-46e1-a546-2802fb00055b,https://www.supersummary.com/the-night-she-disappeared-jewell/summary/,07/16/2026 08:25:17,,,,iOS,Mobile Safari,"Mozilla/5.0 (iPhone; CPU iPhone OS 18_7 like Mac OS X) AppleWebKit/605.1.15 (KHTML, like Gecko) Version/26.5 Mobile/15E148 Safari/604.1",{},URL Event 1 for Study 313699,0bfc7614-9dce-4ef3-ae0a-810efeb13ad3,{},Have you read this book?,"Yes, I'm reading it now",1,,,,,,,,,,,,,,,,,,,,,,,,,,,,,,,,,,,,,,,,,,,,,,,,,,,,,,,,the-night-she-disappeared-jewell,,,,,,,Visitor,,,
372491,[BHB] Book Like / Visitors,bedd500f-6ff8-4b49-92ba-01a07114f18f,https://www.supersummary.com/mad-honey/chapters-9-12-summary/#guide_page_title,07/16/2026 06:47:10,,,,Android,Chrome,"Mozilla/5.0 (Linux; Android 10; K) AppleWebKit/537.36 (KHTML, like Gecko) Chrome/150.0.0.0 Mobile Safari/537.36",{},URL Event 1 for Study 313699,cd799067-0f6d-421b-a888-7959de5bcd01,{},Have you read this book?,"Yes, I'm reading it now",1,,Is this the kind of book you usually read?,"No, this is a departure from what I usually read",3,How did you find this book?,Saw it on a bestseller/trending list,0,0,0,1,0,0,0,0,,"If you saw a list of books similar to what you're reading (or just finished),
what would you want to see beyond the title and author?",Content or maturity warnings,0,0,0,0,0,1,0,0,0,,,,,,,,,,,,,,,,,,,,,,,,,,,,,,mad-honey,,,,,,,Visitor,,,
372491,[BHB] Book Like / Visitors,3643fdee-19a7-4b17-adf2-0c2eaae9ed77,https://www.supersummary.com/the-names-florence-knapp/summary/,07/16/2026 06:35:44,,,,Mac OS,Safari,"Mozilla/5.0 (Macintosh; Intel Mac OS X 10_15_7) AppleWebKit/605.1.15 (KHTML, like Gecko) Version/16.6.2 Safari/605.1.15",{},URL Event 1 for Study 313699,b90aeeda-1f83-4a93-9d68-b55540fde835,{},Have you read this book?,"Yes, I recently finished it",2,,Is this the kind of book you usually read?,"No, this is a departure from what I usually read",3,How did you find this book?,Recommended by a friend/family member,1,0,0,0,0,0,0,0,,"If you saw a list of books similar to what you're reading (or just finished),
what would you want to see beyond the title and author?",Reader ratings or reviews,0,0,0,1,0,0,0,0,0,,,,,,,,,,,,,,,,,,,,,,,,,,,,,,,,,,,,,Visitor,,,
372491,[BHB] Book Like / Visitors,54fa0291-5f6b-4352-b4d0-3f9f99d46e0d,https://www.supersummary.com/black-af-history/chapters-14-16-summary/,07/16/2026 06:15:49,,1698393,,iOS,Chrome,"Mozilla/5.0 (iPhone; CPU iPhone OS 26_5_1 like Mac OS X) AppleWebKit/605.1.15 (KHTML, like Gecko) CriOS/150.0.7871.113 Mobile/15E148 Safari/604.1",{},URL Event 1 for Study 313699,f8ab0e3e-1582-4f97-8bdb-147d03d58b8f,{},Have you read this book?,"Yes, I'm reading it now",1,,Is this the kind of book you usually read?,"Yes, very typical for me",1,How did you find this book?,"Recommended by an app, site, or algorithm (Goodreads, TikTok, Amazon, etc.) because it's similar to books I liked",0,1,0,0,0,0,0,0,,,,,,,,,,,,,,,,,,,,,,,,,,,,,,,,,,,,,,,,,,,,,,,,,Visitor,,,
372491,[BHB] Book Like / Visitors,0e480373-429f-4dd8-acf1-11857c06b393,https://www.supersummary.com/1929-sorkin/summary/,07/16/2026 05:27:51,07/16/2026 05:29:42,,,Windows,Chrome,"Mozilla/5.0 (Windows NT 10.0; Win64; x64) AppleWebKit/537.36 (KHTML, like Gecko) Chrome/150.0.0.0 Safari/537.36",{},URL Event 1 for Study 313699,3f8d5372-9c20-4e92-98f2-c8771035d071,{},Have you read this book?,"Yes, I recently finished it",2,,Is this the kind of book you usually read?,Somewhat—it has some familiar elements,2,How did you find this book?,"Recommended by a friend/family member, Other",1,0,0,0,0,0,0,1,Selected by my book club,"If you saw a list of books similar to what you're reading (or just finished),
what would you want to see beyond the title and author?","Genre or subgenre, Reader ratings or reviews, Page count or estimated reading time, Whether it's part of a series",0,0,1,1,1,0,1,0,0,,"When you're looking for a book similar to one you liked, what matters most to
you?",[skipped by user],,,,,,,,Where do you usually go to find your next book?,"Goodreads, Hoopla or Libby",Online Platforms,,,,,1,,,,,,,,,,,,1929-sorkin,,,,,,,Visitor,,,
372491,[BHB] Book Like / Visitors,309177f0-d820-4e4a-936b-aad82f214578,https://www.supersummary.com/the-black-wolf-louise-penny/chapters-1-7-summary/#guide_page_title,07/16/2026 04:43:41,,,,iOS,Mobile Safari,"Mozilla/5.0 (iPhone; CPU iPhone OS 18_7 like Mac OS X) AppleWebKit/605.1.15 (KHTML, like Gecko) Version/26.5.2 Mobile/15E148 Safari/604.1",{},URL Event 1 for Study 313699,9a56b89f-32a0-4668-822d-b9d14f94e233,{},Have you read this book?,"Yes, I recently finished it",2,,Is this the kind of book you usually read?,"No, this is a departure from what I usually read",3,How did you find this book?,Recommended by a friend/family member,1,0,0,0,0,0,0,0,,"If you saw a list of books similar to what you're reading (or just finished),
what would you want to see beyond the title and author?",Reader ratings or reviews,0,0,0,1,0,0,0,0,0,,"When you're looking for a book similar to one you liked, what matters most to
you?",[skipped by user],,,,,,,,,,,,,,,,,,,book_club_member,,,,,,,,the-black-wolf-louise-penny,,,,,,,Visitor,,,
372491,[BHB] Book Like / Visitors,47a3c54e-b424-4c78-af2b-3b79509e04c7,https://www.supersummary.com/space-case/chapters-19-21-summary/#guide_page_title,07/16/2026 03:45:43,,,,iOS,Mobile Safari,"Mozilla/5.0 (iPhone; CPU iPhone OS 18_7 like Mac OS X) AppleWebKit/605.1.15 (KHTML, like Gecko) Version/26.5 Mobile/15E148 Safari/604.1",{},URL Event 1 for Study 313699,cd71db70-4ae3-4e7d-a0b8-717c11fb490b,{},Have you read this book?,"Yes, I'm reading it now",1,,,,,,,,,,,,,,,,,,,,,,,,,,,,,,,,,,,,,,,,,,,,,,,,,,,,,,,,space-case,,,,,,,Visitor,,,
372491,[BHB] Book Like / Visitors,3e152f04-3820-45aa-aea8-7c4fd68cf87e,https://www.supersummary.com/simon-vs-the-homo-sapiens-agenda/chapters-5-9-summary/,07/16/2026 03:05:25,,,,iOS,GSA,"Mozilla/5.0 (iPhone; CPU iPhone OS 26_5_2 like Mac OS X) AppleWebKit/605.1.15 (KHTML, like Gecko) GSA/429.1.942703598 Mobile/15E148 Safari/604.1",{},URL Event 1 for Study 313699,46194564-4b5c-4f71-b6a4-c42d9e1c8206,{},Have you read this book?,"Yes, I'm reading it now",1,,Is this the kind of book you usually read?,Not sure,4,,,,,,,,,,,,,,,,,,,,,,,,,,,,,,,,,,,,,,,,,,,,,,,,,,,,,,,,,,,Visitor,,,
372491,[BHB] Book Like / Visitors,15a90534-8d64-4478-baaf-ce22b7ccd6fa,https://www.supersummary.com/the-caretaker-marcus-kliewer/summary/,07/16/2026 02:48:11,,,,Android,Chrome,"Mozilla/5.0 (Linux; Android 10; K) AppleWebKit/537.36 (KHTML, like Gecko) Chrome/150.0.0.0 Mobile Safari/537.36",{},URL Event 1 for Study 313699,916feea1-39d9-4074-8b73-256fc1ce41f2,{},Have you read this book?,"No, I’m considering reading it",3,,,,,,,,,,,,,,,,,,,,,,,,,,,,,,,,,,,,,,,,,,,,,,,,,,,,,,,,the-caretaker-marcus-kliewer,,,,,,,Visitor,,,
372491,[BHB] Book Like / Visitors,438a1615-96d3-40fb-b808-58e65909e63c,https://www.supersummary.com/gone-before-goodbye/summary/,07/16/2026 02:33:41,,,,iOS,GSA,"Mozilla/5.0 (iPhone; CPU iPhone OS 26_5_2 like Mac OS X) AppleWebKit/605.1.15 (KHTML, like Gecko) GSA/429.1.942703598 Mobile/15E148 Safari/604.1",{},URL Event 1 for Study 313699,f8bf18e6-5994-4849-8a3c-51330523113c,{},Have you read this book?,"Yes, I recently finished it",2,,,,,,,,,,,,,,,,,,,,,,,,,,,,,,,,,,,,,,,,,,,,,,,,,,,,,,,,gone-before-goodbye,,,,,,,Visitor,,,
372491,[BHB] Book Like / Visitors,613934d5-e470-45ab-af49-10275f9b0789,https://www.supersummary.com/pucking-strong/summary/,07/16/2026 02:16:15,,,,Android,Chrome,"Mozilla/5.0 (Linux; Android 10; K) AppleWebKit/537.36 (KHTML, like Gecko) Chrome/138.0.0.0 Mobile Safari/537.36",{},URL Event 1 for Study 313699,4130daee-782d-432e-a73e-3768641f5c3e,{},Have you read this book?,"Yes, I'm reading it now",1,,Is this the kind of book you usually read?,Somewhat—it has some familiar elements,2,How did you find this book?,Other,0,0,0,0,0,0,0,1,Libby overdrive recommend,"If you saw a list of books similar to what you're reading (or just finished),
what would you want to see beyond the title and author?","Why it's similar (shared plot, theme, or mood), A match score (e.g., ""92% similar""), Genre or subgenre, Whether it's part of a series",1,1,1,0,0,0,1,0,0,,,,,,,,,,,,,,,,,,,,,,,,,,,,,,pucking-strong,,,,,,,Visitor,,,
372491,[BHB] Book Like / Visitors,845169cd-18d2-4103-acdc-ff2a96d982bf,https://www.supersummary.com/toms-crossing/summary/,07/16/2026 02:04:58,,,,iOS,Mobile Safari,"Mozilla/5.0 (iPhone; CPU iPhone OS 18_7 like Mac OS X) AppleWebKit/605.1.15 (KHTML, like Gecko) Version/26.5.2 Mobile/15E148 Safari/604.1",{},URL Event 1 for Study 313699,e1b722e3-08b5-4f98-a910-ecf264cb16ff,{},Have you read this book?,"Yes, I'm reading it now",1,,Is this the kind of book you usually read?,Somewhat—it has some familiar elements,2,How did you find this book?,Read a summary/review and it sounded like the kind of book I like,0,0,1,0,0,0,0,0,,"If you saw a list of books similar to what you're reading (or just finished),
what would you want to see beyond the title and author?",Something else,0,0,0,0,0,0,0,0,1,It’s amorphous.,,,,,,,,,,,,,,,,,,,,,,,,,,,,,,,,,,,,Visitor,,,
372491,[BHB] Book Like / Visitors,f9a35fc6-908d-454b-bd14-b78a63d6c5c2,https://www.supersummary.com/darkly-dreaming-dexter/chapters-15-21-summary/#guide_page_title,07/16/2026 01:21:51,,,,Android,Chrome,"Mozilla/5.0 (Linux; Android 10; K) AppleWebKit/537.36 (KHTML, like Gecko) Chrome/150.0.0.0 Mobile Safari/537.36",{},URL Event 1 for Study 313699,23c52cf1-89d1-44e6-a7ea-bb88e6641054,{},Have you read this book?,"Yes, I'm reading it now",1,,Is this the kind of book you usually read?,"Yes, very typical for me",1,,,,,,,,,,,,,,,,,,,,,,,,,,,,,,,,,,,,,,,,,,,,,,,,,,,,,,,,,,,Visitor,,,
372491,[BHB] Book Like / Visitors,149c5cb6-c39f-4e45-bb19-4876b0be0dda,https://www.supersummary.com/the-autobiography-of-alice-b-toklas/summary/,07/15/2026 23:47:53,,,,Mac OS,Safari,"Mozilla/5.0 (Macintosh; Intel Mac OS X 10_15_7) AppleWebKit/605.1.15 (KHTML, like Gecko) Version/26.5 Safari/605.1.15 Ddg/26.5",{},URL Event 1 for Study 313699,ad7ae531-737e-4668-8a7a-cf84ad49f24d,{},Have you read this book?,"Yes, I'm reading it now",1,,Is this the kind of book you usually read?,Somewhat—it has some familiar elements,2,How did you find this book?,Searched for it specifically,0,0,0,0,0,1,0,0,,,,,,,,,,,,,,,,,,,,,,,,,,,,,,,,,,,,,,,,,,,,,,,,,Visitor,,,
372491,[BHB] Book Like / Visitors,6f368e12-a8a0-4fd5-85ad-1cea0c9201ee,https://www.supersummary.com/dear-debbie/summary/,07/15/2026 23:20:52,,,,Android,Chrome,"Mozilla/5.0 (Linux; Android 10; K) AppleWebKit/537.36 (KHTML, like Gecko) Chrome/150.0.0.0 Mobile Safari/537.36",{},URL Event 1 for Study 313699,9b52e8b9-3c08-4a87-a65c-2cd31470d7f0,{},Have you read this book?,"Yes, I recently finished it",2,,Is this the kind of book you usually read?,Somewhat—it has some familiar elements,2,,,,,,,,,,,,,,,,,,,,,,,,,,,,,,,,,,,,,,,,,,,,,,,,,,,,dear-debbie,,,,,,,Visitor,,,
372491,[BHB] Book Like / Visitors,fa17aca3-7bc1-4a6e-a610-e2cfa9f2c031,https://www.supersummary.com/the-language-of-flowers/part-4-summary/,07/15/2026 22:40:33,,,,iOS,Mobile Safari,"Mozilla/5.0 (iPhone; CPU iPhone OS 18_7 like Mac OS X) AppleWebKit/605.1.15 (KHTML, like Gecko) Version/26.5.2 Mobile/15E148 Safari/604.1",{},URL Event 1 for Study 313699,0d82a5f3-5940-4e70-a449-c07de116c9bf,{},Have you read this book?,"Yes, I recently finished it",2,,Is this the kind of book you usually read?,Somewhat—it has some familiar elements,2,How did you find this book?,Other,0,0,0,0,0,0,0,1,Book club,,,,,,,,,,,,,,,,,,,,,,,,,,,,,,,,,,,,,,,,,the-language-of-flowers,,,,,,,Visitor,,,
372491,[BHB] Book Like / Visitors,35615fb7-d6c5-4b1d-a77b-38ce0d8c19db,https://www.supersummary.com/wild-reverence/summary/?searchId=9d7b80a6-b8ee-4b50-8a59-b36f90dd27db&searchPosition=1,07/15/2026 22:37:37,07/15/2026 22:37:56,797102,,iOS,Mobile Safari,"Mozilla/5.0 (iPhone; CPU iPhone OS 18_6 like Mac OS X) AppleWebKit/605.1.15 (KHTML, like Gecko) Version/18.6 Mobile/15E148 Safari/604.1",{},URL Event 1 for Study 313699,c48d4a54-cc47-48d6-a841-946c2bb0e847,{},Have you read this book?,"Yes, I'm reading it now",1,,Is this the kind of book you usually read?,Not sure,4,How did you find this book?,"Recommended by an app, site, or algorithm (Goodreads, TikTok, Amazon, etc.) because it's similar to books I liked",0,1,0,0,0,0,0,0,,"If you saw a list of books similar to what you're reading (or just finished),
what would you want to see beyond the title and author?","Why it's similar (shared plot, theme, or mood)",1,0,0,0,0,0,0,0,0,,"When you're looking for a book similar to one you liked, what matters most to
you?",[skipped by user],,,,,,,,Where do you usually go to find your next book?,[skipped by user],,,,,,,,,,book_club_member,u_dbbc7f795a2a83c9,,,,,,,,,,,,,,Non Converter,,0,
372491,[BHB] Book Like / Visitors,aa152500-9008-4200-a173-283a300a247e,https://www.supersummary.com/the-borrowed-life-of-frederick-fife/chapters-1-15-summary/,07/15/2026 22:34:45,,,,Mac OS,Safari,"Mozilla/5.0 (Macintosh; Intel Mac OS X 10_15_7) AppleWebKit/605.1.15 (KHTML, like Gecko) Version/26.5 Safari/605.1.15",{},URL Event 1 for Study 313699,ec2e7d3c-8041-4c84-a7a9-1c1c93ef3fa2,{},Have you read this book?,"Yes, I recently finished it",2,,Is this the kind of book you usually read?,"No, this is a departure from what I usually read",3,How did you find this book?,Recommended by a friend/family member,1,0,0,0,0,0,0,0,,"If you saw a list of books similar to what you're reading (or just finished),
what would you want to see beyond the title and author?",Where to read or buy it,0,0,0,0,0,0,0,1,0,,,,,,,,,,,,,,,,,,,,,,,,,,,,,,the-borrowed-life-of-frederick-fife,,,,,,,Visitor,,,
372491,[BHB] Book Like / Visitors,49972217-ae06-4b24-b33f-e354bc37f72a,https://www.supersummary.com/theo-of-golden/summary/#guide_page_title,07/15/2026 20:39:32,,,,iOS,Mobile Safari,"Mozilla/5.0 (iPhone; CPU iPhone OS 18_7 like Mac OS X) AppleWebKit/605.1.15 (KHTML, like Gecko) Version/26.5.2 Mobile/15E148 Safari/604.1",{},URL Event 1 for Study 313699,9b19616d-66fd-4ced-8430-a967c6216692,{},Have you read this book?,"Yes, I recently finished it",2,,,,,,,,,,,,,,,,,,,,,,,,,,,,,,,,,,,,,,,,,,,,,,,,,,,,,,,,theo-of-golden,,,,,,,Visitor,,,
372491,[BHB] Book Like / Visitors,e6d36ed9-4ba8-4633-b55c-5190d8a80075,https://www.supersummary.com/wild-dark-shore/summary/,07/15/2026 19:53:24,,,,iOS,Mobile Safari,"Mozilla/5.0 (iPhone; CPU iPhone OS 18_7 like Mac OS X) AppleWebKit/605.1.15 (KHTML, like Gecko) Version/18.7 Mobile/15E148 Safari/604.1 Ddg/18.7",{},URL Event 1 for Study 313699,1c62979a-c36e-46b3-a7bd-8c734c9df1ba,{},Have you read this book?,"Yes, I recently finished it",2,,,,,,,,,,,,,,,,,,,,,,,,,,,,,,,,,,,,,,,,,,,,,,,,,,,,,,,,wild-dark-shore,,,,,,,Visitor,,,
372491,[BHB] Book Like / Visitors,5b75e43b-3b1b-4348-864b-b6e93ec18bfc,https://www.supersummary.com/theo-of-golden/summary/,07/15/2026 19:39:51,,,,iOS,Mobile Safari,"Mozilla/5.0 (iPhone; CPU iPhone OS 18_7 like Mac OS X) AppleWebKit/605.1.15 (KHTML, like Gecko) Version/26.5 Mobile/15E148 Safari/604.1",{},URL Event 1 for Study 313699,0974ebf0-5d76-4d3e-bd8b-73672710a22d,{},Have you read this book?,"Yes, I'm reading it now",1,,Is this the kind of book you usually read?,Somewhat—it has some familiar elements,2,,,,,,,,,,,,,,,,,,,,,,,,,,,,,,,,,,,,,,,,,,,,,,,,,,,,theo-of-golden,,,,,,,Visitor,,,
372491,[BHB] Book Like / Visitors,341449ef-c632-4228-a54e-2c56a4fa4a62,https://www.supersummary.com/private-peaceful/summary/,07/15/2026 19:37:40,,,,Mac OS,Safari,"Mozilla/5.0 (Macintosh; Intel Mac OS X 10_15_7) AppleWebKit/605.1.15 (KHTML, like Gecko) Version/18.6 Safari/605.1.15",{},URL Event 1 for Study 313699,6181da95-5458-40f4-ab72-bf465b815590,{},Have you read this book?,"Yes, I recently finished it",2,,Is this the kind of book you usually read?,Somewhat—it has some familiar elements,2,How did you find this book?,Recommended by a friend/family member,1,0,0,0,0,0,0,0,,"If you saw a list of books similar to what you're reading (or just finished),
what would you want to see beyond the title and author?",Genre or subgenre,0,0,1,0,0,0,0,0,0,,,,,,,,,,,,,,,,,,,,,,,,,,,,,,private-peaceful,,,,,,,Visitor,,,
372491,[BHB] Book Like / Visitors,9bf83683-88af-469d-9db4-c33f62508649,https://www.supersummary.com/the-general-in-his-labyrinth/chapters-1-2-summary/#guide_page_title,07/15/2026 19:24:38,,,,Android,Chrome,"Mozilla/5.0 (Linux; Android 10; K) AppleWebKit/537.36 (KHTML, like Gecko) Chrome/150.0.0.0 Mobile Safari/537.36",{},URL Event 1 for Study 313699,2f301b1f-23b6-4a09-ae80-f4d69507a009,{},Have you read this book?,"Yes, I'm reading it now",1,,Is this the kind of book you usually read?,"No, this is a departure from what I usually read",3,,,,,,,,,,,,,,,,,,,,,,,,,,,,,,,,,,,,,,,,,,,,,,,,,,,,,,,,,,,Visitor,,,
372491,[BHB] Book Like / Visitors,15e4fc4e-16af-4403-bef9-4dfeba0ce4c3,https://www.supersummary.com/spark-of-the-everflame/summary/?searchId=867c9b66-30ad-42db-a04b-2e05a70143b6&searchPosition=1,07/15/2026 18:29:59,,1232425,,iOS,Mobile Safari,"Mozilla/5.0 (iPhone; CPU iPhone OS 18_3_2 like Mac OS X) AppleWebKit/605.1.15 (KHTML, like Gecko) Version/18.3.1 Mobile/15E148 Safari/604.1",{},URL Event 1 for Study 313699,253de449-494f-4478-8e37-a4ecc5c426b6,{},Have you read this book?,"Yes, I'm reading it now",1,,,,,,,,,,,,,,,,,,,,,,,,,,,,,,,,,,,,,,,,,,,,,,,,book_club_member,u_76cafcd85eab7109,,,,,,,spark-of-the-everflame,,annual,annual,,Active Subscriber,,Visitor,2025-06-10T12:06:40.000-07:00,13,
372491,[BHB] Book Like / Visitors,90b0415b-8df1-4a28-9f9c-e8147da4603f,https://www.supersummary.com/culpability/part-4-epilogue-summary/#guide_page_title,07/15/2026 17:55:32,,,,iOS,Mobile Safari,"Mozilla/5.0 (iPhone; CPU iPhone OS 18_7 like Mac OS X) AppleWebKit/605.1.15 (KHTML, like Gecko) Version/26.5 Mobile/15E148 Safari/604.1",{},URL Event 1 for Study 313699,71d52d49-c8c8-4ef5-b930-b54e8b1b23d6,{},Have you read this book?,"Yes, I recently finished it",2,,Is this the kind of book you usually read?,Somewhat—it has some familiar elements,2,How did you find this book?,Recommended by a friend/family member,1,0,0,0,0,0,0,0,,,,,,,,,,,,,,,,,,,,,,,,,,,,,,,,,,,,,,,,,,culpability,,,,,,,Visitor,,,
372491,[BHB] Book Like / Visitors,02d790e1-dfaa-4d66-aaa0-368fd8110c4f,https://www.supersummary.com/the-second-life-of-mirielle-west/summary/,07/15/2026 17:15:07,,,,Mac OS,Firefox,Mozilla/5.0 (Macintosh; Intel Mac OS X 10.15; rv:152.0) Gecko/20100101 Firefox/152.0,{},URL Event 1 for Study 313699,6d98e900-a157-47b2-b51f-3e9e095d4f30,{},Have you read this book?,"Yes, I recently finished it",2,,Is this the kind of book you usually read?,"No, this is a departure from what I usually read",3,How did you find this book?,Other,0,0,0,0,0,0,0,1,Book club member,,,,,,,,,,,,,,,,,,,,,,,,,,,,,,,,,,,,,,,,,the-second-life-of-mirielle-west,,,,,,,Visitor,,,
372491,[BHB] Book Like / Visitors,678e7544-d822-486e-ab5a-faef722fac5b,https://www.supersummary.com/the-calamity-club/part-2-chapters-29-38-summary/,07/15/2026 17:10:06,,,,Mac OS,Chrome,"Mozilla/5.0 (Macintosh; Intel Mac OS X 10_15_7) AppleWebKit/537.36 (KHTML, like Gecko) Chrome/150.0.0.0 Safari/537.36 OH_Secure_Browser",{},URL Event 1 for Study 313699,6147aa27-2d23-406e-a491-e01916cda36d,{},Have you read this book?,"Yes, I'm reading it now",1,,,,,,,,,,,,,,,,,,,,,,,,,,,,,,,,,,,,,,,,,,,,,,,,,,,,,,,,,,,,,,,Visitor,,,
372491,[BHB] Book Like / Visitors,d947f4c3-36a3-4be0-9803-64eafd1aa243,https://www.supersummary.com/theodore-boone/chapters-6-12-summary/,07/15/2026 16:52:02,,,,iOS,Mobile Safari,"Mozilla/5.0 (iPhone; CPU iPhone OS 18_7 like Mac OS X) AppleWebKit/605.1.15 (KHTML, like Gecko) Version/26.5.2 Mobile/15E148 Safari/604.1",{},URL Event 1 for Study 313699,76804305-7811-4e04-86fc-2212faaf71a4,{},Have you read this book?,"No, I’m considering reading it",3,,Is this the kind of book you usually read?,Not sure,4,How did you find this book?,Read a summary/review and it sounded like the kind of book I like,0,0,1,0,0,0,0,0,,"If you saw a list of books similar to what you're reading (or just finished),
what would you want to see beyond the title and author?",Where to read or buy it,0,0,0,0,0,0,0,1,0,,"When you're looking for a book similar to one you liked, what matters most to
you?",The author,Author Preference,1,,,,,,,,,,,,,,,,,,,,,,,,,theodore-boone,,,,,,,Visitor,,,
372491,[BHB] Book Like / Visitors,10600ff9-0da0-4d65-8e28-6a8609680a54,https://www.supersummary.com/my-next-breath/prologue-part-1-chapter-3-summary/#guide_page_title,07/15/2026 15:14:24,07/15/2026 15:15:28,,,Android,Chrome,"Mozilla/5.0 (Linux; Android 10; K) AppleWebKit/537.36 (KHTML, like Gecko) Chrome/150.0.0.0 Mobile Safari/537.36",{},URL Event 1 for Study 313699,8a0b3697-982c-4e2a-8821-f751e427dc62,{},Have you read this book?,"Yes, I'm reading it now",1,,Is this the kind of book you usually read?,Somewhat—it has some familiar elements,2,How did you find this book?,Searched for it specifically,0,0,0,0,0,1,0,0,,"If you saw a list of books similar to what you're reading (or just finished),
what would you want to see beyond the title and author?",Reader ratings or reviews,0,0,0,1,0,0,0,0,0,,"When you're looking for a book similar to one you liked, what matters most to
you?",[skipped by user],,,,,,,,Where do you usually go to find your next book?,[skipped by user],,,,,,,,,,,,,,,,,,my-next-breath,,,,,,,Visitor,,,
372491,[BHB] Book Like / Visitors,3552741c-e017-478d-9e89-7f9f54d6be72,https://www.supersummary.com/the-last-kids-on-earth-and-the-nightmare-king/chapters-11-20-summary/,07/15/2026 15:02:29,07/15/2026 15:02:49,,,Mac OS,Chrome,"Mozilla/5.0 (Macintosh; Intel Mac OS X 10_15_7) AppleWebKit/537.36 (KHTML, like Gecko) Chrome/150.0.0.0 Safari/537.36",{},URL Event 1 for Study 313699,6cf43e3c-77ee-42f2-badb-f99031dba707,{},Have you read this book?,"Yes, I recently finished it",2,,Is this the kind of book you usually read?,"Yes, very typical for me",1,How did you find this book?,Recognized the author,0,0,0,0,1,0,0,0,,"If you saw a list of books similar to what you're reading (or just finished),
what would you want to see beyond the title and author?",Genre or subgenre,0,0,1,0,0,0,0,0,0,,"When you're looking for a book similar to one you liked, what matters most to
you?",[skipped by user],,,,,,,,Where do you usually go to find your next book?,[skipped by user],,,,,,,,,,,,,,,,,,the-last-kids-on-earth-and-the-nightmare-king,,,,,,,Visitor,,,
372491,[BHB] Book Like / Visitors,f8593146-6156-4f7d-a131-67cee1d4d69c,https://www.supersummary.com/atlas-shrugged/summary/?gad_source=1&gad_campaignid=23547763121&gbraid=0AAAAADhUVAqGd9Hn9LXltnu6BrFQEIu1w&gclid=EAIaIQobChMIoOqa4_fUlQMV6wfvAh1UJTHoEAAYASAAEgI4OfD_BwE,07/15/2026 14:54:00,07/15/2026 14:54:57,,,Mac OS,Safari,"Mozilla/5.0 (Macintosh; Intel Mac OS X 10_15_7) AppleWebKit/605.1.15 (KHTML, like Gecko) Version/26.5.2 Safari/605.1.15",{},URL Event 1 for Study 313699,9b51dba3-1dd5-4a30-ae06-6e9a34d03ada,{},Have you read this book?,"Yes, I recently finished it",2,,Is this the kind of book you usually read?,"Yes, very typical for me",1,How did you find this book?,Searched for it specifically,0,0,0,0,0,1,0,0,,"If you saw a list of books similar to what you're reading (or just finished),
what would you want to see beyond the title and author?",Genre or subgenre,0,0,1,0,0,0,0,0,0,,"When you're looking for a book similar to one you liked, what matters most to
you?",[skipped by user],,,,,,,,Where do you usually go to find your next book?,[skipped by user],,,,,,,,,,,,,,,,,,,,,,,,,Visitor,,,
372491,[BHB] Book Like / Visitors,115effd4-e175-42d7-9434-7f236cc5636d,https://www.supersummary.com/the-correspondent/chapters-117-161-summary/#guide_page_title,07/15/2026 14:16:30,,1697795,,iOS,Mobile Safari,"Mozilla/5.0 (iPhone; CPU iPhone OS 18_7 like Mac OS X) AppleWebKit/605.1.15 (KHTML, like Gecko) Version/26.5.2 Mobile/15E148 Safari/604.1",{},URL Event 1 for Study 313699,6bf786d1-aeb0-4ef1-8039-0ccdc7b51e89,{},Have you read this book?,"No, I’m considering reading it",3,,Is this the kind of book you usually read?,"Yes, very typical for me",1,How did you find this book?,Random browsing / stumbled on it,0,0,0,0,0,0,1,0,,,,,,,,,,,,,,,,,,,,,,,,,,,,,,,,,,book_club_member,u_4d6fdcb2a3a5cad5,,,,,,,the-correspondent,,,,,,,Non Converter,,0,
372491,[BHB] Book Like / Visitors,ebe0435f-75cf-45a9-afdf-7dc4e55ed220,https://www.supersummary.com/the-brothers-hawthorne/summary/?searchId=10652e7e-3fde-4512-804c-b08d6814e6d2&searchPosition=12,07/15/2026 12:53:03,,,,Android,Chrome,"Mozilla/5.0 (Linux; Android 10; K) AppleWebKit/537.36 (KHTML, like Gecko) Chrome/150.0.0.0 Mobile Safari/537.36",{},URL Event 1 for Study 313699,ad75bc2b-1d11-4127-9d4b-0b1f8b71fb42,{},Have you read this book?,"Yes, I'm reading it now",1,,,,,,,,,,,,,,,,,,,,,,,,,,,,,,,,,,,,,,,,,,,,,,,,,,,,,,,,the-inheritance-games,,,,,,,Visitor,,,
372491,[BHB] Book Like / Visitors,28be0544-55b0-4303-aa2e-16d30849b9e0,https://www.supersummary.com/the-cheat-sheet/summary/,07/15/2026 10:58:01,,,,iOS,Mobile Safari,"Mozilla/5.0 (iPhone; CPU iPhone OS 18_7 like Mac OS X) AppleWebKit/605.1.15 (KHTML, like Gecko) Version/18.7.6 Mobile/15E148 Safari/604.1",{},URL Event 1 for Study 313699,bfbc6620-45cb-479e-a538-488ef11f4d21,{},Have you read this book?,"Yes, I recently finished it",2,,Is this the kind of book you usually read?,"Yes, very typical for me",1,How did you find this book?,Searched for it specifically,0,0,0,0,0,1,0,0,,"If you saw a list of books similar to what you're reading (or just finished),
what would you want to see beyond the title and author?",Genre or subgenre,0,0,1,0,0,0,0,0,0,,,,,,,,,,,,,,,,,,,,,,,,,,,,,,,,,,,,,Visitor,,,
372491,[BHB] Book Like / Visitors,a27609e1-34ad-40ff-a6f0-84176fdccfad,https://www.supersummary.com/franzen-freedom/summary/#guide_page_title,07/15/2026 10:37:35,,,,Android,Chrome,"Mozilla/5.0 (Linux; Android 10; K) AppleWebKit/537.36 (KHTML, like Gecko) Chrome/150.0.0.0 Mobile Safari/537.36",{},URL Event 1 for Study 313699,2348b86a-112a-4a42-af1c-b74d44ec7ef4,{},Have you read this book?,"Yes, I'm reading it now",1,,,,,,,,,,,,,,,,,,,,,,,,,,,,,,,,,,,,,,,,,,,,,,,,student,,,,,,,,franzen-freedom,,,,,,,Visitor,,,
372491,[BHB] Book Like / Visitors,807b7bf3-67de-4b6f-9ce5-2d7fde462e93,https://www.supersummary.com/pendergast/part-4-epilogue-summary/,07/15/2026 10:03:26,,,,Mac OS,Safari,"Mozilla/5.0 (Macintosh; Intel Mac OS X 10_15_7) AppleWebKit/605.1.15 (KHTML, like Gecko) Version/26.5 Safari/605.1.15",{},URL Event 1 for Study 313699,2f0b63ff-9962-419a-ade3-7ac7175047b4,{},Have you read this book?,"Yes, I recently finished it",2,,Is this the kind of book you usually read?,"Yes, very typical for me",1,,,,,,,,,,,,,,,,,,,,,,,,,,,,,,,,,,,,,,,,,,,,,,,,,,,,,,,,,,,Visitor,,,
372491,[BHB] Book Like / Visitors,a69e67cb-b545-4001-9533-a7ab7b98dd11,https://www.supersummary.com/the-cuckoos-calling/summary/,07/15/2026 08:02:03,07/15/2026 08:03:37,,,Android,Samsung Internet,"Mozilla/5.0 (Linux; Android 10; K) AppleWebKit/537.36 (KHTML, like Gecko) SamsungBrowser/30.0 Chrome/143.0.0.0 Safari/537.36",{},URL Event 1 for Study 313699,7f34efc4-1e50-4743-9f78-e07d501e83e7,{},Have you read this book?,"Yes, I recently finished it",2,,Is this the kind of book you usually read?,"Yes, very typical for me",1,How did you find this book?,Searched for it specifically,0,0,0,0,0,1,0,0,,"If you saw a list of books similar to what you're reading (or just finished),
what would you want to see beyond the title and author?","Why it's similar (shared plot, theme, or mood)",1,0,0,0,0,0,0,0,0,,"When you're looking for a book similar to one you liked, what matters most to
you?",[skipped by user],,,,,,,,Where do you usually go to find your next book?,Libraries and literature new editions in good bookshops. Physical copy of book.,Libraries,,,,1,,,,,,,,,,,,,,,,,,,,Visitor,,,
372491,[BHB] Book Like / Visitors,cea2e55e-9d97-48c1-96a4-8be1b356f2cc,https://www-supersummary-com.translate.goog/blood-over-bright-haven/chapters-7-13-summary/?_x_tr_sl=en&_x_tr_tl=de&_x_tr_hl=de&_x_tr_pto=rq&_x_tr_hist=true,07/15/2026 07:56:16,07/15/2026 07:56:43,,,Android,Firefox,Mozilla/5.0 (Android 16; Mobile; rv:152.0) Gecko/152.0 Firefox/152.0,{},URL Event 1 for Study 313699,78e0df20-d74e-4359-9cc6-d4f9b461f1bb,{},Have you read this book?,"Yes, I'm reading it now",1,,Is this the kind of book you usually read?,Not sure,4,How did you find this book?,Searched for it specifically,0,0,0,0,0,1,0,0,,"If you saw a list of books similar to what you're reading (or just finished),
what would you want to see beyond the title and author?",Whether it's part of a series,0,0,0,0,0,0,1,0,0,,"When you're looking for a book similar to one you liked, what matters most to
you?",[skipped by user],,,,,,,,Where do you usually go to find your next book?,[skipped by user],,,,,,,,,,,,,,,,,,blood-over-bright-haven,,,,,,,Visitor,,,
372491,[BHB] Book Like / Visitors,b234596f-ba3b-44a7-a00f-c7f561eeb2c7,https://www.supersummary.com/many-lives-many-masters/summary/,07/15/2026 05:18:12,,,,iOS,Mobile Safari,"Mozilla/5.0 (iPhone; CPU iPhone OS 18_7 like Mac OS X) AppleWebKit/605.1.15 (KHTML, like Gecko) Version/26.5.2 Mobile/15E148 Safari/604.1",{},URL Event 1 for Study 313699,7a6a8ad0-2376-4521-b912-1557b873ebf3,{},Have you read this book?,"Yes, I'm reading it now",1,,,,,,,,,,,,,,,,,,,,,,,,,,,,,,,,,,,,,,,,,,,,,,,,,,,,,,,,,,,,,,,Visitor,,,
372491,[BHB] Book Like / Visitors,2ea34cb4-bc5d-49ab-9630-6fe90d941d06,https://www.supersummary.com/the-forty-rules-of-love/summary/,07/15/2026 05:12:12,,,,Android,Chrome,"Mozilla/5.0 (Linux; Android 10; K) AppleWebKit/537.36 (KHTML, like Gecko) Chrome/150.0.0.0 Mobile Safari/537.36",{},URL Event 1 for Study 313699,60687b24-94a4-4d8c-b537-bdc879e14e41,{},Have you read this book?,"Yes, I'm reading it now",1,,Is this the kind of book you usually read?,"No, this is a departure from what I usually read",3,How did you find this book?,Recommended by a friend/family member,1,0,0,0,0,0,0,0,,,,,,,,,,,,,,,,,,,,,,,,,,,,,,,,,,,,,,,,,,,,,,,,,Visitor,,,
372491,[BHB] Book Like / Visitors,577f1397-104d-4684-81bd-eb94d89c890a,https://www.supersummary.com/nyxia/part-1-chapters-1-17-summary/#guide_page_title,07/15/2026 04:52:07,07/15/2026 04:53:40,1697595,,Android,Chrome,"Mozilla/5.0 (Linux; Android 10; K) AppleWebKit/537.36 (KHTML, like Gecko) Chrome/150.0.0.0 Mobile Safari/537.36",{},URL Event 1 for Study 313699,fec092ff-f0e2-48c9-93fc-2f03af3f9af5,{},Have you read this book?,"Yes, I recently finished it",2,,Is this the kind of book you usually read?,"Yes, very typical for me",1,How did you find this book?,Random browsing / stumbled on it,0,0,0,0,0,0,1,0,,"If you saw a list of books similar to what you're reading (or just finished),
what would you want to see beyond the title and author?","Why it's similar (shared plot, theme, or mood), A match score (e.g., ""92% similar""), Genre or subgenre, Page count or estimated reading time, Whether it's part of a series, Where to read or buy it",1,1,1,0,1,0,1,1,0,,"When you're looking for a book similar to one you liked, what matters most to
you?",If it follows young adult or older teen as the protagonist sci-fi or space in general theme,Genre and Setting,,,1,,,,Where do you usually go to find your next book?,Wherever I sometimes Google similar things or use the library,Libraries,,,,1,,,,,other,u_f1dbecbe5638fa90,,,,,,,nyxia,,,,,,,Non Converter,,0,
372491,[BHB] Book Like / Visitors,ab7e9761-b346-4f70-9203-09e8919ad086,https://www.supersummary.com/tower-of-dawn/part-2-chapters-29-37-summary/,07/15/2026 04:20:23,,,,iOS,Mobile Safari,"Mozilla/5.0 (iPhone; CPU iPhone OS 18_7 like Mac OS X) AppleWebKit/605.1.15 (KHTML, like Gecko) Version/26.4 Mobile/15E148 Safari/604.1",{},URL Event 1 for Study 313699,b9968c37-7b1d-4da9-8253-6f125c7104a0,{},Have you read this book?,"Yes, I'm reading it now",1,,,,,,,,,,,,,,,,,,,,,,,,,,,,,,,,,,,,,,,,,,,,,,,,,,,,,,,,tower-of-dawn,,,,,,,Visitor,,,
372491,[BHB] Book Like / Visitors,afb17712-4ecd-4627-a74d-70a7fa5d69cb,https://www.supersummary.com/tobacco-road/summary/,07/15/2026 01:59:23,,,,Windows,Edge,"Mozilla/5.0 (Windows NT 10.0; Win64; x64) AppleWebKit/537.36 (KHTML, like Gecko) Chrome/150.0.0.0 Safari/537.36 Edg/150.0.0.0",{},URL Event 1 for Study 313699,283d103a-059f-482e-91bf-c11c618c826d,{},Have you read this book?,"No, I’m considering reading it",3,,,,,,,,,,,,,,,,,,,,,,,,,,,,,,,,,,,,,,,,,,,,,,,,,,,,,,,,tobacco-road,,,,,,,Visitor,,,
372491,[BHB] Book Like / Visitors,0cf75ce0-964f-4c9c-820c-0ca58f01a540,https://www.supersummary.com/lady-tremaine/chapters-1-8-summary/,07/15/2026 01:56:17,07/15/2026 01:57:08,,,iOS,Mobile Safari,"Mozilla/5.0 (iPhone; CPU iPhone OS 18_7 like Mac OS X) AppleWebKit/605.1.15 (KHTML, like Gecko) Version/26.5 Mobile/15E148 Safari/604.1",{},URL Event 1 for Study 313699,e195fed3-047a-434a-a283-6cda73fd7cdb,{},Have you read this book?,"Yes, I'm reading it now",1,,Is this the kind of book you usually read?,"Yes, very typical for me",1,How did you find this book?,Recommended by a friend/family member,1,0,0,0,0,0,0,0,,"If you saw a list of books similar to what you're reading (or just finished),
what would you want to see beyond the title and author?","Why it's similar (shared plot, theme, or mood), Genre or subgenre",1,0,1,0,0,0,0,0,0,,"When you're looking for a book similar to one you liked, what matters most to
you?",[skipped by user],,,,,,,,Where do you usually go to find your next book?,[skipped by user],,,,,,,,,,,,,,,,,,lady-tremaine,,,,,,,Visitor,,,
372491,[BHB] Book Like / Visitors,a6b06c79-e4b6-40f5-94ce-917f18a8c73a,https://www.supersummary.com/the-calamity-club/summary/,07/15/2026 01:50:33,07/15/2026 01:51:26,,,iOS,Mobile Safari,"Mozilla/5.0 (iPhone; CPU iPhone OS 18_7 like Mac OS X) AppleWebKit/605.1.15 (KHTML, like Gecko) Version/26.5 Mobile/15E148 Safari/604.1",{},URL Event 1 for Study 313699,3489ad0f-cb88-4eaa-af67-ba1e19e96e07,{},Have you read this book?,"Yes, I'm reading it now",1,,Is this the kind of book you usually read?,Not sure,4,How did you find this book?,Recommended by a friend/family member,1,0,0,0,0,0,0,0,,"If you saw a list of books similar to what you're reading (or just finished),
what would you want to see beyond the title and author?",Reader ratings or reviews,0,0,0,1,0,0,0,0,0,,"When you're looking for a book similar to one you liked, what matters most to
you?",Interesting characters,Plot and Storyline,,,,1,,,Where do you usually go to find your next book?,Book group,Book Clubs,,1,,,,,,,book_club_member,,,,,,,,the-calamity-club,,,,,,,Visitor,,,
372491,[BHB] Book Like / Visitors,afccef1d-286a-41a8-bb26-beaffb1afba6,https://www.supersummary.com/anatomy-of-an-alibi/summary/?utm_source=google&utm_medium=cpc&utm_campaign=15170576117&utm_content=136161102464&utm_term=&gad_source=1&gad_campaignid=15170576117&gbraid=0AAAAADhUVArFWuu6i7lbm3yhYdllQ_-3T&gclid=CjwKCAjwvNfSBhBiEiwAyaGMCcAgiecIcDIp_4Jek8v1ORB3Pj5mMGqTczYM5Vt0mzmI-VpmDVIM0RoCoRIQAvD_BwE,07/15/2026 01:04:35,,,,iOS,Mobile Safari,"Mozilla/5.0 (iPhone; CPU iPhone OS 17_5_1 like Mac OS X) AppleWebKit/605.1.15 (KHTML, like Gecko) Version/17.5 Mobile/15E148 Safari/604.1",{},URL Event 1 for Study 313699,66c40a1c-aca5-4e8a-b2dd-b4c2206bd407,{},Have you read this book?,"Yes, I'm reading it now",1,,Is this the kind of book you usually read?,Not sure,4,,,,,,,,,,,,,,,,,,,,,,,,,,,,,,,,,,,,,,,,,,,,,,,,,,,,anatomy-of-an-alibi,,,,,,,Visitor,,,
372491,[BHB] Book Like / Visitors,95f5c945-60b1-43de-8547-06683bf2537b,https://www.supersummary.com/point-counter-point/summary/,07/14/2026 23:32:22,,,,iOS,Mobile Safari,"Mozilla/5.0 (iPhone; CPU iPhone OS 18_7 like Mac OS X) AppleWebKit/605.1.15 (KHTML, like Gecko) Version/18.7.6 Mobile/15E148 Safari/604.1",{},URL Event 1 for Study 313699,a74d9b35-4d8e-4572-8598-ef14bc72c7f8,{},Have you read this book?,"No, I’m considering reading it",3,,,,,,,,,,,,,,,,,,,,,,,,,,,,,,,,,,,,,,,,,,,,,,,,,,,,,,,,,,,,,,,Visitor,,,
372491,[BHB] Book Like / Visitors,560da434-5ce4-4500-9f6f-56b3faf33ad6,https://www.supersummary.com/rose-in-chains/summary/,07/14/2026 22:57:41,,,,iOS,Mobile Safari,"Mozilla/5.0 (iPhone; CPU iPhone OS 26_5 like Mac OS X) AppleWebKit/605.1.15 (KHTML, like Gecko) Version/26.5 Mobile/15E148 Safari/604.1 (Ecosia ios@12.3.0.3060)",{},URL Event 1 for Study 313699,141af6fa-479b-4740-b65d-47eb3c6f21f5,{},Have you read this book?,"Yes, I'm reading it now",1,,,,,,,,,,,,,,,,,,,,,,,,,,,,,,,,,,,,,,,,,,,,,,,,,,,,,,,,,,,,,,,Visitor,,,
372491,[BHB] Book Like / Visitors,387f65da-a7ff-44ab-8d83-b52bcd048f4c,https://www.supersummary.com/atlas-lucinda-riley/summary/,07/14/2026 22:50:08,,,,Android,Chrome,"Mozilla/5.0 (Linux; Android 10; K) AppleWebKit/537.36 (KHTML, like Gecko) Chrome/150.0.0.0 Safari/537.36",{},URL Event 1 for Study 313699,9abc8f78-1deb-4d01-8fd7-a5199262a9c4,{},Have you read this book?,Other,5,Read entire series several months ago. Re-reading Atlas.,,,,,,,,,,,,,,,,,,,,,,,,,,,,,,,,,,,,,,,,,,,,,,,,,,,,,,,atlas-lucinda-riley,,,,,,,Visitor,,,
372491,[BHB] Book Like / Visitors,67efff67-3fe2-4756-ac89-b660e04a91d2,https://www.supersummary.com/notes-on-being-a-man/summary/?utm_source=google&utm_medium=cpc&utm_campaign=22777360728&utm_content=&utm_term=&gad_source=1&gad_campaignid=22777363182&gbraid=0AAAAADhUVApilSfL6TABNbXh1OzUn6EWG&gclid=CjwKCAjwvNfSBhBiEiwAyaGMCRz1_5zrOESmuU_Hshtls35hmhwZsatBQCu_jyAkt_KAJ0WwTYiW3hoC-xAQAvD_BwE,07/14/2026 22:03:02,,,,Mac OS,Chrome,"Mozilla/5.0 (Macintosh; Intel Mac OS X 10_15_7) AppleWebKit/537.36 (KHTML, like Gecko) Chrome/150.0.0.0 Safari/537.36",{},URL Event 1 for Study 313699,54938326-0763-4530-b4b1-2ac99a673966,{},Have you read this book?,"No, I’m considering reading it",3,,,,,,,,,,,,,,,,,,,,,,,,,,,,,,,,,,,,,,,,,,,,,,,,,,,,,,,,,,,,,,,Visitor,,,
372491,[BHB] Book Like / Visitors,e756622b-51b3-4181-be3b-24ade76d8bc1,https://www.supersummary.com/becoming-mrs-lewis/summary/,07/14/2026 21:19:50,07/14/2026 21:21:26,,,iOS,Mobile Safari,"Mozilla/5.0 (iPhone; CPU iPhone OS 18_7 like Mac OS X) AppleWebKit/605.1.15 (KHTML, like Gecko) Version/26.3 Mobile/15E148 Safari/604.1",{},URL Event 1 for Study 313699,aa943d02-6b74-4bd7-b851-698edcd721a7,{},Have you read this book?,"Yes, I'm reading it now",1,,Is this the kind of book you usually read?,Somewhat—it has some familiar elements,2,How did you find this book?,Random browsing / stumbled on it,0,0,0,0,0,0,1,0,,"If you saw a list of books similar to what you're reading (or just finished),
what would you want to see beyond the title and author?",Genre or subgenre,0,0,1,0,0,0,0,0,0,,"When you're looking for a book similar to one you liked, what matters most to
you?",Female author,Author Preference,1,,,,,,Where do you usually go to find your next book?,A book club or a friend,Book Clubs,,1,,,,,,,,,,,,,,,becoming-mrs-lewis,,,,,,,Visitor,,,
372491,[BHB] Book Like / Visitors,25eb7c0b-de01-415f-aa7b-f0d1b904f2bf,https://www.supersummary.com/by-the-shores-of-silver-lake/summary/?searchId=4a8534df-b6e6-4ded-a9c6-879361af1fca&searchPosition=1,07/14/2026 18:09:42,07/14/2026 18:10:42,1697137,,Mac OS,Safari,"Mozilla/5.0 (Macintosh; Intel Mac OS X 10_15_7) AppleWebKit/605.1.15 (KHTML, like Gecko) Version/18.6 Safari/605.1.15",{},URL Event 1 for Study 313699,636ad527-5390-4fec-a942-f485c10b80ab,{},Have you read this book?,"Yes, I recently finished it",2,,Is this the kind of book you usually read?,"Yes, very typical for me",1,How did you find this book?,Searched for it specifically,0,0,0,0,0,1,0,0,,"If you saw a list of books similar to what you're reading (or just finished),
what would you want to see beyond the title and author?","Why it's similar (shared plot, theme, or mood), A match score (e.g., ""92% similar""), Genre or subgenre, Reader ratings or reviews, Page count or estimated reading time, Content or maturity warnings, Whether it's part of a series, Where to read or buy it",1,1,1,1,1,1,1,1,0,,"When you're looking for a book similar to one you liked, what matters most to
you?",[skipped by user],,,,,,,,Where do you usually go to find your next book?,[skipped by user],,,,,,,,,,other,u_0e6f59e51921afc1,,,,,,,,,annual_plus,,,,,Active Subscriber,,0,
372491,[BHB] Book Like / Visitors,bfaae620-6564-4317-b062-06b7c7dd7762,https://www.supersummary.com/my-husbands-wife/chapters-1-10-summary/,07/14/2026 17:40:59,,,,Android,Samsung Internet,"Mozilla/5.0 (Linux; Android 10; K) AppleWebKit/537.36 (KHTML, like Gecko) SamsungBrowser/30.0 Chrome/143.0.0.0 Mobile Safari/537.36",{},URL Event 1 for Study 313699,ef5ccf66-94f1-4467-959c-f47ba1ebfe82,{},Have you read this book?,"Yes, I recently finished it",2,,Is this the kind of book you usually read?,"Yes, very typical for me",1,How did you find this book?,Random browsing / stumbled on it,0,0,0,0,0,0,1,0,,"If you saw a list of books similar to what you're reading (or just finished),
what would you want to see beyond the title and author?","Page count or estimated reading time, Whether it's part of a series, Where to read or buy it",0,0,0,0,1,0,1,1,0,,,,,,,,,,,,,,,,,,,,,,,,,,,,,,,,,,,,,Visitor,,,
372491,[BHB] Book Like / Visitors,fc5593f5-0e35-43e4-ae4a-c46dcbdb9877,https://www.supersummary.com/theo-of-golden/summary/,07/14/2026 17:32:16,,,,iOS,Mobile Safari,"Mozilla/5.0 (iPhone; CPU iPhone OS 18_7 like Mac OS X) AppleWebKit/605.1.15 (KHTML, like Gecko) Version/26.5.2 Mobile/15E148 Safari/604.1",{},URL Event 1 for Study 313699,f755cbc9-ddb5-4b07-8c10-ca3eb7d737a4,{},Have you read this book?,"Yes, I'm reading it now",1,,,,,,,,,,,,,,,,,,,,,,,,,,,,,,,,,,,,,,,,,,,,,,,,,,,,,,,,theo-of-golden,,,,,,,Visitor,,,
372491,[BHB] Book Like / Visitors,44295aba-ccc1-4332-a9a7-5f91f14a7392,https://www.supersummary.com/mindset/summary/,07/14/2026 17:17:55,,,,Windows,Edge,"Mozilla/5.0 (Windows NT 10.0; Win64; x64) AppleWebKit/537.36 (KHTML, like Gecko) Chrome/150.0.0.0 Safari/537.36 Edg/150.0.0.0",{},URL Event 1 for Study 313699,6849cdf3-c974-46c5-9b7b-eedb15d742d7,{},Have you read this book?,"Yes, I recently finished it",2,,Is this the kind of book you usually read?,Somewhat—it has some familiar elements,2,How did you find this book?,Recommended by a friend/family member,1,0,0,0,0,0,0,0,,,,,,,,,,,,,,,,,,,,,,,,,,,,,,,,,,,,,,,,,,mindset,,,,,,,Visitor,,,
372491,[BHB] Book Like / Visitors,650ce527-bb5c-4171-92f4-2f5d4548b4e5,https://www.supersummary.com/the-diviners/summary/,07/14/2026 16:57:53,,,,Windows,Chrome,"Mozilla/5.0 (Windows NT 10.0; Win64; x64) AppleWebKit/537.36 (KHTML, like Gecko) Chrome/109.0.0.0 Safari/537.36",{},URL Event 1 for Study 313699,4caecbe9-fce4-4145-b09f-9e46fd1e6fc9,{},Have you read this book?,"Yes, I recently finished it",2,,,,,,,,,,,,,,,,,,,,,,,,,,,,,,,,,,,,,,,,,,,,,,,,,,,,,,,,,,,,,,,Visitor,,,
372491,[BHB] Book Like / Visitors,6d749b4a-936e-4f2c-821c-e37b09ab877b,https://www.supersummary.com/colored-television/summary/?utm_source=google&utm_medium=cpc&utm_campaign=22777360728&utm_content=&utm_term=&gad_source=1&gad_campaignid=22777363182&gbraid=0AAAAADhUVAoZGOnrpN5WkpPLAsj82xO_8&gclid=CjwKCAjwvNfSBhBiEiwAyaGMCfhLKPhIg6bOcrvRWj8-ztCxZZWtyRl3M_A4bzV-E8P3nlnL2Qx_ChoCKWIQAvD_BwE,07/14/2026 16:11:38,,,,iOS,Mobile Safari,"Mozilla/5.0 (iPad; CPU OS 18_7 like Mac OS X) AppleWebKit/605.1.15 (KHTML, like Gecko) Version/26.5.2 Mobile/15E148 Safari/604.1",{},URL Event 1 for Study 313699,65faa727-473f-40c6-bb13-59b171db1af6,{},Have you read this book?,"Yes, I'm reading it now",1,,Is this the kind of book you usually read?,Somewhat—it has some familiar elements,2,How did you find this book?,Recommended by a friend/family member,1,0,0,0,0,0,0,0,,,,,,,,,,,,,,,,,,,,,,,,,,,,,,,,,,,,,,,,,,colored-television,,,,,,,Visitor,,,
372491,[BHB] Book Like / Visitors,76b8d64a-dc52-4591-8c55-a13bfcb501b0,https://www.supersummary.com/beautiful-ruins/summary/?utm_source=google&utm_medium=cpc&utm_campaign=22777360728&utm_content=&utm_term=&gad_source=1&gad_campaignid=22777363182&gbraid=0AAAAADhUVAoZGOnrpN5WkpPLAsj82xO_8&gclid=CjwKCAjwvNfSBhBiEiwAyaGMCdNfZnjeSRteRR88r2hHd1D8limrdolEe_syUiUxHJSLKHb3kjhTsRoCdwYQAvD_BwE,07/14/2026 15:42:52,,,,iOS,Mobile Safari,"Mozilla/5.0 (iPhone; CPU iPhone OS 18_7 like Mac OS X) AppleWebKit/605.1.15 (KHTML, like Gecko) Version/26.5 Mobile/15E148 Safari/604.1",{},URL Event 1 for Study 313699,7b4793ae-1475-4ce5-a9de-e904339ec92a,{},Have you read this book?,"No, I’m considering reading it",3,,,,,,,,,,,,,,,,,,,,,,,,,,,,,,,,,,,,,,,,,,,,,,,,book_club_member,,,,,,,,beautiful-ruins,,,,,,,Visitor,,,
372491,[BHB] Book Like / Visitors,fd79d010-1853-43e9-acc2-2ee793e9b9e0,https://www.supersummary.com/the-academy-tz-layton/summary/,07/14/2026 15:28:32,07/14/2026 15:29:41,,,iOS,Mobile Safari,"Mozilla/5.0 (iPhone; CPU iPhone OS 18_7 like Mac OS X) AppleWebKit/605.1.15 (KHTML, like Gecko) Version/26.5 Mobile/15E148 Safari/604.1",{},URL Event 1 for Study 313699,38feac88-200f-444d-a9ac-10851e59873a,{},Have you read this book?,"No, I’m considering reading it",3,,Is this the kind of book you usually read?,Not sure,4,How did you find this book?,Saw it on a bestseller/trending list,0,0,0,1,0,0,0,0,,"If you saw a list of books similar to what you're reading (or just finished),
what would you want to see beyond the title and author?","Why it's similar (shared plot, theme, or mood), Reader ratings or reviews, Page count or estimated reading time",1,0,0,1,1,0,0,0,0,,"When you're looking for a book similar to one you liked, what matters most to
you?",Interest,Plot and Storyline; Genre and Setting,,,1,1,,,Where do you usually go to find your next book?,Online,Online Platforms,,,,,1,,,,,,,,,,,,the-academy-tz-layton,,,,,,,Visitor,,,
372491,[BHB] Book Like / Visitors,e1ff8d03-dd06-4b9e-91a3-b85dc12a08e0,https://www.supersummary.com/up-for-air/summary/,07/14/2026 15:00:28,,,,Mac OS,Chrome,"Mozilla/5.0 (Macintosh; Intel Mac OS X 10_15_7) AppleWebKit/537.36 (KHTML, like Gecko) Chrome/149.0.0.0 Safari/537.36",{},URL Event 1 for Study 313699,d09715a3-b983-477b-a116-b573ceefdf3c,{},Have you read this book?,"Yes, I'm reading it now",1,,Is this the kind of book you usually read?,Somewhat—it has some familiar elements,2,How did you find this book?,"Saw it on a bestseller/trending list, Other",0,0,0,1,0,0,0,1,Library recommended it,"If you saw a list of books similar to what you're reading (or just finished),
what would you want to see beyond the title and author?","Whether it's part of a series, Where to read or buy it",0,0,0,0,0,0,1,1,0,,"When you're looking for a book similar to one you liked, what matters most to
you?",That it has good plot elements and drives the story forward,Plot and Storyline,,,,1,,,,,,,,,,,,,,,,,,,,,,up-for-air,,,,,,,Visitor,,,
372491,[BHB] Book Like / Visitors,d11267cc-ec34-40e3-a69c-60ffaccd09ad,https://www.supersummary.com/the-correspondent/summary/?utm_source=google&utm_medium=cpc&utm_campaign=15170576117&utm_content=136161102464&utm_term=&gad_source=1&gad_campaignid=15170576117&gbraid=0AAAAADhUVAqD6ln2BpuynKf6kDQab4sPS&gclid=CjwKCAjwvNfSBhBiEiwAyaGMCWIFb_HTzAS1oaVpwRUFgVmEJ-Un4_j61vyOwSbRttDz-6vB0T13MxoChfwQAvD_BwE,07/14/2026 13:10:18,,,,iOS,Chrome,"Mozilla/5.0 (iPhone; CPU iPhone OS 26_5_0 like Mac OS X) AppleWebKit/605.1.15 (KHTML, like Gecko) CriOS/150.0.7871.113 Mobile/15E148 Safari/604.1",{},URL Event 1 for Study 313699,55642872-4543-4d01-b885-0bf0d2d08cd2,{},Have you read this book?,"Yes, I recently finished it",2,,Is this the kind of book you usually read?,Somewhat—it has some familiar elements,2,,,,,,,,,,,,,,,,,,,,,,,,,,,,,,,,,,,,,,,,,,,,,,,,,,,,the-correspondent,,,,,,,Visitor,,,
372491,[BHB] Book Like / Visitors,bdce8911-0002-476c-9fcf-5c0ddd75e588,https://www.supersummary.com/iron-gold/part-3-chapters-40-51-summary/,07/14/2026 12:24:08,,,,Windows,Chrome,"Mozilla/5.0 (Windows NT 10.0; Win64; x64) AppleWebKit/537.36 (KHTML, like Gecko) Chrome/150.0.0.0 Safari/537.36",{},URL Event 1 for Study 313699,4e29b68a-7c38-4d42-a48e-37bebfd65314,{},Have you read this book?,"Yes, I'm reading it now",1,,Is this the kind of book you usually read?,"Yes, very typical for me",1,How did you find this book?,Recognized the author,0,0,0,0,1,0,0,0,,"If you saw a list of books similar to what you're reading (or just finished),
what would you want to see beyond the title and author?","Genre or subgenre, Whether it's part of a series",0,0,1,0,0,0,1,0,0,,,,,,,,,,,,,,,,,,,,,,,,,,,,,,,,,,,,,Visitor,,,
372491,[BHB] Book Like / Visitors,666707f6-57b9-4774-a653-8e4699dbb449,https://www.supersummary.com/the-iliad/summary/?utm_source=google&utm_medium=cpc&utm_campaign=17311150304&utm_content=&utm_term=&gad_source=1&gad_campaignid=17311151426&gbraid=0AAAAADhUVAqvt6kcokuoxBpvMzk_B3UzG&gclid=CjwKCAjwvNfSBhBiEiwAyaGMCREn_yku3-VSGECOWN6x_ayObv9ZYLkVnrGQ9ofwp2zbk-Qkr0LaXRoC_TgQAvD_BwE,07/14/2026 12:22:33,07/14/2026 12:22:51,,,Mac OS,Safari,"Mozilla/5.0 (Macintosh; Intel Mac OS X 10_15_7) AppleWebKit/605.1.15 (KHTML, like Gecko) Version/26.5.2 Safari/605.1.15",{},URL Event 1 for Study 313699,3822ed52-4a79-4049-872a-a293fbbd3ed6,{},Have you read this book?,Other,5,To understand the story before travel,,,,,,,,,,,,,,,,,,,,,,,,,,,,,,,,,,,,Where do you usually go to find your next book?,Bookstore,Bookstores,,,1,,,,,,,,,,,,,,the-iliad,,,,,,,Visitor,,,
372491,[BHB] Book Like / Visitors,1ccc35c6-ba8e-45da-b23d-05fa3dcf8d93,https://www.supersummary.com/the-mad-wife/part-1-chapters-15-23-summary/,07/14/2026 12:18:22,07/14/2026 12:18:39,,,Mac OS,Chrome,"Mozilla/5.0 (Macintosh; Intel Mac OS X 10_15_7) AppleWebKit/537.36 (KHTML, like Gecko) Chrome/149.0.0.0 Safari/537.36",{},URL Event 1 for Study 313699,0df9bf72-319f-45cc-a85e-005abe055489,{},Have you read this book?,"Yes, I'm reading it now",1,,Is this the kind of book you usually read?,"Yes, very typical for me",1,How did you find this book?,"Recommended by a friend/family member, Saw it on a bestseller/trending list",1,0,0,1,0,0,0,0,,"If you saw a list of books similar to what you're reading (or just finished),
what would you want to see beyond the title and author?","Why it's similar (shared plot, theme, or mood), Genre or subgenre",1,0,1,0,0,0,0,0,0,,"When you're looking for a book similar to one you liked, what matters most to
you?",[skipped by user],,,,,,,,Where do you usually go to find your next book?,[skipped by user],,,,,,,,,,,,,,,,,,the-mad-wife,,,,,,,Visitor,,,
372491,[BHB] Book Like / Visitors,35f9d4b4-e2f5-4da4-ba3c-2b7b481311b8,https://www.supersummary.com/children-of-strife/summary/,07/14/2026 11:55:20,07/14/2026 11:55:51,,,Android,Chrome,"Mozilla/5.0 (Linux; Android 10; K) AppleWebKit/537.36 (KHTML, like Gecko) Chrome/150.0.0.0 Mobile Safari/537.36",{},URL Event 1 for Study 313699,b5637e2c-8482-4d50-b853-cb25a3951a98,{},Have you read this book?,"Yes, I'm reading it now",1,,Is this the kind of book you usually read?,"Yes, very typical for me",1,How did you find this book?,Recognized the author,0,0,0,0,1,0,0,0,,"If you saw a list of books similar to what you're reading (or just finished),
what would you want to see beyond the title and author?",Genre or subgenre,0,0,1,0,0,0,0,0,0,,"When you're looking for a book similar to one you liked, what matters most to
you?",[skipped by user],,,,,,,,Where do you usually go to find your next book?,[skipped by user],,,,,,,,,,,,,,,,,,,,,,,,,Visitor,,,
372491,[BHB] Book Like / Visitors,8787be35-e518-4bbd-9a07-952bd5c4fc48,https://www.supersummary.com/of-human-bondage/chapters-1-21-summary/#guide_page_title,07/14/2026 11:32:23,,,,Android,Chrome,"Mozilla/5.0 (Linux; Android 10; K) AppleWebKit/537.36 (KHTML, like Gecko) Chrome/150.0.0.0 Mobile Safari/537.36",{},URL Event 1 for Study 313699,4e9267ce-991b-4a04-a503-75bd4893023f,{},Have you read this book?,"Yes, I recently finished it",2,,Is this the kind of book you usually read?,Somewhat—it has some familiar elements,2,How did you find this book?,Read a summary/review and it sounded like the kind of book I like,0,0,1,0,0,0,0,0,,,,,,,,,,,,,,,,,,,,,,,,,,,,,,,,,,,,,,,,,,of-human-bondage,,,,,,,Visitor,,,
372491,[BHB] Book Like / Visitors,4b223bb2-8a33-49c8-a4de-4ad5c453d030,https://www.supersummary.com/playground/summary/,07/14/2026 10:23:24,07/14/2026 10:23:48,,,Mac OS,Safari,"Mozilla/5.0 (Macintosh; Intel Mac OS X 10_15_7) AppleWebKit/605.1.15 (KHTML, like Gecko) Version/26.6 Safari/605.1.15",{},URL Event 1 for Study 313699,0ac3f9bb-8a07-400e-9f18-00cc9c5081f9,{},Have you read this book?,"Yes, I recently finished it",2,,Is this the kind of book you usually read?,"No, this is a departure from what I usually read",3,How did you find this book?,Recommended by a friend/family member,1,0,0,0,0,0,0,0,,"If you saw a list of books similar to what you're reading (or just finished),
what would you want to see beyond the title and author?",Page count or estimated reading time,0,0,0,0,1,0,0,0,0,,"When you're looking for a book similar to one you liked, what matters most to
you?",[skipped by user],,,,,,,,Where do you usually go to find your next book?,[skipped by user],,,,,,,,,,,,,,,,,,playground,,,,,,,Visitor,,,
372491,[BHB] Book Like / Visitors,bca63220-98dc-4bf9-94cb-64aa45b3fbbd,https://www.supersummary.com/endling/summary/?utm_source=chatgpt.com,07/14/2026 10:11:48,07/14/2026 10:18:13,,,iOS,Mobile Safari,"Mozilla/5.0 (iPhone; CPU iPhone OS 18_7 like Mac OS X) AppleWebKit/605.1.15 (KHTML, like Gecko) Version/26.5 Mobile/15E148 Safari/604.1",{},URL Event 1 for Study 313699,0284fa91-7ba7-450c-a693-830feeb2d792,{},Have you read this book?,"Yes, I recently finished it",2,,Is this the kind of book you usually read?,"No, this is a departure from what I usually read",3,How did you find this book?,Saw it on a bestseller/trending list,0,0,0,1,0,0,0,0,,"If you saw a list of books similar to what you're reading (or just finished),
what would you want to see beyond the title and author?","Why it's similar (shared plot, theme, or mood), A match score (e.g., ""92% similar""), Genre or subgenre, Reader ratings or reviews, Page count or estimated reading time, Whether it's part of a series, Where to read or buy it",1,1,1,1,1,0,1,1,0,,"When you're looking for a book similar to one you liked, what matters most to
you?",The quality of the writing,Writing Quality,,,,,,1,Where do you usually go to find your next book?,"The Kindle Store, book reviews in magazines etc., Evri, online library",Online Platforms,,,,,1,,,,,,,,,,,,endling,,,,,,,Visitor,,,
372491,[BHB] Book Like / Visitors,47ac2b7f-8a45-4505-a8ab-3f24b46687f2,https://www.supersummary.com/the-pioneers-mccullough/summary/,07/14/2026 09:45:49,,,,iOS,Mobile Safari,"Mozilla/5.0 (iPhone; CPU iPhone OS 18_7 like Mac OS X) AppleWebKit/605.1.15 (KHTML, like Gecko) Version/26.5 Mobile/15E148 Safari/604.1",{},URL Event 1 for Study 313699,0129aefc-2169-484a-9180-b63d9f63f47f,{},Have you read this book?,"No, I’m considering reading it",3,,Is this the kind of book you usually read?,"No, this is a departure from what I usually read",3,How did you find this book?,Recommended by a friend/family member,1,0,0,0,0,0,0,0,,"If you saw a list of books similar to what you're reading (or just finished),
what would you want to see beyond the title and author?","A match score (e.g., ""92% similar"")",0,1,0,0,0,0,0,0,0,,,,,,,,,,,,,,,,,,,,,,,,,,,,,,the-pioneers-mccullough,,,,,,,Visitor,,,
372491,[BHB] Book Like / Visitors,26e70a2f-7c4c-4197-8791-db77e2efbcf6,https://www.supersummary.com/red-dragon/chapters-1-10-summary/,07/14/2026 09:34:49,,,,Android,Chrome,"Mozilla/5.0 (Linux; Android 10; K) AppleWebKit/537.36 (KHTML, like Gecko) Chrome/150.0.0.0 Mobile Safari/537.36",{},URL Event 1 for Study 313699,cd3220d4-6235-4339-9936-4465e6040108,{},Have you read this book?,"Yes, I'm reading it now",1,,Is this the kind of book you usually read?,"Yes, very typical for me",1,,,,,,,,,,,,,,,,,,,,,,,,,,,,,,,,,,,,,,,,,,,,,,,,,,,,,,,,,,,Visitor,,,
372491,[BHB] Book Like / Visitors,8af2e911-b784-4981-94e5-49eb944a72b8,https://www.supersummary.com/the-mango-season/summary/,07/14/2026 08:54:00,,,,Windows,Chrome,"Mozilla/5.0 (Windows NT 10.0; Win64; x64) AppleWebKit/537.36 (KHTML, like Gecko) Chrome/150.0.0.0 Safari/537.36",{},URL Event 1 for Study 313699,f178e10a-a317-4154-9df4-d4bfccd78aa0,{},Have you read this book?,"No, I’m considering reading it",3,,Is this the kind of book you usually read?,Somewhat—it has some familiar elements,2,How did you find this book?,Searched for it specifically,0,0,0,0,0,1,0,0,,,,,,,,,,,,,,,,,,,,,,,,,,,,,,,,,,,,,,,,,,,,,,,,,Visitor,,,
372491,[BHB] Book Like / Visitors,00998798-00d6-4008-8c12-0eebe1919fbd,https://www.supersummary.com/blackthorn/part-3-epilogue-summary/#guide_page_title,07/14/2026 07:18:58,07/14/2026 07:19:31,,,iOS,Mobile Safari,"Mozilla/5.0 (iPhone; CPU iPhone OS 18_7 like Mac OS X) AppleWebKit/605.1.15 (KHTML, like Gecko) Version/26.2 Mobile/15E148 Safari/604.1",{},URL Event 1 for Study 313699,171e54b2-94b1-4f07-a684-61d06d208925,{},Have you read this book?,"Yes, I recently finished it",2,,Is this the kind of book you usually read?,"No, this is a departure from what I usually read",3,How did you find this book?,Random browsing / stumbled on it,0,0,0,0,0,0,1,0,,"If you saw a list of books similar to what you're reading (or just finished),
what would you want to see beyond the title and author?","Genre or subgenre, Content or maturity warnings, Whether it's part of a series",0,0,1,0,0,1,1,0,0,,"When you're looking for a book similar to one you liked, what matters most to
you?",[skipped by user],,,,,,,,Where do you usually go to find your next book?,[skipped by user],,,,,,,,,,,,,,,,,,blackthorn,,,,,,,Visitor,,,
372491,[BHB] Book Like / Visitors,3976e652-6a8a-4ead-97e3-2715dc7deb03,https://www.supersummary.com/theo-of-golden/summary/#guide_page_title,07/14/2026 06:47:13,,,,iOS,Chrome,"Mozilla/5.0 (iPhone; CPU iPhone OS 26_5_0 like Mac OS X) AppleWebKit/605.1.15 (KHTML, like Gecko) CriOS/150.0.7871.51 Mobile/15E148 Safari/604.1",{},URL Event 1 for Study 313699,f48a2ef3-b6c0-4554-af37-8d8e4613500a,{},Have you read this book?,"Yes, I recently finished it",2,,Is this the kind of book you usually read?,"Yes, very typical for me",1,How did you find this book?,Recommended by a friend/family member,1,0,0,0,0,0,0,0,,"If you saw a list of books similar to what you're reading (or just finished),
what would you want to see beyond the title and author?","A match score (e.g., ""92% similar"")",0,1,0,0,0,0,0,0,0,,,,,,,,,,,,,,,,,,,,,,,,,,,,,,theo-of-golden,,,,,,,Visitor,,,
372491,[BHB] Book Like / Visitors,05b77ec1-6f38-429b-9d03-868240e5ced5,https://www.supersummary.com/the-library-at-mount-char/summary/?utm_source=google&utm_medium=cpc&utm_campaign=22777360728&utm_content=&utm_term=&gad_source=1&gad_campaignid=22777363182&gbraid=0AAAAADhUVApilSfL6TABNbXh1OzUn6EWG&gclid=EAIaIQobChMIhs-ytMXRlQMV3BqtBh3NWBMuEAAYASAAEgI2MPD_BwE,07/14/2026 06:36:00,07/14/2026 06:39:58,,,Mac OS,Safari,"Mozilla/5.0 (Macintosh; Intel Mac OS X 10_15_7) AppleWebKit/605.1.15 (KHTML, like Gecko) Version/18.7.6 Safari/605.1.15",{},URL Event 1 for Study 313699,fde917e7-e207-4891-a5b4-2f3d5ab91d90,{},Have you read this book?,"Yes, I recently finished it",2,,Is this the kind of book you usually read?,Somewhat—it has some familiar elements,2,How did you find this book?,Random browsing / stumbled on it,0,0,0,0,0,0,1,0,,"If you saw a list of books similar to what you're reading (or just finished),
what would you want to see beyond the title and author?",Reader ratings or reviews,0,0,0,1,0,0,0,0,0,,"When you're looking for a book similar to one you liked, what matters most to
you?","The originality of the authors voice, writing style, characters",Writing Quality,,,,,,1,Where do you usually go to find your next book?,Online & brick & mortar used and new bookstores.,Bookstores,,,1,,,,,,,,,,,,,,the-library-at-mount-char,,,,,,,Visitor,,,
372491,[BHB] Book Like / Visitors,e944e5d1-2a65-4434-ad2a-3c7f6133dda1,https://www.supersummary.com/the-book-club-for-troublesome-women/summary/,07/14/2026 06:15:30,07/14/2026 06:16:31,1696721,,iOS,Mobile Safari,"Mozilla/5.0 (iPhone; CPU iPhone OS 18_7 like Mac OS X) AppleWebKit/605.1.15 (KHTML, like Gecko) Version/26.5 Mobile/15E148 Safari/604.1",{},URL Event 1 for Study 313699,9a0684f8-d12b-4c64-a022-fe3a71a424d5,{},Have you read this book?,"Yes, I'm reading it now",1,,Is this the kind of book you usually read?,"No, this is a departure from what I usually read",3,How did you find this book?,"Recommended by an app, site, or algorithm (Goodreads, TikTok, Amazon, etc.) because it's similar to books I liked",0,1,0,0,0,0,0,0,,"If you saw a list of books similar to what you're reading (or just finished),
what would you want to see beyond the title and author?",Something else,0,0,0,0,0,0,0,0,1,Mystery and crime,"When you're looking for a book similar to one you liked, what matters most to
you?",[skipped by user],,,,,,,,Where do you usually go to find your next book?,[skipped by user],,,,,,,,,,book_club_member,u_46d140a7c0c36e4f,,,,,,,the-book-club-for-troublesome-women,,,,,,,Non Converter,,0,
372491,[BHB] Book Like / Visitors,5ff53e93-9492-46b5-9c2f-93ce523865bc,https://www.supersummary.com/shouting-at-the-rain/summary/,07/14/2026 05:20:48,,,,Android,Chrome,"Mozilla/5.0 (Linux; Android 10; K) AppleWebKit/537.36 (KHTML, like Gecko) Chrome/150.0.0.0 Mobile Safari/537.36",{},URL Event 1 for Study 313699,373d86f3-2f06-4888-9e8b-91db9ba4b564,{},Have you read this book?,"Yes, I recently finished it",2,,,,,,,,,,,,,,,,,,,,,,,,,,,,,,,,,,,,,,,,,,,,,,,,,,,,,,,,shouting-at-the-rain,,,,,,,Visitor,,,
372491,[BHB] Book Like / Visitors,c214a382-dbf1-4edc-a8d5-859d7e3c8589,https://www.supersummary.com/the-calamity-club/part-2-chapters-39-47-summary/,07/14/2026 03:37:07,,,,iOS,Mobile Safari,"Mozilla/5.0 (iPhone; CPU iPhone OS 18_7 like Mac OS X) AppleWebKit/605.1.15 (KHTML, like Gecko) Version/26.5 Mobile/15E148 Safari/604.1",{},URL Event 1 for Study 313699,ff048f41-2874-4aa3-bc45-a090bdf1f5e3,{},Have you read this book?,"Yes, I recently finished it",2,,Is this the kind of book you usually read?,"Yes, very typical for me",1,How did you find this book?,Saw it on a bestseller/trending list,0,0,0,1,0,0,0,0,,,,,,,,,,,,,,,,,,,,,,,,,,,,,,,,,,,,,,,,,,,,,,,,,Visitor,,,
372491,[BHB] Book Like / Visitors,a3933eb9-0f40-4006-944c-dbc2c327fc85,https://www.supersummary.com/want-to-know-a-secret/summary/,07/14/2026 03:05:29,07/14/2026 03:05:38,1696635,,Android,Chrome,"Mozilla/5.0 (Linux; Android 10; K) AppleWebKit/537.36 (KHTML, like Gecko) Chrome/150.0.0.0 Mobile Safari/537.36",{},URL Event 1 for Study 313699,046236ca-fea9-4fc1-95ee-e55df97785d8,{},Have you read this book?,Other,5,DNF,,,,,,,,,,,,,,,,,,,,,,,,,,,,,,,,,,,,Where do you usually go to find your next book?,Library,Libraries,,,,1,,,,,other,u_c6a7e857f878687d,,,,,,,want-to-know-a-secret,,,,,,,Non Converter,,0,
372491,[BHB] Book Like / Visitors,699405e5-593c-49af-830e-43fe9ca7115b,https://www.supersummary.com/subscription/confirming/activate/?redirect_to=/the-correspondent/summary/,07/14/2026 02:27:59,,1696617,,Windows,Chrome,"Mozilla/5.0 (Windows NT 10.0; Win64; x64) AppleWebKit/537.36 (KHTML, like Gecko) Chrome/150.0.0.0 Safari/537.36",{},URL Event 1 for Study 313699,ddd44534-61a6-4710-b561-e9714e486c77,{},Have you read this book?,"Yes, I'm reading it now",1,,,,,,,,,,,,,,,,,,,,,,,,,,,,,,,,,,,,,,,,,,,,,,,,book_club_member,u_66f1a6946eb37906,,,,,,,the-correspondent,,,,,,,Non Converter,,0,
372491,[BHB] Book Like / Visitors,ea26bc77-d00c-434c-bf8b-cc02b135405d,https://www.supersummary.com/upgrade/part-3-chapter-13-epilogue-summary/,07/14/2026 02:25:04,07/14/2026 02:25:19,,,iOS,Chrome,"Mozilla/5.0 (iPhone; CPU iPhone OS 18_5_0 like Mac OS X) AppleWebKit/605.1.15 (KHTML, like Gecko) CriOS/143.0.7499.151 Mobile/15E148 Safari/604.1",{},URL Event 1 for Study 313699,c938ecf5-04d7-49ca-a172-41d15f1eadd1,{},Have you read this book?,"Yes, I'm reading it now",1,,Is this the kind of book you usually read?,Somewhat—it has some familiar elements,2,How did you find this book?,Random browsing / stumbled on it,0,0,0,0,0,0,1,0,,"If you saw a list of books similar to what you're reading (or just finished),
what would you want to see beyond the title and author?",Genre or subgenre,0,0,1,0,0,0,0,0,0,,"When you're looking for a book similar to one you liked, what matters most to
you?",[skipped by user],,,,,,,,Where do you usually go to find your next book?,[skipped by user],,,,,,,,,,,,,,,,,,,,,,,,,,,,
372491,[BHB] Book Like / Visitors,6290f31d-4904-4cb0-b5e2-c3afd5195e79,https://www.supersummary.com/the-library-at-mount-char/summary/,07/14/2026 02:22:11,07/14/2026 02:22:37,,,iOS,Mobile Safari,"Mozilla/5.0 (iPhone; CPU iPhone OS 18_7 like Mac OS X) AppleWebKit/605.1.15 (KHTML, like Gecko) Version/26.5 Mobile/15E148 Safari/604.1",{},URL Event 1 for Study 313699,a316b652-46ef-4204-a5ce-6f9bd3d45a35,{},Have you read this book?,"Yes, I recently finished it",2,,Is this the kind of book you usually read?,"Yes, very typical for me",1,How did you find this book?,Read a summary/review and it sounded like the kind of book I like,0,0,1,0,0,0,0,0,,"If you saw a list of books similar to what you're reading (or just finished),
what would you want to see beyond the title and author?",Whether it's part of a series,0,0,0,0,0,0,1,0,0,,"When you're looking for a book similar to one you liked, what matters most to
you?",[skipped by user],,,,,,,,Where do you usually go to find your next book?,[skipped by user],,,,,,,,,,,,,,,,,,the-library-at-mount-char,,,,,,,Visitor,,,
372491,[BHB] Book Like / Visitors,d38cb713-cd5d-4fc3-aba3-f7074b50f0f9,https://www.supersummary.com/the-midnight-library/summary/?searchId=73ebbb22-a06c-4041-8f4d-2aa2a1b58538&searchPosition=2,07/14/2026 01:47:46,,,,Mac OS,Chrome,"Mozilla/5.0 (Macintosh; Intel Mac OS X 10_15_7) AppleWebKit/537.36 (KHTML, like Gecko) Chrome/150.0.0.0 Safari/537.36",{},URL Event 1 for Study 313699,8754a1c3-f0ca-4619-b6f6-a1cd781bf6b9,{},Have you read this book?,"Yes, I'm reading it now",1,,Is this the kind of book you usually read?,"No, this is a departure from what I usually read",3,How did you find this book?,Recommended by a friend/family member,1,0,0,0,0,0,0,0,,,,,,,,,,,,,,,,,,,,,,,,,,,,,,,,,,,,,,,,,,,,,,,,,,,,
372491,[BHB] Book Like / Visitors,73722be0-7650-4074-88a4-8ec17e1d20f7,https://www.supersummary.com/tristan-strong-punches-a-hole-in-the-sky/summary/,07/14/2026 00:44:21,,,,iOS,Mobile Safari,"Mozilla/5.0 (iPhone; CPU iPhone OS 18_6 like Mac OS X) AppleWebKit/605.1.15 (KHTML, like Gecko) Version/26.2 Mobile/15E148 Safari/604.1 Ddg/26.2",{},URL Event 1 for Study 313699,1ca23d25-c2c2-4ebc-8069-ff916cdfadbd,{},Have you read this book?,"Yes, I'm reading it now",1,,,,,,,,,,,,,,,,,,,,,,,,,,,,,,,,,,,,,,,,,,,,,,,,,,,,,,,,,,,,,,,Visitor,,,
372491,[BHB] Book Like / Visitors,fcb66553-23f7-4b5f-8102-e6b6900a5352,https://www.supersummary.com/the-other-bennet-sister/summary/,07/14/2026 00:01:14,,,,iOS,Mobile Safari,"Mozilla/5.0 (iPhone; CPU iPhone OS 18_7 like Mac OS X) AppleWebKit/605.1.15 (KHTML, like Gecko) Version/26.5 Mobile/15E148 Safari/604.1",{},URL Event 1 for Study 313699,13ddb056-cd87-48a9-8ba5-c020c2a82335,{},Have you read this book?,"Yes, I recently finished it",2,,,,,,,,,,,,,,,,,,,,,,,,,,,,,,,,,,,,,,,,,,,,,,,,,,,,,,,,the-other-bennet-sister,,,,,,,Visitor,,,
372491,[BHB] Book Like / Visitors,7a28ad17-1d9b-4c98-b8a5-cfd93a02e972,https://www.supersummary.com/chaos/summary/,07/13/2026 23:23:39,,,,iOS,Mobile Safari,"Mozilla/5.0 (iPhone; CPU iPhone OS 18_7 like Mac OS X) AppleWebKit/605.1.15 (KHTML, like Gecko) Version/26.5 Mobile/15E148 Safari/604.1",{},URL Event 1 for Study 313699,b334984e-3ffb-42c4-bf0a-46c336017b6f,{},Have you read this book?,"Yes, I recently finished it",2,,Is this the kind of book you usually read?,Somewhat—it has some familiar elements,2,How did you find this book?,Read a summary/review and it sounded like the kind of book I like,0,0,1,0,0,0,0,0,,,,,,,,,,,,,,,,,,,,,,,,,,,,,,,,,,,,,,,,,,chaos,,,,,,,Visitor,,,
372491,[BHB] Book Like / Visitors,e5eb4fce-12d6-4746-a1ac-fdf6ac961498,https://www.supersummary.com/and-now-back-to-you/summary/,07/13/2026 22:37:34,,,,iOS,Chrome,"Mozilla/5.0 (iPhone; CPU iPhone OS 26_5_2 like Mac OS X) AppleWebKit/605.1.15 (KHTML, like Gecko) CriOS/149.0.7827.137 Mobile/15E148 Safari/604.1",{},URL Event 1 for Study 313699,70e7bc68-771a-44a1-8cef-21f2ef346c68,{},Have you read this book?,"Yes, I'm reading it now",1,,,,,,,,,,,,,,,,,,,,,,,,,,,,,,,,,,,,,,,,,,,,,,,,,,,,,,,,lovelight-farms,,,,,,,Visitor,,,
372491,[BHB] Book Like / Visitors,0500184d-1989-4baa-884d-e90764ae0846,https://www.supersummary.com/a-long-petal-of-the-sea/summary/,07/13/2026 22:02:18,,,,Mac OS,Safari,"Mozilla/5.0 (Macintosh; Intel Mac OS X 10_15_7) AppleWebKit/605.1.15 (KHTML, like Gecko) Version/26.5 Safari/605.1.15",{},URL Event 1 for Study 313699,0c8fd189-8b97-4c18-af2e-a40b21f47ab5,{},Have you read this book?,"Yes, I'm reading it now",1,,,,,,,,,,,,,,,,,,,,,,,,,,,,,,,,,,,,,,,,,,,,,,,,,,,,,,,,a-long-petal-of-the-sea,,,,,,,Visitor,,,
372491,[BHB] Book Like / Visitors,0983598f-9aca-40a1-9c9f-0f51dca0f23f,https://www.supersummary.com/the-maze-runner/chapters-1-4-summary/,07/13/2026 21:45:39,,,,iOS,Mobile Safari,"Mozilla/5.0 (iPhone; CPU iPhone OS 18_7 like Mac OS X) AppleWebKit/605.1.15 (KHTML, like Gecko) Version/26.5 Mobile/15E148 Safari/604.1",{},URL Event 1 for Study 313699,cf741828-dd05-4776-b8c3-ca45cd03f34c,{},Have you read this book?,"Yes, I'm reading it now",1,,Is this the kind of book you usually read?,Not sure,4,How did you find this book?,Other,0,0,0,0,0,0,0,1,Reading it now,,,,,,,,,,,,,,,,,,,,,,,,,,,,,,,,,,,,,,,,,the-maze-runner,,,,,,,Visitor,,,
372491,[BHB] Book Like / Visitors,b6ebeef7-0628-49af-a662-446217a4f043,https://www.supersummary.com/where-the-red-fern-grows/summary/,07/13/2026 21:28:28,07/13/2026 21:29:01,,,iOS,Mobile Safari,"Mozilla/5.0 (iPhone; CPU iPhone OS 18_7 like Mac OS X) AppleWebKit/605.1.15 (KHTML, like Gecko) Version/26.5.2 Mobile/15E148 Safari/604.1",{},URL Event 1 for Study 313699,7e3ee241-5169-42d4-962e-271078e08890,{},Have you read this book?,"Yes, I'm reading it now",1,,Is this the kind of book you usually read?,"No, this is a departure from what I usually read",3,How did you find this book?,Recommended by a friend/family member,1,0,0,0,0,0,0,0,,"If you saw a list of books similar to what you're reading (or just finished),
what would you want to see beyond the title and author?","Why it's similar (shared plot, theme, or mood), Genre or subgenre",1,0,1,0,0,0,0,0,0,,"When you're looking for a book similar to one you liked, what matters most to
you?",[skipped by user],,,,,,,,Where do you usually go to find your next book?,[skipped by user],,,,,,,,,,,,,,,,,,,,,,,,,Visitor,,,
372491,[BHB] Book Like / Visitors,0284caf2-c44b-4485-92fe-34de74a90641,https://www.supersummary.com/the-silver-pigs/summary/,07/13/2026 20:50:59,07/13/2026 20:51:37,,,iOS,GSA,"Mozilla/5.0 (iPhone; CPU iPhone OS 26_5_0 like Mac OS X) AppleWebKit/605.1.15 (KHTML, like Gecko) GSA/428.4.939275213 Mobile/15E148 Safari/604.1",{},URL Event 1 for Study 313699,c4de36d4-f323-41ad-b815-6107079fda86,{},Have you read this book?,"Yes, I recently finished it",2,,Is this the kind of book you usually read?,"No, this is a departure from what I usually read",3,How did you find this book?,Recommended by a friend/family member,1,0,0,0,0,0,0,0,,"If you saw a list of books similar to what you're reading (or just finished),
what would you want to see beyond the title and author?",Whether it's part of a series,0,0,0,0,0,0,1,0,0,,"When you're looking for a book similar to one you liked, what matters most to
you?",[skipped by user],,,,,,,,Where do you usually go to find your next book?,[skipped by user],,,,,,,,,,,,,,,,,,the-silver-pigs,,,,,,,Visitor,,,
372491,[BHB] Book Like / Visitors,22d996bc-b716-44b6-a9ec-3a420108645b,https://www.supersummary.com/this-book-made-me-think-of-you/part-10-epilogue-summary/,07/13/2026 20:39:40,,,,Mac OS,Safari,"Mozilla/5.0 (Macintosh; Intel Mac OS X 10_15_7) AppleWebKit/605.1.15 (KHTML, like Gecko) Version/18.0.1 Safari/605.1.15",{},URL Event 1 for Study 313699,3c8a0fe4-9f02-436c-8393-533d331816a1,{},Have you read this book?,"Yes, I recently finished it",2,,,,,,,,,,,,,,,,,,,,,,,,,,,,,,,,,,,,,,,,,,,,,,,,,,,,,,,,,,,,,,,Visitor,,,
372491,[BHB] Book Like / Visitors,e6b7b793-192f-477d-8367-17857a86bed5,https://www.supersummary.com/lady-tans-circle-of-women/summary/,07/13/2026 20:33:50,07/13/2026 20:36:34,,,Android,Chrome,"Mozilla/5.0 (Linux; Android 10; K) AppleWebKit/537.36 (KHTML, like Gecko) Chrome/150.0.0.0 Mobile Safari/537.36",{},URL Event 1 for Study 313699,98aa7673-4910-47ca-8a32-735b56bafcd2,{},Have you read this book?,"No, I’m considering reading it",3,,Is this the kind of book you usually read?,Somewhat—it has some familiar elements,2,How did you find this book?,"Recommended by a friend/family member, Searched for it specifically",1,0,0,0,0,1,0,0,,"If you saw a list of books similar to what you're reading (or just finished),
what would you want to see beyond the title and author?","Why it's similar (shared plot, theme, or mood), A match score (e.g., ""92% similar""), Genre or subgenre, Reader ratings or reviews, Page count or estimated reading time",1,1,1,1,1,0,0,0,0,,"When you're looking for a book similar to one you liked, what matters most to
you?",[skipped by user],,,,,,,,Where do you usually go to find your next book?,[skipped by user],,,,,,,,,,,,,,,,,,lady-tans-circle-of-women,,,,,,,Visitor,,,
372491,[BHB] Book Like / Visitors,ee837472-e9b8-4314-b1e8-8dbf86a55b08,https://www.supersummary.com/the-peppermint-pig/summary/,07/13/2026 20:32:57,07/13/2026 20:33:43,,,iOS,Chrome,"Mozilla/5.0 (iPhone; CPU iPhone OS 26_5_0 like Mac OS X) AppleWebKit/605.1.15 (KHTML, like Gecko) CriOS/150.0.7871.113 Mobile/15E148 Safari/604.1",{},URL Event 1 for Study 313699,d064cfca-036e-49c0-a988-a71544583d23,{},Have you read this book?,Other,5,Vaguely remember it being on TV and have purchased book to read.  Thought I’d remembered something about a skull thrown down a well ??,,,,,,,,,,,,,,,,,,,,,,,,,,,,,,,,,,,,Where do you usually go to find your next book?,Amazon,Online Platforms,,,,,1,,,,,,,,,,,,,,,,,,,Visitor,,,
372491,[BHB] Book Like / Visitors,c4997dc7-9a07-47c3-8770-204a22cd020b,https://www.supersummary.com/the-stolen-queen/summary/?utm_source=google&utm_medium=cpc&utm_campaign=15170576117&utm_content=136161102464&utm_term=&gad_source=1&gad_campaignid=15170576117&gbraid=0AAAAADhUVAok7obEHYf6qW2vWGXd3kAI-&gclid=CjwKCAjwmdLSBhANEiwAkREMNzGM6ESdI_FE6jf8Rv2Ddm6Zf_cwd3_qMLlXfLaoqzhWHpM2I7AC5xoCDlwQAvD_BwE,07/13/2026 20:11:06,,,,Mac OS,Safari,"Mozilla/5.0 (Macintosh; Intel Mac OS X 10_15_7) AppleWebKit/605.1.15 (KHTML, like Gecko) Version/17.6 Safari/605.1.15",{},URL Event 1 for Study 313699,12f50686-1547-4d00-b2cf-b2b79714edcb,{},Have you read this book?,"No, I’m considering reading it",3,,,,,,,,,,,,,,,,,,,,,,,,,,,,,,,,,,,,,,,,,,,,,,,,,,,,,,,,,,,,,,,Visitor,,,
372491,[BHB] Book Like / Visitors,454dacc9-dd2c-4b02-8329-4db2bf767667,https://www.supersummary.com/the-wife-upstairs-freida-mcfadden/chapters-24-36-summary/,07/13/2026 20:05:02,,,,Windows,Chrome,"Mozilla/5.0 (Windows NT 10.0; Win64; x64) AppleWebKit/537.36 (KHTML, like Gecko) Chrome/149.0.0.0 Safari/537.36",{},URL Event 1 for Study 313699,328bd1db-9204-4bef-90c1-74e7e1512034,{},Have you read this book?,"Yes, I'm reading it now",1,,Is this the kind of book you usually read?,"Yes, very typical for me",1,How did you find this book?,"Recommended by an app, site, or algorithm (Goodreads, TikTok, Amazon, etc.) because it's similar to books I liked",0,1,0,0,0,0,0,0,,,,,,,,,,,,,,,,,,,,,,,,,,,,,,,,,,,,,,,,,,,,,,,,,Visitor,,,
372491,[BHB] Book Like / Visitors,719b3e58-6c70-4a8e-b79a-85a5d673c5b2,https://www.supersummary.com/the-woman-they-could-not-silence/summary/#guide_page_title,07/13/2026 19:41:53,07/13/2026 19:42:49,,,iOS,Mobile Safari,"Mozilla/5.0 (iPhone; CPU iPhone OS 18_7 like Mac OS X) AppleWebKit/605.1.15 (KHTML, like Gecko) Version/26.5.2 Mobile/15E148 Safari/604.1",{},URL Event 1 for Study 313699,dd6c4d8b-6ecb-4c64-b9a3-c0b7e8d969d7,{},Have you read this book?,"No, I’m considering reading it",3,,Is this the kind of book you usually read?,Not sure,4,How did you find this book?,Recommended by a friend/family member,1,0,0,0,0,0,0,0,,"If you saw a list of books similar to what you're reading (or just finished),
what would you want to see beyond the title and author?",Reader ratings or reviews,0,0,0,1,0,0,0,0,0,,"When you're looking for a book similar to one you liked, what matters most to
you?",Detailed description,Writing Quality,,,,,,1,Where do you usually go to find your next book?,Lots of different places,Recommendations,,,,,,1,,,,,,,,,,,the-woman-they-could-not-silence,,,,,,,Visitor,,,
372491,[BHB] Book Like / Visitors,e68e7a01-1108-453f-ae9e-92bc7dddff39,https://www.supersummary.com/the-dollhouse-murders/summary/,07/13/2026 19:36:19,,,,iOS,Mobile Safari,"Mozilla/5.0 (iPhone; CPU iPhone OS 18_7 like Mac OS X) AppleWebKit/605.1.15 (KHTML, like Gecko) Version/26.5.2 Mobile/15E148 Safari/604.1",{},URL Event 1 for Study 313699,e962c33f-9f94-4570-b28c-2233db5a328a,{},Have you read this book?,Other,5,Read it a long time ago,,,,,,,,,,,,,,,,,,,,,,,,,,,,,,,,,,,,,,,,,,,,,,,,,,,,,,,the-dollhouse-murders,,,,,,,Visitor,,,
372491,[BHB] Book Like / Visitors,0bd6b310-4e5c-48af-bc16-a72cef944b6d,https://www.supersummary.com/hamnet/summary/#guide_page_title,07/13/2026 19:15:58,,,,iOS,Mobile Safari,"Mozilla/5.0 (iPhone; CPU iPhone OS 18_6 like Mac OS X) AppleWebKit/605.1.15 (KHTML, like Gecko) Version/26.5 Mobile/15E148 Safari/604.1 Ddg/26.5",{},URL Event 1 for Study 313699,47a02c90-b1e6-4f47-9715-a8afd59c637e,{},Have you read this book?,"Yes, I'm reading it now",1,,Is this the kind of book you usually read?,Somewhat—it has some familiar elements,2,How did you find this book?,"Recommended by an app, site, or algorithm (Goodreads, TikTok, Amazon, etc.) because it's similar to books I liked, Read a summary/review and it sounded like the kind of book I like",0,1,1,0,0,0,0,0,,"If you saw a list of books similar to what you're reading (or just finished),
what would you want to see beyond the title and author?","Why it's similar (shared plot, theme, or mood), Reader ratings or reviews, Page count or estimated reading time",1,0,0,1,1,0,0,0,0,,,,,,,,,,,,,,,,,,,,,,,,,,,,,,hamnet,,,,,,,Visitor,,,
372491,[BHB] Book Like / Visitors,bbe5b1e7-b333-42d9-bd65-cd0ed633e855,https://www.supersummary.com/i-cheerfully-refuse/chapters-1-10-summary/#guide_page_title,07/13/2026 18:35:40,,314115,,Android,Chrome,"Mozilla/5.0 (Linux; Android 10; K) AppleWebKit/537.36 (KHTML, like Gecko) Chrome/150.0.0.0 Mobile Safari/537.36",{},URL Event 1 for Study 313699,cb6a7ed9-6fe0-4907-87eb-ba64f8efcdbd,{},Have you read this book?,"Yes, I'm reading it now",1,,Is this the kind of book you usually read?,"No, this is a departure from what I usually read",3,How did you find this book?,Recommended by a friend/family member,1,0,0,0,0,0,0,0,,"If you saw a list of books similar to what you're reading (or just finished),
what would you want to see beyond the title and author?",Genre or subgenre,0,0,1,0,0,0,0,0,0,,,,,,,,,,,,,,,,,,,,,,book_club_member,,,Postgrad Program,,,,,i-cheerfully-refuse,,,annual,,Active Subscriber,,Visitor,2023-07-09T14:03:17.000-07:00,21,0
372491,[BHB] Book Like / Visitors,347f98b7-9a07-41b1-9f51-2e44595c00c2,https://www.supersummary.com/yellow-wife/part-1-chapters-1-5-summary/,07/13/2026 18:21:20,,,,iOS,Mobile Safari,"Mozilla/5.0 (iPhone; CPU iPhone OS 18_7 like Mac OS X) AppleWebKit/605.1.15 (KHTML, like Gecko) Version/26.5.2 Mobile/15E148 Safari/604.1",{},URL Event 1 for Study 313699,551805ca-5d67-43c6-9465-50d4fc81ce93,{},Have you read this book?,"Yes, I'm reading it now",1,,Is this the kind of book you usually read?,Somewhat—it has some familiar elements,2,How did you find this book?,Recommended by a friend/family member,1,0,0,0,0,0,0,0,,,,,,,,,,,,,,,,,,,,,,,,,,,,,,,,,,,,,,,,,,yellow-wife,,,,,,,Visitor,,,
372491,[BHB] Book Like / Visitors,9793e007-3f43-4ac7-ac51-7a0b5c14612e,https://www.supersummary.com/the-butterfly-garden-dot-hutchison/summary/,07/13/2026 17:55:24,07/13/2026 17:55:34,,,Android,Chrome,"Mozilla/5.0 (Linux; Android 10; K) AppleWebKit/537.36 (KHTML, like Gecko) Chrome/150.0.0.0 Mobile Safari/537.36",{},URL Event 1 for Study 313699,d7c45523-0387-4145-b46b-6cae332a1497,{},Have you read this book?,"Yes, I'm reading it now",1,,Is this the kind of book you usually read?,Not sure,4,How did you find this book?,Saw it on a bestseller/trending list,0,0,0,1,0,0,0,0,,"If you saw a list of books similar to what you're reading (or just finished),
what would you want to see beyond the title and author?",Page count or estimated reading time,0,0,0,0,1,0,0,0,0,,"When you're looking for a book similar to one you liked, what matters most to
you?",[skipped by user],,,,,,,,Where do you usually go to find your next book?,[skipped by user],,,,,,,,,,,,,,,,,,the-butterfly-garden-dot-hutchison,,,,,,,Visitor,,,
372491,[BHB] Book Like / Visitors,fc924b4d-35da-4633-b82f-5d7eecea585b,https://www.supersummary.com/tourist-season-brynne-weaver/chapters-1-7-summary/#guide_page_title,07/13/2026 17:52:24,,1696209,,iOS,Mobile Safari,"Mozilla/5.0 (iPhone; CPU iPhone OS 18_7 like Mac OS X) AppleWebKit/605.1.15 (KHTML, like Gecko) Version/26.5 Mobile/15E148 Safari/604.1",{},URL Event 1 for Study 313699,6f625589-f309-40aa-8446-d3b04e4e59d9,{},Have you read this book?,"Yes, I'm reading it now",1,,Is this the kind of book you usually read?,"Yes, very typical for me",1,How did you find this book?,Recommended by a friend/family member,1,0,0,0,0,0,0,0,,"If you saw a list of books similar to what you're reading (or just finished),
what would you want to see beyond the title and author?",Whether it's part of a series,0,0,0,0,0,0,1,0,0,,,,,,,,,,,,,,,,,,,,,,,,,,,,,,tourist-season-brynne-weaver,,,,,,,Visitor,,,
372491,[BHB] Book Like / Visitors,79b1ad8f-3a54-419b-a046-aa0d3136d052,https://www.supersummary.com/a-kingdom-of-flesh-and-fire/chapters-19-27-summary/?utm_source=chatgpt.com,07/13/2026 17:29:26,,,,iOS,Mobile Safari,"Mozilla/5.0 (iPhone; CPU iPhone OS 18_7 like Mac OS X) AppleWebKit/605.1.15 (KHTML, like Gecko) Version/27.0 Mobile/15E148 Safari/604.1",{},URL Event 1 for Study 313699,acb49ba8-d0e2-4af5-acdb-402091b550de,{},Have you read this book?,"No, I’m considering reading it",3,,Is this the kind of book you usually read?,"Yes, very typical for me",1,How did you find this book?,"Recommended by an app, site, or algorithm (Goodreads, TikTok, Amazon, etc.) because it's similar to books I liked",0,1,0,0,0,0,0,0,,,,,,,,,,,,,,,,,,,,,,,,,,,,,,,,,,,,,,,,,,a-kingdom-of-flesh-and-fire,,,,,,,Visitor,,,
372491,[BHB] Book Like / Visitors,ab686a1f-8358-4082-88fb-79e10d2db93d,https://www.supersummary.com/isaacs-storm/summary/?utm_source=google&utm_medium=cpc&utm_campaign=22777360728&utm_content=&utm_term=&gad_source=1&gad_campaignid=22777363182&gbraid=0AAAAADhUVAp0C995MQ9bxvqyUfKkK0Znz&gclid=CjwKCAjwmdLSBhANEiwAkREMN5T4p7ZD3n__Bz_77HNmwq3j7Wq7TWLMlkgBwtGDeATllJ3H13VvMhoClZ4QAvD_BwE,07/13/2026 16:43:17,07/13/2026 16:44:04,,,iOS,Mobile Safari,"Mozilla/5.0 (iPhone; CPU iPhone OS 18_7 like Mac OS X) AppleWebKit/605.1.15 (KHTML, like Gecko) Version/26.5 Mobile/15E148 Safari/604.1",{},URL Event 1 for Study 313699,5a74450c-6a3d-4f18-9b66-2c414030a1bf,{},Have you read this book?,"No, I’m considering reading it",3,,Is this the kind of book you usually read?,Not sure,4,How did you find this book?,Recommended by a friend/family member,1,0,0,0,0,0,0,0,,"If you saw a list of books similar to what you're reading (or just finished),
what would you want to see beyond the title and author?","Why it's similar (shared plot, theme, or mood)",1,0,0,0,0,0,0,0,0,,"When you're looking for a book similar to one you liked, what matters most to
you?",Plot,Plot and Storyline,,,,1,,,Where do you usually go to find your next book?,[skipped by user],,,,,,,,,,,,,,,,,,isaacs-storm,,,,,,,Visitor,,,
372491,[BHB] Book Like / Visitors,60868b7c-ea35-4eb6-961d-d66bf457de0a,https://www.supersummary.com/everyone-in-my-family-has-killed-someone/summary/#guide_page_title,07/13/2026 15:42:55,,,,iOS,Mobile Safari,"Mozilla/5.0 (iPhone; CPU iPhone OS 18_7 like Mac OS X) AppleWebKit/605.1.15 (KHTML, like Gecko) Version/26.5 Mobile/15E148 Safari/604.1",{},URL Event 1 for Study 313699,cc33c503-b135-47e9-90c1-1bb4d38ef5f5,{},Have you read this book?,"Yes, I recently finished it",2,,,,,,,,,,,,,,,,,,,,,,,,,,,,,,,,,,,,,,,,,,,,,,,,,,,,,,,,everyone-in-my-family-has-killed-someone,,,,,,,Visitor,,,
372491,[BHB] Book Like / Visitors,9b94c738-13ca-4bbc-8c7a-1d9962aa6816,https://www.supersummary.com/a-marvellous-light/summary/,07/13/2026 14:59:42,07/13/2026 15:00:05,,,Android,Chrome,"Mozilla/5.0 (Linux; Android 10; K) AppleWebKit/537.36 (KHTML, like Gecko) Chrome/150.0.0.0 Mobile Safari/537.36",{},URL Event 1 for Study 313699,4ef10a87-8ddb-40b6-9753-074cb1ee981a,{},Have you read this book?,"Yes, I recently finished it",2,,Is this the kind of book you usually read?,Somewhat—it has some familiar elements,2,How did you find this book?,Random browsing / stumbled on it,0,0,0,0,0,0,1,0,,"If you saw a list of books similar to what you're reading (or just finished),
what would you want to see beyond the title and author?",Whether it's part of a series,0,0,0,0,0,0,1,0,0,,"When you're looking for a book similar to one you liked, what matters most to
you?",[skipped by user],,,,,,,,Where do you usually go to find your next book?,[skipped by user],,,,,,,,,,,,,,,,,,a-marvellous-light,,,,,,,Visitor,,,
372491,[BHB] Book Like / Visitors,df1556da-2c6a-4f3b-8014-517c435ea80c,https://www.supersummary.com/the-old-man-and-the-sea/pages-1-23-summary/,07/13/2026 14:51:05,07/13/2026 14:52:37,,,Android,Chrome,"Mozilla/5.0 (Linux; Android 10; K) AppleWebKit/537.36 (KHTML, like Gecko) Chrome/150.0.0.0 Mobile Safari/537.36",{},URL Event 1 for Study 313699,1760e550-cbc4-48d2-b615-12401aa79709,{},Have you read this book?,"Yes, I recently finished it",2,,Is this the kind of book you usually read?,"Yes, very typical for me",1,How did you find this book?,"Recommended by a friend/family member, Random browsing / stumbled on it",1,0,0,0,0,0,1,0,,"If you saw a list of books similar to what you're reading (or just finished),
what would you want to see beyond the title and author?","A match score (e.g., ""92% similar"")",0,1,0,0,0,0,0,0,0,,"When you're looking for a book similar to one you liked, what matters most to
you?",The moral the understanding,,,,,,,,Where do you usually go to find your next book?,On online website,Online Platforms,,,,,1,,,,,,,,,,,,the-old-man-and-the-sea,,,,,,,Visitor,,,
372491,[BHB] Book Like / Visitors,6741ff76-dab3-423f-805d-cc5c1cf7d982,https://www.supersummary.com/frankenstein/summary/?utm_source=google&utm_medium=cpc&utm_campaign=22777285413&utm_content=&utm_term=&gad_source=1&gad_campaignid=22777285614&gbraid=0AAAAADhUVApn0ix_K0eaeEvyjZlFm3KSZ&gclid=CjwKCAjwmdLSBhANEiwAkREMN7HPntqfEB2ZaOyhcF0AYNTJqEvsVLUTRqjDMNFFTVHTiX8WpqzqzxoC65kQAvD_BwE,07/13/2026 14:36:42,,,,iOS,Chrome,"Mozilla/5.0 (iPad; CPU OS 26_5_0 like Mac OS X) AppleWebKit/605.1.15 (KHTML, like Gecko) CriOS/150.0.7871.51 Mobile/15E148 Safari/604.1",{},URL Event 1 for Study 313699,49946558-d3d5-4891-b09e-2cfae6f4f679,{},Have you read this book?,"No, this is for someone else (school, gift, etc.)",4,,,,,,,,,,,,,,,,,,,,,,,,,,,,,,,,,,,,,,,,,,,,,,,,,,,,,,,,frankenstein,,,,,,,Visitor,,,
372491,[BHB] Book Like / Visitors,c7d3b4e6-3ab6-4362-a153-a30f1ec821a3,https://www.supersummary.com/the-other-mrs/pages-65-112-summary/#guide_page_title,07/13/2026 13:24:36,07/13/2026 13:25:25,,,iOS,Mobile Safari,"Mozilla/5.0 (iPhone; CPU iPhone OS 18_7 like Mac OS X) AppleWebKit/605.1.15 (KHTML, like Gecko) Version/26.5 Mobile/15E148 Safari/604.1",{},URL Event 1 for Study 313699,a7d0277f-e3b1-4e3a-a79a-d486ad5c1eea,{},Have you read this book?,"Yes, I'm reading it now",1,,Is this the kind of book you usually read?,Somewhat—it has some familiar elements,2,How did you find this book?,"Recommended by an app, site, or algorithm (Goodreads, TikTok, Amazon, etc.) because it's similar to books I liked",0,1,0,0,0,0,0,0,,"If you saw a list of books similar to what you're reading (or just finished),
what would you want to see beyond the title and author?","A match score (e.g., ""92% similar"")",0,1,0,0,0,0,0,0,0,,"When you're looking for a book similar to one you liked, what matters most to
you?",[skipped by user],,,,,,,,Where do you usually go to find your next book?,Book tok,Recommendations,,,,,,1,,,,,,,,,,,the-other-mrs,,,,,,,Visitor,,,
372491,[BHB] Book Like / Visitors,aaab0de2-ca22-4b50-ae36-e45b0799b32f,https://www.supersummary.com/unreasonable-hospitality/chapters-4-6-summary/,07/13/2026 12:52:55,,,,iOS,Chrome,"Mozilla/5.0 (iPhone; CPU iPhone OS 26_5_2 like Mac OS X) AppleWebKit/605.1.15 (KHTML, like Gecko) CriOS/150.0.7871.51 Mobile/15E148 Safari/604.1",{},URL Event 1 for Study 313699,73e7787e-1a4c-4d5c-b3b7-136876895e02,{},Have you read this book?,"Yes, I'm reading it now",1,,,,,,,,,,,,,,,,,,,,,,,,,,,,,,,,,,,,,,,,,,,,,,,,other,,,,,,,,unreasonable-hospitality,,,,,,,Visitor,,,
372491,[BHB] Book Like / Visitors,d7767115-3a33-47e5-8750-6713ef8dad24,https://www.supersummary.com/great-big-beautiful-life/summary/#guide_page_title,07/13/2026 12:29:55,,,,iOS,Mobile Safari,"Mozilla/5.0 (iPhone; CPU iPhone OS 18_7 like Mac OS X) AppleWebKit/605.1.15 (KHTML, like Gecko) Version/26.5 Mobile/15E148 Safari/604.1",{},URL Event 1 for Study 313699,4b3ce70e-b4e8-4f44-a3c7-6426a0690d08,{},Have you read this book?,"Yes, I recently finished it",2,,Is this the kind of book you usually read?,"Yes, very typical for me",1,How did you find this book?,Recommended by a friend/family member,1,0,0,0,0,0,0,0,,,,,,,,,,,,,,,,,,,,,,,,,,,,,,,,,,,,,,,,,,,,,,,,,Visitor,,,
372491,[BHB] Book Like / Visitors,9a3df063-f193-4fb0-9e01-b1a174fb3fa7,https://www.supersummary.com/a-grain-of-wheat/chapters-1-3-summary/#guide_page_title,07/13/2026 12:18:43,,1693168,,Android,Chrome,"Mozilla/5.0 (Linux; Android 10; K) AppleWebKit/537.36 (KHTML, like Gecko) Chrome/145.0.0.0 Mobile Safari/537.36",{},URL Event 1 for Study 313699,7264cba9-4c3c-4b21-beb2-257b6eb2e81f,{},Have you read this book?,"No, I’m considering reading it",3,,Is this the kind of book you usually read?,"No, this is a departure from what I usually read",3,How did you find this book?,Searched for it specifically,0,0,0,0,0,1,0,0,,,,,,,,,,,,,,,,,,,,,,,,,,,,,,,,,,teacher,u_5093d5ab581f39fe,,,,,,,metamorphoses,,,,,,,Visitor,,0,
372491,[BHB] Book Like / Visitors,7e179bc2-f28e-4136-b1bd-f27ce80ee37d,https://www.supersummary.com/absolutely-normal-chaos/preface-chapter-23-summary/#guide_page_title,07/13/2026 11:38:06,,,,iOS,Mobile Safari,"Mozilla/5.0 (iPhone; CPU iPhone OS 18_7 like Mac OS X) AppleWebKit/605.1.15 (KHTML, like Gecko) Version/26.5 Mobile/15E148 Safari/604.1",{},URL Event 1 for Study 313699,a5528bf1-0aca-44d5-88b0-91d1702e1dfa,{},Have you read this book?,"Yes, I'm reading it now",1,,Is this the kind of book you usually read?,"No, this is a departure from what I usually read",3,How did you find this book?,Other,0,0,0,0,0,0,0,1,Summer reading,,,,,,,,,,,,,,,,,,,,,,,,,,,,,,,,,,,,,,,,,absolutely-normal-chaos,,,,,,,Visitor,,,
372491,[BHB] Book Like / Visitors,a8416ba1-9d72-4da1-81b7-6cb52f946965,https://www.supersummary.com/picking-daisies-on-sundays/summary/,07/13/2026 11:23:44,,,,iOS,GSA,"Mozilla/5.0 (iPhone; CPU iPhone OS 26_5_2 like Mac OS X) AppleWebKit/605.1.15 (KHTML, like Gecko) GSA/428.4.939275213 Mobile/15E148 Safari/604.1",{},URL Event 1 for Study 313699,f24eefeb-3a7b-462f-bd33-8416e80bb60c,{},Have you read this book?,"Yes, I recently finished it",2,,Is this the kind of book you usually read?,Somewhat—it has some familiar elements,2,How did you find this book?,"Recommended by an app, site, or algorithm (Goodreads, TikTok, Amazon, etc.) because it's similar to books I liked",0,1,0,0,0,0,0,0,,,,,,,,,,,,,,,,,,,,,,,,,,,,,,,,,,,,,,,,,,picking-daisies-on-sundays,,,,,,,Visitor,,,
372491,[BHB] Book Like / Visitors,2076f9ea-3dac-4079-9bfd-11d220ce0123,https://www.supersummary.com/one-of-us-is-next/summary/,07/13/2026 10:40:24,07/13/2026 10:41:26,,,iOS,Mobile Safari,"Mozilla/5.0 (iPhone; CPU iPhone OS 18_7 like Mac OS X) AppleWebKit/605.1.15 (KHTML, like Gecko) Version/26.2 Mobile/15E148 Safari/604.1",{},URL Event 1 for Study 313699,b61d4e15-cfcb-44ce-9328-9ea2f1bf1ae9,{},Have you read this book?,"Yes, I'm reading it now",1,,Is this the kind of book you usually read?,Somewhat—it has some familiar elements,2,How did you find this book?,Recommended by a friend/family member,1,0,0,0,0,0,0,0,,"If you saw a list of books similar to what you're reading (or just finished),
what would you want to see beyond the title and author?","A match score (e.g., ""92% similar""), Genre or subgenre, Page count or estimated reading time, Content or maturity warnings, Whether it's part of a series",0,1,1,0,1,1,1,0,0,,"When you're looking for a book similar to one you liked, what matters most to
you?",That it’s appropriate for my age,Content Suitability,,1,,,,,Where do you usually go to find your next book?,"Booktok, good reads, my tbr lol",Online Platforms,,,,,1,,,,,,,,,,,,,,,,,,,Visitor,,,
372491,[BHB] Book Like / Visitors,d66ce975-133e-4089-9b23-cd1234c88d5b,https://www.supersummary.com/the-gales-of-november/summary/?searchId=ea74d332-bcbb-4683-8ac0-f4f0dee420ff&searchPosition=1,07/13/2026 10:20:27,,,,Android,Chrome,"Mozilla/5.0 (Linux; Android 10; K) AppleWebKit/537.36 (KHTML, like Gecko) Chrome/150.0.0.0 Mobile Safari/537.36",{},URL Event 1 for Study 313699,69b39be2-83ee-4901-8c7b-c239ecec4327,{},Have you read this book?,"No, I’m considering reading it",3,,Is this the kind of book you usually read?,"Yes, very typical for me",1,How did you find this book?,Recommended by a friend/family member,1,0,0,0,0,0,0,0,,"If you saw a list of books similar to what you're reading (or just finished),
what would you want to see beyond the title and author?",Reader ratings or reviews,0,0,0,1,0,0,0,0,0,,"When you're looking for a book similar to one you liked, what matters most to
you?",[skipped by user],,,,,,,,,,,,,,,,,,,book_club_member,,,,,,,,the-gales-of-november,,,,,,,Visitor,,,
372491,[BHB] Book Like / Visitors,62d6bc59-2cb7-4625-922e-5b5c4f4ec134,https://www.supersummary.com/the-correspondent/preface-chapter-31-summary/,07/13/2026 10:14:36,,,,Chromium OS,Chrome,"Mozilla/5.0 (X11; CrOS x86_64 14541.0.0) AppleWebKit/537.36 (KHTML, like Gecko) Chrome/137.0.0.0 Safari/537.36",{},URL Event 1 for Study 313699,e941672e-ac1b-476f-9057-36fa21e08295,{},Have you read this book?,"No, I’m considering reading it",3,,,,,,,,,,,,,,,,,,,,,,,,,,,,,,,,,,,,,,,,,,,,,,,,,,,,,,,,,,,,,,,Visitor,,,
372491,[BHB] Book Like / Visitors,d403afe1-ba9a-4e3f-a06d-b79c89a91687,https://www.supersummary.com/the-secret-of-secrets/summary/?searchId=5d532783-0a4e-484f-9850-198a1053443b&searchPosition=1,07/13/2026 09:22:55,07/13/2026 09:24:04,,,iOS,Chrome,"Mozilla/5.0 (iPad; CPU OS 26_3_1 like Mac OS X) AppleWebKit/605.1.15 (KHTML, like Gecko) CriOS/150.0.7871.51 Mobile/15E148 Safari/604.1",{},URL Event 1 for Study 313699,ebea5683-e8b4-4fd1-a475-6d1bc68f242b,{},Have you read this book?,"Yes, I'm reading it now",1,,Is this the kind of book you usually read?,"No, this is a departure from what I usually read",3,How did you find this book?,Saw it on a bestseller/trending list,0,0,0,1,0,0,0,0,,"If you saw a list of books similar to what you're reading (or just finished),
what would you want to see beyond the title and author?",Reader ratings or reviews,0,0,0,1,0,0,0,0,0,,"When you're looking for a book similar to one you liked, what matters most to
you?",[skipped by user],,,,,,,,Where do you usually go to find your next book?,[skipped by user],,,,,,,,,,,,,,,,,,the-secret-of-secrets,,,,,,,Visitor,,,
372491,[BHB] Book Like / Visitors,d06fe7b5-7fe1-407b-a5c0-43d90c9930d2,https://www.supersummary.com/harry-potter-and-the-half-blood-prince/chapters-7-12-summary/,07/13/2026 09:11:55,07/13/2026 09:13:05,,,iOS,Chrome,"Mozilla/5.0 (iPad; CPU OS 16_3_1 like Mac OS X) AppleWebKit/605.1.15 (KHTML, like Gecko) CriOS/137.0.7151.107 Mobile/15E148 Safari/604.1",{},URL Event 1 for Study 313699,6b34903c-c71b-48fb-8dec-92b9463b1971,{},Have you read this book?,"Yes, I recently finished it",2,,Is this the kind of book you usually read?,"Yes, very typical for me",1,How did you find this book?,Recommended by a friend/family member,1,0,0,0,0,0,0,0,,"If you saw a list of books similar to what you're reading (or just finished),
what would you want to see beyond the title and author?",Where to read or buy it,0,0,0,0,0,0,0,1,0,,"When you're looking for a book similar to one you liked, what matters most to
you?",Similar storyline/setting,Genre and Setting,,,1,,,,Where do you usually go to find your next book?,My local bookstore/library,Libraries; Bookstores,,,1,1,,,,,,,,,,,,,,,,,,,,Visitor,,,
372491,[BHB] Book Like / Visitors,d8ea12b1-c674-4ab3-a608-eff8e33ac473,https://www.supersummary.com/the-graham-effect/summary/,07/13/2026 08:51:03,,,,Android,Chrome,"Mozilla/5.0 (Linux; Android 10; K) AppleWebKit/537.36 (KHTML, like Gecko) Chrome/150.0.0.0 Mobile Safari/537.36",{},URL Event 1 for Study 313699,61ad9dab-2064-412a-854a-050456418fbc,{},Have you read this book?,"Yes, I recently finished it",2,,Is this the kind of book you usually read?,Not sure,4,How did you find this book?,"Recommended by an app, site, or algorithm (Goodreads, TikTok, Amazon, etc.) because it's similar to books I liked, Saw it on a bestseller/trending list",0,1,0,1,0,0,0,0,,"If you saw a list of books similar to what you're reading (or just finished),
what would you want to see beyond the title and author?","Why it's similar (shared plot, theme, or mood), Genre or subgenre, Reader ratings or reviews",1,0,1,1,0,0,0,0,0,,,,,,,,,,,,,,,,,,,,,,,,,,,,,,the-graham-effect,,,,,,,Visitor,,,
372491,[BHB] Book Like / Visitors,ab60c99e-4f4e-4929-8314-e4868191a9bc,https://www.supersummary.com/do-not-disturb-freida-mcfadden/summary/,07/13/2026 08:16:40,,1695838,,Android,Chrome,"Mozilla/5.0 (Linux; Android 10; K) AppleWebKit/537.36 (KHTML, like Gecko) Chrome/150.0.0.0 Mobile Safari/537.36",{},URL Event 1 for Study 313699,fa3a52e1-7b60-4058-aef0-46d92ba0a6c6,{},Have you read this book?,"Yes, I'm reading it now",1,,Is this the kind of book you usually read?,Not sure,4,How did you find this book?,Recommended by a friend/family member,1,0,0,0,0,0,0,0,,,,,,,,,,,,,,,,,,,,,,,,,,,,,,,,,,,,,,,,,,,,,,,,,Visitor,,,
372491,[BHB] Book Like / Visitors,89a6e028-b5e8-4437-b4ef-d64b65dc5565,https://www.supersummary.com/the-whalebone-theatre/summary/,07/13/2026 07:15:59,,,,iOS,Mobile Safari,"Mozilla/5.0 (iPhone; CPU iPhone OS 18_7 like Mac OS X) AppleWebKit/605.1.15 (KHTML, like Gecko) Version/26.5 Mobile/15E148 Safari/604.1",{},URL Event 1 for Study 313699,171b1576-94cd-48ca-ac9c-836b38a2e6cc,{},Have you read this book?,"Yes, I recently finished it",2,,Is this the kind of book you usually read?,Somewhat—it has some familiar elements,2,How did you find this book?,Other,0,0,0,0,0,0,0,1,Book Club,"If you saw a list of books similar to what you're reading (or just finished),
what would you want to see beyond the title and author?",Genre or subgenre,0,0,1,0,0,0,0,0,0,,"When you're looking for a book similar to one you liked, what matters most to
you?",[skipped by user],,,,,,,,,,,,,,,,,,,,,,,,,,,,,,,,,,Visitor,,,
372491,[BHB] Book Like / Visitors,7e495a80-3427-4a6d-b202-2b690ee5633d,https://www.supersummary.com/the-seven-sisters/summary/,07/13/2026 06:15:54,,,,iOS,Mobile Safari,"Mozilla/5.0 (iPhone; CPU iPhone OS 18_7 like Mac OS X) AppleWebKit/605.1.15 (KHTML, like Gecko) Version/26.5 Mobile/15E148 Safari/604.1",{},URL Event 1 for Study 313699,4fed3a28-bfde-470d-9889-0533dacbb225,{},Have you read this book?,"Yes, I recently finished it",2,,,,,,,,,,,,,,,,,,,,,,,,,,,,,,,,,,,,,,,,,,,,,,,,,,,,,,,,the-seven-sisters,,,,,,,Visitor,,,
372491,[BHB] Book Like / Visitors,0c7cc1ae-9404-424f-a975-00d1f0c6df20,https://www.supersummary.com/the-silent-patient/summary/,07/13/2026 06:06:53,07/13/2026 06:07:35,1695801,,Android,Chrome,"Mozilla/5.0 (Linux; Android 10; K) AppleWebKit/537.36 (KHTML, like Gecko) Chrome/150.0.0.0 Mobile Safari/537.36",{},URL Event 1 for Study 313699,fcba4f13-4229-456d-90d0-d3ba20ac7b3d,{},Have you read this book?,"Yes, I recently finished it",2,,Is this the kind of book you usually read?,"Yes, very typical for me",1,How did you find this book?,"Recommended by an app, site, or algorithm (Goodreads, TikTok, Amazon, etc.) because it's similar to books I liked",0,1,0,0,0,0,0,0,,"If you saw a list of books similar to what you're reading (or just finished),
what would you want to see beyond the title and author?","A match score (e.g., ""92% similar""), Genre or subgenre, Page count or estimated reading time, Whether it's part of a series, Where to read or buy it",0,1,1,0,1,0,1,1,0,,"When you're looking for a book similar to one you liked, what matters most to
you?",[skipped by user],,,,,,,,Where do you usually go to find your next book?,[skipped by user],,,,,,,,,,other,u_cb22835b778acf6a,,,,,,,the-silent-patient,,,,,,,Non Converter,,0,
372491,[BHB] Book Like / Visitors,d219e563-0e8f-4037-a84d-4f75b2632a6d,https://www.supersummary.com/horse/summary/,07/13/2026 05:52:30,,,,iOS,Mobile Safari,"Mozilla/5.0 (iPhone; CPU iPhone OS 18_7 like Mac OS X) AppleWebKit/605.1.15 (KHTML, like Gecko) Version/26.5 Mobile/15E148 Safari/604.1",{},URL Event 1 for Study 313699,f672613d-2be5-4498-a31e-ee696ac9cd36,{},Have you read this book?,"Yes, I'm reading it now",1,,Is this the kind of book you usually read?,"No, this is a departure from what I usually read",3,How did you find this book?,Recommended by a friend/family member,1,0,0,0,0,0,0,0,,"If you saw a list of books similar to what you're reading (or just finished),
what would you want to see beyond the title and author?",Page count or estimated reading time,0,0,0,0,1,0,0,0,0,,,,,,,,,,,,,,,,,,,,,,,,,,,,,,horse,,,,,,,Visitor,,,
372491,[BHB] Book Like / Visitors,816ac119-c198-47dc-9afb-ab0af02e9c18,https://www.supersummary.com/dog-man-unleashed/chapter-8-epilogue-summary/,07/13/2026 05:23:48,,,,Android,Chrome,"Mozilla/5.0 (Linux; Android 10; K) AppleWebKit/537.36 (KHTML, like Gecko) Chrome/150.0.0.0 Mobile Safari/537.36",{},URL Event 1 for Study 313699,3c759a1d-5bf8-495c-bacb-c37b43083d8a,{},Have you read this book?,Other,5,I have but a whole ago,,,,,,,,,,,,,,,,,,,,,,,,,,,,,,,,,,,,,,,,,,,,,,,,,,,,,,,,,,,,,,Visitor,,,
372491,[BHB] Book Like / Visitors,c79a0042-9a2d-4dcb-b0ca-253b93ae8788,https://www.supersummary.com/king-of-kings-scott-anderson/summary/?gad_source=1&gad_campaignid=23552428963&gbraid=0AAAAADhUVAo7CXMmdS1gMR0dOdlWudjl7&gclid=EAIaIQobChMI4oDgq-bOlQMVaSBECB3OLRx6EAAYAiAAEgLOOvD_BwE,07/13/2026 04:20:22,,,,iOS,Mobile Safari,"Mozilla/5.0 (iPhone; CPU iPhone OS 18_7 like Mac OS X) AppleWebKit/605.1.15 (KHTML, like Gecko) Version/26.5.2 Mobile/15E148 Safari/604.1",{},URL Event 1 for Study 313699,15c1353d-777c-48e3-9021-0b117e06620d,{},Have you read this book?,"Yes, I recently finished it",2,,Is this the kind of book you usually read?,"Yes, very typical for me",1,,,,,,,,,,,,,,,,,,,,,,,,,,,,,,,,,,,,,,,,,,,,,,,,,,,,king-of-kings-scott-anderson,,,,,,,Visitor,,,
372491,[BHB] Book Like / Visitors,c62f23d4-c686-472e-9988-b22e5e08acb8,https://www.supersummary.com/unlikely-animals/summary/,07/13/2026 04:11:38,,,,iOS,Chrome,"Mozilla/5.0 (iPhone; CPU iPhone OS 26_5_0 like Mac OS X) AppleWebKit/605.1.15 (KHTML, like Gecko) CriOS/141.0.7390.96 Mobile/15E148 Safari/604.1",{},URL Event 1 for Study 313699,897398dc-73d7-4dc8-b2a7-0e6ad551d56c,{},Have you read this book?,"Yes, I'm reading it now",1,,Is this the kind of book you usually read?,Somewhat—it has some familiar elements,2,How did you find this book?,Random browsing / stumbled on it,0,0,0,0,0,0,1,0,,,,,,,,,,,,,,,,,,,,,,,,,,,,,,,,,,,,,,,,,,unlikely-animals,,,,,,,Visitor,,,
372491,[BHB] Book Like / Visitors,62c557e3-209b-4324-b31e-a3065991da85,https://www.supersummary.com/subscription/confirming/activate/?redirect_to=/the-primal-of-blood-and-bone/interlude-1-chapter-10-summary/,07/13/2026 03:48:39,,1695759,,iOS,GSA,"Mozilla/5.0 (iPhone; CPU iPhone OS 26_5_1 like Mac OS X) AppleWebKit/605.1.15 (KHTML, like Gecko) GSA/428.4.939275213 Mobile/15E148 Safari/604.1",{},URL Event 1 for Study 313699,12eae867-e447-4962-b3ac-bf28fc90c739,{},Have you read this book?,"Yes, I'm reading it now",1,,,,,,,,,,,,,,,,,,,,,,,,,,,,,,,,,,,,,,,,,,,,,,,,book_club_member,u_d80d731417851a95,,,,,,,the-primal-of-blood-and-bone,,,,,,,Non Converter,,0,
372491,[BHB] Book Like / Visitors,d6b8d400-baf6-4a98-a621-1772ad753dcc,https://www.supersummary.com/in-the-veins-of-the-drowning/summary/?gad_source=1&gad_campaignid=23552428963&gbraid=0AAAAADhUVAooeMk-jnhW-LEqo7HzUrRWm&gclid=CjwKCAjw9szSBhBNEiwAC57Sq1t-sBCT4fZFkNW515aDr_q4jKVAoK32LSfbcE48NHwDfpzARUCYJhoCz9MQAvD_BwE,07/13/2026 03:42:51,07/13/2026 03:43:32,,,iOS,Mobile Safari,"Mozilla/5.0 (iPhone; CPU iPhone OS 18_7 like Mac OS X) AppleWebKit/605.1.15 (KHTML, like Gecko) Version/26.5 Mobile/15E148 Safari/604.1",{},URL Event 1 for Study 313699,0cac919a-f0c0-46fb-8e4e-d88e4b71b5b9,{},Have you read this book?,"Yes, I recently finished it",2,,Is this the kind of book you usually read?,"Yes, very typical for me",1,How did you find this book?,"Recommended by an app, site, or algorithm (Goodreads, TikTok, Amazon, etc.) because it's similar to books I liked",0,1,0,0,0,0,0,0,,"If you saw a list of books similar to what you're reading (or just finished),
what would you want to see beyond the title and author?","Page count or estimated reading time, Whether it's part of a series",0,0,0,0,1,0,1,0,0,,"When you're looking for a book similar to one you liked, what matters most to
you?",[skipped by user],,,,,,,,Where do you usually go to find your next book?,[skipped by user],,,,,,,,,,,,,,,,,,in-the-veins-of-the-drowning,,,,,,,Visitor,,,
372491,[BHB] Book Like / Visitors,6cf0ccf7-d3a6-430d-8b7b-ae05cf0ab7b3,https://www.supersummary.com/the-cloisters/chapters-23-29-summary/#guide_page_title,07/13/2026 03:34:12,,,,iOS,Mobile Safari,"Mozilla/5.0 (iPhone; CPU iPhone OS 18_7 like Mac OS X) AppleWebKit/605.1.15 (KHTML, like Gecko) Version/26.5 Mobile/15E148 Safari/604.1",{},URL Event 1 for Study 313699,fcdf365a-33db-464e-a57a-88640d2d7bd3,{},Have you read this book?,"Yes, I recently finished it",2,,Is this the kind of book you usually read?,"No, this is a departure from what I usually read",3,How did you find this book?,Recommended by a friend/family member,1,0,0,0,0,0,0,0,,"If you saw a list of books similar to what you're reading (or just finished),
what would you want to see beyond the title and author?",Reader ratings or reviews,0,0,0,1,0,0,0,0,0,,,,,,,,,,,,,,,,,,,,,,,,,,,,,,the-cloisters,,,,,,,Visitor,,,
372491,[BHB] Book Like / Visitors,b0fea2b2-505b-4640-86b6-d31a961ce6ab,https://www.supersummary.com/in-the-veins-of-the-drowning/summary/?gad_source=1&gad_campaignid=23552428963&gbraid=0AAAAADhUVAo7CXMmdS1gMR0dOdlWudjl7&gclid=EAIaIQobChMI_Zauq83OlQMVdRatBh2pRQ0-EAAYASAAEgKC2fD_BwE,07/13/2026 02:27:58,07/13/2026 02:28:24,,,iOS,Mobile Safari,"Mozilla/5.0 (iPhone; CPU iPhone OS 18_7 like Mac OS X) AppleWebKit/605.1.15 (KHTML, like Gecko) Version/26.5 Mobile/15E148 Safari/604.1",{},URL Event 1 for Study 313699,a1928fe6-3b46-4034-857d-2702610f7cd9,{},Have you read this book?,"Yes, I recently finished it",2,,Is this the kind of book you usually read?,"Yes, very typical for me",1,How did you find this book?,"Recommended by an app, site, or algorithm (Goodreads, TikTok, Amazon, etc.) because it's similar to books I liked",0,1,0,0,0,0,0,0,,"If you saw a list of books similar to what you're reading (or just finished),
what would you want to see beyond the title and author?","Why it's similar (shared plot, theme, or mood), Whether it's part of a series",1,0,0,0,0,0,1,0,0,,"When you're looking for a book similar to one you liked, what matters most to
you?",[skipped by user],,,,,,,,Where do you usually go to find your next book?,[skipped by user],,,,,,,,,,,,,,,,,,,,,,,,,Visitor,,,
372491,[BHB] Book Like / Visitors,d0be45de-473d-4adc-9585-440c5de38b95,https://www.supersummary.com/burn-down-masters-house/introduction-chapter-1-summary/#guide_page_title,07/13/2026 01:53:24,,,,iOS,Mobile Safari,"Mozilla/5.0 (iPhone; CPU iPhone OS 18_7 like Mac OS X) AppleWebKit/605.1.15 (KHTML, like Gecko) Version/26.2 Mobile/15E148 Safari/604.1",{},URL Event 1 for Study 313699,12eb437f-d9b3-41fb-8a07-a6d52a59f295,{},Have you read this book?,"Yes, I'm reading it now",1,,,,,,,,,,,,,,,,,,,,,,,,,,,,,,,,,,,,,,,,,,,,,,,,,,,,,,,,burn-down-masters-house,,,,,,,Visitor,,,
372491,[BHB] Book Like / Visitors,a4b05812-9957-483b-be7c-3a9eb72cecdf,https://www.supersummary.com/the-briar-club/summary/?utm_source=google&utm_medium=cpc&utm_campaign=22777360728&utm_content=&utm_term=&gad_source=1&gad_campaignid=22777363182&gbraid=0AAAAADhUVAoeO9hmijk1y4mdIHeeqDQHF&gclid=CjwKCAjw9szSBhBNEiwAC57Sq9Q9tn5_t_Ye4lE64HW1qSjk37a7bn3bctq9tIpPW5wu4F672LejvxoCf5UQAvD_BwE,07/13/2026 00:50:07,,,,Windows,Chrome,"Mozilla/5.0 (Windows NT 10.0; Win64; x64) AppleWebKit/537.36 (KHTML, like Gecko) Chrome/149.0.0.0 Safari/537.36",{},URL Event 1 for Study 313699,0011e4bf-af67-4388-b591-54016adfe7dc,{},Have you read this book?,"Yes, I recently finished it",2,,Is this the kind of book you usually read?,Somewhat—it has some familiar elements,2,How did you find this book?,Recommended by a friend/family member,1,0,0,0,0,0,0,0,,,,,,,,,,,,,,,,,,,,,,,,,,,,,,,,,,,,,,,,,,,,,,,,,Visitor,,,
372491,[BHB] Book Like / Visitors,09d40dc8-3926-443d-83a0-2c4d5d67c065,https://www.supersummary.com/the-frozen-river/summary/,07/13/2026 00:44:27,07/13/2026 00:45:23,,,iOS,GSA,"Mozilla/5.0 (iPad; CPU OS 26_5_2 like Mac OS X) AppleWebKit/605.1.15 (KHTML, like Gecko) GSA/428.4.939275213 Mobile/15E148 Safari/604.1",{},URL Event 1 for Study 313699,6b5da689-a6f0-4c5a-bcbe-fb210b783e44,{},Have you read this book?,"Yes, I recently finished it",2,,Is this the kind of book you usually read?,"Yes, very typical for me",1,How did you find this book?,Recommended by a friend/family member,1,0,0,0,0,0,0,0,,"If you saw a list of books similar to what you're reading (or just finished),
what would you want to see beyond the title and author?",Reader ratings or reviews,0,0,0,1,0,0,0,0,0,,"When you're looking for a book similar to one you liked, what matters most to
you?",[skipped by user],,,,,,,,Where do you usually go to find your next book?,[skipped by user],,,,,,,,,,,,,,,,,,,,,,,,,Visitor,,,
372491,[BHB] Book Like / Visitors,12b10a3e-924f-4825-ad90-5c24a24702b7,https://www.supersummary.com/bridge-of-sighs/chapters-6-10-summary/#guide_page_title,07/13/2026 00:38:31,,,,iOS,GSA,"Mozilla/5.0 (iPhone; CPU iPhone OS 26_5_2 like Mac OS X) AppleWebKit/605.1.15 (KHTML, like Gecko) GSA/428.4.939275213 Mobile/15E148 Safari/604.1",{},URL Event 1 for Study 313699,6246a8af-e8ee-4da9-a0be-bc30333acfc9,{},Have you read this book?,"Yes, I'm reading it now",1,,Is this the kind of book you usually read?,"Yes, very typical for me",1,How did you find this book?,Searched for it specifically,0,0,0,0,0,1,0,0,,"If you saw a list of books similar to what you're reading (or just finished),
what would you want to see beyond the title and author?","Why it's similar (shared plot, theme, or mood)",1,0,0,0,0,0,0,0,0,,,,,,,,,,,,,,,,,,,,,,,,,,,,,,bridge-of-sighs,,,,,,,Visitor,,,
372491,[BHB] Book Like / Visitors,49e51c4f-5376-4cb1-9632-97138265e489,https://www.supersummary.com/the-frozen-river/summary/,07/13/2026 00:35:41,07/13/2026 00:37:26,1695672,,Android,Chrome,"Mozilla/5.0 (Linux; Android 10; K) AppleWebKit/537.36 (KHTML, like Gecko) Chrome/149.0.0.0 Mobile Safari/537.36",{},URL Event 1 for Study 313699,00aa2539-282e-4a97-b512-d231d1bcd25e,{},Have you read this book?,"No, I’m considering reading it",3,,Is this the kind of book you usually read?,"No, this is a departure from what I usually read",3,How did you find this book?,Recommended by a friend/family member,1,0,0,0,0,0,0,0,,"If you saw a list of books similar to what you're reading (or just finished),
what would you want to see beyond the title and author?","Reader ratings or reviews, Page count or estimated reading time, Where to read or buy it",0,0,0,1,1,0,0,1,0,,"When you're looking for a book similar to one you liked, what matters most to
you?",Plot,Plot and Storyline,,,,1,,,Where do you usually go to find your next book?,[skipped by user],,,,,,,,,,other,u_69d33b3938d6f01d,,,,,,,the-frozen-river,,,,,,,Non Converter,,0,
372491,[BHB] Book Like / Visitors,9b345dcc-1a6e-498c-82d2-54223190dbbe,https://www.supersummary.com/les-yeux-de-mona/prologue-part-1-summary/,07/12/2026 22:34:47,,,,Mac OS,Safari,"Mozilla/5.0 (Macintosh; Intel Mac OS X 10_15_7) AppleWebKit/605.1.15 (KHTML, like Gecko) Version/26.5 Safari/605.1.15",{},URL Event 1 for Study 313699,76f4e1a2-f238-4233-8952-b4e28d41cee8,{},Have you read this book?,"No, I’m considering reading it",3,,Is this the kind of book you usually read?,"No, this is a departure from what I usually read",3,How did you find this book?,Recommended by a friend/family member,1,0,0,0,0,0,0,0,,,,,,,,,,,,,,,,,,,,,,,,,,,,,,,,,,,,,,,,,,les-yeux-de-mona,,,,,,,Visitor,,,
372491,[BHB] Book Like / Visitors,572d2308-8f2d-40ff-bfbf-1f3d98c08ee0,https://www.supersummary.com/yesteryear-caro-claire-burke/summary/,07/12/2026 22:23:14,07/12/2026 22:23:56,,,iOS,Mobile Safari,"Mozilla/5.0 (iPhone; CPU iPhone OS 18_7 like Mac OS X) AppleWebKit/605.1.15 (KHTML, like Gecko) Version/26.5 Mobile/15E148 Safari/604.1",{},URL Event 1 for Study 313699,dd2f2069-ec12-4dac-862c-33aefbebdaf0,{},Have you read this book?,"Yes, I'm reading it now",1,,Is this the kind of book you usually read?,"No, this is a departure from what I usually read",3,How did you find this book?,Saw it on a bestseller/trending list,0,0,0,1,0,0,0,0,,"If you saw a list of books similar to what you're reading (or just finished),
what would you want to see beyond the title and author?","Why it's similar (shared plot, theme, or mood), A match score (e.g., ""92% similar""), Whether it's part of a series",1,1,0,0,0,0,1,0,0,,"When you're looking for a book similar to one you liked, what matters most to
you?",[skipped by user],,,,,,,,Where do you usually go to find your next book?,[skipped by user],,,,,,,,,,,,,,,,,,yesteryear-caro-claire-burke,,,,,,,Visitor,,,
372491,[BHB] Book Like / Visitors,7010f023-72e8-4c89-b9ef-8d37862049a2,https://www.supersummary.com/my-fault/summary/,07/12/2026 22:17:25,,,,Android,Chrome,"Mozilla/5.0 (Linux; Android 10; K) AppleWebKit/537.36 (KHTML, like Gecko) Chrome/150.0.0.0 Mobile Safari/537.36",{},URL Event 1 for Study 313699,d5c60fe9-739b-4b71-a665-afb142912f61,{},Have you read this book?,"No, I’m considering reading it",3,,,,,,,,,,,,,,,,,,,,,,,,,,,,,,,,,,,,,,,,,,,,,,,,,,,,,,,,my-fault,,,,,,,Visitor,,,
372491,[BHB] Book Like / Visitors,555fde4a-e498-4abc-a2c7-53b92bde40cc,https://www.supersummary.com/reminders-of-him/chapter-34-epilogue-summary/,07/12/2026 20:41:26,07/12/2026 20:42:57,,,Mac OS,Chrome,"Mozilla/5.0 (Macintosh; Intel Mac OS X 10_15_7) AppleWebKit/537.36 (KHTML, like Gecko) Chrome/149.0.0.0 Safari/537.36",{},URL Event 1 for Study 313699,65c01a79-b56f-4c52-b66c-5926b03e1a08,{},Have you read this book?,"Yes, I recently finished it",2,,Is this the kind of book you usually read?,Somewhat—it has some familiar elements,2,How did you find this book?,Recognized the author,0,0,0,0,1,0,0,0,,"If you saw a list of books similar to what you're reading (or just finished),
what would you want to see beyond the title and author?","Content or maturity warnings, Whether it's part of a series",0,0,0,0,0,1,1,0,0,,"When you're looking for a book similar to one you liked, what matters most to
you?",[skipped by user],,,,,,,,Where do you usually go to find your next book?,amazon kindle,Online Platforms,,,,,1,,,,,,,,,,,,reminders-of-him,,,,,,,Visitor,,,
372491,[BHB] Book Like / Visitors,35880211-cf01-4bc0-adb8-6ecf2c57ff16,https://www.supersummary.com/hannah-coulter/summary/?gad_source=1&gad_campaignid=23547763121&gbraid=0AAAAADhUVAqOEo3iuVnCjHTQxRWQbvJwd&gclid=CjwKCAjw9szSBhBNEiwAC57Sq_o_FI4-W5F1gJwST2GmTWRmQxW8lELX97_8ZMPryywnytXgL1QcMhoCCEgQAvD_BwE,07/12/2026 20:25:11,07/12/2026 20:25:50,1695503,,Chromium OS,Chrome,"Mozilla/5.0 (X11; CrOS x86_64 14541.0.0) AppleWebKit/537.36 (KHTML, like Gecko) Chrome/149.0.0.0 Safari/537.36",{},URL Event 1 for Study 313699,b828ccf8-fa99-4023-90e3-bd1334723778,{},Have you read this book?,"Yes, I'm reading it now",1,,Is this the kind of book you usually read?,"Yes, very typical for me",1,How did you find this book?,Recommended by a friend/family member,1,0,0,0,0,0,0,0,,"If you saw a list of books similar to what you're reading (or just finished),
what would you want to see beyond the title and author?",Genre or subgenre,0,0,1,0,0,0,0,0,0,,"When you're looking for a book similar to one you liked, what matters most to
you?",[skipped by user],,,,,,,,Where do you usually go to find your next book?,[skipped by user],,,,,,,,,,,,,,,,,,,,,,,,,Visitor,,,
372491,[BHB] Book Like / Visitors,68b10e68-41ac-43f0-a145-f97ba10b092a,https://www.supersummary.com/ghosts-of-honolulu/summary/#guide_page_title,07/12/2026 20:03:27,,,,Android,Chrome,"Mozilla/5.0 (Linux; Android 10; K) AppleWebKit/537.36 (KHTML, like Gecko) Chrome/150.0.0.0 Mobile Safari/537.36",{},URL Event 1 for Study 313699,9a8d6b0c-1e20-42c6-bd46-bcc23f743900,{},Have you read this book?,"No, I’m considering reading it",3,,Is this the kind of book you usually read?,"No, this is a departure from what I usually read",3,How did you find this book?,Other,0,0,0,0,0,0,0,1,Friend recommended,,,,,,,,,,,,,,,,,,,,,,,,,,,,,,,,,,,,,,,,,ghosts-of-honolulu,,,,,,,Visitor,,,
372491,[BHB] Book Like / Visitors,604c9500-a66a-4ede-8490-3ef556aff5c4,https://www.supersummary.com/even-as-we-breathe/summary/?searchId=ade072a9-a95d-48a8-8e89-1d2dd1c587d3&searchPosition=1,07/12/2026 19:47:39,07/12/2026 19:54:00,,,iOS,Mobile Safari,"Mozilla/5.0 (iPhone; CPU iPhone OS 18_7 like Mac OS X) AppleWebKit/605.1.15 (KHTML, like Gecko) Version/26.5 Mobile/15E148 Safari/604.1",{},URL Event 1 for Study 313699,c5651154-5d45-46a3-b50f-62134fcfa03f,{},Have you read this book?,"Yes, I recently finished it",2,,Is this the kind of book you usually read?,Somewhat—it has some familiar elements,2,How did you find this book?,Searched for it specifically,0,0,0,0,0,1,0,0,,"If you saw a list of books similar to what you're reading (or just finished),
what would you want to see beyond the title and author?","Why it's similar (shared plot, theme, or mood)",1,0,0,0,0,0,0,0,0,,"When you're looking for a book similar to one you liked, what matters most to
you?",[skipped by user],,,,,,,,Where do you usually go to find your next book?,[skipped by user],,,,,,,,,,parent_of_student,,,,,,,,lincoln-in-the-bardo,,,,,,,Visitor,,,
372491,[BHB] Book Like / Visitors,1fb4a1b9-7ec0-4621-b167-3a795d5926db,https://www.supersummary.com/there-are-rivers-in-the-sky/part-1-summary/#guide_page_title,07/12/2026 19:18:50,07/12/2026 19:19:11,,,iOS,Mobile Safari,"Mozilla/5.0 (iPhone; CPU iPhone OS 18_7 like Mac OS X) AppleWebKit/605.1.15 (KHTML, like Gecko) Version/26.5 Mobile/15E148 Safari/604.1",{},URL Event 1 for Study 313699,66881b75-ef13-4571-8090-a22a00147141,{},Have you read this book?,"Yes, I'm reading it now",1,,Is this the kind of book you usually read?,"Yes, very typical for me",1,How did you find this book?,"Recommended by an app, site, or algorithm (Goodreads, TikTok, Amazon, etc.) because it's similar to books I liked",0,1,0,0,0,0,0,0,,"If you saw a list of books similar to what you're reading (or just finished),
what would you want to see beyond the title and author?","Why it's similar (shared plot, theme, or mood)",1,0,0,0,0,0,0,0,0,,"When you're looking for a book similar to one you liked, what matters most to
you?",[skipped by user],,,,,,,,Where do you usually go to find your next book?,[skipped by user],,,,,,,,,,,,,,,,,,there-are-rivers-in-the-sky,,,,,,,Visitor,,,
372491,[BHB] Book Like / Visitors,f4a829dd-3196-45cd-b0c6-1d3056bb45a7,https://www.supersummary.com/theo-of-golden/chapter-55-epilogue-summary-summary/#guide_page_title,07/12/2026 19:16:00,,,,iOS,Mobile Safari,"Mozilla/5.0 (iPhone; CPU iPhone OS 18_7 like Mac OS X) AppleWebKit/605.1.15 (KHTML, like Gecko) Version/26.5 Mobile/15E148 Safari/604.1",{},URL Event 1 for Study 313699,20751c02-4179-4c81-ae7a-b126a5184c72,{},Have you read this book?,"Yes, I'm reading it now",1,,,,,,,,,,,,,,,,,,,,,,,,,,,,,,,,,,,,,,,,,,,,,,,,,,,,,,,,theo-of-golden,,,,,,,Visitor,,,
372491,[BHB] Book Like / Visitors,c0e9c961-d74a-4f9c-b56b-2a8a32935d44,https://www.supersummary.com/the-overstory/summary/?searchId=d6bb4101-2d05-465d-bc5f-ad70cf73719e&searchPosition=1,07/12/2026 19:07:25,,401277,,Android,Edge,"Mozilla/5.0 (Linux; Android 10; K) AppleWebKit/537.36 (KHTML, like Gecko) Chrome/149.0.0.0 Mobile Safari/537.36 EdgA/149.0.0.0",{},URL Event 1 for Study 313699,78604951-19c4-43c9-b770-e3adc9f83f33,{},Have you read this book?,"Yes, I recently finished it",2,,Is this the kind of book you usually read?,Somewhat—it has some familiar elements,2,How did you find this book?,Saw it on a bestseller/trending list,0,0,0,1,0,0,0,0,,"If you saw a list of books similar to what you're reading (or just finished),
what would you want to see beyond the title and author?","Why it's similar (shared plot, theme, or mood)",1,0,0,0,0,0,0,0,0,,,,,,,,,,,,,,,,,,,,1.7.0,,other,u_e3e8ac6881c9f5cb,,,,,,,the-overstory,14,,,2.5.3,,,Non Converter,,0,
372491,[BHB] Book Like / Visitors,d1b0694b-646f-4bfc-b3c3-20aadb0583bb,https://www.supersummary.com/the-last-unicorn-beagle/summary/,07/12/2026 17:14:57,,,,iOS,Chrome,"Mozilla/5.0 (iPhone; CPU iPhone OS 26_5_0 like Mac OS X) AppleWebKit/605.1.15 (KHTML, like Gecko) CriOS/150.0.7871.51 Mobile/15E148 Safari/604.1",{},URL Event 1 for Study 313699,7ffff6b9-3509-4e85-9c53-6f220c46c945,{},Have you read this book?,"Yes, I'm reading it now",1,,,,,,,,,,,,,,,,,,,,,,,,,,,,,,,,,,,,,,,,,,,,,,,,,,,,,,,,,,,,,,,Visitor,,,
372491,[BHB] Book Like / Visitors,8b2c31be-2940-4282-9965-6b7aa2e0cadb,https://www.supersummary.com/one-of-us-is-back/part-1-chapters-12-22-summary/,07/12/2026 16:20:20,,,,Mac OS,Chrome,"Mozilla/5.0 (Macintosh; Intel Mac OS X 10_15_7) AppleWebKit/537.36 (KHTML, like Gecko) Chrome/145.0.0.0 Safari/537.36",{},URL Event 1 for Study 313699,e4b58359-5153-4298-b6d2-d69ff10c5eb0,{},Have you read this book?,Other,5,FUck u,,,,,,,,,,,,,,,,,,,,,,,,,,,,,,,,,,,,,,,,,,,,,,,,,,,,,,,one-of-us-is-back,,,,,,,Visitor,,,
372491,[BHB] Book Like / Visitors,668762c2-3105-4526-a6e4-6a1549a9f486,https://www.supersummary.com/our-wives-under-the-sea/summary/?utm_source=google&utm_medium=cpc&utm_campaign=15170576117&utm_content=136161102464&utm_term=&gad_source=1&gad_campaignid=15170576117&gbraid=0AAAAADhUVArAusKa-RccO0Jrimb670Ehq&gclid=CjwKCAjw9szSBhBNEiwAC57Sq7iUmHuXNLKjOTPPVBOEZbBiETKOUXcBcMORpB6okPAGDdajtohdQxoCfxQQAvD_BwE,07/12/2026 15:57:13,07/12/2026 15:58:13,,,iOS,Chrome,"Mozilla/5.0 (iPhone; CPU iPhone OS 26_5_2 like Mac OS X) AppleWebKit/605.1.15 (KHTML, like Gecko) CriOS/150.0.7871.51 Mobile/15E148 Safari/604.1",{},URL Event 1 for Study 313699,53ba8012-e075-47a7-8726-3255d6948b20,{},Have you read this book?,"Yes, I recently finished it",2,,Is this the kind of book you usually read?,Somewhat—it has some familiar elements,2,How did you find this book?,Recommended by a friend/family member,1,0,0,0,0,0,0,0,,"If you saw a list of books similar to what you're reading (or just finished),
what would you want to see beyond the title and author?",Genre or subgenre,0,0,1,0,0,0,0,0,0,,"When you're looking for a book similar to one you liked, what matters most to
you?",Whether I like the writing,Writing Quality,,,,,,1,Where do you usually go to find your next book?,Bookstore,Bookstores,,,1,,,,,,,,,,,,,,our-wives-under-the-sea,,,,,,,Visitor,,,
372491,[BHB] Book Like / Visitors,3f7edcf0-fbbc-4de9-943b-6f2965ef1e56,https://www.supersummary.com/i-will-marry-when-i-want/summary/,07/12/2026 15:20:12,,,,Android,Chrome,"Mozilla/5.0 (Linux; Android 10; K) AppleWebKit/537.36 (KHTML, like Gecko) Chrome/149.0.0.0 Mobile Safari/537.36",{},URL Event 1 for Study 313699,7cc96e8f-5e3e-4ce8-a6db-bd4aae044d4a,{},Have you read this book?,"No, this is for someone else (school, gift, etc.)",4,,,,,,,,,,,,,,,,,,,,,,,,,,,,,,,,,,,,,,,,,,,,,,,,,,,,,,,,,,,,,,,Visitor,,,
372491,[BHB] Book Like / Visitors,4d991c40-cccf-4576-a0eb-9f46618e0f58,https://www.supersummary.com/look-closer/summary/?utm_source=google&utm_medium=cpc&utm_campaign=17311150304&utm_content=&utm_term=&gad_source=1&gad_campaignid=17311151426&gbraid=0AAAAADhUVApN0v4b2Y9xAm2DGoonK47OJ&gclid=CjwKCAjw9szSBhBNEiwAC57Sq0VyQJLWIcSXflHE_i3s6GniU13iS5hucWbtOswFGQOlC3ZGCxfoSxoCOdwQAvD_BwE,07/12/2026 15:08:16,07/12/2026 15:08:45,813383,,iOS,Mobile Safari,"Mozilla/5.0 (iPhone; CPU iPhone OS 18_7 like Mac OS X) AppleWebKit/605.1.15 (KHTML, like Gecko) Version/26.5.2 Mobile/15E148 Safari/604.1",{},URL Event 1 for Study 313699,43c3fc90-8478-487d-93e0-b65a9e84ee03,{},Have you read this book?,"Yes, I'm reading it now",1,,Is this the kind of book you usually read?,Not sure,4,How did you find this book?,Saw it on a bestseller/trending list,0,0,0,1,0,0,0,0,,"If you saw a list of books similar to what you're reading (or just finished),
what would you want to see beyond the title and author?",Reader ratings or reviews,0,0,0,1,0,0,0,0,0,,"When you're looking for a book similar to one you liked, what matters most to
you?",[skipped by user],,,,,,,,Where do you usually go to find your next book?,[skipped by user],,,,,,,,,,other,u_a940faf4855fb779,,,,,,,look-closer,,,,,,,Visitor,,0,
372491,[BHB] Book Like / Visitors,a83b145d-eb0c-4579-9e2c-7d903a691b9d,https://www.supersummary.com/a-court-of-thorns-and-roses/summary/?searchId=b5bfca25-8a67-4d3a-9716-cde10596d977&searchPosition=10,07/12/2026 14:27:58,07/12/2026 14:28:38,,,Mac OS,Chrome,"Mozilla/5.0 (Macintosh; Intel Mac OS X 10_15_7) AppleWebKit/537.36 (KHTML, like Gecko) Chrome/128.0.0.0 Safari/537.36",{},URL Event 1 for Study 313699,a17e012f-d7dd-458d-a3b2-da4bd84c77c6,{},Have you read this book?,"Yes, I'm reading it now",1,,Is this the kind of book you usually read?,Not sure,4,How did you find this book?,Saw it on a bestseller/trending list,0,0,0,1,0,0,0,0,,"If you saw a list of books similar to what you're reading (or just finished),
what would you want to see beyond the title and author?","Why it's similar (shared plot, theme, or mood)",1,0,0,0,0,0,0,0,0,,"When you're looking for a book similar to one you liked, what matters most to
you?",[skipped by user],,,,,,,,Where do you usually go to find your next book?,[skipped by user],,,,,,,,,,other,,,,,,,,a-court-of-thorns-and-roses,,,,,,,Visitor,,,
372491,[BHB] Book Like / Visitors,00b4cfa4-c682-4bff-8040-7fe3a3285c80,https://www.supersummary.com/the-names-florence-knapp/summary/,07/12/2026 14:20:53,07/12/2026 14:21:22,,,Mac OS,Safari,"Mozilla/5.0 (Macintosh; Intel Mac OS X 10_15_7) AppleWebKit/605.1.15 (KHTML, like Gecko) Version/26.5 Safari/605.1.15",{},URL Event 1 for Study 313699,af7f70f0-f94b-4e76-8605-0a75ccd0858c,{},Have you read this book?,"Yes, I recently finished it",2,,Is this the kind of book you usually read?,"Yes, very typical for me",1,How did you find this book?,"Recommended by an app, site, or algorithm (Goodreads, TikTok, Amazon, etc.) because it's similar to books I liked",0,1,0,0,0,0,0,0,,"If you saw a list of books similar to what you're reading (or just finished),
what would you want to see beyond the title and author?",Where to read or buy it,0,0,0,0,0,0,0,1,0,,"When you're looking for a book similar to one you liked, what matters most to
you?",[skipped by user],,,,,,,,Where do you usually go to find your next book?,[skipped by user],,,,,,,,,,,,,,,,,,the-names-florence-knapp,,,,,,,Visitor,,,
372491,[BHB] Book Like / Visitors,e0020a43-f009-4762-a952-ac7c8931b385,https://www.supersummary.com/if-you-could-see-the-sun/summary/,07/12/2026 13:47:42,,,,Mac OS,Chrome,"Mozilla/5.0 (Macintosh; Intel Mac OS X 10_15_7) AppleWebKit/537.36 (KHTML, like Gecko) Chrome/138.0.0.0 Safari/537.36",{},URL Event 1 for Study 313699,6521b0b6-8ac1-428f-bd4d-e08d4816b16c,{},Have you read this book?,"Yes, I recently finished it",2,,,,,,,,,,,,,,,,,,,,,,,,,,,,,,,,,,,,,,,,,,,,,,,,,,,,,,,,,,,,,,,Visitor,,,
372491,[BHB] Book Like / Visitors,cd5bc1b6-e2e2-4c6f-bd85-a111b4229508,https://www.supersummary.com/bruised-hibiscus/summary/,07/12/2026 12:15:37,07/12/2026 12:16:49,,,iOS,Mobile Safari,"Mozilla/5.0 (iPhone; CPU iPhone OS 18_7 like Mac OS X) AppleWebKit/605.1.15 (KHTML, like Gecko) Version/26.5 Mobile/15E148 Safari/604.1",{},URL Event 1 for Study 313699,49db30fd-c841-4538-b1fa-6767f6dabe1e,{},Have you read this book?,"No, I’m considering reading it",3,,Is this the kind of book you usually read?,Not sure,4,How did you find this book?,Recognized the author,0,0,0,0,1,0,0,0,,"If you saw a list of books similar to what you're reading (or just finished),
what would you want to see beyond the title and author?",Reader ratings or reviews,0,0,0,1,0,0,0,0,0,,"When you're looking for a book similar to one you liked, what matters most to
you?",[skipped by user],,,,,,,,Where do you usually go to find your next book?,[skipped by user],,,,,,,,,,,,,,,,,,,,,,,,,Visitor,,,
372491,[BHB] Book Like / Visitors,81e6092b-5cd5-4204-b333-d364b4777d14,https://www.supersummary.com/the-most-fun-we-ever-had/prologue-part-1-summary/#guide_page_title,07/12/2026 11:20:54,,,,Android,Chrome,"Mozilla/5.0 (Linux; Android 10; K) AppleWebKit/537.36 (KHTML, like Gecko) Chrome/150.0.0.0 Mobile Safari/537.36",{},URL Event 1 for Study 313699,94ba5793-5ffa-4854-bd89-5499c21e22d0,{},Have you read this book?,"Yes, I'm reading it now",1,,,,,,,,,,,,,,,,,,,,,,,,,,,,,,,,,,,,,,,,,,,,,,,,,,,,,,,,the-most-fun-we-ever-had,,,,,,,Visitor,,,
372491,[BHB] Book Like / Visitors,a6a2fdbe-3817-4af7-bb0f-91a9401b2187,https://www.supersummary.com/bunny/part-3-summary/#guide_page_title,07/12/2026 10:55:49,,,,iOS,GSA,"Mozilla/5.0 (iPhone; CPU iPhone OS 26_5_1 like Mac OS X) AppleWebKit/605.1.15 (KHTML, like Gecko) GSA/428.4.939275213 Mobile/15E148 Safari/604.1",{},URL Event 1 for Study 313699,a5c8c621-2f58-47ca-9459-7bea504b2c41,{},Have you read this book?,"Yes, I recently finished it",2,,Is this the kind of book you usually read?,Somewhat—it has some familiar elements,2,How did you find this book?,Recommended by a friend/family member,1,0,0,0,0,0,0,0,,,,,,,,,,,,,,,,,,,,,,,,,,,,,,,,,,book_club_member,,,,,,,,bunny,,,,,,,Visitor,,,
372491,[BHB] Book Like / Visitors,a7482f0c-fb32-470d-bc4b-30e7b0ff0b6a,https://www.supersummary.com/when-hitler-stole-pink-rabbit/chapters-13-18-summary/,07/12/2026 09:39:55,07/12/2026 09:40:55,,,Windows,Chrome,"Mozilla/5.0 (Windows NT 10.0; Win64; x64) AppleWebKit/537.36 (KHTML, like Gecko) Chrome/150.0.0.0 Safari/537.36",{},URL Event 1 for Study 313699,770c6cee-2467-4a4d-bdcc-04490999bd14,{},Have you read this book?,"Yes, I recently finished it",2,,Is this the kind of book you usually read?,"Yes, very typical for me",1,How did you find this book?,"Recommended by a friend/family member, Recommended by an app, site, or algorithm (Goodreads, TikTok, Amazon, etc.) because it's similar to books I liked, Read a summary/review and it sounded like the kind of book I like, Saw it on a bestseller/trending list, Recognized the author, Searched for it specifically, Random browsing / stumbled on it",1,1,1,1,1,1,1,0,,"If you saw a list of books similar to what you're reading (or just finished),
what would you want to see beyond the title and author?",Page count or estimated reading time,0,0,0,0,1,0,0,0,0,,"When you're looking for a book similar to one you liked, what matters most to
you?",[skipped by user],,,,,,,,Where do you usually go to find your next book?,[skipped by user],,,,,,,,,,,,,,,,,,,,,,,,,Visitor,,,
372491,[BHB] Book Like / Visitors,299b41f1-864b-4747-9466-2d3884513f2a,https://www.supersummary.com/whats-eating-gilbert-grape/part-1-summary/#guide_page_title,07/12/2026 08:31:17,,,,iOS,Mobile Safari,"Mozilla/5.0 (iPhone; CPU iPhone OS 16_7_16 like Mac OS X) AppleWebKit/605.1.15 (KHTML, like Gecko) Version/16.6.2 Mobile/15E148 Safari/604.1",{},URL Event 1 for Study 313699,51707c19-bee8-472f-8b4b-b81b030bee7f,{},Have you read this book?,"Yes, I'm reading it now",1,,Is this the kind of book you usually read?,Not sure,4,,,,,,,,,,,,,,,,,,,,,,,,,,,,,,,,,,,,,,,,,,,,,,,,,,,,whats-eating-gilbert-grape,,,,,,,Visitor,,,
372491,[BHB] Book Like / Visitors,c28d88ea-83d5-4930-8c7f-51e8fd69f1da,https://www.supersummary.com/the-names-florence-knapp/prologue-part-1-summary/#guide_page_title,07/12/2026 08:19:24,07/12/2026 08:20:15,,,iOS,Mobile Safari,"Mozilla/5.0 (iPhone; CPU iPhone OS 18_7 like Mac OS X) AppleWebKit/605.1.15 (KHTML, like Gecko) Version/26.5 Mobile/15E148 Safari/604.1",{},URL Event 1 for Study 313699,649a73ed-fcad-42b1-bff4-4472ab3bbfc8,{},Have you read this book?,"Yes, I'm reading it now",1,,Is this the kind of book you usually read?,Somewhat—it has some familiar elements,2,How did you find this book?,Saw it on a bestseller/trending list,0,0,0,1,0,0,0,0,,"If you saw a list of books similar to what you're reading (or just finished),
what would you want to see beyond the title and author?",Genre or subgenre,0,0,1,0,0,0,0,0,0,,"When you're looking for a book similar to one you liked, what matters most to
you?",[skipped by user],,,,,,,,Where do you usually go to find your next book?,[skipped by user],,,,,,,,,,,,,,,,,,,,,,,,,Visitor,,,
372491,[BHB] Book Like / Visitors,3b93b754-04c1-4d48-9d1b-3a8793ab2310,https://www.supersummary.com/talking-to-my-daughter-about-the-economy/summary/,07/12/2026 07:56:32,,,,Windows,Chrome,"Mozilla/5.0 (Windows NT 10.0; Win64; x64) AppleWebKit/537.36 (KHTML, like Gecko) Chrome/150.0.0.0 Safari/537.36",{},URL Event 1 for Study 313699,a7047b44-5f46-4305-9152-b97766c43ee6,{},Have you read this book?,"Yes, I'm reading it now",1,,,,,,,,,,,,,,,,,,,,,,,,,,,,,,,,,,,,,,,,,,,,,,,,,,,,,,,,,,,,,,,Visitor,,,
372491,[BHB] Book Like / Visitors,07abaafc-ed0a-4e59-96b3-d85caca35b66,https://www.supersummary.com/the-essex-serpent/summary/,07/12/2026 06:09:40,,,,Android,Chrome,"Mozilla/5.0 (Linux; Android 10; K) AppleWebKit/537.36 (KHTML, like Gecko) Chrome/149.0.0.0 Mobile Safari/537.36",{},URL Event 1 for Study 313699,327c0162-7e2d-425d-a29e-607761118c5c,{},Have you read this book?,"Yes, I'm reading it now",1,,Is this the kind of book you usually read?,Somewhat—it has some familiar elements,2,How did you find this book?,Recommended by a friend/family member,1,0,0,0,0,0,0,0,,"If you saw a list of books similar to what you're reading (or just finished),
what would you want to see beyond the title and author?",Page count or estimated reading time,0,0,0,0,1,0,0,0,0,,,,,,,,,,,,,,,,,,,,,,,,,,,,,,,,,,,,,Visitor,,,
372491,[BHB] Book Like / Visitors,3f509f96-a16a-4410-8ddb-8a650e77cf1b,https://www.supersummary.com/theo-of-golden/summary/,07/12/2026 05:06:26,,,,iOS,Chrome,"Mozilla/5.0 (iPhone; CPU iPhone OS 26_5 like Mac OS X) AppleWebKit/605.1.15 (KHTML, like Gecko) CriOS/109.0.5414.83 Mobile/15E148 Safari/604.1",{},URL Event 1 for Study 313699,2161c638-4a36-4152-81f2-bc56379e0fc6,{},Have you read this book?,"No, I’m considering reading it",3,,,,,,,,,,,,,,,,,,,,,,,,,,,,,,,,,,,,,,,,,,,,,,,,,,,,,,,,,,,,,,,Visitor,,,
372491,[BHB] Book Like / Visitors,a8f77835-f77c-4c84-b8b3-1c0c787df6c1,https://www.supersummary.com/the-wilderness/part-1-chapters-1-7-summary/,07/12/2026 04:20:16,07/12/2026 04:22:14,,,Android,Chrome,"Mozilla/5.0 (Linux; Android 10; K) AppleWebKit/537.36 (KHTML, like Gecko) Chrome/150.0.0.0 Mobile Safari/537.36",{},URL Event 1 for Study 313699,3761d290-a060-4206-9bd0-9126ebbb4228,{},Have you read this book?,"Yes, I'm reading it now",1,,Is this the kind of book you usually read?,Somewhat—it has some familiar elements,2,How did you find this book?,Random browsing / stumbled on it,0,0,0,0,0,0,1,0,,"If you saw a list of books similar to what you're reading (or just finished),
what would you want to see beyond the title and author?",Page count or estimated reading time,0,0,0,0,1,0,0,0,0,,"When you're looking for a book similar to one you liked, what matters most to
you?","More recent books.. ""current """,,,,,,,,Where do you usually go to find your next book?,Book store,Bookstores,,,1,,,,,,other,,,,,,,,the-wilderness,,,,,,,Visitor,,,
372491,[BHB] Book Like / Visitors,72065c1c-5d56-49ff-8c32-323793ba08db,https://www.supersummary.com/seed-ania-ahlborn/chapters-1-5-summary/,07/12/2026 03:57:31,,1695075,,Android,Chrome,"Mozilla/5.0 (Linux; Android 10; K) AppleWebKit/537.36 (KHTML, like Gecko) Chrome/150.0.0.0 Mobile Safari/537.36",{},URL Event 1 for Study 313699,bf79dbe9-09d0-4e65-995c-e8c88dc24ea1,{},Have you read this book?,"No, I’m considering reading it",3,,,,,,,,,,,,,,,,,,,,,,,,,,,,,,,,,,,,,,,,,,,,,,,,other,u_0a38c3c44978d336,,,,,,,seed-ania-ahlborn,,,,,,,Non Converter,,0,
372491,[BHB] Book Like / Visitors,5e0c8d41-7a7f-4121-8740-fe0465e5a56a,https://www.supersummary.com/a-rule-against-murder/chapters-20-25-summary/,07/12/2026 03:31:42,07/12/2026 03:32:45,,,iOS,Mobile Safari,"Mozilla/5.0 (iPhone; CPU iPhone OS 18_6 like Mac OS X) AppleWebKit/605.1.15 (KHTML, like Gecko) Version/26.5 Mobile/15E148 Safari/604.1 Ddg/26.5",{},URL Event 1 for Study 313699,51e2f704-e038-4fc2-8525-00a2a8050d4e,{},Have you read this book?,"Yes, I recently finished it",2,,Is this the kind of book you usually read?,"Yes, very typical for me",1,How did you find this book?,Recognized the author,0,0,0,0,1,0,0,0,,"If you saw a list of books similar to what you're reading (or just finished),
what would you want to see beyond the title and author?","Genre or subgenre, Reader ratings or reviews",0,0,1,1,0,0,0,0,0,,"When you're looking for a book similar to one you liked, what matters most to
you?",[skipped by user],,,,,,,,Where do you usually go to find your next book?,Libby,Audiobooks,1,,,,,,,,,,,,,,,,a-rule-against-murder,,,,,,,Visitor,,,
372491,[BHB] Book Like / Visitors,13fa320f-3cf6-42ee-8cf1-881e5977f787,https://www.supersummary.com/we-begin-at-the-end/chapters-1-10-summary/,07/12/2026 03:22:48,,,,iOS,GSA,"Mozilla/5.0 (iPhone; CPU iPhone OS 26_5 like Mac OS X) AppleWebKit/605.1.15 (KHTML, like Gecko) GSA/278.0.557984068 Mobile/15E148 Safari/604.1",{},URL Event 1 for Study 313699,3adbd099-61ef-4016-90e0-d68f3e5f07c7,{},Have you read this book?,"Yes, I'm reading it now",1,,,,,,,,,,,,,,,,,,,,,,,,,,,,,,,,,,,,,,,,,,,,,,,,,,,,,,,,we-begin-at-the-end,,,,,,,Visitor,,,
372491,[BHB] Book Like / Visitors,9436c5eb-152b-45a0-b396-3aa0d458b7c3,https://www.supersummary.com/theo-of-golden/summary/,07/12/2026 02:28:06,07/12/2026 02:29:12,,,Android,Chrome,"Mozilla/5.0 (Linux; Android 10; K) AppleWebKit/537.36 (KHTML, like Gecko) Chrome/150.0.0.0 Mobile Safari/537.36",{},URL Event 1 for Study 313699,f2b45236-dfb3-4bfb-b467-071ed5c82039,{},Have you read this book?,"Yes, I recently finished it",2,,Is this the kind of book you usually read?,"Yes, very typical for me",1,How did you find this book?,Recommended by a friend/family member,1,0,0,0,0,0,0,0,,"If you saw a list of books similar to what you're reading (or just finished),
what would you want to see beyond the title and author?",Where to read or buy it,0,0,0,0,0,0,0,1,0,,"When you're looking for a book similar to one you liked, what matters most to
you?",[skipped by user],,,,,,,,Where do you usually go to find your next book?,[skipped by user],,,,,,,,,,,,,,,,,,theo-of-golden,,,,,,,Visitor,,,
372491,[BHB] Book Like / Visitors,1dd3ed79-ef21-41ca-be2a-344aecaea5c2,https://www.supersummary.com/the-murmur-of-bees/summary/,07/12/2026 02:19:41,07/12/2026 02:19:56,,,iOS,GSA,"Mozilla/5.0 (iPhone; CPU iPhone OS 26_5_2 like Mac OS X) AppleWebKit/605.1.15 (KHTML, like Gecko) GSA/428.4.939275213 Mobile/15E148 Safari/604.1",{},URL Event 1 for Study 313699,c7860e79-f676-4967-ace2-fe60b0216aa6,{},Have you read this book?,Other,5,I’m in the process of reading it,,,,,,,,,,,,,,,,,,,,,,,,,,,,,,,,,,,,Where do you usually go to find your next book?,Book club reads usually,Book Clubs,,1,,,,,,,,,,,,,,,the-murmur-of-bees,,,,,,,Visitor,,,
372491,[BHB] Book Like / Visitors,760b54de-ce30-4e58-9789-089404f7f163,https://www.supersummary.com/this-book-made-me-think-of-you/parts-4-6-summary/#guide_page_title,07/12/2026 02:13:33,,,,iOS,Mobile Safari,"Mozilla/5.0 (iPhone; CPU iPhone OS 18_7 like Mac OS X) AppleWebKit/605.1.15 (KHTML, like Gecko) Version/18.7.5 Mobile/15E148 Safari/604.1",{},URL Event 1 for Study 313699,21d3b27f-3ab7-405d-9d4e-2a9d2c42cc30,{},Have you read this book?,"Yes, I'm reading it now",1,,Is this the kind of book you usually read?,Somewhat—it has some familiar elements,2,How did you find this book?,Recommended by a friend/family member,1,0,0,0,0,0,0,0,,"If you saw a list of books similar to what you're reading (or just finished),
what would you want to see beyond the title and author?","Why it's similar (shared plot, theme, or mood), A match score (e.g., ""92% similar"")",1,1,0,0,0,0,0,0,0,,,,,,,,,,,,,,,,,,,,,,,,,,,,,,this-book-made-me-think-of-you,,,,,,,Visitor,,,
372491,[BHB] Book Like / Visitors,fd9df941-36f9-45d3-a11e-dfa4e434e190,https://www.supersummary.com/the-frozen-river/part-6-summary/#guide_page_title,07/12/2026 02:05:22,,,,iOS,Chrome,"Mozilla/5.0 (iPhone; CPU iPhone OS 26_5_0 like Mac OS X) AppleWebKit/605.1.15 (KHTML, like Gecko) CriOS/150.0.7871.51 Mobile/15E148 Safari/604.1",{},URL Event 1 for Study 313699,6e5a51d9-e5ba-4d6c-bd68-f8f8abca3e0b,{},Have you read this book?,"Yes, I recently finished it",2,,,,,,,,,,,,,,,,,,,,,,,,,,,,,,,,,,,,,,,,,,,,,,,,,,,,,,,,the-frozen-river,,,,,,,Visitor,,,
372491,[BHB] Book Like / Visitors,41f40e3e-5cab-4f11-a111-5ca62c4ea689,https://www.supersummary.com/the-master-builder/summary/,07/12/2026 01:36:21,,,,iOS,Mobile Safari,"Mozilla/5.0 (iPhone; CPU iPhone OS 15_8_7 like Mac OS X) AppleWebKit/605.1.15 (KHTML, like Gecko) Version/15.6.8 Mobile/15E148 Safari/604.1",{},URL Event 1 for Study 313699,8e25c336-0ea3-4ed3-b5f9-5ec90b7c846f,{},Have you read this book?,"No, I’m considering reading it",3,,,,,,,,,,,,,,,,,,,,,,,,,,,,,,,,,,,,,,,,,,,,,,,,,,,,,,,,,,,,,,,Visitor,,,
372491,[BHB] Book Like / Visitors,7e160e84-a7f9-471c-a03e-a74e107e76f7,https://www.supersummary.com/the-bamboo-dancers/summary/,07/12/2026 01:33:41,,,,Android,Chrome,"Mozilla/5.0 (Linux; Android 10; K) AppleWebKit/537.36 (KHTML, like Gecko) Chrome/150.0.0.0 Mobile Safari/537.36",{},URL Event 1 for Study 313699,e9f6a32f-7986-4d21-9c7a-bd06a93f45b8,{},Have you read this book?,"Yes, I recently finished it",2,,Is this the kind of book you usually read?,"No, this is a departure from what I usually read",3,,,,,,,,,,,,,,,,,,,,,,,,,,,,,,,,,,,,,,,,,,,,,,,,,,,,the-bamboo-dancers,,,,,,,Visitor,,,
372491,[BHB] Book Like / Visitors,68c69b97-31bd-4051-9cce-54a655bf62de,https://www.supersummary.com/brave-new-world/summary/,07/12/2026 00:58:47,07/12/2026 00:59:51,,,Android,Firefox,Mozilla/5.0 (Android 16; Mobile; rv:152.0) Gecko/152.0 Firefox/152.0,{},URL Event 1 for Study 313699,f73d5059-e0f4-4359-aa93-8f49a6b5cc45,{},Have you read this book?,"Yes, I'm reading it now",1,,Is this the kind of book you usually read?,"No, this is a departure from what I usually read",3,How did you find this book?,"Saw it on a bestseller/trending list, Recognized the author, Searched for it specifically",0,0,0,1,1,1,0,0,,"If you saw a list of books similar to what you're reading (or just finished),
what would you want to see beyond the title and author?",Something else,0,0,0,0,0,0,0,0,1,No,"When you're looking for a book similar to one you liked, what matters most to
you?",If I like it,Author Preference,1,,,,,,Where do you usually go to find your next book?,[skipped by user],,,,,,,,,,,,,,,,,,brave-new-world,,,,,,,Visitor,,,
372491,[BHB] Book Like / Visitors,9f13ae06-84f2-483a-830a-652f8b474dbc,https://www.supersummary.com/john-of-john/summary/#guide_page_title,07/11/2026 23:32:17,07/11/2026 23:33:29,,,iOS,Mobile Safari,"Mozilla/5.0 (iPhone; CPU iPhone OS 18_7 like Mac OS X) AppleWebKit/605.1.15 (KHTML, like Gecko) Version/26.5.2 Mobile/15E148 Safari/604.1",{},URL Event 1 for Study 313699,2b6c628c-90ef-4557-ab31-415e4060aa30,{},Have you read this book?,"Yes, I'm reading it now",1,,Is this the kind of book you usually read?,"Yes, very typical for me",1,How did you find this book?,"Searched for it specifically, Other",0,0,0,0,0,1,0,1,Oprah,"If you saw a list of books similar to what you're reading (or just finished),
what would you want to see beyond the title and author?",Something else,0,0,0,0,0,0,0,0,1,Not sure,"When you're looking for a book similar to one you liked, what matters most to
you?",Don’t know,,,,,,,,Where do you usually go to find your next book?,Libby,Audiobooks,1,,,,,,,,,,,,,,,,,,,,,,,Visitor,,,
372491,[BHB] Book Like / Visitors,4ba68157-029e-4f06-8b28-1876c8c4b5ee,https://www.supersummary.com/when-you-reach-me/summary/,07/11/2026 23:12:08,,,,iOS,Mobile Safari,"Mozilla/5.0 (iPhone; CPU iPhone OS 18_7 like Mac OS X) AppleWebKit/605.1.15 (KHTML, like Gecko) Version/26.5 Mobile/15E148 Safari/604.1",{},URL Event 1 for Study 313699,1bad7bf5-2667-499d-8fa7-03c5487a0332,{},Have you read this book?,"Yes, I'm reading it now",1,,Is this the kind of book you usually read?,Not sure,4,,,,,,,,,,,,,,,,,,,,,,,,,,,,,,,,,,,,,,,,,,,,,,,,,,,,when-you-reach-me,,,,,,,Visitor,,,
372491,[BHB] Book Like / Visitors,27825040-9ffa-42ec-b15e-17f343a45d91,https://www.supersummary.com/we/summary/,07/11/2026 19:53:25,,,,Windows,Edge,"Mozilla/5.0 (Windows NT 10.0; Win64; x64) AppleWebKit/537.36 (KHTML, like Gecko) Chrome/149.0.0.0 Safari/537.36 Edg/149.0.0.0",{},URL Event 1 for Study 313699,d6542274-6379-437b-a4ca-9544cc10d98a,{},Have you read this book?,"Yes, I'm reading it now",1,,,,,,,,,,,,,,,,,,,,,,,,,,,,,,,,,,,,,,,,,,,,,,,,,,,,,,,,,,,,,,,Visitor,,,
372491,[BHB] Book Like / Visitors,f821601f-d6d9-44ce-a96c-f5c070975f83,https://www.supersummary.com/theo-of-golden/chapters-43-54-summary/,07/11/2026 19:39:33,,,,Mac OS,Safari,"Mozilla/5.0 (Macintosh; Intel Mac OS X 10_15_7) AppleWebKit/605.1.15 (KHTML, like Gecko) Version/26.5 Safari/605.1.15",{},URL Event 1 for Study 313699,0fec5bc1-1220-4428-bd1c-a2106847d198,{},Have you read this book?,"Yes, I recently finished it",2,,Is this the kind of book you usually read?,"Yes, very typical for me",1,,,,,,,,,,,,,,,,,,,,,,,,,,,,,,,,,,,,,,,,,,,,,,,,,,,,theo-of-golden,,,,,,,Visitor,,,
372491,[BHB] Book Like / Visitors,1abd3d47-bebc-4f4d-9afb-afd7057defa6,https://www.supersummary.com/fresh-water-for-flowers/summary/?utm_source=google&utm_medium=cpc&utm_campaign=15170576117&utm_content=136161102464&utm_term=&gad_source=1&gad_campaignid=15170576117&gbraid=0AAAAADhUVAqOG6Cy-SXtAvProKOHKbqJw&gclid=CjwKCAjw08fSBhA7EiwAfbQTsBhA8ofnYDkpNIfLvyq8gK0vI-lFy1uvmnTKcCFN5GZk__OqKEHQUhoCnCIQAvD_BwE,07/11/2026 19:01:35,07/11/2026 19:03:11,,,iOS,GSA,"Mozilla/5.0 (iPhone; CPU iPhone OS 26_5_0 like Mac OS X) AppleWebKit/605.1.15 (KHTML, like Gecko) GSA/428.4.939275213 Mobile/15E148 Safari/604.1",{},URL Event 1 for Study 313699,fdb3514b-0945-47b9-8572-0f8ae4eeb56b,{},Have you read this book?,"Yes, I recently finished it",2,,Is this the kind of book you usually read?,"No, this is a departure from what I usually read",3,How did you find this book?,Recommended by a friend/family member,1,0,0,0,0,0,0,0,,"If you saw a list of books similar to what you're reading (or just finished),
what would you want to see beyond the title and author?",Reader ratings or reviews,0,0,0,1,0,0,0,0,0,,"When you're looking for a book similar to one you liked, what matters most to
you?",If it is recommended by people si tryst,Recommendations,,,,,1,,Where do you usually go to find your next book?,Online,Online Platforms,,,,,1,,,,,,,,,,,,fresh-water-for-flowers,,,,,,,,,,
372491,[BHB] Book Like / Visitors,2e8071af-339d-454b-bda7-a198dfbd5bd5,https://www.supersummary.com/the-love-songs-of-w-e-b-du-bois/part-9-and-song-7-summary/#guide_page_title,07/11/2026 18:55:46,,,,iOS,Mobile Safari,"Mozilla/5.0 (iPhone; CPU iPhone OS 18_7 like Mac OS X) AppleWebKit/605.1.15 (KHTML, like Gecko) Version/18.7.5 Mobile/15E148 Safari/604.1",{},URL Event 1 for Study 313699,3e468408-6194-4301-89cf-1432b91c0627,{},Have you read this book?,"Yes, I'm reading it now",1,,Is this the kind of book you usually read?,"Yes, very typical for me",1,How did you find this book?,Read a summary/review and it sounded like the kind of book I like,0,0,1,0,0,0,0,0,,"If you saw a list of books similar to what you're reading (or just finished),
what would you want to see beyond the title and author?","Why it's similar (shared plot, theme, or mood)",1,0,0,0,0,0,0,0,0,,,,,,,,,,,,,,,,,,,,,,,,,,,,,,the-love-songs-of-w-e-b-du-bois,,,,,,,Visitor,,,
372491,[BHB] Book Like / Visitors,22321150-a3f6-4df1-b1da-b59201b256d2,https://www.supersummary.com/11-22-63/part-4-chapters-14-16-summary/,07/11/2026 18:24:08,,,,iOS,GSA,"Mozilla/5.0 (iPhone; CPU iPhone OS 26_5_0 like Mac OS X) AppleWebKit/605.1.15 (KHTML, like Gecko) GSA/428.4.939275213 Mobile/15E148 Safari/604.1",{},URL Event 1 for Study 313699,ce9d4ef0-a33d-4f2e-9e80-c3b179b63c88,{},Have you read this book?,"Yes, I'm reading it now",1,,Is this the kind of book you usually read?,"Yes, very typical for me",1,How did you find this book?,Recognized the author,0,0,0,0,1,0,0,0,,"If you saw a list of books similar to what you're reading (or just finished),
what would you want to see beyond the title and author?",Whether it's part of a series,0,0,0,0,0,0,1,0,0,,,,,,,,,,,,,,,,,,,,,,,,,,,,,,11-22-63,,,,,,,Visitor,,,
372491,[BHB] Book Like / Visitors,e0a52d68-2739-4996-a43d-ee2bf64927f8,https://www.supersummary.com/culpability/summary/#guide_page_title,07/11/2026 17:55:22,,,,iOS,Mobile Safari,"Mozilla/5.0 (iPhone; CPU iPhone OS 18_7 like Mac OS X) AppleWebKit/605.1.15 (KHTML, like Gecko) Version/26.5 Mobile/15E148 Safari/604.1",{},URL Event 1 for Study 313699,652392a8-1d64-4bd7-aa6b-3be8adba1be9,{},Have you read this book?,"No, I’m considering reading it",3,,Is this the kind of book you usually read?,Not sure,4,,,,,,,,,,,,,,,,,,,,,,,,,,,,,,,,,,,,,,,,,,,,,,,,,,,,culpability,,,,,,,Visitor,,,
372491,[BHB] Book Like / Visitors,3b8722aa-68c8-4051-b4da-ff26f77048a0,https://www.supersummary.com/by-any-other-name-jodi-picoult/summary/?utm_source=google&utm_medium=cpc&utm_campaign=22777360728&utm_content=&utm_term=&gad_source=1&gad_campaignid=22777363182&gbraid=0AAAAADhUVApBO0iQGrwvU26bD-lDXfK-A&gclid=CjwKCAjw08fSBhA7EiwAfbQTsH7aGx-FCrrPcNTmaqmtwrJi78RMeLa94iaBvgzQjxa2hnCtPCB3uBoCRFQQAvD_BwE,07/11/2026 17:49:35,07/11/2026 17:50:07,,,Windows,Chrome,"Mozilla/5.0 (Windows NT 10.0; Win64; x64) AppleWebKit/537.36 (KHTML, like Gecko) Chrome/150.0.0.0 Safari/537.36",{},URL Event 1 for Study 313699,c7713405-5a7d-42ca-a0ba-312522257c61,{},Have you read this book?,"Yes, I recently finished it",2,,Is this the kind of book you usually read?,"No, this is a departure from what I usually read",3,How did you find this book?,Recommended by a friend/family member,1,0,0,0,0,0,0,0,,"If you saw a list of books similar to what you're reading (or just finished),
what would you want to see beyond the title and author?","Reader ratings or reviews, Whether it's part of a series",0,0,0,1,0,0,1,0,0,,"When you're looking for a book similar to one you liked, what matters most to
you?",[skipped by user],,,,,,,,Where do you usually go to find your next book?,[skipped by user],,,,,,,,,,,,,,,,,,by-any-other-name-jodi-picoult,,,,,,,Visitor,,,
372491,[BHB] Book Like / Visitors,180beff0-8b9b-48fe-8142-1765ce58c570,https://www.supersummary.com/good-inside/part-2-chapters-11-15-summary/#guide_page_title,07/11/2026 17:32:17,07/11/2026 17:32:35,,,iOS,Mobile Safari,"Mozilla/5.0 (iPhone; CPU iPhone OS 18_7 like Mac OS X) AppleWebKit/605.1.15 (KHTML, like Gecko) Version/26.5 Mobile/15E148 Safari/604.1",{},URL Event 1 for Study 313699,c8d79681-f8f4-4523-befc-1792c99e6dcd,{},Have you read this book?,"Yes, I recently finished it",2,,Is this the kind of book you usually read?,"Yes, very typical for me",1,How did you find this book?,Saw it on a bestseller/trending list,0,0,0,1,0,0,0,0,,"If you saw a list of books similar to what you're reading (or just finished),
what would you want to see beyond the title and author?",Genre or subgenre,0,0,1,0,0,0,0,0,0,,"When you're looking for a book similar to one you liked, what matters most to
you?",[skipped by user],,,,,,,,Where do you usually go to find your next book?,[skipped by user],,,,,,,,,,,,,,,,,,,,,,,,,Visitor,,,
372491,[BHB] Book Like / Visitors,8df406a5-f350-4174-84b6-ee650874545c,https://www.supersummary.com/how-to-read-a-book-wood/summary/#guide_page_title,07/11/2026 17:12:12,07/11/2026 17:12:55,1588134,,iOS,Mobile Safari,"Mozilla/5.0 (iPhone; CPU iPhone OS 18_7 like Mac OS X) AppleWebKit/605.1.15 (KHTML, like Gecko) Version/26.5 Mobile/15E148 Safari/604.1",{},URL Event 1 for Study 313699,227d6994-c176-48f8-96e4-ed29e4e93671,{},Have you read this book?,"Yes, I recently finished it",2,,Is this the kind of book you usually read?,"No, this is a departure from what I usually read",3,How did you find this book?,Recommended by a friend/family member,1,0,0,0,0,0,0,0,,"If you saw a list of books similar to what you're reading (or just finished),
what would you want to see beyond the title and author?","Genre or subgenre, Reader ratings or reviews",0,0,1,1,0,0,0,0,0,,"When you're looking for a book similar to one you liked, what matters most to
you?",[skipped by user],,,,,,,,Where do you usually go to find your next book?,[skipped by user],,,,,,,,,,other,u_41b974567ef8e28a,,,,,,,,,,,,,,Non Converter,,0,
372491,[BHB] Book Like / Visitors,3569009d-1f90-4b57-b17d-32d5a9cf7fed,https://www.supersummary.com/the-grey-wolf/summary/,07/11/2026 16:49:06,07/11/2026 16:49:26,,,Android,Samsung Internet,"Mozilla/5.0 (Linux; Android 10; K) AppleWebKit/537.36 (KHTML, like Gecko) SamsungBrowser/30.0 Chrome/143.0.0.0 Mobile Safari/537.36",{},URL Event 1 for Study 313699,df06033f-2422-4350-be85-80ad222b1d1a,{},Have you read this book?,"Yes, I recently finished it",2,,Is this the kind of book you usually read?,"Yes, very typical for me",1,How did you find this book?,Searched for it specifically,0,0,0,0,0,1,0,0,,"If you saw a list of books similar to what you're reading (or just finished),
what would you want to see beyond the title and author?","Content or maturity warnings, Whether it's part of a series",0,0,0,0,0,1,1,0,0,,"When you're looking for a book similar to one you liked, what matters most to
you?",[skipped by user],,,,,,,,Where do you usually go to find your next book?,[skipped by user],,,,,,,,,,,,,,,,,,the-grey-wolf,,,,,,,Visitor,,,
372491,[BHB] Book Like / Visitors,b4b6a98b-f1f3-4a34-989b-b973eee1ff08,https://www.supersummary.com/god-emperor-of-dune/summary/?searchId=cb084928-96ba-42e7-8a6b-5651ff647871&searchPosition=1,07/11/2026 15:22:39,,1456721,,iOS,Chrome,"Mozilla/5.0 (iPhone; CPU iPhone OS 26_5_2 like Mac OS X) AppleWebKit/605.1.15 (KHTML, like Gecko) CriOS/150.0.7871.51 Mobile/15E148 Safari/604.1",{},URL Event 1 for Study 313699,c610f3cf-b2c3-40f5-891d-96338668ca26,{},Have you read this book?,"Yes, I'm reading it now",1,,,,,,,,,,,,,,,,,,,,,,,,,,,,,,,,,,,,,,,,,,,,,,,,student,u_ee8466648c58cc9b,,,,,,,god-emperor-of-dune,,,,,,,Non Converter,,0,
372491,[BHB] Book Like / Visitors,eb21dea1-2055-4950-b8a2-623b96d3db90,https://www.supersummary.com/the-phantom-tollbooth/chapters-9-13-summary/,07/11/2026 15:14:25,,,,Mac OS,Safari,"Mozilla/5.0 (Macintosh; Intel Mac OS X 10_15_7) AppleWebKit/605.1.15 (KHTML, like Gecko) Version/26.5 Safari/605.1.15",{},URL Event 1 for Study 313699,35040d2f-067e-462a-a54c-941e86f307f4,{},Have you read this book?,"Yes, I recently finished it",2,,Is this the kind of book you usually read?,"No, this is a departure from what I usually read",3,How did you find this book?,Recommended by a friend/family member,1,0,0,0,0,0,0,0,,"If you saw a list of books similar to what you're reading (or just finished),
what would you want to see beyond the title and author?","Why it's similar (shared plot, theme, or mood)",1,0,0,0,0,0,0,0,0,,"When you're looking for a book similar to one you liked, what matters most to
you?",[skipped by user],,,,,,,,,,,,,,,,,,,,,,,,,,,the-phantom-tollbooth,,,,,,,Visitor,,,
372491,[BHB] Book Like / Visitors,1be1f5a7-64ce-46aa-99c4-f365dbe86309,https://www.supersummary.com/the-names-florence-knapp/summary/,07/11/2026 15:08:22,,,,iOS,Mobile Safari,"Mozilla/5.0 (iPhone; CPU iPhone OS 18_7 like Mac OS X) AppleWebKit/605.1.15 (KHTML, like Gecko) Version/26.5.2 Mobile/15E148 Safari/604.1",{},URL Event 1 for Study 313699,98ee3c36-3d81-4ae0-9caf-54cad582a1f7,{},Have you read this book?,"Yes, I recently finished it",2,,Is this the kind of book you usually read?,"No, this is a departure from what I usually read",3,How did you find this book?,Random browsing / stumbled on it,0,0,0,0,0,0,1,0,,"If you saw a list of books similar to what you're reading (or just finished),
what would you want to see beyond the title and author?",Genre or subgenre,0,0,1,0,0,0,0,0,0,,,,,,,,,,,,,,,,,,,,,,,,,,,,,,the-names-florence-knapp,,,,,,,Visitor,,,
372491,[BHB] Book Like / Visitors,0d7278be-11c7-4e8d-9d8f-59b9d2a380e4,https://www.supersummary.com/the-yield/chapters-1-10-summary/,07/11/2026 13:30:34,,,,Windows,Edge,"Mozilla/5.0 (Windows NT 10.0; Win64; x64) AppleWebKit/537.36 (KHTML, like Gecko) Chrome/150.0.0.0 Safari/537.36 Edg/150.0.0.0",{},URL Event 1 for Study 313699,0618a62f-75c8-4df3-923c-bdd9ce5ee767,{},Have you read this book?,"Yes, I recently finished it",2,,Is this the kind of book you usually read?,"No, this is a departure from what I usually read",3,,,,,,,,,,,,,,,,,,,,,,,,,,,,,,,,,,,,,,,,,,,,,,,,,,,,,,,,,,,Visitor,,,
372491,[BHB] Book Like / Visitors,41575a22-516f-4b25-bd2e-3ba6657b4110,https://www.supersummary.com/eight-perfect-murders/chapters-1-7-summary/,07/11/2026 13:04:31,,,,iOS,GSA,"Mozilla/5.0 (iPhone; CPU iPhone OS 26_5_0 like Mac OS X) AppleWebKit/605.1.15 (KHTML, like Gecko) GSA/428.4.939275213 Mobile/15E148 Safari/604.1",{},URL Event 1 for Study 313699,f67893ec-7cd6-4303-80bd-dfd524d7fcd4,{},Have you read this book?,"Yes, I'm reading it now",1,,Is this the kind of book you usually read?,"Yes, very typical for me",1,How did you find this book?,Saw it on a bestseller/trending list,0,0,0,1,0,0,0,0,,"If you saw a list of books similar to what you're reading (or just finished),
what would you want to see beyond the title and author?",Something else,0,0,0,0,0,0,0,0,1,Brief synopsis,"When you're looking for a book similar to one you liked, what matters most to
you?",[skipped by user],,,,,,,,,,,,,,,,,,,,,,,,,,,,,,,,,,Visitor,,,
372491,[BHB] Book Like / Visitors,d3e8e622-df1b-4342-a532-0b66e48e5dfd,https://www.supersummary.com/wildfire-grace/summary/,07/11/2026 12:55:53,,,,Android,Samsung Internet,"Mozilla/5.0 (Linux; Android 10; K) AppleWebKit/537.36 (KHTML, like Gecko) SamsungBrowser/29.0 Chrome/136.0.0.0 Mobile Safari/537.36",{},URL Event 1 for Study 313699,20f833f3-c83f-4666-aeea-37e846701c5c,{},Have you read this book?,"No, I’m considering reading it",3,,Is this the kind of book you usually read?,"No, this is a departure from what I usually read",3,How did you find this book?,Saw it on a bestseller/trending list,0,0,0,1,0,0,0,0,,,,,,,,,,,,,,,,,,,,,,,,,,,,,,,,,,,,,,,,,,,,,,,,,Visitor,,,
372491,[BHB] Book Like / Visitors,2c99e623-9822-4fc0-a3e6-bd6d57a5eb44,https://www.supersummary.com/binding-13/summary/?searchId=dc666eea-6b3c-486d-aca7-aca540a08f77&searchPosition=1,07/11/2026 12:12:58,07/11/2026 12:13:12,,,iOS,GSA,"Mozilla/5.0 (iPhone; CPU iPhone OS 26_5_0 like Mac OS X) AppleWebKit/605.1.15 (KHTML, like Gecko) GSA/428.4.939275213 Mobile/15E148 Safari/604.1",{},URL Event 1 for Study 313699,8218bae2-7bfb-4794-ae97-ff9656f753c4,{},Have you read this book?,Other,5,"Yes, I read it a while back",,,,,,,,,,,,,,,,,,,,,,,,,,,,,,,,,,,,Where do you usually go to find your next book?,Goodreads or TikTok,Online Platforms,,,,,1,,,,,,,,,,,,not-quite-dead-yet,,,,,,,Visitor,,,
372491,[BHB] Book Like / Visitors,5a68ed4c-f9f7-4a88-95de-0bc8d93c3386,https://www.supersummary.com/the-correspondent/summary/?utm_source=google&utm_medium=cpc&utm_campaign=22777360728&utm_content=&utm_term=&gad_source=1&gad_campaignid=22777363182&gbraid=0AAAAADhUVApBO0iQGrwvU26bD-lDXfK-A&gclid=EAIaIQobChMIqre2n8vKlQMVngatBh0KyAfjEAAYAiAAEgLanvD_BwE,07/11/2026 12:09:51,,,,Mac OS,Safari,"Mozilla/5.0 (Macintosh; Intel Mac OS X 10_15_7) AppleWebKit/605.1.15 (KHTML, like Gecko) Version/26.5 Safari/605.1.15",{},URL Event 1 for Study 313699,8176de6c-24c3-4092-9451-d34a107865f2,{},Have you read this book?,"Yes, I recently finished it",2,,Is this the kind of book you usually read?,Somewhat—it has some familiar elements,2,How did you find this book?,Recommended by a friend/family member,1,0,0,0,0,0,0,0,,"If you saw a list of books similar to what you're reading (or just finished),
what would you want to see beyond the title and author?",Reader ratings or reviews,0,0,0,1,0,0,0,0,0,,,,,,,,,,,,,,,,,,,,,,,,,,,,,,the-correspondent,,,,,,,Visitor,,,
372491,[BHB] Book Like / Visitors,a0d46c71-8725-46e8-9a4f-940039bf3a8d,https://www.supersummary.com/the-compound-effect/chapter-3-summary/#guide_page_title,07/11/2026 09:57:18,,,,iOS,Mobile Safari,"Mozilla/5.0 (iPhone; CPU iPhone OS 18_7 like Mac OS X) AppleWebKit/605.1.15 (KHTML, like Gecko) Version/26.5 Mobile/15E148 Safari/604.1",{},URL Event 1 for Study 313699,96eff4a0-7aa4-416e-b1a2-786b0d6428e1,{},Have you read this book?,"Yes, I recently finished it",2,,,,,,,,,,,,,,,,,,,,,,,,,,,,,,,,,,,,,,,,,,,,,,,,,,,,,,,,the-compound-effect,,,,,,,Visitor,,,
372491,[BHB] Book Like / Visitors,0100fb51-1d25-47af-99b5-72ad894b28e3,https://www.supersummary.com/the-names-florence-knapp/summary/?utm_source=google&utm_medium=cpc&utm_campaign=22777360728&utm_content=&utm_term=&gad_source=1&gad_campaignid=22777363182&gclid=CjwKCAjw08fSBhA7EiwAfbQTsDHgV2rzB_pWKtkZOwRVCUtzqCgt4OOGZsVCSLEw3EnaBBVfkwIqchoCzJAQAvD_BwE,07/11/2026 09:05:36,,,,Android,Chrome,"Mozilla/5.0 (Linux; Android 10; K) AppleWebKit/537.36 (KHTML, like Gecko) Chrome/150.0.0.0 Mobile Safari/537.36",{},URL Event 1 for Study 313699,21e6e494-f9a5-444f-889b-221cc38403e3,{},Have you read this book?,"No, I’m considering reading it",3,,Is this the kind of book you usually read?,Not sure,4,How did you find this book?,Saw it on a bestseller/trending list,0,0,0,1,0,0,0,0,,,,,,,,,,,,,,,,,,,,,,,,,,,,,,,,,,,,,,,,,,,,,,,,,Visitor,,,
372491,[BHB] Book Like / Visitors,72bfa0cd-fe78-47a9-b29c-ff8467113bd5,https://www.supersummary.com/the-light-between-oceans/chapters-30-34-summary/,07/11/2026 09:02:46,,,,iOS,Mobile Safari,"Mozilla/5.0 (iPhone; CPU iPhone OS 18_7 like Mac OS X) AppleWebKit/605.1.15 (KHTML, like Gecko) Version/26.5 Mobile/15E148 Safari/604.1",{},URL Event 1 for Study 313699,5b0532bd-c37d-4d4d-b2b0-cede584c6f5f,{},Have you read this book?,"No, this is for someone else (school, gift, etc.)",4,,,,,,,,,,,,,,,,,,,,,,,,,,,,,,,,,,,,,,,,,,,,,,,,,,,,,,,,the-light-between-oceans,,,,,,,Visitor,,,
372491,[BHB] Book Like / Visitors,64bcccb5-277f-4197-8fda-97a45f64b597,https://www.supersummary.com/audition-katie-kitamura/summary/?searchId=b0115ce4-907e-4e19-bc7b-d1169529782e&searchPosition=1,07/11/2026 08:39:34,07/11/2026 08:42:16,,,iOS,Mobile Safari,"Mozilla/5.0 (iPhone; CPU iPhone OS 18_7 like Mac OS X) AppleWebKit/605.1.15 (KHTML, like Gecko) Version/26.5 Mobile/15E148 Safari/604.1",{},URL Event 1 for Study 313699,903ffa8c-cf12-460c-9691-f579027206c3,{},Have you read this book?,"Yes, I'm reading it now",1,,Is this the kind of book you usually read?,"No, this is a departure from what I usually read",3,How did you find this book?,"Recommended by an app, site, or algorithm (Goodreads, TikTok, Amazon, etc.) because it's similar to books I liked",0,1,0,0,0,0,0,0,,"If you saw a list of books similar to what you're reading (or just finished),
what would you want to see beyond the title and author?","A match score (e.g., ""92% similar""), Genre or subgenre, Page count or estimated reading time, Whether it's part of a series",0,1,1,0,1,0,1,0,0,,"When you're looking for a book similar to one you liked, what matters most to
you?","Genre, novelty, good writing",Writing Quality,,,,,,1,Where do you usually go to find your next book?,"Recs on facebook reels, friends, Book Girls book guides",Recommendations,,,,,,1,,,,,,,,,,,just-the-nicest-couple,,,,,,,Visitor,,,
372491,[BHB] Book Like / Visitors,8a587ce3-fd5c-4f78-98ec-cca3307dfedf,https://www.supersummary.com/everyone-in-my-family-has-killed-someone/summary/,07/11/2026 08:33:45,,,,iOS,Mobile Safari,"Mozilla/5.0 (iPhone; CPU iPhone OS 18_7 like Mac OS X) AppleWebKit/605.1.15 (KHTML, like Gecko) Version/26.5 Mobile/15E148 Safari/604.1",{},URL Event 1 for Study 313699,a3ae0887-5683-4b67-bc21-dec1c5591319,{},Have you read this book?,"Yes, I recently finished it",2,,Is this the kind of book you usually read?,Somewhat—it has some familiar elements,2,How did you find this book?,Random browsing / stumbled on it,0,0,0,0,0,0,1,0,,,,,,,,,,,,,,,,,,,,,,,,,,,,,,,,,,other,,,,,,,,everyone-in-my-family-has-killed-someone,,,,,,,Visitor,,,
372491,[BHB] Book Like / Visitors,7f0c322d-8ef7-4662-b6e5-a03232fd3b8c,https://www.supersummary.com/beach-read/chapters-23-25-summary/#guide_page_title,07/11/2026 08:25:10,07/11/2026 08:26:44,,,iOS,Chrome,"Mozilla/5.0 (iPhone; CPU iPhone OS 26_5_2 like Mac OS X) AppleWebKit/605.1.15 (KHTML, like Gecko) CriOS/150.0.7871.113 Mobile/15E148 Safari/604.1",{},URL Event 1 for Study 313699,ebd49d4b-0e08-4dca-8903-90a68072f5e9,{},Have you read this book?,"Yes, I recently finished it",2,,Is this the kind of book you usually read?,"No, this is a departure from what I usually read",3,How did you find this book?,Recommended by a friend/family member,1,0,0,0,0,0,0,0,,"If you saw a list of books similar to what you're reading (or just finished),
what would you want to see beyond the title and author?",Reader ratings or reviews,0,0,0,1,0,0,0,0,0,,"When you're looking for a book similar to one you liked, what matters most to
you?",That it is a good book,Writing Quality,,,,,,1,Where do you usually go to find your next book?,Good read,Online Platforms,,,,,1,,,,,,,,,,,,beach-read,,,,,,,Visitor,,,
372491,[BHB] Book Like / Visitors,f81c2b1b-9049-4cba-8987-13a0e6cb7172,https://www.supersummary.com/god-of-malice/summary/,07/11/2026 08:17:39,07/11/2026 08:18:28,,,Linux,Chrome,"Mozilla/5.0 (X11; Linux x86_64) AppleWebKit/537.36 (KHTML, like Gecko) Chrome/150.0.0.0 Safari/537.36",{},URL Event 1 for Study 313699,fb3fff47-a59a-463d-9977-2b74c9c9876e,{},Have you read this book?,"Yes, I'm reading it now",1,,Is this the kind of book you usually read?,"Yes, very typical for me",1,How did you find this book?,Recommended by a friend/family member,1,0,0,0,0,0,0,0,,"If you saw a list of books similar to what you're reading (or just finished),
what would you want to see beyond the title and author?",Reader ratings or reviews,0,0,0,1,0,0,0,0,0,,"When you're looking for a book similar to one you liked, what matters most to
you?",Yes,,,,,,,,Where do you usually go to find your next book?,Online,Online Platforms,,,,,1,,,,,,,,,,,,,,,,,,,Visitor,,,
372491,[BHB] Book Like / Visitors,062e6dbc-ba9c-45fa-825a-443facc16be0,https://www.supersummary.com/my-husbands-wife/chapters-1-10-summary/#guide_page_title,07/11/2026 07:16:06,07/11/2026 07:17:14,,,iOS,GSA,"Mozilla/5.0 (iPhone; CPU iPhone OS 26_5_0 like Mac OS X) AppleWebKit/605.1.15 (KHTML, like Gecko) GSA/428.4.939275213 Mobile/15E148 Safari/604.1",{},URL Event 1 for Study 313699,6cf20970-a8a0-4ff4-a43f-5cadcaa39640,{},Have you read this book?,"Yes, I'm reading it now",1,,Is this the kind of book you usually read?,Somewhat—it has some familiar elements,2,How did you find this book?,Saw it on a bestseller/trending list,0,0,0,1,0,0,0,0,,"If you saw a list of books similar to what you're reading (or just finished),
what would you want to see beyond the title and author?","A match score (e.g., ""92% similar"")",0,1,0,0,0,0,0,0,0,,"When you're looking for a book similar to one you liked, what matters most to
you?",[skipped by user],,,,,,,,Where do you usually go to find your next book?,Audible,Audiobooks,1,,,,,,,,student,,,,,,,,my-husbands-wife,,,,,,,Visitor,,,
372491,[BHB] Book Like / Visitors,75373a92-88f7-4ffc-b0eb-d9e8f06413d8,https://www.supersummary.com/the-correspondent/summary/,07/11/2026 07:10:35,07/11/2026 07:12:18,,,Mac OS,Safari,"Mozilla/5.0 (Macintosh; Intel Mac OS X 10_15_7) AppleWebKit/605.1.15 (KHTML, like Gecko) Version/26.2 Safari/605.1.15",{},URL Event 1 for Study 313699,ca3583f7-0e17-458e-af4e-3abdaf42c681,{},Have you read this book?,"Yes, I recently finished it",2,,Is this the kind of book you usually read?,"Yes, very typical for me",1,How did you find this book?,Recommended by a friend/family member,1,0,0,0,0,0,0,0,,"If you saw a list of books similar to what you're reading (or just finished),
what would you want to see beyond the title and author?",Reader ratings or reviews,0,0,0,1,0,0,0,0,0,,"When you're looking for a book similar to one you liked, what matters most to
you?",beautiful writing,Writing Quality,,,,,,1,Where do you usually go to find your next book?,anne patchet,,,,,,,,,,,,,,,,,,,,,,,,,Visitor,,,
372491,[BHB] Book Like / Visitors,91107fa5-04a7-414e-b588-72d939407276,https://www.supersummary.com/twisted-love/summary/?searchId=b3db4f02-1d41-4b5e-a246-0744dea0ffea&searchPosition=1,07/11/2026 07:04:33,,,,iOS,Mobile Safari,"Mozilla/5.0 (iPhone; CPU iPhone OS 18_7 like Mac OS X) AppleWebKit/605.1.15 (KHTML, like Gecko) Version/26.5 Mobile/15E148 Safari/604.1",{},URL Event 1 for Study 313699,953a9055-5e82-4d2c-82b3-b2d488d3645a,{},Have you read this book?,"Yes, I recently finished it",2,,,,,,,,,,,,,,,,,,,,,,,,,,,,,,,,,,,,,,,,,,,,,,,,other,,,,,,,,king-of-sloth,,,,,,,Visitor,,,
372491,[BHB] Book Like / Visitors,897b81ee-78fc-4f29-b774-c222d392e91b,https://www.supersummary.com/resurrection-walk/summary/,07/11/2026 06:41:26,,,,iOS,Chrome,"Mozilla/5.0 (iPad; CPU OS 26_5_0 like Mac OS X) AppleWebKit/605.1.15 (KHTML, like Gecko) CriOS/150.0.7871.51 Mobile/15E148 Safari/604.1",{},URL Event 1 for Study 313699,693f3357-1266-4d92-9adc-789fea307e46,{},Have you read this book?,"Yes, I'm reading it now",1,,Is this the kind of book you usually read?,"Yes, very typical for me",1,,,,,,,,,,,,,,,,,,,,,,,,,,,,,,,,,,,,,,,,,,,,,,,,,,,,resurrection-walk,,,,,,,Visitor,,,
372491,[BHB] Book Like / Visitors,5e0de18d-b2c5-442c-b645-381666e7339b,https://www.supersummary.com/shift/summary/,07/11/2026 06:38:39,,,,Android,Chrome,"Mozilla/5.0 (Linux; Android 10; K) AppleWebKit/537.36 (KHTML, like Gecko) Chrome/148.0.0.0 Mobile Safari/537.36",{},URL Event 1 for Study 313699,334e6163-c26f-4b43-b1d6-2a1892887f71,{},Have you read this book?,"No, I’m considering reading it",3,,Is this the kind of book you usually read?,"No, this is a departure from what I usually read",3,,,,,,,,,,,,,,,,,,,,,,,,,,,,,,,,,,,,,,,,,,,,,,,,,,,,shift,,,,,,,Visitor,,,
372491,[BHB] Book Like / Visitors,5bfe8798-de06-455e-9ee6-cb0836ed7132,https://www.supersummary.com/the-last-house-on-needless-street/summary/?utm_source=google&utm_medium=cpc&utm_campaign=22777360728&utm_content=&utm_term=&gad_source=1&gad_campaignid=22777363182&gbraid=0AAAAADhUVApBO0iQGrwvU26bD-lDXfK-A&gclid=Cj0KCQjwsMLSBhD9ARIsAIpUTDokcwpBrGFZCxMKcK9z4U61ZRrhT10OkuC-k4l5FbNsExJdxcEu1W0aAnq-EALw_wcB,07/11/2026 06:27:03,,,,Mac OS,Chrome,"Mozilla/5.0 (Macintosh; Intel Mac OS X 10_15_7) AppleWebKit/537.36 (KHTML, like Gecko) Chrome/147.0.0.0 Safari/537.36",{},URL Event 1 for Study 313699,dfa5e979-4d07-4775-95d4-b1ea4ed173b7,{},Have you read this book?,"Yes, I'm reading it now",1,,,,,,,,,,,,,,,,,,,,,,,,,,,,,,,,,,,,,,,,,,,,,,,,,,,,,,,,the-last-house-on-needless-street,,,,,,,Visitor,,,
372491,[BHB] Book Like / Visitors,f407e99a-dcf5-4ac5-a72b-c9eebbc7b75c,https://www.supersummary.com/saving-6/parts-6-7-summary/?utm_source=chatgpt.com,07/11/2026 06:18:40,,,,iOS,Mobile Safari,"Mozilla/5.0 (iPhone; CPU iPhone OS 18_7 like Mac OS X) AppleWebKit/605.1.15 (KHTML, like Gecko) Version/26.5 Mobile/15E148 Safari/604.1",{},URL Event 1 for Study 313699,95e41983-6395-41ae-a990-c8e008dce3ad,{},Have you read this book?,"Yes, I recently finished it",2,,Is this the kind of book you usually read?,"Yes, very typical for me",1,How did you find this book?,Recognized the author,0,0,0,0,1,0,0,0,,,,,,,,,,,,,,,,,,,,,,,,,,,,,,,,,,,,,,,,,,saving-6,,,,,,,Visitor,,,
372491,[BHB] Book Like / Visitors,314e06b5-760f-4e68-8f78-7b03ca5f9a8f,https://www.supersummary.com/american-war/summary/,07/11/2026 04:31:51,07/11/2026 04:32:30,1698293,,iOS,Mobile Safari,"Mozilla/5.0 (iPhone; CPU iPhone OS 18_7 like Mac OS X) AppleWebKit/605.1.15 (KHTML, like Gecko) Version/18.7.5 Mobile/15E148 Safari/604.1",{},URL Event 1 for Study 313699,c1083d44-2290-442c-82dd-56ff2b1176e0,{},Have you read this book?,"Yes, I'm reading it now",1,,Is this the kind of book you usually read?,Somewhat—it has some familiar elements,2,How did you find this book?,Recommended by a friend/family member,1,0,0,0,0,0,0,0,,"If you saw a list of books similar to what you're reading (or just finished),
what would you want to see beyond the title and author?","Why it's similar (shared plot, theme, or mood), Reader ratings or reviews, Page count or estimated reading time",1,0,0,1,1,0,0,0,0,,"When you're looking for a book similar to one you liked, what matters most to
you?",[skipped by user],,,,,,,,Where do you usually go to find your next book?,[skipped by user],,,,,,,,,,,,,,,,,,american-war,,,,,,,Visitor,,,
372491,[BHB] Book Like / Visitors,2b38a93f-bcce-45d5-b503-963705daf440,https://www.supersummary.com/the-witch-of-blackbird-pond/summary/,07/11/2026 04:23:16,07/11/2026 04:25:23,,,iOS,Chrome,"Mozilla/5.0 (iPhone; CPU iPhone OS 26_5_1 like Mac OS X) AppleWebKit/605.1.15 (KHTML, like Gecko) CriOS/150.0.7871.51 Mobile/15E148 Safari/604.1",{},URL Event 1 for Study 313699,e1e87563-3e0d-453d-937c-c6eebce80f91,{},Have you read this book?,"Yes, I'm reading it now",1,,Is this the kind of book you usually read?,Not sure,4,How did you find this book?,Other,0,0,0,0,0,0,0,1,Book club class,"If you saw a list of books similar to what you're reading (or just finished),
what would you want to see beyond the title and author?",Page count or estimated reading time,0,0,0,0,1,0,0,0,0,,"When you're looking for a book similar to one you liked, what matters most to
you?",Genres personality,Genre and Setting,,,1,,,,Where do you usually go to find your next book?,Library book club or amazon kindle,Online Platforms; Libraries,,,,1,1,,,,,,,,,,,,the-witch-of-blackbird-pond,,,,,,,Visitor,,,
372491,[BHB] Book Like / Visitors,b1f49766-fc17-4577-8c20-b3365c063ea1,https://www.supersummary.com/the-marriage-portrait/summary/,07/11/2026 01:27:29,,,,iOS,Mobile Safari,"Mozilla/5.0 (iPhone; CPU iPhone OS 18_7 like Mac OS X) AppleWebKit/605.1.15 (KHTML, like Gecko) Version/26.5 Mobile/15E148 Safari/604.1",{},URL Event 1 for Study 313699,f5e08588-89a1-4237-8004-9201ce49cc59,{},Have you read this book?,"Yes, I recently finished it",2,,Is this the kind of book you usually read?,Not sure,4,How did you find this book?,Saw it on a bestseller/trending list,0,0,0,1,0,0,0,0,,"If you saw a list of books similar to what you're reading (or just finished),
what would you want to see beyond the title and author?",Reader ratings or reviews,0,0,0,1,0,0,0,0,0,,,,,,,,,,,,,,,,,,,,,,,,,,,,,,,,,,,,,Visitor,,,
372491,[BHB] Book Like / Visitors,544939d0-e4e2-40f4-8cbf-9c7866364edd,https://www.supersummary.com/yesteryear-caro-claire-burke/part-1-summary/#guide_page_title,07/11/2026 00:50:04,,,,iOS,Mobile Safari,"Mozilla/5.0 (iPhone; CPU iPhone OS 18_7 like Mac OS X) AppleWebKit/605.1.15 (KHTML, like Gecko) Version/26.5 Mobile/15E148 Safari/604.1",{},URL Event 1 for Study 313699,a3682081-10fd-4923-9180-b87e4f60d8f5,{},Have you read this book?,"Yes, I'm reading it now",1,,,,,,,,,,,,,,,,,,,,,,,,,,,,,,,,,,,,,,,,,,,,,,,,,,,,,,,,yesteryear-caro-claire-burke,,,,,,,Visitor,,,
372491,[BHB] Book Like / Visitors,105a459e-caec-4d56-be7f-40d86c6b226f,https://www.supersummary.com/a-little-princess/chapters-6-9-summary/,07/10/2026 22:20:20,,,,Mac OS,Safari,"Mozilla/5.0 (Macintosh; Intel Mac OS X 10_15_7) AppleWebKit/605.1.15 (KHTML, like Gecko) Version/26.5 Safari/605.1.15",{},URL Event 1 for Study 313699,0a5a5271-18f6-4141-9480-310bdfe8db66,{},Have you read this book?,"Yes, I'm reading it now",1,,,,,,,,,,,,,,,,,,,,,,,,,,,,,,,,,,,,,,,,,,,,,,,,,,,,,,,,a-little-princess,,,,,,,Visitor,,,
372491,[BHB] Book Like / Visitors,5c9dc871-6974-4fba-9a15-0e61ae7c650c,https://www.supersummary.com/theo-of-golden/summary/,07/10/2026 20:56:45,,,,iOS,Chrome,"Mozilla/5.0 (iPhone; CPU iPhone OS 26_5_0 like Mac OS X) AppleWebKit/605.1.15 (KHTML, like Gecko) CriOS/150.0.7871.51 Mobile/15E148 Safari/604.1",{},URL Event 1 for Study 313699,6231ce2e-4921-4597-8a6a-3cf7409f8eb2,{},Have you read this book?,"Yes, I'm reading it now",1,,,,,,,,,,,,,,,,,,,,,,,,,,,,,,,,,,,,,,,,,,,,,,,,,,,,,,,,theo-of-golden,,,,,,,Visitor,,,
372491,[BHB] Book Like / Visitors,457a818a-6c35-4ea3-a936-ac307e0a00f5,https://www.supersummary.com/in-the-distance/summary/,07/10/2026 20:33:45,,,,iOS,Mobile Safari,"Mozilla/5.0 (iPhone; CPU iPhone OS 18_7 like Mac OS X) AppleWebKit/605.1.15 (KHTML, like Gecko) Version/26.5 Mobile/15E148 Safari/604.1",{},URL Event 1 for Study 313699,49f1ee05-7e89-46be-ac6b-8dee7213ede4,{},Have you read this book?,"No, I’m considering reading it",3,,Is this the kind of book you usually read?,"Yes, very typical for me",1,,,,,,,,,,,,,,,,,,,,,,,,,,,,,,,,,,,,,,,,,,,,,,,,,,,,in-the-distance,,,,,,,Visitor,,,
372491,[BHB] Book Like / Visitors,4276a5f6-ea9f-4b69-b208-296234e716ec,https://www.supersummary.com/strong-ground/chapters-3-4-summary/,07/10/2026 20:22:13,,,,Windows,Chrome,"Mozilla/5.0 (Windows NT 10.0; Win64; x64) AppleWebKit/537.36 (KHTML, like Gecko) Chrome/150.0.0.0 Safari/537.36",{},URL Event 1 for Study 313699,2edf4680-869e-4b51-bced-f76352bd2359,{},Have you read this book?,"Yes, I'm reading it now",1,,,,,,,,,,,,,,,,,,,,,,,,,,,,,,,,,,,,,,,,,,,,,,,,,,,,,,,,,,,,,,,Visitor,,,
372491,[BHB] Book Like / Visitors,8df9425d-ab5e-401c-bb82-6addba567c4a,https://www.supersummary.com/the-boys-from-biloxi/summary/#guide_page_title,07/10/2026 19:47:44,,,,iOS,Mobile Safari,"Mozilla/5.0 (iPhone; CPU iPhone OS 18_7 like Mac OS X) AppleWebKit/605.1.15 (KHTML, like Gecko) Version/26.5 Mobile/15E148 Safari/604.1",{},URL Event 1 for Study 313699,6294dd0b-c5c5-4264-a177-a0f5109acaa2,{},Have you read this book?,"No, I’m considering reading it",3,,Is this the kind of book you usually read?,"Yes, very typical for me",1,How did you find this book?,Recognized the author,0,0,0,0,1,0,0,0,,,,,,,,,,,,,,,,,,,,,,,,,,,,,,,,,,,,,,,,,,the-boys-from-biloxi,,,,,,,Visitor,,,
372491,[BHB] Book Like / Visitors,01738ff0-85a2-49c7-ac74-14a59272e159,https://www.supersummary.com/theo-of-golden/chapters-13-28-summary/,07/10/2026 19:36:05,07/10/2026 19:36:34,,,iOS,Chrome,"Mozilla/5.0 (iPhone; CPU iPhone OS 26_5_0 like Mac OS X) AppleWebKit/605.1.15 (KHTML, like Gecko) CriOS/150.0.7871.51 Mobile/15E148 Safari/604.1",{},URL Event 1 for Study 313699,1f22e506-9e72-4228-b1ae-29429de14731,{},Have you read this book?,"Yes, I recently finished it",2,,Is this the kind of book you usually read?,"Yes, very typical for me",1,How did you find this book?,Random browsing / stumbled on it,0,0,0,0,0,0,1,0,,"If you saw a list of books similar to what you're reading (or just finished),
what would you want to see beyond the title and author?","A match score (e.g., ""92% similar"")",0,1,0,0,0,0,0,0,0,,"When you're looking for a book similar to one you liked, what matters most to
you?",[skipped by user],,,,,,,,Where do you usually go to find your next book?,[skipped by user],,,,,,,,,,,,,,,,,,theo-of-golden,,,,,,,Visitor,,,
372491,[BHB] Book Like / Visitors,cbd132d6-5fcd-4673-bfca-5660e6fbf84b,https://www.supersummary.com/blood-over-bright-haven/chapters-19-23-summary/,07/10/2026 19:21:43,,,,Windows,Edge,"Mozilla/5.0 (Windows NT 10.0; Win64; x64) AppleWebKit/537.36 (KHTML, like Gecko) Chrome/150.0.0.0 Safari/537.36 Edg/150.0.0.0",{},URL Event 1 for Study 313699,870bead3-d605-4952-be50-9ba0c4caaea3,{},Have you read this book?,"Yes, I recently finished it",2,,Is this the kind of book you usually read?,"Yes, very typical for me",1,,,,,,,,,,,,,,,,,,,,,,,,,,,,,,,,,,,,,,,,,,,,,,,,,,,,blood-over-bright-haven,,,,,,,Visitor,,,
372491,[BHB] Book Like / Visitors,7429f2ae-7da8-4358-bb1b-9418ac170980,https://www.supersummary.com/the-calamity-club/summary/?utm_source=google&utm_medium=cpc&utm_campaign=15170576117&utm_content=136161102464&utm_term=&gad_source=1&gad_campaignid=15170576117&gbraid=0AAAAADhUVArag1f4M4606LgcbSUVqFVY7&gclid=EAIaIQobChMIu4eentrIlQMVKg6HAx2INR3bEAAYAiAAEgKAH_D_BwE,07/10/2026 18:09:52,,,,Mac OS,Safari,"Mozilla/5.0 (Macintosh; Intel Mac OS X 10_15_7) AppleWebKit/605.1.15 (KHTML, like Gecko) Version/26.5 Safari/605.1.15",{},URL Event 1 for Study 313699,9688c18a-1cf3-4e77-971f-bc02916aa369,{},Have you read this book?,"Yes, I recently finished it",2,,,,,,,,,,,,,,,,,,,,,,,,,,,,,,,,,,,,,,,,,,,,,,,,,,,,,,,,,,,,,,,Visitor,,,
372491,[BHB] Book Like / Visitors,8c773196-0c71-482c-81bd-058bdd43f171,https://www.supersummary.com/remain-m-night-shyamalan/chapters-17-24-summary/#guide_page_title,07/10/2026 17:52:27,,,,Android,Chrome,"Mozilla/5.0 (Linux; Android 10; K) AppleWebKit/537.36 (KHTML, like Gecko) Chrome/150.0.0.0 Mobile Safari/537.36",{},URL Event 1 for Study 313699,6950a5dd-a851-4acc-8e8a-93c09b9b3d91,{},Have you read this book?,"Yes, I'm reading it now",1,,Is this the kind of book you usually read?,"Yes, very typical for me",1,How did you find this book?,Recognized the author,0,0,0,0,1,0,0,0,,"If you saw a list of books similar to what you're reading (or just finished),
what would you want to see beyond the title and author?",Genre or subgenre,0,0,1,0,0,0,0,0,0,,,,,,,,,,,,,,,,,,,,,,,,,,,,,,remain-m-night-shyamalan,,,,,,,Visitor,,,
372491,[BHB] Book Like / Visitors,d786b1c0-8e2d-45ae-aba0-1f013ec7b045,https://www.supersummary.com/the-berry-pickers/prologue-chapter-4-summary/?utm_source=chatgpt.com,07/10/2026 17:40:54,,1694163,,Chromium OS,Chrome,"Mozilla/5.0 (X11; CrOS x86_64 14541.0.0) AppleWebKit/537.36 (KHTML, like Gecko) Chrome/149.0.0.0 Safari/537.36",{},URL Event 1 for Study 313699,f164a5cc-f034-479e-81df-3db7e9824650,{},Have you read this book?,"Yes, I'm reading it now",1,,,,,,,,,,,,,,,,,,,,,,,,,,,,,,,,,,,,,,,,,,,,,,,,student,u_185f425750b911eb,,,,,,,the-berry-pickers,,,,,,,Visitor,,0,
372491,[BHB] Book Like / Visitors,a633554f-8629-48f1-8f8f-03c8fb8605f7,https://www.supersummary.com/the-seven-rings/summary/,07/10/2026 17:38:02,07/10/2026 17:39:02,,,iOS,Mobile Safari,"Mozilla/5.0 (iPhone; CPU iPhone OS 18_6 like Mac OS X) AppleWebKit/605.1.15 (KHTML, like Gecko) Version/26.5 Mobile/15E148 Safari/604.1 Ddg/26.5",{},URL Event 1 for Study 313699,a63b6789-5ebe-412c-a140-af09ea7b2cad,{},Have you read this book?,"Yes, I recently finished it",2,,Is this the kind of book you usually read?,"No, this is a departure from what I usually read",3,How did you find this book?,Recommended by a friend/family member,1,0,0,0,0,0,0,0,,"If you saw a list of books similar to what you're reading (or just finished),
what would you want to see beyond the title and author?",Something else,0,0,0,0,0,0,0,0,1,Reviews,"When you're looking for a book similar to one you liked, what matters most to
you?",[skipped by user],,,,,,,,Where do you usually go to find your next book?,[skipped by user],,,,,,,,,,,,,,,,,,the-seven-rings,,,,,,,Visitor,,,
372491,[BHB] Book Like / Visitors,a33e4b6f-cda7-4b59-9fb0-53352320ced4,https://www.supersummary.com/culpability/prologue-part-2-chapter-14-summary/#guide_page_title,07/10/2026 15:40:00,07/10/2026 15:41:13,,,iOS,Mobile Safari,"Mozilla/5.0 (iPhone; CPU iPhone OS 18_7 like Mac OS X) AppleWebKit/605.1.15 (KHTML, like Gecko) Version/26.5 Mobile/15E148 Safari/604.1",{},URL Event 1 for Study 313699,3bfa6d19-3389-4724-93e9-9aac09618a80,{},Have you read this book?,"Yes, I recently finished it",2,,Is this the kind of book you usually read?,Somewhat—it has some familiar elements,2,How did you find this book?,Searched for it specifically,0,0,0,0,0,1,0,0,,"If you saw a list of books similar to what you're reading (or just finished),
what would you want to see beyond the title and author?",Reader ratings or reviews,0,0,0,1,0,0,0,0,0,,"When you're looking for a book similar to one you liked, what matters most to
you?",Intrigue,Plot and Storyline,,,,1,,,Where do you usually go to find your next book?,Bookclub,Book Clubs,,1,,,,,,,,,,,,,,,,,,,,,,Visitor,,,
372491,[BHB] Book Like / Visitors,0380df2a-e5ee-447a-a834-9703df1a396e,https://www.supersummary.com/all-the-beauty-in-the-world/summary/?searchId=e9e2e559-06c7-46a1-8ecb-938eac0c56ad&searchPosition=1,07/10/2026 15:37:11,07/10/2026 15:40:00,557613,,Mac OS,Safari,"Mozilla/5.0 (Macintosh; Intel Mac OS X 10_15_7) AppleWebKit/605.1.15 (KHTML, like Gecko) Version/26.5 Safari/605.1.15",{},URL Event 1 for Study 313699,f7562d77-10db-468f-aab9-4b9586f704f7,{},Have you read this book?,"Yes, I recently finished it",2,,Is this the kind of book you usually read?,"No, this is a departure from what I usually read",3,How did you find this book?,Recommended by a friend/family member,1,0,0,0,0,0,0,0,,"If you saw a list of books similar to what you're reading (or just finished),
what would you want to see beyond the title and author?","Why it's similar (shared plot, theme, or mood)",1,0,0,0,0,0,0,0,0,,"When you're looking for a book similar to one you liked, what matters most to
you?",The setting. How it relates to history,Genre and Setting,,,1,,,,Where do you usually go to find your next book?,Th library or I look on Goodreads site. Also Audible and Libra audiobook sites,Online Platforms; Libraries,,,,1,1,,,book_club_member,book_club_member,u_4549521dbfc710d8,[name],null,false,true,,[name],all-the-beauty-in-the-world,,,annual,,Active Subscriber,true,Visitor,2024-05-03T07:52:07.000-07:00,20,0
372491,[BHB] Book Like / Visitors,8222e1e8-03ae-4ce7-b07b-929017129d2f,https://www.supersummary.com/amari-and-the-night-brothers/summary/,07/10/2026 15:15:44,,,,iOS,Mobile Safari,"Mozilla/5.0 (iPhone; CPU iPhone OS 18_7 like Mac OS X) AppleWebKit/605.1.15 (KHTML, like Gecko) Version/26.3 Mobile/15E148 Safari/604.1",{},URL Event 1 for Study 313699,0c08e694-92da-492b-80bb-05603b602a20,{},Have you read this book?,"No, I’m considering reading it",3,,Is this the kind of book you usually read?,Not sure,4,How did you find this book?,"Recommended by a friend/family member, Recommended by an app, site, or algorithm (Goodreads, TikTok, Amazon, etc.) because it's similar to books I liked, Read a summary/review and it sounded like the kind of book I like",1,1,1,0,0,0,0,0,,,,,,,,,,,,,,,,,,,,,,,,,,,,,,,,,,,,,,,,,,,,,,,,,Visitor,,,
372491,[BHB] Book Like / Visitors,5ea712a3-e388-48f7-9881-d386c03487fd,https://www.supersummary.com/sandwich/summary/,07/10/2026 15:11:10,,,,iOS,Mobile Safari,"Mozilla/5.0 (iPhone; CPU iPhone OS 18_7 like Mac OS X) AppleWebKit/605.1.15 (KHTML, like Gecko) Version/26.5 Mobile/15E148 Safari/604.1",{},URL Event 1 for Study 313699,9ac0d8dd-c16d-44f6-b40c-bfb9f9fd5e53,{},Have you read this book?,"Yes, I recently finished it",2,,Is this the kind of book you usually read?,"No, this is a departure from what I usually read",3,How did you find this book?,Recommended by a friend/family member,1,0,0,0,0,0,0,0,,"If you saw a list of books similar to what you're reading (or just finished),
what would you want to see beyond the title and author?",Reader ratings or reviews,0,0,0,1,0,0,0,0,0,,,,,,,,,,,,,,,,,,,,,,other,,,,,,,,sandwich,,,,,,,Visitor,,,
372491,[BHB] Book Like / Visitors,3c4cd998-0dfd-45ed-8a5b-c9daf6f5b253,https://www.supersummary.com/what-we-did-to-survive/summary/,07/10/2026 15:10:28,,,,Windows,Chrome,"Mozilla/5.0 (Windows NT 10.0; Win64; x64) AppleWebKit/537.36 (KHTML, like Gecko) Chrome/150.0.0.0 Safari/537.36",{},URL Event 1 for Study 313699,efbd0be3-98f4-433c-b69e-e571bd1c2f8b,{},Have you read this book?,"Yes, I'm reading it now",1,,Is this the kind of book you usually read?,Somewhat—it has some familiar elements,2,How did you find this book?,Recommended by a friend/family member,1,0,0,0,0,0,0,0,,,,,,,,,,,,,,,,,,,,,,,,,,,,,,,,,,,,,,,,,,what-we-did-to-survive,,,,,,,Visitor,,,
372491,[BHB] Book Like / Visitors,e336eb0c-1777-403a-a644-04ba7900069d,https://www.supersummary.com/killer-instinct-jennifer-lynn-barnes/summary/,07/10/2026 14:45:20,07/10/2026 14:46:11,,,iOS,Mobile Safari,"Mozilla/5.0 (iPhone; CPU iPhone OS 18_7 like Mac OS X) AppleWebKit/605.1.15 (KHTML, like Gecko) Version/18.7.5 Mobile/15E148 Safari/604.1",{},URL Event 1 for Study 313699,0d38dd2e-2cff-4aef-8af4-59ad041e8107,{},Have you read this book?,"Yes, I'm reading it now",1,,Is this the kind of book you usually read?,"No, this is a departure from what I usually read",3,How did you find this book?,"Recommended by a friend/family member, Recommended by an app, site, or algorithm (Goodreads, TikTok, Amazon, etc.) because it's similar to books I liked, Random browsing / stumbled on it",1,1,0,0,0,0,1,0,,"If you saw a list of books similar to what you're reading (or just finished),
what would you want to see beyond the title and author?","Genre or subgenre, Reader ratings or reviews, Content or maturity warnings, Whether it's part of a series",0,0,1,1,0,1,1,0,0,,"When you're looking for a book similar to one you liked, what matters most to
you?",[skipped by user],,,,,,,,Where do you usually go to find your next book?,[skipped by user],,,,,,,,,,,,,,,,,,killer-instinct-jennifer-lynn-barnes,,,,,,,Visitor,,,
372491,[BHB] Book Like / Visitors,cea1f876-00c1-4eb6-9e0f-a64354a7a73e,https://www.supersummary.com/the-abolition-of-man/summary/,07/10/2026 12:35:44,,,,iOS,Mobile Safari,"Mozilla/5.0 (iPhone; CPU iPhone OS 18_6 like Mac OS X) AppleWebKit/605.1.15 (KHTML, like Gecko) Version/26.1 Mobile/15E148 Safari/604.1 Ddg/26.1",{},URL Event 1 for Study 313699,34702469-d6be-4b60-bf60-2371d751eef4,{},Have you read this book?,"Yes, I'm reading it now",1,,,,,,,,,,,,,,,,,,,,,,,,,,,,,,,,,,,,,,,,,,,,,,,,,,,,,,,,,,,,,,,Visitor,,,
372491,[BHB] Book Like / Visitors,1726cf8d-5bdd-41d6-a788-94451d073422,https://www.supersummary.com/crooked-house/chapters-12-15-summary/,07/10/2026 12:18:26,07/10/2026 12:19:31,,,Windows,Chrome,"Mozilla/5.0 (Windows NT 10.0; Win64; x64) AppleWebKit/537.36 (KHTML, like Gecko) Chrome/150.0.0.0 Safari/537.36",{},URL Event 1 for Study 313699,2d473285-d94d-4a80-9e56-966cfc415961,{},Have you read this book?,"Yes, I'm reading it now",1,,Is this the kind of book you usually read?,"No, this is a departure from what I usually read",3,How did you find this book?,Recommended by a friend/family member,1,0,0,0,0,0,0,0,,"If you saw a list of books similar to what you're reading (or just finished),
what would you want to see beyond the title and author?","Why it's similar (shared plot, theme, or mood)",1,0,0,0,0,0,0,0,0,,"When you're looking for a book similar to one you liked, what matters most to
you?",[skipped by user],,,,,,,,Where do you usually go to find your next book?,[skipped by user],,,,,,,,,,,,,,,,,,crooked-house,,,,,,,Visitor,,,
372491,[BHB] Book Like / Visitors,1e98c062-b986-4668-bb23-852e432ec9be,https://www.supersummary.com/west-with-giraffes/summary/,07/10/2026 12:12:43,,,,iOS,Mobile Safari,"Mozilla/5.0 (iPhone; CPU iPhone OS 18_7 like Mac OS X) AppleWebKit/605.1.15 (KHTML, like Gecko) Version/26.5 Mobile/15E148 Safari/604.1",{},URL Event 1 for Study 313699,a6b49985-de81-4c05-ad04-3cd7ec7679b8,{},Have you read this book?,"Yes, I'm reading it now",1,,Is this the kind of book you usually read?,Somewhat—it has some familiar elements,2,How did you find this book?,Other,0,0,0,0,0,0,0,1,book club pock,"If you saw a list of books similar to what you're reading (or just finished),
what would you want to see beyond the title and author?",Something else,0,0,0,0,0,0,0,0,1,na,"When you're looking for a book similar to one you liked, what matters most to
you?",[skipped by user],,,,,,,,,,,,,,,,,,,book_club_member,,,,,,,,west-with-giraffes,,,,,,,Visitor,,,
372491,[BHB] Book Like / Visitors,b6126bfb-06be-41cb-9994-11f2a4a27a58,https://www.supersummary.com/twisted-games/part-2-chapters-32-40-summary/?utm_source=chatgpt.com,07/10/2026 11:09:18,,1693980,,Android,Chrome,"Mozilla/5.0 (Linux; Android 10; K) AppleWebKit/537.36 (KHTML, like Gecko) Chrome/149.0.0.0 Mobile Safari/537.36",{},URL Event 1 for Study 313699,75ef5a7b-4597-45d2-ae3e-64df8e8df33c,{},Have you read this book?,"Yes, I'm reading it now",1,,Is this the kind of book you usually read?,Not sure,4,How did you find this book?,Searched for it specifically,0,0,0,0,0,1,0,0,,"If you saw a list of books similar to what you're reading (or just finished),
what would you want to see beyond the title and author?",Where to read or buy it,0,0,0,0,0,0,0,1,0,,,,,,,,,,,,,,,,,,,,,,,,,,,,,,,,,,,,,Visitor,,,
372491,[BHB] Book Like / Visitors,6ebd5b20-6f6a-40c8-bd91-3e0fb9c72de8,https://www.supersummary.com/the-pivot-year/days-146-219-summary/,07/10/2026 10:52:15,,,,iOS,Mobile Safari,"Mozilla/5.0 (iPhone; CPU iPhone OS 18_7 like Mac OS X) AppleWebKit/605.1.15 (KHTML, like Gecko) Version/26.5 Mobile/15E148 Safari/604.1",{},URL Event 1 for Study 313699,01395fd3-6af0-4b5f-9a7b-888da46f4529,{},Have you read this book?,"Yes, I'm reading it now",1,,Is this the kind of book you usually read?,Somewhat—it has some familiar elements,2,,,,,,,,,,,,,,,,,,,,,,,,,,,,,,,,,,,,,,,,,,,,,,,,,,,,the-pivot-year,,,,,,,Visitor,,,
372491,[BHB] Book Like / Visitors,094037a3-0818-45be-9e8b-c566cb594e7c,https://www.supersummary.com/the-calamity-club/summary/,07/10/2026 09:02:38,,,,iOS,Mobile Safari,"Mozilla/5.0 (iPhone; CPU iPhone OS 18_7 like Mac OS X) AppleWebKit/605.1.15 (KHTML, like Gecko) Version/26.5 Mobile/15E148 Safari/604.1",{},URL Event 1 for Study 313699,9785cb6d-eb81-40d2-992a-6163c472e9e4,{},Have you read this book?,"Yes, I recently finished it",2,,,,,,,,,,,,,,,,,,,,,,,,,,,,,,,,,,,,,,,,,,,,,,,,,,,,,,,,the-calamity-club,,,,,,,Visitor,,,
372491,[BHB] Book Like / Visitors,a8bbc688-9bf6-43fc-b5c9-f9ab7088dea8,https://www.supersummary.com/i-am-not-jessica-chen/chapters-9-14-summary/,07/10/2026 08:22:26,07/10/2026 08:22:46,,,Mac OS,Chrome,"Mozilla/5.0 (Macintosh; Intel Mac OS X 10_15_7) AppleWebKit/537.36 (KHTML, like Gecko) Chrome/149.0.0.0 Safari/537.36",{},URL Event 1 for Study 313699,8ae5a0c6-2004-47a1-b896-61776533f33e,{},Have you read this book?,"Yes, I'm reading it now",1,,Is this the kind of book you usually read?,Somewhat—it has some familiar elements,2,How did you find this book?,Recognized the author,0,0,0,0,1,0,0,0,,"If you saw a list of books similar to what you're reading (or just finished),
what would you want to see beyond the title and author?","Why it's similar (shared plot, theme, or mood), A match score (e.g., ""92% similar"")",1,1,0,0,0,0,0,0,0,,"When you're looking for a book similar to one you liked, what matters most to
you?",[skipped by user],,,,,,,,Where do you usually go to find your next book?,[skipped by user],,,,,,,,,,,,,,,,,,,,,,,,,Visitor,,,
372491,[BHB] Book Like / Visitors,23770240-e3ba-4cbf-8921-4ab5fbd26720,https://www.supersummary.com/king-arthur-and-the-legends-of-the-round-table/summary/,07/10/2026 07:16:04,07/10/2026 07:18:31,,,Windows,Chrome,"Mozilla/5.0 (Windows NT 10.0; Win64; x64) AppleWebKit/537.36 (KHTML, like Gecko) Chrome/148.0.0.0 Safari/537.36",{},URL Event 1 for Study 313699,a3ab7475-de65-4452-abef-949b5a66c6f4,{},Have you read this book?,"No, I’m considering reading it",3,,Is this the kind of book you usually read?,"No, this is a departure from what I usually read",3,How did you find this book?,Searched for it specifically,0,0,0,0,0,1,0,0,,"If you saw a list of books similar to what you're reading (or just finished),
what would you want to see beyond the title and author?","A match score (e.g., ""92% similar""), Reader ratings or reviews, Page count or estimated reading time",0,1,0,1,1,0,0,0,0,,"When you're looking for a book similar to one you liked, what matters most to
you?",The theme/writing style to be similar.,Writing Quality,,,,,,1,Where do you usually go to find your next book?,Reddit/Goodreads/my local library.,Libraries; Online Platforms,,,,1,1,,,,,,,,,,,,,,,,,,,Visitor,,,
372491,[BHB] Book Like / Visitors,f5a87d72-71d6-432c-b75a-0094e3d2838e,https://www.supersummary.com/atmosphere/summary/?searchId=fc0651e6-415d-4baf-aea3-d91c17d9cbe7&searchPosition=2,07/10/2026 07:13:20,07/10/2026 07:16:11,256141,,iOS,Mobile Safari,"Mozilla/5.0 (iPhone; CPU iPhone OS 18_7 like Mac OS X) AppleWebKit/605.1.15 (KHTML, like Gecko) Version/26.5 Mobile/15E148 Safari/604.1",{},URL Event 1 for Study 313699,1d158d14-a847-406e-bc1c-65f3cd7c53ac,{},Have you read this book?,"Yes, I'm reading it now",1,,Is this the kind of book you usually read?,Somewhat—it has some familiar elements,2,How did you find this book?,Other,0,0,0,0,0,0,0,1,Reading Group choice,"If you saw a list of books similar to what you're reading (or just finished),
what would you want to see beyond the title and author?","Why it's similar (shared plot, theme, or mood), A match score (e.g., ""92% similar""), Genre or subgenre, Reader ratings or reviews, Page count or estimated reading time, Whether it's part of a series",1,1,1,1,1,0,1,0,0,,"When you're looking for a book similar to one you liked, what matters most to
you?",[skipped by user],,,,,,,,Where do you usually go to find your next book?,"NYT book reviews, recommendations by fellow book club members",Book Clubs,,1,,,,,,,book_club_member,u_616052b73e53d5bd,,High School,,,2024-01-18T08:58:34.028-08:00,,the-correspondent,,annual,annual,,Active Subscriber,,Visitor,2022-10-07T03:53:10.000-07:00,46,9
372491,[BHB] Book Like / Visitors,71f1a0fb-92e2-4afe-9b29-dcdd4f9f1388,https://www.supersummary.com/children-of-time/parts-1-2-summary/,07/10/2026 06:43:31,,,,Chromium OS,Chrome,"Mozilla/5.0 (X11; CrOS x86_64 14541.0.0) AppleWebKit/537.36 (KHTML, like Gecko) Chrome/149.0.0.0 Safari/537.36",{},URL Event 1 for Study 313699,37ddb8de-e0be-4071-9b8e-04e2faef6311,{},Have you read this book?,"Yes, I'm reading it now",1,,Is this the kind of book you usually read?,"No, this is a departure from what I usually read",3,,,,,,,,,,,,,,,,,,,,,,,,,,,,,,,,,,,,,,,,,,,,,,,,,,,,,,,,,,,Visitor,,,
372491,[BHB] Book Like / Visitors,dfa68504-3a0c-46b7-9c00-c2f73fff3e93,https://www.supersummary.com/the-poet-empress/chapters-16-30-summary/#guide_page_title,07/10/2026 04:14:39,,1693860,,iOS,GSA,"Mozilla/5.0 (iPhone; CPU iPhone OS 26_5_0 like Mac OS X) AppleWebKit/605.1.15 (KHTML, like Gecko) GSA/428.4.939275213 Mobile/15E148 Safari/604.1",{},URL Event 1 for Study 313699,9ff676a2-3aae-4b72-ac13-17277fe28818,{},Have you read this book?,"Yes, I'm reading it now",1,,Is this the kind of book you usually read?,"No, this is a departure from what I usually read",3,,,,,,,,,,,,,,,,,,,,,,,,,,,,,,,,,,,,,,,,,,,,student,u_ff1050b1281debed,,,,,,,the-poet-empress,,annual_plus,,,,,Active Subscriber,,0,
372491,[BHB] Book Like / Visitors,4c82dd3b-43c5-49d9-abee-8105189e803b,https://www.supersummary.com/harry-potter-and-the-cursed-child/summary/?gad_source=1&gad_campaignid=23552428963&gbraid=0AAAAADhUVAr_k3C_mXlF4OR0lgZ9KRitz&gclid=Cj0KCQjwjb3SBhDgARIsAMKiWzgCUidaE5LdcdvPxhzdE6nxW-usGIHFIV9RILpC1QXWXu_cV283eYcaArZ_EALw_wcB,07/10/2026 04:11:45,,,,Mac OS,Safari,"Mozilla/5.0 (Macintosh; Intel Mac OS X 10_15_7) AppleWebKit/605.1.15 (KHTML, like Gecko) Version/26.5.2 Safari/605.1.15",{},URL Event 1 for Study 313699,6c5e2d97-eab1-4fe7-8e5c-450b319950dc,{},Have you read this book?,"Yes, I recently finished it",2,,,,,,,,,,,,,,,,,,,,,,,,,,,,,,,,,,,,,,,,,,,,,,,,,,,,,,,,,,,,,,,Visitor,,,
372491,[BHB] Book Like / Visitors,cade3943-1cf3-4b0d-baee-49e5bbe1370b,https://www.supersummary.com/yesteryear-caro-claire-burke/part-1-summary/#guide_page_title,07/10/2026 02:39:56,07/10/2026 02:42:47,,,iOS,Chrome,"Mozilla/5.0 (iPhone; CPU iPhone OS 26_5_0 like Mac OS X) AppleWebKit/605.1.15 (KHTML, like Gecko) CriOS/150.0.7871.51 Mobile/15E148 Safari/604.1",{},URL Event 1 for Study 313699,6cfb207a-22fb-486c-a991-46f348fb3426,{},Have you read this book?,"Yes, I recently finished it",2,,Is this the kind of book you usually read?,"No, this is a departure from what I usually read",3,How did you find this book?,Other,0,0,0,0,0,0,0,1,Book Club,"If you saw a list of books similar to what you're reading (or just finished),
what would you want to see beyond the title and author?",Something else,0,0,0,0,0,0,0,0,1,Religious theme (Bible verses taken out of context) used as weapon against unbelievers,"When you're looking for a book similar to one you liked, what matters most to
you?",[skipped by user],,,,,,,,Where do you usually go to find your next book?,[skipped by user],,,,,,,,,,,,,,,,,,yesteryear-caro-claire-burke,,,,,,,Visitor,,,
372491,[BHB] Book Like / Visitors,b7435f2a-becc-440c-8ab9-af1638a1aaf3,https://www.supersummary.com/whistler-ann-patchett/summary/,07/10/2026 00:09:45,,606980,,Mac OS,Safari,"Mozilla/5.0 (Macintosh; Intel Mac OS X 10_15_7) AppleWebKit/605.1.15 (KHTML, like Gecko) Version/26.5.2 Safari/605.1.15",{},URL Event 1 for Study 313699,ece260af-138a-464b-bd21-4042dbf6e7f7,{},Have you read this book?,"Yes, I'm reading it now",1,,,,,,,,,,,,,,,,,,,,,,,,,,,,,,,,,,,,,,,,,,,,,,,,book_club_member,u_232b5070b019a132,,,,,,,whistler-ann-patchett,,annual,annual,,Active Subscriber,,Active Subscriber,2024-07-05T09:28:55.000-07:00,25,
372491,[BHB] Book Like / Visitors,33be0180-7aa2-4ae7-9941-afeee05de850,https://www.supersummary.com/the-good-lie/summary/,07/09/2026 23:09:13,,,,Android,Chrome,"Mozilla/5.0 (Linux; Android 10; K) AppleWebKit/537.36 (KHTML, like Gecko) Chrome/149.0.0.0 Mobile Safari/537.36",{},URL Event 1 for Study 313699,8e628386-6747-4052-9bde-f75dde1bc826,{},Have you read this book?,"Yes, I recently finished it",2,,Is this the kind of book you usually read?,"Yes, very typical for me",1,How did you find this book?,Recommended by a friend/family member,1,0,0,0,0,0,0,0,,,,,,,,,,,,,,,,,,,,,,,,,,,,,,,,,,,,,,,,,,the-good-lie,,,,,,,Visitor,,,
372491,[BHB] Book Like / Visitors,05911be9-8f35-4fd5-a404-6407df85a92d,https://www.supersummary.com/keeping-13/chapters-69-82-summary/,07/09/2026 21:42:57,,,,iOS,GSA,"Mozilla/5.0 (iPhone; CPU iPhone OS 26_5_0 like Mac OS X) AppleWebKit/605.1.15 (KHTML, like Gecko) GSA/426.7.931869700 Mobile/15E148 Safari/604.1",{},URL Event 1 for Study 313699,9ea03577-04c8-406b-b61a-5c38b33f02e8,{},Have you read this book?,"Yes, I recently finished it",2,,Is this the kind of book you usually read?,"Yes, very typical for me",1,How did you find this book?,"Recommended by an app, site, or algorithm (Goodreads, TikTok, Amazon, etc.) because it's similar to books I liked",0,1,0,0,0,0,0,0,,"If you saw a list of books similar to what you're reading (or just finished),
what would you want to see beyond the title and author?","Why it's similar (shared plot, theme, or mood), Whether it's part of a series",1,0,0,0,0,0,1,0,0,,,,,,,,,,,,,,,,,,,,,,,,,,,,,,,,,,,,,Visitor,,,
372491,[BHB] Book Like / Visitors,7cdad768-980c-4bb9-9f6b-5e12add9e2b7,https://www.supersummary.com/my-friends-fredrik-backman/summary/?utm_source=google&utm_medium=cpc&utm_campaign=15170576117&utm_content=136161102464&utm_term=&gad_source=1&gad_campaignid=15170576117&gbraid=0AAAAADhUVAoXSo6lXcQP2YtRPAO7OuSs3&gclid=Cj0KCQjwjb3SBhDgARIsAMKiWzjZp2RTIRJnN8DU_-9gN1Mh93YAFT_4K943WQBLcmXXdmHqfeWa9kYaAtmWEALw_wcB,07/09/2026 21:37:08,,,,iOS,GSA,"Mozilla/5.0 (iPhone; CPU iPhone OS 26_5_0 like Mac OS X) AppleWebKit/605.1.15 (KHTML, like Gecko) GSA/428.4.939275213 Mobile/15E148 Safari/604.1",{},URL Event 1 for Study 313699,77d9aeeb-a560-4a95-b608-86b16883fd2c,{},Have you read this book?,"Yes, I recently finished it",2,,Is this the kind of book you usually read?,Somewhat—it has some familiar elements,2,How did you find this book?,Other,0,0,0,0,0,0,0,1,Book club puck,"If you saw a list of books similar to what you're reading (or just finished),
what would you want to see beyond the title and author?","Genre or subgenre, Reader ratings or reviews",0,0,1,1,0,0,0,0,0,,,,,,,,,,,,,,,,,,,,,,,,,,,,,,my-friends-fredrik-backman,,,,,,,Visitor,,,
372491,[BHB] Book Like / Visitors,011c690a-ef06-42c6-a762-a32d9b23087d,https://www.supersummary.com/theo-of-golden/summary/,07/09/2026 21:25:37,,,,Windows,Edge,"Mozilla/5.0 (Windows NT 10.0; Win64; x64) AppleWebKit/537.36 (KHTML, like Gecko) Chrome/150.0.0.0 Safari/537.36 Edg/150.0.0.0",{},URL Event 1 for Study 313699,c6c81766-caeb-4f5a-8178-33093d21c633,{},Have you read this book?,"Yes, I recently finished it",2,,Is this the kind of book you usually read?,"No, this is a departure from what I usually read",3,,,,,,,,,,,,,,,,,,,,,,,,,,,,,,,,,,,,,,,,,,,,book_club_member,,,,,,,,,,,,,,,Visitor,,,
372491,[BHB] Book Like / Visitors,9e1bd208-11f0-413a-ada8-41fcfa204f61,https://www.supersummary.com/theo-of-golden/summary/,07/09/2026 21:02:37,,,,Android,Chrome,"Mozilla/5.0 (Linux; Android 10; K) AppleWebKit/537.36 (KHTML, like Gecko) Chrome/150.0.0.0 Mobile Safari/537.36",{},URL Event 1 for Study 313699,c9d223e2-8e7e-4e3f-ba3b-4badd1b12bc6,{},Have you read this book?,"Yes, I recently finished it",2,,Is this the kind of book you usually read?,"No, this is a departure from what I usually read",3,,,,,,,,,,,,,,,,,,,,,,,,,,,,,,,,,,,,,,,,,,,,book_club_member,,,,,,,,theo-of-golden,,,,,,,Visitor,,,
372491,[BHB] Book Like / Visitors,2fd6c77e-6ced-41f7-b5e0-9feb9790236d,https://www.supersummary.com/the-correspondent/preface-chapter-31-summary/#guide_page_title,07/09/2026 20:25:08,,,,iOS,GSA,"Mozilla/5.0 (iPhone; CPU iPhone OS 26_5_0 like Mac OS X) AppleWebKit/605.1.15 (KHTML, like Gecko) GSA/428.4.939275213 Mobile/15E148 Safari/604.1",{},URL Event 1 for Study 313699,539da030-319a-41f4-9841-4102430044cc,{},Have you read this book?,"Yes, I'm reading it now",1,,Is this the kind of book you usually read?,"No, this is a departure from what I usually read",3,,,,,,,,,,,,,,,,,,,,,,,,,,,,,,,,,,,,,,,,,,,,,,,,,,,,the-correspondent,,,,,,,Visitor,,,
372491,[BHB] Book Like / Visitors,b4c8f8cd-3bb7-4dca-92da-6923e91de964,https://www.supersummary.com/1776/chapter-1-summary/,07/09/2026 20:19:26,07/09/2026 20:24:18,,,Mac OS,Mobile Safari,"Mozilla/5.0 (Macintosh; Intel Mac OS X 10_15_7) AppleWebKit/605.1.15 (KHTML, like Gecko) Version/16.6.2 Mobile/15E148 Safari/604.1",{},URL Event 1 for Study 313699,52c4ba68-1f70-4dfa-bba6-923adcda0b4b,{},Have you read this book?,"Yes, I recently finished it",2,,Is this the kind of book you usually read?,"Yes, very typical for me",1,How did you find this book?,Recommended by a friend/family member,1,0,0,0,0,0,0,0,,"If you saw a list of books similar to what you're reading (or just finished),
what would you want to see beyond the title and author?","Genre or subgenre, Whether it's part of a series, Where to read or buy it",0,0,1,0,0,0,1,1,0,,"When you're looking for a book similar to one you liked, what matters most to
you?",[skipped by user],,,,,,,,Where do you usually go to find your next book?,Our book club,Book Clubs,,1,,,,,,,,,,,,,,,1776,,,,,,,Visitor,,,
372491,[BHB] Book Like / Visitors,9a475e1d-d021-4610-a384-45c5ee080b97,https://www.supersummary.com/the-odyssey/summary/?utm_source=google&utm_medium=cpc&utm_campaign=22777360728&utm_content=&utm_term=&gad_source=1&gad_campaignid=22777363182&gbraid=0AAAAADhUVAomakCHPdc73DVokNKRtdxKE&gclid=Cj0KCQjwjb3SBhDgARIsAMKiWzgwakUy4-pOFickMH8rIdSoHyyoiS0Coa-mZZOwOF5c-TWr-ursr3kaAhywEALw_wcB,07/09/2026 20:02:11,07/09/2026 20:05:21,1693609,,iOS,Mobile Safari,"Mozilla/5.0 (iPhone; CPU iPhone OS 18_7 like Mac OS X) AppleWebKit/605.1.15 (KHTML, like Gecko) Version/26.5.2 Mobile/15E148 Safari/604.1",{},URL Event 1 for Study 313699,4b051b96-06ee-4554-a199-5c20c1ec869e,{},Have you read this book?,"No, I’m considering reading it",3,,Is this the kind of book you usually read?,"No, this is a departure from what I usually read",3,How did you find this book?,Other,0,0,0,0,0,0,0,1,Movie,"If you saw a list of books similar to what you're reading (or just finished),
what would you want to see beyond the title and author?","Why it's similar (shared plot, theme, or mood), Genre or subgenre, Reader ratings or reviews, Page count or estimated reading time",1,0,1,1,1,0,0,0,0,,"When you're looking for a book similar to one you liked, what matters most to
you?",Recommendations,Recommendations,,,,,1,,Where do you usually go to find your next book?,Audible,Audiobooks,1,,,,,,,,other,,,,,,,,the-odyssey,,,,,,,Visitor,,,
372491,[BHB] Book Like / Visitors,7c4306d1-5bee-4b5e-994c-8a3ec58cd854,https://www.supersummary.com/the-heir-apparent/part-1-chapters-7-11-summary/#guide_page_title,07/09/2026 19:56:16,,,,Android,Chrome,"Mozilla/5.0 (Linux; Android 10; K) AppleWebKit/537.36 (KHTML, like Gecko) Chrome/149.0.0.0 Mobile Safari/537.36",{},URL Event 1 for Study 313699,f03a0142-30de-4d70-8a90-c2616746036a,{},Have you read this book?,"Yes, I recently finished it",2,,,,,,,,,,,,,,,,,,,,,,,,,,,,,,,,,,,,,,,,,,,,,,,,,,,,,,,,the-heir-apparent,,,,,,,Visitor,,,
372491,[BHB] Book Like / Visitors,e375a74d-57d0-4946-aa7c-86ee9e419d7f,https://www.supersummary.com/the-story-of-edgar-sawtelle/chapters-41-54-summary/#guide_page_title,07/09/2026 19:44:47,07/09/2026 19:45:40,,,iOS,Chrome,"Mozilla/5.0 (iPad; CPU OS 26_4_2 like Mac OS X) AppleWebKit/605.1.15 (KHTML, like Gecko) CriOS/150.0.7871.51 Mobile/15E148 Safari/604.1",{},URL Event 1 for Study 313699,f2d2debf-5885-4c5b-9bf3-103f892d3fe1,{},Have you read this book?,"Yes, I recently finished it",2,,Is this the kind of book you usually read?,Somewhat—it has some familiar elements,2,How did you find this book?,Random browsing / stumbled on it,0,0,0,0,0,0,1,0,,"If you saw a list of books similar to what you're reading (or just finished),
what would you want to see beyond the title and author?","Why it's similar (shared plot, theme, or mood), Reader ratings or reviews",1,0,0,1,0,0,0,0,0,,"When you're looking for a book similar to one you liked, what matters most to
you?",[skipped by user],,,,,,,,Where do you usually go to find your next book?,[skipped by user],,,,,,,,,,,,,,,,,,the-story-of-edgar-sawtelle,,,,,,,Visitor,,,
372491,[BHB] Book Like / Visitors,e5bb6132-fcea-4310-8eb1-4a5c0fa34648,https://www.supersummary.com/the-raven-scholar/parts-1-2-summary/#guide_page_title,07/09/2026 18:32:44,,,,Android,Chrome,"Mozilla/5.0 (Linux; Android 10; K) AppleWebKit/537.36 (KHTML, like Gecko) Chrome/149.0.0.0 Mobile Safari/537.36",{},URL Event 1 for Study 313699,42bffba3-5be2-4ff6-8cf3-da88b2068891,{},Have you read this book?,"No, I’m considering reading it",3,,Is this the kind of book you usually read?,Not sure,4,How did you find this book?,Saw it on a bestseller/trending list,0,0,0,1,0,0,0,0,,"If you saw a list of books similar to what you're reading (or just finished),
what would you want to see beyond the title and author?",Genre or subgenre,0,0,1,0,0,0,0,0,0,,,,,,,,,,,,,,,,,,,,,,,,,,,,,,the-raven-scholar,,,,,,,Visitor,,,
372491,[BHB] Book Like / Visitors,61f78838-b158-403d-a5bb-e5aa40566e5d,https://www.supersummary.com/culpability/summary/,07/09/2026 18:01:08,07/09/2026 18:02:12,,,iOS,WebKit,"Mozilla/5.0 (iPhone; CPU iPhone OS 18_7_8 like Mac OS X) AppleWebKit/605.1.15 (KHTML, like Gecko) Mobile/15E148 GoogleWv/1.0 (WKWebView) GeminiiOS/1.2026.2570608",{},URL Event 1 for Study 313699,1bc7820a-58f2-4276-a3bc-17f189ecaf56,{},Have you read this book?,"Yes, I recently finished it",2,,Is this the kind of book you usually read?,Not sure,4,How did you find this book?,Recommended by a friend/family member,1,0,0,0,0,0,0,0,,"If you saw a list of books similar to what you're reading (or just finished),
what would you want to see beyond the title and author?",Reader ratings or reviews,0,0,0,1,0,0,0,0,0,,"When you're looking for a book similar to one you liked, what matters most to
you?",[skipped by user],,,,,,,,Where do you usually go to find your next book?,[skipped by user],,,,,,,,,,book_club_member,,,,,,,,culpability,,,,,,,Visitor,,,
372491,[BHB] Book Like / Visitors,6711e3aa-cc4a-4b3b-a36a-fda4b7dfdb99,https://www.supersummary.com/the-glassmaker/summary/,07/09/2026 17:38:03,07/09/2026 17:40:02,,,iOS,Mobile Safari,"Mozilla/5.0 (iPhone; CPU iPhone OS 18_7 like Mac OS X) AppleWebKit/605.1.15 (KHTML, like Gecko) Version/26.5 Mobile/15E148 Safari/604.1",{},URL Event 1 for Study 313699,cdc6052b-8c92-4aec-9ebd-b15ca2065204,{},Have you read this book?,"Yes, I recently finished it",2,,Is this the kind of book you usually read?,Somewhat—it has some familiar elements,2,How did you find this book?,Other,0,0,0,0,0,0,0,1,Book club,"If you saw a list of books similar to what you're reading (or just finished),
what would you want to see beyond the title and author?","Why it's similar (shared plot, theme, or mood)",1,0,0,0,0,0,0,0,0,,"When you're looking for a book similar to one you liked, what matters most to
you?",Well written,Writing Quality,,,,,,1,Where do you usually go to find your next book?,Library,Libraries,,,,1,,,,,,,,,,,,,,,,,,,,Visitor,,,
372491,[BHB] Book Like / Visitors,f462a33f-8c7a-44c0-8be9-1299fdbc1036,https://www.supersummary.com/the-keeper-of-happy-endings/summary/,07/09/2026 16:31:45,,,,iOS,Mobile Safari,"Mozilla/5.0 (iPhone; CPU iPhone OS 18_7 like Mac OS X) AppleWebKit/605.1.15 (KHTML, like Gecko) Version/26.5 Mobile/15E148 Safari/604.1",{},URL Event 1 for Study 313699,b5925b98-cc33-46d1-9478-cf773e8fbf85,{},Have you read this book?,"Yes, I'm reading it now",1,,,,,,,,,,,,,,,,,,,,,,,,,,,,,,,,,,,,,,,,,,,,,,,,,,,,,,,,the-keeper-of-happy-endings,,,,,,,Visitor,,,
372491,[BHB] Book Like / Visitors,1f5de1ea-5dff-4acc-ad55-226bf501451c,https://www.supersummary.com/east-of-eden/summary/#guide_page_title,07/09/2026 16:06:00,,,,Mac OS,Safari,"Mozilla/5.0 (Macintosh; Intel Mac OS X 10_15_7) AppleWebKit/605.1.15 (KHTML, like Gecko) Version/26.5 Safari/605.1.15",{},URL Event 1 for Study 313699,0df69df3-705d-48f4-af39-8085d2923fa5,{},Have you read this book?,"No, I’m considering reading it",3,,Is this the kind of book you usually read?,"No, this is a departure from what I usually read",3,How did you find this book?,"Recommended by an app, site, or algorithm (Goodreads, TikTok, Amazon, etc.) because it's similar to books I liked",0,1,0,0,0,0,0,0,,"If you saw a list of books similar to what you're reading (or just finished),
what would you want to see beyond the title and author?",Reader ratings or reviews,0,0,0,1,0,0,0,0,0,,"When you're looking for a book similar to one you liked, what matters most to
you?",[skipped by user],,,,,,,,,,,,,,,,,,,,,,,,,,,east-of-eden,,,,,,,Visitor,,,
372491,[BHB] Book Like / Visitors,322eb541-597b-4bbb-bc0e-d2be625c3423,https://www.supersummary.com/one-of-us-is-dead/summary/,07/09/2026 15:08:19,,,,iOS,Mobile Safari,"Mozilla/5.0 (iPhone; CPU iPhone OS 18_7 like Mac OS X) AppleWebKit/605.1.15 (KHTML, like Gecko) Version/26.5 Mobile/15E148 Safari/604.1",{},URL Event 1 for Study 313699,b3b7dda1-dc12-4b6a-ad1a-c98932084536,{},Have you read this book?,"Yes, I recently finished it",2,,,,,,,,,,,,,,,,,,,,,,,,,,,,,,,,,,,,,,,,,,,,,,,,,,,,,,,,,,,,,,,Visitor,,,
372491,[BHB] Book Like / Visitors,f3c83aec-b45f-4622-b0ce-bb32476b6405,https://www.supersummary.com/the-names-florence-knapp/summary/,07/09/2026 14:51:00,07/09/2026 14:52:05,1693363,,iOS,Mobile Safari,"Mozilla/5.0 (iPhone; CPU iPhone OS 18_7 like Mac OS X) AppleWebKit/605.1.15 (KHTML, like Gecko) Version/18.7.6 Mobile/15E148 Safari/604.1",{},URL Event 1 for Study 313699,bbbfa78c-4f76-4c80-ac2f-e79125a5c973,{},Have you read this book?,"Yes, I recently finished it",2,,Is this the kind of book you usually read?,Somewhat—it has some familiar elements,2,How did you find this book?,Recommended by a friend/family member,1,0,0,0,0,0,0,0,,"If you saw a list of books similar to what you're reading (or just finished),
what would you want to see beyond the title and author?","Why it's similar (shared plot, theme, or mood)",1,0,0,0,0,0,0,0,0,,"When you're looking for a book similar to one you liked, what matters most to
you?",Subject,,,,,,,,Where do you usually go to find your next book?,Friends,Recommendations,,,,,,1,,,other,u_fab2b73f1fbe8a61,,,,,,,the-names-florence-knapp,,annual_essentials,annual,,,,Active Subscriber,2026-07-09T07:46:31.000-07:00,0,
372491,[BHB] Book Like / Visitors,106b1073-0420-4cf9-a481-a6c5bd6ec2c8,https://www.supersummary.com/the-last-of-the-mohicans/summary/?gad_source=1&gad_campaignid=23547763121&gclid=Cj0KCQjwjb3SBhDgARIsAMKiWzhdrQ9giTGr2FzyjqVlmppZEVQOVNCRGiVaKA71DTwEo5-68QpmmDkaAtrEEALw_wcB,07/09/2026 14:39:32,07/09/2026 14:41:31,,,Android,Chrome,"Mozilla/5.0 (Linux; Android 10; K) AppleWebKit/537.36 (KHTML, like Gecko) Chrome/149.0.0.0 Mobile Safari/537.36",{},URL Event 1 for Study 313699,f1249bb3-ec77-4c87-a323-c4ceb66d6792,{},Have you read this book?,"No, I’m considering reading it",3,,Is this the kind of book you usually read?,"No, this is a departure from what I usually read",3,How did you find this book?,Random browsing / stumbled on it,0,0,0,0,0,0,1,0,,"If you saw a list of books similar to what you're reading (or just finished),
what would you want to see beyond the title and author?",Where to read or buy it,0,0,0,0,0,0,0,1,0,,"When you're looking for a book similar to one you liked, what matters most to
you?",Lots of things,,,,,,,,Where do you usually go to find your next book?,Lots of places,Online Platforms; Bookstores,,,1,,1,,,,,,,,,,,,,,,,,,,Visitor,,,
372491,[BHB] Book Like / Visitors,585f74c9-8a8a-4d06-9243-d68fccc21864,https://www.supersummary.com/remarkably-bright-creatures/summary/?gad_source=1&gad_campaignid=23552428963&gbraid=0AAAAADhUVAraJkg2FJNuPF0ow15nr0QGq&gclid=Cj0KCQjwjb3SBhDgARIsAMKiWzhm5MkgDvEhEDlONA8c838ZqwDG9EF4p74h0yvya3W220ipmsgHOXMaAl61EALw_wcB,07/09/2026 13:47:53,07/09/2026 13:48:54,,,Mac OS,Safari,"Mozilla/5.0 (Macintosh; Intel Mac OS X 10_15_7) AppleWebKit/605.1.15 (KHTML, like Gecko) Version/26.5 Safari/605.1.15",{},URL Event 1 for Study 313699,717ee638-a6c4-40c9-b52c-d4b219cfa98a,{},Have you read this book?,"Yes, I recently finished it",2,,Is this the kind of book you usually read?,"No, this is a departure from what I usually read",3,How did you find this book?,Searched for it specifically,0,0,0,0,0,1,0,0,,"If you saw a list of books similar to what you're reading (or just finished),
what would you want to see beyond the title and author?","Why it's similar (shared plot, theme, or mood)",1,0,0,0,0,0,0,0,0,,"When you're looking for a book similar to one you liked, what matters most to
you?",[skipped by user],,,,,,,,Where do you usually go to find your next book?,[skipped by user],,,,,,,,,,,,,,,,,,remarkably-bright-creatures,,,,,,,Visitor,,,
372491,[BHB] Book Like / Visitors,df1235ea-e3aa-463b-a67e-123b1e3bc2fe,https://www.supersummary.com/the-corrections/chapter-1-summary/#guide_page_title,07/09/2026 13:27:44,,,,iOS,Mobile Safari,"Mozilla/5.0 (iPhone; CPU iPhone OS 18_7 like Mac OS X) AppleWebKit/605.1.15 (KHTML, like Gecko) Version/26.5 Mobile/15E148 Safari/604.1",{},URL Event 1 for Study 313699,4c7841bb-f055-4c20-994c-bfb0785513d2,{},Have you read this book?,"No, I’m considering reading it",3,,Is this the kind of book you usually read?,"No, this is a departure from what I usually read",3,,,,,,,,,,,,,,,,,,,,,,,,,,,,,,,,,,,,,,,,,,,,book_club_member,,,,,,,,the-corrections,,,,,,,Visitor,,,
372491,[BHB] Book Like / Visitors,3b65a2a0-ffc0-46db-8a6d-9165052b7887,https://www.supersummary.com/the-sentence/chapters-14-18-summary/,07/09/2026 13:16:06,,,,Mac OS,Safari,"Mozilla/5.0 (Macintosh; Intel Mac OS X 10_15_7) AppleWebKit/605.1.15 (KHTML, like Gecko) Version/26.5.2 Safari/605.1.15",{},URL Event 1 for Study 313699,61983607-61f1-40ac-bbf3-47b5351f4904,{},Have you read this book?,"Yes, I recently finished it",2,,Is this the kind of book you usually read?,Somewhat—it has some familiar elements,2,,,,,,,,,,,,,,,,,,,,,,,,,,,,,,,,,,,,,,,,,,,,,,,,,,,,the-sentence,,,,,,,Visitor,,,
372491,[BHB] Book Like / Visitors,c32f75e5-69c2-4fde-a1c3-a230a68febd4,https://www.supersummary.com/the-calamity-club/summary/,07/09/2026 13:12:03,,,,iOS,Mobile Safari,"Mozilla/5.0 (iPhone; CPU iPhone OS 18_7 like Mac OS X) AppleWebKit/605.1.15 (KHTML, like Gecko) Version/26.5 Mobile/15E148 Safari/604.1",{},URL Event 1 for Study 313699,c8247446-7994-445a-b566-5971965abbef,{},Have you read this book?,"Yes, I'm reading it now",1,,,,,,,,,,,,,,,,,,,,,,,,,,,,,,,,,,,,,,,,,,,,,,,,,,,,,,,,the-calamity-club,,,,,,,Visitor,,,
372491,[BHB] Book Like / Visitors,ee19a759-06f1-424b-b11c-b4ac82e305f1,https://www.supersummary.com/the-passage/part-10-postscript-summary/,07/09/2026 13:11:41,,,,Android,Chrome,"Mozilla/5.0 (Linux; Android 10; K) AppleWebKit/537.36 (KHTML, like Gecko) Chrome/149.0.0.0 Mobile Safari/537.36",{},URL Event 1 for Study 313699,418f8f7b-cce1-4e27-a14d-255fb6070283,{},Have you read this book?,"Yes, I'm reading it now",1,,Is this the kind of book you usually read?,"Yes, very typical for me",1,,,,,,,,,,,,,,,,,,,,,,,,,,,,,,,,,,,,,,,,,,,,,,,,,,,,the-passage,,,,,,,Visitor,,,
372491,[BHB] Book Like / Visitors,30e6633c-2678-4c5c-8e0a-8e25435e5c19,https://www.supersummary.com/dune/part-1-chapters-1-10-summary/?utm_source=chatgpt.com,07/09/2026 13:11:26,,,,Windows,Chrome,"Mozilla/5.0 (Windows NT 10.0; Win64; x64) AppleWebKit/537.36 (KHTML, like Gecko) Chrome/150.0.0.0 Safari/537.36",{},URL Event 1 for Study 313699,e63c5c5b-8279-406d-a5c3-ddf5d0f4c416,{},Have you read this book?,"Yes, I recently finished it",2,,,,,,,,,,,,,,,,,,,,,,,,,,,,,,,,,,,,,,,,,,,,,,,,,,,,,,,,,,,,,,,Visitor,,,
372491,[BHB] Book Like / Visitors,a6b2142c-eabe-4f33-8582-771e3cbf026e,https://www.supersummary.com/hooked-mcintire/prologue-and-chapters-1-4-summary/#guide_page_title,07/09/2026 13:10:41,07/09/2026 13:14:11,,,Android,Chrome,"Mozilla/5.0 (Linux; Android 12; CPH2387) AppleWebKit/537.36 (KHTML, like Gecko) Chrome/108.0.0.0 Mobile Safari/537.36",{},URL Event 1 for Study 313699,e39f3988-8aa0-4c17-b82d-0b35a67bafd9,{},Have you read this book?,"Yes, I'm reading it now",1,,Is this the kind of book you usually read?,"Yes, very typical for me",1,How did you find this book?,"Recommended by an app, site, or algorithm (Goodreads, TikTok, Amazon, etc.) because it's similar to books I liked",0,1,0,0,0,0,0,0,,"If you saw a list of books similar to what you're reading (or just finished),
what would you want to see beyond the title and author?","Why it's similar (shared plot, theme, or mood), A match score (e.g., ""92% similar""), Reader ratings or reviews, Page count or estimated reading time, Whether it's part of a series",1,1,0,1,1,0,1,0,0,,"When you're looking for a book similar to one you liked, what matters most to
you?","Like most genres I want is like dark fantasy, CEO and a girl fantasy, billionaire mafia boss and his wife,and lastly a bold female lead where hero and heroine are mafias and their marriage was arranged by their family and they didn't know that each other is mafias and rivals im mafia",Genre and Setting,,,1,,,,Where do you usually go to find your next book?,If I like this maybe I should choose supersummary,Recommendations,,,,,,1,,,,,,,,,,,hooked-mcintire,,,,,,,Visitor,,,
372491,[BHB] Book Like / Visitors,73d73b43-4042-4d7b-b05d-55b4960016b8,https://www.supersummary.com/do-hard-things-steve-magness/summary/?utm_source=google&utm_medium=cpc&utm_campaign=15170576117&utm_content=136161102464&utm_term=&gad_source=1&gad_campaignid=15170576117&gbraid=0AAAAADhUVArZ6sQh61MWWaFKLZxqyOO5O&gclid=Cj0KCQjwjb3SBhDgARIsAMKiWzioilLWBipZArSTCtBo5OsmXobkUspoTqGGBP77Gg0-Q5SJsIRXNAgaAmKzEALw_wcB,07/09/2026 13:08:38,,,,iOS,Mobile Safari,"Mozilla/5.0 (iPhone; CPU iPhone OS 18_7 like Mac OS X) AppleWebKit/605.1.15 (KHTML, like Gecko) Version/26.5 Mobile/15E148 Safari/604.1",{},URL Event 1 for Study 313699,d0c5a5a7-9899-435f-9ae2-d4bbbd40f8f0,{},Have you read this book?,"No, I’m considering reading it",3,,,,,,,,,,,,,,,,,,,,,,,,,,,,,,,,,,,,,,,,,,,,,,,,,,,,,,,,,,,,,,,,,,
372491,[BHB] Book Like / Visitors,db0723f0-4510-466a-9ba2-c5dc6d4f79e5,https://www.supersummary.com/book-of-ages/summary/,07/09/2026 13:08:05,,1690219,,Windows,Chrome,"Mozilla/5.0 (Windows NT 10.0; Win64; x64) AppleWebKit/537.36 (KHTML, like Gecko) Chrome/150.0.0.0 Safari/537.36",{},URL Event 1 for Study 313699,16e3c4a6-de10-434a-a0c7-ee94e12d9b2c,{},Have you read this book?,"Yes, I'm reading it now",1,,Is this the kind of book you usually read?,Somewhat—it has some familiar elements,2,,,,,,,,,,,,,,,,,,,,,,,,,,,,,,,,,,,,,,,,,,,,,,,,,,,,book-of-ages,,,,,,,Visitor,,,
372491,[BHB] Book Like / Visitors,a77d1fa4-0373-48a6-8989-b81e0ad52dfa,https://www.supersummary.com/love-story/summary/,07/09/2026 13:08:01,,,,iOS,GSA,"Mozilla/5.0 (iPhone; CPU iPhone OS 26_5_0 like Mac OS X) AppleWebKit/605.1.15 (KHTML, like Gecko) GSA/428.4.939275213 Mobile/15E148 Safari/604.1",{},URL Event 1 for Study 313699,36baaff7-df40-4bf8-9180-7f2fafe77862,{},Have you read this book?,"Yes, I recently finished it",2,,Is this the kind of book you usually read?,"No, this is a departure from what I usually read",3,How did you find this book?,Read a summary/review and it sounded like the kind of book I like,0,0,1,0,0,0,0,0,,,,,,,,,,,,,,,,,,,,,,,,,,,,,,,,,,,,,,,,,,love-story,,,,,,,Visitor,,,
372491,[BHB] Book Like / Visitors,be7f68f1-cb1f-4d3a-936a-2e382e2874ec,https://www.supersummary.com/binding-13/chapters-1-5-summary/,07/09/2026 13:07:05,,,,iOS,Chrome,"Mozilla/5.0 (iPad; CPU OS 26_4_0 like Mac OS X) AppleWebKit/605.1.15 (KHTML, like Gecko) CriOS/150.0.7871.51 Mobile/15E148 Safari/604.1",{},URL Event 1 for Study 313699,f8538f70-6ce5-4d67-8ea1-a8167de7854a,{},Have you read this book?,"Yes, I'm reading it now",1,,Is this the kind of book you usually read?,"Yes, very typical for me",1,How did you find this book?,Read a summary/review and it sounded like the kind of book I like,0,0,1,0,0,0,0,0,,,,,,,,,,,,,,,,,,,,,,,,,,,,,,,,,,,,,,,,,,,,,,,,,Visitor,,,
372491,[BHB] Book Like / Visitors,84242718-4ec7-481c-9a9b-5026f71f8bd8,https://www.supersummary.com/the-shippers/summary/,07/09/2026 13:06:43,,,,iOS,Mobile Safari,"Mozilla/5.0 (iPhone; CPU iPhone OS 18_7 like Mac OS X) AppleWebKit/605.1.15 (KHTML, like Gecko) Version/26.5 Mobile/15E148 Safari/604.1",{},URL Event 1 for Study 313699,86f7fd45-4ef5-44b6-83cc-e4b498dabf79,{},Have you read this book?,"Yes, I recently finished it",2,,Is this the kind of book you usually read?,"Yes, very typical for me",1,How did you find this book?,Recognized the author,0,0,0,0,1,0,0,0,,"If you saw a list of books similar to what you're reading (or just finished),
what would you want to see beyond the title and author?","A match score (e.g., ""92% similar""), Genre or subgenre, Reader ratings or reviews",0,1,1,1,0,0,0,0,0,,,,,,,,,,,,,,,,,,,,,,,,,,,,,,the-shippers,,,,,,,Visitor,,,
372491,[BHB] Book Like / Visitors,d1d872e4-a956-4f0c-85ba-565abdf8aeb0,https://www.supersummary.com/king-of-wrath/chapters-10-18-summary/,07/09/2026 13:06:33,,,,Android,Chrome,"Mozilla/5.0 (Linux; Android 10; K) AppleWebKit/537.36 (KHTML, like Gecko) Chrome/149.0.0.0 Mobile Safari/537.36",{},URL Event 1 for Study 313699,2bd9443f-16d0-489f-8e5c-8d45a79a0295,{},Have you read this book?,"Yes, I recently finished it",2,,,,,,,,,,,,,,,,,,,,,,,,,,,,,,,,,,,,,,,,,,,,,,,,,,,,,,,,king-of-wrath,,,,,,,Visitor,,,
372491,[BHB] Book Like / Visitors,85f69a40-467e-48fe-ae84-0acd2ee4737f,https://www.supersummary.com/the-prince-and-the-pauper/chapters-1-11-summary/,07/09/2026 13:06:14,,1693283,,Android,Chrome,"Mozilla/5.0 (Linux; Android 10; K) AppleWebKit/537.36 (KHTML, like Gecko) Chrome/149.0.0.0 Mobile Safari/537.36",{},URL Event 1 for Study 313699,22d3897e-365b-4a97-88d8-d34185853e04,{},Have you read this book?,"Yes, I'm reading it now",1,,,,,,,,,,,,,,,,,,,,,,,,,,,,,,,,,,,,,,,,,,,,,,,,,,,,,,,,,,,,,,,Visitor,,,
372491,[BHB] Book Like / Visitors,ce39e5a3-c390-430a-8667-cd2efd931c6b,https://www.supersummary.com/the-astral-library/summary/,07/09/2026 13:05:04,07/09/2026 13:05:59,,,Windows,Chrome,"Mozilla/5.0 (Windows NT 10.0; Win64; x64) AppleWebKit/537.36 (KHTML, like Gecko) Chrome/150.0.0.0 Safari/537.36",{},URL Event 1 for Study 313699,6b0ad977-5130-4c13-854d-1a7a4fb9f75b,{},Have you read this book?,"Yes, I recently finished it",2,,Is this the kind of book you usually read?,"No, this is a departure from what I usually read",3,How did you find this book?,Other,0,0,0,0,0,0,0,1,Book group pick,"If you saw a list of books similar to what you're reading (or just finished),
what would you want to see beyond the title and author?",Genre or subgenre,0,0,1,0,0,0,0,0,0,,"When you're looking for a book similar to one you liked, what matters most to
you?",[skipped by user],,,,,,,,Where do you usually go to find your next book?,[skipped by user],,,,,,,,,,book_club_member,,,,,,,,the-astral-library,,,,,,,Visitor,,,
372491,[BHB] Book Like / Visitors,388a055d-9906-4cf0-a7c9-148f3ec303d3,https://www.supersummary.com/the-briar-club/prologue-part-2-summary/#guide_page_title,07/09/2026 13:04:43,,,,Android,Chrome,"Mozilla/5.0 (Linux; Android 10; K) AppleWebKit/537.36 (KHTML, like Gecko) Chrome/150.0.0.0 Mobile Safari/537.36",{},URL Event 1 for Study 313699,0e0cc9a2-e41c-486a-8849-4b603cc41afe,{},Have you read this book?,"Yes, I recently finished it",2,,Is this the kind of book you usually read?,Somewhat—it has some familiar elements,2,How did you find this book?,Other,0,0,0,0,0,0,0,1,G,"If you saw a list of books similar to what you're reading (or just finished),
what would you want to see beyond the title and author?",Genre or subgenre,0,0,1,0,0,0,0,0,0,,,,,,,,,,,,,,,,,,,,,,,,,,,,,,,,,,,,,Visitor,,,
372491,[BHB] Book Like / Visitors,a595ecbc-d9e0-4d15-9b5f-5b93faa264e4,https://www.supersummary.com/the-whistler/summary/,07/09/2026 13:04:16,,,,iOS,GSA,"Mozilla/5.0 (iPad; CPU OS 26_5_0 like Mac OS X) AppleWebKit/605.1.15 (KHTML, like Gecko) GSA/428.4.939275213 Mobile/15E148 Safari/604.1",{},URL Event 1 for Study 313699,5a9290d6-242f-4392-a9ef-c192a89d9b1c,{},Have you read this book?,"No, I’m considering reading it",3,,,,,,,,,,,,,,,,,,,,,,,,,,,,,,,,,,,,,,,,,,,,,,,,,,,,,,,,the-whistler,,,,,,,Visitor,,,
372491,[BHB] Book Like / Visitors,7291e356-340b-47f3-9670-395d81f3fbe2,https://www.supersummary.com/the-correspondent/preface-chapter-31-summary/#guide_page_title,07/09/2026 13:02:15,07/09/2026 13:02:41,,,iOS,Mobile Safari,"Mozilla/5.0 (iPhone; CPU iPhone OS 18_7 like Mac OS X) AppleWebKit/605.1.15 (KHTML, like Gecko) Version/26.5.2 Mobile/15E148 Safari/604.1",{},URL Event 1 for Study 313699,c76261c3-a0ad-44f4-91e8-a21b27d32e62,{},Have you read this book?,"Yes, I'm reading it now",1,,Is this the kind of book you usually read?,Somewhat—it has some familiar elements,2,How did you find this book?,Recommended by a friend/family member,1,0,0,0,0,0,0,0,,"If you saw a list of books similar to what you're reading (or just finished),
what would you want to see beyond the title and author?",Reader ratings or reviews,0,0,0,1,0,0,0,0,0,,"When you're looking for a book similar to one you liked, what matters most to
you?",[skipped by user],,,,,,,,Where do you usually go to find your next book?,[skipped by user],,,,,,,,,,,,,,,,,,,,,,,,,Visitor,,,
372491,[BHB] Book Like / Visitors,38b52774-3aa3-4f56-aa78-781df64b31c2,https://www.supersummary.com/unreasonable-hospitality/chapters-1-3-summary/,07/09/2026 13:00:25,,,,Windows,Chrome,"Mozilla/5.0 (Windows NT 10.0; Win64; x64) AppleWebKit/537.36 (KHTML, like Gecko) Chrome/148.0.0.0 Safari/537.36",{},URL Event 1 for Study 313699,b83297a7-9ac7-4e36-818c-7d75cdf96e85,{},Have you read this book?,"Yes, I'm reading it now",1,,Is this the kind of book you usually read?,"No, this is a departure from what I usually read",3,,,,,,,,,,,,,,,,,,,,,,,,,,,,,,,,,,,,,,,,,,,,,,,,,,,,,,,,,,,Visitor,,,
372491,[BHB] Book Like / Visitors,46c6a7e0-2ce4-4019-b65a-93062de8923f,https://www.supersummary.com/hello-beautiful/summary/,07/09/2026 13:00:16,,,,iOS,Mobile Safari,"Mozilla/5.0 (iPhone; CPU iPhone OS 18_7 like Mac OS X) AppleWebKit/605.1.15 (KHTML, like Gecko) Version/26.5 Mobile/15E148 Safari/604.1",{},URL Event 1 for Study 313699,bd00e6d0-38bd-42ae-b9f9-9f4d7394ed5f,{},Have you read this book?,"Yes, I recently finished it",2,,,,,,,,,,,,,,,,,,,,,,,,,,,,,,,,,,,,,,,,,,,,,,,,,,,,,,,,hello-beautiful,,,,,,,Visitor,,,
372491,[BHB] Book Like / Visitors,740a114f-9007-4934-bbda-7512063ae61b,https://www.supersummary.com/strangers-on-a-train/summary/,07/09/2026 12:54:52,07/09/2026 12:58:01,,,Android,Chrome,"Mozilla/5.0 (Linux; Android 10; K) AppleWebKit/537.36 (KHTML, like Gecko) Chrome/150.0.0.0 Mobile Safari/537.36",{},URL Event 1 for Study 313699,8c0c7a05-7f5d-4125-98b5-f4fe8e2d9cde,{},Have you read this book?,"Yes, I recently finished it",2,,Is this the kind of book you usually read?,"No, this is a departure from what I usually read",3,How did you find this book?,Other,0,0,0,0,0,0,0,1,Book club,"If you saw a list of books similar to what you're reading (or just finished),
what would you want to see beyond the title and author?",Something else,0,0,0,0,0,0,0,0,1,I don't know,"When you're looking for a book similar to one you liked, what matters most to
you?",[skipped by user],,,,,,,,Where do you usually go to find your next book?,Entertaining historic and fiction,,,,,,,,,,,,,,,,,,,,,,,,,Visitor,,,
372491,[BHB] Book Like / Visitors,c0a89525-7a67-4005-8713-bcde4618b43a,https://www.supersummary.com/the-covenant-of-water/part-1-summary/,07/09/2026 12:52:56,,,,iOS,Mobile Safari,"Mozilla/5.0 (iPhone; CPU iPhone OS 18_7 like Mac OS X) AppleWebKit/605.1.15 (KHTML, like Gecko) Version/26.5 Mobile/15E148 Safari/604.1",{},URL Event 1 for Study 313699,2155f47f-ec77-4d0d-94cb-d5b3e22ba430,{},Have you read this book?,"Yes, I'm reading it now",1,,Is this the kind of book you usually read?,"No, this is a departure from what I usually read",3,How did you find this book?,Recommended by a friend/family member,1,0,0,0,0,0,0,0,,,,,,,,,,,,,,,,,,,,,,,,,,,,,,,,,,,,,,,,,,the-covenant-of-water,,,,,,,Visitor,,,
372491,[BHB] Book Like / Visitors,c71d4e34-ac53-4902-a637-6d473d362fe4,https://www.supersummary.com/portnoys-complaint/chapters-1-2-summary/,07/09/2026 12:48:42,,,,Mac OS,Chrome,"Mozilla/5.0 (Macintosh; Intel Mac OS X 10_15_7) AppleWebKit/537.36 (KHTML, like Gecko) Chrome/149.0.0.0 Safari/537.36",{},URL Event 1 for Study 313699,fc818d5d-d9f7-4752-a2e2-9258044b6aee,{},Have you read this book?,"Yes, I recently finished it",2,,Is this the kind of book you usually read?,Somewhat—it has some familiar elements,2,,,,,,,,,,,,,,,,,,,,,,,,,,,,,,,,,,,,,,,,,,,,,,,,,,,,portnoys-complaint,,,,,,,Visitor,,,
372491,[BHB] Book Like / Visitors,8fa824cc-57b2-401e-8f12-110009a8e46b,https://www.supersummary.com/big-sur/summary/,07/09/2026 12:48:16,,,,iOS,Mobile Safari,"Mozilla/5.0 (iPhone; CPU iPhone OS 18_7 like Mac OS X) AppleWebKit/605.1.15 (KHTML, like Gecko) Version/26.5 Mobile/15E148 Safari/604.1",{},URL Event 1 for Study 313699,9767c072-ce6a-4a53-a4f3-cfe95113b291,{},Have you read this book?,"No, I’m considering reading it",3,,,,,,,,,,,,,,,,,,,,,,,,,,,,,,,,,,,,,,,,,,,,,,,,,,,,,,,,,,,,,,,Visitor,,,
372491,[BHB] Book Like / Visitors,99bb684f-e341-4ea3-bb42-48cc789ce98d,https://www.supersummary.com/the-wager/summary/,07/09/2026 12:46:06,,1230174,,iOS,Edge,"Mozilla/5.0 (iPhone; CPU iPhone OS 26_5_0 like Mac OS X) AppleWebKit/605.1.15 (KHTML, like Gecko) EdgiOS/149.0.4022.96 Version/26.0 Mobile/15E148 Safari/604.1",{},URL Event 1 for Study 313699,1f4db15c-c854-4495-a482-70112c34c980,{},Have you read this book?,"Yes, I recently finished it",2,,Is this the kind of book you usually read?,"No, this is a departure from what I usually read",3,,,,,,,,,,,,,,,,,,,,,,,,,,,,,,,,,,,,,,,,,,,,book_club_member,u_3b615f035967af52,,,,,,,the-wager,,,,,,,Non Converter,,0,
372491,[BHB] Book Like / Visitors,517eb809-3129-4654-b56d-e79eadbbedf9,https://www.supersummary.com/the-berry-pickers/summary/?utm_source=google&utm_medium=cpc&utm_campaign=15170576117&utm_content=136161102464&utm_term=&gad_source=1&gad_campaignid=15170576117&gbraid=0AAAAADhUVAq5U97pdgYJP1QIhcgBqWzoX&gclid=Cj0KCQjwjb3SBhDgARIsAMKiWzjOMi6LQhVVVUktYp9jTMhinCA8B-hR6tpr8HEnaNJzX1LfMONmHpwaAh3kEALw_wcB,07/09/2026 12:45:56,,,,Mac OS,Safari,"Mozilla/5.0 (Macintosh; Intel Mac OS X 10_15_7) AppleWebKit/605.1.15 (KHTML, like Gecko) Version/26.5 Safari/605.1.15",{},URL Event 1 for Study 313699,791ba357-d06e-428e-b520-47937e14490a,{},Have you read this book?,"Yes, I recently finished it",2,,,,,,,,,,,,,,,,,,,,,,,,,,,,,,,,,,,,,,,,,,,,,,,,,,,,,,,,,,,,,,,Visitor,,,
372491,[BHB] Book Like / Visitors,2ed5f455-2b8c-4837-96e9-c20b341cef9d,https://www.supersummary.com/whistler-ann-patchett/summary/?searchId=a6232295-67d5-48e4-a7a7-2d10388d3db0&searchPosition=1,07/09/2026 12:45:21,,,,iOS,Mobile Safari,"Mozilla/5.0 (iPad; CPU OS 18_7 like Mac OS X) AppleWebKit/605.1.15 (KHTML, like Gecko) Version/26.5 Mobile/15E148 Safari/604.1",{},URL Event 1 for Study 313699,a2d7a161-305d-473c-998e-e37bd9d80041,{},Have you read this book?,"Yes, I'm reading it now",1,,Is this the kind of book you usually read?,Somewhat—it has some familiar elements,2,How did you find this book?,Recognized the author,0,0,0,0,1,0,0,0,,,,,,,,,,,,,,,,,,,,,,,,,,,,,,,,,,,,,,,,,,,,,,,,,Visitor,,,
372491,[BHB] Book Like / Visitors,1e3f74fa-75e8-45bb-b834-63e0ad0cf73b,https://www.supersummary.com/my-husbands-wife/summary/?utm_source=google&utm_medium=cpc&utm_campaign=22777360728&utm_content=&utm_term=&gad_source=1&gad_campaignid=22777363182&gbraid=0AAAAADhUVAomakCHPdc73DVokNKRtdxKE&gclid=Cj0KCQjwjb3SBhDgARIsAMKiWzgx3hAZ_HrAZVzfKfc_wAPUP-GWSfLsAtyEwDpGB4Ume6Pr9alMnGcaAsUYEALw_wcB,07/09/2026 12:45:16,07/09/2026 12:46:10,,,iOS,Mobile Safari,"Mozilla/5.0 (iPhone; CPU iPhone OS 18_7 like Mac OS X) AppleWebKit/605.1.15 (KHTML, like Gecko) Version/26.5 Mobile/15E148 Safari/604.1",{},URL Event 1 for Study 313699,9d09c1c3-f8be-4285-bb55-c8dc69ee0453,{},Have you read this book?,"Yes, I recently finished it",2,,Is this the kind of book you usually read?,Somewhat—it has some familiar elements,2,How did you find this book?,Saw it on a bestseller/trending list,0,0,0,1,0,0,0,0,,"If you saw a list of books similar to what you're reading (or just finished),
what would you want to see beyond the title and author?",Reader ratings or reviews,0,0,0,1,0,0,0,0,0,,"When you're looking for a book similar to one you liked, what matters most to
you?",[skipped by user],,,,,,,,Where do you usually go to find your next book?,[skipped by user],,,,,,,,,,,,,,,,,,my-husbands-wife,,,,,,,Visitor,,,
372491,[BHB] Book Like / Visitors,1820622b-1602-4d94-9550-82a686da8bee,https://www.supersummary.com/homecoming-morton/summary/,07/09/2026 12:44:58,,,,iOS,Chrome,"Mozilla/5.0 (iPhone; CPU iPhone OS 15_8 like Mac OS X) AppleWebKit/605.1.15 (KHTML, like Gecko) CriOS/125.0.6422.80 Mobile/15E148 Safari/604.1",{},URL Event 1 for Study 313699,9e097c5c-604f-42d2-ba6e-e6d374c011a8,{},Have you read this book?,"Yes, I recently finished it",2,,,,,,,,,,,,,,,,,,,,,,,,,,,,,,,,,,,,,,,,,,,,,,,,,,,,,,,,,,,,,,,Visitor,,,
372491,[BHB] Book Like / Visitors,6aa30cee-6cf5-4415-ae60-d2e9e9ee14cd,https://www.supersummary.com/el-filibusterismo/chapters-12-15-summary/#guide_page_title,07/09/2026 12:44:18,,,,Android,Chrome,"Mozilla/5.0 (Linux; Android 10; K) AppleWebKit/537.36 (KHTML, like Gecko) Chrome/149.0.0.0 Mobile Safari/537.36",{},URL Event 1 for Study 313699,306688c8-2b5c-4fd0-8593-d47173a79326,{},Have you read this book?,"No, I’m considering reading it",3,,Is this the kind of book you usually read?,Not sure,4,How did you find this book?,Recognized the author,0,0,0,0,1,0,0,0,,,,,,,,,,,,,,,,,,,,,,,,,,,,,,,,,,,,,,,,,,,,,,,,,Visitor,,,
372491,[BHB] Book Like / Visitors,190cb885-5e0d-47d1-a1b1-b5c9df325b98,https://www.supersummary.com/mate-ali-hazelwood/chapters-9-16-summary/#guide_page_title,07/09/2026 12:43:17,,,,iOS,GSA,"Mozilla/5.0 (iPhone; CPU iPhone OS 26_3_1 like Mac OS X) AppleWebKit/605.1.15 (KHTML, like Gecko) GSA/426.7.931869700 Mobile/15E148 Safari/604.1",{},URL Event 1 for Study 313699,57adc0a3-b24c-4c53-b422-9e5adc330ca6,{},Have you read this book?,"Yes, I'm reading it now",1,,Is this the kind of book you usually read?,"Yes, very typical for me",1,,,,,,,,,,,,,,,,,,,,,,,,,,,,,,,,,,,,,,,,,,,,,,,,,,,,mate-ali-hazelwood,,,,,,,Visitor,,,
372491,[BHB] Book Like / Visitors,3dd94da4-4abb-4a9a-8797-ea4022628978,https://www.supersummary.com/i-will-find-you/summary/,07/09/2026 12:41:47,,,,Mac OS,Chrome,"Mozilla/5.0 (Macintosh; Intel Mac OS X 10_15_7) AppleWebKit/537.36 (KHTML, like Gecko) Chrome/116.0.0.0 Safari/537.36",{},URL Event 1 for Study 313699,27b9467a-4739-41c4-86c6-9612588e9dc5,{},Have you read this book?,"No, I’m considering reading it",3,,Is this the kind of book you usually read?,Somewhat—it has some familiar elements,2,How did you find this book?,"Recognized the author, Searched for it specifically",0,0,0,0,1,1,0,0,,,,,,,,,,,,,,,,,,,,,,,,,,,,,,,,,,parent_of_student,,,,,,,,i-will-find-you,,,,,,,Visitor,,,
372491,[BHB] Book Like / Visitors,7d2c2cd2-fc74-4cd2-a14e-b05ece6bf499,https://www.supersummary.com/thats-not-my-name/summary/#guide_page_title,07/09/2026 12:40:29,,,,iOS,Mobile Safari,"Mozilla/5.0 (iPhone; CPU iPhone OS 18_7 like Mac OS X) AppleWebKit/605.1.15 (KHTML, like Gecko) Version/26.5 Mobile/15E148 Safari/604.1",{},URL Event 1 for Study 313699,92acd529-0c55-4d4a-8964-e98b6e170cfb,{},Have you read this book?,"Yes, I recently finished it",2,,,,,,,,,,,,,,,,,,,,,,,,,,,,,,,,,,,,,,,,,,,,,,,,,,,,,,,,,,,,,,,Visitor,,,
372491,[BHB] Book Like / Visitors,d91604a9-85ad-4141-a642-38d08b68b622,https://www.supersummary.com/the-deal/chapters-9-16-summary/,07/09/2026 12:39:01,07/09/2026 12:39:54,,,iOS,Mobile Safari,"Mozilla/5.0 (iPhone; CPU iPhone OS 18_7 like Mac OS X) AppleWebKit/605.1.15 (KHTML, like Gecko) Version/26.5 Mobile/15E148 Safari/604.1",{},URL Event 1 for Study 313699,0d9049a8-e19f-496d-af2e-e33309699a58,{},Have you read this book?,"No, I’m considering reading it",3,,Is this the kind of book you usually read?,Somewhat—it has some familiar elements,2,How did you find this book?,Searched for it specifically,0,0,0,0,0,1,0,0,,"If you saw a list of books similar to what you're reading (or just finished),
what would you want to see beyond the title and author?","Why it's similar (shared plot, theme, or mood), Reader ratings or reviews, Content or maturity warnings",1,0,0,1,0,1,0,0,0,,"When you're looking for a book similar to one you liked, what matters most to
you?",Content and age suitability,Content Suitability,,1,,,,,Where do you usually go to find your next book?,[skipped by user],,,,,,,,,,,,,,,,,,,,,,,,,Visitor,,,
372491,[BHB] Book Like / Visitors,0908de2b-b003-47ed-acf2-decd35bff33b,https://www.supersummary.com/the-graham-effect/chapters-10-20-summary/,07/09/2026 12:38:56,07/09/2026 12:39:56,,,Android,Chrome,"Mozilla/5.0 (Linux; Android 10; K) AppleWebKit/537.36 (KHTML, like Gecko) Chrome/149.0.0.0 Mobile Safari/537.36",{},URL Event 1 for Study 313699,07ceb2fa-2ede-45fe-b181-9d5ca1757abe,{},Have you read this book?,"Yes, I'm reading it now",1,,Is this the kind of book you usually read?,Somewhat—it has some familiar elements,2,How did you find this book?,Recognized the author,0,0,0,0,1,0,0,0,,"If you saw a list of books similar to what you're reading (or just finished),
what would you want to see beyond the title and author?","Why it's similar (shared plot, theme, or mood)",1,0,0,0,0,0,0,0,0,,"When you're looking for a book similar to one you liked, what matters most to
you?",[skipped by user],,,,,,,,Where do you usually go to find your next book?,[skipped by user],,,,,,,,,,,,,,,,,,the-graham-effect,,,,,,,Visitor,,,
372491,[BHB] Book Like / Visitors,654280dd-94d1-42d6-bdbf-a76290cf798f,https://www.supersummary.com/prince-caspian/summary/,07/09/2026 12:38:50,07/09/2026 12:40:15,,,iOS,Chrome,"Mozilla/5.0 (iPhone; CPU iPhone OS 15_8 like Mac OS X) AppleWebKit/605.1.15 (KHTML, like Gecko) CriOS/125.0.6422.80 Mobile/15E148 Safari/604.1",{},URL Event 1 for Study 313699,f661c353-d0d4-41cf-b71e-2a7491cb76b9,{},Have you read this book?,"Yes, I'm reading it now",1,,Is this the kind of book you usually read?,Somewhat—it has some familiar elements,2,How did you find this book?,Random browsing / stumbled on it,0,0,0,0,0,0,1,0,,"If you saw a list of books similar to what you're reading (or just finished),
what would you want to see beyond the title and author?","Why it's similar (shared plot, theme, or mood), Genre or subgenre, Whether it's part of a series",1,0,1,0,0,0,1,0,0,,"When you're looking for a book similar to one you liked, what matters most to
you?",Not much,,,,,,,,Where do you usually go to find your next book?,Kindle store,Online Platforms,,,,,1,,,,,,,,,,,,,,,,,,,Visitor,,,
372491,[BHB] Book Like / Visitors,e6fa2d7b-87b9-420d-b594-50d23cbb17db,https://www.supersummary.com/as-long-as-the-lemon-trees-grow/summary/,07/09/2026 12:38:36,,,,Android,Samsung Internet,"Mozilla/5.0 (Linux; Android 10; K) AppleWebKit/537.36 (KHTML, like Gecko) SamsungBrowser/30.0 Chrome/143.0.0.0 Mobile Safari/537.36",{},URL Event 1 for Study 313699,83c7d968-047b-43e6-b9d7-f736cacb6352,{},Have you read this book?,"Yes, I recently finished it",2,,,,,,,,,,,,,,,,,,,,,,,,,,,,,,,,,,,,,,,,,,,,,,,,,,,,,,,,as-long-as-the-lemon-trees-grow,,,,,,,Visitor,,,
372491,[BHB] Book Like / Visitors,06ee6734-162c-4f3c-94dc-71266eb8f9de,https://www.supersummary.com/theo-of-golden/chapter-55-epilogue-summary-summary/,07/09/2026 12:38:25,07/09/2026 12:39:07,,,Mac OS,Safari,"Mozilla/5.0 (Macintosh; Intel Mac OS X 10_15_7) AppleWebKit/605.1.15 (KHTML, like Gecko) Version/26.5 Safari/605.1.15",{},URL Event 1 for Study 313699,558067fd-3c93-4adc-8592-601074dd14af,{},Have you read this book?,"Yes, I recently finished it",2,,Is this the kind of book you usually read?,Somewhat—it has some familiar elements,2,How did you find this book?,Recommended by a friend/family member,1,0,0,0,0,0,0,0,,"If you saw a list of books similar to what you're reading (or just finished),
what would you want to see beyond the title and author?",Reader ratings or reviews,0,0,0,1,0,0,0,0,0,,"When you're looking for a book similar to one you liked, what matters most to
you?",Pace,Plot and Storyline,,,,1,,,Where do you usually go to find your next book?,Book club,Book Clubs,,1,,,,,,,book_club_member,,,,,,,,,,,,,,,Visitor,,,
372491,[BHB] Book Like / Visitors,0ad80c63-5c95-4b18-82f8-745dbfa5c69f,https://www.supersummary.com/the-last-one-at-the-wedding/summary/,07/09/2026 12:37:30,,,,iOS,Chrome,"Mozilla/5.0 (iPhone; CPU iPhone OS 26_5_0 like Mac OS X) AppleWebKit/605.1.15 (KHTML, like Gecko) CriOS/150.0.7871.51 Mobile/15E148 Safari/604.1",{},URL Event 1 for Study 313699,a61a925a-006e-4ebf-8b64-6cd5f29c7d69,{},Have you read this book?,"Yes, I recently finished it",2,,Is this the kind of book you usually read?,"Yes, very typical for me",1,How did you find this book?,Recommended by a friend/family member,1,0,0,0,0,0,0,0,,,,,,,,,,,,,,,,,,,,,,,,,,,,,,,,,,,,,,,,,,,,,,,,,Visitor,,,
372491,[BHB] Book Like / Visitors,98f60257-b300-4d7a-9380-d87e75d7a91f,https://www.supersummary.com/ordinary-grace/summary/#guide_page_title,07/09/2026 12:37:06,,,,iOS,Mobile Safari,"Mozilla/5.0 (iPhone; CPU iPhone OS 18_6 like Mac OS X) AppleWebKit/605.1.15 (KHTML, like Gecko) Version/26.5 Mobile/15E148 Safari/604.1 Ddg/26.5",{},URL Event 1 for Study 313699,86c2c84e-32b5-4ab1-b98f-37f140efe2bb,{},Have you read this book?,"Yes, I recently finished it",2,,Is this the kind of book you usually read?,"Yes, very typical for me",1,How did you find this book?,Random browsing / stumbled on it,0,0,0,0,0,0,1,0,,"If you saw a list of books similar to what you're reading (or just finished),
what would you want to see beyond the title and author?",Genre or subgenre,0,0,1,0,0,0,0,0,0,,,,,,,,,,,,,,,,,,,,,,,,,,,,,,,,,,,,,Visitor,,,
372491,[BHB] Book Like / Visitors,fcba5832-c6bf-4e1a-b787-28d777bce94a,https://www.supersummary.com/west-with-giraffes/chapter-11-epilogue-summary/,07/09/2026 12:37:00,,,,Windows,Chrome,"Mozilla/5.0 (Windows NT 10.0; Win64; x64) AppleWebKit/537.36 (KHTML, like Gecko) Chrome/150.0.0.0 Safari/537.36",{},URL Event 1 for Study 313699,63bc623d-ec8f-4031-8b6b-cca75d2128a1,{},Have you read this book?,"Yes, I recently finished it",2,,Is this the kind of book you usually read?,"Yes, very typical for me",1,,,,,,,,,,,,,,,,,,,,,,,,,,,,,,,,,,,,,,,,,,,,,,,,,,,,,,,,,,,Visitor,,,
