surveyId,surveyName,visitorId,href,createdAt,completedAt,userId,partnerAnonymousId,os,browser,userAgent,customMetadata,triggeringEvent,responseGroupUid,eventProperties,Q1_Question_Text,Q1_Response,Q1_Value,Q2_Question_Text,Q2_Response,Q2_Choice_1,Q2_Choice_2,Q2_Choice_3,Q2_Choice_4,Q2_Choice_5,Q2_Choice_6,Q2_Choice_7,Q2_Response_Other,Q3_Question_Text,Q3_Response,Q3_Choice_1,Q3_Choice_2,Q3_Choice_3,Q3_Choice_4,Q3_Choice_5,Q3_Choice_6,Q3_Response_Other,Q4_Question_Text,Q4_Response,Q4_Choice_1,Q4_Choice_2,Q4_Choice_3,Q4_Choice_4,Q4_Choice_5,Q4_Choice_6,Q4_Choice_7,Q4_Choice_8,Q4_Response_Other,Attribute_1,Attribute_2,Attribute_3,Attribute_4,Attribute_5,Attribute_6,Attribute_7,Attribute_8,Attribute_9,Attribute_10,Attribute_11,Attribute_12,Attribute_13,Attribute_14,Attribute_15,Attribute_16,Attribute_17,Attribute_18,Attribute_19,Attribute_20,Attribute_21
Survey ID,Survey Name,Visitor ID,URL,Created At,Completed At,User ID,Partner Anonymous ID,OS,Browser,User Agent,Custom Metadata,Triggering Event,Response Group ID,Event Properties,"Which best describes you when it comes to online polls—like quick opinion polls
about favorite characters, best endings, or hot takes on a story?*","Which best describes you when it comes to online polls—like quick opinion polls
about favorite characters, best endings, or hot takes on a story?*","Which best describes you when it comes to online polls—like quick opinion polls
about favorite characters, best endings, or hot takes on a story?*","When you vote in an online poll, why do you usually do it?*","When you vote in an online poll, why do you usually do it?*",To see if other people agree with me,To share an opinion I feel strongly about,It's quick and fun,To compare my take against the crowd,To feel part of a community,I was just curious what the poll would ask,Other,Other,What's the main thing you'd hope to get out of voting?*,What's the main thing you'd hope to get out of voting?*,Seeing how my opinion stacks up against everyone else's,Settling a question I'd been wondering about,Finding people who see it the way I do,Just registering my opinion—the results don't matter much to me,Discovering takes I hadn't considered,Other,Other,What would make voting feel worth it?*,What would make voting feel worth it?*,Seeing how everyone voted,Seeing how my answer compares to the crowd,A surprising or counterintuitive result,Seeing votes from people who see it the way I do,More polls to answer—a streak or collection to build,Getting to add my own hot take or question,"Honestly, just voting is enough",Other,Other,appVersion,audience,audienceCategory,email,firstName,gradeLevel,isStaff,isSubscribed,lastDownloadDate,lastName,last_visited_guide,osVersion,planId,planType,sdkVersion,status,subscribed,subscriberStatus,subscriptionDate,tenure,totalGuideDownloads
370720,[PIN] Hot Takes - User Behaviour,17a97071-5f51-40f2-8726-509570cc5870,https://www.supersummary.com/the-odyssey/summary/?gad_source=1&gad_campaignid=22777187955&gbraid=0AAAAADhUVAooqFF_YiHLqUfC-KAo0Y46j&gclid=Cj0KCQjwjvfSBhDpARIsAEiOpStqGcsyaxpMSLVqt7o3GUWzKIgMMn_VDhAOP2g6qSHLDzJ-iz47ioMaAmVdEALw_wcB,07/20/2026 11:05:50,,,,iOS,Mobile Safari,"Mozilla/5.0 (iPhone; CPU iPhone OS 18_7 like Mac OS X) AppleWebKit/605.1.15 (KHTML, like Gecko) Version/26.3 Mobile/15E148 Safari/604.1",{},URL Event 1 for Study 320571,2194cb5d-7617-4b1d-a986-4256f1c9550a,{},"Which best describes you when it comes to online polls—like quick opinion polls
about favorite characters, best endings, or hot takes on a story?",I vote when the topic interests me,2,,,,,,,,,,,,,,,,,,,,,,,,,,,,,,,,,,,,,,,,,,,,,,,,,,,
370720,[PIN] Hot Takes - User Behaviour,ca17fb0f-6dc2-4f01-b3e0-08f027ae9235,https://www.supersummary.com/the-mistake/summary/,07/20/2026 10:57:49,07/20/2026 10:57:49,,,iOS,GSA,"Mozilla/5.0 (iPhone; CPU iPhone OS 18_3_2 like Mac OS X) AppleWebKit/605.1.15 (KHTML, like Gecko) GSA/429.1.942703598 Mobile/15E148 Safari/604.1",{},URL Event 1 for Study 320571,ccbd310f-4862-49df-82e9-d331f5f32fa9,{},"Which best describes you when it comes to online polls—like quick opinion polls
about favorite characters, best endings, or hot takes on a story?",I've never voted in one,5,,,,,,,,,,,,,,,,,,,,,,,,,,,,,,,,,,,,,,,,,the-mistake,,,,,Visitor,,Visitor,,,
370720,[PIN] Hot Takes - User Behaviour,cb4ef6e6-1515-4074-b7f0-cf9f3e2724d8,https://www.supersummary.com/the-vegetarian/summary/?searchId=288dd197-96e2-4a9c-bd5e-03c3375cb621&searchPosition=1,07/20/2026 10:05:32,,243313,,Linux,Chrome,"Mozilla/5.0 (X11; Linux x86_64) AppleWebKit/537.36 (KHTML, like Gecko) Chrome/150.0.0.0 Safari/537.36",{},URL Event 1 for Study 320571,0369de7d-5de1-4721-b3a4-085069d29916,{},"Which best describes you when it comes to online polls—like quick opinion polls
about favorite characters, best endings, or hot takes on a story?",I rarely bother,4,,,,,,,,,,,,,,,,,,,,,,,,,,,,,,,,,teacher,u_c6c1b864873a1852,,other,,,2024-05-22T04:53:13.901-07:00,,old-gods-time,,annual,annual,,Active Subscriber,,Active Subscriber,2022-09-08T07:28:43.000-07:00,48,15
370720,[PIN] Hot Takes - User Behaviour,9f1b383c-3180-440b-9f53-95ea3856a38f,https://www.supersummary.com/a-curse-for-true-love/summary/,07/20/2026 09:36:39,07/20/2026 09:38:10,,,iOS,Chrome,"Mozilla/5.0 (iPhone; CPU iPhone OS 26_5_0 like Mac OS X) AppleWebKit/605.1.15 (KHTML, like Gecko) CriOS/150.0.7871.113 Mobile/15E148 Safari/604.1",{},URL Event 1 for Study 320571,c865829e-05da-4861-8c89-d6ba78211e5b,{},"Which best describes you when it comes to online polls—like quick opinion polls
about favorite characters, best endings, or hot takes on a story?",I vote when the topic interests me,2,"When you vote in an online poll, why do you usually do it?",To feel part of a community,0,0,0,0,1,0,0,,What's the main thing you'd hope to get out of voting?,Seeing how my opinion stacks up against everyone else's,1,0,0,0,0,0,,What would make voting feel worth it?,"Seeing how my answer compares to the crowd, A surprising or counterintuitive result, Seeing votes from people who see it the way I do, More polls to answer—a streak or collection to build, Getting to add my own hot take or question",0,1,1,1,1,1,0,0,,,,,,,,,,,,,,,,,,,Visitor,,,
370720,[PIN] Hot Takes - User Behaviour,1d96e21d-a93b-453c-ad12-f5d8cd7458fa,https://www.supersummary.com/nothing-twice/summary/,07/20/2026 08:35:58,07/20/2026 08:37:52,,,Android,Samsung Internet,"Mozilla/5.0 (Linux; Android 10; K) AppleWebKit/537.36 (KHTML, like Gecko) SamsungBrowser/30.0 Chrome/143.0.0.0 Mobile Safari/537.36",{},URL Event 1 for Study 320571,57483957-d726-4ed5-8b0a-f4d45cbd9229,{},"Which best describes you when it comes to online polls—like quick opinion polls
about favorite characters, best endings, or hot takes on a story?",I vote when the topic interests me,2,"When you vote in an online poll, why do you usually do it?",To share an opinion I feel strongly about,0,1,0,0,0,0,0,,What's the main thing you'd hope to get out of voting?,Discovering takes I hadn't considered,0,0,0,0,1,0,,What would make voting feel worth it?,"Seeing how everyone voted, Seeing how my answer compares to the crowd",1,1,0,0,0,0,0,0,,,,,,,,,,,,,,,,,,,Visitor,,,
370720,[PIN] Hot Takes - User Behaviour,57a27c85-efeb-4d11-84cc-f40893fdab99,https://www.supersummary.com/theo-of-golden/summary/?searchId=92c46461-1f5d-43c1-82e8-689054718310&searchPosition=1,07/20/2026 04:13:44,,,,iOS,Mobile Safari,"Mozilla/5.0 (iPhone; CPU iPhone OS 18_7 like Mac OS X) AppleWebKit/605.1.15 (KHTML, like Gecko) Version/26.5.2 Mobile/15E148 Safari/604.1",{},URL Event 1 for Study 320571,073bf9d2-aea5-44c9-8361-783aced15618,{},"Which best describes you when it comes to online polls—like quick opinion polls
about favorite characters, best endings, or hot takes on a story?",I'll vote on just about anything,1,,,,,,,,,,,,,,,,,,,,,,,,,,,,,,,,,,,,,,,,,,,,,,,,Visitor,,,
370720,[PIN] Hot Takes - User Behaviour,26f156ac-2e63-4da3-bf57-4cc99a2da6ee,https://www.supersummary.com/things-you-save-in-a-fire/summary/?searchId=9310c515-6898-4da0-9599-b7883e16ed6f&searchPosition=1,07/20/2026 03:16:11,07/20/2026 03:16:18,,,Android,Chrome,"Mozilla/5.0 (Linux; Android 10; K) AppleWebKit/537.36 (KHTML, like Gecko) Chrome/150.0.0.0 Mobile Safari/537.36",{},URL Event 1 for Study 320571,bac116e6-9d7b-4657-8927-0a6c4fe13bdb,{},"Which best describes you when it comes to online polls—like quick opinion polls
about favorite characters, best endings, or hot takes on a story?",I rarely bother,4,"When you vote in an online poll, why do you usually do it?",Other,0,0,0,0,0,0,1,Weak spot,What's the main thing you'd hope to get out of voting?,Just registering my opinion—the results don't matter much to me,0,0,0,1,0,0,,What would make voting feel worth it?,"Honestly, just voting is enough",0,0,0,0,0,0,1,0,,,,,,,,,,,,,,,,,,,Visitor,,,
370720,[PIN] Hot Takes - User Behaviour,180dab52-cea9-4624-9b27-be2f5bd9040f,https://www.supersummary.com/the-eye-of-the-bedlam-bride/summary/?utm_source=google&utm_medium=cpc&utm_campaign=17311150304&utm_content=&utm_term=&gad_source=1&gad_campaignid=17311151426&gbraid=0AAAAADhUVApBpuzj6Nuyexs3lCi0s418Y&gclid=Cj0KCQjw6_HSBhCpARIsANvVltZUF7z_qiPBQlF2BGSbUVd_1C1A3JwfFh3fmfrjNfRX1dAOPJpESnEaArStEALw_wcB,07/19/2026 21:33:18,07/19/2026 21:33:18,,,iOS,Chrome,"Mozilla/5.0 (iPhone; CPU iPhone OS 18_7_3 like Mac OS X) AppleWebKit/605.1.15 (KHTML, like Gecko) CriOS/150.0.7871.113 Mobile/15E148 Safari/604.1",{},URL Event 1 for Study 320571,af395d8c-7afe-46f3-ad0e-a03b02e0620f,{},"Which best describes you when it comes to online polls—like quick opinion polls
about favorite characters, best endings, or hot takes on a story?",I've never voted in one,5,,,,,,,,,,,,,,,,,,,,,,,,,,,,,,,,,,,,,,,,,the-eye-of-the-bedlam-bride,,,,,,,Visitor,,,
370720,[PIN] Hot Takes - User Behaviour,b4ded303-e1fb-4a76-8598-49eda8c46cba,https://www.supersummary.com/the-wasp-factory/summary/,07/19/2026 19:33:24,07/19/2026 19:33:23,,,iOS,Mobile Safari,"Mozilla/5.0 (iPhone; CPU iPhone OS 18_7 like Mac OS X) AppleWebKit/605.1.15 (KHTML, like Gecko) Version/26.5 Mobile/15E148 Safari/604.1",{},URL Event 1 for Study 320571,b70cc0fa-7935-4e39-8309-1aaa30709c80,{},"Which best describes you when it comes to online polls—like quick opinion polls
about favorite characters, best endings, or hot takes on a story?",I've never voted in one,5,,,,,,,,,,,,,,,,,,,,,,,,,,,,,,,,,,,,,,,,,,,,,,,,Visitor,,,
370720,[PIN] Hot Takes - User Behaviour,c08b5966-8ec9-4fba-ada0-bf25d8dc2aed,https://www.supersummary.com/the-outsiders/summary/#guide_page_title,07/19/2026 19:26:51,07/19/2026 19:26:51,,,iOS,Mobile Safari,"Mozilla/5.0 (iPhone; CPU iPhone OS 18_7 like Mac OS X) AppleWebKit/605.1.15 (KHTML, like Gecko) Version/26.5.2 Mobile/15E148 Safari/604.1",{},URL Event 1 for Study 320571,fdf28cfd-0fcd-41f2-a010-0fed5874c82d,{},"Which best describes you when it comes to online polls—like quick opinion polls
about favorite characters, best endings, or hot takes on a story?",I've never voted in one,5,,,,,,,,,,,,,,,,,,,,,,,,,,,,,,,,,,,,,,,,,,,,,,,,Visitor,,,
370720,[PIN] Hot Takes - User Behaviour,8c124f14-448e-48b3-8b0e-e460b31dbd00,https://www.supersummary.com/the-invisible-life-of-addie-la-rue/summary/?searchId=7750e88d-6095-44bf-afae-0df7a556620a&searchPosition=1,07/19/2026 15:56:33,,,,Android,Chrome,"Mozilla/5.0 (Linux; Android 10; K) AppleWebKit/537.36 (KHTML, like Gecko) Chrome/150.0.0.0 Mobile Safari/537.36",{},URL Event 1 for Study 320571,68c100cb-038b-4d49-a13e-eaa288ba7e67,{},"Which best describes you when it comes to online polls—like quick opinion polls
about favorite characters, best endings, or hot takes on a story?",I rarely bother,4,,,,,,,,,,,,,,,,,,,,,,,,,,,,,,,,,,,,,,,,,the-invisible-life-of-addie-la-rue,,,,,,,Visitor,,,
370720,[PIN] Hot Takes - User Behaviour,01d440bf-6f23-4a99-a9f3-a384a7549778,https://www.supersummary.com/theo-of-golden/summary/,07/19/2026 06:52:31,07/19/2026 06:54:37,,,Android,Chrome,"Mozilla/5.0 (Linux; Android 10; K) AppleWebKit/537.36 (KHTML, like Gecko) Chrome/150.0.0.0 Mobile Safari/537.36",{},URL Event 1 for Study 320571,f1e9100f-5a5e-4ab2-8961-9d0c3fdbc369,{},"Which best describes you when it comes to online polls—like quick opinion polls
about favorite characters, best endings, or hot takes on a story?",I vote when the topic interests me,2,"When you vote in an online poll, why do you usually do it?",To share an opinion I feel strongly about,0,1,0,0,0,0,0,,What's the main thing you'd hope to get out of voting?,Finding people who see it the way I do,0,0,1,0,0,0,,What would make voting feel worth it?,"Seeing how my answer compares to the crowd, Seeing votes from people who see it the way I do",0,1,0,1,0,0,0,0,,,,,,,,,,,,,,,,,,,Visitor,,,
370720,[PIN] Hot Takes - User Behaviour,e4deb8e0-246f-4911-ba10-1d2edbabcbab,https://www.supersummary.com/intermezzo/summary/?searchId=366edad4-15c6-4723-98c8-d03e26d4b582&searchPosition=1,07/19/2026 01:32:24,,1700325,,iOS,Mobile Safari,"Mozilla/5.0 (iPhone; CPU iPhone OS 18_7 like Mac OS X) AppleWebKit/605.1.15 (KHTML, like Gecko) Version/26.5.2 Mobile/15E148 Safari/604.1",{},URL Event 1 for Study 320571,f7c30ad2-3f21-4719-9261-c9f44ccd5f03,{},"Which best describes you when it comes to online polls—like quick opinion polls
about favorite characters, best endings, or hot takes on a story?",I vote when the topic interests me,2,,,,,,,,,,,,,,,,,,,,,,,,,,,,,,,,,book_club_member,u_1a8439789213f182,,,,,,,pachinko,,annual_plus,,,,,Visitor,,0,
370720,[PIN] Hot Takes - User Behaviour,a13631a7-574c-4c4e-99b7-86756b76f4fa,https://www.supersummary.com/shah-of-shahs/summary/,07/18/2026 17:54:44,07/18/2026 17:56:03,,,Android,Chrome,"Mozilla/5.0 (Linux; Android 10; K) AppleWebKit/537.36 (KHTML, like Gecko) Chrome/150.0.0.0 Mobile Safari/537.36",{},URL Event 1 for Study 320571,9c0163f1-8a26-4a48-b693-a9554ae7068a,{},"Which best describes you when it comes to online polls—like quick opinion polls
about favorite characters, best endings, or hot takes on a story?",I vote when the topic interests me,2,"When you vote in an online poll, why do you usually do it?",To share an opinion I feel strongly about,0,1,0,0,0,0,0,,What's the main thing you'd hope to get out of voting?,Seeing how my opinion stacks up against everyone else's,1,0,0,0,0,0,,What would make voting feel worth it?,Seeing how my answer compares to the crowd,0,1,0,0,0,0,0,0,,,,,,,,,,,,,,,,,,,Visitor,,,
370720,[PIN] Hot Takes - User Behaviour,87528377-a88f-4fb3-83d6-b271d3c4a299,https://www.supersummary.com/the-calculating-stars/summary/?utm_source=google&utm_medium=cpc&utm_campaign=22777360728&utm_content=&utm_term=&gad_source=1&gad_campaignid=22777363182&gclid=CjwKCAjwyOzSBhBTEiwAmxvJ-jS9C3NM_dKXWcTcHky8WAg5utBw32ZCpUuPaoVpbd2KQO0Op6KdNhoC_JUQAvD_BwE,07/18/2026 17:00:03,07/18/2026 17:01:14,,,Android,Firefox,Mozilla/5.0 (Android 13; Mobile; rv:152.0) Gecko/152.0 Firefox/152.0,{},URL Event 1 for Study 320571,25e03f11-6f36-4451-a27b-020edb30fb8f,{},"Which best describes you when it comes to online polls—like quick opinion polls
about favorite characters, best endings, or hot takes on a story?",I vote when the topic interests me,2,"When you vote in an online poll, why do you usually do it?",To compare my take against the crowd,0,0,0,1,0,0,0,,What's the main thing you'd hope to get out of voting?,Seeing how my opinion stacks up against everyone else's,1,0,0,0,0,0,,What would make voting feel worth it?,A surprising or counterintuitive result,0,0,1,0,0,0,0,0,,,,,,,,,,,,the-calculating-stars,,,,,,,Visitor,,,
370720,[PIN] Hot Takes - User Behaviour,9777f34e-8fc2-499f-83b7-d56d42dae9f1,https://www.supersummary.com/the-last-carolina-girl/summary/,07/18/2026 15:27:41,,,,iOS,GSA,"Mozilla/5.0 (iPhone; CPU iPhone OS 26_5_2 like Mac OS X) AppleWebKit/605.1.15 (KHTML, like Gecko) GSA/429.1.942703598 Mobile/15E148 Safari/604.1",{},URL Event 1 for Study 320571,e6f1253e-b308-469b-909b-ee60a72b01f9,{},"Which best describes you when it comes to online polls—like quick opinion polls
about favorite characters, best endings, or hot takes on a story?",I vote when the topic interests me,2,,,,,,,,,,,,,,,,,,,,,,,,,,,,,,,,,,,,,,,,,the-last-carolina-girl,,,,,,,Visitor,,,
370720,[PIN] Hot Takes - User Behaviour,b3343c8b-6981-4105-a9fe-a756efe5f7a2,https://www.supersummary.com/scandalous-lj-shen/summary/,07/18/2026 08:55:56,07/18/2026 08:57:44,,,Android,Chrome,"Mozilla/5.0 (Linux; Android 10; K) AppleWebKit/537.36 (KHTML, like Gecko) Chrome/150.0.0.0 Mobile Safari/537.36",{},URL Event 1 for Study 320571,599dff78-08a1-47f2-b68e-f20b041826bc,{},"Which best describes you when it comes to online polls—like quick opinion polls
about favorite characters, best endings, or hot takes on a story?",I'll vote on just about anything,1,"When you vote in an online poll, why do you usually do it?","To see if other people agree with me, To share an opinion I feel strongly about",1,1,0,0,0,0,0,,What's the main thing you'd hope to get out of voting?,Other,0,0,0,0,0,1,Simple,What would make voting feel worth it?,Other,0,0,0,0,0,0,0,1,Rien,,,,,,,,,,,,,,,,,,Visitor,,,
370720,[PIN] Hot Takes - User Behaviour,59589d11-1d83-46d3-8015-8f03d54b8a56,https://www.supersummary.com/theo-of-golden/summary/?utm_source=google&utm_medium=cpc&utm_campaign=22777285413&utm_content=&utm_term=&gad_source=1&gad_campaignid=22777285614&gbraid=0AAAAADhUVAobdEhYr2Hgi_dz-41MpcIt-&gclid=CjwKCAjwpefSBhBvEiwAzyEtZ1L7qfTy1RrsJBCc_AsnqCoI7rANk12NsASk3oHlQ8dm385Y814IUBoCdOAQAvD_BwE,07/18/2026 03:36:16,07/18/2026 03:36:16,,,iOS,Mobile Safari,"Mozilla/5.0 (iPhone; CPU iPhone OS 18_7 like Mac OS X) AppleWebKit/605.1.15 (KHTML, like Gecko) Version/26.5.2 Mobile/15E148 Safari/604.1",{},URL Event 1 for Study 320571,0ded61ce-02a2-4717-95d0-4e451e61ef43,{},"Which best describes you when it comes to online polls—like quick opinion polls
about favorite characters, best endings, or hot takes on a story?",I've never voted in one,5,,,,,,,,,,,,,,,,,,,,,,,,,,,,,,,,,,,,,,,,,theo-of-golden,,,,,,,Visitor,,,
370720,[PIN] Hot Takes - User Behaviour,e227ec8a-20be-4644-9e79-3d4b4e8265b7,https://www.supersummary.com/a-question-of-power/summary/,07/17/2026 23:08:28,,,,iOS,GSA,"Mozilla/5.0 (iPhone; CPU iPhone OS 18_7_8 like Mac OS X) AppleWebKit/605.1.15 (KHTML, like Gecko) GSA/429.1.942703598 Mobile/15E148 Safari/604.1",{},URL Event 1 for Study 320571,7e1bdc83-b3e1-447e-b011-43aa2ac84432,{},"Which best describes you when it comes to online polls—like quick opinion polls
about favorite characters, best endings, or hot takes on a story?",I rarely bother,4,"When you vote in an online poll, why do you usually do it?",I was just curious what the poll would ask,0,0,0,0,0,1,0,,,,,,,,,,,,,,,,,,,,,,,,,,,,,,,,,,,,,,,Visitor,,,
370720,[PIN] Hot Takes - User Behaviour,cbc686e4-7a49-471c-9ffc-c389678e039c,https://www.supersummary.com/big-stone-gap/summary/?utm_source=google&utm_medium=cpc&utm_campaign=22777285413&utm_content=&utm_term=&gad_source=1&gad_campaignid=22777285614&gbraid=0AAAAADhUVAoQPYLTb9jr0-1EPJ-6bDumk&gclid=CjwKCAjwpefSBhBvEiwAzyEtZ8cJCpNvxiFA1RErrOTCYNOuZqVe4WalG7S1lHOOw8W1raXcCZ6k7xoCrBkQAvD_BwE,07/17/2026 21:42:08,,,,iOS,Mobile Safari,"Mozilla/5.0 (iPhone; CPU iPhone OS 18_7 like Mac OS X) AppleWebKit/605.1.15 (KHTML, like Gecko) Version/26.5 Mobile/15E148 Safari/604.1",{},URL Event 1 for Study 320571,51c2baac-759e-44a7-8c93-0ea835e6cbb3,{},"Which best describes you when it comes to online polls—like quick opinion polls
about favorite characters, best endings, or hot takes on a story?",I rarely bother,4,,,,,,,,,,,,,,,,,,,,,,,,,,,,,,,,,,,,,,,,,big-stone-gap,,,,,,,Visitor,,,
370720,[PIN] Hot Takes - User Behaviour,792f825d-4d4d-4add-8886-3ad1164d5f49,https://www.supersummary.com/enchantra/summary/?utm_source=google&utm_medium=cpc&utm_campaign=15170576117&utm_content=136161102464&utm_term=&gad_source=1&gad_campaignid=15170576117&gbraid=0AAAAADhUVArsbMbVoWz3p-XatBvsLnV95&gclid=CjwKCAjwpefSBhBvEiwAzyEtZ2_HmimW-je3CQvdA7JhBh8mXhhgd7XH7xLb-_eA6cVJB_p4UAmi8BoCp6EQAvD_BwE,07/17/2026 20:18:29,07/17/2026 20:18:50,,,iOS,Chrome,"Mozilla/5.0 (iPhone; CPU iPhone OS 26_5_0 like Mac OS X) AppleWebKit/605.1.15 (KHTML, like Gecko) CriOS/150.0.7871.113 Mobile/15E148 Safari/604.1",{},URL Event 1 for Study 320571,59af103e-d1ca-4514-bf5e-e35f9a1c3f46,{},"Which best describes you when it comes to online polls—like quick opinion polls
about favorite characters, best endings, or hot takes on a story?",I rarely bother,4,"When you vote in an online poll, why do you usually do it?",I was just curious what the poll would ask,0,0,0,0,0,1,0,,What's the main thing you'd hope to get out of voting?,Seeing how my opinion stacks up against everyone else's,1,0,0,0,0,0,,What would make voting feel worth it?,Seeing how my answer compares to the crowd,0,1,0,0,0,0,0,0,,,,book_club_member,,,,,,,,phantasma,,,,,,,Visitor,,,
370720,[PIN] Hot Takes - User Behaviour,7a6fd94c-60e9-457a-909d-ac5146d4e727,https://www.supersummary.com/the-perfect-child/summary/,07/17/2026 20:15:27,,,,Android,Chrome,"Mozilla/5.0 (Linux; Android 10; K) AppleWebKit/537.36 (KHTML, like Gecko) Chrome/150.0.0.0 Mobile Safari/537.36",{},URL Event 1 for Study 320571,075eab72-7939-4fc6-a96b-41655398e5cc,{},"Which best describes you when it comes to online polls—like quick opinion polls
about favorite characters, best endings, or hot takes on a story?",I rarely bother,4,,,,,,,,,,,,,,,,,,,,,,,,,,,,,,,,,,,,,,,,,,,,,,,,Visitor,,,
370720,[PIN] Hot Takes - User Behaviour,a9ba4a03-61ac-4c51-8cc4-daeeac98ccd2,https://www.supersummary.com/theo-of-golden/summary/,07/17/2026 10:05:58,07/17/2026 10:05:57,,,Android,Chrome,"Mozilla/5.0 (Linux; Android 10; K) AppleWebKit/537.36 (KHTML, like Gecko) Chrome/138.0.0.0 Mobile Safari/537.36",{},URL Event 1 for Study 320571,a2232f35-5656-4c7d-8962-de83af2e5f92,{},"Which best describes you when it comes to online polls—like quick opinion polls
about favorite characters, best endings, or hot takes on a story?",I've never voted in one,5,,,,,,,,,,,,,,,,,,,,,,,,,,,,,,,,,,,,,,,,,theo-of-golden,,,,,,,Visitor,,,
370720,[PIN] Hot Takes - User Behaviour,fab0952b-0b85-4313-83fc-588aa353b224,https://www.supersummary.com/the-perfect-child/summary/,07/17/2026 10:02:19,07/17/2026 10:02:18,,,iOS,Chrome,"Mozilla/5.0 (iPhone; CPU iPhone OS 26_5_0 like Mac OS X) AppleWebKit/605.1.15 (KHTML, like Gecko) CriOS/150.0.7871.51 Mobile/15E148 Safari/604.1",{},URL Event 1 for Study 320571,e132941d-ee6a-4a9b-beea-9b75408069f3,{},"Which best describes you when it comes to online polls—like quick opinion polls
about favorite characters, best endings, or hot takes on a story?",I've never voted in one,5,,,,,,,,,,,,,,,,,,,,,,,,,,,,,,,,,,,,,,,,,,,,,,,,Visitor,,,
370720,[PIN] Hot Takes - User Behaviour,51f6c7df-41af-4205-afd6-e1b88d711fec,https://www.supersummary.com/the-thursday-murder-club/summary/,07/17/2026 00:58:02,,,,Mac OS,Safari,"Mozilla/5.0 (Macintosh; Intel Mac OS X 10_15_7) AppleWebKit/605.1.15 (KHTML, like Gecko) Version/27.0 Safari/605.1.15",{},URL Event 1 for Study 320571,e62d67b4-ba1c-4d1b-b885-4831e9858025,{},"Which best describes you when it comes to online polls—like quick opinion polls
about favorite characters, best endings, or hot takes on a story?",I vote when I have a strong opinion,3,"When you vote in an online poll, why do you usually do it?",To share an opinion I feel strongly about,0,1,0,0,0,0,0,,,,,,,,,,,,,,,,,,,,,,,,,,,,,,,,the-thursday-murder-club,,,,,,,Visitor,,,
370720,[PIN] Hot Takes - User Behaviour,25f95141-fa50-428e-b2fc-bfc0ab2ac0a3,https://www.supersummary.com/book-of-ages/summary/,07/16/2026 23:07:05,07/16/2026 23:08:00,,,iOS,Mobile Safari,"Mozilla/5.0 (iPhone; CPU iPhone OS 18_7 like Mac OS X) AppleWebKit/605.1.15 (KHTML, like Gecko) Version/26.5.2 Mobile/15E148 Safari/604.1",{},URL Event 1 for Study 320571,4d7603c0-1383-4677-b478-12b083c18e89,{},"Which best describes you when it comes to online polls—like quick opinion polls
about favorite characters, best endings, or hot takes on a story?",I'll vote on just about anything,1,"When you vote in an online poll, why do you usually do it?",I was just curious what the poll would ask,0,0,0,0,0,1,0,,What's the main thing you'd hope to get out of voting?,Seeing how my opinion stacks up against everyone else's,1,0,0,0,0,0,,What would make voting feel worth it?,Seeing how my answer compares to the crowd,0,1,0,0,0,0,0,0,,,,,,,,,,,,,,,,,,,Visitor,,,
370720,[PIN] Hot Takes - User Behaviour,f548a245-ce4f-4fe8-bb71-bf39a3bf7673,https://www.supersummary.com/my-husbands-wife/summary/#guide_page_title,07/16/2026 19:09:26,07/16/2026 19:10:30,,,iOS,Mobile Safari,"Mozilla/5.0 (iPhone; CPU iPhone OS 18_7 like Mac OS X) AppleWebKit/605.1.15 (KHTML, like Gecko) Version/26.5.2 Mobile/15E148 Safari/604.1",{},URL Event 1 for Study 320571,94e8ee97-ccb7-4ecd-8dbc-2aacd47f614a,{},"Which best describes you when it comes to online polls—like quick opinion polls
about favorite characters, best endings, or hot takes on a story?",I vote when the topic interests me,2,"When you vote in an online poll, why do you usually do it?",To compare my take against the crowd,0,0,0,1,0,0,0,,What's the main thing you'd hope to get out of voting?,Seeing how my opinion stacks up against everyone else's,1,0,0,0,0,0,,What would make voting feel worth it?,"Seeing how everyone voted, Seeing how my answer compares to the crowd",1,1,0,0,0,0,0,0,,,,,,,,,,,,my-husbands-wife,,,,,,,Visitor,,,
370720,[PIN] Hot Takes - User Behaviour,645990bd-3ba0-4d55-9a52-0ba7d29f89b1,https://www.supersummary.com/death-of-the-author/summary/,07/16/2026 17:17:27,07/16/2026 17:18:29,1698711,,iOS,GSA,"Mozilla/5.0 (iPad; CPU OS 26_5_2 like Mac OS X) AppleWebKit/605.1.15 (KHTML, like Gecko) GSA/429.1.942703598 Mobile/15E148 Safari/604.1",{},URL Event 1 for Study 320571,84fb7ba1-8fa3-4fc5-b39f-a7150548edf2,{},"Which best describes you when it comes to online polls—like quick opinion polls
about favorite characters, best endings, or hot takes on a story?",I vote when the topic interests me,2,"When you vote in an online poll, why do you usually do it?",To share an opinion I feel strongly about,0,1,0,0,0,0,0,,What's the main thing you'd hope to get out of voting?,Seeing how my opinion stacks up against everyone else's,1,0,0,0,0,0,,What would make voting feel worth it?,Seeing how everyone voted,1,0,0,0,0,0,0,0,,,,book_club_member,u_8bc40a735cf76cc7,,,,,,,,,,,,,,Non Converter,,0,
370720,[PIN] Hot Takes - User Behaviour,6a45859a-1a38-4537-a537-4dea981d2b2c,https://www.supersummary.com/the-measure/summary/?searchId=0f4f3968-149b-4703-a7b6-c9a068b7982d&searchPosition=1,07/16/2026 16:51:32,,,,iOS,GSA,"Mozilla/5.0 (iPad; CPU OS 17_5_1 like Mac OS X) AppleWebKit/605.1.15 (KHTML, like Gecko) GSA/429.1.942703598 Mobile/15E148 Safari/604.1",{},URL Event 1 for Study 320571,65a1190d-efc8-4910-a6e5-9b395260f798,{},"Which best describes you when it comes to online polls—like quick opinion polls
about favorite characters, best endings, or hot takes on a story?",I vote when I have a strong opinion,3,"When you vote in an online poll, why do you usually do it?",To share an opinion I feel strongly about,0,1,0,0,0,0,0,,,,,,,,,,,,,,,,,,,,,,,,other,,,,,,,,,,,,,,,Visitor,,,
370720,[PIN] Hot Takes - User Behaviour,e2f97bbe-7779-48d0-8c65-19ae8651036d,https://www.supersummary.com/cant-hurt-me/summary/,07/16/2026 15:42:47,,,,Android,Chrome,"Mozilla/5.0 (Linux; Android 10; K) AppleWebKit/537.36 (KHTML, like Gecko) Chrome/149.0.0.0 Mobile Safari/537.36",{},URL Event 1 for Study 320571,204b6b86-ea66-460e-8d53-f8f45cf50bdb,{},"Which best describes you when it comes to online polls—like quick opinion polls
about favorite characters, best endings, or hot takes on a story?",I vote when the topic interests me,2,,,,,,,,,,,,,,,,,,,,,,,,,,,,,,,,,,,,,,,,,,,,,,,,Visitor,,,
370720,[PIN] Hot Takes - User Behaviour,6ea920f4-a346-4060-ae57-508a0a3c837a,https://www.supersummary.com/lucky-stapley/summary/?searchId=c7e40933-90bd-4adb-bd43-57570aa30bd0&searchPosition=1,07/16/2026 14:44:24,07/16/2026 14:44:23,,,iOS,Mobile Safari,"Mozilla/5.0 (iPhone; CPU iPhone OS 18_7 like Mac OS X) AppleWebKit/605.1.15 (KHTML, like Gecko) Version/26.5 Mobile/15E148 Safari/604.1",{},URL Event 1 for Study 320571,1b294197-43a1-4c8d-b128-8d9378547938,{},"Which best describes you when it comes to online polls—like quick opinion polls
about favorite characters, best endings, or hot takes on a story?",I've never voted in one,5,,,,,,,,,,,,,,,,,,,,,,,,,,,,,,,,,,,,,,,,,the-favorites,,,,,,,Visitor,,,
370720,[PIN] Hot Takes - User Behaviour,7d64e2f9-f939-4eee-96bb-d3d277ebcf99,https://www.supersummary.com/the-fountains-of-silence/summary/,07/16/2026 13:15:33,,,,Windows,Chrome,"Mozilla/5.0 (Windows NT 10.0; Win64; x64) AppleWebKit/537.36 (KHTML, like Gecko) Chrome/136.0.0.0 Safari/537.36",{},URL Event 1 for Study 320571,07000f6e-88d7-4901-aae6-f87eba25a73f,{},"Which best describes you when it comes to online polls—like quick opinion polls
about favorite characters, best endings, or hot takes on a story?",I vote when the topic interests me,2,,,,,,,,,,,,,,,,,,,,,,,,,,,,,,,,,,,,,,,,,the-fountains-of-silence,,,,,,,Visitor,,,
370720,[PIN] Hot Takes - User Behaviour,c335e0ca-5244-4f82-85d5-12afdbe6d4b3,https://www.supersummary.com/mother-of-death-dawn/summary/,07/16/2026 11:34:23,,,,Android,Chrome,"Mozilla/5.0 (Linux; Android 10; K) AppleWebKit/537.36 (KHTML, like Gecko) Chrome/150.0.0.0 Mobile Safari/537.36",{},URL Event 1 for Study 320571,3cb09779-404f-4032-b043-068351cbae0f,{},"Which best describes you when it comes to online polls—like quick opinion polls
about favorite characters, best endings, or hot takes on a story?",I vote when the topic interests me,2,,,,,,,,,,,,,,,,,,,,,,,,,,,,,,,,,,,,,,,,,,,,,,,,Visitor,,,
370720,[PIN] Hot Takes - User Behaviour,18fe84f5-a1fc-43f5-ab74-f1a3062e250c,https://www.supersummary.com/fall-with-me-becka-mack/summary/,07/16/2026 04:22:23,07/16/2026 04:22:22,,,iOS,Mobile Safari,"Mozilla/5.0 (iPhone; CPU iPhone OS 18_7 like Mac OS X) AppleWebKit/605.1.15 (KHTML, like Gecko) Version/26.5 Mobile/15E148 Safari/604.1",{},URL Event 1 for Study 320571,9628b7fe-736e-453c-b8b1-31f1fe800c41,{},"Which best describes you when it comes to online polls—like quick opinion polls
about favorite characters, best endings, or hot takes on a story?",I've never voted in one,5,,,,,,,,,,,,,,,,,,,,,,,,,,,,,,,,,,,,,,,,,the-fake-out,,,,,,,Visitor,,,
370720,[PIN] Hot Takes - User Behaviour,51758c58-914b-4caf-9702-ef21d129a8b7,https://www.supersummary.com/naked-lunch/summary/#guide_page_title,07/16/2026 03:33:29,07/16/2026 03:33:29,,,iOS,Mobile Safari,"Mozilla/5.0 (iPhone; CPU iPhone OS 18_7 like Mac OS X) AppleWebKit/605.1.15 (KHTML, like Gecko) Version/26.5 Mobile/15E148 Safari/604.1",{},URL Event 1 for Study 320571,e58509a1-05cc-4530-9af3-fe3d274e79bf,{},"Which best describes you when it comes to online polls—like quick opinion polls
about favorite characters, best endings, or hot takes on a story?",I've never voted in one,5,,,,,,,,,,,,,,,,,,,,,,,,,,,,,,,,,,,,,,,,,naked-lunch,,,,,,,Visitor,,,
370720,[PIN] Hot Takes - User Behaviour,b83e1870-55f9-4a04-910b-54eee50d1058,https://www.supersummary.com/alabama-moon/summary/#guide_page_title,07/16/2026 03:07:36,07/16/2026 03:08:16,,,iOS,Mobile Safari,"Mozilla/5.0 (iPhone; CPU iPhone OS 18_7 like Mac OS X) AppleWebKit/605.1.15 (KHTML, like Gecko) Version/26.5.2 Mobile/15E148 Safari/604.1",{},URL Event 1 for Study 320571,ffe22c80-5963-4605-8cde-e756ad589153,{},"Which best describes you when it comes to online polls—like quick opinion polls
about favorite characters, best endings, or hot takes on a story?",I vote when the topic interests me,2,"When you vote in an online poll, why do you usually do it?","To share an opinion I feel strongly about, I was just curious what the poll would ask",0,1,0,0,0,1,0,,What's the main thing you'd hope to get out of voting?,Just registering my opinion—the results don't matter much to me,0,0,0,1,0,0,,What would make voting feel worth it?,A surprising or counterintuitive result,0,0,1,0,0,0,0,0,,,,,,,,,,,,,,,,,,,Visitor,,,
370720,[PIN] Hot Takes - User Behaviour,7e585793-f41a-4e24-b0cf-8ef487bc47a1,https://www.supersummary.com/time-of-the-child/summary/?searchId=fed375fe-b900-498e-846c-dea9cda14708&searchPosition=1,07/15/2026 15:33:38,,,,Android,Chrome,"Mozilla/5.0 (Linux; Android 10; K) AppleWebKit/537.36 (KHTML, like Gecko) Chrome/150.0.0.0 Mobile Safari/537.36",{},URL Event 1 for Study 320571,563c1419-e053-4b5c-b0f1-3fae2c6347e8,{},"Which best describes you when it comes to online polls—like quick opinion polls
about favorite characters, best endings, or hot takes on a story?",I rarely bother,4,"When you vote in an online poll, why do you usually do it?","To share an opinion I feel strongly about, To compare my take against the crowd",0,1,0,1,0,0,0,,,,,,,,,,,,,,,,,,,,,,,,,,,,,,,,,,,,,,,Visitor,,,
370720,[PIN] Hot Takes - User Behaviour,f26aa401-ab87-4996-b736-1d00cd382e0a,https://www.supersummary.com/winter-garden-hannah/summary/?searchId=41fdd8eb-7245-4a27-b852-40d956d21a4c&searchPosition=1,07/15/2026 15:01:40,,611583,,Mac OS,Safari,"Mozilla/5.0 (Macintosh; Intel Mac OS X 10_15_7) AppleWebKit/605.1.15 (KHTML, like Gecko) Version/26.5 Safari/605.1.15",{},URL Event 1 for Study 320571,61a12162-ba28-40f7-abea-68e2fcebdaa4,{},"Which best describes you when it comes to online polls—like quick opinion polls
about favorite characters, best endings, or hot takes on a story?",I vote when the topic interests me,2,,,,,,,,,,,,,,,,,,,,,,,,,,,,,,,,book_club_member,book_club_member,u_bcdafab1863fad40,[name],null,false,true,,[name],winter-garden-hannah,,annual,annual,,Active Subscriber,true,Active Subscriber,2024-07-16T07:07:59.000-07:00,25,
370720,[PIN] Hot Takes - User Behaviour,1e7c099d-c1de-4337-90fc-b81541569bdc,https://www.supersummary.com/the-correspondent/summary/,07/15/2026 13:55:46,07/15/2026 13:58:07,,,Android,Chrome,"Mozilla/5.0 (Linux; Android 10; K) AppleWebKit/537.36 (KHTML, like Gecko) Chrome/150.0.0.0 Mobile Safari/537.36",{},URL Event 1 for Study 320571,69da1222-2222-4665-919e-066b3579355a,{},"Which best describes you when it comes to online polls—like quick opinion polls
about favorite characters, best endings, or hot takes on a story?",I vote when the topic interests me,2,"When you vote in an online poll, why do you usually do it?","To see if other people agree with me, To share an opinion I feel strongly about, It's quick and fun",1,1,1,0,0,0,0,,What's the main thing you'd hope to get out of voting?,"Settling a question I'd been wondering about, Discovering takes I hadn't considered",0,1,0,0,1,0,,What would make voting feel worth it?,"Seeing how everyone voted, Seeing how my answer compares to the crowd, A surprising or counterintuitive result",1,1,1,0,0,0,0,0,,,,librarian,,,,,,,,the-correspondent,,,,,,,Visitor,,,
370720,[PIN] Hot Takes - User Behaviour,ce0d1548-5f44-46b7-98c9-45cbfbf526b6,https://www.supersummary.com/land-maggie-ofarrell/summary/,07/15/2026 09:25:01,07/15/2026 09:26:15,,,iOS,Mobile Safari,"Mozilla/5.0 (iPhone; CPU iPhone OS 18_7 like Mac OS X) AppleWebKit/605.1.15 (KHTML, like Gecko) Version/26.5.2 Mobile/15E148 Safari/604.1",{},URL Event 1 for Study 320571,41ef9816-3eab-4a79-aa55-2640e85b446c,{},"Which best describes you when it comes to online polls—like quick opinion polls
about favorite characters, best endings, or hot takes on a story?",I vote when I have a strong opinion,3,"When you vote in an online poll, why do you usually do it?",To share an opinion I feel strongly about,0,1,0,0,0,0,0,,What's the main thing you'd hope to get out of voting?,Just registering my opinion—the results don't matter much to me,0,0,0,1,0,0,,What would make voting feel worth it?,"Honestly, just voting is enough",0,0,0,0,0,0,1,0,,,,,,,,,,,,land-maggie-ofarrell,,,,,,,Visitor,,,
370720,[PIN] Hot Takes - User Behaviour,658e6b1e-76a6-48d3-9245-63a49c67f81f,https://www.supersummary.com/abnkkbsnplako/summary/,07/15/2026 06:46:35,,,,Android,Chrome,"Mozilla/5.0 (Linux; Android 10; K) AppleWebKit/537.36 (KHTML, like Gecko) Chrome/150.0.0.0 Mobile Safari/537.36",{},URL Event 1 for Study 320571,f78d94a7-8649-4947-b00a-dd2b97e7f02a,{},"Which best describes you when it comes to online polls—like quick opinion polls
about favorite characters, best endings, or hot takes on a story?",I rarely bother,4,,,,,,,,,,,,,,,,,,,,,,,,,,,,,,,,,,,,,,,,,abnkkbsnplako,,,,,,,Visitor,,,
370720,[PIN] Hot Takes - User Behaviour,e3b416ea-5f8f-46da-8248-0be0b7a39605,https://www.supersummary.com/the-grey-wolf/summary/?utm_source=google&utm_medium=cpc&utm_campaign=15170576117&utm_content=136161102464&utm_term=&gad_source=1&gad_campaignid=15170576117&gbraid=0AAAAADhUVArFWuu6i7lbm3yhYdllQ_-3T&gclid=CjwKCAjwvNfSBhBiEiwAyaGMCbInVNojD9NWwPvsaDhleQLE6XlH8XHfQ8ibgMldxp2nmb3YPvkopRoCql8QAvD_BwE,07/15/2026 04:51:21,07/15/2026 04:51:39,,,iOS,Chrome,"Mozilla/5.0 (iPhone; CPU iPhone OS 26_5_0 like Mac OS X) AppleWebKit/605.1.15 (KHTML, like Gecko) CriOS/150.0.7871.113 Mobile/15E148 Safari/604.1",{},URL Event 1 for Study 320571,0104dcee-16bc-4c68-97ec-3d8d465f4fb0,{},"Which best describes you when it comes to online polls—like quick opinion polls
about favorite characters, best endings, or hot takes on a story?",I vote when the topic interests me,2,"When you vote in an online poll, why do you usually do it?",To feel part of a community,0,0,0,0,1,0,0,,What's the main thing you'd hope to get out of voting?,Just registering my opinion—the results don't matter much to me,0,0,0,1,0,0,,What would make voting feel worth it?,Seeing how my answer compares to the crowd,0,1,0,0,0,0,0,0,,,,,,,,,,,,,,,,,,,Visitor,,,
370720,[PIN] Hot Takes - User Behaviour,4e429600-2530-492a-bc3f-5157a63e40fe,https://www.supersummary.com/is-google-making-us-stupid/summary/,07/14/2026 22:45:26,,,,Android,Samsung Internet,"Mozilla/5.0 (Linux; Android 10; K) AppleWebKit/537.36 (KHTML, like Gecko) SamsungBrowser/30.0 Chrome/143.0.0.0 Mobile Safari/537.36",{},URL Event 1 for Study 320571,c81f3146-b48a-4432-a584-84f7f428fdad,{},"Which best describes you when it comes to online polls—like quick opinion polls
about favorite characters, best endings, or hot takes on a story?",I vote when the topic interests me,2,,,,,,,,,,,,,,,,,,,,,,,,,,,,,,,,,librarian,,,,,,,,is-google-making-us-stupid,,,,,,,Visitor,,,
370720,[PIN] Hot Takes - User Behaviour,f33aa0c6-b1c0-4e32-8442-2a5cfefb6e97,https://www.supersummary.com/the-grandest-game/summary/,07/14/2026 19:09:39,07/14/2026 19:10:05,,,Mac OS,Safari,"Mozilla/5.0 (Macintosh; Intel Mac OS X 10_15_7) AppleWebKit/605.1.15 (KHTML, like Gecko) Version/26.5.2 Safari/605.1.15",{},URL Event 1 for Study 320571,a0178afe-9a64-4401-9551-0141eab64e34,{},"Which best describes you when it comes to online polls—like quick opinion polls
about favorite characters, best endings, or hot takes on a story?",I vote when the topic interests me,2,"When you vote in an online poll, why do you usually do it?","To see if other people agree with me, To share an opinion I feel strongly about, It's quick and fun",1,1,1,0,0,0,0,,What's the main thing you'd hope to get out of voting?,"Seeing how my opinion stacks up against everyone else's, Settling a question I'd been wondering about, Finding people who see it the way I do, Just registering my opinion—the results don't matter much to me, Discovering takes I hadn't considered",1,1,1,1,1,0,,What would make voting feel worth it?,"Seeing how everyone voted, Seeing how my answer compares to the crowd, A surprising or counterintuitive result, Seeing votes from people who see it the way I do, More polls to answer—a streak or collection to build, Getting to add my own hot take or question",1,1,1,1,1,1,0,0,,,,,,,,,,,,the-grandest-game,,,,,,,Visitor,,,
370720,[PIN] Hot Takes - User Behaviour,1bb0a4f9-4f60-493a-917d-4742e65a38c1,https://www.supersummary.com/the-shadow-sister/summary/,07/14/2026 19:03:50,07/14/2026 19:04:16,,,Android,Chrome,"Mozilla/5.0 (Linux; Android 10; K) AppleWebKit/537.36 (KHTML, like Gecko) Chrome/150.0.0.0 Mobile Safari/537.36",{},URL Event 1 for Study 320571,ae441c06-4e3b-4f22-ad98-59651fa22cc7,{},"Which best describes you when it comes to online polls—like quick opinion polls
about favorite characters, best endings, or hot takes on a story?",I'll vote on just about anything,1,"When you vote in an online poll, why do you usually do it?",It's quick and fun,0,0,1,0,0,0,0,,What's the main thing you'd hope to get out of voting?,Seeing how my opinion stacks up against everyone else's,1,0,0,0,0,0,,What would make voting feel worth it?,"Honestly, just voting is enough",0,0,0,0,0,0,1,0,,,,,,,,,,,,the-shadow-sister,,,,,,,Visitor,,,
370720,[PIN] Hot Takes - User Behaviour,e91e02f8-a744-4f4e-8e2d-e15a9910e0d1,https://www.supersummary.com/to-be-where-you-are/summary/,07/14/2026 18:40:47,07/14/2026 18:41:24,,,Android,Chrome,"Mozilla/5.0 (Linux; Android 10; K) AppleWebKit/537.36 (KHTML, like Gecko) Chrome/150.0.0.0 Mobile Safari/537.36",{},URL Event 1 for Study 320571,56591fb6-e8b0-4fc2-9266-03e876811484,{},"Which best describes you when it comes to online polls—like quick opinion polls
about favorite characters, best endings, or hot takes on a story?",I vote when I have a strong opinion,3,"When you vote in an online poll, why do you usually do it?",To share an opinion I feel strongly about,0,1,0,0,0,0,0,,What's the main thing you'd hope to get out of voting?,Settling a question I'd been wondering about,0,1,0,0,0,0,,What would make voting feel worth it?,"Honestly, just voting is enough",0,0,0,0,0,0,1,0,,,,,,,,,,,,somewhere-safe-with-somebody-good,,,,,,,Visitor,,,
370720,[PIN] Hot Takes - User Behaviour,2b9e3e83-ed64-49de-8f47-b91bdbe97eb1,https://www.supersummary.com/we-are-all-guilty-here/summary/,07/14/2026 15:10:19,07/14/2026 15:10:18,,,iOS,Chrome,"Mozilla/5.0 (iPhone; CPU iPhone OS 26_5_2 like Mac OS X) AppleWebKit/605.1.15 (KHTML, like Gecko) CriOS/150.0.7871.113 Mobile/15E148 Safari/604.1",{},URL Event 1 for Study 320571,428e9339-a68c-4ef8-b5eb-06a95163ca67,{},"Which best describes you when it comes to online polls—like quick opinion polls
about favorite characters, best endings, or hot takes on a story?",I've never voted in one,5,,,,,,,,,,,,,,,,,,,,,,,,,,,,,,,,,,,,,,,,,we-are-all-guilty-here,,,,,,,Visitor,,,
370720,[PIN] Hot Takes - User Behaviour,c75b2471-4621-4c65-aaea-71f2bba83335,https://www.supersummary.com/confessions-of-a-shopaholic/summary/#guide_page_title,07/14/2026 10:34:07,07/14/2026 10:34:07,,,Android,Chrome,"Mozilla/5.0 (Linux; Android 10; K) AppleWebKit/537.36 (KHTML, like Gecko) Chrome/150.0.0.0 Mobile Safari/537.36",{},URL Event 1 for Study 320571,edff5b35-9cb8-4110-9693-4c1620397d9f,{},"Which best describes you when it comes to online polls—like quick opinion polls
about favorite characters, best endings, or hot takes on a story?",I've never voted in one,5,,,,,,,,,,,,,,,,,,,,,,,,,,,,,,,,,,,,,,,,,confessions-of-a-shopaholic,,,,,,,Visitor,,,
370720,[PIN] Hot Takes - User Behaviour,6594afc9-a242-48a9-97f4-7c228efb5708,https://www.supersummary.com/my-friends-fredrik-backman/summary/?utm_source=google&utm_medium=cpc&utm_campaign=17311150304&utm_content=&utm_term=&gad_source=1&gad_campaignid=17311151426&gbraid=0AAAAADhUVArqEF-oOkerOtQb91PmBF3Vd&gclid=CjwKCAjwvNfSBhBiEiwAyaGMCWt8K8auGMaPrm9jZYRQdaHP5HIzYqZ1X-zJakCWCQ-4Ij4hfiFBRxoCSOcQAvD_BwE,07/14/2026 10:26:38,,,,iOS,Mobile Safari,"Mozilla/5.0 (iPhone; CPU iPhone OS 18_7 like Mac OS X) AppleWebKit/605.1.15 (KHTML, like Gecko) Version/26.5.2 Mobile/15E148 Safari/604.1",{},URL Event 1 for Study 320571,635957be-6071-4383-a617-e89269c2a69d,{},"Which best describes you when it comes to online polls—like quick opinion polls
about favorite characters, best endings, or hot takes on a story?",I rarely bother,4,"When you vote in an online poll, why do you usually do it?",To share an opinion I feel strongly about,0,1,0,0,0,0,0,,,,,,,,,,,,,,,,,,,,,,,,,,,,,,,,,,,,,,,Visitor,,,
370720,[PIN] Hot Takes - User Behaviour,2d5494e1-06c6-4003-b5e6-ab22673adf63,https://www.supersummary.com/my-life-next-door/summary/,07/14/2026 01:18:03,07/14/2026 01:18:29,,,iOS,Mobile Safari,"Mozilla/5.0 (iPhone; CPU iPhone OS 18_1_1 like Mac OS X) AppleWebKit/605.1.15 (KHTML, like Gecko) Version/18.1.1 Mobile/15E148 Safari/604.1",{},URL Event 1 for Study 320571,d21e7318-7192-4619-bc66-15f8d064bb98,{},"Which best describes you when it comes to online polls—like quick opinion polls
about favorite characters, best endings, or hot takes on a story?",I'll vote on just about anything,1,"When you vote in an online poll, why do you usually do it?","It's quick and fun, To compare my take against the crowd, I was just curious what the poll would ask",0,0,1,1,0,1,0,,What's the main thing you'd hope to get out of voting?,Just registering my opinion—the results don't matter much to me,0,0,0,1,0,0,,What would make voting feel worth it?,Seeing how everyone voted,1,0,0,0,0,0,0,0,,,,,,,,,,,,,,,,,,,Visitor,,,
370720,[PIN] Hot Takes - User Behaviour,144cabc1-a46d-45d5-b353-188ac9c26fb8,https://www.supersummary.com/whistler-ann-patchett/summary/?utm_source=google&utm_medium=cpc&utm_campaign=15170576117&utm_content=136161102464&utm_term=&gad_source=1&gad_campaignid=15170576117&gbraid=0AAAAADhUVAqnI9QFesStFBdovoXoJXmMe&gclid=CjwKCAjwmdLSBhANEiwAkREMN9nTVm159zC0f0ocHyBW6JEC8yHWeZ29oWHuTAWNiCAJiLZlx0IdwhoC2L8QAvD_BwE,07/13/2026 23:57:19,07/13/2026 23:57:41,,,iOS,Chrome,"Mozilla/5.0 (iPhone; CPU iPhone OS 26_5_2 like Mac OS X) AppleWebKit/605.1.15 (KHTML, like Gecko) CriOS/150.0.7871.51 Mobile/15E148 Safari/604.1",{},URL Event 1 for Study 320571,03841a96-1daa-4b47-b9f1-0c109d5dfc73,{},"Which best describes you when it comes to online polls—like quick opinion polls
about favorite characters, best endings, or hot takes on a story?",I vote when the topic interests me,2,"When you vote in an online poll, why do you usually do it?",I was just curious what the poll would ask,0,0,0,0,0,1,0,,What's the main thing you'd hope to get out of voting?,Discovering takes I hadn't considered,0,0,0,0,1,0,,What would make voting feel worth it?,"Honestly, just voting is enough",0,0,0,0,0,0,1,0,,,,,,,,,,,,,,,,,,,Visitor,,,
370720,[PIN] Hot Takes - User Behaviour,e8670b48-ed92-406f-9a36-6c140179d307,https://www.supersummary.com/ginger-pye/summary/,07/13/2026 18:57:55,07/13/2026 18:58:50,,,Windows,Chrome,"Mozilla/5.0 (Windows NT 10.0; Win64; x64) AppleWebKit/537.36 (KHTML, like Gecko) Chrome/149.0.0.0 Safari/537.36",{},URL Event 1 for Study 320571,84d7b55d-f1d8-492d-bc72-46ab30abf1a7,{},"Which best describes you when it comes to online polls—like quick opinion polls
about favorite characters, best endings, or hot takes on a story?",I'll vote on just about anything,1,"When you vote in an online poll, why do you usually do it?","To share an opinion I feel strongly about, It's quick and fun, To feel part of a community , I was just curious what the poll would ask",0,1,1,0,1,1,0,,What's the main thing you'd hope to get out of voting?,"Seeing how my opinion stacks up against everyone else's, Just registering my opinion—the results don't matter much to me",1,0,0,1,0,0,,What would make voting feel worth it?,"Seeing how everyone voted, Seeing how my answer compares to the crowd, Honestly, just voting is enough",1,1,0,0,0,0,1,0,,,,,,,,,,,,,,,,,,,Visitor,,,
370720,[PIN] Hot Takes - User Behaviour,cb325271-695c-47d2-b61a-2a775353e7af,https://www.supersummary.com/miguel-street/summary/,07/13/2026 17:32:08,07/13/2026 17:32:08,,,Windows,Edge,"Mozilla/5.0 (Windows NT 10.0; Win64; x64) AppleWebKit/537.36 (KHTML, like Gecko) Chrome/149.0.0.0 Safari/537.36 Edg/149.0.0.0",{},URL Event 1 for Study 320571,03ed1c89-4780-463a-becf-b9ce10b1904a,{},"Which best describes you when it comes to online polls—like quick opinion polls
about favorite characters, best endings, or hot takes on a story?",I've never voted in one,5,,,,,,,,,,,,,,,,,,,,,,,,,,,,,,,,,,,,,,,,,,,,,,,,Visitor,,,
370720,[PIN] Hot Takes - User Behaviour,3596a293-06ca-4dbd-acf8-e8eff33b932d,https://www.supersummary.com/the-alienist/summary/#guide_page_title,07/13/2026 15:54:06,07/13/2026 15:54:05,,,iOS,Mobile Safari,"Mozilla/5.0 (iPhone; CPU iPhone OS 18_7 like Mac OS X) AppleWebKit/605.1.15 (KHTML, like Gecko) Version/26.5.2 Mobile/15E148 Safari/604.1",{},URL Event 1 for Study 320571,459e137d-bfc7-493f-a4e3-de85004807f9,{},"Which best describes you when it comes to online polls—like quick opinion polls
about favorite characters, best endings, or hot takes on a story?",I've never voted in one,5,,,,,,,,,,,,,,,,,,,,,,,,,,,,,,,,,,,,,,,,,the-alienist,,,,,,,Visitor,,,
370720,[PIN] Hot Takes - User Behaviour,7cb69ae7-ad11-48d0-a003-3a5ff93badec,https://www.supersummary.com/spy-camp/summary/,07/13/2026 15:39:13,,,,iOS,GSA,"Mozilla/5.0 (iPhone; CPU iPhone OS 26_5_0 like Mac OS X) AppleWebKit/605.1.15 (KHTML, like Gecko) GSA/428.4.939275213 Mobile/15E148 Safari/604.1",{},URL Event 1 for Study 320571,7b4dab28-1100-4cb2-8627-ccb8f6603030,{},"Which best describes you when it comes to online polls—like quick opinion polls
about favorite characters, best endings, or hot takes on a story?",I rarely bother,4,"When you vote in an online poll, why do you usually do it?",To feel part of a community,0,0,0,0,1,0,0,,What's the main thing you'd hope to get out of voting?,Finding people who see it the way I do,0,0,1,0,0,0,,,,,,,,,,,,,,,student,,,,,,,,spy-camp,,,,,,,Visitor,,,
370720,[PIN] Hot Takes - User Behaviour,166b9c26-af84-43aa-96c7-58a1c5b187e0,https://www.supersummary.com/theo-of-golden/summary/,07/13/2026 14:12:48,07/13/2026 14:13:24,1696004,,Windows,Chrome,"Mozilla/5.0 (Windows NT 10.0; Win64; x64) AppleWebKit/537.36 (KHTML, like Gecko) Chrome/150.0.0.0 Safari/537.36",{},URL Event 1 for Study 320571,7da44940-a06a-4b5e-86a0-30266ce656c2,{},"Which best describes you when it comes to online polls—like quick opinion polls
about favorite characters, best endings, or hot takes on a story?",I vote when the topic interests me,2,"When you vote in an online poll, why do you usually do it?",To share an opinion I feel strongly about,0,1,0,0,0,0,0,,What's the main thing you'd hope to get out of voting?,Discovering takes I hadn't considered,0,0,0,0,1,0,,What would make voting feel worth it?,A surprising or counterintuitive result,0,0,1,0,0,0,0,0,,,,teacher,u_77b37dba5cd9831e,,,,,,,theo-of-golden,,,,,,,Non Converter,,0,
370720,[PIN] Hot Takes - User Behaviour,ec72e8d5-87e8-41dd-9924-0e69b33f937d,https://www.supersummary.com/the-girlfriend/summary/,07/13/2026 06:35:02,,,,iOS,GSA,"Mozilla/5.0 (iPhone; CPU iPhone OS 18_5_0 like Mac OS X) AppleWebKit/605.1.15 (KHTML, like Gecko) GSA/368.0.756386193 Mobile/15E148 Safari/604.1",{},URL Event 1 for Study 320571,87c63d40-5288-4628-be4f-7d13672910c8,{},"Which best describes you when it comes to online polls—like quick opinion polls
about favorite characters, best endings, or hot takes on a story?",I vote when I have a strong opinion,3,,,,,,,,,,,,,,,,,,,,,,,,,,,,,,,,,,,,,,,,,,,,,,,,,,,
370720,[PIN] Hot Takes - User Behaviour,ac146bfb-040c-48d0-88c1-2ca85bacd8df,https://www.supersummary.com/sorrow-and-starlight/summary/,07/13/2026 03:10:24,07/13/2026 03:10:59,1695745,,iOS,Mobile Safari,"Mozilla/5.0 (iPhone; CPU iPhone OS 18_7 like Mac OS X) AppleWebKit/605.1.15 (KHTML, like Gecko) Version/26.5 Mobile/15E148 Safari/604.1",{},URL Event 1 for Study 320571,01f8ff5a-7aef-4ff4-80cc-cf43e55c1e14,{},"Which best describes you when it comes to online polls—like quick opinion polls
about favorite characters, best endings, or hot takes on a story?",I vote when the topic interests me,2,"When you vote in an online poll, why do you usually do it?",It's quick and fun,0,0,1,0,0,0,0,,What's the main thing you'd hope to get out of voting?,Seeing how my opinion stacks up against everyone else's,1,0,0,0,0,0,,What would make voting feel worth it?,Seeing how everyone voted,1,0,0,0,0,0,0,0,,,,other,u_bab2260f9a4bd30a,,,,,,,sorrow-and-starlight,,,,,,,Non Converter,,0,
370720,[PIN] Hot Takes - User Behaviour,ffa4428a-8d00-4ff3-bd10-9fca8f554b31,https://www.supersummary.com/the-housemaids-secret/summary/,07/12/2026 23:25:22,,,,Android,Chrome,"Mozilla/5.0 (Linux; Android 10; K) AppleWebKit/537.36 (KHTML, like Gecko) Chrome/150.0.0.0 Mobile Safari/537.36",{},URL Event 1 for Study 320571,c5432fae-269e-4a39-98a1-e8c3b738eda4,{},"Which best describes you when it comes to online polls—like quick opinion polls
about favorite characters, best endings, or hot takes on a story?",I vote when the topic interests me,2,,,,,,,,,,,,,,,,,,,,,,,,,,,,,,,,,,,,,,,,,,,,,,,,Visitor,,,
370720,[PIN] Hot Takes - User Behaviour,9ec647c1-4bb6-4590-a113-602cd819a131,https://www.supersummary.com/the-nightingale/summary/?gad_source=1&gad_campaignid=22777187955&gbraid=0AAAAADhUVArMkJ4bMPPPWxC6hQ6HY10m2&gclid=CjwKCAjw9szSBhBNEiwAC57Sq_hfOclkaTs3GPunPAW_zXfR028Np3c1NYxgUxHfj5QW9uWvSf_0UxoCdTwQAvD_BwE,07/12/2026 12:23:22,07/12/2026 12:23:22,,,iOS,Mobile Safari,"Mozilla/5.0 (iPhone; CPU iPhone OS 18_7 like Mac OS X) AppleWebKit/605.1.15 (KHTML, like Gecko) Version/26.5 Mobile/15E148 Safari/604.1",{},URL Event 1 for Study 320571,370d5c39-2acd-494e-987c-a5e0de66bf58,{},"Which best describes you when it comes to online polls—like quick opinion polls
about favorite characters, best endings, or hot takes on a story?",I've never voted in one,5,,,,,,,,,,,,,,,,,,,,,,,,,,,,,,,,,,,,,,,,,the-nightingale,,,,,,,Visitor,,,
370720,[PIN] Hot Takes - User Behaviour,a08ecc58-a345-4f83-9628-3a1a52ca374d,https://www.supersummary.com/the-odyssey/summary/?utm_source=google&utm_medium=cpc&utm_campaign=15170576117&utm_content=136161102464&utm_term=&gad_source=1&gad_campaignid=15170576117&gbraid=0AAAAADhUVApwXQNHoYcu_4NXAytmB2jwS&gclid=CjwKCAjw9szSBhBNEiwAC57Sq3jAP4ulS2xxN9sCCpWcm1jOaT5nbHMuRxk5YU2X_9-hcBz_JjAx_BoCD9QQAvD_BwE,07/12/2026 11:51:37,07/12/2026 11:52:03,,,iOS,Mobile Safari,"Mozilla/5.0 (iPhone; CPU iPhone OS 18_7 like Mac OS X) AppleWebKit/605.1.15 (KHTML, like Gecko) Version/26.5.2 Mobile/15E148 Safari/604.1",{},URL Event 1 for Study 320571,7db80b85-3d03-4785-9c56-6772c7ef2f36,{},"Which best describes you when it comes to online polls—like quick opinion polls
about favorite characters, best endings, or hot takes on a story?",I vote when the topic interests me,2,"When you vote in an online poll, why do you usually do it?",To compare my take against the crowd,0,0,0,1,0,0,0,,What's the main thing you'd hope to get out of voting?,Just registering my opinion—the results don't matter much to me,0,0,0,1,0,0,,What would make voting feel worth it?,Seeing how everyone voted,1,0,0,0,0,0,0,0,,,,,,,,,,,,the-odyssey,,,,,,,Visitor,,,
370720,[PIN] Hot Takes - User Behaviour,c64dfc10-a9ce-49a4-b82a-2fab6a092a99,https://www.supersummary.com/clown-town/summary/,07/12/2026 11:43:45,,,,Android,Chrome,"Mozilla/5.0 (Linux; Android 10; K) AppleWebKit/537.36 (KHTML, like Gecko) Chrome/150.0.0.0 Mobile Safari/537.36",{},URL Event 1 for Study 320571,c4a02954-ea5a-439c-aef7-683b5275ab99,{},"Which best describes you when it comes to online polls—like quick opinion polls
about favorite characters, best endings, or hot takes on a story?",I vote when I have a strong opinion,3,"When you vote in an online poll, why do you usually do it?",Other,0,0,0,0,0,0,1,To get rid of the pole,,,,,,,,,,,,,,,,,,,,,,,,,,,,,,,clown-town,,,,,,,Visitor,,,
370720,[PIN] Hot Takes - User Behaviour,b199d6a4-cc9a-4f09-8090-77f58ec9364b,https://www.supersummary.com/twisted-love/summary/,07/12/2026 03:53:37,07/12/2026 03:54:08,,,Android,Chrome,"Mozilla/5.0 (Linux; Android 10; K) AppleWebKit/537.36 (KHTML, like Gecko) Chrome/150.0.0.0 Mobile Safari/537.36",{},URL Event 1 for Study 320571,6d4e142a-f6af-4d48-83f6-e75bc2f984c3,{},"Which best describes you when it comes to online polls—like quick opinion polls
about favorite characters, best endings, or hot takes on a story?",I vote when the topic interests me,2,"When you vote in an online poll, why do you usually do it?",It's quick and fun,0,0,1,0,0,0,0,,What's the main thing you'd hope to get out of voting?,Settling a question I'd been wondering about,0,1,0,0,0,0,,What would make voting feel worth it?,"Honestly, just voting is enough",0,0,0,0,0,0,1,0,,,,,,,,,,,,twisted-love,,,,,,,Visitor,,,
370720,[PIN] Hot Takes - User Behaviour,6bd65df6-fcff-4396-8adb-2586d168edbb,https://www.supersummary.com/what-the-wind-knows/summary/,07/11/2026 21:30:30,,1694925,,Mac OS,Safari,"Mozilla/5.0 (Macintosh; Intel Mac OS X 10_15_7) AppleWebKit/605.1.15 (KHTML, like Gecko) Version/26.5 Safari/605.1.15",{},URL Event 1 for Study 320571,ad8a4758-3efe-4eb3-be65-9757b0b56975,{},"Which best describes you when it comes to online polls—like quick opinion polls
about favorite characters, best endings, or hot takes on a story?",I rarely bother,4,,,,,,,,,,,,,,,,,,,,,,,,,,,,,,,,,,,,,,,,,what-the-wind-knows,,,,,,,Visitor,,,
370720,[PIN] Hot Takes - User Behaviour,6881b7e0-4736-4005-98ce-5ed78ebccd10,https://www.supersummary.com/local-woman-missing/summary/?searchId=348e09bb-bc64-4603-a12f-fef73b0d8467&searchPosition=2,07/11/2026 04:33:55,,,,Mac OS,Safari,"Mozilla/5.0 (Macintosh; Intel Mac OS X 10_15_7) AppleWebKit/605.1.15 (KHTML, like Gecko) Version/26.5 Safari/605.1.15",{},URL Event 1 for Study 320571,288cd8ae-3e08-478d-a1d0-436c788326d6,{},"Which best describes you when it comes to online polls—like quick opinion polls
about favorite characters, best endings, or hot takes on a story?",I vote when the topic interests me,2,"When you vote in an online poll, why do you usually do it?",It's quick and fun,0,0,1,0,0,0,0,,What's the main thing you'd hope to get out of voting?,Seeing how my opinion stacks up against everyone else's,1,0,0,0,0,0,,,,,,,,,,,,,,,other,,,,,,,,local-woman-missing,,,,,,,Visitor,,,
370720,[PIN] Hot Takes - User Behaviour,4fb1b6b7-5d2a-4bc3-af45-9b15962679e1,https://www.supersummary.com/all-but-my-life-a-memoir/summary/,07/11/2026 00:52:18,,,,iOS,Mobile Safari,"Mozilla/5.0 (iPhone; CPU iPhone OS 18_7 like Mac OS X) AppleWebKit/605.1.15 (KHTML, like Gecko) Version/26.5 Mobile/15E148 Safari/604.1",{},URL Event 1 for Study 320571,ff236876-43cb-45d3-b915-9b2cdd58e4ee,{},"Which best describes you when it comes to online polls—like quick opinion polls
about favorite characters, best endings, or hot takes on a story?",I vote when the topic interests me,2,,,,,,,,,,,,,,,,,,,,,,,,,,,,,,,,,,,,,,,,,all-but-my-life-a-memoir,,,,,,,Visitor,,,
370720,[PIN] Hot Takes - User Behaviour,82c3c9f8-aab0-45fe-b8b4-82739e5b9c36,https://www.supersummary.com/the-posthumous-memoirs-of-bras-cubas/summary/,07/10/2026 21:13:17,07/10/2026 21:14:11,,,iOS,Mobile Safari,"Mozilla/5.0 (iPhone; CPU iPhone OS 18_7 like Mac OS X) AppleWebKit/605.1.15 (KHTML, like Gecko) Version/26.5 Mobile/15E148 Safari/604.1",{},URL Event 1 for Study 320571,055d6b77-ade8-49d8-94aa-6d2d0eeb233b,{},"Which best describes you when it comes to online polls—like quick opinion polls
about favorite characters, best endings, or hot takes on a story?",I'll vote on just about anything,1,"When you vote in an online poll, why do you usually do it?",To compare my take against the crowd,0,0,0,1,0,0,0,,What's the main thing you'd hope to get out of voting?,Seeing how my opinion stacks up against everyone else's,1,0,0,0,0,0,,What would make voting feel worth it?,Seeing how everyone voted,1,0,0,0,0,0,0,0,,,,,,,,,,,,,,,,,,,,,,
370720,[PIN] Hot Takes - User Behaviour,7d93cc0e-a342-4f36-a86e-95a28004e440,https://www.supersummary.com/none-of-this-is-true/summary/?utm_source=google&utm_medium=cpc&utm_campaign=22777360728&utm_content=&utm_term=&gad_source=1&gad_campaignid=22777363182&gbraid=0AAAAADhUVArQfUAidi3UCHPMM8tRCqwZ7&gclid=Cj0KCQjwsMLSBhD9ARIsAIpUTDr5inZ_6H74CfmR7zhWb0-pm_lCa5gpu8oOiaDEksS1D1q133bbSGUaAvlrEALw_wcB,07/10/2026 20:30:01,,,,iOS,Mobile Safari,"Mozilla/5.0 (iPhone; CPU iPhone OS 18_7 like Mac OS X) AppleWebKit/605.1.15 (KHTML, like Gecko) Version/26.5 Mobile/15E148 Safari/604.1",{},URL Event 1 for Study 320571,194e2bb2-c2f6-4504-9360-8e44c7720581,{},"Which best describes you when it comes to online polls—like quick opinion polls
about favorite characters, best endings, or hot takes on a story?",I vote when the topic interests me,2,"When you vote in an online poll, why do you usually do it?",To share an opinion I feel strongly about,0,1,0,0,0,0,0,,,,,,,,,,,,,,,,,,,,,,,,,,,,,,,,none-of-this-is-true,,,,,,,Visitor,,,
370720,[PIN] Hot Takes - User Behaviour,6e231a8f-368f-40c2-81df-c500f6b6a706,https://www.supersummary.com/the-goal-elle-kennedy/summary/,07/10/2026 20:01:13,07/10/2026 20:01:20,,,iOS,Mobile Safari,"Mozilla/5.0 (iPhone; CPU iPhone OS 18_7 like Mac OS X) AppleWebKit/605.1.15 (KHTML, like Gecko) Version/26.5 Mobile/15E148 Safari/604.1",{},URL Event 1 for Study 320571,e025fa2a-a274-41c2-9573-c92fed8a1ef0,{},"Which best describes you when it comes to online polls—like quick opinion polls
about favorite characters, best endings, or hot takes on a story?",I'll vote on just about anything,1,"When you vote in an online poll, why do you usually do it?",To see if other people agree with me,1,0,0,0,0,0,0,,What's the main thing you'd hope to get out of voting?,Seeing how my opinion stacks up against everyone else's,1,0,0,0,0,0,,What would make voting feel worth it?,A surprising or counterintuitive result,0,0,1,0,0,0,0,0,,,,,,,,,,,,the-goal-elle-kennedy,,,,,,,Visitor,,,
370720,[PIN] Hot Takes - User Behaviour,90dfaa62-856b-4245-b091-c64d3a34766c,https://www.supersummary.com/happy-wife-kendall-shores/summary/?searchId=93416592-de35-4129-8592-d46134cce62c&searchPosition=1,07/10/2026 13:04:20,07/10/2026 13:06:35,308463,,Mac OS,Chrome,"Mozilla/5.0 (Macintosh; Intel Mac OS X 10_15_7) AppleWebKit/537.36 (KHTML, like Gecko) Chrome/149.0.0.0 Safari/537.36",{},URL Event 1 for Study 320571,20843a71-8a1a-4880-957f-1ff0964c6e6a,{},"Which best describes you when it comes to online polls—like quick opinion polls
about favorite characters, best endings, or hot takes on a story?",I vote when I have a strong opinion,3,"When you vote in an online poll, why do you usually do it?",To share an opinion I feel strongly about,0,1,0,0,0,0,0,,What's the main thing you'd hope to get out of voting?,"Seeing how my opinion stacks up against everyone else's, Discovering takes I hadn't considered",1,0,0,0,1,0,,What would make voting feel worth it?,"Seeing how my answer compares to the crowd, A surprising or counterintuitive result",0,1,1,0,0,0,0,0,,,,book_club_member,,,,,,2024-05-08T07:45:44.034-07:00,,three-wishes,,,annual,,Active Subscriber,,,2023-01-31T15:30:44.000-08:00,37,285
370720,[PIN] Hot Takes - User Behaviour,b2d4c324-7e3a-4218-98cc-fdf1fa0e63a7,https://www.supersummary.com/the-bone-sparrow/summary/,07/10/2026 10:09:46,07/10/2026 10:09:55,,,iOS,Chrome,"Mozilla/5.0 (iPad; CPU OS 26_0_0 like Mac OS X) AppleWebKit/605.1.15 (KHTML, like Gecko) CriOS/150.0.7871.113 Mobile/15E148 Safari/604.1",{},URL Event 1 for Study 320571,aba2f43a-3566-4f22-bf78-7536011806db,{},"Which best describes you when it comes to online polls—like quick opinion polls
about favorite characters, best endings, or hot takes on a story?",I rarely bother,4,"When you vote in an online poll, why do you usually do it?",I was just curious what the poll would ask,0,0,0,0,0,1,0,,What's the main thing you'd hope to get out of voting?,Just registering my opinion—the results don't matter much to me,0,0,0,1,0,0,,What would make voting feel worth it?,Seeing votes from people who see it the way I do,0,0,0,1,0,0,0,0,,,,,,,,,,,,,,,,,,,Visitor,,,
370720,[PIN] Hot Takes - User Behaviour,4416dd9c-4ca3-471f-927f-94cad580997f,https://www.supersummary.com/the-measure/summary/?searchId=c8eb7515-81fd-4791-8cfb-d8738286b8b8&searchPosition=1,07/10/2026 08:09:50,07/10/2026 08:12:13,726761,,Chromium OS,Chrome,"Mozilla/5.0 (X11; CrOS x86_64 14541.0.0) AppleWebKit/537.36 (KHTML, like Gecko) Chrome/149.0.0.0 Safari/537.36",{},URL Event 1 for Study 320571,83106d3e-6d1d-4843-9ef0-9c6af85d2c3b,{},"Which best describes you when it comes to online polls—like quick opinion polls
about favorite characters, best endings, or hot takes on a story?",I rarely bother,4,"When you vote in an online poll, why do you usually do it?",Other,0,0,0,0,0,0,1,Like to contribute if it's helpful to an organization I like.,What's the main thing you'd hope to get out of voting?,Other,0,0,0,0,0,1,Contributing some so as not to be bothered when I ignore polls - which I usually do.,What would make voting feel worth it?,Other,0,0,0,0,0,0,0,1,No sure that polls are worth the time.,,,other,u_c5106c07c778fb30,,,,,,,the-moviegoer,,annual,annual,,Active Subscriber,,,2025-05-18T05:46:10.000-07:00,13,
370720,[PIN] Hot Takes - User Behaviour,96704320-9c23-421f-996a-59cb24b9f831,https://www.supersummary.com/dreams-in-a-time-of-war/summary/,07/10/2026 07:09:28,07/10/2026 07:09:52,288696,,Android,Chrome,"Mozilla/5.0 (Linux; Android 10; K) AppleWebKit/537.36 (KHTML, like Gecko) Chrome/149.0.0.0 Mobile Safari/537.36",{},URL Event 1 for Study 320571,f268c473-e5a5-4a84-a409-3d6554c16d3c,{},"Which best describes you when it comes to online polls—like quick opinion polls
about favorite characters, best endings, or hot takes on a story?",I vote when the topic interests me,2,"When you vote in an online poll, why do you usually do it?",To share an opinion I feel strongly about,0,1,0,0,0,0,0,,What's the main thing you'd hope to get out of voting?,Settling a question I'd been wondering about,0,1,0,0,0,0,,What would make voting feel worth it?,Seeing votes from people who see it the way I do,0,0,0,1,0,0,0,0,,1.7.0,,student,u_264e7883a0313fc0,,Postgrad Program,,,,,dreams-in-a-time-of-war,12,,,2.5.3,,,Visitor,,0,
370720,[PIN] Hot Takes - User Behaviour,a62ec31c-cd55-471b-aea1-b7285ea31ee7,https://www.supersummary.com/metal-slinger/summary/,07/10/2026 05:46:10,07/10/2026 05:46:10,,,iOS,Mobile Safari,"Mozilla/5.0 (iPhone; CPU iPhone OS 18_5 like Mac OS X) AppleWebKit/605.1.15 (KHTML, like Gecko) Version/18.5 Mobile/15E148 Safari/604.1",{},URL Event 1 for Study 320571,97f5f3e5-958a-498e-8aef-05fa5556d897,{},"Which best describes you when it comes to online polls—like quick opinion polls
about favorite characters, best endings, or hot takes on a story?",I've never voted in one,5,,,,,,,,,,,,,,,,,,,,,,,,,,,,,,,,,other,,,,,,,,metal-slinger,,,,,,,Visitor,,,
370720,[PIN] Hot Takes - User Behaviour,6aedc48d-288b-4ca1-8cdf-bc9913940653,https://www.supersummary.com/persuasion/summary/,07/10/2026 04:31:42,07/10/2026 04:33:04,,,Android,Chrome,"Mozilla/5.0 (Linux; Android 10; K) AppleWebKit/537.36 (KHTML, like Gecko) Chrome/149.0.0.0 Safari/537.36 (Ecosia android@149.0.0.0)",{},URL Event 1 for Study 320571,490ab18e-e6bf-49ea-8c2c-9212d5f0a123,{},"Which best describes you when it comes to online polls—like quick opinion polls
about favorite characters, best endings, or hot takes on a story?",I rarely bother,4,"When you vote in an online poll, why do you usually do it?",To share an opinion I feel strongly about,0,1,0,0,0,0,0,,What's the main thing you'd hope to get out of voting?,Just registering my opinion—the results don't matter much to me,0,0,0,1,0,0,,What would make voting feel worth it?,Getting to add my own hot take or question,0,0,0,0,0,1,0,0,,,,,,,,,,,,persuasion,,,,,,,Visitor,,,
370720,[PIN] Hot Takes - User Behaviour,26ba1b36-d21d-4679-93b7-d7cc50523234,https://www.supersummary.com/when-the-world-fell-silent/summary/,07/10/2026 01:23:48,,1693797,,iOS,Chrome,"Mozilla/5.0 (iPhone; CPU iPhone OS 26_5_2 like Mac OS X) AppleWebKit/605.1.15 (KHTML, like Gecko) CriOS/150.0.7871.51 Mobile/15E148 Safari/604.1",{},URL Event 1 for Study 320571,c2abe90c-fb0f-4ef7-b846-b2454c3e8df3,{},"Which best describes you when it comes to online polls—like quick opinion polls
about favorite characters, best endings, or hot takes on a story?",I rarely bother,4,,,,,,,,,,,,,,,,,,,,,,,,,,,,,,,,,book_club_member,u_5b946cf0be3766a2,,,,,,,when-the-world-fell-silent,,,,,,,Non Converter,,0,
370720,[PIN] Hot Takes - User Behaviour,a99e5392-c888-4f45-9d13-1ed9e6a4975f,https://www.supersummary.com/the-other-einstein/summary/?searchId=0334b2cd-8874-4b6f-8947-f1e25f32f6ef&searchPosition=1,07/10/2026 00:23:23,07/10/2026 00:24:27,1376217,,iOS,GSA,"Mozilla/5.0 (iPhone; CPU iPhone OS 26_5_0 like Mac OS X) AppleWebKit/605.1.15 (KHTML, like Gecko) GSA/428.4.939275213 Mobile/15E148 Safari/604.1",{},URL Event 1 for Study 320571,f0ca8c83-5f80-4a95-8f3f-5382c4fb78fc,{},"Which best describes you when it comes to online polls—like quick opinion polls
about favorite characters, best endings, or hot takes on a story?",I vote when I have a strong opinion,3,"When you vote in an online poll, why do you usually do it?","To share an opinion I feel strongly about, To compare my take against the crowd",0,1,0,1,0,0,0,,What's the main thing you'd hope to get out of voting?,"Just registering my opinion—the results don't matter much to me, Discovering takes I hadn't considered",0,0,0,1,1,0,,What would make voting feel worth it?,"Honestly, just voting is enough",0,0,0,0,0,0,1,0,,,,,,,,,,,,,,,,,,,Visitor,,,
370720,[PIN] Hot Takes - User Behaviour,0506e275-c5d9-4e23-a1e1-ff3ed47dff3e,https://www.supersummary.com/the-wedding-people/summary/?utm_source=google&utm_medium=cpc&utm_campaign=22777360728&utm_content=&utm_term=&gad_source=1&gad_campaignid=22777363182&gbraid=0AAAAADhUVAomakCHPdc73DVokNKRtdxKE&gclid=Cj0KCQjwjb3SBhDgARIsAMKiWzgsnyufNjpreZ_leib3UiBaCSUkRGADsaNxLZV5wS0q5IIT2QddMaIaAqUzEALw_wcB,07/09/2026 22:39:39,07/09/2026 22:39:58,,,iOS,Mobile Safari,"Mozilla/5.0 (iPhone; CPU iPhone OS 18_7 like Mac OS X) AppleWebKit/605.1.15 (KHTML, like Gecko) Version/26.5 Mobile/15E148 Safari/604.1",{},URL Event 1 for Study 320571,2f9b0c62-eb2d-44f1-b1bd-1cb923ef2a1d,{},"Which best describes you when it comes to online polls—like quick opinion polls
about favorite characters, best endings, or hot takes on a story?",I vote when the topic interests me,2,"When you vote in an online poll, why do you usually do it?",To share an opinion I feel strongly about,0,1,0,0,0,0,0,,What's the main thing you'd hope to get out of voting?,Just registering my opinion—the results don't matter much to me,0,0,0,1,0,0,,What would make voting feel worth it?,A surprising or counterintuitive result,0,0,1,0,0,0,0,0,,,,,,,,,,,,,,,,,,,Visitor,,,
370720,[PIN] Hot Takes - User Behaviour,7d092c70-9e45-487a-bb37-2539ec52cf93,https://www.supersummary.com/warlight/summary/,07/09/2026 22:33:54,07/09/2026 22:34:48,,,iOS,Chrome,"Mozilla/5.0 (iPhone; CPU iPhone OS 18_7_9 like Mac OS X) AppleWebKit/605.1.15 (KHTML, like Gecko) CriOS/150.0.7871.51 Mobile/15E148 Safari/604.1",{},URL Event 1 for Study 320571,e4831d8b-0f88-4bc9-9577-3382550e9cf5,{},"Which best describes you when it comes to online polls—like quick opinion polls
about favorite characters, best endings, or hot takes on a story?",I vote when I have a strong opinion,3,"When you vote in an online poll, why do you usually do it?",To compare my take against the crowd,0,0,0,1,0,0,0,,What's the main thing you'd hope to get out of voting?,Discovering takes I hadn't considered,0,0,0,0,1,0,,What would make voting feel worth it?,"Honestly, just voting is enough",0,0,0,0,0,0,1,0,,,,book_club_member,,,,,,,,warlight,,,,,,,Visitor,,,
370720,[PIN] Hot Takes - User Behaviour,b81052ac-adde-443c-a59e-cef0d6a90d72,https://www.supersummary.com/lilac-girls/summary/#guide_page_title,07/09/2026 21:39:18,07/09/2026 21:39:18,,,iOS,Mobile Safari,"Mozilla/5.0 (iPhone; CPU iPhone OS 18_7 like Mac OS X) AppleWebKit/605.1.15 (KHTML, like Gecko) Version/26.5 Mobile/15E148 Safari/604.1",{},URL Event 1 for Study 320571,5398211c-e507-40b2-a822-a5edac032b93,{},"Which best describes you when it comes to online polls—like quick opinion polls
about favorite characters, best endings, or hot takes on a story?",I've never voted in one,5,,,,,,,,,,,,,,,,,,,,,,,,,,,,,,,,,book_club_member,,,,,,,,lilac-girls,,,,,,,Visitor,,,
370720,[PIN] Hot Takes - User Behaviour,4f7d4a27-48d5-4763-ba6b-3e949240d73d,https://www.supersummary.com/binding-13/summary/,07/09/2026 11:05:28,07/09/2026 11:05:51,,,Android,Chrome,"Mozilla/5.0 (Linux; Android 10; K) AppleWebKit/537.36 (KHTML, like Gecko) Chrome/149.0.0.0 Mobile Safari/537.36",{},URL Event 1 for Study 320571,667a6409-c746-4f40-a2b3-40d9bf5de097,{},"Which best describes you when it comes to online polls—like quick opinion polls
about favorite characters, best endings, or hot takes on a story?",I vote when the topic interests me,2,"When you vote in an online poll, why do you usually do it?","To see if other people agree with me, It's quick and fun",1,0,1,0,0,0,0,,What's the main thing you'd hope to get out of voting?,Finding people who see it the way I do,0,0,1,0,0,0,,What would make voting feel worth it?,Seeing how my answer compares to the crowd,0,1,0,0,0,0,0,0,,,,,,,,,,,,binding-13,,,,,,,Visitor,,,
370720,[PIN] Hot Takes - User Behaviour,aad3ba4e-5969-41e8-9c70-b9a52f683575,https://www.supersummary.com/the-intruder/summary/,07/09/2026 04:53:58,,1693123,,Android,Chrome,"Mozilla/5.0 (Linux; Android 10; K) AppleWebKit/537.36 (KHTML, like Gecko) Chrome/149.0.0.0 Mobile Safari/537.36",{},URL Event 1 for Study 320571,4cea0140-d2f5-4351-a721-4853c8b5aa7d,{},"Which best describes you when it comes to online polls—like quick opinion polls
about favorite characters, best endings, or hot takes on a story?",I rarely bother,4,,,,,,,,,,,,,,,,,,,,,,,,,,,,,,,,,,,,,,,,,,,,,,,,Visitor,,,
370720,[PIN] Hot Takes - User Behaviour,42a8320f-84ae-4425-b289-186deb0e3e46,https://www.supersummary.com/the-giver-of-stars/summary/#guide_page_title,07/08/2026 23:34:36,,,,iOS,Mobile Safari,"Mozilla/5.0 (iPhone; CPU iPhone OS 16_1 like Mac OS X) AppleWebKit/605.1.15 (KHTML, like Gecko) Version/16.1 Mobile/15E148 Safari/604.1",{},URL Event 1 for Study 320571,25434aca-c5ba-4fcf-90ac-6d95a8d70cf9,{},"Which best describes you when it comes to online polls—like quick opinion polls
about favorite characters, best endings, or hot takes on a story?",I vote when the topic interests me,2,,,,,,,,,,,,,,,,,,,,,,,,,,,,,,,,,librarian,,,,,,,,the-giver-of-stars,,,,,,,Visitor,,,
370720,[PIN] Hot Takes - User Behaviour,0215c087-3924-4cc9-a827-689d269edb84,https://www.supersummary.com/the-7-habits-of-highly-effective-people/summary/?utm_source=google&utm_medium=cpc&utm_campaign=17311150304&utm_content=&utm_term=&gad_source=1&gad_campaignid=17311151426&gbraid=0AAAAADhUVAqDCeh2yPv3h0rpFZ6ho_lo-&gclid=CjwKCAjw6rfSBhAqEiwA_yocpmz107yvuJU7Ev3VccEl72QpYTgbFIonwjxDH9wYM-W-ANN76odg5RoCDMkQAvD_BwE,07/08/2026 17:11:32,07/08/2026 17:12:54,1692624,,Mac OS,Safari,"Mozilla/5.0 (Macintosh; Intel Mac OS X 10_15_7) AppleWebKit/605.1.15 (KHTML, like Gecko) Version/26.5 Safari/605.1.15",{},URL Event 1 for Study 320571,4d86e1b7-569b-41f7-a221-6063fd020f8f,{},"Which best describes you when it comes to online polls—like quick opinion polls
about favorite characters, best endings, or hot takes on a story?",I vote when the topic interests me,2,"When you vote in an online poll, why do you usually do it?",To share an opinion I feel strongly about,0,1,0,0,0,0,0,,What's the main thing you'd hope to get out of voting?,Seeing how my opinion stacks up against everyone else's,1,0,0,0,0,0,,What would make voting feel worth it?,Seeing how everyone voted,1,0,0,0,0,0,0,0,,,,,,,,,,,,the-7-habits-of-highly-effective-people,,,,,,,Visitor,,,
370720,[PIN] Hot Takes - User Behaviour,a7e709a8-2a59-44e1-afa1-23a36bad7e05,https://www.supersummary.com/the-last-house-on-the-street/summary/?searchId=69219e83-85b4-475c-a725-b3caaef96ac6&searchPosition=1,07/08/2026 14:41:54,,530118,,Windows,Chrome,"Mozilla/5.0 (Windows NT 10.0; Win64; x64) AppleWebKit/537.36 (KHTML, like Gecko) Chrome/149.0.0.0 Safari/537.36",{},URL Event 1 for Study 320571,55fa4099-22e0-46a9-bbc5-ed563d6ca6fe,{},"Which best describes you when it comes to online polls—like quick opinion polls
about favorite characters, best endings, or hot takes on a story?",I rarely bother,4,,,,,,,,,,,,,,,,,,,,,,,,,,,,,,,,,book_club_member,u_7f67d6a2f3f06bd7,,,,,,,the-last-house-on-the-street,,annual,annual,,Active Subscriber,,Active Subscriber,2024-04-10T13:33:53.000-07:00,28,0
370720,[PIN] Hot Takes - User Behaviour,c6bfc965-916a-49c6-ad43-9ce243f5b934,https://www.supersummary.com/inside-out-and-back-again/summary/,07/08/2026 12:10:01,07/08/2026 12:10:12,1641193,,Mac OS,Safari,"Mozilla/5.0 (Macintosh; Intel Mac OS X 10_15_7) AppleWebKit/605.1.15 (KHTML, like Gecko) Version/18.6 Safari/605.1.15",{},URL Event 1 for Study 320571,0f1c728b-db1a-4718-b175-08a1c079750b,{},"Which best describes you when it comes to online polls—like quick opinion polls
about favorite characters, best endings, or hot takes on a story?",I vote when the topic interests me,2,"When you vote in an online poll, why do you usually do it?",To share an opinion I feel strongly about,0,1,0,0,0,0,0,,What's the main thing you'd hope to get out of voting?,Settling a question I'd been wondering about,0,1,0,0,0,0,,What would make voting feel worth it?,A surprising or counterintuitive result,0,0,1,0,0,0,0,0,,,student,student,u_1e841872c15238bf,[name],Middle School,false,true,,[name],inside-out-and-back-again,,annual_plus,annual,,Active Subscriber,true,Active Subscriber,2026-05-14T10:42:15.000-07:00,2,
370720,[PIN] Hot Takes - User Behaviour,9ce0af0a-e5ac-4e3a-a845-97bfd939897a,https://www.supersummary.com/the-extraordinary-life-of-sam-hell/summary/,07/08/2026 11:05:30,,,,iOS,Mobile Safari,"Mozilla/5.0 (iPhone; CPU iPhone OS 18_7 like Mac OS X) AppleWebKit/605.1.15 (KHTML, like Gecko) Version/26.5 Mobile/15E148 Safari/604.1",{},URL Event 1 for Study 320571,8499a431-a7cb-467a-8a83-d1a4e14f2d90,{},"Which best describes you when it comes to online polls—like quick opinion polls
about favorite characters, best endings, or hot takes on a story?",I'll vote on just about anything,1,,,,,,,,,,,,,,,,,,,,,,,,,,,,,,,,,,,,,,,,,,,,,,,,Visitor,,,
370720,[PIN] Hot Takes - User Behaviour,7d193049-34da-49e8-9d70-4bdcdad9f62b,https://www.supersummary.com/the-paris-architect/summary/,07/08/2026 01:06:46,07/08/2026 01:09:56,,,iOS,Mobile Safari,"Mozilla/5.0 (iPhone; CPU iPhone OS 18_7 like Mac OS X) AppleWebKit/605.1.15 (KHTML, like Gecko) Version/26.5 Mobile/15E148 Safari/604.1",{},URL Event 1 for Study 320571,56de636d-b044-4e1a-a54c-5683c295fba5,{},"Which best describes you when it comes to online polls—like quick opinion polls
about favorite characters, best endings, or hot takes on a story?",I vote when I have a strong opinion,3,"When you vote in an online poll, why do you usually do it?",To compare my take against the crowd,0,0,0,1,0,0,0,,What's the main thing you'd hope to get out of voting?,Seeing how my opinion stacks up against everyone else's,1,0,0,0,0,0,,What would make voting feel worth it?,A surprising or counterintuitive result,0,0,1,0,0,0,0,0,,,,,,,,,,,,the-paris-architect,,,,,,,Visitor,,,
370720,[PIN] Hot Takes - User Behaviour,e6a6ae46-c936-4999-85d7-8b07b1664c79,https://www.supersummary.com/the-calamity-club/summary/,07/08/2026 00:17:30,,,,iOS,GSA,"Mozilla/5.0 (iPhone; CPU iPhone OS 26_5_0 like Mac OS X) AppleWebKit/605.1.15 (KHTML, like Gecko) GSA/425.6.927981711 Mobile/15E148 Safari/604.1",{},URL Event 1 for Study 320571,d7bdd30c-f993-41ab-bee6-c0beb72f61b2,{},"Which best describes you when it comes to online polls—like quick opinion polls
about favorite characters, best endings, or hot takes on a story?",I rarely bother,4,,,,,,,,,,,,,,,,,,,,,,,,,,,,,,,,,teacher,,,,,,,,the-calamity-club,,,,,,,Visitor,,,
370720,[PIN] Hot Takes - User Behaviour,570ad87d-acd6-4496-8e67-6e94264660c5,https://www.supersummary.com/i-will-find-you/summary/,07/07/2026 22:27:57,07/07/2026 22:28:00,,,iOS,Mobile Safari,"Mozilla/5.0 (iPhone; CPU iPhone OS 18_7 like Mac OS X) AppleWebKit/605.1.15 (KHTML, like Gecko) Version/26.5 Mobile/15E148 Safari/604.1",{},URL Event 1 for Study 320571,e0b741d6-1335-4be4-bd7f-0d8e7e2cdc85,{},"Which best describes you when it comes to online polls—like quick opinion polls
about favorite characters, best endings, or hot takes on a story?",I rarely bother,4,"When you vote in an online poll, why do you usually do it?",I was just curious what the poll would ask,0,0,0,0,0,1,0,,What's the main thing you'd hope to get out of voting?,Discovering takes I hadn't considered,0,0,0,0,1,0,,What would make voting feel worth it?,"Honestly, just voting is enough",0,0,0,0,0,0,1,0,,,,,,,,,,,,,,,,,,,Visitor,,,
370720,[PIN] Hot Takes - User Behaviour,a7662691-cb31-4511-b95c-47548fe1b839,https://www.supersummary.com/the-book-club-for-troublesome-women/summary/,07/07/2026 17:13:13,,523427,,Windows,Chrome,"Mozilla/5.0 (Windows NT 10.0; Win64; x64) AppleWebKit/537.36 (KHTML, like Gecko) Chrome/149.0.0.0 Safari/537.36",{},,56b52f0b-248f-4848-adfc-a8e1ca161bc0,{},"Which best describes you when it comes to online polls—like quick opinion polls
about favorite characters, best endings, or hot takes on a story?",I vote when the topic interests me,2,,,,,,,,,,,,,,,,,,,,,,,,,,,,,,,,,book_club_member,u_43fd228b3fd539a5,,,,,,,an-american-beauty,,annual,annual,,Active Subscriber,,Active Subscriber,2025-08-31T20:08:51.000-07:00,25,0
370720,[PIN] Hot Takes - User Behaviour,eb34e61c-8d33-45f3-82eb-1ac28ffa881f,https://www.supersummary.com/the-magician-colm-toibin/summary/?searchId=72af2da5-9b5d-40e8-aac7-65e93db61fd1&searchPosition=1,07/07/2026 09:10:27,07/07/2026 09:11:24,,,iOS,Mobile Safari,"Mozilla/5.0 (iPhone; CPU iPhone OS 18_7 like Mac OS X) AppleWebKit/605.1.15 (KHTML, like Gecko) Version/26.5 Mobile/15E148 Safari/604.1",{},URL Event 1 for Study 320571,747cb040-e1bb-40ce-a9f2-a7612118a553,{},"Which best describes you when it comes to online polls—like quick opinion polls
about favorite characters, best endings, or hot takes on a story?",I vote when the topic interests me,2,"When you vote in an online poll, why do you usually do it?",To share an opinion I feel strongly about,0,1,0,0,0,0,0,,What's the main thing you'd hope to get out of voting?,Discovering takes I hadn't considered,0,0,0,0,1,0,,What would make voting feel worth it?,Getting to add my own hot take or question,0,0,0,0,0,1,0,0,,,,,,,,,,,,,,,,,,,Visitor,,,
370720,[PIN] Hot Takes - User Behaviour,779fcb01-6212-4b96-84bd-1d96a614b427,https://www.supersummary.com/never-lie/summary/#guide_page_title,07/07/2026 08:35:47,07/07/2026 08:39:03,,,iOS,Mobile Safari,"Mozilla/5.0 (iPhone; CPU iPhone OS 18_7 like Mac OS X) AppleWebKit/605.1.15 (KHTML, like Gecko) Version/26.5 Mobile/15E148 Safari/604.1",{},URL Event 1 for Study 320571,c8618d80-1a56-40f3-8c5b-eed9dcb72180,{},"Which best describes you when it comes to online polls—like quick opinion polls
about favorite characters, best endings, or hot takes on a story?",I vote when the topic interests me,2,"When you vote in an online poll, why do you usually do it?","To share an opinion I feel strongly about, It's quick and fun",0,1,1,0,0,0,0,,What's the main thing you'd hope to get out of voting?,"Settling a question I'd been wondering about, Just registering my opinion—the results don't matter much to me, Discovering takes I hadn't considered",0,1,0,1,1,0,,What would make voting feel worth it?,"Honestly, just voting is enough",0,0,0,0,0,0,1,0,,,,,,,,,,,,,,,,,,,Visitor,,,
370720,[PIN] Hot Takes - User Behaviour,9673f6cb-d821-431f-b958-1db0c5188335,https://www.supersummary.com/the-priory-of-the-orange-tree/summary/?searchId=6c244cca-4e23-47ee-9c4b-da3f32e8dbc4&searchPosition=2,07/07/2026 04:57:12,07/07/2026 04:58:01,,,iOS,Chrome,"Mozilla/5.0 (iPhone; CPU iPhone OS 26_5_0 like Mac OS X) AppleWebKit/605.1.15 (KHTML, like Gecko) CriOS/149.0.7827.137 Mobile/15E148 Safari/604.1",{},URL Event 1 for Study 320571,c69ed11c-87bd-46d5-b582-ed1ee8c8d9dd,{},"Which best describes you when it comes to online polls—like quick opinion polls
about favorite characters, best endings, or hot takes on a story?",I vote when the topic interests me,2,"When you vote in an online poll, why do you usually do it?",To compare my take against the crowd,0,0,0,1,0,0,0,,What's the main thing you'd hope to get out of voting?,Settling a question I'd been wondering about,0,1,0,0,0,0,,What would make voting feel worth it?,A surprising or counterintuitive result,0,0,1,0,0,0,0,0,,,,,,,,,,,,,,,,,,,Visitor,,,
370720,[PIN] Hot Takes - User Behaviour,5057339a-c43e-41fd-a73a-eb90a7f246e4,https://www.supersummary.com/jack-maggs/summary/,07/07/2026 02:53:40,07/07/2026 02:53:38,,,Android,Chrome,"Mozilla/5.0 (Linux; Android 10; K) AppleWebKit/537.36 (KHTML, like Gecko) Chrome/149.0.0.0 Mobile Safari/537.36",{},URL Event 1 for Study 320571,ee5f39a5-1f55-4b31-a4e7-96154250c5bc,{},"Which best describes you when it comes to online polls—like quick opinion polls
about favorite characters, best endings, or hot takes on a story?",I've never voted in one,5,,,,,,,,,,,,,,,,,,,,,,,,,,,,,,,,,,,,,,,,,,,,,,,,Visitor,,,
370720,[PIN] Hot Takes - User Behaviour,b414b717-bfc4-48e4-8393-0b5f64ec1473,https://www.supersummary.com/ricochet-krista-ritchie/summary/,07/06/2026 23:54:28,07/06/2026 23:54:52,,,iOS,Mobile Safari,"Mozilla/5.0 (iPhone; CPU iPhone OS 18_7 like Mac OS X) AppleWebKit/605.1.15 (KHTML, like Gecko) Version/26.5 Mobile/15E148 Safari/604.1",{},URL Event 1 for Study 320571,2986a4e3-b7ae-438c-a99a-afebbcf4c846,{},"Which best describes you when it comes to online polls—like quick opinion polls
about favorite characters, best endings, or hot takes on a story?",I rarely bother,4,"When you vote in an online poll, why do you usually do it?","To see if other people agree with me, To compare my take against the crowd",1,0,0,1,0,0,0,,What's the main thing you'd hope to get out of voting?,"Seeing how my opinion stacks up against everyone else's, Finding people who see it the way I do, Just registering my opinion—the results don't matter much to me",1,0,1,1,0,0,,What would make voting feel worth it?,"Getting to add my own hot take or question, Honestly, just voting is enough",0,0,0,0,0,1,1,0,,,,other,,,,,,,,ricochet-krista-ritchie,,,,,,,Visitor,,,
370720,[PIN] Hot Takes - User Behaviour,3752dc54-dd12-4ee5-8a99-0af591ef3e1c,https://www.supersummary.com/sky-full-of-elephants/summary/#guide_page_title,07/06/2026 05:08:43,,,,Android,Chrome,"Mozilla/5.0 (Linux; Android 10; K) AppleWebKit/537.36 (KHTML, like Gecko) Chrome/149.0.0.0 Mobile Safari/537.36",{},URL Event 1 for Study 320571,08c5f21b-06b1-411d-9d77-cba48f1afb92,{},"Which best describes you when it comes to online polls—like quick opinion polls
about favorite characters, best endings, or hot takes on a story?",I rarely bother,4,,,,,,,,,,,,,,,,,,,,,,,,,,,,,,,,,book_club_member,,,,,,,,sky-full-of-elephants,,,,,,,Visitor,,,
370720,[PIN] Hot Takes - User Behaviour,e525963b-5ffb-41e7-9c19-69fc78e19e20,https://www.supersummary.com/the-bookbinders-secret/summary/,07/06/2026 02:35:49,,,,Mac OS,Safari,"Mozilla/5.0 (Macintosh; Intel Mac OS X 10_15_7) AppleWebKit/605.1.15 (KHTML, like Gecko) Version/26.5 Safari/605.1.15",{},URL Event 1 for Study 320571,fcde6772-70e3-4f99-b48d-89be231f77f3,{},"Which best describes you when it comes to online polls—like quick opinion polls
about favorite characters, best endings, or hot takes on a story?",I vote when I have a strong opinion,3,"When you vote in an online poll, why do you usually do it?",To share an opinion I feel strongly about,0,1,0,0,0,0,0,,,,,,,,,,,,,,,,,,,,,,,,,,,,,,,,the-bookbinders-secret,,,,,,,Visitor,,,
370720,[PIN] Hot Takes - User Behaviour,dc4e35cc-b0e4-4d6d-90d8-c11b840c0428,https://www.supersummary.com/fool-me-once/summary/,07/05/2026 22:10:49,07/05/2026 22:10:49,,,iOS,Mobile Safari,"Mozilla/5.0 (iPhone; CPU iPhone OS 18_7 like Mac OS X) AppleWebKit/605.1.15 (KHTML, like Gecko) Version/26.5 Mobile/15E148 Safari/604.1",{},URL Event 1 for Study 320571,d40d5775-705b-4f09-b9a7-90c132c07ed5,{},"Which best describes you when it comes to online polls—like quick opinion polls
about favorite characters, best endings, or hot takes on a story?",I've never voted in one,5,,,,,,,,,,,,,,,,,,,,,,,,,,,,,,,,,,,,,,,,,fool-me-once,,,,,,,Visitor,,,
370720,[PIN] Hot Takes - User Behaviour,9caa3151-e892-46e6-9dc5-a302f019b0ad,https://www.supersummary.com/the-summer-guests-tess-gerritsen/summary/,07/05/2026 19:41:03,,,,iOS,GSA,"Mozilla/5.0 (iPhone; CPU iPhone OS 26_5_0 like Mac OS X) AppleWebKit/605.1.15 (KHTML, like Gecko) GSA/426.7.931869700 Mobile/15E148 Safari/604.1",{},URL Event 1 for Study 320571,4d5ed252-31ec-4228-82d3-acb3b92cc6c6,{},"Which best describes you when it comes to online polls—like quick opinion polls
about favorite characters, best endings, or hot takes on a story?",I rarely bother,4,,,,,,,,,,,,,,,,,,,,,,,,,,,,,,,,,,,,,,,,,the-summer-guests-tess-gerritsen,,,,,,,Visitor,,,
370720,[PIN] Hot Takes - User Behaviour,8eb11f43-543a-4133-bf28-5c0b5b6ce108,https://www.supersummary.com/strange-sally-diamond/summary/,07/05/2026 18:43:23,07/05/2026 18:43:23,,,Android,Chrome,"Mozilla/5.0 (Linux; Android 10; K) AppleWebKit/537.36 (KHTML, like Gecko) Chrome/149.0.0.0 Mobile Safari/537.36",{},URL Event 1 for Study 320571,faf702d8-0150-419e-a680-67797a309e11,{},"Which best describes you when it comes to online polls—like quick opinion polls
about favorite characters, best endings, or hot takes on a story?",I've never voted in one,5,,,,,,,,,,,,,,,,,,,,,,,,,,,,,,,,,,,,,,,,,,,,,,,,Visitor,,,
370720,[PIN] Hot Takes - User Behaviour,36c83e19-9f12-4a5f-931d-02680ddeb97f,https://www.supersummary.com/high-achiever/summary/,07/05/2026 16:07:58,07/05/2026 16:07:57,,,iOS,Mobile Safari,"Mozilla/5.0 (iPhone; CPU iPhone OS 18_7 like Mac OS X) AppleWebKit/605.1.15 (KHTML, like Gecko) Version/26.5 Mobile/15E148 Safari/604.1",{},URL Event 1 for Study 320571,ebe54bee-0dc0-4b84-9a48-a98fea85e538,{},"Which best describes you when it comes to online polls—like quick opinion polls
about favorite characters, best endings, or hot takes on a story?",I've never voted in one,5,,,,,,,,,,,,,,,,,,,,,,,,,,,,,,,,,,,,,,,,,high-achiever,,,,,,,Visitor,,,
370720,[PIN] Hot Takes - User Behaviour,fa37ce11-f815-4385-8f55-28b287918993,https://www.supersummary.com/the-calamity-club/summary/,07/05/2026 15:53:32,07/05/2026 15:53:32,,,iOS,GSA,"Mozilla/5.0 (iPhone; CPU iPhone OS 26_5_0 like Mac OS X) AppleWebKit/605.1.15 (KHTML, like Gecko) GSA/426.7.931869700 Mobile/15E148 Safari/604.1",{},URL Event 1 for Study 320571,f5cd6a3a-f8f2-4fb6-957a-87b13997ecd0,{},"Which best describes you when it comes to online polls—like quick opinion polls
about favorite characters, best endings, or hot takes on a story?",I've never voted in one,5,,,,,,,,,,,,,,,,,,,,,,,,,,,,,,,,,,,,,,,,,,,,,,,,Visitor,,,
370720,[PIN] Hot Takes - User Behaviour,46d784fc-720a-4924-9184-65db4ef05cdf,https://www.supersummary.com/meet-the-newmans/summary/,07/05/2026 14:27:07,07/05/2026 14:27:07,,,Android,Chrome,"Mozilla/5.0 (Linux; Android 10; K) AppleWebKit/537.36 (KHTML, like Gecko) Chrome/149.0.0.0 Mobile Safari/537.36",{},URL Event 1 for Study 320571,67e65fe6-70cd-4317-8f2c-62418f3bf993,{},"Which best describes you when it comes to online polls—like quick opinion polls
about favorite characters, best endings, or hot takes on a story?",I've never voted in one,5,,,,,,,,,,,,,,,,,,,,,,,,,,,,,,,,,teacher,,,,,,,,meet-the-newmans,,,,,,,Visitor,,,
370720,[PIN] Hot Takes - User Behaviour,c7b19dbe-9797-48f1-a224-6da8cfcb1cf0,https://www.supersummary.com/theo-of-golden/summary/,07/05/2026 06:55:10,07/05/2026 06:55:47,,,iOS,GSA,"Mozilla/5.0 (iPhone; CPU iPhone OS 26_5_1 like Mac OS X) AppleWebKit/605.1.15 (KHTML, like Gecko) GSA/426.7.931869700 Mobile/15E148 Safari/604.1",{},URL Event 1 for Study 320571,bda00182-14d4-4d6e-80c9-df5af71ecfd0,{},"Which best describes you when it comes to online polls—like quick opinion polls
about favorite characters, best endings, or hot takes on a story?",I vote when the topic interests me,2,"When you vote in an online poll, why do you usually do it?",To share an opinion I feel strongly about,0,1,0,0,0,0,0,,What's the main thing you'd hope to get out of voting?,Discovering takes I hadn't considered,0,0,0,0,1,0,,What would make voting feel worth it?,A surprising or counterintuitive result,0,0,1,0,0,0,0,0,,,,,,,,,,,,theo-of-golden,,,,,,,Visitor,,,
370720,[PIN] Hot Takes - User Behaviour,f4f2d87f-78b2-43a2-a0f6-b5bff3a747f0,https://www.supersummary.com/i-who-have-never-known-men/summary/?gad_source=1&gad_campaignid=23552428963&gbraid=0AAAAADhUVAr1NvOtuADqrELfOhYrqE35y&gclid=Cj0KCQjw3qLSBhDaARIsAFTiVh7lCAEE3UD6DaYtEV6U0Vw0pZaujMdfnywe-AkYVMXmRrIaPzKAcF0aArKGEALw_wcB,07/05/2026 05:05:40,07/05/2026 05:06:29,,,Android,Chrome,"Mozilla/5.0 (Linux; Android 10; K) AppleWebKit/537.36 (KHTML, like Gecko) Chrome/149.0.0.0 Mobile Safari/537.36",{},URL Event 1 for Study 320571,43cb6728-61c6-4d2c-939f-fbd4c4eaf802,{},"Which best describes you when it comes to online polls—like quick opinion polls
about favorite characters, best endings, or hot takes on a story?",I vote when the topic interests me,2,"When you vote in an online poll, why do you usually do it?","To share an opinion I feel strongly about, It's quick and fun, To compare my take against the crowd",0,1,1,1,0,0,0,,What's the main thing you'd hope to get out of voting?,"Settling a question I'd been wondering about, Discovering takes I hadn't considered",0,1,0,0,1,0,,What would make voting feel worth it?,"Seeing how my answer compares to the crowd, A surprising or counterintuitive result",0,1,1,0,0,0,0,0,,,,,,,,,,,,,,,,,,,Visitor,,,
370720,[PIN] Hot Takes - User Behaviour,19b97c43-0c36-4360-ac7f-4d8ad1d216aa,https://www.supersummary.com/founding-mothers/summary/,07/05/2026 00:12:48,,1689961,,Windows,Edge,"Mozilla/5.0 (Windows NT 10.0; Win64; x64) AppleWebKit/537.36 (KHTML, like Gecko) Chrome/149.0.0.0 Safari/537.36 Edg/149.0.0.0",{},URL Event 1 for Study 320571,790b7c4a-b71d-4069-a878-f3181154ff37,{},"Which best describes you when it comes to online polls—like quick opinion polls
about favorite characters, best endings, or hot takes on a story?",I'll vote on just about anything,1,,,,,,,,,,,,,,,,,,,,,,,,,,,,,,,,,book_club_member,u_851e5f768d14add2,,,,,,,founding-mothers,,,,,,,Non Converter,,0,
370720,[PIN] Hot Takes - User Behaviour,c030a92c-5c52-42fe-b55e-d520eb8326d4,https://www.supersummary.com/one-day-everyone-will-have-always-been-against-this/summary/?searchId=36be8aab-5283-48c2-9fcb-8c633dea30f6&searchPosition=5,07/04/2026 23:05:36,07/04/2026 23:05:59,,,iOS,Mobile Safari,"Mozilla/5.0 (iPhone; CPU iPhone OS 18_7 like Mac OS X) AppleWebKit/605.1.15 (KHTML, like Gecko) Version/26.5.2 Mobile/15E148 Safari/604.1",{},URL Event 1 for Study 320571,3f5474ff-499e-4728-873d-1d4991fab49e,{},"Which best describes you when it comes to online polls—like quick opinion polls
about favorite characters, best endings, or hot takes on a story?",I'll vote on just about anything,1,"When you vote in an online poll, why do you usually do it?",It's quick and fun,0,0,1,0,0,0,0,,What's the main thing you'd hope to get out of voting?,Seeing how my opinion stacks up against everyone else's,1,0,0,0,0,0,,What would make voting feel worth it?,"Seeing how everyone voted, Seeing how my answer compares to the crowd, A surprising or counterintuitive result",1,1,1,0,0,0,0,0,,,,book_club_member,,,,,,,,the-corrections,,,,,,,Visitor,,,
370720,[PIN] Hot Takes - User Behaviour,1acc54c8-b19e-47d4-8725-1dd01c736de6,https://www.supersummary.com/six-of-crows/summary/?searchId=d7464197-8ede-449d-841e-5200ad4868e3&searchPosition=1,07/04/2026 20:53:01,07/04/2026 20:53:31,,,iOS,Instagram,"Mozilla/5.0 (iPhone; CPU iPhone OS 26_5 like Mac OS X) AppleWebKit/605.1.15 (KHTML, like Gecko) Mobile/23F77 Instagram 436.0.0.24.53 (iPhone12,1; iOS 26_5; en_US; en; scale=2.00; 828x1792; IABMV/1; 1005037813) Safari/604.1",{},URL Event 1 for Study 320571,504f5910-aad9-47b6-adee-b81fffe0639b,{},"Which best describes you when it comes to online polls—like quick opinion polls
about favorite characters, best endings, or hot takes on a story?",I vote when I have a strong opinion,3,"When you vote in an online poll, why do you usually do it?",To feel part of a community,0,0,0,0,1,0,0,,What's the main thing you'd hope to get out of voting?,Just registering my opinion—the results don't matter much to me,0,0,0,1,0,0,,What would make voting feel worth it?,Seeing how everyone voted,1,0,0,0,0,0,0,0,,,,other,,,,,,,,,,,,,,,Visitor,,,
370720,[PIN] Hot Takes - User Behaviour,e759ff5f-9538-4bb6-a6ab-8fbde45bb46e,https://www.supersummary.com/the-clockmakers-daughter/summary/?searchId=f1bf52a7-3214-48b0-aab2-ee12978e2e8e&searchPosition=1,07/04/2026 15:50:51,07/04/2026 15:52:33,27832,,Windows,Edge,"Mozilla/5.0 (Windows NT 10.0; Win64; x64) AppleWebKit/537.36 (KHTML, like Gecko) Chrome/149.0.0.0 Safari/537.36 Edg/149.0.0.0",{},URL Event 1 for Study 320571,024c2389-4642-4ecf-8146-91d1dfbd1be9,{},"Which best describes you when it comes to online polls—like quick opinion polls
about favorite characters, best endings, or hot takes on a story?",I vote when the topic interests me,2,"When you vote in an online poll, why do you usually do it?",To feel part of a community,0,0,0,0,1,0,0,,What's the main thing you'd hope to get out of voting?,Discovering takes I hadn't considered,0,0,0,0,1,0,,What would make voting feel worth it?,"Honestly, just voting is enough",0,0,0,0,0,0,1,0,,,,book_club_member,u_a7f10485536c5538,,,,,,,the-clockmakers-daughter,,annual,annual,,Active Subscriber,,Canceled Subscriber,2021-01-28T11:30:45.000-08:00,49,0
370720,[PIN] Hot Takes - User Behaviour,519a39a2-652a-4d68-a96f-68ce76ba9d0b,https://www.supersummary.com/every-summer-after/summary/,07/04/2026 12:49:13,07/04/2026 12:49:13,,,iOS,Chrome,"Mozilla/5.0 (iPhone; CPU iPhone OS 26_5_1 like Mac OS X) AppleWebKit/605.1.15 (KHTML, like Gecko) CriOS/149.0.7827.137 Mobile/15E148 Safari/604.1",{},URL Event 1 for Study 320571,e23e72d5-e74a-40d7-b5ff-5eae2fcd5fd3,{},"Which best describes you when it comes to online polls—like quick opinion polls
about favorite characters, best endings, or hot takes on a story?",I've never voted in one,5,,,,,,,,,,,,,,,,,,,,,,,,,,,,,,,,,,,,,,,,,,,,,,,,Visitor,,,
370720,[PIN] Hot Takes - User Behaviour,8626534f-35ea-4bc3-bae1-9690469152f5,https://www.supersummary.com/five-ilona-bannister/summary/,07/04/2026 05:20:01,,,,Android,Chrome,"Mozilla/5.0 (Linux; Android 10; K) AppleWebKit/537.36 (KHTML, like Gecko) Chrome/149.0.0.0 Mobile Safari/537.36",{},URL Event 1 for Study 320571,dfc832f2-7a49-477a-a246-589edf3341c0,{},"Which best describes you when it comes to online polls—like quick opinion polls
about favorite characters, best endings, or hot takes on a story?",I vote when the topic interests me,2,"When you vote in an online poll, why do you usually do it?",To share an opinion I feel strongly about,0,1,0,0,0,0,0,,,,,,,,,,,,,,,,,,,,,,,,,,,,,,,,,,,,,,,Visitor,,,
370720,[PIN] Hot Takes - User Behaviour,a5075fea-73d6-46c8-91d4-87e3f88173b7,https://www.supersummary.com/tamas/summary/,07/04/2026 03:19:02,,,,Android,Chrome,"Mozilla/5.0 (Linux; Android 10; K) AppleWebKit/537.36 (KHTML, like Gecko) Chrome/150.0.0.0 Mobile Safari/537.36",{},URL Event 1 for Study 320571,1eccb4a9-11e2-4c28-aa46-0de0e8abe798,{},"Which best describes you when it comes to online polls—like quick opinion polls
about favorite characters, best endings, or hot takes on a story?",I'll vote on just about anything,1,,,,,,,,,,,,,,,,,,,,,,,,,,,,,,,,,,,,,,,,,tamas,,,,,,,Visitor,,,
370720,[PIN] Hot Takes - User Behaviour,13f29fbb-43dd-4c01-a317-0721a97db4d3,https://www.supersummary.com/the-lost-bookshop/summary/?utm_source=google&utm_medium=cpc&utm_campaign=15170576117&utm_content=136161102464&utm_term=&gad_source=1&gad_campaignid=15170576117&gbraid=0AAAAADhUVAq2f34WxfNM3ya4S4V_2Hfyn&gclid=CjwKCAjwu53SBhAhEiwAJzSLNkhOvrKWcUVlWzcwtQnKO2vCD-FLGjKInqmtZhG8JgvT6he3gIbWQRoCtfoQAvD_BwE,07/03/2026 23:40:08,07/03/2026 23:40:55,,,Mac OS,Safari,"Mozilla/5.0 (Macintosh; Intel Mac OS X 10_15_7) AppleWebKit/605.1.15 (KHTML, like Gecko) Version/26.5 Safari/605.1.15",{},URL Event 1 for Study 320571,e3993ff0-ba91-4d59-8d6e-c014120bc287,{},"Which best describes you when it comes to online polls—like quick opinion polls
about favorite characters, best endings, or hot takes on a story?",I vote when I have a strong opinion,3,"When you vote in an online poll, why do you usually do it?",To share an opinion I feel strongly about,0,1,0,0,0,0,0,,What's the main thing you'd hope to get out of voting?,Just registering my opinion—the results don't matter much to me,0,0,0,1,0,0,,What would make voting feel worth it?,A surprising or counterintuitive result,0,0,1,0,0,0,0,0,,,,,,,,,,,,the-lost-bookshop,,,,,,,Visitor,,,
370720,[PIN] Hot Takes - User Behaviour,6b4974b0-5107-434f-b17d-e803787090f3,https://www.supersummary.com/quicksilver/summary/?searchId=3d0a62cb-2c50-4ff4-a197-39d4d312981e&searchPosition=2,07/03/2026 16:39:34,07/03/2026 16:40:06,,,iOS,Mobile Safari,"Mozilla/5.0 (iPhone; CPU iPhone OS 18_7 like Mac OS X) AppleWebKit/605.1.15 (KHTML, like Gecko) Version/26.5 Mobile/15E148 Safari/604.1",{},URL Event 1 for Study 320571,ea57cd5f-9bcc-4858-9236-87e05138f949,{},"Which best describes you when it comes to online polls—like quick opinion polls
about favorite characters, best endings, or hot takes on a story?",I'll vote on just about anything,1,"When you vote in an online poll, why do you usually do it?","It's quick and fun, To compare my take against the crowd",0,0,1,1,0,0,0,,What's the main thing you'd hope to get out of voting?,"Seeing how my opinion stacks up against everyone else's, Settling a question I'd been wondering about",1,1,0,0,0,0,,What would make voting feel worth it?,"Seeing how everyone voted, Seeing how my answer compares to the crowd",1,1,0,0,0,0,0,0,,,,,,,,,,,,crown-me-dead,,,,,,,Visitor,,,
370720,[PIN] Hot Takes - User Behaviour,ec034c44-bd16-44a5-aa8a-7706b0bb3e2d,https://www.supersummary.com/mating-in-captivity/summary/,07/03/2026 15:44:04,,,,Mac OS,Firefox,Mozilla/5.0 (Macintosh; Intel Mac OS X 10.15; rv:152.0) Gecko/20100101 Firefox/152.0,{},URL Event 1 for Study 320571,d307db3c-0c7d-4e1e-8749-898aed9df110,{},"Which best describes you when it comes to online polls—like quick opinion polls
about favorite characters, best endings, or hot takes on a story?",I vote when the topic interests me,2,,,,,,,,,,,,,,,,,,,,,,,,,,,,,,,,,,,,,,,,,mating-in-captivity,,,,,,,Visitor,,,
370720,[PIN] Hot Takes - User Behaviour,29bfe1d6-2159-4f0d-9e62-63ebdc540ee4,https://www.supersummary.com/wonder/summary/,07/03/2026 12:40:40,07/03/2026 12:40:40,,,Windows,Edge,"Mozilla/5.0 (Windows NT 10.0; Win64; x64) AppleWebKit/537.36 (KHTML, like Gecko) Chrome/149.0.0.0 Safari/537.36 Edg/149.0.0.0",{},URL Event 1 for Study 320571,c34fa003-5448-450a-81e3-bca76247c84b,{},"Which best describes you when it comes to online polls—like quick opinion polls
about favorite characters, best endings, or hot takes on a story?",I've never voted in one,5,,,,,,,,,,,,,,,,,,,,,,,,,,,,,,,,,,,,,,,,,,,,,,,,Visitor,,,
370720,[PIN] Hot Takes - User Behaviour,afdf46d6-86e2-4500-89a1-79babbe96c6c,https://www.supersummary.com/sharks-in-the-time-of-saviors/summary/,07/03/2026 07:09:36,,,,iOS,Mobile Safari,"Mozilla/5.0 (iPhone; CPU iPhone OS 18_7 like Mac OS X) AppleWebKit/605.1.15 (KHTML, like Gecko) Version/27.0 Mobile/15E148 Safari/604.1",{},URL Event 1 for Study 320571,b8d55856-eb08-4e74-9ea8-83657b807413,{},"Which best describes you when it comes to online polls—like quick opinion polls
about favorite characters, best endings, or hot takes on a story?",I vote when I have a strong opinion,3,"When you vote in an online poll, why do you usually do it?","To share an opinion I feel strongly about, To compare my take against the crowd",0,1,0,1,0,0,0,,What's the main thing you'd hope to get out of voting?,Seeing how my opinion stacks up against everyone else's,1,0,0,0,0,0,,,,,,,,,,,,,,,,,,,,,,,sharks-in-the-time-of-saviors,,,,,,,Visitor,,,
370720,[PIN] Hot Takes - User Behaviour,c4e1d193-38c6-44cd-82ba-7d9346ca0514,https://www.supersummary.com/next-time-will-be-our-turn/summary/,07/03/2026 05:20:06,07/03/2026 05:20:05,,,iOS,Mobile Safari,"Mozilla/5.0 (iPhone; CPU iPhone OS 18_7 like Mac OS X) AppleWebKit/605.1.15 (KHTML, like Gecko) Version/26.5 Mobile/15E148 Safari/604.1",{},URL Event 1 for Study 320571,d4704d1d-5c83-44c3-95cf-b7d3d93d9998,{},"Which best describes you when it comes to online polls—like quick opinion polls
about favorite characters, best endings, or hot takes on a story?",I've never voted in one,5,,,,,,,,,,,,,,,,,,,,,,,,,,,,,,,,,,,,,,,,,,,,,,,,,,,
370720,[PIN] Hot Takes - User Behaviour,9ea377c2-9efa-4f65-b095-74878363d769,https://www.supersummary.com/the-secret-keeper-of-jaipur/summary/?searchId=d803413f-c44c-47e4-9421-923bb34f5409&searchPosition=2,07/02/2026 18:06:07,,1097672,,iOS,Mobile Safari,"Mozilla/5.0 (iPhone; CPU iPhone OS 18_7 like Mac OS X) AppleWebKit/605.1.15 (KHTML, like Gecko) Version/26.5 Mobile/15E148 Safari/604.1",{},URL Event 1 for Study 320571,85f3f3b7-d523-4e53-8aac-b377bc7804a6,{},"Which best describes you when it comes to online polls—like quick opinion polls
about favorite characters, best endings, or hot takes on a story?",I rarely bother,4,"When you vote in an online poll, why do you usually do it?",I was just curious what the poll would ask,0,0,0,0,0,1,0,,,,,,,,,,,,,,,,,,,,,,,book_club_member,book_club_member,u_998d2da59bce2ce9,[name],null,false,true,,[name],,,annual,annual,,Active Subscriber,true,Non Renewing Subscriber,2025-03-28T10:47:50.000-07:00,13,
370720,[PIN] Hot Takes - User Behaviour,284ec735-91cc-42fe-a122-469c8f1d3fcd,https://www.supersummary.com/for-every-one/summary/,07/02/2026 16:05:08,07/02/2026 16:05:21,,,Windows,Firefox,Mozilla/5.0 (Windows NT 10.0; Win64; x64; rv:152.0) Gecko/20100101 Firefox/152.0,{},URL Event 1 for Study 320571,898e0c7d-400a-4b91-8cf4-82c000022d20,{},"Which best describes you when it comes to online polls—like quick opinion polls
about favorite characters, best endings, or hot takes on a story?",I vote when the topic interests me,2,"When you vote in an online poll, why do you usually do it?",It's quick and fun,0,0,1,0,0,0,0,,What's the main thing you'd hope to get out of voting?,Finding people who see it the way I do,0,0,1,0,0,0,,What would make voting feel worth it?,A surprising or counterintuitive result,0,0,1,0,0,0,0,0,,,,,,,,,,,,for-every-one,,,,,,,Visitor,,,
370720,[PIN] Hot Takes - User Behaviour,f6ac7153-7ad7-48ad-bd09-92cc52eba28a,https://www.supersummary.com/the-woods/summary/,07/02/2026 12:40:47,,1688600,,Android,Chrome,"Mozilla/5.0 (Linux; Android 10; K) AppleWebKit/537.36 (KHTML, like Gecko) Chrome/149.0.0.0 Mobile Safari/537.36",{},URL Event 1 for Study 320571,0c05f2e5-40ef-4b6d-9602-6779da9fb660,{},"Which best describes you when it comes to online polls—like quick opinion polls
about favorite characters, best endings, or hot takes on a story?",I vote when the topic interests me,2,,,,,,,,,,,,,,,,,,,,,,,,,,,,,,,,,teacher,,,,,,,,the-woods,,,,,,,Visitor,,,
370720,[PIN] Hot Takes - User Behaviour,f9aefaf0-3859-47ea-a46d-4a958ae3ed67,https://www.supersummary.com/the-story-of-my-experiments-with-truth/summary/,07/02/2026 11:05:59,07/02/2026 11:07:26,,,Android,Chrome,"Mozilla/5.0 (Linux; Android 10; K) AppleWebKit/537.36 (KHTML, like Gecko) Chrome/149.0.0.0 Mobile Safari/537.36",{},URL Event 1 for Study 320571,c4bb3c18-b253-4061-aeb4-ec161b4fb312,{},"Which best describes you when it comes to online polls—like quick opinion polls
about favorite characters, best endings, or hot takes on a story?",I vote when the topic interests me,2,"When you vote in an online poll, why do you usually do it?",To share an opinion I feel strongly about,0,1,0,0,0,0,0,,What's the main thing you'd hope to get out of voting?,Just registering my opinion—the results don't matter much to me,0,0,0,1,0,0,,What would make voting feel worth it?,Seeing how my answer compares to the crowd,0,1,0,0,0,0,0,0,,,,,,,,,,,,,,,,,,,Visitor,,,
370720,[PIN] Hot Takes - User Behaviour,11f140a5-b940-4dec-b884-f5f79113350c,https://www.supersummary.com/the-winners/summary/,07/02/2026 07:52:33,07/02/2026 07:53:20,,,iOS,Mobile Safari,"Mozilla/5.0 (iPhone; CPU iPhone OS 18_7 like Mac OS X) AppleWebKit/605.1.15 (KHTML, like Gecko) Version/26.5 Mobile/15E148 Safari/604.1",{},URL Event 1 for Study 320571,0efc7e55-4ba3-4f8b-a220-efb420a7808f,{},"Which best describes you when it comes to online polls—like quick opinion polls
about favorite characters, best endings, or hot takes on a story?",I vote when the topic interests me,2,"When you vote in an online poll, why do you usually do it?","To see if other people agree with me, I was just curious what the poll would ask",1,0,0,0,0,1,0,,What's the main thing you'd hope to get out of voting?,Discovering takes I hadn't considered,0,0,0,0,1,0,,What would make voting feel worth it?,Seeing how everyone voted,1,0,0,0,0,0,0,0,,,,,,,,,,,,,,,,,,,Visitor,,,
370720,[PIN] Hot Takes - User Behaviour,0cb8dbc8-896f-4666-9c93-6f44b0ceee30,https://www.supersummary.com/praying-for-sheetrock/summary/,07/01/2026 19:15:26,07/01/2026 19:15:26,1688180,,Android,Chrome,"Mozilla/5.0 (Linux; Android 10; K) AppleWebKit/537.36 (KHTML, like Gecko) Chrome/149.0.0.0 Mobile Safari/537.36",{},URL Event 1 for Study 320571,5835a8a2-385c-4502-947a-093a7c3e27aa,{},"Which best describes you when it comes to online polls—like quick opinion polls
about favorite characters, best endings, or hot takes on a story?",I've never voted in one,5,,,,,,,,,,,,,,,,,,,,,,,,,,,,,,,,,other,u_f907a93fe0e1e115,,,,,,,praying-for-sheetrock,,,,,,,Non Converter,,0,
370720,[PIN] Hot Takes - User Behaviour,913b9720-ab72-40e3-bb79-f92969009cd2,https://www.supersummary.com/butcher-blackbird/summary/?searchId=e8f4e00e-20ec-4fc2-a308-3730787c5174&searchPosition=1,07/01/2026 16:48:13,07/01/2026 16:48:45,,,Android,Facebook,"Mozilla/5.0 (Linux; Android 16; SM-S938U Build/BP4A.251205.006; wv) AppleWebKit/537.36 (KHTML, like Gecko) Version/4.0 Chrome/149.0.7827.192 Mobile Safari/537.36 [FB_IAB/FB4A;FBAV/567.1.0.52.74;IABMV/1;]",{},URL Event 1 for Study 320571,1ccd9cec-ee5e-4a2d-81a0-4381a2d0c33a,{},"Which best describes you when it comes to online polls—like quick opinion polls
about favorite characters, best endings, or hot takes on a story?",I vote when I have a strong opinion,3,"When you vote in an online poll, why do you usually do it?","To share an opinion I feel strongly about, It's quick and fun, To compare my take against the crowd",0,1,1,1,0,0,0,,What's the main thing you'd hope to get out of voting?,"Settling a question I'd been wondering about, Finding people who see it the way I do",0,1,1,0,0,0,,What would make voting feel worth it?,"Seeing how everyone voted, Seeing how my answer compares to the crowd, A surprising or counterintuitive result, Seeing votes from people who see it the way I do",1,1,1,1,0,0,0,0,,,,,,,,,,,,,,,,,,,Visitor,,,
370720,[PIN] Hot Takes - User Behaviour,94f65613-2942-483c-84a5-da6360889e29,https://www.supersummary.com/the-swamp-dwellers/summary/,07/01/2026 16:02:12,07/01/2026 16:02:12,,,Mac OS,Safari,"Mozilla/5.0 (Macintosh; Intel Mac OS X 10_15_7) AppleWebKit/605.1.15 (KHTML, like Gecko) Version/26.5 Safari/605.1.15",{},URL Event 1 for Study 320571,7997a9a3-9a6d-4c62-a8d2-a920d8648d2a,{},"Which best describes you when it comes to online polls—like quick opinion polls
about favorite characters, best endings, or hot takes on a story?",I've never voted in one,5,,,,,,,,,,,,,,,,,,,,,,,,,,,,,,,,,,,,,,,,,the-swamp-dwellers,,,,,,,Visitor,,,
370720,[PIN] Hot Takes - User Behaviour,26e2cc01-4704-42e2-bc40-8734c7ac5bfb,https://www.supersummary.com/the-love-haters/summary/,07/01/2026 15:30:27,,,,iOS,Mobile Safari,"Mozilla/5.0 (iPhone; CPU iPhone OS 26_5 like Mac OS X) AppleWebKit/605.1.15 (KHTML, like Gecko) Version/26.5 Mobile/15E148 Safari/604.1 (Ecosia ios@12.3.0.3060)",{},URL Event 1 for Study 320571,5d8866e2-22ac-487a-8eb1-11d4d0f78cc2,{},"Which best describes you when it comes to online polls—like quick opinion polls
about favorite characters, best endings, or hot takes on a story?",I rarely bother,4,,,,,,,,,,,,,,,,,,,,,,,,,,,,,,,,,,,,,,,,,,,,,,,,Visitor,,,
370720,[PIN] Hot Takes - User Behaviour,2f5df0d7-9277-44ed-a470-e3008c4bec3c,https://www.supersummary.com/burn-down-masters-house/summary/,07/01/2026 14:47:17,,,,iOS,Chrome,"Mozilla/5.0 (iPad; CPU OS 26_5_0 like Mac OS X) AppleWebKit/605.1.15 (KHTML, like Gecko) CriOS/149.0.7827.137 Mobile/15E148 Safari/604.1",{},URL Event 1 for Study 320571,15ef68da-cc0d-420b-9237-2b7eba9fd82e,{},"Which best describes you when it comes to online polls—like quick opinion polls
about favorite characters, best endings, or hot takes on a story?",I rarely bother,4,,,,,,,,,,,,,,,,,,,,,,,,,,,,,,,,,,,,,,,,,burn-down-masters-house,,,,,,,Visitor,,,
370720,[PIN] Hot Takes - User Behaviour,69f703fb-b9d5-4c6f-b423-6ad8c23aa0f4,https://www.supersummary.com/the-briar-club/summary/,07/01/2026 14:08:00,,,,Windows,Edge,"Mozilla/5.0 (Windows NT 10.0; Win64; x64) AppleWebKit/537.36 (KHTML, like Gecko) Chrome/149.0.0.0 Safari/537.36 Edg/149.0.0.0",{},URL Event 1 for Study 320571,6ba0cbd6-830c-436d-b6c7-4a1c71c9709d,{},"Which best describes you when it comes to online polls—like quick opinion polls
about favorite characters, best endings, or hot takes on a story?",I rarely bother,4,"When you vote in an online poll, why do you usually do it?",Other,0,0,0,0,0,0,1,none,,,,,,,,,,,,,,,,,,,,,,,book_club_member,,,,,,,,,,,,,,,Visitor,,,
370720,[PIN] Hot Takes - User Behaviour,11473e7a-bad2-4b9c-8ab4-2602f2ba1e29,https://www.supersummary.com/my-husbands-wife/summary/,07/01/2026 12:26:18,07/01/2026 12:26:18,,,iOS,Mobile Safari,"Mozilla/5.0 (iPhone; CPU iPhone OS 18_6 like Mac OS X) AppleWebKit/605.1.15 (KHTML, like Gecko) Version/26.5 Mobile/15E148 Safari/604.1 Ddg/26.5",{},URL Event 1 for Study 320571,db662116-fb00-47e1-9883-af00f3c54fe4,{},"Which best describes you when it comes to online polls—like quick opinion polls
about favorite characters, best endings, or hot takes on a story?",I've never voted in one,5,,,,,,,,,,,,,,,,,,,,,,,,,,,,,,,,,,,,,,,,,,,,,,,,Visitor,,,
370720,[PIN] Hot Takes - User Behaviour,c4bde117-3b99-40b9-a12e-64be668f917b,https://www.supersummary.com/a-court-of-thorns-and-roses/summary/?searchId=a1161a7b-01b0-4a05-9a12-3e2befbbd8c0&searchPosition=1,07/01/2026 12:14:46,07/01/2026 12:15:19,1687927,,Windows,Chrome,"Mozilla/5.0 (Windows NT 10.0; Win64; x64) AppleWebKit/537.36 (KHTML, like Gecko) Chrome/149.0.0.0 Safari/537.36",{},URL Event 1 for Study 320571,1bc695a2-d0b9-4c22-afdd-d83e3b084633,{},"Which best describes you when it comes to online polls—like quick opinion polls
about favorite characters, best endings, or hot takes on a story?",I vote when the topic interests me,2,"When you vote in an online poll, why do you usually do it?",To share an opinion I feel strongly about,0,1,0,0,0,0,0,,What's the main thing you'd hope to get out of voting?,Discovering takes I hadn't considered,0,0,0,0,1,0,,What would make voting feel worth it?,Seeing how my answer compares to the crowd,0,1,0,0,0,0,0,0,,,,other,u_9dd3bfcb64436fef,,,,,,,a-court-of-thorns-and-roses,,,,,,,Non Converter,,0,
370720,[PIN] Hot Takes - User Behaviour,93d08a57-91f4-425f-b67f-a49aa5a8240c,https://www.supersummary.com/the-lion-women-of-tehran/summary/#guide_page_title,07/01/2026 10:51:30,,,,Android,Chrome,"Mozilla/5.0 (Linux; Android 10; K) AppleWebKit/537.36 (KHTML, like Gecko) Chrome/149.0.0.0 Mobile Safari/537.36",{},URL Event 1 for Study 320571,ae6bb747-02ba-4ec3-bdd1-1d681ab04b43,{},"Which best describes you when it comes to online polls—like quick opinion polls
about favorite characters, best endings, or hot takes on a story?",I vote when the topic interests me,2,,,,,,,,,,,,,,,,,,,,,,,,,,,,,,,,,,,,,,,,,the-lion-women-of-tehran,,,,,,,Visitor,,,
370720,[PIN] Hot Takes - User Behaviour,afb80408-977d-4708-aadb-ee859ea555ff,https://www.supersummary.com/this-story-might-save-your-life/summary/?utm_source=google&utm_medium=cpc&utm_campaign=22777360728&utm_content=&utm_term=&gad_source=1&gad_campaignid=22777363182&gbraid=0AAAAADhUVApRUyffabqQlis9ylgd2RUZJ&gclid=EAIaIQobChMIn77Xo6KxlQMVniaHAx1cejjbEAAYASAAEgJFTfD_BwE,07/01/2026 10:28:04,07/01/2026 10:28:04,,,iOS,Mobile Safari,"Mozilla/5.0 (iPhone; CPU iPhone OS 18_7 like Mac OS X) AppleWebKit/605.1.15 (KHTML, like Gecko) Version/26.5 Mobile/15E148 Safari/604.1",{},URL Event 1 for Study 320571,49e77287-628a-4608-9960-c9ab93cdceeb,{},"Which best describes you when it comes to online polls—like quick opinion polls
about favorite characters, best endings, or hot takes on a story?",I've never voted in one,5,,,,,,,,,,,,,,,,,,,,,,,,,,,,,,,,,,,,,,,,,this-story-might-save-your-life,,,,,,,Visitor,,,
370720,[PIN] Hot Takes - User Behaviour,b72f1bfc-ff33-4c54-ab71-a8711691b02a,https://www.supersummary.com/in-the-veins-of-the-drowning/summary/,07/01/2026 06:37:38,07/01/2026 06:37:38,,,iOS,Mobile Safari,"Mozilla/5.0 (iPhone; CPU iPhone OS 18_3_2 like Mac OS X) AppleWebKit/605.1.15 (KHTML, like Gecko) Version/18.3.1 Mobile/15E148 Safari/604.1",{},URL Event 1 for Study 320571,96a5992a-fc96-4fb2-8085-f433c2414cb6,{},"Which best describes you when it comes to online polls—like quick opinion polls
about favorite characters, best endings, or hot takes on a story?",I've never voted in one,5,,,,,,,,,,,,,,,,,,,,,,,,,,,,,,,,,,,,,,,,,,,,,,,,Visitor,,,
