surveyId,surveyName,visitorId,href,createdAt,completedAt,userId,partnerAnonymousId,os,browser,userAgent,customMetadata,triggeringEvent,responseGroupUid,eventProperties,Q1_Question_Text,Q1_Response,Q2_Question_Text,Q2_Response,Q3_Question_Text,Q3_Response,Q4_Question_Text,Q4_Response,Q4_Choice_1,Q4_Choice_2,Q4_Choice_3,Q4_Choice_4,Q4_Choice_5,Q4_Choice_6,Q4_Response_Other,Q5_Question_Text,Q5_Response,Q5_Choice_1,Q5_Choice_2,Q5_Choice_3,Q5_Choice_4,Q5_Choice_5,Q5_Choice_6,Q5_Response_Other,Attribute_1,Attribute_2,Attribute_3,Attribute_4,Attribute_5,Attribute_6,Attribute_7,Attribute_8,Attribute_9,Attribute_10,Attribute_11,Attribute_12,Attribute_13,Attribute_14,Attribute_15,Attribute_16,Attribute_17,Attribute_18,Attribute_19,Attribute_20,Attribute_21,Attribute_22
Survey ID,Survey Name,Visitor ID,URL,Created At,Completed At,User ID,Partner Anonymous ID,OS,Browser,User Agent,Custom Metadata,Triggering Event,Response Group ID,Event Properties,How would you feel if you could no longer use the Story Recap?*,How would you feel if you could no longer use the Story Recap?*,"How useful was the Story Recap in helping you recontextualize the story and
remember what happened?*","How useful was the Story Recap in helping you recontextualize the story and
remember what happened?*",How would you rate the overall quality and level of detail of the Story Recap?*,How would you rate the overall quality and level of detail of the Story Recap?*,You indicated you wouldn't be disappointed if the Story Recap was removed. Why?,You indicated you wouldn't be disappointed if the Story Recap was removed. Why?,I already remember the story well without the recap,The recap does not add enough new or helpful information,The recap does not match what I need at this stage of the story,I worry that the recap includes spoilers,I find the recap confusing or unclear,Other,Other,You indicated that the Story Recap did not help you. What was the main reason?,You indicated that the Story Recap did not help you. What was the main reason?,The recap misses important events,The recap is hard to follow or unclear,The recap feels inaccurate or inconsistent with the story,The recap contains spoilers,The writing style is not engaging,Other,Other,appVersion,audience,audienceCategory,deviceType,email,firstName,gradeLevel,isStaff,isSubscribed,lastDownloadDate,lastName,last_visited_guide,osVersion,planId,planType,sdkVersion,status,subscribed,subscriberStatus,subscriptionDate,tenure,totalGuideDownloads
351373,PMF: Story Recap,2b00ca8b-fb7b-4023-b3f9-f0cacd5e324d,https://www.supersummary.com/a-snake-falls-to-earth/story-recap/#ai-tools-page-header,08/31/2026 23:56:19,,1746689,,Mac OS,Safari,"Mozilla/5.0 (Macintosh; Intel Mac OS X 10_15_7) AppleWebKit/605.1.15 (KHTML, like Gecko) Version/26.6 Safari/605.1.15",{},URL Event 1 for Study 351373,fe32359e-cab9-498a-8e75-b41d7a1f0987,{},How would you feel if you could no longer use the Story Recap?,1,,,,,,,,,,,,,,,,,,,,,,,,,Student,,u_7227488330903c58,,High School,,,,,a-snake-falls-to-earth,,annual_plus,annual,,,,Active Subscriber,2026-08-31T16:50:37.000-07:00,0,
351373,PMF: Story Recap,340dbbb2-26ec-40b6-8772-4e93e7b19e3f,https://www.supersummary.com/the-briar-club/story-recap/#ai-tools-page-header,08/31/2026 21:20:05,,1659103,,iOS,Chrome,"Mozilla/5.0 (iPad; CPU OS 26_5_2 like Mac OS X) AppleWebKit/605.1.15 (KHTML, like Gecko) CriOS/151.0.7922.112 Mobile/15E148 Safari/604.1",{},URL Event 1 for Study 351373,6c10abef-fe7a-44ef-a85b-0f5003d6601a,{},How would you feel if you could no longer use the Story Recap?,1,,,,,,,,,,,,,,,,,,,,,,,,,book_club_member,,u_788d7c1656636588,,,,,,,the-briar-club,,annual_plus,annual,,Active Subscriber,,Active Subscriber,2026-05-29T10:27:34.000-07:00,4,
351373,PMF: Story Recap,489e7d79-db4b-4912-a3f0-f16b96f705e5,https://www.supersummary.com/kin-tayari-jones/story-recap/#ai-tools-page-header,08/31/2026 20:34:50,08/31/2026 20:35:24,1748956,,Mac OS,Safari,"Mozilla/5.0 (Macintosh; Intel Mac OS X 10_15_7) AppleWebKit/605.1.15 (KHTML, like Gecko) Version/26.6 Safari/605.1.15",{},URL Event 1 for Study 351373,e727df4a-9b93-48eb-9e43-5f6a7134b4c4,{},How would you feel if you could no longer use the Story Recap?,3,,,,,You indicated you wouldn't be disappointed if the Story Recap was removed. Why?,Other,0,0,0,0,0,1,Haven’t used it yet. New member,,,,,,,,,,,,book_club_member,,u_aa892102a9c29552,,,,,,,kin-tayari-jones,,annual_plus,,,,,Active Subscriber,,0,
351373,PMF: Story Recap,fc65b245-2a21-4c65-b96f-fd1b11a7e3aa,https://www.supersummary.com/the-history-of-money/story-recap/#ai-tools-page-header,08/31/2026 20:30:27,08/31/2026 20:30:41,442773,,Mac OS,Firefox,Mozilla/5.0 (Macintosh; Intel Mac OS X 10.15; rv:154.0) Gecko/20100101 Firefox/154.0,{},URL Event 1 for Study 351373,00342bff-05af-4a62-b365-260cfbd8f931,{},How would you feel if you could no longer use the Story Recap?,5,"How useful was the Story Recap in helping you recontextualize the story and
remember what happened?",5,How would you rate the overall quality and level of detail of the Story Recap?,5,,,,,,,,,,,,,,,,,,,,,book_club_member,,u_3db6416d5f96e364,,,,,,,the-history-of-money,,annual,annual,,Active Subscriber,,Active Subscriber,2023-10-29T13:10:29.000-07:00,35,0
351373,PMF: Story Recap,ff4bdcd9-c4d2-4c99-a375-6371d8567f28,https://www.supersummary.com/eldritch/story-recap/#ai-tools-page-header,08/31/2026 13:52:27,,844774,,Windows,Chrome,"Mozilla/5.0 (Windows NT 10.0; Win64; x64) AppleWebKit/537.36 (KHTML, like Gecko) Chrome/151.0.0.0 Safari/537.36",{},URL Event 1 for Study 351373,0bcdf8fe-2402-4d5e-bb6d-a706fd1d0b46,{},How would you feel if you could no longer use the Story Recap?,4,"How useful was the Story Recap in helping you recontextualize the story and
remember what happened?",5,,,,,,,,,,,,,,,,,,,,,1.22.0,book_club_member,book_club_member,,u_76008e5d0385de4c,[name],null,false,true,,[name],eldritch,26.6,annual_plus,annual,4.27.0,Active Subscriber,true,Active Subscriber,2025-10-28T06:44:05.000-07:00,11,
351373,PMF: Story Recap,6cd8d57f-9274-42f7-8918-ba9831c2b27e,https://www.supersummary.com/black-birds-in-the-sky/story-recap/#ai-tools-page-header,08/30/2026 20:16:27,08/30/2026 20:16:31,1747133,,iOS,Mobile Safari,"Mozilla/5.0 (iPhone; CPU iPhone OS 18_7 like Mac OS X) AppleWebKit/605.1.15 (KHTML, like Gecko) Version/26.6 Mobile/15E148 Safari/604.1",{},URL Event 1 for Study 351373,ffef0d0a-da98-4cb0-90b5-0bfe908424db,{},How would you feel if you could no longer use the Story Recap?,5,"How useful was the Story Recap in helping you recontextualize the story and
remember what happened?",5,How would you rate the overall quality and level of detail of the Story Recap?,5,,,,,,,,,,,,,,,,,,,,,student,,u_60eb1be1dbd9fab1,,,,,,,black-birds-in-the-sky,,monthly_essentials,,,,,Active Subscriber,,0,
351373,PMF: Story Recap,03d2d9f2-ea1b-43f6-a5dc-73d9093ea723,https://www.supersummary.com/ground-zero-gratz/story-recap/#ai-tools-page-header,08/30/2026 18:08:22,08/30/2026 18:08:32,1746938,,Windows,Edge,"Mozilla/5.0 (Windows NT 10.0; Win64; x64) AppleWebKit/537.36 (KHTML, like Gecko) Chrome/151.0.0.0 Safari/537.36 Edg/151.0.0.0",{},URL Event 1 for Study 351373,18c1eb5b-6635-48fc-9ed2-843f4fea217f,{},How would you feel if you could no longer use the Story Recap?,5,"How useful was the Story Recap in helping you recontextualize the story and
remember what happened?",5,How would you rate the overall quality and level of detail of the Story Recap?,5,,,,,,,,,,,,,,,,,,,,,parent_of_student,,u_38552118b0a9e809,,Middle School,,,,,ground-zero-gratz,,annual_plus,annual,,,,Active Subscriber,2026-08-30T11:05:08.000-07:00,0,
351373,PMF: Story Recap,9bf3fd21-e072-4b50-87db-aa6693254f29,https://www.supersummary.com/say-you-swear/story-recap/#ai-tools-page-header,08/30/2026 15:14:11,,1746727,,iOS,Mobile Safari,"Mozilla/5.0 (iPhone; CPU iPhone OS 18_7 like Mac OS X) AppleWebKit/605.1.15 (KHTML, like Gecko) Version/26.5 Mobile/15E148 Safari/604.1",{},URL Event 1 for Study 351373,514ac1b5-3abb-4ed1-a5c5-743806f0dd8f,{},How would you feel if you could no longer use the Story Recap?,3,,,,,,,,,,,,,,,,,,,,,,,,,other,,u_556b7137b0825099,,,,,,,say-you-swear,,monthly_essentials,,,,,Active Subscriber,,0,
351373,PMF: Story Recap,ff794e9f-0782-4a61-85d4-bc7737cf9c82,https://www.supersummary.com/ground-zero-gratz/story-recap/#ai-tools-page-header,08/30/2026 14:18:08,08/30/2026 14:18:45,1746019,,Android,Chrome,"Mozilla/5.0 (Linux; Android 10; K) AppleWebKit/537.36 (KHTML, like Gecko) Chrome/151.0.0.0 Mobile Safari/537.36",{},URL Event 1 for Study 351373,cfaf13e2-d688-475b-bb29-38aa809a1fd5,{},How would you feel if you could no longer use the Story Recap?,4,"How useful was the Story Recap in helping you recontextualize the story and
remember what happened?",4,How would you rate the overall quality and level of detail of the Story Recap?,4,,,,,,,,,,,,,,,,,,,,,other,,u_cbe256cd5f3f8f93,,,,,,,ground-zero-gratz,,annual_plus,,,,,Active Subscriber,,0,
351373,PMF: Story Recap,c3b62a29-24de-4e84-b49d-c43393fcaa42,https://www.supersummary.com/the-terminal-list/story-recap/#ai-tools-page-header,08/30/2026 12:00:41,08/30/2026 12:00:45,1746533,,iOS,Mobile Safari,"Mozilla/5.0 (iPhone; CPU iPhone OS 18_7 like Mac OS X) AppleWebKit/605.1.15 (KHTML, like Gecko) Version/26.6 Mobile/15E148 Safari/604.1",{},URL Event 1 for Study 351373,2c329327-3efa-4365-99e6-ffb8566b9e2d,{},How would you feel if you could no longer use the Story Recap?,4,"How useful was the Story Recap in helping you recontextualize the story and
remember what happened?",4,How would you rate the overall quality and level of detail of the Story Recap?,5,,,,,,,,,,,,,,,,,,,,,other,,u_943424b9f27a8fb2,,,,,,,the-terminal-list,,annual_essentials,,,,,Active Subscriber,,0,
351373,PMF: Story Recap,c0f949f1-2340-4db9-9348-83065ba33bfc,https://www.supersummary.com/my-friends-fredrik-backman/story-recap/#ai-tools-page-header,08/30/2026 00:59:54,08/30/2026 01:00:07,1746208,,iOS,Mobile Safari,"Mozilla/5.0 (iPhone; CPU iPhone OS 18_7 like Mac OS X) AppleWebKit/605.1.15 (KHTML, like Gecko) Version/26.6 Mobile/15E148 Safari/604.1",{},URL Event 1 for Study 351373,e3a56942-00cc-432d-9428-47c7ca4fd452,{},How would you feel if you could no longer use the Story Recap?,5,"How useful was the Story Recap in helping you recontextualize the story and
remember what happened?",5,How would you rate the overall quality and level of detail of the Story Recap?,5,,,,,,,,,,,,,,,,,,,,,other,,u_8532930d86135498,,,,,,,my-friends-fredrik-backman,,annual_plus,,,,,Active Subscriber,,0,
351373,PMF: Story Recap,fbbe9cfb-3621-4a04-84bc-05492f480292,https://www.supersummary.com/theo-of-golden/story-recap/#ai-tools-page-header,08/29/2026 14:01:05,08/29/2026 14:01:12,1745629,,Windows,Chrome,"Mozilla/5.0 (Windows NT 10.0; Win64; x64) AppleWebKit/537.36 (KHTML, like Gecko) Chrome/152.0.0.0 Safari/537.36",{},URL Event 1 for Study 351373,cd6abbc3-6254-4c98-a4cf-8d31a6556887,{},How would you feel if you could no longer use the Story Recap?,4,"How useful was the Story Recap in helping you recontextualize the story and
remember what happened?",4,How would you rate the overall quality and level of detail of the Story Recap?,4,,,,,,,,,,,,,,,,,,,,,avid_reader,,u_04f7d35ec238c7f0,,,,,,,theo-of-golden,,annual_plus,,,,,Active Subscriber,,0,
351373,PMF: Story Recap,e7223ffe-1481-4f2a-ab65-100c00e51975,https://www.supersummary.com/the-dog-stars/story-recap/#ai-tools-page-header,08/28/2026 16:19:58,08/28/2026 16:20:00,1634813,,Android,Samsung Internet,"Mozilla/5.0 (Linux; Android 10; K) AppleWebKit/537.36 (KHTML, like Gecko) SamsungBrowser/30.0 Chrome/143.0.0.0 Mobile Safari/537.36",{},URL Event 1 for Study 351373,9bb6ea95-e8d7-49b3-bd8a-28b46cd134ba,{},How would you feel if you could no longer use the Story Recap?,5,"How useful was the Story Recap in helping you recontextualize the story and
remember what happened?",5,How would you rate the overall quality and level of detail of the Story Recap?,5,,,,,,,,,,,,,,,,,,,,,other,,u_50abfd187a11747e,,,,,,,the-dog-stars,,monthly_plus,monthly,,Active Subscriber,,Active Subscriber,2026-05-10T12:57:31.000-07:00,4,
351373,PMF: Story Recap,40dbbf06-5c4d-4178-a851-17a168100f08,https://www.supersummary.com/amazing-grace-adams/story-recap/#ai-tools-page-header,08/28/2026 13:59:33,08/28/2026 13:59:40,966381,,Mac OS,Safari,"Mozilla/5.0 (Macintosh; Intel Mac OS X 10_15_7) AppleWebKit/605.1.15 (KHTML, like Gecko) Version/18.7.6 Safari/605.1.15",{},URL Event 1 for Study 351373,16ca3292-f3ce-4de4-88b1-cc6072dd7855,{},How would you feel if you could no longer use the Story Recap?,5,"How useful was the Story Recap in helping you recontextualize the story and
remember what happened?",5,How would you rate the overall quality and level of detail of the Story Recap?,5,,,,,,,,,,,,,,,,,,,,,book_club_member,,u_77ae88d9ae47e53e,,,,,,,amazing-grace-adams,,annual,annual,,,,Active Subscriber,2025-09-25T19:36:34.000-07:00,12,
351373,PMF: Story Recap,168ec739-069f-4c97-baa1-e2b50ad5d84e,https://www.supersummary.com/kin-tayari-jones/story-recap/#ai-tools-page-header,08/27/2026 19:34:50,,1743760,,iOS,Mobile Safari,"Mozilla/5.0 (iPhone; CPU iPhone OS 18_7 like Mac OS X) AppleWebKit/605.1.15 (KHTML, like Gecko) Version/26.6 Mobile/15E148 Safari/604.1",{},URL Event 1 for Study 351373,3bab18e4-383e-410f-9ce8-9f29534b6e52,{},How would you feel if you could no longer use the Story Recap?,3,,,,,,,,,,,,,,,,,,,,,,,,,other,,u_f26dbeee4f3541f9,,,,,,,kin-tayari-jones,,annual_essentials,,,,,Active Subscriber,,0,
351373,PMF: Story Recap,520bbc75-783e-4ea0-b2f7-65e6e067cba6,https://www.supersummary.com/theo-of-golden/story-recap/#ai-tools-page-header,08/27/2026 18:28:33,08/27/2026 18:28:38,1702714,,iOS,GSA,"Mozilla/5.0 (iPhone; CPU iPhone OS 26_6_0 like Mac OS X) AppleWebKit/605.1.15 (KHTML, like Gecko) GSA/435.4.965413651 Mobile/15E148 Safari/604.1",{},URL Event 1 for Study 351373,a8764f6d-b0f8-474b-b114-c3d15fadcb1e,{},How would you feel if you could no longer use the Story Recap?,5,"How useful was the Story Recap in helping you recontextualize the story and
remember what happened?",5,How would you rate the overall quality and level of detail of the Story Recap?,5,,,,,,,,,,,,,,,,,,,,,other,,u_6b3d56de7c7d22a3,,,,,,,theo-of-golden,,annual_essentials,,,,,Active Subscriber,,0,
351373,PMF: Story Recap,c0b4bb84-191c-4b69-addd-6eb9ca16cd32,https://www.supersummary.com/the-things-we-never-say/story-recap/#ai-tools-page-header,08/27/2026 18:03:47,,1480156,,iOS,GSA,"Mozilla/5.0 (iPhone; CPU iPhone OS 26_6_0 like Mac OS X) AppleWebKit/605.1.15 (KHTML, like Gecko) GSA/435.4.965413651 Mobile/15E148 Safari/604.1",{},URL Event 1 for Study 351373,7c7411f4-03f3-4fdc-94fa-f13743f4d636,{},How would you feel if you could no longer use the Story Recap?,5,,,,,,,,,,,,,,,,,,,,,,,,,book_club_member,,u_d2c3fb530aea94a6,,,,,,,the-things-we-never-say,,annual_plus,annual,,Active Subscriber,,Non Renewing Subscriber,2026-01-23T10:56:25.000-08:00,8,
351373,PMF: Story Recap,c6c0eb42-2289-4d07-ab0a-c83e3725f5bd,https://www.supersummary.com/big-little-lies/story-recap/#ai-tools-page-header,08/26/2026 20:24:27,08/26/2026 20:24:36,1648706,,Windows,Chrome,"Mozilla/5.0 (Windows NT 10.0; Win64; x64) AppleWebKit/537.36 (KHTML, like Gecko) Chrome/151.0.0.0 Safari/537.36",{},URL Event 1 for Study 351373,4b53ed85-db27-4cf6-ac42-82a7c732c438,{},How would you feel if you could no longer use the Story Recap?,5,"How useful was the Story Recap in helping you recontextualize the story and
remember what happened?",5,How would you rate the overall quality and level of detail of the Story Recap?,5,,,,,,,,,,,,,,,,,,,,,librarian,,u_997a580c0a1dad05,,,,,,,big-little-lies,,annual_plus,annual,,Active Subscriber,,Active Subscriber,2026-05-20T07:58:20.000-07:00,4,
351373,PMF: Story Recap,563a86ef-7308-4a2f-9761-a7f20ad416f8,https://www.supersummary.com/world-without-end/story-recap/#ai-tools-page-header,08/26/2026 13:58:43,08/26/2026 13:58:50,1736519,,Windows,Chrome,"Mozilla/5.0 (Windows NT 10.0; Win64; x64) AppleWebKit/537.36 (KHTML, like Gecko) Chrome/151.0.0.0 Safari/537.36",{},URL Event 1 for Study 351373,f0f8d1b9-b23e-4410-9725-0d82ff6f409d,{},How would you feel if you could no longer use the Story Recap?,5,"How useful was the Story Recap in helping you recontextualize the story and
remember what happened?",5,How would you rate the overall quality and level of detail of the Story Recap?,5,,,,,,,,,,,,,,,,,,,,avid_reader,avid_reader,,,[name],null,false,true,,[name],world-without-end,,annual_plus,annual,,,true,Active Subscriber,2026-08-22T07:59:19.000-07:00,1,
351373,PMF: Story Recap,ae212039-b54e-4f15-a044-505a5a210015,https://www.supersummary.com/yesteryear-caro-claire-burke/story-recap/#ai-tools-page-header,08/26/2026 12:15:17,08/26/2026 12:15:25,1741713,,iOS,Mobile Safari,"Mozilla/5.0 (iPhone; CPU iPhone OS 18_7 like Mac OS X) AppleWebKit/605.1.15 (KHTML, like Gecko) Version/26.6 Mobile/15E148 Safari/604.1",{},URL Event 1 for Study 351373,63e65437-5245-44a3-8c11-2fa660ed2c84,{},How would you feel if you could no longer use the Story Recap?,5,"How useful was the Story Recap in helping you recontextualize the story and
remember what happened?",5,How would you rate the overall quality and level of detail of the Story Recap?,5,,,,,,,,,,,,,,,,,,,,,librarian,,u_b4c63a3f08e67f66,,,,,,,,,monthly_essentials,,,,,Active Subscriber,,0,
351373,PMF: Story Recap,03c095dc-9b59-484f-a543-f1c484832edd,https://www.supersummary.com/the-listeners-maggie-stiefvater/story-recap/#ai-tools-page-header,08/26/2026 02:49:52,08/26/2026 02:50:02,1741385,,iOS,Chrome,"Mozilla/5.0 (iPhone; CPU iPhone OS 26_5_2 like Mac OS X) AppleWebKit/605.1.15 (KHTML, like Gecko) CriOS/151.0.7922.112 Mobile/15E148 Safari/604.1",{},URL Event 1 for Study 351373,648ab1b3-c689-4a51-9e76-6c3971b28b48,{},How would you feel if you could no longer use the Story Recap?,1,,,,,You indicated you wouldn't be disappointed if the Story Recap was removed. Why?,[skipped by user],,,,,,,,You indicated that the Story Recap did not help you. What was the main reason?,The recap misses important events,1,0,0,0,0,0,,,,other,,u_367424edb41fc7a9,,,,,,,the-listeners-maggie-stiefvater,,annual_essentials,,,,,Active Subscriber,,0,
351373,PMF: Story Recap,c253d793-d68e-4191-80da-4f80f308e283,https://www.supersummary.com/the-sweetness-of-forgetting/story-recap/#ai-tools-page-header,08/26/2026 02:18:41,08/26/2026 02:18:52,1373314,,iOS,Edge,"Mozilla/5.0 (iPad; CPU OS 17_7 like Mac OS X) AppleWebKit/605.1.15 (KHTML, like Gecko) EdgiOS/123.0.2420.90 Version/17.0 Mobile/15E148 Safari/604.1",{},URL Event 1 for Study 351373,1668c8ad-4f69-4154-a235-4bba672b7e76,{},How would you feel if you could no longer use the Story Recap?,5,"How useful was the Story Recap in helping you recontextualize the story and
remember what happened?",5,How would you rate the overall quality and level of detail of the Story Recap?,5,,,,,,,,,,,,,,,,,,,,,book_club_member,,u_2ab650025b110200,,,,,,,the-sweetness-of-forgetting,,annual,annual,,Active Subscriber,,Active Subscriber,2025-10-21T06:38:45.000-07:00,11,
351373,PMF: Story Recap,3f3b42d7-6f26-4d32-89ef-638e6b9a6539,https://www.supersummary.com/the-calamity-club/story-recap/#ai-tools-page-header,08/25/2026 22:21:06,08/25/2026 22:21:10,1741104,,iOS,Mobile Safari,"Mozilla/5.0 (iPhone; CPU iPhone OS 18_7 like Mac OS X) AppleWebKit/605.1.15 (KHTML, like Gecko) Version/26.6 Mobile/15E148 Safari/604.1",{},URL Event 1 for Study 351373,7031eff3-7b46-4743-85a2-8be6965bdf79,{},How would you feel if you could no longer use the Story Recap?,5,"How useful was the Story Recap in helping you recontextualize the story and
remember what happened?",5,How would you rate the overall quality and level of detail of the Story Recap?,5,,,,,,,,,,,,,,,,,,,,,avid_reader,,u_0460c609e467c261,,,,,,,the-calamity-club,,annual_plus,annual,,,,Active Subscriber,2026-08-25T15:19:51.000-07:00,0,
351373,PMF: Story Recap,59faca3b-b8e3-4c50-aecc-83e81614ef89,https://www.supersummary.com/the-night-circus/story-recap/#ai-tools-page-header,08/25/2026 17:58:05,,1740719,,Windows,Edge,"Mozilla/5.0 (Windows NT 10.0; Win64; x64) AppleWebKit/537.36 (KHTML, like Gecko) Chrome/152.0.0.0 Safari/537.36 Edg/152.0.0.0",{},URL Event 1 for Study 351373,02585f1f-02c9-40db-9f15-20aee3d0cbf5,{},How would you feel if you could no longer use the Story Recap?,1,,,,,,,,,,,,,,,,,,,,,,,,,book_club_member,,u_863b20318f8e78d4,,,,,,,the-night-circus,,annual_essentials,annual,,,,Active Subscriber,2026-08-25T10:50:36.000-07:00,0,
351373,PMF: Story Recap,b62e96d4-a4d7-4a49-8f43-7365bb54d67c,https://www.supersummary.com/olive-kitteridge/story-recap/#ai-tools-page-header,08/25/2026 17:30:27,,703895,,iOS,GSA,"Mozilla/5.0 (iPad; CPU OS 26_6_0 like Mac OS X) AppleWebKit/605.1.15 (KHTML, like Gecko) GSA/434.2.961627397 Mobile/15E148 Safari/604.1",{},URL Event 1 for Study 351373,2ce0e57d-c14d-4c16-b84f-77b2b1487648,{},How would you feel if you could no longer use the Story Recap?,5,,,,,,,,,,,,,,,,,,,,,,,,,book_club_member,,u_92a3c9c14ae1cf10,,,,,,,olive-kitteridge,,annual_essentials,annual,,Active Subscriber,,Active Subscriber,2026-01-04T09:48:42.000-08:00,8,
351373,PMF: Story Recap,4466cf9d-e5d9-4232-916c-c5b48167f8e6,https://www.supersummary.com/beneath-a-scarlet-sky/story-recap/#ai-tools-page-header,08/25/2026 17:13:10,08/25/2026 17:14:11,1740645,,iOS,GSA,"Mozilla/5.0 (iPhone; CPU iPhone OS 26_5_2 like Mac OS X) AppleWebKit/605.1.15 (KHTML, like Gecko) GSA/435.4.965413651 Mobile/15E148 Safari/604.1",{},URL Event 1 for Study 351373,d79f683d-9c5c-46ab-9635-ae66adfd72ab,{},How would you feel if you could no longer use the Story Recap?,5,"How useful was the Story Recap in helping you recontextualize the story and
remember what happened?",5,How would you rate the overall quality and level of detail of the Story Recap?,5,,,,,,,,,,,,,,,,,,,,,other,,u_b7a7d2ee100b5540,,,,,,,beneath-a-scarlet-sky,,annual_plus,,,,,Active Subscriber,,0,
351373,PMF: Story Recap,1ae3c6ce-f5ec-4b39-8451-095c8d1513a1,https://www.supersummary.com/the-astral-library/story-recap/#ai-tools-page-header,08/25/2026 16:41:08,08/25/2026 16:41:22,1740282,,iOS,Chrome,"Mozilla/5.0 (iPhone; CPU iPhone OS 26_5_0 like Mac OS X) AppleWebKit/605.1.15 (KHTML, like Gecko) CriOS/151.0.7922.112 Mobile/15E148 Safari/604.1",{},URL Event 1 for Study 351373,016abcee-d7cc-441a-9da5-1edc3db0e810,{},How would you feel if you could no longer use the Story Recap?,5,"How useful was the Story Recap in helping you recontextualize the story and
remember what happened?",4,How would you rate the overall quality and level of detail of the Story Recap?,4,,,,,,,,,,,,,,,,,,,,,other,,u_be32b97777563ba6,,,,,,,the-astral-library,,annual_essentials,,,,,Active Subscriber,,0,
351373,PMF: Story Recap,dcdf3c3e-fd79-4fe6-bbd5-3f9b2ce4a56b,https://www.supersummary.com/kin-tayari-jones/story-recap/#ai-tools-page-header,08/25/2026 16:37:54,08/25/2026 16:38:03,1740580,,iOS,Mobile Safari,"Mozilla/5.0 (iPhone; CPU iPhone OS 18_7 like Mac OS X) AppleWebKit/605.1.15 (KHTML, like Gecko) Version/26.6 Mobile/15E148 Safari/604.1",{},URL Event 1 for Study 351373,b9161457-0e72-4b3d-847c-0cc41ecc416e,{},How would you feel if you could no longer use the Story Recap?,4,"How useful was the Story Recap in helping you recontextualize the story and
remember what happened?",4,How would you rate the overall quality and level of detail of the Story Recap?,4,,,,,,,,,,,,,,,,,,,,,book_club_member,,,,,,,,,kin-tayari-jones,,annual_essentials,,,,,Active Subscriber,,0,
351373,PMF: Story Recap,e90ee5cd-ca0b-4877-b75f-2844ebf8851c,https://www.supersummary.com/my-friends-fredrik-backman/story-recap/#ai-tools-page-header,08/25/2026 15:33:59,,1621927,,Mac OS,Chrome,"Mozilla/5.0 (Macintosh; Intel Mac OS X 10_15_7) AppleWebKit/537.36 (KHTML, like Gecko) Chrome/151.0.0.0 Safari/537.36",{},URL Event 1 for Study 351373,3e492f84-62ca-4ac6-9499-094054dfffd0,{},How would you feel if you could no longer use the Story Recap?,3,,,,,,,,,,,,,,,,,,,,,,,,,book_club_member,,u_8dc6c10b0aacdd84,,,,,,,my-friends-fredrik-backman,,annual_plus,annual,,Active Subscriber,,Active Subscriber,2026-04-30T08:01:47.000-07:00,4,
351373,PMF: Story Recap,7a561895-22ff-4de4-9ddd-ee704ece1543,https://www.supersummary.com/culpability/story-recap/#ai-tools-page-header,08/25/2026 14:51:59,08/25/2026 14:52:04,1740453,,Mac OS,Safari,"Mozilla/5.0 (Macintosh; Intel Mac OS X 10_15_7) AppleWebKit/605.1.15 (KHTML, like Gecko) Version/18.5 Safari/605.1.15",{},URL Event 1 for Study 351373,833a352d-d419-4905-9c36-cb5a02bcedaa,{},How would you feel if you could no longer use the Story Recap?,5,"How useful was the Story Recap in helping you recontextualize the story and
remember what happened?",5,How would you rate the overall quality and level of detail of the Story Recap?,5,,,,,,,,,,,,,,,,,,,,,student,,u_0bbd27ec018d62c4,,,,,,,culpability,,annual_plus,,,,,Active Subscriber,,0,
351373,PMF: Story Recap,21405fb5-83f7-4c19-904a-6ce92a261eba,https://www.supersummary.com/the-searcher/story-recap/#ai-tools-page-header,08/25/2026 12:48:49,,446762,,Mac OS,Safari,"Mozilla/5.0 (Macintosh; Intel Mac OS X 10_15_7) AppleWebKit/605.1.15 (KHTML, like Gecko) Version/26.6 Safari/605.1.15",{},URL Event 1 for Study 351373,922d6c53-8958-4907-8491-262e1f4737b1,{},How would you feel if you could no longer use the Story Recap?,5,,,,,,,,,,,,,,,,,,,,,,,1.21.1,book_club_member,book_club_member,,u_d58aa48e14ac992e,[name],null,false,true,,[name],the-searcher,26.5.2,annual,annual,4.27.0,Active Subscriber,true,Active Subscriber,2025-11-15T05:42:53.000-08:00,35,0
351373,PMF: Story Recap,7939a0b0-0a6a-4950-998f-edd4084817e7,https://www.supersummary.com/beyond-good-and-evil/story-recap/#ai-tools-page-header,08/25/2026 08:13:59,,1740169,,iOS,Mobile Safari,"Mozilla/5.0 (iPhone; CPU iPhone OS 18_7 like Mac OS X) AppleWebKit/605.1.15 (KHTML, like Gecko) Version/26.6 Mobile/15E148 Safari/604.1",{},URL Event 1 for Study 351373,7986bace-6c37-4d4b-ac9c-959ad562d3ca,{},How would you feel if you could no longer use the Story Recap?,1,,,,,,,,,,,,,,,,,,,,,,,,,Avid Reader,,u_023ec567fe6fd7f8,,,,,,,beyond-good-and-evil,,annual_plus,,,,,Active Subscriber,,0,
351373,PMF: Story Recap,d41dbe2d-f508-4e8a-8e9f-939af9bbab5e,https://www.supersummary.com/the-listeners-maggie-stiefvater/story-recap/#ai-tools-page-header,08/25/2026 07:02:04,08/25/2026 07:02:18,1740134,,iOS,GSA,"Mozilla/5.0 (iPhone; CPU iPhone OS 26_6_0 like Mac OS X) AppleWebKit/605.1.15 (KHTML, like Gecko) GSA/434.2.961627397 Mobile/15E148 Safari/604.1",{},URL Event 1 for Study 351373,c014203f-9c8d-43b4-bc02-3a17b2c44f3e,{},How would you feel if you could no longer use the Story Recap?,5,"How useful was the Story Recap in helping you recontextualize the story and
remember what happened?",5,How would you rate the overall quality and level of detail of the Story Recap?,5,,,,,,,,,,,,,,,,,,,,,other,,u_a91c0d069bf75501,,,,,,,the-listeners-maggie-stiefvater,,annual_essentials,,,,,Active Subscriber,,0,
351373,PMF: Story Recap,5d72bd86-f410-4bd9-bbf8-721f031866cd,https://www.supersummary.com/theo-of-golden/story-recap/#ai-tools-page-header,08/25/2026 01:49:27,,1728241,,iOS,Mobile Safari,"Mozilla/5.0 (iPhone; CPU iPhone OS 18_7 like Mac OS X) AppleWebKit/605.1.15 (KHTML, like Gecko) Version/26.6 Mobile/15E148 Safari/604.1",{},URL Event 1 for Study 351373,8b2225cf-55cf-455a-aac3-fd90f378fde8,{},How would you feel if you could no longer use the Story Recap?,4,,,,,,,,,,,,,,,,,,,,,,,,,book_club_member,,u_9b7281f04b4ee7cd,,,,,,,theo-of-golden,,annual_plus,annual,,,,Active Subscriber,2026-08-14T13:36:38.000-07:00,1,
351373,PMF: Story Recap,9c118899-693b-4767-93b2-617204fa1ff8,https://www.supersummary.com/circle-of-days/story-recap/#ai-tools-page-header,08/24/2026 22:00:37,,1706377,,iOS,GSA,"Mozilla/5.0 (iPhone; CPU iPhone OS 26_6_0 like Mac OS X) AppleWebKit/605.1.15 (KHTML, like Gecko) GSA/434.2.961627397 Mobile/15E148 Safari/604.1",{},URL Event 1 for Study 351373,83549f87-a92e-4f44-917c-58a0f35fdea0,{},How would you feel if you could no longer use the Story Recap?,5,,,,,,,,,,,,,,,,,,,,,,,,,other,,u_c518e530355f939d,,,,,,,circle-of-days,,annual_essentials,annual,,,,Active Subscriber,2026-07-25T06:15:02.000-07:00,1,
351373,PMF: Story Recap,f3e12f55-ec0a-47e6-b47e-9ea2f90baad8,https://www.supersummary.com/the-survivors/story-recap/#ai-tools-page-header,08/24/2026 20:16:30,08/24/2026 20:16:49,509784,,iOS,Mobile Safari,"Mozilla/5.0 (iPhone; CPU iPhone OS 18_7 like Mac OS X) AppleWebKit/605.1.15 (KHTML, like Gecko) Version/26.6 Mobile/15E148 Safari/604.1",{},URL Event 1 for Study 351373,71dccb25-e167-43ff-a3d9-0c3c302c84cf,{},How would you feel if you could no longer use the Story Recap?,5,"How useful was the Story Recap in helping you recontextualize the story and
remember what happened?",5,How would you rate the overall quality and level of detail of the Story Recap?,4,,,,,,,,,,,,,,,,,,,,,other,,u_81c1f3a43cd94b31,,,,,,,the-survivors,,annual,annual,,Active Subscriber,,Non Renewing Subscriber,2024-03-09T06:29:15.000-08:00,30,0
351373,PMF: Story Recap,77eb19ef-3cf9-43c5-8217-8757c16b133e,https://www.supersummary.com/the-shadow-of-what-was-lost/story-recap/#ai-tools-page-header,08/24/2026 17:27:10,08/24/2026 17:27:18,969016,,Mac OS,Safari,"Mozilla/5.0 (Macintosh; Intel Mac OS X 10_15_7) AppleWebKit/605.1.15 (KHTML, like Gecko) Version/26.6 Safari/605.1.15",{},URL Event 1 for Study 351373,1b6282f8-c71f-4765-9e04-747ede752a1c,{},How would you feel if you could no longer use the Story Recap?,5,"How useful was the Story Recap in helping you recontextualize the story and
remember what happened?",5,How would you rate the overall quality and level of detail of the Story Recap?,5,,,,,,,,,,,,,,,,,,,,,other,,u_de581dea9ada856f,,,,,,,the-shadow-of-what-was-lost,,annual,annual,,Active Subscriber,,Active Subscriber,2025-01-30T13:40:08.000-08:00,20,
351373,PMF: Story Recap,271cc759-ab66-4f16-8185-324b47cc52d2,https://www.supersummary.com/black-cake/story-recap/#ai-tools-page-header,08/24/2026 16:12:08,08/24/2026 16:12:20,648849,,Mac OS,Safari,"Mozilla/5.0 (Macintosh; Intel Mac OS X 10_15_7) AppleWebKit/605.1.15 (KHTML, like Gecko) Version/26.6 Safari/605.1.15",{},URL Event 1 for Study 351373,51179beb-986b-47e1-a207-6c70ec389408,{},How would you feel if you could no longer use the Story Recap?,5,"How useful was the Story Recap in helping you recontextualize the story and
remember what happened?",5,How would you rate the overall quality and level of detail of the Story Recap?,5,,,,,,,,,,,,,,,,,,,,,book_club_member,,u_577b0f5a17eb93e8,,,,,,,black-cake,,annual,annual,,Active Subscriber,,Active Subscriber,2024-09-03T07:01:43.000-07:00,24,
351373,PMF: Story Recap,073d2311-8b63-4d3e-bbd9-40f5bb340a57,https://www.supersummary.com/red-kayak/story-recap/#ai-tools-page-header,08/24/2026 14:50:35,08/24/2026 14:50:42,1738947,,iOS,Mobile Safari,"Mozilla/5.0 (iPhone; CPU iPhone OS 18_7 like Mac OS X) AppleWebKit/605.1.15 (KHTML, like Gecko) Version/26.5.2 Mobile/15E148 Safari/604.1",{},URL Event 1 for Study 351373,97c18f4d-3c92-40eb-b692-6d0950420576,{},How would you feel if you could no longer use the Story Recap?,5,"How useful was the Story Recap in helping you recontextualize the story and
remember what happened?",5,How would you rate the overall quality and level of detail of the Story Recap?,5,,,,,,,,,,,,,,,,,,,,,student,,u_2747fbefe35b1822,,,,,,,red-kayak,,monthly_plus,,,,,Active Subscriber,,0,
351373,PMF: Story Recap,81e5d8f0-09fd-437a-b675-655272530d63,https://www.supersummary.com/bridge-to-terabithia/story-recap/#ai-tools-page-header,08/24/2026 09:27:43,08/24/2026 09:27:53,1670373,,iOS,GSA,"Mozilla/5.0 (iPad; CPU OS 26_6_0 like Mac OS X) AppleWebKit/605.1.15 (KHTML, like Gecko) GSA/434.2.961627397 Mobile/15E148 Safari/604.1",{},URL Event 1 for Study 351373,dbd9acfd-cb7d-4d53-980d-b955e1f11980,{},How would you feel if you could no longer use the Story Recap?,5,"How useful was the Story Recap in helping you recontextualize the story and
remember what happened?",5,How would you rate the overall quality and level of detail of the Story Recap?,5,,,,,,,,,,,,,,,,,,,,,book_club_member,,u_7e7912a1bebd4d77,,,,,,,bridge-to-terabithia,,annual_essentials,annual,,,,Active Subscriber,2026-06-18T04:15:47.000-07:00,3,
351373,PMF: Story Recap,11939a81-1fba-4507-8548-2ed3e3997795,https://www.supersummary.com/were-not-from-here/story-recap/,08/24/2026 02:56:15,08/24/2026 02:56:18,1471163,,iOS,Mobile Safari,"Mozilla/5.0 (iPhone; CPU iPhone OS 18_7 like Mac OS X) AppleWebKit/605.1.15 (KHTML, like Gecko) Version/26.6 Mobile/15E148 Safari/604.1",{},URL Event 1 for Study 351373,0a19e626-4b13-40cf-9849-1b290a361a83,{},How would you feel if you could no longer use the Story Recap?,3,,,,,You indicated you wouldn't be disappointed if the Story Recap was removed. Why?,[skipped by user],,,,,,,,You indicated that the Story Recap did not help you. What was the main reason?,[skipped by user],,,,,,,,,,student,,u_da847f0ebf9ea6db,,High School,,,,,were-not-from-here,,annual_plus,annual,,Active Subscriber,,Active Subscriber,2026-01-13T07:17:39.000-08:00,8,
351373,PMF: Story Recap,4e83ec0a-ab75-4972-8ecf-7cc8ca30c8bd,https://www.supersummary.com/good-people-patmeena-sabit/story-recap/#ai-tools-page-header,08/24/2026 01:46:52,,1276243,,Mac OS,Safari,"Mozilla/5.0 (Macintosh; Intel Mac OS X 10_15_7) AppleWebKit/605.1.15 (KHTML, like Gecko) Version/26.6 Safari/605.1.15",{},URL Event 1 for Study 351373,4d79c058-5092-459c-b53a-9b6eadad6466,{},How would you feel if you could no longer use the Story Recap?,5,,,,,,,,,,,,,,,,,,,,,,,1.17.3,book_club_member,book_club_member,,u_a2e03fe6ebab90b6,[name],null,false,true,,[name],good-people-patmeena-sabit,26.3.1,annual_subscription_36-CAD,annual,4.27.0,,true,Active Subscriber,2025-09-13T16:42:23.000-07:00,12,
351373,PMF: Story Recap,425cbfa1-5abb-4142-af3f-5e2a5e1863d0,https://www.supersummary.com/lights-out/story-recap/#ai-tools-page-header,08/24/2026 01:31:44,08/24/2026 01:31:53,1738338,,iOS,Mobile Safari,"Mozilla/5.0 (iPhone; CPU iPhone OS 18_7 like Mac OS X) AppleWebKit/605.1.15 (KHTML, like Gecko) Version/26.6 Mobile/15E148 Safari/604.1",{},URL Event 1 for Study 351373,ce55fa15-24e4-499a-a0c9-760e904f2e26,{},How would you feel if you could no longer use the Story Recap?,3,,,,,You indicated you wouldn't be disappointed if the Story Recap was removed. Why?,[skipped by user],,,,,,,,You indicated that the Story Recap did not help you. What was the main reason?,[skipped by user],,,,,,,,,,other,,u_4e36cab6e96abb06,,,,,,,lights-out,,monthly_essentials,,,,,Active Subscriber,,0,
351373,PMF: Story Recap,fe16ab02-1a2e-429d-9423-7fedb36ef445,https://www.supersummary.com/the-lion-women-of-tehran/story-recap/#ai-tools-page-header,08/23/2026 23:30:32,,139,,Android,Chrome,"Mozilla/5.0 (Linux; Android 11; KFQUWI) AppleWebKit/537.36 (KHTML, like Gecko) Chrome/150.0.7871.224 Safari/537.36",{},URL Event 1 for Study 351373,21577107-1165-49f2-a73a-57e45c2d0b22,{},How would you feel if you could no longer use the Story Recap?,3,,,,,,,,,,,,,,,,,,,,,,,,,book_club_member,,u_7bf21a9c9be0468f,,,,,2021-08-03T04:04:24.070-07:00,,the-lion-women-of-tehran,,annual,annual,,Active Subscriber,,Active Subscriber,2020-07-08T20:52:24.000-07:00,75,2
351373,PMF: Story Recap,dfd873b2-36a1-4b37-985b-3ffe138d8e64,https://www.supersummary.com/whistler-ann-patchett/story-recap/#ai-tools-page-header,08/23/2026 22:54:51,08/23/2026 22:55:23,1738114,,iOS,Mobile Safari,"Mozilla/5.0 (iPhone; CPU iPhone OS 18_7 like Mac OS X) AppleWebKit/605.1.15 (KHTML, like Gecko) Version/26.6 Mobile/15E148 Safari/604.1",{},URL Event 1 for Study 351373,c8bc93bd-85b6-4362-943a-0e3b6576030e,{},How would you feel if you could no longer use the Story Recap?,1,,,,,You indicated you wouldn't be disappointed if the Story Recap was removed. Why?,Other,0,0,0,0,0,1,I have not got the recap. How can I tell you how it is,,,,,,,,,,,,other,,u_6b58ecd8fa41efeb,,,,,,,whistler-ann-patchett,,annual_plus,,,,,Active Subscriber,,0,
351373,PMF: Story Recap,54335764-c9d7-4779-ac21-43660de49969,https://www.supersummary.com/bruchko/story-recap/#ai-tools-page-header,08/23/2026 21:23:56,08/23/2026 21:24:35,1737854,,iOS,Mobile Safari,"Mozilla/5.0 (iPhone; CPU iPhone OS 18_7 like Mac OS X) AppleWebKit/605.1.15 (KHTML, like Gecko) Version/26.6 Mobile/15E148 Safari/604.1",{},URL Event 1 for Study 351373,c69e6bb9-edb7-4f58-9d1f-03b4713c8979,{},How would you feel if you could no longer use the Story Recap?,5,"How useful was the Story Recap in helping you recontextualize the story and
remember what happened?",5,How would you rate the overall quality and level of detail of the Story Recap?,5,,,,,,,,,,,,,,,,,,,,,parent_of_student,,u_db2ef1ac72d35c7f,,Middle School,,,,,bruchko,,annual_plus,annual,,,,Active Subscriber,2026-08-23T12:36:19.000-07:00,0,
351373,PMF: Story Recap,6d00a202-6452-4b87-a967-17c6777afadf,https://www.supersummary.com/theo-of-golden/story-recap/#ai-tools-page-header,08/23/2026 13:48:44,08/23/2026 13:49:00,1737435,,iOS,Mobile Safari,"Mozilla/5.0 (iPhone; CPU iPhone OS 18_7 like Mac OS X) AppleWebKit/605.1.15 (KHTML, like Gecko) Version/26.6 Mobile/15E148 Safari/604.1",{},URL Event 1 for Study 351373,88c9d9e8-070e-40a5-847a-39e55a3274e8,{},How would you feel if you could no longer use the Story Recap?,3,,,,,You indicated you wouldn't be disappointed if the Story Recap was removed. Why?,I worry that the recap includes spoilers,0,0,0,1,0,0,,,,,,,,,,,,,other,,u_bb75a6ef666060ea,,,,,,,theo-of-golden,,annual_essentials,,,,,Active Subscriber,,0,
351373,PMF: Story Recap,02b52f34-261b-4f67-914b-fa12f17be3fa,https://www.supersummary.com/the-calamity-club/story-recap/#ai-tools-page-header,08/23/2026 13:21:19,,1737425,,iOS,GSA,"Mozilla/5.0 (iPhone; CPU iPhone OS 26_6_0 like Mac OS X) AppleWebKit/605.1.15 (KHTML, like Gecko) GSA/434.2.961627397 Mobile/15E148 Safari/604.1",{},URL Event 1 for Study 351373,2858f12b-16a8-4c11-b79c-381304d3f51f,{},How would you feel if you could no longer use the Story Recap?,3,,,,,,,,,,,,,,,,,,,,,,,,,book_club_member,,u_ed1a2df64d2b9498,,,,,,,the-calamity-club,,annual_essentials,,,,,Active Subscriber,,0,
351373,PMF: Story Recap,0954489e-7d4d-4e6d-9c54-bc0b2885f239,https://www.supersummary.com/the-clan-of-the-cave-bear/story-recap/#ai-tools-page-header,08/23/2026 13:02:11,08/23/2026 13:02:19,139941,,Mac OS,Safari,"Mozilla/5.0 (Macintosh; Intel Mac OS X 10_15_7) AppleWebKit/605.1.15 (KHTML, like Gecko) Version/26.6 Safari/605.1.15",{},URL Event 1 for Study 351373,896ae3c8-5f86-44b6-b6aa-47cdb5137c31,{},How would you feel if you could no longer use the Story Recap?,5,"How useful was the Story Recap in helping you recontextualize the story and
remember what happened?",5,How would you rate the overall quality and level of detail of the Story Recap?,5,,,,,,,,,,,,,,,,,,,,,book_club_member,,u_f3b8e619b56a2887,,,,,,,the-clan-of-the-cave-bear,,annual_plus,annual,,Active Subscriber,,Active Subscriber,2022-02-14T07:05:04.000-08:00,56,0
351373,PMF: Story Recap,49989bda-8513-497e-bee0-b642f5fe480c,https://www.supersummary.com/the-speed-of-trust/story-recap/#ai-tools-page-header,08/23/2026 11:25:57,,1737350,,iOS,Mobile Safari,"Mozilla/5.0 (iPhone; CPU iPhone OS 18_7 like Mac OS X) AppleWebKit/605.1.15 (KHTML, like Gecko) Version/26.6 Mobile/15E148 Safari/604.1",{},URL Event 1 for Study 351373,01083c5b-c54c-4ed8-b0e8-c8ef499df071,{},How would you feel if you could no longer use the Story Recap?,5,,,,,,,,,,,,,,,,,,,,,,,,,teacher,,u_1464a1fbccd1287f,,High School,,,,,the-speed-of-trust,,annual_essentials,annual,,,,Active Subscriber,2026-08-23T04:19:16.000-07:00,0,
351373,PMF: Story Recap,f270e4f2-15c7-41da-bcd2-6343b0d3b02d,https://www.supersummary.com/spark-of-the-everflame/story-recap/#ai-tools-page-header,08/23/2026 04:28:22,08/23/2026 04:28:28,1728236,,Android,Chrome,"Mozilla/5.0 (Linux; Android 10; K) AppleWebKit/537.36 (KHTML, like Gecko) Chrome/150.0.0.0 Mobile Safari/537.36",{},URL Event 1 for Study 351373,a364fed1-4a76-4dff-acc3-cf9db2e40bb0,{},How would you feel if you could no longer use the Story Recap?,5,"How useful was the Story Recap in helping you recontextualize the story and
remember what happened?",5,How would you rate the overall quality and level of detail of the Story Recap?,5,,,,,,,,,,,,,,,,,,,1.22.0,avid_reader,avid_reader,,u_b2658ab07ac3e639,[name],null,false,true,,[name],zodiac-academy,16,monthly_plus,monthly,2.17.8,,true,Active Subscriber,2026-08-19T21:06:47.000-07:00,1,
351373,PMF: Story Recap,22524465-0ed0-4ccd-9647-487ba978a565,https://www.supersummary.com/john-of-john/story-recap/#ai-tools-page-header,08/22/2026 22:09:50,,1736912,,iOS,GSA,"Mozilla/5.0 (iPhone; CPU iPhone OS 26_6_0 like Mac OS X) AppleWebKit/605.1.15 (KHTML, like Gecko) GSA/434.2.961627397 Mobile/15E148 Safari/604.1",{},URL Event 1 for Study 351373,62387211-c410-439b-84ff-6b8574cbac8f,{},How would you feel if you could no longer use the Story Recap?,5,,,,,,,,,,,,,,,,,,,,,,,,,other,,u_af3ad2ee2ee33988,,,,,,,john-of-john,,annual_essentials,,,,,Active Subscriber,,0,
351373,PMF: Story Recap,ecb573ba-3ab5-4d6e-8a6c-d8f1983b4b3b,https://www.supersummary.com/wild-dark-shore/story-recap/#ai-tools-page-header,08/22/2026 14:07:30,08/22/2026 14:07:39,959246,,Mac OS,Safari,"Mozilla/5.0 (Macintosh; Intel Mac OS X 10_15_7) AppleWebKit/605.1.15 (KHTML, like Gecko) Version/26.6 Safari/605.1.15",{},URL Event 1 for Study 351373,7d412c5f-219b-4eb3-8699-0877da3b6300,{},How would you feel if you could no longer use the Story Recap?,5,"How useful was the Story Recap in helping you recontextualize the story and
remember what happened?",3,,,,,,,,,,,,You indicated that the Story Recap did not help you. What was the main reason?,[skipped by user],,,,,,,,,,teacher,,u_ecc4cab66107b35a,,High School,,,,,wild-dark-shore,,annual_plus,annual,,Active Subscriber,,Active Subscriber,2026-06-18T11:11:05.000-07:00,16,
351373,PMF: Story Recap,8c8c8868-10bd-4eef-bd5d-7a7009976506,https://www.supersummary.com/dungeon-crawler-carl/story-recap/,08/22/2026 02:00:44,08/22/2026 02:00:56,434709,,Mac OS,Chrome,"Mozilla/5.0 (Macintosh; Intel Mac OS X 10_15_7) AppleWebKit/537.36 (KHTML, like Gecko) Chrome/151.0.0.0 Safari/537.36",{},URL Event 1 for Study 351373,2889fec4-0928-4f63-ac08-5056ae5160b0,{},How would you feel if you could no longer use the Story Recap?,4,"How useful was the Story Recap in helping you recontextualize the story and
remember what happened?",3,,,,,,,,,,,,You indicated that the Story Recap did not help you. What was the main reason?,[skipped by user],,,,,,,,1.22.0,other,other,,u_b1faebab3d7ba662,[name],null,false,true,2024-04-19T12:20:01.083-07:00,[name],dungeon-crawler-carl,26.5.2,annual,annual,4.27.0,Active Subscriber,true,Active Subscriber,2023-10-16T06:30:29.000-07:00,35,10
351373,PMF: Story Recap,c214e39b-fd07-456b-99f6-023e4e0a9d03,https://www.supersummary.com/the-heart-is-a-lonely-hunter/story-recap/#ai-tools-page-header,08/21/2026 23:11:55,,40136,,Windows,Edge,"Mozilla/5.0 (Windows NT 10.0; Win64; x64) AppleWebKit/537.36 (KHTML, like Gecko) Chrome/151.0.0.0 Safari/537.36 Edg/151.0.0.0",{},URL Event 1 for Study 351373,370d73f5-9034-4ff9-b87e-7bdd0f1cc343,{},How would you feel if you could no longer use the Story Recap?,5,,,,,,,,,,,,,,,,,,,,,,,,,book_club_member,,u_e2edb18a9ae2b649,,,,,,,the-heart-is-a-lonely-hunter,,annual,annual,,Active Subscriber,,Active Subscriber,2026-04-07T16:29:43.000-07:00,5,0
351373,PMF: Story Recap,d98fce28-26cb-46f4-990d-d64dc4339c9b,https://www.supersummary.com/the-calamity-club/story-recap/#ai-tools-page-header,08/21/2026 13:14:52,,1735479,,iOS,Facebook,"Mozilla/5.0 (iPhone; CPU iPhone OS 26_6 like Mac OS X) AppleWebKit/605.1.15 (KHTML, like Gecko) Mobile/23G71 Safari/604.1 [FBAN/FBIOS;FBAV/575.0.0.30.70;FBBV/1043180474;FBDV/iPhone14,7;FBMD/iPhone;FBSN/iOS;FBSV/26.6;FBSS/3;FBID/phone;FBLC/en_US;FBOP/5;FBRV/0;IABMV/1]",{},URL Event 1 for Study 351373,1f5cbb37-6b75-45a8-88b5-c24e74c07eac,{},How would you feel if you could no longer use the Story Recap?,5,"How useful was the Story Recap in helping you recontextualize the story and
remember what happened?",5,,,,,,,,,,,,,,,,,,,,,,,teacher,,u_4f97cfc957ecfb05,,,,,,,the-calamity-club,,annual_plus,,,,,Active Subscriber,,0,
351373,PMF: Story Recap,833f7446-dfa2-4b25-92e4-b05bbb6f63ca,https://www.supersummary.com/tress-of-the-emerald-sea/story-recap/#ai-tools-page-header,08/21/2026 08:50:03,,1312282,,iOS,Mobile Safari,"Mozilla/5.0 (iPhone; CPU iPhone OS 18_5 like Mac OS X) AppleWebKit/605.1.15 (KHTML, like Gecko) Version/18.5 Mobile/15E148 Safari/604.1",{},URL Event 1 for Study 351373,ad7a2601-5a94-45ae-82b2-fe9e44d11244,{},How would you feel if you could no longer use the Story Recap?,2,,,,,,,,,,,,,,,,,,,,,,,,,student,,u_70ecceed89542a34,,High School,,,,,tress-of-the-emerald-sea,,annual,annual,,Active Subscriber,,Active Subscriber,2025-09-05T05:42:52.000-07:00,12,
351373,PMF: Story Recap,a0470134-ba59-44a7-a43b-48d3653c5d44,https://www.supersummary.com/how-to-read-literature-like-a-professor/story-recap/#ai-tools-page-header,08/21/2026 00:56:54,,1735022,,iOS,Mobile Safari,"Mozilla/5.0 (iPhone; CPU iPhone OS 18_7 like Mac OS X) AppleWebKit/605.1.15 (KHTML, like Gecko) Version/26.5.2 Mobile/15E148 Safari/604.1",{},URL Event 1 for Study 351373,57176c85-73c4-4fb9-8ae2-331a1c035dc0,{},How would you feel if you could no longer use the Story Recap?,5,,,,,,,,,,,,,,,,,,,,,,,,,student,,u_26532bb99668cdd6,,,,,,,how-to-read-literature-like-a-professor,,annual_plus,,,,,Active Subscriber,,0,
351373,PMF: Story Recap,ef9d7c52-850b-4e20-9bbf-006231954690,https://www.supersummary.com/the-keeper-tana-french/story-recap/#ai-tools-page-header,08/20/2026 22:38:45,,1304514,,Android,Chrome,"Mozilla/5.0 (Linux; Android 10; K) AppleWebKit/537.36 (KHTML, like Gecko) Chrome/151.0.0.0 Mobile Safari/537.36",{},URL Event 1 for Study 351373,a44e3671-c81d-4b35-8405-38f80d6720e1,{},How would you feel if you could no longer use the Story Recap?,5,,,,,,,,,,,,,,,,,,,,,,,,,book_club_member,,u_ef918cd2a9822b6e,,,,,,,the-keeper-tana-french,,annual_plus,annual,,,,Non Renewing Subscriber,2025-10-20T07:15:26.000-07:00,11,
351373,PMF: Story Recap,c3910587-481d-4957-94a3-737e9107ce7d,https://www.supersummary.com/the-river-is-waiting/story-recap/#ai-tools-page-header,08/20/2026 18:39:07,08/20/2026 18:39:16,1724504,,Mac OS,Safari,"Mozilla/5.0 (Macintosh; Intel Mac OS X 10_15_7) AppleWebKit/605.1.15 (KHTML, like Gecko) Version/26.6 Safari/605.1.15",{},URL Event 1 for Study 351373,86fb8ec1-a915-4695-98e3-0020dab57f48,{},How would you feel if you could no longer use the Story Recap?,5,"How useful was the Story Recap in helping you recontextualize the story and
remember what happened?",5,How would you rate the overall quality and level of detail of the Story Recap?,5,,,,,,,,,,,,,,,,,,,1.22.0,book_club_member,book_club_member,,u_e159773a0f151de2,[name],null,false,true,,[name],the-river-is-waiting,26.6,monthly_essentials_apple-USD,monthly,4.27.0,,true,Non Renewing Subscriber,2026-08-11T09:45:47.000-07:00,1,
351373,PMF: Story Recap,2b767810-eedf-4bd3-8bd2-45e2f8bc39be,https://www.supersummary.com/football-genius/story-recap/#ai-tools-page-header,08/20/2026 17:08:03,,1471905,,iOS,Mobile Safari,"Mozilla/5.0 (iPhone; CPU iPhone OS 18_6 like Mac OS X) AppleWebKit/605.1.15 (KHTML, like Gecko) Version/26.6 Mobile/15E148 Safari/604.1 Ddg/26.6",{},URL Event 1 for Study 351373,1dd01878-f28f-4b9f-bd9c-f9e576840769,{},How would you feel if you could no longer use the Story Recap?,5,,,,,,,,,,,,,,,,,,,,,,,,,parent_of_student,,u_3d908ba0c661639d,,Middle School,,,,,football-genius,,annual_plus,annual,,Active Subscriber,,Active Subscriber,2026-01-13T13:50:34.000-08:00,8,
351373,PMF: Story Recap,8ee001b5-7f8f-4017-8c63-fbbe79eeb44b,https://www.supersummary.com/the-frozen-river/story-recap/#ai-tools-page-header,08/20/2026 15:00:10,08/20/2026 15:00:13,473834,,Windows,Firefox,Mozilla/5.0 (Windows NT 10.0; Win64; x64; rv:153.0) Gecko/20100101 Firefox/153.0,{},URL Event 1 for Study 351373,d5c33529-445b-4d8e-9ec1-ec0638272bab,{},How would you feel if you could no longer use the Story Recap?,5,"How useful was the Story Recap in helping you recontextualize the story and
remember what happened?",5,How would you rate the overall quality and level of detail of the Story Recap?,5,,,,,,,,,,,,,,,,,,,,,other,,u_39ba664dafc0f109,,,,,,,the-frozen-river,,annual,annual,,Active Subscriber,,Active Subscriber,2023-12-31T08:28:30.000-08:00,33,0
351373,PMF: Story Recap,ed91b23d-9fa6-46b8-b631-134532c7cc2c,https://www.supersummary.com/the-virginian/story-recap/#ai-tools-page-header,08/20/2026 14:23:17,08/20/2026 14:23:24,1734257,,iOS,Mobile Safari,"Mozilla/5.0 (iPhone; CPU iPhone OS 18_7 like Mac OS X) AppleWebKit/605.1.15 (KHTML, like Gecko) Version/26.6 Mobile/15E148 Safari/604.1",{},URL Event 1 for Study 351373,f9fbb502-5e82-4675-b121-eb9b59886694,{},How would you feel if you could no longer use the Story Recap?,5,"How useful was the Story Recap in helping you recontextualize the story and
remember what happened?",4,How would you rate the overall quality and level of detail of the Story Recap?,5,,,,,,,,,,,,,,,,,,,,,student,,u_93f331afa519b44f,,,,,,,the-virginian,,annual_plus,,,,,Active Subscriber,,0,
351373,PMF: Story Recap,1449809f-8ba2-4343-a790-59df0c9c998c,https://www.supersummary.com/ragtime/story-recap/#ai-tools-page-header,08/20/2026 13:38:01,08/20/2026 13:38:07,1598698,,Mac OS,Safari,"Mozilla/5.0 (Macintosh; Intel Mac OS X 10_15_7) AppleWebKit/605.1.15 (KHTML, like Gecko) Version/26.6 Safari/605.1.15",{},URL Event 1 for Study 351373,19a2f82a-e2a9-487d-8bba-c68f6fa1865e,{},How would you feel if you could no longer use the Story Recap?,4,"How useful was the Story Recap in helping you recontextualize the story and
remember what happened?",4,How would you rate the overall quality and level of detail of the Story Recap?,4,,,,,,,,,,,,,,,,,,,,,Avid Reader,,u_09588dfab8d4455c,,,,,,,ragtime,,annual_plus,,,,,Active Subscriber,,0,
351373,PMF: Story Recap,4bbd8687-0c70-4e87-b1fc-ebdc8f5ec480,https://www.supersummary.com/born-a-crime/story-recap/,08/20/2026 00:15:03,,606987,,Mac OS,Chrome,"Mozilla/5.0 (Macintosh; Intel Mac OS X 10_15_7) AppleWebKit/537.36 (KHTML, like Gecko) Chrome/150.0.0.0 Safari/537.36",{},URL Event 1 for Study 351373,8ff3c59c-99ed-4f9e-b7ce-424febb04641,{},How would you feel if you could no longer use the Story Recap?,3,,,,,,,,,,,,,,,,,,,,,,,,,student,,u_9e56c390bd261dec,,Middle School,,,,,born-a-crime,,annual_subscription_36-USD,annual,,Active Subscriber,,Active Subscriber,2024-07-05T10:13:46.000-07:00,26,
351373,PMF: Story Recap,81029ac6-9d54-4faf-86f5-8bf1d6f3cc87,https://www.supersummary.com/i-see-youve-called-in-dead/story-recap/#ai-tools-page-header,08/19/2026 19:29:09,,1562251,,Android,Chrome,"Mozilla/5.0 (Linux; Android 10; K) AppleWebKit/537.36 (KHTML, like Gecko) Chrome/151.0.0.0 Mobile Safari/537.36",{},URL Event 1 for Study 351373,f7bfd95a-7f42-4b61-b4fe-796d7220e75f,{},How would you feel if you could no longer use the Story Recap?,5,,,,,,,,,,,,,,,,,,,,,,,,,book_club_member,,u_878bdf8ce47920cf,,,,,,,i-see-youve-called-in-dead,,annual_plus,annual,,,,Active Subscriber,2026-07-09T14:25:08.000-07:00,2,
351373,PMF: Story Recap,70c1a760-a592-4b04-a283-2043d875404b,https://www.supersummary.com/hawaii/story-recap/#ai-tools-page-header,08/19/2026 12:32:12,08/19/2026 12:32:42,475343,,Mac OS,Safari,"Mozilla/5.0 (Macintosh; Intel Mac OS X 10_15_7) AppleWebKit/605.1.15 (KHTML, like Gecko) Version/17.14 Safari/605.1.15",{},URL Event 1 for Study 351373,de26a4f4-61a4-49d7-830a-cf7e60e5ed19,{},How would you feel if you could no longer use the Story Recap?,3,,,,,You indicated you wouldn't be disappointed if the Story Recap was removed. Why?,The recap does not match what I need at this stage of the story,0,0,1,0,0,0,,,,,,,,,,,,,parent_of_student,,u_835ff047b4e71a83,,College,,,,,hawaii,,annual,annual,,Active Subscriber,,Active Subscriber,2024-01-05T10:28:30.000-08:00,32,0
351373,PMF: Story Recap,8758fd75-6c18-4d70-b3f0-509fa20f63f3,https://www.supersummary.com/great-expectations/story-recap/#ai-tools-page-header,08/19/2026 03:00:00,,305824,,iOS,Mobile Safari,"Mozilla/5.0 (iPhone; CPU iPhone OS 18_7 like Mac OS X) AppleWebKit/605.1.15 (KHTML, like Gecko) Version/26.6 Mobile/15E148 Safari/604.1",{},URL Event 1 for Study 351373,74a9c9c9-9c21-4d13-8eac-67ffb3045ab3,{},How would you feel if you could no longer use the Story Recap?,5,,,,,,,,,,,,,,,,,,,,,,,,,book_club_member,,u_e7230ff01793b6ba,,,,,,,great-expectations,,annual_essentials,annual,,Active Subscriber,,Active Subscriber,2026-05-18T18:13:54.000-07:00,41,0
351373,PMF: Story Recap,090adfaa-0601-442d-ad89-3e6a5f524d26,https://www.supersummary.com/wreck-catherine-newman/story-recap/#ai-tools-page-header,08/19/2026 01:28:26,,337494,,Windows,Chrome,"Mozilla/5.0 (Windows NT 10.0; Win64; x64) AppleWebKit/537.36 (KHTML, like Gecko) Chrome/151.0.0.0 Safari/537.36",{},URL Event 1 for Study 351373,a01479fe-652a-4d1b-a30a-1196964ecf86,{},How would you feel if you could no longer use the Story Recap?,5,,,,,,,,,,,,,,,,,,,,,,,,,book_club_member,,u_705a515a0cff47c9,,,,,2023-03-26T13:56:10.908-07:00,,wreck-catherine-newman,,annual,annual,,Active Subscriber,,Active Subscriber,2023-03-26T13:55:17.000-07:00,42,1
351373,PMF: Story Recap,ff8ab9a3-c370-4e46-aa94-9ade012344c3,https://www.supersummary.com/we-are-not-free/story-recap/,08/18/2026 22:05:32,08/18/2026 22:05:36,287488,,iOS,Mobile Safari,"Mozilla/5.0 (iPhone; CPU iPhone OS 18_7 like Mac OS X) AppleWebKit/605.1.15 (KHTML, like Gecko) Version/26.6 Mobile/15E148 Safari/604.1",{},URL Event 1 for Study 351373,10bb0a7f-08c2-4c5c-ae10-410fd8cfa10d,{},How would you feel if you could no longer use the Story Recap?,5,"How useful was the Story Recap in helping you recontextualize the story and
remember what happened?",5,How would you rate the overall quality and level of detail of the Story Recap?,5,,,,,,,,,,,,,,,,,,,,,parent_of_student,,u_0421b667c43aafb9,,Middle School,,,2022-12-06T10:36:36.835-08:00,,we-are-not-free,,annual,annual,,Active Subscriber,,Active Subscriber,2022-12-05T16:45:37.000-08:00,46,1
351373,PMF: Story Recap,52233255-736a-4ed0-911d-26fb38e9a9d5,https://www.supersummary.com/hidden-bodies/story-recap/#ai-tools-page-header,08/18/2026 20:31:12,08/18/2026 20:31:19,1732280,,iOS,Mobile Safari,"Mozilla/5.0 (iPhone; CPU iPhone OS 18_7 like Mac OS X) AppleWebKit/605.1.15 (KHTML, like Gecko) Version/26.6 Mobile/15E148 Safari/604.1",{},URL Event 1 for Study 351373,94ffb838-dbff-4f09-91bb-eab21bfe6595,{},How would you feel if you could no longer use the Story Recap?,5,"How useful was the Story Recap in helping you recontextualize the story and
remember what happened?",5,How would you rate the overall quality and level of detail of the Story Recap?,4,,,,,,,,,,,,,,,,,,,,,student,,u_3caefa4a144766c1,,College,,,,,hidden-bodies,,annual_plus,annual,,,,Active Subscriber,2026-08-18T12:58:26.000-07:00,0,
351373,PMF: Story Recap,c7de3d6b-1bb3-4583-9992-3bd1aa005e82,https://www.supersummary.com/im-glad-my-mom-died/story-recap/#ai-tools-page-header,08/18/2026 15:54:39,08/18/2026 15:54:46,1276885,,Android,Chrome,"Mozilla/5.0 (Linux; Android 10; K) AppleWebKit/537.36 (KHTML, like Gecko) Chrome/151.0.0.0 Mobile Safari/537.36",{},URL Event 1 for Study 351373,e1fff1b8-9ac6-4547-8fb8-7855681e3477,{},How would you feel if you could no longer use the Story Recap?,5,"How useful was the Story Recap in helping you recontextualize the story and
remember what happened?",5,How would you rate the overall quality and level of detail of the Story Recap?,5,,,,,,,,,,,,,,,,,,,,,parent_of_student,,u_5f3ac8292088a6aa,,High School,,,,,im-glad-my-mom-died,,annual_plus,annual,,,,Active Subscriber,2025-08-05T10:04:06.000-07:00,13,
351373,PMF: Story Recap,3c6372ca-fd65-4aff-9569-b8261ef42f2b,https://www.supersummary.com/this-tender-land/story-recap/#ai-tools-page-header,08/18/2026 15:52:29,08/18/2026 15:52:35,1401048,,Mac OS,Safari,"Mozilla/5.0 (Macintosh; Intel Mac OS X 10_15_7) AppleWebKit/605.1.15 (KHTML, like Gecko) Version/26.6 Safari/605.1.15",{},URL Event 1 for Study 351373,3dcf6cef-7af9-41d4-ba99-bf553aab9fa8,{},How would you feel if you could no longer use the Story Recap?,5,"How useful was the Story Recap in helping you recontextualize the story and
remember what happened?",5,How would you rate the overall quality and level of detail of the Story Recap?,5,,,,,,,,,,,,,,,,,,,,,avid_reader,,u_47e7370c12c3d67f,,,,,,,this-tender-land,,annual_plus,annual,,,,Active Subscriber,2026-08-18T08:20:45.000-07:00,0,
351373,PMF: Story Recap,f9eded0b-9e40-4f1a-b4d1-e2911f0e8abc,https://www.supersummary.com/the-magnolia-palace/story-recap/#ai-tools-page-header,08/18/2026 14:43:22,,1731891,,iOS,GSA,"Mozilla/5.0 (iPhone; CPU iPhone OS 26_6_0 like Mac OS X) AppleWebKit/605.1.15 (KHTML, like Gecko) GSA/433.5.957829776 Mobile/15E148 Safari/604.1",{},URL Event 1 for Study 351373,3a42a092-5990-4b28-bacb-f27b0061e9e7,{},How would you feel if you could no longer use the Story Recap?,4,,,,,,,,,,,,,,,,,,,,,,,,,book_club_member,,u_97075357936f2378,,,,,,,the-magnolia-palace,,annual_plus,,,,,Active Subscriber,,0,
351373,PMF: Story Recap,05501c5e-c84d-4ec1-84cc-3744488abc65,https://www.supersummary.com/heartwood-amity-gaige/story-recap/#ai-tools-page-header,08/17/2026 18:50:25,,1479186,,Android,Chrome,"Mozilla/5.0 (Linux; Android 10; K) AppleWebKit/537.36 (KHTML, like Gecko) Chrome/151.0.0.0 Mobile Safari/537.36",{},URL Event 1 for Study 351373,7b19fe27-2016-47b4-96db-6e43fd23ef6a,{},How would you feel if you could no longer use the Story Recap?,5,,,,,,,,,,,,,,,,,,,,,,,,,book_club_member,,u_40677342fbda31b8,,,,,,,heartwood-amity-gaige,,annual_plus,annual,,,,Active Subscriber,2026-02-17T17:11:36.000-08:00,7,
351373,PMF: Story Recap,80243291-4877-47cd-baa7-c197f94423b9,https://www.supersummary.com/all-creatures-great-and-small/story-recap/,08/17/2026 16:58:21,08/17/2026 16:58:32,1287680,,Mac OS,Safari,"Mozilla/5.0 (Macintosh; Intel Mac OS X 10_15_7) AppleWebKit/605.1.15 (KHTML, like Gecko) Version/26.5.2 Safari/605.1.15",{},URL Event 1 for Study 351373,98d6bae9-330c-4df2-88fb-f87993fa2fb6,{},How would you feel if you could no longer use the Story Recap?,5,"How useful was the Story Recap in helping you recontextualize the story and
remember what happened?",5,How would you rate the overall quality and level of detail of the Story Recap?,5,,,,,,,,,,,,,,,,,,,,,book_club_member,,u_21f5dd7aa27029e8,,,,,,,all-creatures-great-and-small,,annual,annual,,Visitor,,Active Subscriber,2025-08-16T06:20:35.000-07:00,13,
351373,PMF: Story Recap,f2b5f6e0-e722-4762-ad09-446587f260d7,https://www.supersummary.com/same-kind-of-different-as-me/story-recap/#ai-tools-page-header,08/17/2026 16:26:10,,1729151,,Mac OS,Safari,"Mozilla/5.0 (Macintosh; Intel Mac OS X 10_15_7) AppleWebKit/605.1.15 (KHTML, like Gecko) Version/26.5.2 Safari/605.1.15",{},URL Event 1 for Study 351373,256f709d-1078-4e85-a970-69a10c73b10a,{},How would you feel if you could no longer use the Story Recap?,5,,,,,,,,,,,,,,,,,,,,,,,1.22.0,student,student,,u_887a7e52e4552f5c,[name],High School,false,true,,[name],same-kind-of-different-as-me,26.6,annual_plus,annual,4.27.0,,true,Active Subscriber,2026-08-15T18:54:24.000-07:00,1,
351373,PMF: Story Recap,63214ed7-2bcd-4bca-8a1b-13cab3578a8a,https://www.supersummary.com/angle-of-repose/story-recap/#ai-tools-page-header,08/17/2026 01:31:46,08/17/2026 01:31:58,1429536,,iOS,GSA,"Mozilla/5.0 (iPhone; CPU iPhone OS 26_6_0 like Mac OS X) AppleWebKit/605.1.15 (KHTML, like Gecko) GSA/433.5.957829776 Mobile/15E148 Safari/604.1",{},URL Event 1 for Study 351373,d18b004b-7810-4f0d-955b-f8331bf88bb2,{},How would you feel if you could no longer use the Story Recap?,5,"How useful was the Story Recap in helping you recontextualize the story and
remember what happened?",5,How would you rate the overall quality and level of detail of the Story Recap?,5,,,,,,,,,,,,,,,,,,,,,book_club_member,,u_b0b040d6bbcafae5,,,,,,,angle-of-repose,,annual_plus,annual,,Active Subscriber,,Active Subscriber,2025-12-02T17:26:09.000-08:00,9,
351373,PMF: Story Recap,e96bc3d8-144e-4a80-94df-0770beb11ba4,https://www.supersummary.com/the-lion-the-witch-and-the-wardrobe/story-recap/#ai-tools-page-header,08/16/2026 21:43:22,08/16/2026 21:43:25,1729880,,iOS,Chrome,"Mozilla/5.0 (iPhone; CPU iPhone OS 26_6_0 like Mac OS X) AppleWebKit/605.1.15 (KHTML, like Gecko) CriOS/151.0.7922.112 Mobile/15E148 Safari/604.1",{},URL Event 1 for Study 351373,f3292d23-9a58-4871-8364-a78387290850,{},How would you feel if you could no longer use the Story Recap?,5,"How useful was the Story Recap in helping you recontextualize the story and
remember what happened?",5,How would you rate the overall quality and level of detail of the Story Recap?,5,,,,,,,,,,,,,,,,,,,,,parent_of_student,,u_b25744a1056e5a66,,,,,,,the-lion-the-witch-and-the-wardrobe,,monthly_plus,,,,,Active Subscriber,,0,
351373,PMF: Story Recap,8619b2f2-45a9-4cba-90f9-025ea3a6b0b1,https://www.supersummary.com/the-secret-history/story-recap/#ai-tools-page-header,08/16/2026 19:32:53,,1698925,,Mac OS,Chrome,"Mozilla/5.0 (Macintosh; Intel Mac OS X 10_15_7) AppleWebKit/537.36 (KHTML, like Gecko) Chrome/151.0.0.0 Safari/537.36",{},URL Event 1 for Study 351373,8e57c6e6-fdd0-4e98-84db-3b5d6cc6c61a,{},How would you feel if you could no longer use the Story Recap?,5,"How useful was the Story Recap in helping you recontextualize the story and
remember what happened?",3,,,,,,,,,,,,,,,,,,,,,1.22.0,book_club_member,book_club_member,,u_bce3ddcab9ec1d73,[name],null,false,true,,[name],the-secret-history,26.6,annual_plus,annual,4.27.0,,true,Active Subscriber,2026-07-16T14:43:25.000-07:00,2,
351373,PMF: Story Recap,4da1fec7-9654-47f7-bfe8-f3e9a800c0eb,https://www.supersummary.com/running-with-sherman/story-recap/#ai-tools-page-header,08/16/2026 15:30:40,08/16/2026 15:30:57,1729521,,iOS,Mobile Safari,"Mozilla/5.0 (iPhone; CPU iPhone OS 18_7 like Mac OS X) AppleWebKit/605.1.15 (KHTML, like Gecko) Version/26.6 Mobile/15E148 Safari/604.1",{},URL Event 1 for Study 351373,bfd39ebb-36c5-4a3b-8d80-a3d6702842c8,{},How would you feel if you could no longer use the Story Recap?,5,"How useful was the Story Recap in helping you recontextualize the story and
remember what happened?",4,How would you rate the overall quality and level of detail of the Story Recap?,5,,,,,,,,,,,,,,,,,,,,,book_club_member,,u_fe743daf99e50245,,,,,,,running-with-sherman,,annual_plus,,,,,Active Subscriber,,0,
351373,PMF: Story Recap,353ba2b0-ce1b-4202-b4cb-a52475d820c8,https://www.supersummary.com/the-crying-of-lot-49/story-recap/#ai-tools-page-header,08/16/2026 14:16:52,,1467236,,Windows,Chrome,"Mozilla/5.0 (Windows NT 10.0; Win64; x64) AppleWebKit/537.36 (KHTML, like Gecko) Chrome/151.0.0.0 Safari/537.36",{},URL Event 1 for Study 351373,35d3293a-f1ba-4195-8a6d-ba02a5e4aba2,{},How would you feel if you could no longer use the Story Recap?,5,,,,,,,,,,,,,,,,,,,,,,,,,book_club_member,,u_b773a73dfd9c7e0e,,,,,,,the-crying-of-lot-49,,annual_plus,,,,,Active Subscriber,,0,
351373,PMF: Story Recap,c2f6d881-cd31-45ac-85c4-710a6844bc7a,https://www.supersummary.com/my-friends-fredrik-backman/story-recap/#ai-tools-page-header,08/16/2026 13:24:27,,1729422,,iOS,WebKit,"Mozilla/5.0 (iPad; CPU OS 26_5_2 like Mac OS X) AppleWebKit/605.1.15 (KHTML, like Gecko) GoogleWv/1.0 (WKWebView) GeminiiOS/1.2026.3070603",{},URL Event 1 for Study 351373,b6d93903-e23c-4415-b0b5-e87f450f02a1,{},How would you feel if you could no longer use the Story Recap?,5,,,,,,,,,,,,,,,,,,,,,,,,,avid_reader,,u_83dcb14bdc73a7ee,,,,,,,my-friends-fredrik-backman,,annual_essentials,,,,,Active Subscriber,,0,
351373,PMF: Story Recap,19685008-c54c-4b2f-b0ef-6484595a5bfa,https://www.supersummary.com/city-of-thieves/story-recap/#ai-tools-page-header,08/15/2026 13:16:55,08/15/2026 13:17:03,1434023,,Mac OS,Chrome,"Mozilla/5.0 (Macintosh; Intel Mac OS X 10_15_7) AppleWebKit/537.36 (KHTML, like Gecko) Chrome/128.0.0.0 Safari/537.36",{},URL Event 1 for Study 351373,82ed7468-9ab0-4e29-9dd2-4a8246d5a16d,{},How would you feel if you could no longer use the Story Recap?,5,"How useful was the Story Recap in helping you recontextualize the story and
remember what happened?",5,How would you rate the overall quality and level of detail of the Story Recap?,5,,,,,,,,,,,,,,,,,,,,,teacher,,u_2bd1b136d5953e02,,,,,,,city-of-thieves,,annual_plus,,,,,Active Subscriber,,0,
351373,PMF: Story Recap,1b129e2d-63f1-49fe-b69a-c69a356cafed,https://www.supersummary.com/the-red-tent/story-recap/#ai-tools-page-header,08/14/2026 22:32:52,08/14/2026 22:33:00,1728319,,Mac OS,Safari,"Mozilla/5.0 (Macintosh; Intel Mac OS X 10_15_7) AppleWebKit/605.1.15 (KHTML, like Gecko) Version/26.5.2 Safari/605.1.15",{},URL Event 1 for Study 351373,e09482d8-44be-49b8-8882-385db927d582,{},How would you feel if you could no longer use the Story Recap?,5,"How useful was the Story Recap in helping you recontextualize the story and
remember what happened?",5,How would you rate the overall quality and level of detail of the Story Recap?,5,,,,,,,,,,,,,,,,,,,,,other,,u_9360bf72682a95da,,,,,,,the-red-tent,,annual_essentials,,,,,Active Subscriber,,0,
351373,PMF: Story Recap,f9332f27-a9b4-4c70-a5eb-917857d7875f,https://www.supersummary.com/whirligig/story-recap/,08/14/2026 17:59:08,08/14/2026 17:59:11,458641,,Windows,Chrome,"Mozilla/5.0 (Windows NT 10.0; Win64; x64) AppleWebKit/537.36 (KHTML, like Gecko) Chrome/151.0.0.0 Safari/537.36",{},URL Event 1 for Study 351373,a46c2176-dab2-4b2b-9607-7e2a27961f32,{},How would you feel if you could no longer use the Story Recap?,5,"How useful was the Story Recap in helping you recontextualize the story and
remember what happened?",5,How would you rate the overall quality and level of detail of the Story Recap?,5,,,,,,,,,,,,,,,,,,,,,parent_of_student,,u_72cca501ec6b99aa,,Middle School,,,,,whirligig,,annual,annual,,Active Subscriber,,Active Subscriber,2023-11-27T13:15:18.000-08:00,34,0
351373,PMF: Story Recap,d1880102-ef7e-4023-91bc-653933904cde,https://www.supersummary.com/americanah/story-recap/#ai-tools-page-header,08/14/2026 15:41:19,08/14/2026 15:41:25,364446,,Mac OS,Safari,"Mozilla/5.0 (Macintosh; Intel Mac OS X 10_15_7) AppleWebKit/605.1.15 (KHTML, like Gecko) Version/18.6 Safari/605.1.15",{},URL Event 1 for Study 351373,12ad25e4-41a2-4f27-9154-f7d08ae2d1c8,{},How would you feel if you could no longer use the Story Recap?,5,"How useful was the Story Recap in helping you recontextualize the story and
remember what happened?",5,How would you rate the overall quality and level of detail of the Story Recap?,5,,,,,,,,,,,,,,,,,,,,,book_club_member,,u_001b272e7fc5bb43,,,,,2023-05-08T05:09:45.157-07:00,,americanah,,annual,annual,,Active Subscriber,,Active Subscriber,2023-05-08T05:08:58.000-07:00,53,1
351373,PMF: Story Recap,39fe1e81-935e-48f4-8b6a-0587284aa93e,https://www.supersummary.com/unplugged/story-recap/#ai-tools-page-header,08/14/2026 12:44:35,,398415,,Windows,Chrome,"Mozilla/5.0 (Windows NT 10.0; Win64; x64) AppleWebKit/537.36 (KHTML, like Gecko) Chrome/151.0.0.0 Safari/537.36",{},URL Event 1 for Study 351373,622767a5-ad2b-4678-9b4d-7e70b953f995,{},How would you feel if you could no longer use the Story Recap?,1,,,,,You indicated you wouldn't be disappointed if the Story Recap was removed. Why?,[skipped by user],,,,,,,,,,,,,,,,,,,teacher,,u_0dacd6dd11e30b71,,Middle School,,,,,unplugged,,annual,annual,,Active Subscriber,,Active Subscriber,2026-01-28T06:11:40.000-08:00,7,0
351373,PMF: Story Recap,7f129414-1111-4085-a881-2a0de9c943b0,https://www.supersummary.com/heroes-gratz/story-recap/#ai-tools-page-header,08/13/2026 23:38:38,,858276,,iOS,Mobile Safari,"Mozilla/5.0 (iPhone; CPU iPhone OS 18_7 like Mac OS X) AppleWebKit/605.1.15 (KHTML, like Gecko) Version/26.3 Mobile/15E148 Safari/604.1",{},URL Event 1 for Study 351373,474eb6a5-b17f-4a6d-a404-2cdcc359b63c,{},How would you feel if you could no longer use the Story Recap?,1,,,,,,,,,,,,,,,,,,,,,,,,parent_of_student,parent_of_student,,u_497a6dd3d6f85e97,[name],Middle School,false,true,,[name],heroes-gratz,,monthly,monthly,,Active Subscriber,true,Non Renewing Subscriber,2025-09-28T16:24:51.000-07:00,11,
351373,PMF: Story Recap,c4d311f9-fec2-475c-aac8-d20c4c7af073,https://www.supersummary.com/theo-of-golden/story-recap/#ai-tools-page-header,08/13/2026 22:55:25,08/13/2026 22:55:29,1718224,,Android,Chrome,"Mozilla/5.0 (Linux; Android 10; K) AppleWebKit/537.36 (KHTML, like Gecko) Chrome/150.0.0.0 Mobile Safari/537.36",{},URL Event 1 for Study 351373,712ab1fb-118d-4a97-be71-a879453ef379,{},How would you feel if you could no longer use the Story Recap?,5,"How useful was the Story Recap in helping you recontextualize the story and
remember what happened?",5,How would you rate the overall quality and level of detail of the Story Recap?,5,,,,,,,,,,,,,,,,,,,,,book_club_member,,u_58b99417c5e59d7e,,,,,,,theo-of-golden,,annual_plus,annual,,,,Active Subscriber,2026-08-05T12:40:14.000-07:00,1,
351373,PMF: Story Recap,aa6cd029-bc8a-4152-a8d6-2c7d72f50bfe,https://www.supersummary.com/fire-and-ice-erin-hunter/story-recap/#ai-tools-page-header,08/13/2026 17:17:21,08/13/2026 17:17:30,1727103,,Windows,Firefox,Mozilla/5.0 (Windows NT 10.0; Win64; x64; rv:153.0) Gecko/20100101 Firefox/153.0,{},URL Event 1 for Study 351373,eed92706-0720-4ab4-afb5-d60aff79185b,{},How would you feel if you could no longer use the Story Recap?,5,"How useful was the Story Recap in helping you recontextualize the story and
remember what happened?",5,How would you rate the overall quality and level of detail of the Story Recap?,5,,,,,,,,,,,,,,,,,,,,,teacher,,u_b0ec2d94f66faec3,,Middle School,,,,,fire-and-ice-erin-hunter,,annual_plus,annual,,,,Active Subscriber,2026-08-13T10:07:06.000-07:00,0,
351373,PMF: Story Recap,d91be05f-d8cc-408a-b55f-46aa3fafdd02,https://www.supersummary.com/wild-dark-shore/story-recap/#ai-tools-page-header,08/13/2026 11:58:42,08/13/2026 12:00:23,1726796,,Android,Chrome,"Mozilla/5.0 (Linux; Android 10; K) AppleWebKit/537.36 (KHTML, like Gecko) Chrome/151.0.0.0 Mobile Safari/537.36",{},URL Event 1 for Study 351373,4440f2ec-21fa-4b1e-9cbf-b4aed2967214,{},How would you feel if you could no longer use the Story Recap?,5,"How useful was the Story Recap in helping you recontextualize the story and
remember what happened?",4,How would you rate the overall quality and level of detail of the Story Recap?,3,,,,,,,,,,,,,,,,,,,,,other,,u_8509b65a30ee42d6,,,,,,,wild-dark-shore,,annual_plus,,,,,Active Subscriber,,0,
351373,PMF: Story Recap,73250bd7-f2bc-4148-80ff-06ba9dc7d43f,https://www.supersummary.com/the-rose-code/story-recap/#ai-tools-page-header,08/13/2026 00:44:01,08/13/2026 00:44:09,478718,,Mac OS,Safari,"Mozilla/5.0 (Macintosh; Intel Mac OS X 10_15_7) AppleWebKit/605.1.15 (KHTML, like Gecko) Version/26.5.2 Safari/605.1.15",{},URL Event 1 for Study 351373,df3474e9-696b-46b2-8246-6e22018a5ceb,{},How would you feel if you could no longer use the Story Recap?,5,"How useful was the Story Recap in helping you recontextualize the story and
remember what happened?",5,How would you rate the overall quality and level of detail of the Story Recap?,5,,,,,,,,,,,,,,,,,,,,book_club_member,book_club_member,,u_e7e8b88e69342ddd,[name],null,false,true,,[name],the-rose-code,,annual,annual,,Active Subscriber,true,Active Subscriber,2024-01-14T06:35:55.000-08:00,32,0
351373,PMF: Story Recap,d0b6b240-aae9-417f-a77c-8b88f56b5758,https://www.supersummary.com/the-things-we-cannot-say/story-recap/#ai-tools-page-header,08/12/2026 18:31:07,,1725929,,iOS,Mobile Safari,"Mozilla/5.0 (iPhone; CPU iPhone OS 18_7 like Mac OS X) AppleWebKit/605.1.15 (KHTML, like Gecko) Version/26.6 Mobile/15E148 Safari/604.1",{},URL Event 1 for Study 351373,3e54031f-e214-49f1-8d22-34483ea00739,{},How would you feel if you could no longer use the Story Recap?,5,"How useful was the Story Recap in helping you recontextualize the story and
remember what happened?",5,,,,,,,,,,,,,,,,,,,,,,,other,,u_ade2779d9e3a6089,,,,,,,the-things-we-cannot-say,,annual_plus,,,,,Active Subscriber,,0,
351373,PMF: Story Recap,1994a5c0-ce81-47a0-b85e-799b4f1554d7,https://www.supersummary.com/the-boys-in-the-boat/story-recap/#ai-tools-page-header,08/12/2026 17:53:22,08/12/2026 17:53:33,1725885,,Android,Chrome,"Mozilla/5.0 (Linux; Android 10; K) AppleWebKit/537.36 (KHTML, like Gecko) Chrome/150.0.0.0 Mobile Safari/537.36",{},URL Event 1 for Study 351373,ddbc61c3-6cef-4fd1-9b7b-fa881d2a5226,{},How would you feel if you could no longer use the Story Recap?,5,"How useful was the Story Recap in helping you recontextualize the story and
remember what happened?",5,How would you rate the overall quality and level of detail of the Story Recap?,5,,,,,,,,,,,,,,,,,,,,,book_club_member,,u_17668ca3ae4cfb08,,,,,,,the-boys-in-the-boat,,annual_plus,,,,,Active Subscriber,,0,
351373,PMF: Story Recap,a1a5e097-e8df-4443-9e7e-fa421402a4a1,https://www.supersummary.com/the-dictionary-of-lost-words/story-recap/#ai-tools-page-header,08/12/2026 17:23:50,08/12/2026 17:20:45,1725688,,Windows,Edge,"Mozilla/5.0 (Windows NT 10.0; Win64; x64) AppleWebKit/537.36 (KHTML, like Gecko) Chrome/151.0.0.0 Safari/537.36 Edg/151.0.0.0",{},URL Event 1 for Study 351373,0208ac1d-b121-42e8-93ed-6628ef12e1ca,{},How would you feel if you could no longer use the Story Recap?,5,"How useful was the Story Recap in helping you recontextualize the story and
remember what happened?",5,How would you rate the overall quality and level of detail of the Story Recap?,5,,,,,,,,,,,,,,,,,,,,,book_club_member,,u_a0cd365798ed1179,,,,,,,the-dictionary-of-lost-words,,annual_plus,,,,,Active Subscriber,,0,
351373,PMF: Story Recap,a34994f5-b005-46f9-a607-34d30fcf0606,https://www.supersummary.com/the-city-of-brass/story-recap/#ai-tools-page-header,08/12/2026 16:59:24,,304616,,Android,Chrome,"Mozilla/5.0 (Linux; Android 10; K) AppleWebKit/537.36 (KHTML, like Gecko) Chrome/150.0.0.0 Safari/537.36",{},URL Event 1 for Study 351373,a95dfbcb-d842-4bfc-8249-6349200338d8,{},How would you feel if you could no longer use the Story Recap?,5,,,,,,,,,,,,,,,,,,,,,,,,,book_club_member,,u_5f6cf5d86b468f22,,,,,2023-04-25T16:33:58.121-07:00,,the-city-of-brass,,annual,annual,,Active Subscriber,,Active Subscriber,2023-01-23T10:37:10.000-08:00,44,1
351373,PMF: Story Recap,e63d9107-c2a2-4383-ae1e-90eebf4dea49,https://www.supersummary.com/good-omens/story-recap/,08/12/2026 16:33:26,,1725690,,Windows,Chrome,"Mozilla/5.0 (Windows NT 10.0; Win64; x64) AppleWebKit/537.36 (KHTML, like Gecko) Chrome/151.0.0.0 Safari/537.36",{},URL Event 1 for Study 351373,49e81dcb-1f27-431d-9462-f102f500feaf,{},How would you feel if you could no longer use the Story Recap?,1,,,,,,,,,,,,,,,,,,,,,,,,other,Teacher,,u_9e61a81dc4477517,[name],High School,false,false,,[name],good-omens,,annual_plus,,,,false,Active Subscriber,,0,
351373,PMF: Story Recap,a65520cf-4f76-4577-8d82-0cabe0ee927a,https://www.supersummary.com/kantika/story-recap/,08/12/2026 12:27:06,,1350382,,Mac OS,Chrome,"Mozilla/5.0 (Macintosh; Intel Mac OS X 10_15_7) AppleWebKit/537.36 (KHTML, like Gecko) Chrome/116.0.0.0 Safari/537.36",{},URL Event 1 for Study 351373,351d6b58-7f48-4176-ba11-d5ce1b22335f,{},How would you feel if you could no longer use the Story Recap?,5,,,,,,,,,,,,,,,,,,,,,,,1.21.1,book_club_member,book_club_member,,u_dc26560a26cdbec8,[name],null,false,true,,[name],kantika,26.5.2,annual_subscription_36-USD,annual,4.27.0,Active Subscriber,true,Active Subscriber,2025-10-10T19:01:44.000-07:00,11,
351373,PMF: Story Recap,0d74cfa2-e9c9-4cdc-8997-2ae16883a00a,https://www.supersummary.com/the-calamity-club/story-recap/#ai-tools-page-header,08/12/2026 02:52:25,,1725211,,iOS,Mobile Safari,"Mozilla/5.0 (iPhone; CPU iPhone OS 18_7 like Mac OS X) AppleWebKit/605.1.15 (KHTML, like Gecko) Version/26.5.2 Mobile/15E148 Safari/604.1",{},URL Event 1 for Study 351373,5fb58410-a6cc-4d15-83c5-ab964714fb86,{},How would you feel if you could no longer use the Story Recap?,4,,,,,,,,,,,,,,,,,,,,,,,,,other,,u_8ab6eb59db9b85b2,,,,,,,the-calamity-club,,annual_plus,annual,,,,Active Subscriber,2026-08-11T19:49:41.000-07:00,1,
351373,PMF: Story Recap,d1fdd7fe-66b8-410e-aa6a-3408917dfbbd,https://www.supersummary.com/broken-country/story-recap/#ai-tools-page-header,08/12/2026 01:32:56,08/12/2026 01:33:00,612123,,Mac OS,Safari,"Mozilla/5.0 (Macintosh; Intel Mac OS X 10_15_7) AppleWebKit/605.1.15 (KHTML, like Gecko) Version/26.5.2 Safari/605.1.15",{},URL Event 1 for Study 351373,1007fd0a-cd92-4091-84ee-5ac910bc7ba4,{},How would you feel if you could no longer use the Story Recap?,5,"How useful was the Story Recap in helping you recontextualize the story and
remember what happened?",5,How would you rate the overall quality and level of detail of the Story Recap?,5,,,,,,,,,,,,,,,,,,,,,book_club_member,,u_7369478907999d3a,,,,,,,broken-country,,annual_plus,annual,,Active Subscriber,,Active Subscriber,2024-07-17T07:53:33.000-07:00,26,
351373,PMF: Story Recap,3f293d24-327e-48fc-99f5-afcdd9ffe088,https://www.supersummary.com/finding-dorothy/story-recap/#ai-tools-page-header,08/11/2026 23:47:20,,214103,,Windows,Edge,"Mozilla/5.0 (Windows NT 10.0; Win64; x64) AppleWebKit/537.36 (KHTML, like Gecko) Chrome/151.0.0.0 Safari/537.36 Edg/151.0.0.0",{},URL Event 1 for Study 351373,a276f4e4-f8ba-4730-857c-bc3dc7695dfe,{},How would you feel if you could no longer use the Story Recap?,5,"How useful was the Story Recap in helping you recontextualize the story and
remember what happened?",5,,,,,,,,,,,,,,,,,,,,,,,book_club_member,,u_ded83362fb261cc1,,,,,2024-01-23T06:44:49.421-08:00,,finding-dorothy,,annual,annual,,Active Subscriber,,Active Subscriber,2022-05-28T06:12:46.000-07:00,52,5
351373,PMF: Story Recap,5c31a4dd-4e13-4e41-96f2-85f88badba1a,https://www.supersummary.com/the-hidden-staircase/story-recap/,08/11/2026 22:53:23,,273885,,Mac OS,Firefox,Mozilla/5.0 (Macintosh; Intel Mac OS X 10.15; rv:153.0) Gecko/20100101 Firefox/153.0,{},URL Event 1 for Study 351373,788f987a-0168-4d80-9797-0fdf753377db,{},How would you feel if you could no longer use the Story Recap?,5,,,,,,,,,,,,,,,,,,,,,,,,,teacher,,u_28c2d7c67131155b,,Postgrad Program,,,2023-04-30T08:36:15.524-07:00,,the-hidden-staircase,,annual,annual,,Active Subscriber,,Active Subscriber,2023-04-30T08:35:02.000-07:00,40,1
351373,PMF: Story Recap,f1ba05b6-81e4-42da-87d4-52f2fb8fe547,https://www.supersummary.com/the-lion-women-of-tehran/story-recap/#ai-tools-page-header,08/11/2026 17:05:53,,659236,,Windows,Edge,"Mozilla/5.0 (Windows NT 10.0; Win64; x64) AppleWebKit/537.36 (KHTML, like Gecko) Chrome/151.0.0.0 Safari/537.36 Edg/151.0.0.0",{},URL Event 1 for Study 351373,0222a41c-71ae-4c6f-8846-d2211d916911,{},How would you feel if you could no longer use the Story Recap?,5,,,,,,,,,,,,,,,,,,,,,,,,,book_club_member,,u_03473284ff5bb1e8,,,,,,,the-lion-women-of-tehran,,annual,annual,,Active Subscriber,,Active Subscriber,2024-09-12T14:28:57.000-07:00,24,
351373,PMF: Story Recap,6e402049-9333-4f8b-a8cb-7c36ee034219,https://www.supersummary.com/the-calamity-club/story-recap/#ai-tools-page-header,08/11/2026 16:23:54,08/11/2026 16:24:03,1724491,,iOS,Mobile Safari,"Mozilla/5.0 (iPhone; CPU iPhone OS 18_7 like Mac OS X) AppleWebKit/605.1.15 (KHTML, like Gecko) Version/26.6 Mobile/15E148 Safari/604.1",{},URL Event 1 for Study 351373,a871ce8a-b04e-4237-b26d-123e84f3cc36,{},How would you feel if you could no longer use the Story Recap?,5,"How useful was the Story Recap in helping you recontextualize the story and
remember what happened?",5,How would you rate the overall quality and level of detail of the Story Recap?,5,,,,,,,,,,,,,,,,,,,,,avid_reader,,u_4b25503342a9d758,,,,,,,,,annual_plus,,,,,Active Subscriber,,0,
351373,PMF: Story Recap,f4e21294-e983-4999-bc1f-9b3a0c2cb6e0,https://www.supersummary.com/whistler-ann-patchett/story-recap/#ai-tools-page-header,08/11/2026 13:08:22,,1724248,,iOS,GSA,"Mozilla/5.0 (iPhone; CPU iPhone OS 26_5_1 like Mac OS X) AppleWebKit/605.1.15 (KHTML, like Gecko) GSA/432.9.954074404 Mobile/15E148 Safari/604.1",{},URL Event 1 for Study 351373,b4883ba3-d638-478b-8efd-8faf5d029c89,{},How would you feel if you could no longer use the Story Recap?,4,,,,,,,,,,,,,,,,,,,,,,,,,other,,u_206435470c7b4e19,,,,,,,whistler-ann-patchett,,annual_plus,,,,,Active Subscriber,,0,
351373,PMF: Story Recap,9b271013-2821-4e48-83c7-36ed580ba1d7,https://www.supersummary.com/theo-of-golden/story-recap/#ai-tools-page-header,08/11/2026 03:21:08,,1723915,,iOS,Mobile Safari,"Mozilla/5.0 (iPhone; CPU iPhone OS 18_7 like Mac OS X) AppleWebKit/605.1.15 (KHTML, like Gecko) Version/26.5.2 Mobile/15E148 Safari/604.1",{},URL Event 1 for Study 351373,19461599-8c32-4edd-8a87-d8cea2d62984,{},How would you feel if you could no longer use the Story Recap?,4,,,,,,,,,,,,,,,,,,,,,,,,,teacher,,u_8c6fdcabd1a501d4,,,,,,,theo-of-golden,,annual_plus,,,,,Active Subscriber,,0,
351373,PMF: Story Recap,5a0e00bb-da2b-44c1-9448-c2edc704f0b2,https://www.supersummary.com/the-correspondent/story-recap/#ai-tools-page-header,08/10/2026 20:15:26,,1356690,,iOS,Mobile Safari,"Mozilla/5.0 (iPhone; CPU iPhone OS 18_7 like Mac OS X) AppleWebKit/605.1.15 (KHTML, like Gecko) Version/26.5.2 Mobile/15E148 Safari/604.1",{},URL Event 1 for Study 351373,cca4f942-68f0-4b2d-ad3b-29d4406560a1,{},How would you feel if you could no longer use the Story Recap?,5,,,,,,,,,,,,,,,,,,,,,,,,,other,,u_b5e8a9597d899b3d,,,,,,,the-correspondent,,annual_plus,,,,,Active Subscriber,,0,
351373,PMF: Story Recap,b8d504e2-f1b6-411b-babf-ef6dbb2278fa,https://www.supersummary.com/the-book-club-for-troublesome-women/story-recap/#ai-tools-page-header,08/10/2026 19:06:17,08/10/2026 19:06:24,1021921,,Windows,Edge,"Mozilla/5.0 (Windows NT 10.0; Win64; x64) AppleWebKit/537.36 (KHTML, like Gecko) Chrome/151.0.0.0 Safari/537.36 Edg/151.0.0.0",{},URL Event 1 for Study 351373,ece68183-b092-48f9-ac65-c299a3e4be9b,{},How would you feel if you could no longer use the Story Recap?,5,"How useful was the Story Recap in helping you recontextualize the story and
remember what happened?",5,How would you rate the overall quality and level of detail of the Story Recap?,5,,,,,,,,,,,,,,,,,,,,,book_club_member,,u_c83cf1df98890567,,,,,,,the-book-club-for-troublesome-women,,annual,annual,,Active Subscriber,,Active Subscriber,2025-09-22T14:46:36.000-07:00,11,
351373,PMF: Story Recap,67bd5c3e-d994-431c-a750-29953b0bd25f,https://www.supersummary.com/the-odyssey/story-recap/#ai-tools-page-header,08/10/2026 15:54:48,,1723132,,iOS,Mobile Safari,"Mozilla/5.0 (iPhone; CPU iPhone OS 18_7 like Mac OS X) AppleWebKit/605.1.15 (KHTML, like Gecko) Version/26.5.2 Mobile/15E148 Safari/604.1",{},URL Event 1 for Study 351373,05a89cc7-7dd8-4ed8-a3db-368e036020f1,{},How would you feel if you could no longer use the Story Recap?,2,,,,,,,,,,,,,,,,,,,,,,,,,other,,u_c64d646c047115b6,,,,,,,the-odyssey,,annual_essentials,,,,,Active Subscriber,,0,
351373,PMF: Story Recap,5c80c556-44db-40a9-8de0-1568fa5f7a5f,https://www.supersummary.com/the-canterbury-tales/story-recap/#ai-tools-page-header,08/10/2026 13:51:01,,1397485,,iOS,Mobile Safari,"Mozilla/5.0 (iPad; CPU OS 18_7 like Mac OS X) AppleWebKit/605.1.15 (KHTML, like Gecko) Version/18.7.6 Mobile/15E148 Safari/604.1",{},URL Event 1 for Study 351373,ea3b8eba-6835-49a7-80ff-8e70b20f5a7b,{},How would you feel if you could no longer use the Story Recap?,5,,,,,,,,,,,,,,,,,,,,,,,,,parent_of_student,,u_4fe830441f43721a,,High School,,,,,beowulf,,annual_plus,annual,,Active Subscriber,,Active Subscriber,2025-11-07T10:55:07.000-08:00,10,
351373,PMF: Story Recap,52174593-872b-46e4-a0f0-826a8c8640dc,https://www.supersummary.com/the-paris-apartment/story-recap/#ai-tools-page-header,08/10/2026 10:30:47,08/10/2026 10:30:58,1654818,,Android,Chrome,"Mozilla/5.0 (Linux; Android 10; K) AppleWebKit/537.36 (KHTML, like Gecko) Chrome/151.0.0.0 Mobile Safari/537.36",{},URL Event 1 for Study 351373,07bf8352-8d72-454f-808e-fef1b1a9ff04,{},How would you feel if you could no longer use the Story Recap?,5,"How useful was the Story Recap in helping you recontextualize the story and
remember what happened?",5,How would you rate the overall quality and level of detail of the Story Recap?,5,,,,,,,,,,,,,,,,,,,,,book_club_member,,u_f4e3d241aa0ce684,,,,,,,the-paris-apartment,,annual_plus,annual,,Active Subscriber,,Active Subscriber,2026-05-26T03:40:34.000-07:00,3,
351373,PMF: Story Recap,576e0994-95ad-4a58-8bc9-03d8ade8c6b6,https://www.supersummary.com/whistler-ann-patchett/story-recap/#ai-tools-page-header,08/10/2026 05:02:56,,1722716,,iOS,GSA,"Mozilla/5.0 (iPhone; CPU iPhone OS 26_5_2 like Mac OS X) AppleWebKit/605.1.15 (KHTML, like Gecko) GSA/432.9.954074404 Mobile/15E148 Safari/604.1",{},URL Event 1 for Study 351373,18e450d4-2fa8-46d2-9871-77745f63a3f6,{},How would you feel if you could no longer use the Story Recap?,5,,,,,,,,,,,,,,,,,,,,,,,,,book_club_member,,u_b068119cee6cae71,,,,,,,whistler-ann-patchett,,annual_essentials,,,,,Active Subscriber,,0,
351373,PMF: Story Recap,aac5097c-e4be-4700-92bb-d3bfe0d123f0,https://www.supersummary.com/crown-of-midnight/story-recap/#ai-tools-page-header,08/10/2026 03:38:38,,1722656,,Android,Chrome,"Mozilla/5.0 (Linux; Android 10; K) AppleWebKit/537.36 (KHTML, like Gecko) Chrome/150.0.0.0 Mobile Safari/537.36",{},URL Event 1 for Study 351373,b6953bf6-86a3-4161-9cc3-da67e91ed447,{},How would you feel if you could no longer use the Story Recap?,3,,,,,,,,,,,,,,,,,,,,,,,,,avid_reader,,u_ec7023c70f831715,,,,,,,crown-of-midnight,,annual_plus,,,,,Active Subscriber,,0,
351373,PMF: Story Recap,7ee9259a-176e-4e33-b0e6-d354e510c081,https://www.supersummary.com/west-with-giraffes/story-recap/,08/10/2026 03:05:37,,1180831,,Windows,Edge,"Mozilla/5.0 (Windows NT 10.0; Win64; x64) AppleWebKit/537.36 (KHTML, like Gecko) Chrome/151.0.0.0 Safari/537.36 Edg/151.0.0.0",{},URL Event 1 for Study 351373,aab700f6-526c-4f06-9bad-3c6995eae9c3,{},How would you feel if you could no longer use the Story Recap?,4,,,,,,,,,,,,,,,,,,,,,,,,,book_club_member,,u_c846806bb3cef0a8,,,,,,,west-with-giraffes,,annual,annual,,Active Subscriber,,Active Subscriber,2025-05-07T13:36:54.000-07:00,16,
351373,PMF: Story Recap,13ffdac7-43d3-4353-89a4-af506a5dde6b,https://www.supersummary.com/land-maggie-ofarrell/story-recap/#ai-tools-page-header,08/10/2026 01:07:34,,491499,,iOS,Mobile Safari,"Mozilla/5.0 (iPhone; CPU iPhone OS 18_7 like Mac OS X) AppleWebKit/605.1.15 (KHTML, like Gecko) Version/26.5.2 Mobile/15E148 Safari/604.1",{},URL Event 1 for Study 351373,a2b2d654-7e49-4e84-8121-d80ac89d311f,{},How would you feel if you could no longer use the Story Recap?,3,,,,,,,,,,,,,,,,,,,,,,,,,book_club_member,,u_5611b79fa3b600f5,,,,,,,land-maggie-ofarrell,,annual_plus,annual,,Active Subscriber,,Active Subscriber,2025-03-26T18:13:26.000-07:00,26,0
351373,PMF: Story Recap,d5ee57b4-cb29-4fd7-b885-59b5e6681cec,https://www.supersummary.com/lady-tans-circle-of-women/story-recap/#ai-tools-page-header,08/09/2026 19:24:31,,489201,,Android,Silk,"Mozilla/5.0 (Linux; Android 11; KFSNWI) AppleWebKit/537.36 (KHTML, like Gecko) Silk/118.1.77 like Chrome/118.0.5993.111 Safari/537.36",{},URL Event 1 for Study 351373,79d11a8e-8df4-4640-af73-1e31cca1ad80,{},How would you feel if you could no longer use the Story Recap?,5,,,,,,,,,,,,,,,,,,,,,,,,,book_club_member,,u_1912e3d2b5190231,,,,,,,lady-tans-circle-of-women,,annual_plus,annual,,Active Subscriber,,Active Subscriber,2025-11-12T04:52:11.000-08:00,9,
351373,PMF: Story Recap,724bb111-7102-4bdb-9c30-61763fbf1631,https://www.supersummary.com/theo-of-golden/story-recap/#ai-tools-page-header,08/09/2026 15:16:30,08/09/2026 15:16:39,1721855,,iOS,Chrome,"Mozilla/5.0 (iPhone; CPU iPhone OS 26_5_2 like Mac OS X) AppleWebKit/605.1.15 (KHTML, like Gecko) CriOS/151.0.7922.57 Mobile/15E148 Safari/604.1",{},URL Event 1 for Study 351373,d2521f5e-c13b-4825-bde3-75fb6c67f99c,{},How would you feel if you could no longer use the Story Recap?,5,"How useful was the Story Recap in helping you recontextualize the story and
remember what happened?",4,How would you rate the overall quality and level of detail of the Story Recap?,5,,,,,,,,,,,,,,,,,,,,,book_club_member,,u_d8c058ed030bf779,,,,,,,theo-of-golden,,annual_plus,annual,,,,Active Subscriber,2026-08-09T08:12:59.000-07:00,0,
351373,PMF: Story Recap,98e6f8a0-ec08-47e4-b2ac-84fec516f464,https://www.supersummary.com/the-gathering/story-recap/#ai-tools-page-header,08/09/2026 11:51:34,,1200206,,Android,Chrome,"Mozilla/5.0 (Linux; Android 10; K) AppleWebKit/537.36 (KHTML, like Gecko) Chrome/150.0.0.0 Mobile Safari/537.36",{},URL Event 1 for Study 351373,0703aacd-9af6-4d19-a83e-24d0c8105452,{},How would you feel if you could no longer use the Story Recap?,5,,,,,,,,,,,,,,,,,,,,,,,1.9.1,,book_club_member,,u_1f3d1571aa2bc4f9,,,,,,,the-gathering,12,annual_essentials,annual,2.5.3,,,Active Subscriber,2025-05-18T09:12:51.000-07:00,1,
351373,PMF: Story Recap,90adc993-c51a-433b-ab66-25a2af307257,https://www.supersummary.com/year-of-yes/story-recap/#ai-tools-page-header,08/09/2026 01:02:13,,32210,,iOS,Chrome,"Mozilla/5.0 (iPhone; CPU iPhone OS 26_5_2 like Mac OS X) AppleWebKit/605.1.15 (KHTML, like Gecko) CriOS/151.0.7922.57 Mobile/15E148 Safari/604.1",{},URL Event 1 for Study 351373,a91c2acc-7a4f-4587-9d47-51acbd8f633a,{},How would you feel if you could no longer use the Story Recap?,1,,,,,,,,,,,,,,,,,,,,,,,,,book_club_member,,u_49de65906ba7b1b8,,,,,2022-09-23T05:35:47.292-07:00,,year-of-yes,,annual,annual,,Active Subscriber,,Active Subscriber,2021-02-23T18:41:55.000-08:00,67,1
351373,PMF: Story Recap,1763940c-2b7a-4f84-9b18-424d6d69b6a9,https://www.supersummary.com/theo-of-golden/story-recap/#ai-tools-page-header,08/08/2026 18:52:35,,1721188,,iOS,Mobile Safari,"Mozilla/5.0 (iPhone; CPU iPhone OS 18_7 like Mac OS X) AppleWebKit/605.1.15 (KHTML, like Gecko) Version/26.5.2 Mobile/15E148 Safari/604.1",{},URL Event 1 for Study 351373,987f453a-6b51-41aa-bfe4-2f55060c7627,{},How would you feel if you could no longer use the Story Recap?,5,,,,,,,,,,,,,,,,,,,,,,,,,other,,u_5adf2ea6815c9d5f,,,,,,,theo-of-golden,,annual_plus,,,,,Active Subscriber,,0,
351373,PMF: Story Recap,bbd22d35-1283-4bd5-b327-ffa9d341ce77,https://www.supersummary.com/caraval/story-recap/#ai-tools-page-header,08/08/2026 17:07:25,08/08/2026 17:07:30,1714518,,Windows,Chrome,"Mozilla/5.0 (Windows NT 10.0; Win64; x64) AppleWebKit/537.36 (KHTML, like Gecko) Chrome/150.0.0.0 Safari/537.36",{},URL Event 1 for Study 351373,76da8777-c95e-4dae-98bd-342b0bae8d0d,{},How would you feel if you could no longer use the Story Recap?,5,"How useful was the Story Recap in helping you recontextualize the story and
remember what happened?",5,How would you rate the overall quality and level of detail of the Story Recap?,5,,,,,,,,,,,,,,,,,,,1.21.1,other,Avid Reader,,u_6384c8326751a913,[name],null,false,true,,[name],caraval,16,annual_plus_google-60-USD,annual,2.17.8,,true,Active Subscriber,2026-08-08T09:38:12.000-07:00,0,
351373,PMF: Story Recap,cb7fc42c-3ecd-48a8-83a3-a38c21c91117,https://www.supersummary.com/the-house-at-riverton/story-recap/#ai-tools-page-header,08/07/2026 23:19:53,08/07/2026 23:19:59,1705873,,Mac OS,Safari,"Mozilla/5.0 (Macintosh; Intel Mac OS X 10_15_7) AppleWebKit/605.1.15 (KHTML, like Gecko) Version/26.5.2 Safari/605.1.15",{},URL Event 1 for Study 351373,4fa1cf36-4096-439e-ae14-fcde5f59e93f,{},How would you feel if you could no longer use the Story Recap?,4,"How useful was the Story Recap in helping you recontextualize the story and
remember what happened?",4,How would you rate the overall quality and level of detail of the Story Recap?,4,,,,,,,,,,,,,,,,,,,,,Book club member,,u_3807dfbd52d7f04a,,,,,,,the-house-at-riverton,,annual_plus,annual,,,,Active Subscriber,2026-07-24T13:15:11.000-07:00,1,
351373,PMF: Story Recap,b9e4b8e7-32ad-4b35-8714-10af526dc8a3,https://www.supersummary.com/daisy-haites/story-recap/#ai-tools-page-header,08/07/2026 21:36:02,08/07/2026 21:36:08,1720485,,iOS,Mobile Safari,"Mozilla/5.0 (iPhone; CPU iPhone OS 18_7 like Mac OS X) AppleWebKit/605.1.15 (KHTML, like Gecko) Version/26.5.2 Mobile/15E148 Safari/604.1",{},URL Event 1 for Study 351373,a6bbc7d8-17da-4609-88f0-ba56734bd953,{},How would you feel if you could no longer use the Story Recap?,5,"How useful was the Story Recap in helping you recontextualize the story and
remember what happened?",4,How would you rate the overall quality and level of detail of the Story Recap?,4,,,,,,,,,,,,,,,,,,,,,other,,u_eb9958b93ed31a8f,,,,,,,,,annual_essentials,,,,,Active Subscriber,,0,
351373,PMF: Story Recap,3fde02ba-a103-4be7-9d89-dabe8bd02eee,https://www.supersummary.com/den-of-vipers/story-recap/#ai-tools-page-header,08/07/2026 17:30:44,,1720302,,iOS,Mobile Safari,"Mozilla/5.0 (iPhone; CPU iPhone OS 18_7 like Mac OS X) AppleWebKit/605.1.15 (KHTML, like Gecko) Version/26.5.2 Mobile/15E148 Safari/604.1",{},URL Event 1 for Study 351373,ee870bee-a38b-49fe-9fa8-56c2b0624731,{},How would you feel if you could no longer use the Story Recap?,5,,,,,,,,,,,,,,,,,,,,,,,,,other,,u_a4218086e6565cca,,,,,,,den-of-vipers,,annual_plus,,,,,Active Subscriber,,0,
351373,PMF: Story Recap,a8b3fa4c-e765-46ee-aabe-559e718d91cb,https://www.supersummary.com/there-are-rivers-in-the-sky/story-recap/#ai-tools-page-header,08/06/2026 23:26:50,08/06/2026 23:27:06,341840,,Mac OS,Safari,"Mozilla/5.0 (Macintosh; Intel Mac OS X 10_15_7) AppleWebKit/605.1.15 (KHTML, like Gecko) Version/26.5.2 Safari/605.1.15",{},URL Event 1 for Study 351373,28f7d779-9c4b-47d8-b932-a65dbb5e0b43,{},How would you feel if you could no longer use the Story Recap?,5,"How useful was the Story Recap in helping you recontextualize the story and
remember what happened?",5,How would you rate the overall quality and level of detail of the Story Recap?,4,,,,,,,,,,,,,,,,,,,,,book_club_member,,u_1ad10a3858498ef5,,,,,2023-05-31T17:16:35.974-07:00,,there-are-rivers-in-the-sky,,annual,annual,,Active Subscriber,,Active Subscriber,2023-04-02T12:29:12.000-07:00,41,1
351373,PMF: Story Recap,1dc5a28d-f5f6-449c-a3bd-4bb49234d8b2,https://www.supersummary.com/the-only-one-left/story-recap/#ai-tools-page-header,08/06/2026 22:21:09,08/06/2026 22:21:14,1467851,,iOS,Mobile Safari,"Mozilla/5.0 (iPhone; CPU iPhone OS 18_7 like Mac OS X) AppleWebKit/605.1.15 (KHTML, like Gecko) Version/26.5.2 Mobile/15E148 Safari/604.1",{},URL Event 1 for Study 351373,14091c01-ab9d-437a-8b04-a3d1cd0b3617,{},How would you feel if you could no longer use the Story Recap?,5,"How useful was the Story Recap in helping you recontextualize the story and
remember what happened?",5,How would you rate the overall quality and level of detail of the Story Recap?,5,,,,,,,,,,,,,,,,,,,,,other,,u_173d998063bf7ff8,,,,,,,the-only-one-left,,annual_essentials,annual,,Active Subscriber,,Active Subscriber,2026-01-11T04:06:02.000-08:00,7,
351373,PMF: Story Recap,406a97a4-e037-4be1-bcd2-f0889fde4e10,https://www.supersummary.com/bomb/story-recap/#ai-tools-page-header,08/06/2026 16:52:43,,1719225,,iOS,Mobile Safari,"Mozilla/5.0 (iPhone; CPU iPhone OS 18_7 like Mac OS X) AppleWebKit/605.1.15 (KHTML, like Gecko) Version/26.6 Mobile/15E148 Safari/604.1",{},URL Event 1 for Study 351373,71b7bed1-8d68-407d-ba7a-dd0f2f2ec9c3,{},How would you feel if you could no longer use the Story Recap?,5,,,,,,,,,,,,,,,,,,,,,,,,,Student,,u_e9040e4c6e1cfaad,,High School,,,,,,,annual_plus,,,,,Active Subscriber,,0,
351373,PMF: Story Recap,9a343412-f3a0-4ddb-9253-51e437643755,https://www.supersummary.com/the-unselected-journals-of-emma-m-lion-vol-1/story-recap/#ai-tools-page-header,08/06/2026 15:06:29,,1719086,,iOS,GSA,"Mozilla/5.0 (iPhone; CPU iPhone OS 26_5_0 like Mac OS X) AppleWebKit/605.1.15 (KHTML, like Gecko) GSA/411.0.879111500 Mobile/15E148 Safari/604.1",{},URL Event 1 for Study 351373,b4bc510b-dbee-46f2-8e7a-2052029aed2e,{},How would you feel if you could no longer use the Story Recap?,5,,,,,,,,,,,,,,,,,,,,,,,,,other,,u_798fd88c2f048ba1,,,,,,,the-unselected-journals-of-emma-m-lion-vol-1,,annual_plus,,,,,Active Subscriber,,0,
351373,PMF: Story Recap,478c624c-641f-4ecf-b3a7-97f195bf9ca4,https://www.supersummary.com/between-sisters-kristin-hannah/story-recap/#ai-tools-page-header,08/06/2026 13:15:23,08/06/2026 13:15:30,959942,,Mac OS,Safari,"Mozilla/5.0 (Macintosh; Intel Mac OS X 10_15_7) AppleWebKit/605.1.15 (KHTML, like Gecko) Version/17.6 Safari/605.1.15",{},URL Event 1 for Study 351373,db3c29f4-a7d8-4fdf-85d7-d251b3130b01,{},How would you feel if you could no longer use the Story Recap?,5,"How useful was the Story Recap in helping you recontextualize the story and
remember what happened?",5,How would you rate the overall quality and level of detail of the Story Recap?,5,,,,,,,,,,,,,,,,,,,,,other,,u_30227e96893f7197,,,,,,,whistler-ann-patchett,,annual,annual,,Active Subscriber,,Active Subscriber,2025-11-10T06:22:29.000-08:00,9,
351373,PMF: Story Recap,e1f46e1e-5d51-4fd2-957c-2137f493cdaf,https://www.supersummary.com/theo-of-golden/story-recap/#ai-tools-page-header,08/06/2026 06:57:46,08/06/2026 06:57:53,1718829,,Android,Chrome,"Mozilla/5.0 (Linux; Android 10; K) AppleWebKit/537.36 (KHTML, like Gecko) Chrome/150.0.0.0 Mobile Safari/537.36",{},URL Event 1 for Study 351373,dfc3a389-57ae-4023-816a-edb1d74b7e25,{},How would you feel if you could no longer use the Story Recap?,4,"How useful was the Story Recap in helping you recontextualize the story and
remember what happened?",4,How would you rate the overall quality and level of detail of the Story Recap?,4,,,,,,,,,,,,,,,,,,,,,book_club_member,,u_e1f3aff1420fd031,,,,,,,theo-of-golden,,annual_essentials,,,,,Active Subscriber,,0,
351373,PMF: Story Recap,e816609e-f522-4de7-9233-76fee9e10786,https://www.supersummary.com/the-varieties-of-religious-experience/story-recap/#ai-tools-page-header,08/05/2026 05:19:01,,1717553,,iOS,Mobile Safari,"Mozilla/5.0 (iPhone; CPU iPhone OS 18_7 like Mac OS X) AppleWebKit/605.1.15 (KHTML, like Gecko) Version/26.5.2 Mobile/15E148 Safari/604.1",{},URL Event 1 for Study 351373,3ff5cbea-a4f4-41b0-8972-601631b648ba,{},How would you feel if you could no longer use the Story Recap?,3,,,,,,,,,,,,,,,,,,,,,,,,,other,,u_ff477757a0729e56,,,,,,,the-varieties-of-religious-experience,,annual_plus,,,,,Active Subscriber,,0,
351373,PMF: Story Recap,6b39f1ba-9ba7-4411-95f9-74bd58ea3cff,https://www.supersummary.com/the-road-of-bones-demi-winters/story-recap/#ai-tools-page-header,08/04/2026 22:14:59,08/04/2026 22:15:04,1717105,,iOS,Mobile Safari,"Mozilla/5.0 (iPhone; CPU iPhone OS 18_7 like Mac OS X) AppleWebKit/605.1.15 (KHTML, like Gecko) Version/26.5.2 Mobile/15E148 Safari/604.1",{},URL Event 1 for Study 351373,6f81fd8b-0c0a-4cd7-92b8-cadeef908e9c,{},How would you feel if you could no longer use the Story Recap?,4,"How useful was the Story Recap in helping you recontextualize the story and
remember what happened?",4,How would you rate the overall quality and level of detail of the Story Recap?,4,,,,,,,,,,,,,,,,,,,,,other,,u_cd715c7290457b64,,,,,,,the-road-of-bones-demi-winters,,monthly_essentials,,,,,Active Subscriber,,0,
351373,PMF: Story Recap,2d430c6d-fb26-4346-98aa-0bf9e9f90eaa,https://www.supersummary.com/haunting-adeline/story-recap/#ai-tools-page-header,08/04/2026 16:43:34,08/04/2026 16:43:39,1716649,,Android,Chrome,"Mozilla/5.0 (Linux; Android 10; K) AppleWebKit/537.36 (KHTML, like Gecko) Chrome/150.0.0.0 Mobile Safari/537.36",{},URL Event 1 for Study 351373,dc1ab186-3356-4175-b472-4ff959735227,{},How would you feel if you could no longer use the Story Recap?,5,"How useful was the Story Recap in helping you recontextualize the story and
remember what happened?",5,How would you rate the overall quality and level of detail of the Story Recap?,5,,,,,,,,,,,,,,,,,,,,,avid_reader,,u_b50cdc8f80360af8,,,,,,,haunting-adeline,,annual_plus,,,,,Active Subscriber,,0,
351373,PMF: Story Recap,66924408-b8a0-45d4-8d37-125e0ac23b24,https://www.supersummary.com/finding-margaret-fuller/story-recap/#ai-tools-page-header,08/04/2026 04:32:43,,1277438,,iOS,Mobile Safari,"Mozilla/5.0 (iPhone; CPU iPhone OS 18_7 like Mac OS X) AppleWebKit/605.1.15 (KHTML, like Gecko) Version/26.5.2 Mobile/15E148 Safari/604.1",{},URL Event 1 for Study 351373,a67a5c5f-6496-415f-9277-f596ad653c22,{},How would you feel if you could no longer use the Story Recap?,5,"How useful was the Story Recap in helping you recontextualize the story and
remember what happened?",5,,,,,,,,,,,,,,,,,,,,,,,librarian,,u_d1a10d713318b46c,,,,,,,finding-margaret-fuller,,annual_plus,,,,,Active Subscriber,,0,
351373,PMF: Story Recap,4183cdae-370b-4198-b7ae-654a855418aa,https://www.supersummary.com/hamnet/story-recap/#ai-tools-page-header,08/03/2026 22:41:14,08/03/2026 22:41:21,1440400,,Windows,Chrome,"Mozilla/5.0 (Windows NT 10.0; Win64; x64) AppleWebKit/537.36 (KHTML, like Gecko) Chrome/150.0.0.0 Safari/537.36",{},URL Event 1 for Study 351373,2a7e11f5-ed00-415d-ba56-3d1262f2707d,{},How would you feel if you could no longer use the Story Recap?,5,"How useful was the Story Recap in helping you recontextualize the story and
remember what happened?",5,How would you rate the overall quality and level of detail of the Story Recap?,5,,,,,,,,,,,,,,,,,,,,,parent_of_student,,u_bad7d03a2aac95a6,,Postgrad Program,,,,,hamnet,,annual_plus,annual,,,,Active Subscriber,2026-07-06T16:37:54.000-07:00,1,
351373,PMF: Story Recap,49805e69-0e95-42b8-aaa4-82b31ead556a,https://www.supersummary.com/west-with-giraffes/story-recap/#ai-tools-page-header,08/03/2026 17:01:21,,507631,,iOS,Chrome,"Mozilla/5.0 (iPhone; CPU iPhone OS 26_5_2 like Mac OS X) AppleWebKit/605.1.15 (KHTML, like Gecko) CriOS/150.0.7871.113 Mobile/15E148 Safari/604.1",{},URL Event 1 for Study 351373,e116c9dc-af13-40cc-b491-1c91ffea6dd7,{},How would you feel if you could no longer use the Story Recap?,4,,,,,,,,,,,,,,,,,,,,,,,,,teacher,,u_d9dbc4971035add2,,Middle School,,,,,west-with-giraffes,,annual_plus,annual,,Active Subscriber,,Active Subscriber,2024-03-05T21:37:26.000-08:00,13,0
351373,PMF: Story Recap,1cc2fd1c-ebaf-404b-9cc7-2327afec8568,https://www.supersummary.com/zero-day/story-recap/#ai-tools-page-header,08/03/2026 16:42:01,,1715197,,iOS,Mobile Safari,"Mozilla/5.0 (iPhone; CPU iPhone OS 18_7 like Mac OS X) AppleWebKit/605.1.15 (KHTML, like Gecko) Version/26.5.2 Mobile/15E148 Safari/604.1",{},URL Event 1 for Study 351373,2a434e4c-e930-45b5-80fb-502fd6d5da7a,{},How would you feel if you could no longer use the Story Recap?,5,,,,,,,,,,,,,,,,,,,,,,,,,teacher,,u_6a4180e3d5c198fd,,,,,,,zero-day,,annual_plus,,,,,Active Subscriber,,0,
351373,PMF: Story Recap,cdca9e0b-dca3-4e5d-b95b-58b061b2d417,https://www.supersummary.com/joyful-anyway/story-recap/#ai-tools-page-header,08/03/2026 13:37:18,08/03/2026 13:37:47,1714974,,iOS,Mobile Safari,"Mozilla/5.0 (iPhone; CPU iPhone OS 18_7 like Mac OS X) AppleWebKit/605.1.15 (KHTML, like Gecko) Version/26.5.2 Mobile/15E148 Safari/604.1",{},URL Event 1 for Study 351373,85ee1a74-2514-4365-9f6f-12fca8ffa345,{},How would you feel if you could no longer use the Story Recap?,4,"How useful was the Story Recap in helping you recontextualize the story and
remember what happened?",4,How would you rate the overall quality and level of detail of the Story Recap?,4,,,,,,,,,,,,,,,,,,,,,other,,u_d27194172a7dfaac,,,,,,,joyful-anyway,,annual_essentials,,,,,Active Subscriber,,0,
351373,PMF: Story Recap,48bb6ce0-00b2-47a1-89ef-c880c5249639,https://www.supersummary.com/the-calamity-club/story-recap/#ai-tools-page-header,08/03/2026 13:32:00,,1714971,,iOS,GSA,"Mozilla/5.0 (iPhone; CPU iPhone OS 26_5_2 like Mac OS X) AppleWebKit/605.1.15 (KHTML, like Gecko) GSA/371.0.763199552 Mobile/15E148 Safari/604.1",{},URL Event 1 for Study 351373,8f6defa8-2acd-4b1d-8ea5-372d75de9341,{},How would you feel if you could no longer use the Story Recap?,5,,,,,,,,,,,,,,,,,,,,,,,,,other,,u_e143c5de65203b8f,,,,,,,the-calamity-club,,annual_essentials,,,,,Active Subscriber,,0,
351373,PMF: Story Recap,9c65ff4c-3890-49a4-9c58-2f93c4594fae,https://www.supersummary.com/london-falling-patrick-radden-keefe/story-recap/#ai-tools-page-header,08/03/2026 06:54:09,08/03/2026 06:54:24,94397,,iOS,Mobile Safari,"Mozilla/5.0 (iPhone; CPU iPhone OS 18_7 like Mac OS X) AppleWebKit/605.1.15 (KHTML, like Gecko) Version/26.5.2 Mobile/15E148 Safari/604.1",{},URL Event 1 for Study 351373,4661ce74-73ab-495a-933e-0a6ab750d35b,{},How would you feel if you could no longer use the Story Recap?,3,,,,,You indicated you wouldn't be disappointed if the Story Recap was removed. Why?,The recap does not add enough new or helpful information,0,1,0,0,0,0,,,,,,,,,,,,,book_club_member,,u_e675745898e3441b,,,,,,,london-falling-patrick-radden-keefe,,annual_plus,annual,,Active Subscriber,,Active Subscriber,2026-07-12T16:37:16.000-07:00,1,
351373,PMF: Story Recap,17ddf8f7-8949-47af-bee3-4e15526e46a9,https://www.supersummary.com/thunderhead/story-recap/#ai-tools-page-header,08/02/2026 20:48:36,,1714288,,iOS,Mobile Safari,"Mozilla/5.0 (iPhone; CPU iPhone OS 18_5 like Mac OS X) AppleWebKit/605.1.15 (KHTML, like Gecko) Version/18.5 Mobile/15E148 Safari/604.1",{},URL Event 1 for Study 351373,60a5647a-9714-46f8-be48-9b4333a17eee,{},How would you feel if you could no longer use the Story Recap?,5,,,,,,,,,,,,,,,,,,,,,,,,,student,,u_b7df9903ff84ff4f,,,,,,,thunderhead,,annual_essentials,,,,,Active Subscriber,,0,
351373,PMF: Story Recap,ef6286ba-2bf2-4de0-9d14-69668ebacc13,https://www.supersummary.com/the-things-we-never-say/story-recap/#ai-tools-page-header,08/01/2026 20:47:22,,1712066,,iOS,Mobile Safari,"Mozilla/5.0 (iPhone; CPU iPhone OS 18_7 like Mac OS X) AppleWebKit/605.1.15 (KHTML, like Gecko) Version/26.5.2 Mobile/15E148 Safari/604.1",{},URL Event 1 for Study 351373,11130dd2-71ce-4827-a99d-bb331c97ec5b,{},How would you feel if you could no longer use the Story Recap?,4,"How useful was the Story Recap in helping you recontextualize the story and
remember what happened?",4,,,,,,,,,,,,,,,,,,,,,,,other,,,,,,,,,the-things-we-never-say,,annual_plus,,,,,Active Subscriber,,0,
351373,PMF: Story Recap,85310b8a-1484-4524-8e6d-e946f40986d3,https://www.supersummary.com/the-intruder/story-recap/#ai-tools-page-header,08/01/2026 20:37:51,08/01/2026 20:37:59,1713418,,iOS,Mobile Safari,"Mozilla/5.0 (iPhone; CPU iPhone OS 18_7 like Mac OS X) AppleWebKit/605.1.15 (KHTML, like Gecko) Version/26.5.2 Mobile/15E148 Safari/604.1",{},URL Event 1 for Study 351373,79c745f8-cd2f-4998-9385-4eb9da7d4327,{},How would you feel if you could no longer use the Story Recap?,5,"How useful was the Story Recap in helping you recontextualize the story and
remember what happened?",5,How would you rate the overall quality and level of detail of the Story Recap?,5,,,,,,,,,,,,,,,,,,,,,avid_reader,,u_acdac3174159a601,,,,,,,the-intruder,,annual_plus,,,,,Active Subscriber,,0,
351373,PMF: Story Recap,a132db44-d72c-4e3b-964f-1fd33c4d4ccd,https://www.supersummary.com/the-briar-club/story-recap/#ai-tools-page-header,08/01/2026 19:11:15,,1713349,,iOS,Mobile Safari,"Mozilla/5.0 (iPhone; CPU iPhone OS 18_7 like Mac OS X) AppleWebKit/605.1.15 (KHTML, like Gecko) Version/26.5.2 Mobile/15E148 Safari/604.1",{},URL Event 1 for Study 351373,f8710a58-e0d6-44d8-95bb-cc86bc04bb61,{},How would you feel if you could no longer use the Story Recap?,5,,,,,,,,,,,,,,,,,,,,,,,,,book_club_member,,u_3b494e43a20ae16f,,,,,,,the-briar-club,,annual_plus,,,,,Active Subscriber,,0,
351373,PMF: Story Recap,39ffcf50-1c12-4bbe-805d-b5aebb2a98ce,https://www.supersummary.com/wild-dark-shore/story-recap/#ai-tools-page-header,08/01/2026 16:14:52,,1713205,,Mac OS,Safari,"Mozilla/5.0 (Macintosh; Intel Mac OS X 10_15_7) AppleWebKit/605.1.15 (KHTML, like Gecko) Version/26.5.2 Safari/605.1.15",{},URL Event 1 for Study 351373,a1ec6067-da44-4435-a914-5b88cdc4d30f,{},How would you feel if you could no longer use the Story Recap?,5,,,,,,,,,,,,,,,,,,,,,,,,,book_club_member,,u_4201947ee18fc1cf,,,,,,,wild-dark-shore,,annual_plus,,,,,Active Subscriber,,0,
351373,PMF: Story Recap,f465c09b-b7bb-4e7c-b74f-87bffede3d4d,https://www.supersummary.com/the-calamity-club/story-recap/#ai-tools-page-header,08/01/2026 03:14:18,,1675458,,iOS,Mobile Safari,"Mozilla/5.0 (iPhone; CPU iPhone OS 18_7 like Mac OS X) AppleWebKit/605.1.15 (KHTML, like Gecko) Version/26.5.2 Mobile/15E148 Safari/604.1",{},URL Event 1 for Study 351373,b35d11eb-330e-4e5c-8883-050ed765dd2f,{},How would you feel if you could no longer use the Story Recap?,5,,,,,,,,,,,,,,,,,,,,,,,,,book_club_member,,u_8901deddc70e4d75,,,,,,,the-calamity-club,,annual_plus,annual,,Active Subscriber,,Active Subscriber,2026-06-15T05:37:04.000-07:00,2,
