exit_session_id,id,language,Audiences Names,acceptedOffers,deflectType,ownerFirstName,ownerLastName,ownerFullName,reason,reasonId,bbkReason,bbkReasonId,reasonOther,bbkCategory,bbkCategoryId,returnLikelihood,competitor,competitionOther,email,details,drilldown_modal_feedback,free_text_modal_feedback,has_details,value,company,last_action,startTime,Cancel date,endTime,Save date,age,lastActiveDate,status,validation_status,billing_interval,sub_renewal_date,sub_expired_date,mrr,billing_mrr,billing_price,source,repurchases,repurchases_revenue,repurchases_first_date,winbacks,winbacks_revenue,winbacks_first_date,internal_id,Customer Create Date,Customer Payment Method State,First Purchase Date,Country,Subscription ID,Coupon Codes,Interval Length,Subscription Activation Date,Subscription Currency,Owner Email,Subscription Status,Billing ID,Owner Last Name,Contract Value,Product ID,Subscription Trial Start Date,Subscription Current Period Start,Customer Audience,State,Quantity,Plan ID,Subscription Start Date,Customer Type,Plan Amount,Plan Interval,Product Name,Coupon IDs,Customer Grade Level,Owner First Name,Subscription Next Billing Date,Subscription Product Family ID,Subscription MRR,Subscription Trial End Date,Subscription Current Period End,Subscription Create Date,Subscription Unit Amount,Owner Full Name,Organization Name,Save return URL,Cancel confirmation URL,Legacy Retention Experiment,Page attributed,Subscription Trial Start Date UTC,First Purchase Date UTC,Subscription Trial End Date UTC,Cancel date UTC,Subscription Activation Date UTC,Subscription Create Date UTC,Customer Create Date UTC,Save date UTC,Subscription Start Date UTC,Subscription Next Billing Date UTC
Wg7VExk_9ce21b113eaa6f24,1272856,,Teachers; Annual,,,[name],[name],[name],I couldn’t find content for the book(s) I’m reading,issues_w_product_2058840385,Missing content or not enough content,missing_content_or_not_enough_content,,Product (Digital),product_digital,2,,,u_1cd21119d61d8879,,,,0,36.0,,Canceled,2026-07-31T15:00:00.000Z,2026-07-31T15:01:01.000Z,2026-07-31T15:01:01.000Z,,17.21,2026-07-31T15:01:01.000Z,cancel,Valid Cancel,annual,2027-07-31T14:28:01.000Z,2027-07-31T14:28:01.000Z,3.0,3.0,36.0,Brightback,,,,,,,1272856,2025-07-31T14:27:59.000Z,,2025-07-31T14:28:01.000Z,,h_9b6b7d88c463d054,,1,2025-07-31T14:28:01.000Z,USD,u_1cd21119d61d8879,ACTIVE,h_e1ec0e8c3c8713c7,[name],36.0,annual,,2026-07-31T14:28:01.000Z,teacher,,1,annual,2025-07-31T14:28:01.000Z,_UNKNOWN,3600,YEAR,annual,,High School,[name],2027-07-31T14:28:01.000Z,,300,,2027-07-31T14:28:01.000Z,2025-07-31T14:28:01.000Z,3600,[name],,https://www.supersummary.com/subscription,https://www.supersummary.com/subscription/confirming/cancel,,Teacher Experience [July 2025] [40% one-time / Modal],,07-31-2025,,07-31-2026,07-31-2025,07-31-2025,07-31-2025,,07-31-2025,07-31-2027
Wg7VEpb_95c42f0c0044ffaf,1712364,,Students; fallback,,,[name],[name],[name],I couldn’t find content for the book(s) I’m reading,issues_w_product_2058840385,Missing content or not enough content,missing_content_or_not_enough_content,,Product (Digital),product_digital,9,,,u_7531220b43a3d74e,,,,0,60.0,,Canceled,2026-07-31T14:52:01.000Z,2026-07-31T14:52:49.000Z,2026-07-31T14:52:49.000Z,,17.21,2026-07-31T14:53:20.000Z,cancel,Valid Cancel,annual,2027-07-31T14:47:51.000Z,2027-07-31T14:47:51.000Z,5.0,5.0,60.0,Brightback,,,,,,,1712364,2026-07-31T14:47:50.000Z,,2026-07-31T14:47:51.000Z,,h_7ec12014183a84d9,,1,2026-07-31T14:47:51.000Z,USD,u_7531220b43a3d74e,ACTIVE,h_ac2844925da4ae6f,[name],60.0,annual_plus,,2026-07-31T14:47:51.000Z,student,,1,annual_plus,2026-07-31T14:47:51.000Z,_UNKNOWN,6000,YEAR,annual_plus,,College,[name],2027-07-31T14:47:51.000Z,,500,,2027-07-31T14:47:51.000Z,2026-07-31T14:47:51.000Z,6000,[name],,https://www.supersummary.com/subscription,https://www.supersummary.com/subscription/confirming/cancel,,Student Experience [July 2025] [25% one-time / No Entry Modal],,07-31-2026,,07-31-2026,07-31-2026,07-31-2026,07-31-2026,,07-31-2026,07-31-2027
Wg7V38m_aa3748edf0d9722e,1702713,,Students; fallback,,,[name],[name],[name],I couldn’t find content for the book(s) I’m reading,issues_w_product_2058840385,Missing content or not enough content,missing_content_or_not_enough_content,,Product (Digital),product_digital,1,I will just read the book,,u_83ad57ca2686a547,Give me up to date information,,,1,60.0,,Canceled,2026-07-31T03:08:58.000Z,2026-07-31T03:10:58.000Z,2026-07-31T03:10:58.000Z,,17.7,2026-07-31T03:10:58.000Z,cancel,Valid Cancel,annual,2027-07-21T20:54:42.000Z,2027-07-21T20:54:42.000Z,5.0,5.0,60.0,Brightback,,,,,,,1702713,2026-07-21T20:54:40.000Z,,2026-07-21T20:54:42.000Z,,h_323349d5512ef7fc,,1,2026-07-21T20:54:42.000Z,USD,u_83ad57ca2686a547,ACTIVE,h_bc7420b6786fa24c,[name],60.0,annual_plus,,2026-07-21T20:54:42.000Z,student,,1,annual_plus,2026-07-21T20:54:42.000Z,_UNKNOWN,6000,YEAR,annual_plus,,other,[name],2027-07-21T20:54:42.000Z,,500,,2027-07-21T20:54:42.000Z,2026-07-21T20:54:42.000Z,6000,[name],,https://www.supersummary.com/subscription,https://www.supersummary.com/subscription/confirming/cancel,,Student Experience [July 2025] [25% one-time / No Entry Modal],,07-21-2026,,07-31-2026,07-21-2026,07-21-2026,07-21-2026,,07-21-2026,07-21-2027
Wg7ULAc_ac2f016c992b8d70,AzyzIAVGnfbsQ6Cwy,,Students; fallback,,,[name],[name],,I couldn’t find content for the book(s) I’m reading,issues_w_product_2058840385,Missing content or not enough content,missing_content_or_not_enough_content,,Product (Digital),product_digital,5,,,u_7885477f32b7a944,,,,0,,,Canceled,2026-07-30T21:10:40.000Z,2026-07-30T21:11:10.000Z,2026-07-30T21:11:10.000Z,,17.95,2026-07-30T21:11:10.000Z,cancel,Valid Cancel,annual,2027-04-14T20:43:05.000Z,2027-04-14T20:43:05.000Z,3.0,3.0,36.0,Brightback,,,,,,,AzyzIAVGnfbsQ6Cwy,2026-04-14T20:43:03.000Z,,2026-04-14T20:43:05.000Z,,h_75653ccda6a21c93,,1,2026-04-14T20:43:05.000Z,USD,u_7885477f32b7a944,ACTIVE,h_5470ac9cea034802,[name],,,,2026-04-14T20:43:05.000Z,student,,1,annual_essentials,2026-04-14T20:43:05.000Z,_UNKNOWN,3600,YEAR,,,High School,[name],2027-04-14T20:43:05.000Z,,300,,2027-04-14T20:43:05.000Z,2026-04-14T20:43:05.000Z,3600,,,,,,Student Experience [July 2025] [25% one-time / No Entry Modal],,04-14-2026,,07-30-2026,04-14-2026,04-14-2026,04-14-2026,,04-14-2026,04-14-2027
Wg7UKgD_b0dfac0b828dd759,1517513,,Book Club Members; fallback,,,[name],[name],[name],I couldn’t find content for the book(s) I’m reading,issues_w_product_2058840385,Missing content or not enough content,missing_content_or_not_enough_content,,Product (Digital),product_digital,6,,,u_7dbd5768e3d2bf7b,,,,0,36.0,,Canceled,2026-07-30T20:42:35.000Z,2026-07-30T20:42:59.000Z,2026-07-30T20:42:59.000Z,,17.97,2026-07-30T20:42:59.000Z,cancel,Valid Cancel,annual,2027-02-15T20:24:12.000Z,2027-02-15T20:24:12.000Z,3.0,3.0,36.0,Brightback,,,,,,,1517513,2026-02-15T20:24:11.000Z,,2026-02-15T20:24:12.000Z,,h_053bb70342c5f0d4,,1,2026-02-15T20:24:12.000Z,USD,u_7dbd5768e3d2bf7b,ACTIVE,h_d0e3308c6b4b0523,[name],36.0,annual_essentials,,2026-02-15T20:24:12.000Z,book_club_member,,1,annual_essentials,2026-02-15T20:24:12.000Z,_UNKNOWN,3600,YEAR,annual_essentials,,,[name],2027-02-15T20:24:12.000Z,,300,,2027-02-15T20:24:12.000Z,2026-02-15T20:24:12.000Z,3600,[name],,https://www.supersummary.com/subscription,https://www.supersummary.com/subscription/confirming/cancel,,BCM Experience [July 2025] [25% one-time / No Entry Modal],,02-15-2026,,07-30-2026,02-15-2026,02-15-2026,02-15-2026,,02-15-2026,02-15-2027
Wg7UHkm_9e9216b1b8a5ba80,Azys1vVQrnzBW1gFQ,,Teachers; fallback,,,[name],[name],,I couldn’t find content for the book(s) I’m reading,issues_w_product_2058840385,Missing content or not enough content,missing_content_or_not_enough_content,,Product (Digital),product_digital,3,N/A,,u_732e02b5271f951d,Add a larger selection of books for younger readers. I teach 4th grade but didn't find many age appropriate books.,,,1,,,Canceled,2026-07-30T17:46:53.000Z,2026-07-30T17:49:02.000Z,2026-07-30T17:49:02.000Z,,18.09,2026-07-30T17:49:02.000Z,cancel,Valid Cancel,monthly,2026-08-30T14:30:15.000Z,2026-08-30T14:30:15.000Z,9.95,9.95,9.95,Brightback,,,,,,,Azys1vVQrnzBW1gFQ,2026-07-30T14:30:14.000Z,,2026-07-30T14:30:15.000Z,,h_e05fdbbb837c46b2,,1,2026-07-30T14:30:15.000Z,USD,u_732e02b5271f951d,ACTIVE,h_b4a0ae7968e6c432,[name],,,,2026-07-30T14:30:15.000Z,teacher,,1,monthly_essentials,2026-07-30T14:30:15.000Z,_UNKNOWN,995,MONTH,,,other,[name],2026-08-30T14:30:15.000Z,,995,,2026-08-30T14:30:15.000Z,2026-07-30T14:30:15.000Z,995,,,,,,Teacher Experience [July 2025] [40% one-time / Modal],,07-30-2026,,07-30-2026,07-30-2026,07-30-2026,07-30-2026,,07-30-2026,08-30-2026
Wg7UBVw_a6954dcf0a63dbc0,1687138,,Students; fallback,,,[name],[name],[name],I couldn’t find content for the book(s) I’m reading,issues_w_product_2058840385,Missing content or not enough content,missing_content_or_not_enough_content,,Product (Digital),product_digital,4,,,u_7dd647fd09f9f22d,,,,0,9.95,,Canceled,2026-07-30T11:32:03.000Z,2026-07-30T11:32:27.000Z,2026-07-30T11:32:28.000Z,,18.35,2026-07-30T11:32:28.000Z,cancel,Valid Cancel,monthly,2026-08-30T09:10:20.000Z,2026-08-30T09:10:20.000Z,9.95,9.95,9.95,Brightback,,,,,,,1687138,2026-06-30T09:10:18.000Z,,2026-06-30T09:10:20.000Z,,h_cc7598841880ee4f,,1,2026-06-30T09:10:20.000Z,USD,u_7dd647fd09f9f22d,ACTIVE,h_1d10098c3d3358c8,[name],9.95,monthly_essentials,,2026-07-30T09:10:20.000Z,student,,1,monthly_essentials,2026-06-30T09:10:20.000Z,_UNKNOWN,995,MONTH,monthly_essentials,,College,[name],2026-08-30T09:10:20.000Z,,995,,2026-08-30T09:10:20.000Z,2026-06-30T09:10:20.000Z,995,[name],,https://www.supersummary.com/subscription,https://www.supersummary.com/subscription/confirming/cancel,,Student Experience [July 2025] [25% one-time / No Entry Modal],,06-30-2026,,07-30-2026,06-30-2026,06-30-2026,06-30-2026,,06-30-2026,08-30-2026
Wg7TMa4_a07c53f08c67faa1,1699167,,Book Club Members; fallback,,,[name],[name],[name],I couldn’t find content for the book(s) I’m reading,issues_w_product_2058840385,Missing content or not enough content,missing_content_or_not_enough_content,,Product (Digital),product_digital,5,nothing,,u_d54bfdba771f4daa,,,,0,36.0,,Canceled,2026-07-29T22:36:15.000Z,2026-07-29T22:37:01.000Z,2026-07-29T22:37:01.000Z,,18.89,2026-07-29T22:37:01.000Z,cancel,Valid Cancel,annual,2027-07-17T07:43:30.000Z,2027-07-17T07:43:30.000Z,3.0,3.0,36.0,Brightback,,,,,,,1699167,2026-07-17T07:43:28.000Z,,2026-07-17T07:43:30.000Z,,h_9fcae38e31e1b369,,1,2026-07-17T07:43:30.000Z,USD,u_d54bfdba771f4daa,ACTIVE,h_60a3927e425699ac,[name],36.0,annual_essentials,,2026-07-17T07:43:30.000Z,book_club_member,,1,annual_essentials,2026-07-17T07:43:30.000Z,_UNKNOWN,3600,YEAR,annual_essentials,,,[name],2027-07-17T07:43:30.000Z,,300,,2027-07-17T07:43:30.000Z,2026-07-17T07:43:30.000Z,3600,[name],,https://www.supersummary.com/subscription,https://www.supersummary.com/subscription/confirming/cancel,,BCM Experience [July 2025] [25% one-time / No Entry Modal],,07-17-2026,,07-29-2026,07-17-2026,07-17-2026,07-17-2026,,07-17-2026,07-17-2027
Wg7T6rA_9afbf8ee6eb16c45,AzZLeFVQCucha1evo,,Teachers; fallback,,,[name],[name],,I couldn’t find content for the book(s) I’m reading,issues_w_product_2058840385,Missing content or not enough content,missing_content_or_not_enough_content,,Product (Digital),product_digital,10,,,u_72efea270a51d45b,,,,0,,,Canceled,2026-07-29T06:53:13.000Z,2026-07-29T06:53:33.000Z,2026-07-29T06:53:33.000Z,,19.54,2026-07-29T06:53:33.000Z,cancel,Valid Cancel,annual,2027-07-23T14:39:27.000Z,2027-07-23T14:39:27.000Z,5.0,5.0,60.0,Brightback,,,,,,,AzZLeFVQCucha1evo,2026-07-23T14:39:24.000Z,,2026-07-23T14:39:27.000Z,,h_d586f584ff0e647f,,1,2026-07-23T14:39:27.000Z,USD,u_72efea270a51d45b,ACTIVE,h_75c882b4ad365aa2,[name],,,,2026-07-23T14:39:27.000Z,teacher,,1,annual_plus,2026-07-23T14:39:27.000Z,_UNKNOWN,6000,YEAR,,,Middle School,[name],2027-07-23T14:39:27.000Z,,500,,2027-07-23T14:39:27.000Z,2026-07-23T14:39:27.000Z,6000,,,,,,Teacher Experience [July 2025] [40% one-time / Modal],,07-23-2026,,07-29-2026,07-23-2026,07-23-2026,07-23-2026,,07-23-2026,07-23-2027
Wg7T0iw_853e5e229bcd2489,16Bjl5VQ9vj0KyF,,fallback,,,[name],[name],,I couldn’t find content for the book(s) I’m reading,issues_w_product_2058840385,Missing content or not enough content,missing_content_or_not_enough_content,,Product (Digital),product_digital,7,,,u_a4e20cd2e6c41786,,,,0,,,Canceled,2026-07-29T00:45:08.000Z,2026-07-29T00:45:53.000Z,2026-07-29T00:45:53.000Z,,19.8,2026-07-29T00:45:53.000Z,cancel,Valid Cancel,annual,2027-07-23T02:25:01.000Z,2027-07-23T02:25:01.000Z,3.0,3.0,36.0,Brightback,,,,,,,16Bjl5VQ9vj0KyF,2026-07-23T02:24:59.000Z,,2026-07-23T02:25:01.000Z,,h_0229734af31ab1f6,,1,2026-07-23T02:25:01.000Z,USD,u_a4e20cd2e6c41786,ACTIVE,h_004ae32d52d7722c,[name],,,,2026-07-23T02:25:01.000Z,other,,1,annual_essentials,2026-07-23T02:25:01.000Z,_UNKNOWN,3600,YEAR,,,,[name],2027-07-23T02:25:01.000Z,,300,,2027-07-23T02:25:01.000Z,2026-07-23T02:25:01.000Z,3600,,,,,,Default/Fallback [July 2025] [25% one time / No entry modal],,07-23-2026,,07-29-2026,07-23-2026,07-23-2026,07-23-2026,,07-23-2026,07-23-2027
Wg7SMNQ_b89dbc5ebb30383c,1707917,,Teachers; fallback,,,[name],[name],[name],I couldn’t find content for the book(s) I’m reading,issues_w_product_2058840385,Missing content or not enough content,missing_content_or_not_enough_content,,Product (Digital),product_digital,6,Unsure,,u_c256f2851f3fb6ef,Making it a true 7 day free trial as opposed to a refund within 7 days.,,,1,60.0,,Canceled,2026-07-28T22:23:35.000Z,2026-07-28T22:25:29.000Z,2026-07-28T22:25:30.000Z,,19.9,2026-07-28T22:25:30.000Z,cancel,Valid Cancel,annual,2027-07-27T03:35:24.000Z,2027-07-27T03:35:24.000Z,5.0,5.0,60.0,Brightback,,,,,,,1707917,2026-07-27T03:35:21.000Z,,2026-07-27T03:35:24.000Z,,h_dcea874f0487f0e0,,1,2026-07-27T03:35:24.000Z,USD,u_c256f2851f3fb6ef,ACTIVE,h_e68a47e8405a5806,[name],60.0,annual_plus,,2026-07-27T03:35:24.000Z,teacher,,1,annual_plus,2026-07-27T03:35:24.000Z,_UNKNOWN,6000,YEAR,annual_plus,,Middle School,[name],2027-07-27T03:35:24.000Z,,500,,2027-07-27T03:35:24.000Z,2026-07-27T03:35:24.000Z,6000,[name],,https://www.supersummary.com/subscription,https://www.supersummary.com/subscription/confirming/cancel,,Teacher Experience [July 2025] [40% one-time / Modal],,07-27-2026,,07-28-2026,07-27-2026,07-27-2026,07-27-2026,,07-27-2026,07-27-2027
Wg7S9fE_a3da8c063ed171ed,AzZalFVNpW8kk5DJQ,,Book Club Members; fallback,,,[name],[name],,I couldn’t find content for the book(s) I’m reading,issues_w_product_2058840385,Missing content or not enough content,missing_content_or_not_enough_content,,Product (Digital),product_digital,5,,,u_cb929ab06eb2a08f,,,,0,,,Canceled,2026-07-28T09:41:16.000Z,2026-07-28T09:41:31.000Z,2026-07-28T09:41:31.000Z,,20.43,2026-07-28T09:41:31.000Z,cancel,Valid Cancel,monthly,2026-08-28T09:40:11.000Z,2026-08-28T09:40:11.000Z,9.95,9.95,9.95,Brightback,,,,,,,AzZalFVNpW8kk5DJQ,2026-06-28T09:40:09.000Z,,2026-06-28T09:40:11.000Z,,h_90e1a005c5f7e8fb,,1,2026-06-28T09:40:11.000Z,USD,u_cb929ab06eb2a08f,ACTIVE,h_3ab49354042c8466,[name],,,,2026-07-28T09:40:11.000Z,book_club_member,,1,monthly_essentials,2026-06-28T09:40:11.000Z,_UNKNOWN,995,MONTH,,,,[name],2026-08-28T09:40:11.000Z,,995,,2026-08-28T09:40:11.000Z,2026-06-28T09:40:11.000Z,995,,,,,,BCM Experience [July 2025] [25% one-time / No Entry Modal],,06-28-2026,,07-28-2026,06-28-2026,06-28-2026,06-28-2026,,06-28-2026,08-28-2026
Wg7S2Zh_a4fce2dc960e59e9,16BSyEVQcjcZ04a8F,,fallback,,,[name],[name],,I couldn’t find content for the book(s) I’m reading,issues_w_product_2058840385,Missing content or not enough content,missing_content_or_not_enough_content,,Product (Digital),product_digital,6,,,u_e614139bcbfa07f1,,,,0,,,Canceled,2026-07-28T02:35:50.000Z,2026-07-28T02:36:13.000Z,2026-07-28T02:36:14.000Z,,20.72,2026-07-28T02:36:14.000Z,cancel,Valid Cancel,monthly,2026-08-28T00:38:50.000Z,2026-08-28T00:38:50.000Z,16.65,16.65,16.65,Brightback,,,,,,,16BSyEVQcjcZ04a8F,2026-07-28T00:38:47.000Z,,2026-07-28T00:38:50.000Z,,h_6e0d7dd5ddb742ab,,1,2026-07-28T00:38:50.000Z,USD,u_e614139bcbfa07f1,ACTIVE,h_66893cea30ac8822,[name],,,,2026-07-28T00:38:50.000Z,other,,1,monthly_plus,2026-07-28T00:38:50.000Z,_UNKNOWN,1665,MONTH,,,,[name],2026-08-28T00:38:50.000Z,,1665,,2026-08-28T00:38:50.000Z,2026-07-28T00:38:50.000Z,1665,,,,,,Default/Fallback [July 2025] [25% one time / No entry modal],,07-28-2026,,07-28-2026,07-28-2026,07-28-2026,07-28-2026,,07-28-2026,08-28-2026
Wg7RLHa_b41f74fa5c3ac92e,1708598,,Book Club Members; fallback,,,[name],[name],[name],I couldn’t find content for the book(s) I’m reading,issues_w_product_2058840385,Missing content or not enough content,missing_content_or_not_enough_content,,Product (Digital),product_digital,1,,,u_44a0a6267d34ce1e,,,,0,36.0,,Canceled,2026-07-27T21:17:42.000Z,2026-07-27T21:18:17.000Z,2026-07-27T21:18:17.000Z,,20.94,2026-07-27T21:18:17.000Z,cancel,Valid Cancel,annual,2027-07-27T20:54:30.000Z,2027-07-27T20:54:30.000Z,3.0,3.0,36.0,Brightback,,,,,,,1708598,2026-07-27T20:54:29.000Z,,2026-07-27T20:54:30.000Z,,h_6f8690e99fd885a0,,1,2026-07-27T20:54:30.000Z,USD,u_44a0a6267d34ce1e,ACTIVE,h_f6645f1fea1e8f8b,[name],36.0,annual_essentials,,2026-07-27T20:54:30.000Z,book_club_member,,1,annual_essentials,2026-07-27T20:54:30.000Z,_UNKNOWN,3600,YEAR,annual_essentials,,,[name],2027-07-27T20:54:30.000Z,,300,,2027-07-27T20:54:30.000Z,2026-07-27T20:54:30.000Z,3600,[name],,https://www.supersummary.com/subscription,https://www.supersummary.com/subscription/confirming/cancel,,BCM Experience [July 2025] [25% one-time / No Entry Modal],,07-27-2026,,07-27-2026,07-27-2026,07-27-2026,07-27-2026,,07-27-2026,07-27-2027
Wg7RHgM_827f9ae1f156965d,419964,,Students; fallback,,,[name],[name],[name],I couldn’t find content for the book(s) I’m reading,issues_w_product_2058840385,Missing content or not enough content,missing_content_or_not_enough_content,,Product (Digital),product_digital,8,,,u_2c1fa25ed8bb4069,,,,0,60.0,,Canceled,2026-07-27T17:42:31.000Z,2026-07-27T17:43:00.000Z,2026-07-27T17:43:00.000Z,,21.09,2026-07-27T17:43:00.000Z,cancel,Valid Cancel,annual,2027-07-27T13:36:31.000Z,2027-07-27T13:36:31.000Z,5.0,5.0,60.0,Brightback,,,,,,,419964,2023-09-24T20:49:55.000Z,,2026-07-27T13:36:31.000Z,,h_99d8da44fea21c3d,,1,2026-07-27T13:36:31.000Z,USD,u_2c1fa25ed8bb4069,ACTIVE,h_9896640253ab8c76,[name],60.0,annual_plus,,2026-07-27T13:36:31.000Z,student,,1,annual_plus,2026-07-27T13:36:31.000Z,_UNKNOWN,6000,YEAR,annual_plus,,High School,[name],2027-07-27T13:36:31.000Z,,500,,2027-07-27T13:36:31.000Z,2026-07-27T13:36:31.000Z,6000,[name],,https://www.supersummary.com/subscription,https://www.supersummary.com/subscription/confirming/cancel,,Student Experience [July 2025] [25% one-time / No Entry Modal],,07-27-2026,,07-27-2026,07-27-2026,07-27-2026,09-24-2023,,07-27-2026,07-27-2027
Wg7RFvO_b848baa2a0088702,1268007,,Book Club Members; Monthly,,,[name],[name],[name],I couldn’t find content for the book(s) I’m reading,issues_w_product_2058840385,Missing content or not enough content,missing_content_or_not_enough_content,,Product (Digital),product_digital,5,,,u_7384501b820f9347,,,,0,9.95,,Canceled,2026-07-27T15:57:30.000Z,2026-07-27T15:57:50.000Z,2026-07-27T15:57:50.000Z,,21.17,2026-07-27T15:58:15.000Z,cancel,Valid Cancel,monthly,2026-07-28T15:02:39.000Z,2026-07-28T15:02:39.000Z,9.95,9.95,9.95,Brightback,,,,,,,1268007,2025-08-28T15:02:35.000Z,,2025-08-28T15:02:39.000Z,,h_784043ed5aba7555,,1,2025-08-28T15:02:39.000Z,USD,u_7384501b820f9347,ACTIVE,h_716a96a0708aacb3,[name],9.95,monthly,,2026-06-28T15:02:39.000Z,book_club_member,,1,monthly,2025-08-28T15:02:39.000Z,_UNKNOWN,995,MONTH,monthly,,,[name],2026-07-28T15:02:39.000Z,,995,,2026-07-28T15:02:39.000Z,2025-08-28T15:02:39.000Z,995,[name],,https://www.supersummary.com/subscription,https://www.supersummary.com/subscription/confirming/cancel,,BCM Experience [July 2025] [25% forever / No Entry Modal],,08-28-2025,,07-27-2026,08-28-2025,08-28-2025,08-28-2025,,08-28-2025,07-28-2026
Wg7R405_82569a81d65247a4,16CFpIVPaILBr2cEP,,Parents; fallback,,,[name],[name],,I couldn’t find content for the book(s) I’m reading,issues_w_product_2058840385,Missing content or not enough content,missing_content_or_not_enough_content,,Product (Digital),product_digital,7,,,u_11bea1c04f5e78d3,,,,0,,,Canceled,2026-07-27T04:00:11.000Z,2026-07-27T04:01:34.000Z,2026-07-27T04:01:34.000Z,,21.66,2026-07-27T04:01:34.000Z,cancel,Valid Cancel,annual,2027-07-17T00:09:03.000Z,2027-07-17T00:09:03.000Z,5.0,5.0,60.0,Brightback,,,,,,,16CFpIVPaILBr2cEP,2026-07-17T00:09:00.000Z,,2026-07-17T00:09:03.000Z,,h_1d72ce841911812b,,1,2026-07-17T00:09:03.000Z,USD,u_11bea1c04f5e78d3,ACTIVE,h_9358bb8361677355,[name],,,,2026-07-17T00:09:03.000Z,parent_of_student,,1,annual_plus,2026-07-17T00:09:03.000Z,_UNKNOWN,6000,YEAR,,,other,[name],2027-07-17T00:09:03.000Z,,500,,2027-07-17T00:09:03.000Z,2026-07-17T00:09:03.000Z,6000,,,,,,Parent Experience [July 2025] [25% one-time / No Entry Modal],,07-17-2026,,07-27-2026,07-17-2026,07-17-2026,07-17-2026,,07-17-2026,07-17-2027
Wg7OMKQ_bc0c4199525c4736,1705867,,fallback,,,[name],[name],[name],I couldn’t find content for the book(s) I’m reading,issues_w_product_2058840385,Missing content or not enough content,missing_content_or_not_enough_content,,Product (Digital),product_digital,4,"Audible, because you didn't have the book I need to read for book club, The Disappeared by Rebecca J. Sanford ",,u_3ead4cfea33eb4d1,More book options. ,,,1,60.0,,Canceled,2026-07-24T22:20:28.000Z,2026-07-24T22:21:41.000Z,2026-07-24T22:21:41.000Z,,23.9,2026-07-24T22:21:41.000Z,cancel,Valid Cancel,annual,2027-07-24T20:02:03.000Z,2027-07-24T20:02:03.000Z,3.75,3.75,60.0,Brightback,,,,,,,1705867,2026-07-24T20:02:00.000Z,,2026-07-24T20:02:03.000Z,,h_d47244798957c9d3,,1,2026-07-24T20:02:03.000Z,USD,u_3ead4cfea33eb4d1,ACTIVE,h_6a3da78ff0634711,[name],60.0,annual_plus,,2026-07-24T20:02:03.000Z,other,,1,annual_plus,2026-07-24T20:02:03.000Z,_UNKNOWN,6000,YEAR,annual_plus,nmTKUhkQCvq,,[name],2027-07-24T20:02:03.000Z,,375,,2027-07-24T20:02:03.000Z,2026-07-24T20:02:03.000Z,6000,[name],,https://www.supersummary.com/subscription,https://www.supersummary.com/subscription/confirming/cancel,,Default/Fallback [July 2025] [25% one time / No entry modal],,07-24-2026,,07-24-2026,07-24-2026,07-24-2026,07-24-2026,,07-24-2026,07-24-2027
Wg7OKqF_a071ec2710961bc3,1679933,,Students; fallback,,,[name],[name],[name],I couldn’t find content for the book(s) I’m reading,issues_w_product_2058840385,Missing content or not enough content,missing_content_or_not_enough_content,,Product (Digital),product_digital,6,nothing,,u_74b4444560cae680,,,,0,60.0,,Canceled,2026-07-24T20:52:23.000Z,2026-07-24T20:52:58.000Z,2026-07-24T20:52:59.000Z,,23.96,2026-07-24T20:52:59.000Z,cancel,Valid Cancel,annual,2027-06-20T16:05:43.000Z,2027-06-20T16:05:43.000Z,5.0,5.0,60.0,Brightback,,,,,,,1679933,2026-06-20T16:05:25.000Z,,2026-06-20T16:05:43.000Z,,h_e7ee4aeceaf3a029,,1,2026-06-20T16:05:43.000Z,USD,u_74b4444560cae680,ACTIVE,h_a9cbc7a4494b4e3a,[name],60.0,annual_plus,,2026-06-20T16:05:43.000Z,student,,1,annual_plus,2026-06-20T16:05:43.000Z,_UNKNOWN,6000,YEAR,annual_plus,,Postgrad Program,[name],2027-06-20T16:05:43.000Z,,500,,2027-06-20T16:05:43.000Z,2026-06-20T16:05:43.000Z,6000,[name],,https://www.supersummary.com/subscription,https://www.supersummary.com/subscription/confirming/cancel,,Student Experience [July 2025] [25% one-time / No Entry Modal],,06-20-2026,,07-24-2026,06-20-2026,06-20-2026,06-20-2026,,06-20-2026,06-20-2027
Wg7OFPj_8f1a608c626b68c0,AzqeDvVQIw6eA1eg5,,Book Club Members; fallback,,,[name],[name],,I couldn’t find content for the book(s) I’m reading,issues_w_product_2058840385,Missing content or not enough content,missing_content_or_not_enough_content,,Product (Digital),product_digital,5,not sure ,,u_63887af30642f31d,having book i needed ,,,1,,,Canceled,2026-07-24T15:25:50.000Z,2026-07-24T15:26:34.000Z,2026-07-24T15:26:34.000Z,,24.19,2026-07-24T15:26:34.000Z,cancel,Valid Cancel,monthly,2026-08-24T15:22:59.000Z,2026-08-24T15:22:59.000Z,16.65,16.65,16.65,Brightback,,,,,,,AzqeDvVQIw6eA1eg5,2026-07-24T15:22:56.000Z,,2026-07-24T15:22:59.000Z,,h_d2e0e913bbbfbe80,,1,2026-07-24T15:22:59.000Z,USD,u_63887af30642f31d,ACTIVE,h_6c9a0467234c8685,[name],,,,2026-07-24T15:22:59.000Z,book_club_member,,1,monthly_plus,2026-07-24T15:22:59.000Z,_UNKNOWN,1665,MONTH,,,,[name],2026-08-24T15:22:59.000Z,,1665,,2026-08-24T15:22:59.000Z,2026-07-24T15:22:59.000Z,1665,,,,,,BCM Experience [July 2025] [25% one-time / No Entry Modal],,07-24-2026,,07-24-2026,07-24-2026,07-24-2026,07-24-2026,,07-24-2026,08-24-2026
Wg7NNoi_be03bc257cab2bf2,16CYh4V945mwl34El,,fallback,,,[name],[name],,I couldn’t find content for the book(s) I’m reading,issues_w_product_2058840385,Missing content or not enough content,missing_content_or_not_enough_content,,Product (Digital),product_digital,1,,,u_1873911d3a88e596,,,,0,,,Canceled,2026-07-23T23:50:51.000Z,2026-07-23T23:51:38.000Z,2026-07-23T23:51:38.000Z,,24.84,2026-07-23T23:51:38.000Z,cancel,Valid Cancel,annual,2027-01-22T20:16:23.000Z,2027-01-22T20:16:23.000Z,3.0,3.0,36.0,Brightback,,,,,,,16CYh4V945mwl34El,2026-01-22T20:16:21.000Z,,2026-01-22T20:16:23.000Z,,h_2bdb29850302db4b,,1,2026-01-22T20:16:23.000Z,USD,u_1873911d3a88e596,ACTIVE,h_386cb1816f3c2f76,[name],,,,2026-01-22T20:16:23.000Z,other,,1,annual_essentials,2026-01-22T20:16:23.000Z,_UNKNOWN,3600,YEAR,,,,[name],2027-01-22T20:16:23.000Z,,300,,2027-01-22T20:16:23.000Z,2026-01-22T20:16:23.000Z,3600,,,,,,Default/Fallback [July 2025] [25% one time / No entry modal],,01-22-2026,,07-23-2026,01-22-2026,01-22-2026,01-22-2026,,01-22-2026,01-22-2027
Wg7NHsG_9b4c4d2fb1c9b2dd,1411353,,Students; fallback,,,[name],[name],[name],I couldn’t find content for the book(s) I’m reading,issues_w_product_2058840385,Missing content or not enough content,missing_content_or_not_enough_content,,Product (Digital),product_digital,7,,,u_8613af47735282de,,,,0,16.65,,Canceled,2026-07-23T17:54:21.000Z,2026-07-23T17:54:48.000Z,2026-07-23T17:54:48.000Z,,25.09,2026-07-23T17:54:48.000Z,cancel,Valid Cancel,monthly,2026-08-23T17:50:50.000Z,2026-08-23T17:50:50.000Z,16.65,16.65,16.65,Brightback,,,,,,,1411353,2025-11-21T18:25:25.000Z,,2026-07-23T17:50:50.000Z,,h_bd2fa61487511fd6,,1,2026-07-23T17:50:50.000Z,USD,u_8613af47735282de,ACTIVE,h_49d20bc00e804fe7,[name],16.65,monthly_plus,,2026-07-23T17:50:50.000Z,student,,1,monthly_plus,2026-07-23T17:50:50.000Z,_UNKNOWN,1665,MONTH,monthly_plus,,Postgrad Program,[name],2026-08-23T17:50:50.000Z,,1665,,2026-08-23T17:50:50.000Z,2026-07-23T17:50:50.000Z,1665,[name],,https://www.supersummary.com/subscription,https://www.supersummary.com/subscription/confirming/cancel,,Student Experience [July 2025] [25% one-time / No Entry Modal],,07-23-2026,,07-23-2026,07-23-2026,07-23-2026,11-21-2025,,07-23-2026,08-23-2026
Wg7N99n_a659d97438b1fe02,169t4BVHY2jVk2b8g,,fallback,,,[name],[name],,I couldn’t find content for the book(s) I’m reading,issues_w_product_2058840385,Missing content or not enough content,missing_content_or_not_enough_content,,Product (Digital),product_digital,1,,,u_d8bc80755603710b,,,,0,,,Canceled,2026-07-23T09:09:50.000Z,2026-07-23T09:10:08.000Z,2026-07-23T09:10:08.000Z,,25.45,2026-07-23T09:10:08.000Z,cancel,Valid Cancel,monthly,2026-08-22T19:03:28.000Z,2026-08-22T19:03:28.000Z,9.95,9.95,9.95,Brightback,,,,1,9.95,2026-07-31T19:03:29.000Z,169t4BVHY2jVk2b8g,2026-04-22T19:03:25.000Z,,2026-04-22T19:03:28.000Z,,h_a5daeb8b57e8da63,,1,2026-04-22T19:03:28.000Z,USD,u_d8bc80755603710b,ACTIVE,h_03f8f0de5a312bd8,[name],,,,2026-07-22T19:03:28.000Z,other,,1,monthly_essentials,2026-04-22T19:03:28.000Z,_UNKNOWN,995,MONTH,,,,[name],2026-08-22T19:03:28.000Z,,995,,2026-08-22T19:03:28.000Z,2026-04-22T19:03:28.000Z,995,,,,,,Default/Fallback [July 2025] [25% one time / No entry modal],,04-22-2026,,07-23-2026,04-22-2026,04-22-2026,04-22-2026,,04-22-2026,08-22-2026
Wg7N3ng_bb85ce092cfd5f1b,1698776,,Students; fallback,,,[name],[name],[name],I couldn’t find content for the book(s) I’m reading,issues_w_product_2058840385,Missing content or not enough content,missing_content_or_not_enough_content,,Product (Digital),product_digital,5,,,u_2a8641dac5d591d8,,,,0,60.0,,Canceled,2026-07-23T03:50:03.000Z,2026-07-23T03:50:36.000Z,2026-07-23T03:50:36.000Z,,25.67,2026-07-23T03:50:36.000Z,cancel,Valid Cancel,annual,2027-07-16T18:46:04.000Z,2027-07-16T18:46:04.000Z,5.0,5.0,60.0,Brightback,,,,,,,1698776,2026-07-16T18:46:02.000Z,,2026-07-16T18:46:04.000Z,,h_233d7eb8856b4e93,,1,2026-07-16T18:46:04.000Z,USD,u_2a8641dac5d591d8,ACTIVE,h_ca8c68579c1016dd,[name],60.0,annual_plus,,2026-07-16T18:46:04.000Z,student,,1,annual_plus,2026-07-16T18:46:04.000Z,_UNKNOWN,6000,YEAR,annual_plus,,College,[name],2027-07-16T18:46:04.000Z,,500,,2027-07-16T18:46:04.000Z,2026-07-16T18:46:04.000Z,6000,[name],,https://www.supersummary.com/subscription,https://www.supersummary.com/subscription/confirming/cancel,,Student Experience [July 2025] [25% one-time / No Entry Modal],,07-16-2026,,07-23-2026,07-16-2026,07-16-2026,07-16-2026,,07-16-2026,07-16-2027
Wg7MGMR_a9a8b5fb590bf402,169xbEUgHQZLABkq4,,fallback,,,[name],[name],,I couldn’t find content for the book(s) I’m reading,issues_w_product_2058840385,Missing content or not enough content,missing_content_or_not_enough_content,,Product (Digital),product_digital,2,,,u_48d3e1ca70d2a3c5,,,,0,,,Canceled,2026-07-22T16:22:32.000Z,2026-07-22T16:23:14.000Z,2026-07-22T16:23:14.000Z,,26.15,2026-07-22T16:23:14.000Z,cancel,Valid Cancel,annual,2027-03-23T15:02:56.000Z,2027-03-23T15:02:56.000Z,3.0,3.0,36.0,Brightback,,,,,,,169xbEUgHQZLABkq4,2025-03-23T15:02:54.000Z,,2025-03-23T15:02:56.000Z,,h_6d2496571fa67616,,1,2025-03-23T15:02:56.000Z,USD,u_48d3e1ca70d2a3c5,ACTIVE,h_6c591f82e9bcbe66,[name],,,,2026-03-23T15:02:56.000Z,other,,1,annual,2025-03-23T15:02:56.000Z,_UNKNOWN,3600,YEAR,,,,[name],2027-03-23T15:02:56.000Z,,300,,2027-03-23T15:02:56.000Z,2025-03-23T15:02:56.000Z,3600,,,,,,Default/Fallback [July 2025] [25% one time / No entry modal],,03-23-2025,,07-22-2026,03-23-2025,03-23-2025,03-23-2025,,03-23-2025,03-23-2027
Wg7MGcU_b75b30aa7708693f,1703699,,Teachers; fallback,,,[name],[name],[name],I couldn’t find content for the book(s) I’m reading,issues_w_product_2058840385,Missing content or not enough content,missing_content_or_not_enough_content,,Product (Digital),product_digital,7,,,u_752ed565be3d439d,,,,0,60.0,,Canceled,2026-07-22T16:38:37.000Z,2026-07-22T16:38:55.000Z,2026-07-22T16:38:55.000Z,,26.14,2026-07-22T16:38:55.000Z,cancel,Valid Cancel,annual,2027-07-22T16:34:07.000Z,2027-07-22T16:34:07.000Z,3.0,3.0,60.0,Brightback,,,,,,,1703699,2026-07-22T16:34:06.000Z,,2026-07-22T16:34:07.000Z,,h_13785de67a73c067,,1,2026-07-22T16:34:07.000Z,USD,u_752ed565be3d439d,ACTIVE,h_1992d76a399c9844,[name],60.0,annual_plus,,2026-07-22T16:34:07.000Z,teacher,,1,annual_plus,2026-07-22T16:34:07.000Z,_UNKNOWN,6000,YEAR,annual_plus,7ldb9lCl3Zq,College,[name],2027-07-22T16:34:07.000Z,,300,,2027-07-22T16:34:07.000Z,2026-07-22T16:34:07.000Z,6000,[name],,https://www.supersummary.com/subscription,https://www.supersummary.com/subscription/confirming/cancel,,Teacher Experience [July 2025] [40% one-time / Modal],,07-22-2026,,07-22-2026,07-22-2026,07-22-2026,07-22-2026,,07-22-2026,07-22-2027
Wg7MCx1_bb0170ea18cf5961,16BgJUVBQsEbICMS0,,fallback,,,[name],[name],,I couldn’t find content for the book(s) I’m reading,issues_w_product_2058840385,Missing content or not enough content,missing_content_or_not_enough_content,,Product (Digital),product_digital,5,,,u_9fbdceaca5be8e69,,,,0,,,Canceled,2026-07-22T12:59:06.000Z,2026-07-22T12:59:31.000Z,2026-07-22T12:59:31.000Z,,26.29,2026-07-22T12:59:31.000Z,cancel,Valid Cancel,monthly,2026-08-16T22:44:34.000Z,2026-08-16T22:44:34.000Z,9.95,9.95,9.95,Brightback,,,,,,,16BgJUVBQsEbICMS0,2022-12-09T01:47:34.000Z,,2026-02-16T22:44:34.000Z,,h_e2d9ec00e0319795,,1,2026-02-16T22:44:34.000Z,USD,u_9fbdceaca5be8e69,ACTIVE,h_989ac768e76e7e1f,[name],,,,2026-07-16T22:44:34.000Z,other,,1,monthly_essentials,2026-02-16T22:44:34.000Z,_UNKNOWN,995,MONTH,,,,[name],2026-08-16T22:44:34.000Z,,995,,2026-08-16T22:44:34.000Z,2026-02-16T22:44:34.000Z,995,,,,,,Default/Fallback [July 2025] [25% one time / No entry modal],,02-16-2026,,07-22-2026,02-16-2026,02-16-2026,12-09-2022,,02-16-2026,08-16-2026
Wg7MA90_824e89fc949825bf,1700522,,Book Club Members; fallback,,,[name],[name],[name],I couldn’t find content for the book(s) I’m reading,issues_w_product_2058840385,Missing content or not enough content,missing_content_or_not_enough_content,,Product (Digital),product_digital,3,,,u_4f1ec7d842b7145a,,,,0,9.95,,Canceled,2026-07-22T10:09:05.000Z,2026-07-22T10:09:26.000Z,2026-07-22T10:09:26.000Z,,26.41,2026-07-22T10:10:04.000Z,cancel,Valid Cancel,monthly,2026-08-19T10:38:52.000Z,2026-08-19T10:38:52.000Z,9.95,9.95,9.95,Brightback,,,,,,,1700522,2026-07-19T10:38:49.000Z,,2026-07-19T10:38:52.000Z,,h_552b567afa888533,,1,2026-07-19T10:38:52.000Z,USD,u_4f1ec7d842b7145a,ACTIVE,h_8536a0e714c61ff4,[name],9.95,monthly_essentials,,2026-07-19T10:38:52.000Z,book_club_member,,1,monthly_essentials,2026-07-19T10:38:52.000Z,_UNKNOWN,995,MONTH,monthly_essentials,,,[name],2026-08-19T10:38:52.000Z,,995,,2026-08-19T10:38:52.000Z,2026-07-19T10:38:52.000Z,995,[name],,https://www.supersummary.com/subscription,https://www.supersummary.com/subscription/confirming/cancel,,BCM Experience [July 2025] [25% one-time / No Entry Modal],,07-19-2026,,07-22-2026,07-19-2026,07-19-2026,07-19-2026,,07-19-2026,08-19-2026
Wg7M4Cb_8f15e112051a022c,1248064,,Students; Annual,,,[name],[name],[name],I couldn’t find content for the book(s) I’m reading,issues_w_product_2058840385,Missing content or not enough content,missing_content_or_not_enough_content,,Product (Digital),product_digital,6,Ptcb ,,u_fd98300491b28b76,N/A,,,1,36.0,,Canceled,2026-07-22T04:12:44.000Z,2026-07-22T04:13:58.000Z,2026-07-22T04:13:58.000Z,,26.66,2026-07-22T04:13:58.000Z,cancel,Valid Cancel,annual,2027-06-28T04:13:10.000Z,2027-06-28T04:13:10.000Z,3.0,3.0,36.0,Brightback,,,,,,,1248064,2025-06-28T04:13:07.000Z,,2025-06-28T04:13:10.000Z,,h_832e6e0ff2afb9a4,,1,2025-06-28T04:13:10.000Z,USD,u_fd98300491b28b76,ACTIVE,h_34c6290da7d7dfb1,[name],36.0,annual,,2026-06-28T04:13:10.000Z,student,,1,annual,2025-06-28T04:13:10.000Z,_UNKNOWN,3600,YEAR,annual,,College,[name],2027-06-28T04:13:10.000Z,,300,,2027-06-28T04:13:10.000Z,2025-06-28T04:13:10.000Z,3600,[name],,https://www.supersummary.com/subscription,https://www.supersummary.com/subscription/confirming/cancel,,Student Experience [July 2025] [25% one-time / No Entry Modal],,06-28-2025,,07-22-2026,06-28-2025,06-28-2025,06-28-2025,,06-28-2025,06-28-2027
Wg7LLwL_9264d12428fab636,169xmFUJCG6ouKDoo,,Students; Annual,,,[name],[name],,I couldn’t find content for the book(s) I’m reading,issues_w_product_2058840385,Missing content or not enough content,missing_content_or_not_enough_content,,Product (Digital),product_digital,6,,,u_6787893f11b413ba,,,,0,,,Canceled,2026-07-21T21:58:26.000Z,2026-07-21T21:58:46.000Z,2026-07-21T21:58:46.000Z,,26.92,2026-07-21T21:58:46.000Z,cancel,Valid Cancel,annual,2027-07-21T20:45:46.000Z,2027-07-21T20:45:46.000Z,3.0,3.0,36.0,Brightback,,,,1,36.0,2026-07-25T20:45:52.000Z,169xmFUJCG6ouKDoo,2024-07-21T20:44:42.000Z,,2024-07-21T20:45:46.000Z,,h_f5041e445670b070,,1,2024-07-21T20:45:46.000Z,USD,u_6787893f11b413ba,ACTIVE,h_aeb3fc73a72872b7,[name],,,,2026-07-21T20:45:46.000Z,student,,1,annual,2024-07-21T20:45:46.000Z,_UNKNOWN,3600,YEAR,,,High School,[name],2027-07-21T20:45:46.000Z,,300,,2027-07-21T20:45:46.000Z,2024-07-21T20:45:46.000Z,3600,,,,,,Student Experience [July 2025] [25% one-time / No Entry Modal],,07-21-2024,,07-21-2026,07-21-2024,07-21-2024,07-21-2024,,07-21-2024,07-21-2027
Wg7LFBh_8780b05b819889ce,1296853,,Teachers; Annual,,,[name],[name],[name],I couldn’t find content for the book(s) I’m reading,issues_w_product_2058840385,Missing content or not enough content,missing_content_or_not_enough_content,,Product (Digital),product_digital,5,I will read the book.,,u_d0e06ad8fc57d25f,,,,0,36.0,,Canceled,2026-07-21T15:12:06.000Z,2026-07-21T15:14:20.000Z,2026-07-21T15:14:20.000Z,,27.2,2026-07-21T15:14:20.000Z,cancel,Valid Cancel,annual,2026-08-24T17:13:16.000Z,2026-08-24T17:13:16.000Z,3.0,3.0,36.0,Brightback,,,,,,,1296853,2025-08-24T17:13:13.000Z,,2025-08-24T17:13:16.000Z,,h_d04ffe00eb2dfb55,,1,2025-08-24T17:13:16.000Z,USD,u_d0e06ad8fc57d25f,ACTIVE,h_6a14ff32023c0eda,[name],36.0,annual,,2025-08-24T17:13:16.000Z,teacher,,1,annual,2025-08-24T17:13:16.000Z,_UNKNOWN,3600,YEAR,annual,,Postgrad Program,[name],2026-08-24T17:13:16.000Z,,300,,2026-08-24T17:13:16.000Z,2025-08-24T17:13:16.000Z,3600,[name],,https://www.supersummary.com/subscription,https://www.supersummary.com/subscription/confirming/cancel,,Teacher Experience [July 2025] [40% one-time / Modal],,08-24-2025,,07-21-2026,08-24-2025,08-24-2025,08-24-2025,,08-24-2025,08-24-2026
Wg7LAF8_9657a216ec1b36ab,16A08jVPuPvWxu8r,,fallback,,,[name],[name],,I couldn’t find content for the book(s) I’m reading,issues_w_product_2058840385,Missing content or not enough content,missing_content_or_not_enough_content,,Product (Digital),product_digital,5,,,u_9753a54f0773f019,,,,0,,,Canceled,2026-07-21T10:15:12.000Z,2026-07-21T10:16:26.000Z,2026-07-21T10:16:26.000Z,,27.4,2026-07-21T10:16:26.000Z,cancel,Valid Cancel,annual,2027-07-20T10:44:38.000Z,2027-07-20T10:44:38.000Z,5.0,5.0,60.0,Brightback,,,,,,,16A08jVPuPvWxu8r,2026-07-20T10:44:35.000Z,,2026-07-20T10:44:38.000Z,,h_5f56164bbda61413,,1,2026-07-20T10:44:38.000Z,USD,u_9753a54f0773f019,ACTIVE,h_9997a466386760d0,[name],,,,2026-07-20T10:44:38.000Z,other,,1,annual_plus,2026-07-20T10:44:38.000Z,_UNKNOWN,6000,YEAR,,,,[name],2027-07-20T10:44:38.000Z,,500,,2027-07-20T10:44:38.000Z,2026-07-20T10:44:38.000Z,6000,,,,,,Default/Fallback [July 2025] [25% one time / No entry modal],,07-20-2026,,07-21-2026,07-20-2026,07-20-2026,07-20-2026,,07-20-2026,07-20-2027
Wg7L2pe_ba1f8c64c72b4e4b,AzZm2NUrY0Uxt17o,,fallback,,,[name],[name],,I couldn’t find content for the book(s) I’m reading,issues_w_product_2058840385,Missing content or not enough content,missing_content_or_not_enough_content,,Product (Digital),product_digital,6,Unsure ,,u_7932ad32f9dcd0d7,Unsure ,,,1,,,Canceled,2026-07-21T02:52:17.000Z,2026-07-21T02:53:52.000Z,2026-07-21T02:54:19.000Z,,27.71,2026-07-21T02:54:19.000Z,cancel,Valid Cancel,annual,2027-07-21T02:23:42.000Z,2027-07-21T02:23:42.000Z,3.0,3.0,36.0,Brightback,,,,,,,AzZm2NUrY0Uxt17o,2025-07-21T02:22:40.000Z,,2025-07-21T02:23:42.000Z,,h_d938247d21501cfb,,1,2025-07-21T02:23:42.000Z,USD,u_7932ad32f9dcd0d7,ACTIVE,h_35a6e34d279f4922,[name],,,,2026-07-21T02:23:42.000Z,other,,1,annual,2025-07-21T02:23:42.000Z,_UNKNOWN,3600,YEAR,,,High School,[name],2027-07-21T02:23:42.000Z,,300,,2027-07-21T02:23:42.000Z,2025-07-21T02:23:42.000Z,3600,,,,,,Default/Fallback [July 2025] [25% one time / No entry modal],,07-21-2025,,07-21-2026,07-21-2025,07-21-2025,07-21-2025,,07-21-2025,07-21-2027
Wg7L01I_b564117c6ea0282a,Azz3SjVPfeHWa2Xwd,,Students; fallback,,,[name],[name],,I couldn’t find content for the book(s) I’m reading,issues_w_product_2058840385,Missing content or not enough content,missing_content_or_not_enough_content,,Product (Digital),product_digital,1,something else,,u_c717fa55c4c03d61,idk,,,1,,,Canceled,2026-07-21T00:01:22.000Z,2026-07-21T00:02:32.000Z,2026-07-21T00:02:33.000Z,,27.83,2026-07-21T00:02:33.000Z,cancel,Valid Cancel,annual,2027-07-17T22:07:34.000Z,2027-07-17T22:07:34.000Z,3.0,3.0,36.0,Brightback,,,,,,,Azz3SjVPfeHWa2Xwd,2026-07-17T22:07:31.000Z,,2026-07-17T22:07:34.000Z,,h_01bb135c776767da,,1,2026-07-17T22:07:34.000Z,USD,u_c717fa55c4c03d61,ACTIVE,h_584c907259bf48c1,[name],,,,2026-07-17T22:07:34.000Z,student,,1,annual_essentials,2026-07-17T22:07:34.000Z,_UNKNOWN,3600,YEAR,,,College,[name],2027-07-17T22:07:34.000Z,,300,,2027-07-17T22:07:34.000Z,2026-07-17T22:07:34.000Z,3600,,,,,,Student Experience [July 2025] [25% one-time / No Entry Modal],,07-17-2026,,07-21-2026,07-17-2026,07-17-2026,07-17-2026,,07-17-2026,07-17-2027
Wg7KNjO_882941cefa106840,1701870,,Teachers; fallback,,,[name],[name],[name],I couldn’t find content for the book(s) I’m reading,issues_w_product_2058840385,Missing content or not enough content,missing_content_or_not_enough_content,,Product (Digital),product_digital,2,,,u_310cc9e9cc75cbd2,Have titles in circulation,,,1,36.0,,Canceled,2026-07-20T23:45:46.000Z,2026-07-20T23:47:03.000Z,2026-07-20T23:47:03.000Z,,27.84,2026-07-20T23:47:03.000Z,cancel,Valid Cancel,annual,2027-07-20T23:06:54.000Z,2027-07-20T23:06:54.000Z,3.0,3.0,36.0,Brightback,,,,,,,1701870,2026-07-20T23:06:51.000Z,,2026-07-20T23:06:54.000Z,,h_7c4ff0445a6e4baa,,1,2026-07-20T23:06:54.000Z,USD,u_310cc9e9cc75cbd2,ACTIVE,h_33fb92cacb97bdcd,[name],36.0,annual_essentials,,2026-07-20T23:06:54.000Z,teacher,,1,annual_essentials,2026-07-20T23:06:54.000Z,_UNKNOWN,3600,YEAR,annual_essentials,,High School,[name],2027-07-20T23:06:54.000Z,,300,,2027-07-20T23:06:54.000Z,2026-07-20T23:06:54.000Z,3600,[name],,https://www.supersummary.com/subscription,https://www.supersummary.com/subscription/confirming/cancel,,Teacher Experience [July 2025] [40% one-time / Modal],,07-20-2026,,07-20-2026,07-20-2026,07-20-2026,07-20-2026,,07-20-2026,07-20-2027
Wg7KMTU_a265c04e50507eae,1693663,,Students; fallback,,,[name],[name],[name],I couldn’t find content for the book(s) I’m reading,issues_w_product_2058840385,Missing content or not enough content,missing_content_or_not_enough_content,,Product (Digital),product_digital,5,,,u_e3feae1b0643fdb1,,,,0,60.0,,Canceled,2026-07-20T22:30:07.000Z,2026-07-20T22:30:36.000Z,2026-07-20T22:30:36.000Z,,27.89,2026-07-20T22:31:22.000Z,cancel,Valid Cancel,annual,2027-07-10T16:06:06.000Z,2027-07-10T16:06:06.000Z,5.0,5.0,60.0,Brightback,,,,,,,1693663,2026-07-10T16:06:04.000Z,,2026-07-10T16:06:06.000Z,,h_8ab90d04e4f259df,,1,2026-07-10T16:06:06.000Z,USD,u_e3feae1b0643fdb1,ACTIVE,h_637d51107f12152a,[name],60.0,annual_plus,,2026-07-10T16:06:06.000Z,student,,1,annual_plus,2026-07-10T16:06:06.000Z,_UNKNOWN,6000,YEAR,annual_plus,,Postgrad Program,[name],2027-07-10T16:06:06.000Z,,500,,2027-07-10T16:06:06.000Z,2026-07-10T16:06:06.000Z,6000,[name],,https://www.supersummary.com/subscription,https://www.supersummary.com/subscription/confirming/cancel,,Student Experience [July 2025] [25% one-time / No Entry Modal],,07-10-2026,,07-20-2026,07-10-2026,07-10-2026,07-10-2026,,07-10-2026,07-10-2027
Wg7KGZg_938e66fc0aa52562,488584,,Students; Annual,,,[name],[name],[name],I couldn’t find content for the book(s) I’m reading,issues_w_product_2058840385,Missing content or not enough content,missing_content_or_not_enough_content,,Product (Digital),product_digital,1,,,u_6aa0c78db6d0bf31,,,,0,36.0,,Canceled,2026-07-20T16:35:49.000Z,2026-07-20T16:36:03.000Z,2026-07-20T16:36:03.000Z,,28.14,2026-07-20T16:36:19.000Z,cancel,Valid Cancel,annual,2027-02-05T06:04:47.000Z,2027-02-05T06:04:47.000Z,3.0,3.0,36.0,Brightback,,,,,,,488584,2024-02-05T06:04:43.000Z,,2024-02-05T06:04:47.000Z,,h_545d26d8105cc1aa,,1,2024-02-05T06:04:47.000Z,USD,u_6aa0c78db6d0bf31,ACTIVE,h_51552128228b810d,[name],36.0,annual,,2026-02-05T06:04:47.000Z,student,,1,annual,2024-02-05T06:04:47.000Z,_UNKNOWN,3600,YEAR,annual,,College,[name],2027-02-05T06:04:47.000Z,,300,,2027-02-05T06:04:47.000Z,2024-02-05T06:04:47.000Z,3600,[name],,https://www.supersummary.com/subscription,https://www.supersummary.com/subscription/confirming/cancel,,Student Experience [July 2025] [25% one-time / No Entry Modal],,02-05-2024,,07-20-2026,02-05-2024,02-05-2024,02-05-2024,,02-05-2024,02-05-2027
Wg7KGv1_95ee30164675932b,1700787,,Students; fallback,,,[name],[name],[name],I couldn’t find content for the book(s) I’m reading,issues_w_product_2058840385,Missing content or not enough content,missing_content_or_not_enough_content,,Product (Digital),product_digital,3,nothing,,u_d3935d7d8cb84b9b,,,,0,9.95,,Canceled,2026-07-20T16:57:06.000Z,2026-07-20T16:57:55.000Z,2026-07-20T16:57:55.000Z,,28.13,2026-07-20T16:57:55.000Z,cancel,Valid Cancel,monthly,2026-08-19T19:03:29.000Z,2026-08-19T19:03:29.000Z,9.95,9.95,9.95,Brightback,,,,,,,1700787,2026-07-19T18:28:54.000Z,,2026-07-19T19:03:29.000Z,,h_8f5f73e46e48ed7c,,1,2026-07-19T19:03:29.000Z,USD,u_d3935d7d8cb84b9b,ACTIVE,h_250909f333fa632c,[name],9.95,monthly_essentials,,2026-07-19T19:03:29.000Z,student,,1,monthly_essentials,2026-07-19T19:03:29.000Z,_UNKNOWN,995,MONTH,monthly_essentials,,College,[name],2026-08-19T19:03:29.000Z,,995,,2026-08-19T19:03:29.000Z,2026-07-19T19:03:29.000Z,995,[name],,https://www.supersummary.com/subscription,https://www.supersummary.com/subscription/confirming/cancel,,Student Experience [July 2025] [25% one-time / No Entry Modal],,07-19-2026,,07-20-2026,07-19-2026,07-19-2026,07-19-2026,,07-19-2026,08-19-2026
Wg7KGb5_b92755a4171a6099,1700013,,Students; fallback,,,[name],[name],[name],I couldn’t find content for the book(s) I’m reading,issues_w_product_2058840385,Missing content or not enough content,missing_content_or_not_enough_content,,Product (Digital),product_digital,5,Nothing.,,u_1ee6383f981ced37,,,,0,9.95,,Canceled,2026-07-20T16:37:15.000Z,2026-07-20T16:38:03.000Z,2026-07-20T16:38:03.000Z,,28.14,2026-07-20T16:38:03.000Z,cancel,Valid Cancel,monthly,2026-08-18T16:02:49.000Z,2026-08-18T16:02:49.000Z,9.95,9.95,9.95,Brightback,,,,,,,1700013,2026-07-18T16:02:46.000Z,,2026-07-18T16:02:49.000Z,,h_e05b7b6f430fdb80,,1,2026-07-18T16:02:49.000Z,USD,u_1ee6383f981ced37,ACTIVE,h_36fa56c0e8c32854,[name],9.95,monthly_essentials,,2026-07-18T16:02:49.000Z,student,,1,monthly_essentials,2026-07-18T16:02:49.000Z,_UNKNOWN,995,MONTH,monthly_essentials,,College,[name],2026-08-18T16:02:49.000Z,,995,,2026-08-18T16:02:49.000Z,2026-07-18T16:02:49.000Z,995,[name],,https://www.supersummary.com/subscription,https://www.supersummary.com/subscription/confirming/cancel,,Student Experience [July 2025] [25% one-time / No Entry Modal],,07-18-2026,,07-20-2026,07-18-2026,07-18-2026,07-18-2026,,07-18-2026,08-18-2026
Wg7K1rc_9ad8dfe4dff17b50,1514471,,Students; fallback,,,[name],[name],[name],I couldn’t find content for the book(s) I’m reading,issues_w_product_2058840385,Missing content or not enough content,missing_content_or_not_enough_content,,Product (Digital),product_digital,5,,,u_472167e8c5273f33,,,,0,36.0,,Canceled,2026-07-20T01:53:45.000Z,2026-07-20T01:54:18.000Z,2026-07-20T01:54:18.000Z,,28.75,2026-07-20T01:54:40.000Z,cancel,Valid Cancel,annual,2027-02-12T19:49:33.000Z,2027-02-12T19:49:33.000Z,3.0,3.0,36.0,Brightback,,,,,,,1514471,2026-02-12T19:49:30.000Z,,2026-02-12T19:49:33.000Z,,h_fb61d9c5ecf2c2f9,,1,2026-02-12T19:49:33.000Z,USD,u_472167e8c5273f33,ACTIVE,h_481a76fbc25facd6,[name],36.0,annual_essentials,,2026-02-12T19:49:33.000Z,student,,1,annual_essentials,2026-02-12T19:49:33.000Z,_UNKNOWN,3600,YEAR,annual_essentials,,College,[name],2027-02-12T19:49:33.000Z,,300,,2027-02-12T19:49:33.000Z,2026-02-12T19:49:33.000Z,3600,[name],,https://www.supersummary.com/subscription,https://www.supersummary.com/subscription/confirming/cancel,,Student Experience [July 2025] [25% one-time / No Entry Modal],,02-12-2026,,07-20-2026,02-12-2026,02-12-2026,02-12-2026,,02-12-2026,02-12-2027
Wg7K1Ox_bc59fc549ec9f9d0,1700047,,Book Club Members; fallback,,,[name],[name],[name],I couldn’t find content for the book(s) I’m reading,issues_w_product_2058840385,Missing content or not enough content,missing_content_or_not_enough_content,,Product (Digital),product_digital,5,Read book,,u_550d608ebef0e4b3,,,,0,36.0,,Canceled,2026-07-20T01:28:22.000Z,2026-07-20T01:29:07.000Z,2026-07-20T01:29:07.000Z,,28.77,2026-07-20T01:29:07.000Z,cancel,Valid Cancel,annual,2027-07-18T16:50:24.000Z,2027-07-18T16:50:24.000Z,2.25,2.25,36.0,Brightback,,,,,,,1700047,2026-07-18T16:50:22.000Z,,2026-07-18T16:50:24.000Z,,h_250fac67e8e86e68,,1,2026-07-18T16:50:24.000Z,USD,u_550d608ebef0e4b3,ACTIVE,h_632935ea2d9bde6b,[name],36.0,annual_essentials,,2026-07-18T16:50:24.000Z,book_club_member,,1,annual_essentials,2026-07-18T16:50:24.000Z,_UNKNOWN,3600,YEAR,annual_essentials,,,[name],2027-07-18T16:50:24.000Z,,300,,2027-07-18T16:50:24.000Z,2026-07-18T16:50:24.000Z,3600,[name],,https://www.supersummary.com/subscription,https://www.supersummary.com/subscription/confirming/cancel,,BCM Experience [July 2025] [25% one-time / No Entry Modal],,07-18-2026,,07-20-2026,07-18-2026,07-18-2026,07-18-2026,,07-18-2026,07-18-2027
Wg7K1Cs_98428599c49c114a,Azyk0bVK7P8he3EJx,,Teachers; fallback,,,[name],[name],,I couldn’t find content for the book(s) I’m reading,issues_w_product_2058840385,Missing content or not enough content,missing_content_or_not_enough_content,,Product (Digital),product_digital,10,,,u_f3e9cbc29b75f172,,,,0,,,Canceled,2026-07-20T01:12:57.000Z,2026-07-20T01:13:25.000Z,2026-07-20T01:13:25.000Z,,28.78,2026-07-20T01:13:25.000Z,cancel,Valid Cancel,monthly,2026-08-20T01:09:45.000Z,2026-08-20T01:09:45.000Z,16.65,16.65,16.65,Brightback,,,,,,,Azyk0bVK7P8he3EJx,2023-04-03T14:50:13.000Z,,2026-05-20T01:09:45.000Z,,h_ba07c60bc4147f4c,,1,2026-05-20T01:09:45.000Z,USD,u_f3e9cbc29b75f172,ACTIVE,h_6669fd5b88454662,[name],,,,2026-07-20T01:09:45.000Z,teacher,,1,monthly_plus,2026-05-20T01:09:45.000Z,_UNKNOWN,1665,MONTH,,,Middle School,[name],2026-08-20T01:09:45.000Z,,1665,,2026-08-20T01:09:45.000Z,2026-05-20T01:09:45.000Z,1665,,,,,,Teacher Experience [July 2025] [40% one-time / Modal],,05-20-2026,,07-20-2026,05-20-2026,05-20-2026,04-03-2023,,05-20-2026,08-20-2026
Wg7JKMO_b82099e752e05493,16A6hNTkUFwFy1ovv,,Book Club Members; Annual,,,[name],[name],,I couldn’t find content for the book(s) I’m reading,issues_w_product_2058840385,Missing content or not enough content,missing_content_or_not_enough_content,,Product (Digital),product_digital,7,,,u_2325e2da14c5613f,,,,0,,,Canceled,2026-07-19T20:22:28.000Z,2026-07-19T20:23:05.000Z,2026-07-19T20:23:05.000Z,,28.98,2026-07-19T20:23:05.000Z,cancel,Valid Cancel,annual,2027-07-19T19:47:11.000Z,2027-07-19T19:47:11.000Z,3.0,3.0,36.0,Brightback,,,,,,,16A6hNTkUFwFy1ovv,2023-07-19T19:47:09.000Z,,2023-07-19T19:47:11.000Z,,h_13ddc44ac9c9436a,,1,2023-07-19T19:47:11.000Z,USD,u_2325e2da14c5613f,ACTIVE,h_37bb27ac3509a57f,[name],,,,2026-07-19T19:47:11.000Z,book_club_member,,1,annual,2023-07-19T19:47:11.000Z,_UNKNOWN,3600,YEAR,,,,[name],2027-07-19T19:47:11.000Z,,300,,2027-07-19T19:47:11.000Z,2023-07-19T19:47:11.000Z,3600,,,,,,BCM Experience [July 2025] [25% one-time / No Entry Modal],,07-19-2023,,07-19-2026,07-19-2023,07-19-2023,07-19-2023,,07-19-2023,07-19-2027
Wg7JIak_9eff92a122c970a6,1478007,,Students; fallback,,,[name],[name],[name],I couldn’t find content for the book(s) I’m reading,issues_w_product_2058840385,Missing content or not enough content,missing_content_or_not_enough_content,,Product (Digital),product_digital,6,,,u_2c07194df9822cf0,,,,0,9.95,,Canceled,2026-07-19T18:36:53.000Z,2026-07-19T18:37:17.000Z,2026-07-19T18:37:17.000Z,,29.06,2026-07-19T18:37:17.000Z,cancel,Valid Cancel,monthly,2026-08-18T21:32:45.000Z,,9.95,9.95,9.95,Brightback,,,,,,,1478007,2026-01-18T21:32:43.000Z,,2026-01-18T21:32:45.000Z,,h_f3e98020499a9f20,,1,2026-01-18T21:32:45.000Z,USD,u_2c07194df9822cf0,NON_RENEWING,h_478e4e2d0c46371e,[name],9.95,monthly_essentials,,2026-07-18T21:32:45.000Z,student,,1,monthly_essentials,2026-01-18T21:32:45.000Z,_UNKNOWN,995,MONTH,monthly_essentials,,College,[name],,,995,,2026-08-18T21:32:45.000Z,2026-01-18T21:32:45.000Z,995,[name],,https://www.supersummary.com/subscription,https://www.supersummary.com/subscription/confirming/cancel,,Student Experience [July 2025] [25% one-time / No Entry Modal],,01-18-2026,,07-19-2026,01-18-2026,01-18-2026,01-18-2026,,01-18-2026,
Wg7J07N_830258d4955bdf73,607748,,Students; Annual,,,[name],[name],[name],I couldn’t find content for the book(s) I’m reading,issues_w_product_2058840385,Missing content or not enough content,missing_content_or_not_enough_content,,Product (Digital),product_digital,2,eeee,,u_e74bc3a71fa71c74,eeee,,,1,36.0,,Canceled,2026-07-19T00:07:28.000Z,2026-07-19T00:07:45.000Z,2026-07-19T00:07:45.000Z,,29.83,2026-07-19T00:07:45.000Z,cancel,Valid Cancel,annual,2027-07-07T22:07:38.000Z,,3.0,3.0,36.0,Brightback,,,,,,,607748,2024-07-07T22:07:35.000Z,,2024-07-07T22:07:38.000Z,,h_a1018136c1c22a2e,,1,2024-07-07T22:07:38.000Z,USD,u_e74bc3a71fa71c74,NON_RENEWING,h_5abc41b36d06d2fb,[name],36.0,annual,,2026-07-07T22:07:38.000Z,student,,1,annual,2024-07-07T22:07:38.000Z,_UNKNOWN,3600,YEAR,annual,,College,[name],,,300,,2027-07-07T22:07:38.000Z,2024-07-07T22:07:38.000Z,3600,[name],,https://www.supersummary.com/subscription,https://www.supersummary.com/subscription/confirming/cancel,,Student Experience [July 2025] [25% one-time / No Entry Modal],,07-07-2024,,07-19-2026,07-07-2024,07-07-2024,07-07-2024,,07-07-2024,
Wg7J06n_89be3ad3498bf540,6oqEPUHsjMS6Fwj1,,Students; Annual,,,[name],[name],,I couldn’t find content for the book(s) I’m reading,issues_w_product_2058840385,Missing content or not enough content,missing_content_or_not_enough_content,,Product (Digital),product_digital,3,eee,,u_e74bc3a71fa71c74,eeee,,,1,,,Canceled,2026-07-19T00:06:52.000Z,2026-07-19T00:07:17.000Z,2026-07-19T00:07:17.000Z,,29.83,2026-07-19T00:07:17.000Z,cancel,Valid Cancel,annual,2027-07-07T22:07:38.000Z,2027-07-07T22:07:38.000Z,3.0,3.0,36.0,Brightback,,,,,,,6oqEPUHsjMS6Fwj1,2024-07-07T22:07:35.000Z,,2024-07-07T22:07:38.000Z,,h_a1018136c1c22a2e,,1,2024-07-07T22:07:38.000Z,USD,u_e74bc3a71fa71c74,ACTIVE,h_5abc41b36d06d2fb,[name],,,,2026-07-07T22:07:38.000Z,student,,1,annual,2024-07-07T22:07:38.000Z,_UNKNOWN,3600,YEAR,,,College,[name],2027-07-07T22:07:38.000Z,,300,,2027-07-07T22:07:38.000Z,2024-07-07T22:07:38.000Z,3600,,,,,,Student Experience [July 2025] [25% one-time / No Entry Modal],,07-07-2024,,07-19-2026,07-07-2024,07-07-2024,07-07-2024,,07-07-2024,07-07-2027
Wg7ILkX_a8ecb640d89bff1e,1613287,,Students; fallback,,,[name],[name],[name],I couldn’t find content for the book(s) I’m reading,issues_w_product_2058840385,Missing content or not enough content,missing_content_or_not_enough_content,,Product (Digital),product_digital,1,,,u_0acce8f4ea18d058,,,,0,16.65,,Canceled,2026-07-18T21:46:44.000Z,2026-07-18T21:47:13.000Z,2026-07-18T21:47:14.000Z,,29.92,2026-07-18T21:48:03.000Z,cancel,Valid Cancel,monthly,2026-07-24T10:10:44.000Z,2026-07-24T10:10:44.000Z,16.65,16.65,16.65,Brightback,,,,,,,1613287,2026-04-24T10:10:41.000Z,,2026-04-24T10:10:44.000Z,,h_b4d1d2fbc95be3fe,,1,2026-04-24T10:10:44.000Z,USD,u_0acce8f4ea18d058,ACTIVE,h_46b9c07617ac7069,[name],16.65,monthly_plus,,2026-06-24T10:10:44.000Z,student,,1,monthly_plus,2026-04-24T10:10:44.000Z,_UNKNOWN,1665,MONTH,monthly_plus,,College,[name],2026-07-24T10:10:44.000Z,,1665,,2026-07-24T10:10:44.000Z,2026-04-24T10:10:44.000Z,1665,[name],,https://www.supersummary.com/subscription,https://www.supersummary.com/subscription/confirming/cancel,,Student Experience [July 2025] [25% one-time / No Entry Modal],,04-24-2026,,07-18-2026,04-24-2026,04-24-2026,04-24-2026,,04-24-2026,07-24-2026
Wg7IEOH_8c9a026b4c408495,AzyUUZUtAukK5118I,,Teachers; Annual,,,[name],[name],,I couldn’t find content for the book(s) I’m reading,issues_w_product_2058840385,Missing content or not enough content,missing_content_or_not_enough_content,,Product (Digital),product_digital,10,AI,,u_59d9d520974019bb,,,,0,,,Canceled,2026-07-18T14:24:28.000Z,2026-07-18T14:25:51.000Z,2026-07-18T14:25:52.000Z,,30.23,2026-07-18T14:25:52.000Z,cancel,Valid Cancel,annual,2026-08-07T08:34:21.000Z,2026-08-07T08:34:21.000Z,3.0,3.0,36.0,Brightback,,,,,,,AzyUUZUtAukK5118I,2025-08-07T08:34:18.000Z,,2025-08-07T08:34:21.000Z,,h_0ff2e83070fc561f,,1,2025-08-07T08:34:21.000Z,USD,u_59d9d520974019bb,ACTIVE,h_f0e1d102687856be,[name],,,,2025-08-07T08:34:21.000Z,teacher,,1,annual,2025-08-07T08:34:21.000Z,_UNKNOWN,3600,YEAR,,,High School,[name],2026-08-07T08:34:21.000Z,,300,,2026-08-07T08:34:21.000Z,2025-08-07T08:34:21.000Z,3600,,,,,,Teacher Experience [July 2025] [40% one-time / Modal],,08-07-2025,,07-18-2026,08-07-2025,08-07-2025,08-07-2025,,08-07-2025,08-07-2026
Wg7IBEX_bbd812be5ff46797,AzyZS5VLWU1Tow9c,,Students; fallback,,,[name],[name],,I couldn’t find content for the book(s) I’m reading,issues_w_product_2058840385,Missing content or not enough content,missing_content_or_not_enough_content,,Product (Digital),product_digital,5,,,u_d2b8bfb0c2006635,,,,0,,,Canceled,2026-07-18T11:14:39.000Z,2026-07-18T11:15:19.000Z,2026-07-18T11:15:19.000Z,,30.36,2026-07-18T11:15:19.000Z,cancel,Valid Cancel,monthly,2026-08-03T22:34:50.000Z,2026-08-03T22:34:50.000Z,16.65,16.65,16.65,Brightback,,,,,,,AzyZS5VLWU1Tow9c,2026-06-03T22:34:49.000Z,,2026-06-03T22:34:50.000Z,,h_62a3252b2e5df663,,1,2026-06-03T22:34:50.000Z,USD,u_d2b8bfb0c2006635,ACTIVE,h_4f9f3125cfca15a9,[name],,,,2026-07-03T22:34:50.000Z,student,,1,monthly_plus,2026-06-03T22:34:50.000Z,_UNKNOWN,1665,MONTH,,,College,[name],2026-08-03T22:34:50.000Z,,1665,,2026-08-03T22:34:50.000Z,2026-06-03T22:34:50.000Z,1665,,,,,,Student Experience [July 2025] [25% one-time / No Entry Modal],,06-03-2026,,07-18-2026,06-03-2026,06-03-2026,06-03-2026,,06-03-2026,08-03-2026
Wg7I4eQ_bdb09882e173b3a2,169xqbUIox3Rz7nTp,,Students; Annual,,,[name],[name],,I couldn’t find content for the book(s) I’m reading,issues_w_product_2058840385,Missing content or not enough content,missing_content_or_not_enough_content,,Product (Digital),product_digital,5,,,u_3cb47e63b4ba1a42,,,,0,,,Canceled,2026-07-18T04:40:31.000Z,2026-07-18T04:40:48.000Z,2026-07-18T04:40:48.000Z,,30.64,2026-07-18T04:40:48.000Z,cancel,Valid Cancel,annual,2027-07-17T21:05:49.000Z,2027-07-17T21:05:49.000Z,3.0,3.0,36.0,Brightback,,,,,,,169xqbUIox3Rz7nTp,2024-07-17T21:05:48.000Z,,2024-07-17T21:05:49.000Z,,h_dcae178894e412d5,,1,2024-07-17T21:05:49.000Z,USD,u_3cb47e63b4ba1a42,ACTIVE,h_c91575b6df85605d,[name],,,,2026-07-17T21:05:49.000Z,student,,1,annual,2024-07-17T21:05:49.000Z,_UNKNOWN,3600,YEAR,,,College,[name],2027-07-17T21:05:49.000Z,,300,,2027-07-17T21:05:49.000Z,2024-07-17T21:05:49.000Z,3600,,,,,,Student Experience [July 2025] [25% one-time / No Entry Modal],,07-17-2024,,07-18-2026,07-17-2024,07-17-2024,07-17-2024,,07-17-2024,07-17-2027
Wg7I2Gh_86e762ac2548c3b7,6oqLKUIniqXR4qHU,,Book Club Members; Annual,,,[name],[name],,I couldn’t find content for the book(s) I’m reading,issues_w_product_2058840385,Missing content or not enough content,missing_content_or_not_enough_content,,Product (Digital),product_digital,5,,,u_011187b2cbf4ca47,,,,0,,,Canceled,2026-07-18T02:16:48.000Z,2026-07-18T02:17:17.000Z,2026-07-18T02:17:17.000Z,,30.74,2026-07-18T02:17:17.000Z,cancel,Valid Cancel,annual,2027-07-17T16:03:07.000Z,2027-07-17T16:03:07.000Z,3.0,3.0,36.0,Brightback,,,,,,,6oqLKUIniqXR4qHU,2024-07-17T16:03:03.000Z,,2024-07-17T16:03:07.000Z,,h_24c0855a8f634c8f,,1,2024-07-17T16:03:07.000Z,USD,u_011187b2cbf4ca47,ACTIVE,h_d5156c6704a0bf5a,[name],,,,2026-07-17T16:03:07.000Z,book_club_member,,1,annual,2024-07-17T16:03:07.000Z,_UNKNOWN,3600,YEAR,,,,[name],2027-07-17T16:03:07.000Z,,300,,2027-07-17T16:03:07.000Z,2024-07-17T16:03:07.000Z,3600,,,,,,BCM Experience [July 2025] [25% one-time / No Entry Modal],,07-17-2024,,07-18-2026,07-17-2024,07-17-2024,07-17-2024,,07-17-2024,07-17-2027
Wg7I0YA_9f04594dc5921fc5,Azyoq5Uy8bPAh3Zq0,,Teachers; Monthly,,,[name],[name],,I couldn’t find content for the book(s) I’m reading,issues_w_product_2058840385,Missing content or not enough content,missing_content_or_not_enough_content,,Product (Digital),product_digital,5,,,u_6a93c3dd8ea8bd67,,,,0,,,Canceled,2026-07-18T00:34:13.000Z,2026-07-18T00:34:34.000Z,2026-07-18T00:34:34.000Z,,30.81,2026-07-18T00:34:34.000Z,cancel,Valid Cancel,monthly,2026-07-28T23:29:23.000Z,2026-07-28T23:29:23.000Z,9.95,9.95,9.95,Brightback,,,,,,,Azyoq5Uy8bPAh3Zq0,2025-09-28T23:29:20.000Z,,2025-09-28T23:29:23.000Z,,h_4b72a116a9f9d353,,1,2025-09-28T23:29:23.000Z,USD,u_6a93c3dd8ea8bd67,ACTIVE,h_72b8657e89f8dc78,[name],,,,2026-06-28T23:29:23.000Z,teacher,,1,monthly,2025-09-28T23:29:23.000Z,_UNKNOWN,995,MONTH,,,other,[name],2026-07-28T23:29:23.000Z,,995,,2026-07-28T23:29:23.000Z,2025-09-28T23:29:23.000Z,995,,,,,,Teacher Experience [July 2025] [40% forever / No entry modal],,09-28-2025,,07-18-2026,09-28-2025,09-28-2025,09-28-2025,,09-28-2025,07-28-2026
Wg7HHh4_ae775286d8cbf676,1699327,,Book Club Members; fallback,,,[name],[name],[name],I couldn’t find content for the book(s) I’m reading,issues_w_product_2058840385,Missing content or not enough content,missing_content_or_not_enough_content,,Product (Digital),product_digital,3,,,u_19a365bf013d5fed,,,,0,36.0,,Canceled,2026-07-17T17:43:18.000Z,2026-07-17T17:43:56.000Z,2026-07-17T17:43:56.000Z,,31.09,2026-07-17T17:43:56.000Z,cancel,Valid Cancel,annual,2027-07-17T15:29:04.000Z,2027-07-17T15:29:04.000Z,3.0,3.0,36.0,Brightback,,,,,,,1699327,2026-07-17T15:29:02.000Z,,2026-07-17T15:29:04.000Z,,h_4060eef542083ed9,,1,2026-07-17T15:29:04.000Z,USD,u_19a365bf013d5fed,ACTIVE,h_b5df9aafa92aa2b0,[name],36.0,annual_essentials,,2026-07-17T15:29:04.000Z,book_club_member,,1,annual_essentials,2026-07-17T15:29:04.000Z,_UNKNOWN,3600,YEAR,annual_essentials,,,[name],2027-07-17T15:29:04.000Z,,300,,2027-07-17T15:29:04.000Z,2026-07-17T15:29:04.000Z,3600,[name],,https://www.supersummary.com/subscription,https://www.supersummary.com/subscription/confirming/cancel,,BCM Experience [July 2025] [25% one-time / No Entry Modal],,07-17-2026,,07-17-2026,07-17-2026,07-17-2026,07-17-2026,,07-17-2026,07-17-2027
Wg7GItp_b2e2450917ba47cd,1698022,,Book Club Members; fallback,,,[name],[name],[name],I couldn’t find content for the book(s) I’m reading,issues_w_product_2058840385,Missing content or not enough content,missing_content_or_not_enough_content,,Product (Digital),product_digital,1,Google,,u_c20cfa72729e1031,It just wasn't a good fit for me.,,,1,60.0,,Canceled,2026-07-16T18:56:00.000Z,2026-07-16T18:57:53.000Z,2026-07-16T18:57:54.000Z,,32.04,2026-07-16T18:57:54.000Z,cancel,Valid Cancel,annual,2027-07-15T18:43:14.000Z,2027-07-15T18:43:14.000Z,5.0,5.0,60.0,Brightback,,,,,,,1698022,2026-07-15T18:43:11.000Z,,2026-07-15T18:43:14.000Z,,h_76aed18acd9aca5a,,1,2026-07-15T18:43:14.000Z,USD,u_c20cfa72729e1031,ACTIVE,h_88e83dd7de1da89a,[name],60.0,annual_plus,,2026-07-15T18:43:14.000Z,book_club_member,,1,annual_plus,2026-07-15T18:43:14.000Z,_UNKNOWN,6000,YEAR,annual_plus,,,[name],2027-07-15T18:43:14.000Z,,500,,2027-07-15T18:43:14.000Z,2026-07-15T18:43:14.000Z,6000,[name],,https://www.supersummary.com/subscription,https://www.supersummary.com/subscription/confirming/cancel,,BCM Experience [July 2025] [25% one-time / No Entry Modal],,07-15-2026,,07-16-2026,07-15-2026,07-15-2026,07-15-2026,,07-15-2026,07-15-2027
Wg7GGQW_a220d0d74dce4381,1697985,,fallback,,,[name],[name],[name],I couldn’t find content for the book(s) I’m reading,issues_w_product_2058840385,Missing content or not enough content,missing_content_or_not_enough_content,,Product (Digital),product_digital,4,,,u_5c6bae1b62849d7c,,,,0,36.0,,Canceled,2026-07-16T16:26:35.000Z,2026-07-16T16:27:00.000Z,2026-07-16T16:27:00.000Z,,32.15,2026-07-16T16:27:34.000Z,cancel,Valid Cancel,annual,2027-07-15T17:54:30.000Z,2027-07-15T17:54:30.000Z,3.0,3.0,36.0,Brightback,,,,,,,1697985,2026-07-15T17:54:28.000Z,,2026-07-15T17:54:30.000Z,,h_c740d4f5c25b0ca8,,1,2026-07-15T17:54:30.000Z,USD,u_5c6bae1b62849d7c,ACTIVE,h_8b80b7300248cf8e,[name],36.0,annual_essentials,,2026-07-15T17:54:30.000Z,other,,1,annual_essentials,2026-07-15T17:54:30.000Z,_UNKNOWN,3600,YEAR,annual_essentials,,,[name],2027-07-15T17:54:30.000Z,,300,,2027-07-15T17:54:30.000Z,2026-07-15T17:54:30.000Z,3600,[name],,https://www.supersummary.com/subscription,https://www.supersummary.com/subscription/confirming/cancel,,Default/Fallback [July 2025] [25% one time / No entry modal],,07-15-2026,,07-16-2026,07-15-2026,07-15-2026,07-15-2026,,07-15-2026,07-15-2027
Wg7GF71_bf6b98240827735c,16BmFjUlIaBDZ57SB,,Book Club Members; Annual,,,[name],[name],,I couldn’t find content for the book(s) I’m reading,issues_w_product_2058840385,Missing content or not enough content,missing_content_or_not_enough_content,,Product (Digital),product_digital,3,,,u_97db9afe635abb11,,,,0,,,Canceled,2026-07-16T15:07:05.000Z,2026-07-16T15:08:36.000Z,2026-07-16T15:08:36.000Z,,32.2,2026-07-16T15:08:36.000Z,cancel,Valid Cancel,annual,2027-05-15T20:11:47.000Z,2027-05-15T20:11:47.000Z,3.0,3.0,36.0,Brightback,,,,,,,16BmFjUlIaBDZ57SB,2025-05-15T20:11:45.000Z,,2025-05-15T20:11:47.000Z,,h_db5a8d49a9ca7173,,1,2025-05-15T20:11:47.000Z,USD,u_97db9afe635abb11,ACTIVE,h_6e01021727b70156,[name],,,,2026-05-15T20:11:47.000Z,book_club_member,,1,annual,2025-05-15T20:11:47.000Z,_UNKNOWN,3600,YEAR,,,,[name],2027-05-15T20:11:47.000Z,,300,,2027-05-15T20:11:47.000Z,2025-05-15T20:11:47.000Z,3600,,,,,,BCM Experience [July 2025] [25% one-time / No Entry Modal],,05-15-2025,,07-16-2026,05-15-2025,05-15-2025,05-15-2025,,05-15-2025,05-15-2027
Wg7G9xV_a11c966a8a298a4a,296890,,Book Club Members; Monthly,,,[name],[name],[name],I couldn’t find content for the book(s) I’m reading,issues_w_product_2058840385,Missing content or not enough content,missing_content_or_not_enough_content,,Product (Digital),product_digital,2,,,u_79403ad70ec8be40,,,,0,9.95,,Canceled,2026-07-16T09:59:40.000Z,2026-07-16T10:00:20.000Z,2026-07-16T10:00:21.000Z,,32.41,2026-07-16T10:00:21.000Z,cancel,Valid Cancel,monthly,2026-08-11T17:48:51.000Z,2026-08-11T17:48:51.000Z,9.95,9.95,9.95,Brightback,,,,,,,296890,2023-01-02T18:08:11.000Z,,2025-01-11T17:48:51.000Z,,h_3b4220e3828124b2,,1,2025-01-11T17:48:51.000Z,USD,u_79403ad70ec8be40,ACTIVE,h_a61d84e45d43a446,[name],9.95,monthly,,2026-07-11T17:48:51.000Z,book_club_member,,1,monthly,2025-01-11T17:48:51.000Z,_UNKNOWN,995,MONTH,monthly,,,[name],2026-08-11T17:48:51.000Z,,995,,2026-08-11T17:48:51.000Z,2025-01-11T17:48:51.000Z,995,[name],,https://www.supersummary.com/subscription,https://www.supersummary.com/subscription/confirming/cancel,,BCM Experience [July 2025] [25% forever / No Entry Modal],,01-11-2025,,07-16-2026,01-11-2025,01-11-2025,01-02-2023,,01-11-2025,08-11-2026
Wg7FI5a_ad10f5432129516b,AzqTq7VPS3aG61XHI,,Students; fallback,,,[name],[name],,I couldn’t find content for the book(s) I’m reading,issues_w_product_2058840385,Missing content or not enough content,missing_content_or_not_enough_content,,Product (Digital),product_digital,1,N/A,,u_955dae907efd957b,,,,0,,,Canceled,2026-07-15T18:05:39.000Z,2026-07-15T18:06:06.000Z,2026-07-15T18:06:06.000Z,,33.08,2026-07-15T18:06:06.000Z,cancel,Valid Cancel,monthly,2026-08-15T14:20:15.000Z,2026-08-15T14:20:15.000Z,16.65,16.65,16.65,Brightback,,,,,,,AzqTq7VPS3aG61XHI,2026-04-24T23:16:09.000Z,,2026-07-15T14:20:15.000Z,,h_f993f7b76367fe36,,1,2026-07-15T14:20:15.000Z,USD,u_955dae907efd957b,ACTIVE,h_a524abe794eb0861,[name],,,,2026-07-15T14:20:15.000Z,student,,1,monthly_plus,2026-07-15T14:20:15.000Z,_UNKNOWN,1665,MONTH,,,College,[name],2026-08-15T14:20:15.000Z,,1665,,2026-08-15T14:20:15.000Z,2026-07-15T14:20:15.000Z,1665,,,,,,Student Experience [July 2025] [25% one-time / No Entry Modal],,07-15-2026,,07-15-2026,07-15-2026,07-15-2026,04-24-2026,,07-15-2026,08-15-2026
Wg7FAVB_8fa85fc5df565605,1697125,,Teachers; fallback,,,[name],[name],[name],I couldn’t find content for the book(s) I’m reading,issues_w_product_2058840385,Missing content or not enough content,missing_content_or_not_enough_content,,Product (Digital),product_digital,6,Probably nothing,,u_38f7b340b717cef1,"Needed the study guide for Marie Lu's ""Wildcard""",,,1,16.65,,Canceled,2026-07-15T10:31:19.000Z,2026-07-15T10:33:20.000Z,2026-07-15T10:33:21.000Z,,33.39,2026-07-15T10:33:21.000Z,cancel,Valid Cancel,monthly,2026-07-15T11:03:24.000Z,2026-07-15T11:03:24.000Z,16.65,16.65,16.65,Brightback,,,,,,,1697125,2026-07-14T17:48:13.000Z,,2026-07-14T17:48:14.000Z,,h_2ce1857471a2ff50,,1,2026-07-14T17:48:14.000Z,USD,u_38f7b340b717cef1,ACTIVE,h_377b1a0963056ab3,[name],16.65,monthly_plus,,2026-07-14T17:48:14.000Z,teacher,,1,monthly_plus,2026-07-14T17:48:14.000Z,_UNKNOWN,1665,MONTH,monthly_plus,,High School,[name],2026-08-14T17:48:14.000Z,,1665,,2026-08-14T17:48:14.000Z,2026-07-14T17:48:14.000Z,1665,[name],,https://www.supersummary.com/subscription,https://www.supersummary.com/subscription/confirming/cancel,,Teacher Experience [July 2025] [40% one-time / Modal],,07-14-2026,,07-15-2026,07-14-2026,07-14-2026,07-14-2026,,07-14-2026,08-14-2026
Wg7F53q_b368d8d422ab6a0c,169pX2VPMfUsZqx2,,Book Club Members; fallback,,,[name],[name],,I couldn’t find content for the book(s) I’m reading,issues_w_product_2058840385,Missing content or not enough content,missing_content_or_not_enough_content,,Product (Digital),product_digital,5,,,u_ab2f02484156d03f,,,,0,,,Canceled,2026-07-15T05:03:58.000Z,2026-07-15T05:04:57.000Z,2026-07-15T05:04:57.000Z,,33.62,2026-07-15T05:04:57.000Z,cancel,Valid Cancel,annual,2027-07-14T16:13:13.000Z,2027-07-14T16:13:13.000Z,3.0,3.0,36.0,Brightback,,,,,,,169pX2VPMfUsZqx2,2026-07-14T16:13:11.000Z,,2026-07-14T16:13:13.000Z,,h_dc4213cbb0692a68,,1,2026-07-14T16:13:13.000Z,USD,u_ab2f02484156d03f,ACTIVE,h_87737ca8d844e977,[name],,,,2026-07-14T16:13:13.000Z,book_club_member,,1,annual_essentials,2026-07-14T16:13:13.000Z,_UNKNOWN,3600,YEAR,,,,[name],2027-07-14T16:13:13.000Z,,300,,2027-07-14T16:13:13.000Z,2026-07-14T16:13:13.000Z,3600,,,,,,BCM Experience [July 2025] [25% one-time / No Entry Modal],,07-14-2026,,07-15-2026,07-14-2026,07-14-2026,07-14-2026,,07-14-2026,07-14-2027
Wg7F4dl_b02f945724c2b4c6,1694509,,Students; fallback,,,[name],[name],[name],I couldn’t find content for the book(s) I’m reading,issues_w_product_2058840385,Missing content or not enough content,missing_content_or_not_enough_content,,Product (Digital),product_digital,8,Ai ,,u_d851d53c26c17c94,having my book ,,,1,36.0,,Canceled,2026-07-15T04:39:54.000Z,2026-07-15T04:40:39.000Z,2026-07-15T04:40:39.000Z,,33.64,2026-07-15T04:40:39.000Z,cancel,Valid Cancel,annual,2027-07-11T05:11:56.000Z,2027-07-11T05:11:56.000Z,3.0,3.0,36.0,Brightback,,,,,,,1694509,2026-07-11T05:09:45.000Z,,2026-07-11T05:11:56.000Z,,h_e022fa647688d48b,,1,2026-07-11T05:11:56.000Z,USD,u_d851d53c26c17c94,ACTIVE,h_e62af4243b3a5d2e,[name],36.0,annual_essentials,,2026-07-11T05:11:56.000Z,student,,1,annual_essentials,2026-07-11T05:11:56.000Z,_UNKNOWN,3600,YEAR,annual_essentials,,High School,[name],2027-07-11T05:11:56.000Z,,300,,2027-07-11T05:11:56.000Z,2026-07-11T05:11:56.000Z,3600,[name],,https://www.supersummary.com/subscription,https://www.supersummary.com/subscription/confirming/cancel,,Student Experience [July 2025] [25% one-time / No Entry Modal],,07-11-2026,,07-15-2026,07-11-2026,07-11-2026,07-11-2026,,07-11-2026,07-11-2027
Wg7EIA1_b79918e29cb040e8,1696218,,Parents; fallback,,,[name],[name],[name],I couldn’t find content for the book(s) I’m reading,issues_w_product_2058840385,Missing content or not enough content,missing_content_or_not_enough_content,,Product (Digital),product_digital,7,google,,u_129aca3a1eea6bec,,,,0,60.0,,Canceled,2026-07-14T18:10:21.000Z,2026-07-14T18:12:17.000Z,2026-07-14T18:12:17.000Z,,34.07,2026-07-14T18:12:17.000Z,cancel,Valid Cancel,annual,2027-07-13T18:36:32.000Z,2027-07-13T18:36:32.000Z,5.0,5.0,60.0,Brightback,,,,,,,1696218,2026-07-13T18:36:29.000Z,,2026-07-13T18:36:32.000Z,,h_e33a715e93b7897f,,1,2026-07-13T18:36:32.000Z,USD,u_129aca3a1eea6bec,ACTIVE,h_f1e4662daca08cca,[name],60.0,annual_plus,,2026-07-13T18:36:32.000Z,parent_of_student,,1,annual_plus,2026-07-13T18:36:32.000Z,_UNKNOWN,6000,YEAR,annual_plus,,College,[name],2027-07-13T18:36:32.000Z,,500,,2027-07-13T18:36:32.000Z,2026-07-13T18:36:32.000Z,6000,[name],,https://www.supersummary.com/subscription,https://www.supersummary.com/subscription/confirming/cancel,,Parent Experience [July 2025] [25% one-time / No Entry Modal],,07-13-2026,,07-14-2026,07-13-2026,07-13-2026,07-13-2026,,07-13-2026,07-13-2027
Wg7EGg6_8f96a2c9db354a08,Azyu3DVPMDzO5Ucz,,Students; fallback,,,[name],[name],,I couldn’t find content for the book(s) I’m reading,issues_w_product_2058840385,Missing content or not enough content,missing_content_or_not_enough_content,,Product (Digital),product_digital,10,,,u_0a21b856e1c4dcb2,,,,0,,,Canceled,2026-07-14T16:42:09.000Z,2026-07-14T16:42:35.000Z,2026-07-14T16:42:35.000Z,,34.14,2026-07-14T16:42:35.000Z,cancel,Valid Cancel,monthly,2026-08-14T14:23:57.000Z,2026-08-14T14:23:57.000Z,16.65,16.65,16.65,Brightback,,,,,,,Azyu3DVPMDzO5Ucz,2026-07-14T14:23:54.000Z,,2026-07-14T14:23:57.000Z,,h_10a9599acf99ae13,,1,2026-07-14T14:23:57.000Z,USD,u_0a21b856e1c4dcb2,ACTIVE,h_41a2e2d2233efd55,[name],,,,2026-07-14T14:23:57.000Z,student,,1,monthly_plus,2026-07-14T14:23:57.000Z,_UNKNOWN,1665,MONTH,,,College,[name],2026-08-14T14:23:57.000Z,,1665,,2026-08-14T14:23:57.000Z,2026-07-14T14:23:57.000Z,1665,,,,,,Student Experience [July 2025] [25% one-time / No Entry Modal],,07-14-2026,,07-14-2026,07-14-2026,07-14-2026,07-14-2026,,07-14-2026,08-14-2026
Wg7EArn_afa494b6ecde6bdb,16CchHVP61rjM1Tzs,,Students; fallback,,,[name],[name],,I couldn’t find content for the book(s) I’m reading,issues_w_product_2058840385,Missing content or not enough content,missing_content_or_not_enough_content,,Product (Digital),product_digital,3,,,u_6e082f659686400b,,,,0,,,Canceled,2026-07-14T10:53:52.000Z,2026-07-14T10:54:13.000Z,2026-07-14T10:54:13.000Z,,34.38,2026-07-14T10:54:13.000Z,cancel,Valid Cancel,annual,2027-07-11T19:55:26.000Z,2027-07-11T19:55:26.000Z,3.0,3.0,36.0,Brightback,,,,,,,16CchHVP61rjM1Tzs,2023-03-30T20:19:54.000Z,,2026-07-11T19:55:26.000Z,,h_3a8f3f3e4f11dfe7,,1,2026-07-11T19:55:26.000Z,USD,u_6e082f659686400b,ACTIVE,h_697ee7b939d902a4,[name],,,,2026-07-11T19:55:26.000Z,student,,1,annual_essentials,2026-07-11T19:55:26.000Z,_UNKNOWN,3600,YEAR,,,College,[name],2027-07-11T19:55:26.000Z,,300,,2027-07-11T19:55:26.000Z,2026-07-11T19:55:26.000Z,3600,,,,,,Student Experience [July 2025] [25% one-time / No Entry Modal],,07-11-2026,,07-14-2026,07-11-2026,07-11-2026,03-30-2023,,07-11-2026,07-11-2027
Wg7E1kv_979a81923f9cbdd7,1695519,,fallback,,,[name],[name],[name],I couldn’t find content for the book(s) I’m reading,issues_w_product_2058840385,Missing content or not enough content,missing_content_or_not_enough_content,,Product (Digital),product_digital,3,,,u_06bd97956fb1d710,"Provide any book. Too limited. I am a WWII Historian. Non-fiction and historical fiction on WWII, that is the only subject I read at this time.",,,1,60.0,,Canceled,2026-07-14T01:47:03.000Z,2026-07-14T01:49:54.000Z,2026-07-14T01:49:55.000Z,,34.76,2026-07-14T01:49:55.000Z,cancel,Valid Cancel,annual,2026-07-14T07:21:55.000Z,2026-07-14T07:21:55.000Z,5.0,5.0,60.0,Brightback,,,,,,,1695519,2026-07-12T20:48:01.000Z,,2026-07-12T20:48:02.000Z,,h_9341e0002803024b,,1,2026-07-12T20:48:02.000Z,USD,u_06bd97956fb1d710,ACTIVE,h_5f7bb61823566f76,[name],60.0,annual_plus,,2026-07-12T20:48:02.000Z,other,,1,annual_plus,2026-07-12T20:48:02.000Z,_UNKNOWN,6000,YEAR,annual_plus,,,[name],2027-07-12T20:48:02.000Z,,500,,2027-07-12T20:48:02.000Z,2026-07-12T20:48:02.000Z,6000,[name],,https://www.supersummary.com/subscription,https://www.supersummary.com/subscription/confirming/cancel,,Default/Fallback [July 2025] [25% one time / No entry modal],,07-12-2026,,07-14-2026,07-12-2026,07-12-2026,07-12-2026,,07-12-2026,07-12-2027
Wg7DMqw_a9f7872d661f9af1,16CULlVOj7jYW2Wgq,,Students; fallback,,,[name],[name],,I couldn’t find content for the book(s) I’m reading,issues_w_product_2058840385,Missing content or not enough content,missing_content_or_not_enough_content,,Product (Digital),product_digital,8,,,u_48ab11468144324e,,,,0,,,Canceled,2026-07-13T22:52:59.000Z,2026-07-13T22:53:26.000Z,2026-07-13T22:53:26.000Z,,34.88,2026-07-13T22:53:26.000Z,cancel,Valid Cancel,monthly,2026-08-07T21:54:29.000Z,2026-08-07T21:54:29.000Z,16.65,16.65,16.65,Brightback,,,,,,,16CULlVOj7jYW2Wgq,2026-07-07T21:52:00.000Z,,2026-07-07T21:54:29.000Z,,h_a2bc2a84d6e4cbab,,1,2026-07-07T21:54:29.000Z,USD,u_48ab11468144324e,ACTIVE,h_9b6dbeeb823df731,[name],,,,2026-07-07T21:54:29.000Z,student,,1,monthly_plus,2026-07-07T21:54:29.000Z,_UNKNOWN,1665,MONTH,,,College,[name],2026-08-07T21:54:29.000Z,,1665,,2026-08-07T21:54:29.000Z,2026-07-07T21:54:29.000Z,1665,,,,,,Student Experience [July 2025] [25% one-time / No Entry Modal],,07-07-2026,,07-13-2026,07-07-2026,07-07-2026,07-07-2026,,07-07-2026,08-07-2026
Wg7DMHt_87b05a2e928e5ad6,AzZt1tVPII2oC2I3j,,Students; fallback,,,[name],[name],,I couldn’t find content for the book(s) I’m reading,issues_w_product_2058840385,Missing content or not enough content,missing_content_or_not_enough_content,,Product (Digital),product_digital,1,,,u_ee877144461d9208,,,,0,,,Canceled,2026-07-13T22:17:58.000Z,2026-07-13T22:18:26.000Z,2026-07-13T22:18:26.000Z,,34.9,2026-07-13T22:18:26.000Z,cancel,Valid Cancel,monthly,2026-08-13T22:14:58.000Z,2026-08-13T22:14:58.000Z,16.65,16.65,16.65,Brightback,,,,,,,AzZt1tVPII2oC2I3j,2026-07-13T22:13:11.000Z,,2026-07-13T22:14:58.000Z,,h_0954c0bb6370dd8b,,1,2026-07-13T22:14:58.000Z,USD,u_ee877144461d9208,ACTIVE,h_42d65d92e0a03727,[name],,,,2026-07-13T22:14:58.000Z,student,,1,monthly_plus,2026-07-13T22:14:58.000Z,_UNKNOWN,1665,MONTH,,,College,[name],2026-08-13T22:14:58.000Z,,1665,,2026-08-13T22:14:58.000Z,2026-07-13T22:14:58.000Z,1665,,,,,,Student Experience [July 2025] [25% one-time / No Entry Modal],,07-13-2026,,07-13-2026,07-13-2026,07-13-2026,07-13-2026,,07-13-2026,08-13-2026
Wg7DLOY_99be83f3c36f2060,1693610,,Book Club Members; fallback,,,[name],[name],[name],I couldn’t find content for the book(s) I’m reading,issues_w_product_2058840385,Missing content or not enough content,missing_content_or_not_enough_content,,Product (Digital),product_digital,4,AI,,u_de3181a2f323e852,Have even more titles,,,1,36.0,,Canceled,2026-07-13T21:25:10.000Z,2026-07-13T21:26:03.000Z,2026-07-13T21:26:09.000Z,,34.94,2026-07-13T21:26:09.000Z,cancel,Valid Cancel,annual,2027-07-09T20:11:27.000Z,2027-07-09T20:11:27.000Z,3.0,3.0,36.0,Brightback,,,,,,,1693610,2026-07-09T20:11:25.000Z,,2026-07-09T20:11:27.000Z,,h_3401f48823bd2d3e,,1,2026-07-09T20:11:27.000Z,USD,u_de3181a2f323e852,ACTIVE,h_4eec4b9258a605e6,[name],36.0,annual_essentials,,2026-07-09T20:11:27.000Z,book_club_member,,1,annual_essentials,2026-07-09T20:11:27.000Z,_UNKNOWN,3600,YEAR,annual_essentials,,,[name],2027-07-09T20:11:27.000Z,,300,,2027-07-09T20:11:27.000Z,2026-07-09T20:11:27.000Z,3600,[name],,https://www.supersummary.com/subscription,https://www.supersummary.com/subscription/confirming/cancel,,BCM Experience [July 2025] [25% one-time / No Entry Modal],,07-09-2026,,07-13-2026,07-09-2026,07-09-2026,07-09-2026,,07-09-2026,07-09-2027
Wg7DHnx_bbd944756b86a940,6oZzjTYDBHk82o4f,,Book Club Members; Annual,,,[name],[name],,I couldn’t find content for the book(s) I’m reading,issues_w_product_2058840385,Missing content or not enough content,missing_content_or_not_enough_content,,Product (Digital),product_digital,5,My own analysis skills,,u_ccbf050071dda746,More complete library,,,1,,,Canceled,2026-07-13T17:50:03.000Z,2026-07-13T17:52:37.000Z,2026-07-13T17:52:37.000Z,,35.09,2026-07-13T17:52:37.000Z,cancel,Valid Cancel,annual,2027-03-11T15:55:30.000Z,2027-03-11T15:55:30.000Z,3.0,3.0,36.0,Brightback,,,,,,,6oZzjTYDBHk82o4f,2023-03-11T15:55:28.000Z,,2023-03-11T15:55:30.000Z,,h_3df654575faf94f2,,1,2023-03-11T15:55:30.000Z,USD,u_ccbf050071dda746,ACTIVE,h_ba5120c380481dd7,[name],,,,2026-03-11T15:55:30.000Z,book_club_member,,1,annual,2023-03-11T15:55:30.000Z,_UNKNOWN,3600,YEAR,,,,[name],2027-03-11T15:55:30.000Z,,300,,2027-03-11T15:55:30.000Z,2023-03-11T15:55:30.000Z,3600,,,,,,BCM Experience [July 2025] [25% one-time / No Entry Modal],,03-11-2023,,07-13-2026,03-11-2023,03-11-2023,03-11-2023,,03-11-2023,03-11-2027
Wg7D36w_b86dabaf07b11f46,AzqZslVPDcaAS4yFu,,Teachers; fallback,,,[name],[name],,I couldn’t find content for the book(s) I’m reading,issues_w_product_2058840385,Missing content or not enough content,missing_content_or_not_enough_content,,Product (Digital),product_digital,7,,,u_2203a4ba26da0ef3,,,,0,,,Canceled,2026-07-13T03:07:04.000Z,2026-07-13T03:07:50.000Z,2026-07-13T03:29:11.000Z,,35.7,2026-07-13T03:29:11.000Z,cancel,Valid Cancel,annual,2027-07-13T03:05:11.000Z,2027-07-13T03:05:11.000Z,5.0,5.0,60.0,Brightback,,,,,,,AzqZslVPDcaAS4yFu,2026-07-13T03:05:08.000Z,,2026-07-13T03:05:11.000Z,,h_4bca9ca065aa5088,,1,2026-07-13T03:05:11.000Z,USD,u_2203a4ba26da0ef3,ACTIVE,h_6d72840fc65f46ea,[name],,,,2026-07-13T03:05:11.000Z,teacher,,1,annual_plus,2026-07-13T03:05:11.000Z,_UNKNOWN,6000,YEAR,,,High School,[name],2027-07-13T03:05:11.000Z,,500,,2027-07-13T03:05:11.000Z,2026-07-13T03:05:11.000Z,6000,,,,,,Teacher Experience [July 2025] [40% one-time / Modal],,07-13-2026,,07-13-2026,07-13-2026,07-13-2026,07-13-2026,,07-13-2026,07-13-2027
Wg7CCqW_a61cb054ab44269e,1695218,,Students; fallback,,,[name],[name],[name],I couldn’t find content for the book(s) I’m reading,issues_w_product_2058840385,Missing content or not enough content,missing_content_or_not_enough_content,,Product (Digital),product_digital,1,,,u_f3d14a9f8465e4d4,,,,0,60.0,,Canceled,2026-07-12T12:52:38.000Z,2026-07-12T12:53:02.000Z,2026-07-12T12:53:02.000Z,,36.29,2026-07-12T12:53:02.000Z,cancel,Valid Cancel,annual,2027-07-12T12:39:41.000Z,2027-07-12T12:39:41.000Z,5.0,5.0,60.0,Brightback,,,,,,,1695218,2026-07-12T12:39:40.000Z,,2026-07-12T12:39:41.000Z,,h_70d9b498583e1046,,1,2026-07-12T12:39:41.000Z,USD,u_f3d14a9f8465e4d4,ACTIVE,h_288c1c434d10d55e,[name],60.0,annual_plus,,2026-07-12T12:39:41.000Z,student,,1,annual_plus,2026-07-12T12:39:41.000Z,_UNKNOWN,6000,YEAR,annual_plus,,College,[name],2027-07-12T12:39:41.000Z,,500,,2027-07-12T12:39:41.000Z,2026-07-12T12:39:41.000Z,6000,[name],,https://www.supersummary.com/subscription,https://www.supersummary.com/subscription/confirming/cancel,,Student Experience [July 2025] [25% one-time / No Entry Modal],,07-12-2026,,07-12-2026,07-12-2026,07-12-2026,07-12-2026,,07-12-2026,07-12-2027
Wg7BEhW_aa9ccdc3eac81447,AzygBBUwUuSWY1tmE,,Parents; fallback,,,[name],[name],,I couldn’t find content for the book(s) I’m reading,issues_w_product_2058840385,Missing content or not enough content,missing_content_or_not_enough_content,,Product (Digital),product_digital,1,,,u_3358b3bd3f1d9dba,,,,0,,,Canceled,2026-07-11T14:43:35.000Z,2026-07-11T14:43:58.000Z,2026-07-11T14:43:59.000Z,,37.22,2026-07-11T14:43:59.000Z,cancel,Valid Cancel,monthly,2026-08-11T14:05:17.000Z,2026-08-11T14:05:17.000Z,16.65,16.65,16.65,Brightback,,,,,,,AzygBBUwUuSWY1tmE,2025-09-11T14:05:15.000Z,,2025-09-11T14:05:17.000Z,,h_4a73c1a338d753c6,,1,2025-09-11T14:05:17.000Z,USD,u_3358b3bd3f1d9dba,ACTIVE,h_1860845dddf0cbc8,[name],,,,2026-07-11T14:05:17.000Z,parent_of_student,,1,monthly_plus,2025-09-11T14:05:17.000Z,_UNKNOWN,1665,MONTH,,,High School,[name],2026-08-11T14:05:17.000Z,,1665,,2026-08-11T14:05:17.000Z,2025-09-11T14:05:17.000Z,1665,,,,,,Parent Experience [July 2025] [25% one-time / No Entry Modal],,09-11-2025,,07-11-2026,09-11-2025,09-11-2025,09-11-2025,,09-11-2025,08-11-2026
Wg7B8f7_b79359a888aaf11a,387477,,fallback,,,[name],[name],[name],I couldn’t find content for the book(s) I’m reading,issues_w_product_2058840385,Missing content or not enough content,missing_content_or_not_enough_content,,Product (Digital),product_digital,1,,,u_6e3ae9669becd06f,,,,0,36.0,,Canceled,2026-07-11T08:41:22.000Z,2026-07-11T08:41:54.000Z,2026-07-11T08:41:54.000Z,,37.47,2026-07-11T08:41:54.000Z,cancel,Valid Cancel,annual,2027-07-10T16:51:02.000Z,2027-07-10T16:51:02.000Z,3.0,3.0,36.0,Brightback,,,,,,,387477,2023-07-10T16:51:00.000Z,,2023-07-10T16:51:02.000Z,,h_e178f3a3c96ce197,,1,2023-07-10T16:51:02.000Z,USD,u_6e3ae9669becd06f,ACTIVE,h_091dc4efe152e292,[name],36.0,annual,,2026-07-10T16:51:02.000Z,other,,1,annual,2023-07-10T16:51:02.000Z,_UNKNOWN,3600,YEAR,annual,,,[name],2027-07-10T16:51:02.000Z,,300,,2027-07-10T16:51:02.000Z,2023-07-10T16:51:02.000Z,3600,[name],,https://www.supersummary.com/subscription,https://www.supersummary.com/subscription/confirming/cancel,,Default/Fallback [July 2025] [25% one time / No entry modal],,07-10-2023,,07-11-2026,07-10-2023,07-10-2023,07-10-2023,,07-10-2023,07-10-2027
Wg7AIUM_822e89292d488e17,AzZj8jVOzcVXE1rJ7,,Book Club Members; fallback,,,[name],[name],,I couldn’t find content for the book(s) I’m reading,issues_w_product_2058840385,Missing content or not enough content,missing_content_or_not_enough_content,,Product (Digital),product_digital,8,Books,,u_7cd32fb761d61662,,,,0,,,Canceled,2026-07-10T18:30:25.000Z,2026-07-10T18:31:10.000Z,2026-07-10T18:31:10.000Z,,38.06,2026-07-10T18:31:10.000Z,cancel,Valid Cancel,monthly,2026-08-10T17:37:05.000Z,2026-08-10T17:37:05.000Z,16.65,16.65,16.65,Brightback,,,,,,,AzZj8jVOzcVXE1rJ7,2026-07-10T17:37:02.000Z,,2026-07-10T17:37:05.000Z,,h_665c4f143ce4ff74,,1,2026-07-10T17:37:05.000Z,USD,u_7cd32fb761d61662,ACTIVE,h_54f4063d8b006c84,[name],,,,2026-07-10T17:37:05.000Z,book_club_member,,1,monthly_plus,2026-07-10T17:37:05.000Z,_UNKNOWN,1665,MONTH,,,,[name],2026-08-10T17:37:05.000Z,,1665,,2026-08-10T17:37:05.000Z,2026-07-10T17:37:05.000Z,1665,,,,,,BCM Experience [July 2025] [25% one-time / No Entry Modal],,07-10-2026,,07-10-2026,07-10-2026,07-10-2026,07-10-2026,,07-10-2026,08-10-2026
Wg7AEYb_88f5cd40b111c560,553865,,Students; Annual,,,[name],[name],[name],I couldn’t find content for the book(s) I’m reading,issues_w_product_2058840385,Missing content or not enough content,missing_content_or_not_enough_content,,Product (Digital),product_digital,2,,,u_14d672939889d486,,,,0,36.0,,Canceled,2026-07-10T14:35:00.000Z,2026-07-10T14:35:19.000Z,2026-07-10T14:35:20.000Z,,38.22,2026-07-10T14:35:20.000Z,cancel,Valid Cancel,annual,2027-05-01T00:49:51.000Z,2027-05-01T00:49:51.000Z,3.0,3.0,36.0,Brightback,,,,,,,553865,2024-05-01T00:49:48.000Z,,2024-05-01T00:49:51.000Z,,h_972d0552c11b2a88,,1,2024-05-01T00:49:51.000Z,USD,u_14d672939889d486,ACTIVE,h_1f97034fb0f11165,[name],36.0,annual,,2026-05-01T00:49:51.000Z,student,,1,annual,2024-05-01T00:49:51.000Z,_UNKNOWN,3600,YEAR,annual,,High School,[name],2027-05-01T00:49:51.000Z,,300,,2027-05-01T00:49:51.000Z,2024-05-01T00:49:51.000Z,3600,[name],,https://www.supersummary.com/subscription,https://www.supersummary.com/subscription/confirming/cancel,,Student Experience [July 2025] [25% one-time / No Entry Modal],,05-01-2024,,07-10-2026,05-01-2024,05-01-2024,05-01-2024,,05-01-2024,05-01-2027
Wg7ADFw_af063976124152e8,AzZOkhUvljByv3DxQ,,Book Club Members; Annual,,,[name],[name],,I couldn’t find content for the book(s) I’m reading,issues_w_product_2058840385,Missing content or not enough content,missing_content_or_not_enough_content,,Product (Digital),product_digital,5,,,u_1e3e9ac1a323f75a,,,,0,,,Canceled,2026-07-10T13:16:04.000Z,2026-07-10T13:17:27.000Z,2026-07-10T13:17:27.000Z,,38.28,2026-07-10T13:17:27.000Z,cancel,Valid Cancel,annual,2026-09-03T20:38:17.000Z,2026-09-03T20:38:17.000Z,3.0,3.0,36.0,Brightback,,,,,,,AzZOkhUvljByv3DxQ,2025-09-03T20:38:14.000Z,,2025-09-03T20:38:17.000Z,,h_3e5289e37000b036,,1,2025-09-03T20:38:17.000Z,USD,u_1e3e9ac1a323f75a,ACTIVE,h_3b505f7db720996a,[name],,,,2025-09-03T20:38:17.000Z,book_club_member,,1,annual,2025-09-03T20:38:17.000Z,_UNKNOWN,3600,YEAR,,,,[name],2026-09-03T20:38:17.000Z,,300,,2026-09-03T20:38:17.000Z,2025-09-03T20:38:17.000Z,3600,,,,,,BCM Experience [July 2025] [25% one-time / No Entry Modal],,09-03-2025,,07-10-2026,09-03-2025,09-03-2025,09-03-2025,,09-03-2025,09-03-2026
Wg79KcG_a5246eb1047dd865,1685354,,Students; fallback,,,[name],[name],[name],I couldn’t find content for the book(s) I’m reading,issues_w_product_2058840385,Missing content or not enough content,missing_content_or_not_enough_content,,Product (Digital),product_digital,5,,,u_d513602b8092cf26,,,,0,36.0,,Canceled,2026-07-09T20:38:27.000Z,2026-07-09T20:38:51.000Z,2026-07-09T20:38:51.000Z,,38.97,2026-07-09T20:38:51.000Z,cancel,Valid Cancel,annual,2027-06-27T18:14:30.000Z,2027-06-27T18:14:30.000Z,3.0,3.0,36.0,Brightback,,,,,,,1685354,2026-06-27T18:14:27.000Z,,2026-06-27T18:14:30.000Z,,h_92a293aee15337e7,,1,2026-06-27T18:14:30.000Z,USD,u_d513602b8092cf26,ACTIVE,h_e4f6f9b48b221454,[name],36.0,annual_essentials,,2026-06-27T18:14:30.000Z,student,,1,annual_essentials,2026-06-27T18:14:30.000Z,_UNKNOWN,3600,YEAR,annual_essentials,,College,[name],2027-06-27T18:14:30.000Z,,300,,2027-06-27T18:14:30.000Z,2026-06-27T18:14:30.000Z,3600,[name],,https://www.supersummary.com/subscription,https://www.supersummary.com/subscription/confirming/cancel,,Student Experience [July 2025] [25% one-time / No Entry Modal],,06-27-2026,,07-09-2026,06-27-2026,06-27-2026,06-27-2026,,06-27-2026,06-27-2027
Wg79JVU_93b0556c203b2fa9,AzqgeiVOu0olt1x0H,,Teachers; fallback,,,[name],[name],,I couldn’t find content for the book(s) I’m reading,issues_w_product_2058840385,Missing content or not enough content,missing_content_or_not_enough_content,,Product (Digital),product_digital,7,,,u_cde7f88cb4c9ed86,,,,0,,,Canceled,2026-07-09T19:31:33.000Z,2026-07-09T19:32:05.000Z,2026-07-09T19:32:05.000Z,,39.02,2026-07-09T19:32:05.000Z,cancel,Valid Cancel,monthly,2026-08-09T18:36:01.000Z,2026-08-09T18:36:01.000Z,16.65,16.65,16.65,Brightback,,,,,,,AzqgeiVOu0olt1x0H,2026-07-09T18:35:57.000Z,,2026-07-09T18:36:01.000Z,,h_f4e34ce60935dc99,,1,2026-07-09T18:36:01.000Z,USD,u_cde7f88cb4c9ed86,ACTIVE,h_f1d269bb244dfe19,[name],,,,2026-07-09T18:36:01.000Z,teacher,,1,monthly_plus,2026-07-09T18:36:01.000Z,_UNKNOWN,1665,MONTH,,,College,[name],2026-08-09T18:36:01.000Z,,1665,,2026-08-09T18:36:01.000Z,2026-07-09T18:36:01.000Z,1665,,,,,,Teacher Experience [July 2025] [40% one-time / Modal],,07-09-2026,,07-09-2026,07-09-2026,07-09-2026,07-09-2026,,07-09-2026,08-09-2026
Wg79FLo_90f83d971820e22a,AzywikVGEntes2wwL,,Students; fallback,,,[name],[name],,I couldn’t find content for the book(s) I’m reading,issues_w_product_2058840385,Missing content or not enough content,missing_content_or_not_enough_content,,Product (Digital),product_digital,1,,,u_748bea10251ecc7d,,,,0,,,Canceled,2026-07-09T15:21:53.000Z,2026-07-09T15:22:41.000Z,2026-07-09T15:22:41.000Z,,39.19,2026-07-09T15:22:41.000Z,cancel,Valid Cancel,monthly,2026-08-08T21:36:29.000Z,2026-08-08T21:36:29.000Z,9.95,9.95,9.95,Brightback,,,,,,,AzywikVGEntes2wwL,2026-04-08T21:36:25.000Z,,2026-04-08T21:36:29.000Z,,h_f267aa62ee9968bc,,1,2026-04-08T21:36:29.000Z,USD,u_748bea10251ecc7d,ACTIVE,h_567388179fe355d1,[name],,,,2026-07-08T21:36:29.000Z,student,,1,monthly_essentials,2026-04-08T21:36:29.000Z,_UNKNOWN,995,MONTH,,,College,[name],2026-08-08T21:36:29.000Z,,995,,2026-08-08T21:36:29.000Z,2026-04-08T21:36:29.000Z,995,,,,,,Student Experience [July 2025] [25% one-time / No Entry Modal],,04-08-2026,,07-09-2026,04-08-2026,04-08-2026,04-08-2026,,04-08-2026,08-08-2026
Wg792RP_9e4aa7ce48efe542,AzymOZVOq4o4r3Dzn,,Book Club Members; fallback,,,[name],[name],,I couldn’t find content for the book(s) I’m reading,issues_w_product_2058840385,Missing content or not enough content,missing_content_or_not_enough_content,,Product (Digital),product_digital,10,,,u_7c94bd50a2b0f803,,,,0,,,Canceled,2026-07-09T02:27:28.000Z,2026-07-09T02:27:49.000Z,2026-07-09T02:27:49.000Z,,39.73,2026-07-09T02:27:49.000Z,cancel,Valid Cancel,monthly,2026-08-09T02:26:46.000Z,2026-08-09T02:26:46.000Z,9.95,9.95,9.95,Brightback,,,,,,,AzymOZVOq4o4r3Dzn,2025-11-22T15:43:54.000Z,,2026-07-09T02:26:46.000Z,,h_096022be3ada5497,,1,2026-07-09T02:26:46.000Z,USD,u_7c94bd50a2b0f803,ACTIVE,h_b53736202507debf,[name],,,,2026-07-09T02:26:46.000Z,book_club_member,,1,monthly_essentials,2026-07-09T02:26:46.000Z,_UNKNOWN,995,MONTH,,,,[name],2026-08-09T02:26:46.000Z,,995,,2026-08-09T02:26:46.000Z,2026-07-09T02:26:46.000Z,995,,,,,,BCM Experience [July 2025] [25% one-time / No Entry Modal],,07-09-2026,,07-09-2026,07-09-2026,07-09-2026,11-22-2025,,07-09-2026,08-09-2026
Wg790wd_aa7abd5a2ca14f5b,AzytJcVOdiikDCcKJ,,Teachers; fallback,,,[name],[name],,I couldn’t find content for the book(s) I’m reading,issues_w_product_2058840385,Missing content or not enough content,missing_content_or_not_enough_content,,Product (Digital),product_digital,4,,,u_4b7e2fe5ed0f4333,,,,0,,,Canceled,2026-07-09T00:58:41.000Z,2026-07-09T00:59:01.000Z,2026-07-10T01:15:06.000Z,,39.79,2026-07-10T01:15:06.000Z,cancel,Valid Cancel,annual,2027-07-06T23:43:46.000Z,2027-07-06T23:43:46.000Z,3.0,3.0,36.0,Brightback,,,,,,,AzytJcVOdiikDCcKJ,2026-07-06T23:43:45.000Z,,2026-07-06T23:43:46.000Z,,h_f2be335f6c4bfef8,,1,2026-07-06T23:43:46.000Z,USD,u_4b7e2fe5ed0f4333,ACTIVE,h_7149ead77ec7c904,[name],,,,2026-07-06T23:43:46.000Z,teacher,,1,annual_essentials,2026-07-06T23:43:46.000Z,_UNKNOWN,3600,YEAR,,,Middle School,[name],2027-07-06T23:43:46.000Z,,300,,2027-07-06T23:43:46.000Z,2026-07-06T23:43:46.000Z,3600,,,,,,Teacher Experience [July 2025] [40% one-time / Modal],,07-06-2026,,07-09-2026,07-06-2026,07-06-2026,07-06-2026,,07-06-2026,07-06-2027
Wg78HuS_8652c67244b43337,16Bf8rVLnKBJU3ZZ6,,Book Club Members; fallback,,,[name],[name],,I couldn’t find content for the book(s) I’m reading,issues_w_product_2058840385,Missing content or not enough content,missing_content_or_not_enough_content,,Product (Digital),product_digital,5,Na,,u_cd2debbb1d9f8a83,Na,,,1,,,Canceled,2026-07-08T17:56:30.000Z,2026-07-08T17:57:03.000Z,2026-07-08T17:57:03.000Z,,40.08,2026-07-08T17:57:03.000Z,cancel,Valid Cancel,monthly,2026-08-06T19:42:23.000Z,2026-08-06T19:42:23.000Z,9.95,9.95,9.95,Brightback,,,,,,,16Bf8rVLnKBJU3ZZ6,2026-06-06T19:42:20.000Z,,2026-06-06T19:42:23.000Z,,h_3e101780cfcfb22f,,1,2026-06-06T19:42:23.000Z,USD,u_cd2debbb1d9f8a83,ACTIVE,h_28048a73f66bd08f,[name],,,,2026-07-06T19:42:23.000Z,book_club_member,,1,monthly_essentials,2026-06-06T19:42:23.000Z,_UNKNOWN,995,MONTH,,,,[name],2026-08-06T19:42:23.000Z,,995,,2026-08-06T19:42:23.000Z,2026-06-06T19:42:23.000Z,995,,,,,,BCM Experience [July 2025] [25% one-time / No Entry Modal],,06-06-2026,,07-08-2026,06-06-2026,06-06-2026,06-06-2026,,06-06-2026,08-06-2026
Wg77NsS_b9a231a68aa2bd44,AzqFN2VOjb94Q2vwl,,Book Club Members; fallback,,,[name],[name],,I couldn’t find content for the book(s) I’m reading,issues_w_product_2058840385,Missing content or not enough content,missing_content_or_not_enough_content,,Product (Digital),product_digital,6,,,u_ac040631375d024d,,,,0,,,Canceled,2026-07-07T23:54:30.000Z,2026-07-07T23:55:16.000Z,2026-07-07T23:55:16.000Z,,40.84,2026-07-07T23:55:16.000Z,cancel,Valid Cancel,annual,2027-07-07T23:51:19.000Z,2027-07-07T23:51:19.000Z,3.0,3.0,36.0,Brightback,,,,,,,AzqFN2VOjb94Q2vwl,2026-07-07T23:51:18.000Z,,2026-07-07T23:51:19.000Z,,h_2a0d5acc4f7176a7,,1,2026-07-07T23:51:19.000Z,USD,u_ac040631375d024d,ACTIVE,h_b7e5efa777243d28,[name],,,,2026-07-07T23:51:19.000Z,book_club_member,,1,annual_essentials,2026-07-07T23:51:19.000Z,_UNKNOWN,3600,YEAR,,,,[name],2027-07-07T23:51:19.000Z,,300,,2027-07-07T23:51:19.000Z,2026-07-07T23:51:19.000Z,3600,,,,,,BCM Experience [July 2025] [25% one-time / No Entry Modal],,07-07-2026,,07-07-2026,07-07-2026,07-07-2026,07-07-2026,,07-07-2026,07-07-2027
Wg77IxQ_b2222c954eb738e0,169jReUqIBDR83Eqh,,fallback,,,[name],[name],,I couldn’t find content for the book(s) I’m reading,issues_w_product_2058840385,Missing content or not enough content,missing_content_or_not_enough_content,,Product (Digital),product_digital,7,,,u_731b36caccceba14,,,,0,,,Canceled,2026-07-07T18:59:30.000Z,2026-07-07T18:59:46.000Z,2026-07-07T18:59:46.000Z,,41.04,2026-07-07T18:59:46.000Z,cancel,Valid Cancel,annual,2027-07-07T18:57:02.000Z,2027-07-07T18:57:02.000Z,3.0,3.0,36.0,Brightback,,,,,,,169jReUqIBDR83Eqh,2025-07-07T18:57:00.000Z,,2025-07-07T18:57:02.000Z,,h_b5b7e439f8dfaab8,,1,2025-07-07T18:57:02.000Z,USD,u_731b36caccceba14,ACTIVE,h_d5effb736fe694fb,[name],,,,2026-07-07T18:57:02.000Z,other,,1,annual,2025-07-07T18:57:02.000Z,_UNKNOWN,3600,YEAR,,,,[name],2027-07-07T18:57:02.000Z,,300,,2027-07-07T18:57:02.000Z,2025-07-07T18:57:02.000Z,3600,,,,,,Default/Fallback [July 2025] [25% one time / No entry modal],,07-07-2025,,07-07-2026,07-07-2025,07-07-2025,07-07-2025,,07-07-2025,07-07-2027
Wg77IH7_be011d0d071a1e1d,1689383,,Teachers; fallback,,,[name],[name],[name],I couldn’t find content for the book(s) I’m reading,issues_w_product_2058840385,Missing content or not enough content,missing_content_or_not_enough_content,,Product (Digital),product_digital,4,,,u_68b90500d42e74cf,,,,0,36.0,,Canceled,2026-07-07T18:17:12.000Z,2026-07-07T18:17:45.000Z,2026-07-07T18:17:45.000Z,,41.07,2026-07-07T18:17:45.000Z,cancel,Valid Cancel,annual,2027-07-03T19:47:30.000Z,2027-07-03T19:47:30.000Z,3.0,3.0,36.0,Brightback,,,,,,,1689383,2026-07-03T19:47:28.000Z,,2026-07-03T19:47:30.000Z,,h_29150039aae7d5ff,,1,2026-07-03T19:47:30.000Z,USD,u_68b90500d42e74cf,ACTIVE,h_f64cd9416624044a,[name],36.0,annual_essentials,,2026-07-03T19:47:30.000Z,teacher,,1,annual_essentials,2026-07-03T19:47:30.000Z,_UNKNOWN,3600,YEAR,annual_essentials,,other,[name],2027-07-03T19:47:30.000Z,,300,,2027-07-03T19:47:30.000Z,2026-07-03T19:47:30.000Z,3600,[name],,https://www.supersummary.com/subscription,https://www.supersummary.com/subscription/confirming/cancel,,Teacher Experience [July 2025] [40% one-time / Modal],,07-03-2026,,07-07-2026,07-03-2026,07-03-2026,07-03-2026,,07-03-2026,07-03-2027
Wg77IEX_93b525fd3f38d86c,6olCmVOGC7Xo2djF,,fallback,,,[name],[name],,I couldn’t find content for the book(s) I’m reading,issues_w_product_2058840385,Missing content or not enough content,missing_content_or_not_enough_content,,Product (Digital),product_digital,4,,,u_c5600caa0c80a9a3,,,,0,,,Canceled,2026-07-07T18:14:37.000Z,2026-07-07T18:15:07.000Z,2026-07-07T18:15:08.000Z,,41.07,2026-07-07T18:15:08.000Z,cancel,Valid Cancel,annual,2027-07-02T23:10:01.000Z,2027-07-02T23:10:01.000Z,3.0,3.0,36.0,Brightback,,,,,,,6olCmVOGC7Xo2djF,2026-07-02T23:09:58.000Z,,2026-07-02T23:10:01.000Z,,h_52f9c5ea0f44aeab,,1,2026-07-02T23:10:01.000Z,USD,u_c5600caa0c80a9a3,ACTIVE,h_84943199fda035dd,[name],,,,2026-07-02T23:10:01.000Z,librarian,,1,annual_essentials,2026-07-02T23:10:01.000Z,_UNKNOWN,3600,YEAR,,,,[name],2027-07-02T23:10:01.000Z,,300,,2027-07-02T23:10:01.000Z,2026-07-02T23:10:01.000Z,3600,,,,,,Default/Fallback [July 2025] [25% one time / No entry modal],,07-02-2026,,07-07-2026,07-02-2026,07-02-2026,07-02-2026,,07-02-2026,07-02-2027
Wg77FxB_8b0aa61d96f3c47d,606731,,fallback,,,[name],[name],[name],I couldn’t find content for the book(s) I’m reading,issues_w_product_2058840385,Missing content or not enough content,missing_content_or_not_enough_content,,Product (Digital),product_digital,6,,,u_1cbcfd75c662becf,,,,0,36.0,,Canceled,2026-07-07T15:59:22.000Z,2026-07-07T16:00:15.000Z,2026-07-07T16:00:15.000Z,,41.17,2026-07-07T16:00:15.000Z,cancel,Valid Cancel,annual,2027-07-04T22:04:04.000Z,2027-07-04T22:04:04.000Z,3.0,3.0,36.0,Brightback,,,,,,,606731,2024-07-04T22:04:01.000Z,,2024-07-04T22:04:04.000Z,,h_60f1a15b032c7f46,,1,2024-07-04T22:04:04.000Z,USD,u_1cbcfd75c662becf,ACTIVE,h_08decfd2bfd89208,[name],36.0,annual,,2026-07-04T22:04:04.000Z,other,,1,annual,2024-07-04T22:04:04.000Z,_UNKNOWN,3600,YEAR,annual,,,[name],2027-07-04T22:04:04.000Z,,300,,2027-07-04T22:04:04.000Z,2024-07-04T22:04:04.000Z,3600,[name],,https://www.supersummary.com/subscription,https://www.supersummary.com/subscription/confirming/cancel,,Default/Fallback [July 2025] [25% one time / No entry modal],,07-04-2024,,07-07-2026,07-04-2024,07-04-2024,07-04-2024,,07-04-2024,07-04-2027
Wg77EXN_9575d5134ff18d50,1689170,,Students; fallback,,,[name],[name],[name],I couldn’t find content for the book(s) I’m reading,issues_w_product_2058840385,Missing content or not enough content,missing_content_or_not_enough_content,,Product (Digital),product_digital,5,i dont know yet,,u_44d4eb9a91ec5622,have more summaries,,,1,9.95,,Canceled,2026-07-07T14:33:28.000Z,2026-07-07T14:34:27.000Z,2026-07-07T14:34:27.000Z,,41.22,2026-07-07T14:34:27.000Z,cancel,Valid Cancel,monthly,2026-08-03T11:06:31.000Z,2026-08-03T11:06:31.000Z,9.95,9.95,9.95,Brightback,,,,,,,1689170,2026-07-03T11:06:28.000Z,,2026-07-03T11:06:31.000Z,,h_08065dc52e5d7c2b,,1,2026-07-03T11:06:31.000Z,USD,u_44d4eb9a91ec5622,ACTIVE,h_4843d95edcb6091a,[name],9.95,monthly_essentials,,2026-07-03T11:06:31.000Z,student,,1,monthly_essentials,2026-07-03T11:06:31.000Z,_UNKNOWN,995,MONTH,monthly_essentials,,College,[name],2026-08-03T11:06:31.000Z,,995,,2026-08-03T11:06:31.000Z,2026-07-03T11:06:31.000Z,995,[name],,https://www.supersummary.com/subscription,https://www.supersummary.com/subscription/confirming/cancel,,Student Experience [July 2025] [25% one-time / No Entry Modal],,07-03-2026,,07-07-2026,07-03-2026,07-03-2026,07-03-2026,,07-03-2026,08-03-2026
Wg76NmY_a293eb929c8c5a25,249186,,Book Club Members; fallback,,,[name],[name],[name],I couldn’t find content for the book(s) I’m reading,issues_w_product_2058840385,Missing content or not enough content,missing_content_or_not_enough_content,,Product (Digital),product_digital,6,,,u_45aed7e771983653,,,,0,9.95,,Canceled,2026-07-06T23:48:40.000Z,2026-07-06T23:48:53.000Z,2026-07-06T23:48:54.000Z,,41.84,2026-07-06T23:48:54.000Z,cancel,Valid Cancel,monthly,2026-08-06T23:30:35.000Z,2026-08-06T23:30:35.000Z,9.95,9.95,9.95,Brightback,,,,,,,249186,2022-09-22T14:06:14.000Z,,2026-07-06T23:30:35.000Z,,h_0f9e26b5b809891b,,1,2026-07-06T23:30:35.000Z,USD,u_45aed7e771983653,ACTIVE,h_c6a63d84539bc451,[name],9.95,monthly_essentials,,2026-07-06T23:30:35.000Z,book_club_member,,1,monthly_essentials,2026-07-06T23:30:35.000Z,_UNKNOWN,995,MONTH,monthly_essentials,,,[name],2026-08-06T23:30:35.000Z,,995,,2026-08-06T23:30:35.000Z,2026-07-06T23:30:35.000Z,995,[name],,https://www.supersummary.com/subscription,https://www.supersummary.com/subscription/confirming/cancel,,BCM Experience [July 2025] [25% one-time / No Entry Modal],,07-06-2026,,07-06-2026,07-06-2026,07-06-2026,09-22-2022,,07-06-2026,08-06-2026
Wg7660v_a370e2fe22cf1c2c,AzZdBgVMmDSVhTQg,,Teachers; fallback,,,[name],[name],,I couldn’t find content for the book(s) I’m reading,issues_w_product_2058840385,Missing content or not enough content,missing_content_or_not_enough_content,,Product (Digital),product_digital,7,,,u_17cdb201f70a6c7d,,,,0,,,Canceled,2026-07-06T06:01:12.000Z,2026-07-06T06:01:57.000Z,2026-07-06T06:01:57.000Z,,42.58,2026-07-06T06:01:57.000Z,cancel,Valid Cancel,annual,2027-06-17T05:38:17.000Z,2027-06-17T05:38:17.000Z,3.0,3.0,36.0,Brightback,,,,,,,AzZdBgVMmDSVhTQg,2026-06-17T05:38:15.000Z,,2026-06-17T05:38:17.000Z,,h_0d7d59e774eedee8,,1,2026-06-17T05:38:17.000Z,USD,u_17cdb201f70a6c7d,ACTIVE,h_4dfb99fb782782e6,[name],,,,2026-06-17T05:38:17.000Z,teacher,,1,annual_essentials,2026-06-17T05:38:17.000Z,_UNKNOWN,3600,YEAR,,,High School,[name],2027-06-17T05:38:17.000Z,,300,,2027-06-17T05:38:17.000Z,2026-06-17T05:38:17.000Z,3600,,,,,,Teacher Experience [July 2025] [40% one-time / Modal],,06-17-2026,,07-06-2026,06-17-2026,06-17-2026,06-17-2026,,06-17-2026,06-17-2027
Wg75Kp3_8dfa441da8bc30a2,16CUezVOHaiN93Uos,,Book Club Members; fallback,,,[name],[name],,I couldn’t find content for the book(s) I’m reading,issues_w_product_2058840385,Missing content or not enough content,missing_content_or_not_enough_content,,Product (Digital),product_digital,1,,,u_d32bd64c3c233fea,,,,0,,,Canceled,2026-07-05T20:51:05.000Z,2026-07-05T20:51:37.000Z,2026-07-05T20:51:37.000Z,,42.96,2026-07-05T20:51:37.000Z,cancel,Valid Cancel,annual,2027-07-03T04:53:59.000Z,2027-07-03T04:53:59.000Z,3.0,3.0,36.0,Brightback,,,,,,,16CUezVOHaiN93Uos,2026-07-03T04:53:57.000Z,,2026-07-03T04:53:59.000Z,,h_1236ff238881050b,,1,2026-07-03T04:53:59.000Z,USD,u_d32bd64c3c233fea,ACTIVE,h_cfcfbfd8f8466186,[name],,,,2026-07-03T04:53:59.000Z,book_club_member,,1,annual_essentials,2026-07-03T04:53:59.000Z,_UNKNOWN,3600,YEAR,,,,[name],2027-07-03T04:53:59.000Z,,300,,2027-07-03T04:53:59.000Z,2026-07-03T04:53:59.000Z,3600,,,,,,BCM Experience [July 2025] [25% one-time / No Entry Modal],,07-03-2026,,07-05-2026,07-03-2026,07-03-2026,07-03-2026,,07-03-2026,07-03-2027
Wg75IWH_9903fa001826b1eb,1625449,,Students; fallback,,,[name],[name],[name],I couldn’t find content for the book(s) I’m reading,issues_w_product_2058840385,Missing content or not enough content,missing_content_or_not_enough_content,,Product (Digital),product_digital,4,,,u_96a02d77c91b5afa,,,,0,16.65,,Canceled,2026-07-05T18:32:21.000Z,2026-07-05T18:32:44.000Z,2026-07-05T18:32:45.000Z,,43.06,2026-07-05T18:32:45.000Z,cancel,Valid Cancel,monthly,2026-08-03T19:11:59.000Z,2026-08-03T19:11:59.000Z,16.65,16.65,16.65,Brightback,,,,,,,1625449,2026-05-03T19:10:05.000Z,,2026-05-03T19:11:59.000Z,,h_0ef3cb706fdf3e43,,1,2026-05-03T19:11:59.000Z,USD,u_96a02d77c91b5afa,ACTIVE,h_ad77a60b59ec715f,[name],16.65,monthly_plus,,2026-07-03T19:11:59.000Z,student,,1,monthly_plus,2026-05-03T19:11:59.000Z,_UNKNOWN,1665,MONTH,monthly_plus,,College,[name],2026-08-03T19:11:59.000Z,,1665,,2026-08-03T19:11:59.000Z,2026-05-03T19:11:59.000Z,1665,[name],,https://www.supersummary.com/subscription,https://www.supersummary.com/subscription/confirming/cancel,,Student Experience [July 2025] [25% one-time / No Entry Modal],,05-03-2026,,07-05-2026,05-03-2026,05-03-2026,05-03-2026,,05-03-2026,08-03-2026
Wg75C2v_b9f3e9c34318f959,1635336,,Teachers; fallback,,,[name],[name],[name],I couldn’t find content for the book(s) I’m reading,issues_w_product_2058840385,Missing content or not enough content,missing_content_or_not_enough_content,,Product (Digital),product_digital,5,,,u_7ce7b2bf34c0b0d9,,,,0,60.0,,Canceled,2026-07-05T12:03:04.000Z,2026-07-05T12:03:36.000Z,2026-07-05T12:03:36.000Z,,43.33,2026-07-05T12:03:36.000Z,cancel,Valid Cancel,annual,2027-05-11T04:27:10.000Z,2027-05-11T04:27:10.000Z,5.0,5.0,60.0,Brightback,,,,,,,1635336,2026-05-11T04:27:08.000Z,,2026-05-11T04:27:10.000Z,,h_c7f2161081297001,,1,2026-05-11T04:27:10.000Z,USD,u_7ce7b2bf34c0b0d9,ACTIVE,h_253a053a994422d0,[name],60.0,annual_plus,,2026-05-11T04:27:10.000Z,teacher,,1,annual_plus,2026-05-11T04:27:10.000Z,_UNKNOWN,6000,YEAR,annual_plus,,High School,[name],2027-05-11T04:27:10.000Z,,500,,2027-05-11T04:27:10.000Z,2026-05-11T04:27:10.000Z,6000,[name],,https://www.supersummary.com/subscription,https://www.supersummary.com/subscription/confirming/cancel,,Teacher Experience [July 2025] [40% one-time / Modal],,05-11-2026,,07-05-2026,05-11-2026,05-11-2026,05-11-2026,,05-11-2026,05-11-2027
Wg74LGU_8217bdac5a9a3ca4,AzyqBZVO4KKcC6fwe,,Teachers; fallback,,,[name],[name],,I couldn’t find content for the book(s) I’m reading,issues_w_product_2058840385,Missing content or not enough content,missing_content_or_not_enough_content,,Product (Digital),product_digital,3,N/A,,u_9ee420587e7aee06,,,,0,,,Canceled,2026-07-04T21:16:36.000Z,2026-07-04T21:17:13.000Z,2026-07-04T21:17:13.000Z,,43.94,2026-07-04T21:17:13.000Z,cancel,Valid Cancel,annual,2027-06-30T22:27:22.000Z,2027-06-30T22:27:22.000Z,5.0,5.0,60.0,Brightback,,,,,,,AzyqBZVO4KKcC6fwe,2026-06-30T22:27:19.000Z,,2026-06-30T22:27:22.000Z,,h_6ff055b086527fb2,,1,2026-06-30T22:27:22.000Z,USD,u_9ee420587e7aee06,ACTIVE,h_243b004c86cf685d,[name],,,,2026-06-30T22:27:22.000Z,teacher,,1,annual_plus,2026-06-30T22:27:22.000Z,_UNKNOWN,6000,YEAR,,,College,[name],2027-06-30T22:27:22.000Z,,500,,2027-06-30T22:27:22.000Z,2026-06-30T22:27:22.000Z,6000,,,,,,Teacher Experience [July 2025] [40% one-time / Modal],,06-30-2026,,07-04-2026,06-30-2026,06-30-2026,06-30-2026,,06-30-2026,06-30-2027
Wg74LBK_b363cf0fd0c1c33c,AzZtQfVOO05UG6Stc,,Book Club Members; fallback,,,[name],[name],,I couldn’t find content for the book(s) I’m reading,issues_w_product_2058840385,Missing content or not enough content,missing_content_or_not_enough_content,,Product (Digital),product_digital,1,,,u_48f97f5ddf3dc094,,,,0,,,Canceled,2026-07-04T21:11:26.000Z,2026-07-04T21:11:51.000Z,2026-07-04T21:11:52.000Z,,43.95,2026-07-04T21:11:52.000Z,cancel,Valid Cancel,monthly,2026-08-04T07:12:24.000Z,2026-08-04T07:12:24.000Z,16.65,16.65,16.65,Brightback,,,,,,,AzZtQfVOO05UG6Stc,2026-07-04T07:12:22.000Z,,2026-07-04T07:12:24.000Z,,h_f46348a579a5d307,,1,2026-07-04T07:12:24.000Z,USD,u_48f97f5ddf3dc094,ACTIVE,h_6a46478b9adc26f1,[name],,,,2026-07-04T07:12:24.000Z,book_club_member,,1,monthly_plus,2026-07-04T07:12:24.000Z,_UNKNOWN,1665,MONTH,,,,[name],2026-08-04T07:12:24.000Z,,1665,,2026-08-04T07:12:24.000Z,2026-07-04T07:12:24.000Z,1665,,,,,,BCM Experience [July 2025] [25% one-time / No Entry Modal],,07-04-2026,,07-04-2026,07-04-2026,07-04-2026,07-04-2026,,07-04-2026,08-04-2026
Wg74GaT_bf0d9118e717a4ac,1688715,,Book Club Members; fallback,,,[name],[name],[name],I couldn’t find content for the book(s) I’m reading,issues_w_product_2058840385,Missing content or not enough content,missing_content_or_not_enough_content,,Product (Digital),product_digital,1,nothing,,u_27742b237aa9f381,not applicable,,,1,36.0,,Canceled,2026-07-04T16:37:16.000Z,2026-07-04T16:38:08.000Z,2026-07-04T16:38:08.000Z,,44.14,2026-07-04T16:38:08.000Z,cancel,Valid Cancel,annual,2027-07-02T16:16:07.000Z,2027-07-02T16:16:07.000Z,3.0,3.0,36.0,Brightback,,,,,,,1688715,2026-07-02T16:16:04.000Z,,2026-07-02T16:16:07.000Z,,h_998c611e2ec1ba7f,,1,2026-07-02T16:16:07.000Z,USD,u_27742b237aa9f381,ACTIVE,h_84ba42fccd33d791,[name],36.0,annual_essentials,,2026-07-02T16:16:07.000Z,book_club_member,,1,annual_essentials,2026-07-02T16:16:07.000Z,_UNKNOWN,3600,YEAR,annual_essentials,,,[name],2027-07-02T16:16:07.000Z,,300,,2027-07-02T16:16:07.000Z,2026-07-02T16:16:07.000Z,3600,[name],,https://www.supersummary.com/subscription,https://www.supersummary.com/subscription/confirming/cancel,,BCM Experience [July 2025] [25% one-time / No Entry Modal],,07-02-2026,,07-04-2026,07-02-2026,07-02-2026,07-02-2026,,07-02-2026,07-02-2027
Wg740vb_887e7c2413a2636b,AzqUa1VMIQ8Yj37TW,,Students; fallback,,,[name],[name],,I couldn’t find content for the book(s) I’m reading,issues_w_product_2058840385,Missing content or not enough content,missing_content_or_not_enough_content,,Product (Digital),product_digital,5,,,u_31aa386eb146daa3,,,,0,,,Canceled,2026-07-04T00:57:45.000Z,2026-07-04T00:58:20.000Z,2026-07-04T00:58:20.000Z,,44.79,2026-07-04T00:58:20.000Z,cancel,Valid Cancel,monthly,2026-07-12T03:20:28.000Z,2026-07-12T03:20:28.000Z,9.95,9.95,9.95,Brightback,,,,,,,AzqUa1VMIQ8Yj37TW,2024-09-22T04:37:05.000Z,,2026-06-12T03:20:28.000Z,,h_c689d55649c8b4cb,,1,2026-06-12T03:20:28.000Z,USD,u_31aa386eb146daa3,ACTIVE,h_972317d7c25f47c6,[name],,,,2026-06-12T03:20:28.000Z,student,,1,monthly_essentials,2026-06-12T03:20:28.000Z,_UNKNOWN,995,MONTH,,,Middle School,[name],2026-07-12T03:20:28.000Z,,995,,2026-07-12T03:20:28.000Z,2026-06-12T03:20:28.000Z,995,,,,,,Student Experience [July 2025] [25% one-time / No Entry Modal],,06-12-2026,,07-04-2026,06-12-2026,06-12-2026,09-22-2024,,06-12-2026,07-12-2026
Wg736mq_8c2c27c59bf497ff,Azz46WVErKaHZPki,,Students; fallback,,,[name],[name],,I couldn’t find content for the book(s) I’m reading,issues_w_product_2058840385,Missing content or not enough content,missing_content_or_not_enough_content,,Product (Digital),product_digital,1,,,u_e97756cc9cd39ea0,,,,0,,,Canceled,2026-07-03T06:48:54.000Z,2026-07-03T06:49:18.000Z,2026-07-03T06:49:18.000Z,,45.55,2026-07-03T06:49:18.000Z,cancel,Valid Cancel,monthly,2026-07-25T06:46:54.000Z,2026-07-25T06:46:54.000Z,16.65,16.65,16.65,Brightback,,,,,,,Azz46WVErKaHZPki,2026-03-25T06:46:52.000Z,,2026-03-25T06:46:54.000Z,,h_3725c37582433324,,1,2026-03-25T06:46:54.000Z,USD,u_e97756cc9cd39ea0,ACTIVE,h_cacc850929176f04,[name],,,,2026-06-25T06:46:54.000Z,student,,1,monthly_plus,2026-03-25T06:46:54.000Z,_UNKNOWN,1665,MONTH,,,College,[name],2026-07-25T06:46:54.000Z,,1665,,2026-07-25T06:46:54.000Z,2026-03-25T06:46:54.000Z,1665,,,,,,Student Experience [July 2025] [25% one-time / No Entry Modal],,03-25-2026,,07-03-2026,03-25-2026,03-25-2026,03-25-2026,,03-25-2026,07-25-2026
Wg733eI_9fbf3554559f1623,16CZjKVFD6eLy2kbH,,Book Club Members; fallback,,,[name],[name],,I couldn’t find content for the book(s) I’m reading,issues_w_product_2058840385,Missing content or not enough content,missing_content_or_not_enough_content,,Product (Digital),product_digital,1,,,u_451d100a50c9d873,"""Our publishing decisions are based on projected user demand, and this title didn't meet our threshold."" 

You may find that you'd obtain (and retain) users, once you start carrying/creating resources they request.",,,1,,,Canceled,2026-07-03T03:40:22.000Z,2026-07-03T03:44:53.000Z,2026-07-03T03:44:53.000Z,,45.68,2026-07-03T03:44:53.000Z,cancel,Valid Cancel,annual,2027-03-29T00:09:33.000Z,2027-03-29T00:09:33.000Z,5.0,5.0,60.0,Brightback,,,,,,,16CZjKVFD6eLy2kbH,2026-02-03T00:47:47.000Z,,2026-03-29T00:09:33.000Z,,h_6a2652871a173b3f,,1,2026-03-29T00:09:33.000Z,USD,u_451d100a50c9d873,ACTIVE,h_c981a2a7d138e539,[name],,,,2026-03-29T00:09:33.000Z,book_club_member,,1,annual_plus,2026-03-29T00:09:33.000Z,_UNKNOWN,6000,YEAR,,,,[name],2027-03-29T00:09:33.000Z,,500,,2027-03-29T00:09:33.000Z,2026-03-29T00:09:33.000Z,6000,,,,,,BCM Experience [July 2025] [25% one-time / No Entry Modal],,03-29-2026,,07-03-2026,03-29-2026,03-29-2026,02-03-2026,,03-29-2026,03-29-2027
Wg730SI_86f099a5c1b5d5ec,1688962,,Students; fallback,,,[name],[name],[name],I couldn’t find content for the book(s) I’m reading,issues_w_product_2058840385,Missing content or not enough content,missing_content_or_not_enough_content,,Product (Digital),product_digital,6,nothing,,u_87130365f59aea51,nothing,,,1,60.0,,Canceled,2026-07-03T00:28:27.000Z,2026-07-03T00:28:51.000Z,2026-07-03T00:28:51.000Z,,45.81,2026-07-03T00:29:54.000Z,cancel,Valid Cancel,annual,2027-07-03T00:10:35.000Z,2027-07-03T00:10:35.000Z,5.0,5.0,60.0,Brightback,,,,,,,1688962,2026-07-03T00:10:34.000Z,,2026-07-03T00:10:35.000Z,,h_8c6d620d413a2744,,1,2026-07-03T00:10:35.000Z,USD,u_87130365f59aea51,ACTIVE,h_592b52d443cc257d,[name],60.0,annual_plus,,2026-07-03T00:10:35.000Z,student,,1,annual_plus,2026-07-03T00:10:35.000Z,_UNKNOWN,6000,YEAR,annual_plus,,College,[name],2027-07-03T00:10:35.000Z,,500,,2027-07-03T00:10:35.000Z,2026-07-03T00:10:35.000Z,6000,[name],,https://www.supersummary.com/subscription,https://www.supersummary.com/subscription/confirming/cancel,,Student Experience [July 2025] [25% one-time / No Entry Modal],,07-03-2026,,07-03-2026,07-03-2026,07-03-2026,07-03-2026,,07-03-2026,07-03-2027
Wg72LxI_b401125b24fb12d8,1688890,,Students; fallback,,,[name],[name],[name],I couldn’t find content for the book(s) I’m reading,issues_w_product_2058840385,Missing content or not enough content,missing_content_or_not_enough_content,,Product (Digital),product_digital,1,,,u_7600f2449a8632c0,,,,0,16.65,,Canceled,2026-07-02T21:59:23.000Z,2026-07-02T21:59:51.000Z,2026-07-02T21:59:51.000Z,,45.92,2026-07-02T21:59:51.000Z,cancel,Valid Cancel,monthly,2026-08-02T21:26:30.000Z,2026-08-02T21:26:30.000Z,16.65,16.65,16.65,Brightback,,,,,,,1688890,2026-07-02T21:26:28.000Z,,2026-07-02T21:26:30.000Z,,h_7251787f0eb4291e,,1,2026-07-02T21:26:30.000Z,USD,u_7600f2449a8632c0,ACTIVE,h_c708233f8e1cb45a,[name],16.65,monthly_plus,,2026-07-02T21:26:30.000Z,student,,1,monthly_plus,2026-07-02T21:26:30.000Z,_UNKNOWN,1665,MONTH,monthly_plus,,High School,[name],2026-08-02T21:26:30.000Z,,1665,,2026-08-02T21:26:30.000Z,2026-07-02T21:26:30.000Z,1665,[name],,https://www.supersummary.com/subscription,https://www.supersummary.com/subscription/confirming/cancel,,Student Experience [July 2025] [25% one-time / No Entry Modal],,07-02-2026,,07-02-2026,07-02-2026,07-02-2026,07-02-2026,,07-02-2026,08-02-2026
Wg728YR_bcedaa19429ca571,599381,,Students; Annual,,,[name],[name],[name],I couldn’t find content for the book(s) I’m reading,issues_w_product_2058840385,Missing content or not enough content,missing_content_or_not_enough_content,,Product (Digital),product_digital,3,,,u_5325ece75d34d07a,,,,0,36.0,,Canceled,2026-07-02T08:34:33.000Z,2026-07-02T08:35:00.000Z,2026-07-02T08:35:01.000Z,,46.47,2026-07-02T08:35:01.000Z,cancel,Valid Cancel,annual,2027-06-18T12:54:33.000Z,2027-06-18T12:54:33.000Z,3.0,3.0,36.0,Brightback,,,,,,,599381,2024-06-18T12:54:32.000Z,,2024-06-18T12:54:33.000Z,,h_fb2664c000e8dbcf,,1,2024-06-18T12:54:33.000Z,USD,u_5325ece75d34d07a,ACTIVE,h_169ddb1a5f94a1b0,[name],36.0,annual,,2026-06-18T12:54:33.000Z,student,,1,annual,2024-06-18T12:54:33.000Z,_UNKNOWN,3600,YEAR,annual,,High School,[name],2027-06-18T12:54:33.000Z,,300,,2027-06-18T12:54:33.000Z,2024-06-18T12:54:33.000Z,3600,[name],,https://www.supersummary.com/subscription,https://www.supersummary.com/subscription/confirming/cancel,,Student Experience [July 2025] [25% one-time / No Entry Modal],,06-18-2024,,07-02-2026,06-18-2024,06-18-2024,06-18-2024,,06-18-2024,06-18-2027
Wg728Ut_b7a20b656b9969f8,16BlMPUSPBUUYIQsq,,Students; Annual,,,[name],[name],,I couldn’t find content for the book(s) I’m reading,issues_w_product_2058840385,Missing content or not enough content,missing_content_or_not_enough_content,,Product (Digital),product_digital,5,,,u_ff56e6b67aa5f84b,,,,0,,,Canceled,2026-07-02T08:31:08.000Z,2026-07-02T08:31:34.000Z,2026-07-02T08:31:40.000Z,,46.48,2026-07-02T08:31:40.000Z,cancel,Valid Cancel,annual,2027-06-09T06:14:25.000Z,2027-06-09T06:14:25.000Z,3.0,3.0,36.0,Brightback,,,,,,,16BlMPUSPBUUYIQsq,2022-03-12T22:22:12.000Z,,2024-10-27T12:08:54.000Z,,h_26459770f3635ea3,,1,2026-06-09T06:14:25.000Z,USD,u_ff56e6b67aa5f84b,ACTIVE,h_e692f8b439be383b,[name],,,,2026-06-09T06:14:25.000Z,student,,1,annual,2024-10-27T12:08:54.000Z,_UNKNOWN,3600,YEAR,,,College,[name],2027-06-09T06:14:25.000Z,,300,,2027-06-09T06:14:25.000Z,2024-10-27T12:08:54.000Z,3600,,,,,,Student Experience [July 2025] [25% one-time / No Entry Modal],,10-27-2024,,07-02-2026,06-09-2026,10-27-2024,03-12-2022,,10-27-2024,06-09-2027
Wg724df_bd06186f4d171c5e,16CQjJVLYASkc1mfI,,Students; fallback,,,[name],[name],,I couldn’t find content for the book(s) I’m reading,issues_w_product_2058840385,Missing content or not enough content,missing_content_or_not_enough_content,,Product (Digital),product_digital,7,,,u_85d9e15c7a8d4b58,,,,0,,,Canceled,2026-07-02T04:39:45.000Z,2026-07-02T04:40:31.000Z,2026-07-02T04:40:31.000Z,,46.64,2026-07-02T04:40:31.000Z,cancel,Valid Cancel,annual,2027-06-04T05:29:41.000Z,2027-06-04T05:29:41.000Z,5.0,5.0,60.0,Brightback,,,,,,,16CQjJVLYASkc1mfI,2026-06-04T05:29:40.000Z,,2026-06-04T05:29:41.000Z,,h_ac22e0db1464b1b3,,1,2026-06-04T05:29:41.000Z,USD,u_85d9e15c7a8d4b58,ACTIVE,h_e10cc57f234a8865,[name],,,,2026-06-04T05:29:41.000Z,student,,1,annual_plus,2026-06-04T05:29:41.000Z,_UNKNOWN,6000,YEAR,,,College,[name],2027-06-04T05:29:41.000Z,,500,,2027-06-04T05:29:41.000Z,2026-06-04T05:29:41.000Z,6000,,,,,,Student Experience [July 2025] [25% one-time / No Entry Modal],,06-04-2026,,07-02-2026,06-04-2026,06-04-2026,06-04-2026,,06-04-2026,06-04-2027
Wg71FZp_affe6b139b481986,1678618,,Students; fallback,,,[name],[name],[name],I couldn’t find content for the book(s) I’m reading,issues_w_product_2058840385,Missing content or not enough content,missing_content_or_not_enough_content,,Product (Digital),product_digital,4,njnki,,u_75bdcb60e6e9c577,kjbhuohu,,,1,60.0,,Canceled,2026-07-01T15:35:58.000Z,2026-07-01T15:36:34.000Z,2026-07-01T15:36:34.000Z,,47.18,2026-07-01T15:36:34.000Z,cancel,Valid Cancel,annual,2027-06-18T16:10:34.000Z,2027-06-18T16:10:34.000Z,5.0,5.0,60.0,Brightback,,,,,,,1678618,2026-06-18T16:10:31.000Z,,2026-06-18T16:10:34.000Z,,h_305f3a7fa8814ea8,,1,2026-06-18T16:10:34.000Z,USD,u_75bdcb60e6e9c577,ACTIVE,h_689d7c8e5f654ef7,[name],60.0,annual_plus,,2026-06-18T16:10:34.000Z,student,,1,annual_plus,2026-06-18T16:10:34.000Z,_UNKNOWN,6000,YEAR,annual_plus,,Postgrad Program,[name],2027-06-18T16:10:34.000Z,,500,,2027-06-18T16:10:34.000Z,2026-06-18T16:10:34.000Z,6000,[name],,https://www.supersummary.com/subscription,https://www.supersummary.com/subscription/confirming/cancel,,Student Experience [July 2025] [25% one-time / No Entry Modal],,06-18-2026,,07-01-2026,06-18-2026,06-18-2026,06-18-2026,,06-18-2026,06-18-2027
