exit_session_id,id,language,Audiences Names,acceptedOffers,deflectType,ownerFirstName,ownerLastName,ownerFullName,reason,reasonId,bbkReason,bbkReasonId,reasonOther,bbkCategory,bbkCategoryId,returnLikelihood,competitor,competitionOther,email,details,drilldown_modal_feedback,free_text_modal_feedback,has_details,value,company,last_action,startTime,Cancel date,endTime,Save date,age,lastActiveDate,status,validation_status,billing_interval,sub_renewal_date,sub_expired_date,mrr,billing_mrr,billing_price,source,repurchases,repurchases_revenue,repurchases_first_date,winbacks,winbacks_revenue,winbacks_first_date,internal_id,Customer Create Date,Customer Payment Method State,First Purchase Date,Country,Subscription ID,Coupon Codes,Interval Length,Subscription Activation Date,Subscription Currency,Owner Email,Subscription Status,Billing ID,Owner Last Name,Contract Value,Product ID,Subscription Trial Start Date,Subscription Current Period Start,Customer Audience,State,Quantity,Plan ID,Subscription Start Date,Customer Type,Plan Amount,Plan Interval,Product Name,Coupon IDs,Customer Grade Level,Owner First Name,Subscription Next Billing Date,Subscription Product Family ID,Subscription MRR,Subscription Trial End Date,Subscription Current Period End,Subscription Create Date,Subscription Unit Amount,Owner Full Name,Organization Name,Save return URL,Cancel confirmation URL,Legacy Retention Experiment,Page attributed,Subscription Trial Start Date UTC,First Purchase Date UTC,Subscription Trial End Date UTC,Cancel date UTC,Subscription Activation Date UTC,Subscription Create Date UTC,Customer Create Date UTC,Save date UTC,Subscription Start Date UTC,Subscription Next Billing Date UTC
Wg7VFAt_83dc4194bfd9fea1,169jn9VQxn4Ud1dgM,,Teachers; fallback,,,[name],[name],,SuperSummary wasn’t helpful enough,global_economic_reasons_897286504,Reliability or performance issues,reliability,,Product (SaaS),product,3,,,u_d091626d111dff91,,,,0,,,Canceled,2026-07-31T15:11:02.000Z,2026-07-31T15:12:14.000Z,2026-07-31T15:12:14.000Z,,17.2,2026-07-31T15:12:14.000Z,cancel,Valid Cancel,annual,2027-07-31T15:04:15.000Z,2027-07-31T15:04:15.000Z,3.0,3.0,36.0,Brightback,,,,,,,169jn9VQxn4Ud1dgM,2026-07-31T15:04:13.000Z,,2026-07-31T15:04:15.000Z,,h_084588917c5162bc,,1,2026-07-31T15:04:15.000Z,USD,u_d091626d111dff91,ACTIVE,h_e4edcae005cc9630,[name],,,,2026-07-31T15:04:15.000Z,teacher,,1,annual_essentials,2026-07-31T15:04:15.000Z,_UNKNOWN,3600,YEAR,,,High School,[name],2027-07-31T15:04:15.000Z,,300,,2027-07-31T15:04:15.000Z,2026-07-31T15:04:15.000Z,3600,,,,,,Teacher Experience [July 2025] [40% one-time / Modal],,07-31-2026,,07-31-2026,07-31-2026,07-31-2026,07-31-2026,,07-31-2026,07-31-2027
Wg7VDlw_b4cf3f9f1dc93162,AzZapxVQxSWLB1Tc2,,Parents; fallback,,,[name],[name],,SuperSummary wasn’t helpful enough,global_economic_reasons_897286504,Reliability or performance issues,reliability,,Product (SaaS),product,1,,,u_723179db25400521,,,,0,,,Canceled,2026-07-31T13:48:02.000Z,2026-07-31T13:48:29.000Z,2026-07-31T13:48:29.000Z,,17.26,2026-07-31T13:48:29.000Z,cancel,Valid Cancel,annual,2027-07-31T13:42:38.000Z,2027-07-31T13:42:38.000Z,5.0,5.0,60.0,Brightback,,,,,,,AzZapxVQxSWLB1Tc2,2026-07-31T13:42:36.000Z,,2026-07-31T13:42:38.000Z,,h_98fd01e73da842df,,1,2026-07-31T13:42:38.000Z,USD,u_723179db25400521,ACTIVE,h_a18b9adc520017d4,[name],,,,2026-07-31T13:42:38.000Z,parent_of_student,,1,annual_plus,2026-07-31T13:42:38.000Z,_UNKNOWN,6000,YEAR,,,Middle School,[name],2027-07-31T13:42:38.000Z,,500,,2027-07-31T13:42:38.000Z,2026-07-31T13:42:38.000Z,6000,,,,,,Parent Experience [July 2025] [25% one-time / No Entry Modal],,07-31-2026,,07-31-2026,07-31-2026,07-31-2026,07-31-2026,,07-31-2026,07-31-2027
Wg7VBuG_9d58956beda3a7dd,1711904,,fallback,,,[name],[name],[name],SuperSummary wasn’t helpful enough,global_economic_reasons_897286504,Reliability or performance issues,reliability,,Product (SaaS),product,2,AI,,u_639338b4759fb1d9,,,,0,60.0,,Canceled,2026-07-31T11:56:35.000Z,2026-07-31T11:57:43.000Z,2026-07-31T11:57:43.000Z,,17.33,2026-07-31T11:57:43.000Z,cancel,Valid Cancel,annual,2027-07-30T23:01:45.000Z,2027-07-30T23:01:45.000Z,5.0,5.0,60.0,Brightback,,,,,,,1711904,2026-07-30T23:01:44.000Z,,2026-07-30T23:01:45.000Z,,h_edc7139dc5afff2e,,1,2026-07-30T23:01:45.000Z,USD,u_639338b4759fb1d9,ACTIVE,h_5e1fe15fcccda76c,[name],60.0,annual_plus,,2026-07-30T23:01:45.000Z,other,,1,annual_plus,2026-07-30T23:01:45.000Z,_UNKNOWN,6000,YEAR,annual_plus,,,[name],2027-07-30T23:01:45.000Z,,500,,2027-07-30T23:01:45.000Z,2026-07-30T23:01:45.000Z,6000,[name],,https://www.supersummary.com/subscription,https://www.supersummary.com/subscription/confirming/cancel,,Default/Fallback [July 2025] [25% one time / No entry modal],,07-30-2026,,07-31-2026,07-30-2026,07-30-2026,07-30-2026,,07-30-2026,07-30-2027
Wg7V3It_8949e2aa9dae0622,16BXLZVQtWzKc3BwM,,Book Club Members; fallback,,,[name],[name],,SuperSummary wasn’t helpful enough,global_economic_reasons_897286504,Reliability or performance issues,reliability,,Product (SaaS),product,1,,,u_81f0e0e733e80d17,,,,0,,,Canceled,2026-07-31T03:18:57.000Z,2026-07-31T03:19:34.000Z,2026-07-31T03:19:34.000Z,,17.69,2026-07-31T03:19:34.000Z,cancel,Valid Cancel,annual,2027-07-30T21:35:17.000Z,2027-07-30T21:35:17.000Z,3.0,3.0,36.0,Brightback,,,,,,,16BXLZVQtWzKc3BwM,2026-07-30T21:35:14.000Z,,2026-07-30T21:35:17.000Z,,h_f6b5465a46da2264,,1,2026-07-30T21:35:17.000Z,USD,u_81f0e0e733e80d17,ACTIVE,h_2eaf31731c53da53,[name],,,,2026-07-30T21:35:17.000Z,book_club_member,,1,annual_essentials,2026-07-30T21:35:17.000Z,_UNKNOWN,3600,YEAR,,,,[name],2027-07-30T21:35:17.000Z,,300,,2027-07-30T21:35:17.000Z,2026-07-30T21:35:17.000Z,3600,,,,,,BCM Experience [July 2025] [25% one-time / No Entry Modal],,07-30-2026,,07-31-2026,07-30-2026,07-30-2026,07-30-2026,,07-30-2026,07-30-2027
Wg7V1Ai_83f5f3c04eb92fa4,1580744,,fallback,,,[name],[name],[name],SuperSummary wasn’t helpful enough,global_economic_reasons_897286504,Reliability or performance issues,reliability,,Product (SaaS),product,2,,,u_2fa59067899e6432,,,,0,9.95,,Canceled,2026-07-31T01:10:52.000Z,2026-07-31T01:11:38.000Z,2026-07-31T01:11:38.000Z,,17.78,2026-07-31T01:12:24.000Z,cancel,Valid Cancel,monthly,2026-08-31T00:45:09.000Z,2026-08-31T00:45:09.000Z,9.95,9.95,9.95,Brightback,,,,,,,1580744,2026-03-31T00:45:07.000Z,,2026-03-31T00:45:09.000Z,,h_405bc2abb2dfb34e,,1,2026-03-31T00:45:09.000Z,USD,u_2fa59067899e6432,ACTIVE,h_fb0a163229fea1cd,[name],9.95,monthly_essentials,,2026-07-31T00:45:09.000Z,other,,1,monthly_essentials,2026-03-31T00:45:09.000Z,_UNKNOWN,995,MONTH,monthly_essentials,,,[name],2026-08-31T00:45:09.000Z,,995,,2026-08-31T00:45:09.000Z,2026-03-31T00:45:09.000Z,995,[name],,https://www.supersummary.com/subscription,https://www.supersummary.com/subscription/confirming/cancel,,Default/Fallback [July 2025] [25% one time / No entry modal],,03-31-2026,,07-31-2026,03-31-2026,03-31-2026,03-31-2026,,03-31-2026,08-31-2026
Wg7UNPr_b2532fc076c855b3,Azq8XjVQtwMy93erd,,Teachers; fallback,,,[name],[name],,SuperSummary wasn’t helpful enough,global_economic_reasons_897286504,Reliability or performance issues,reliability,,Product (SaaS),product,4,,,u_978c56068c450b29,,,,0,,,Canceled,2026-07-30T23:25:57.000Z,2026-07-30T23:26:19.000Z,2026-07-30T23:26:19.000Z,,17.85,2026-07-30T23:26:19.000Z,cancel,Valid Cancel,monthly,2026-08-30T23:16:06.000Z,2026-08-30T23:16:06.000Z,16.65,16.65,16.65,Brightback,,,,,,,Azq8XjVQtwMy93erd,2026-07-30T23:16:03.000Z,,2026-07-30T23:16:06.000Z,,h_0c71a727a41ee335,,1,2026-07-30T23:16:06.000Z,USD,u_978c56068c450b29,ACTIVE,h_9249af052fef7f72,[name],,,,2026-07-30T23:16:06.000Z,teacher,,1,monthly_plus,2026-07-30T23:16:06.000Z,_UNKNOWN,1665,MONTH,,,Middle School,[name],2026-08-30T23:16:06.000Z,,1665,,2026-08-30T23:16:06.000Z,2026-07-30T23:16:06.000Z,1665,,,,,,Teacher Experience [July 2025] [40% one-time / Modal],,07-30-2026,,07-30-2026,07-30-2026,07-30-2026,07-30-2026,,07-30-2026,08-30-2026
Wg7ULo3_a00d6472eed47e02,1711293,,Students; fallback,,,[name],[name],[name],SuperSummary wasn’t helpful enough,global_economic_reasons_897286504,Reliability or performance issues,reliability,,Product (SaaS),product,1,,,u_598d5505d453427b,,,,0,36.0,,Canceled,2026-07-30T21:50:11.000Z,2026-07-30T21:50:24.000Z,2026-07-30T21:50:24.000Z,,17.92,2026-07-30T21:50:24.000Z,cancel,Valid Cancel,annual,2027-07-30T11:32:58.000Z,2027-07-30T11:32:58.000Z,3.0,3.0,36.0,Brightback,,,,,,,1711293,2026-07-30T11:32:57.000Z,,2026-07-30T11:32:58.000Z,,h_99fc992792243d6e,,1,2026-07-30T11:32:58.000Z,USD,u_598d5505d453427b,ACTIVE,h_14fb73f059031b8d,[name],36.0,annual_essentials,,2026-07-30T11:32:58.000Z,student,,1,annual_essentials,2026-07-30T11:32:58.000Z,_UNKNOWN,3600,YEAR,annual_essentials,,Postgrad Program,[name],2027-07-30T11:32:58.000Z,,300,,2027-07-30T11:32:58.000Z,2026-07-30T11:32:58.000Z,3600,[name],,https://www.supersummary.com/subscription,https://www.supersummary.com/subscription/confirming/cancel,,Student Experience [July 2025] [25% one-time / No Entry Modal],,07-30-2026,,07-30-2026,07-30-2026,07-30-2026,07-30-2026,,07-30-2026,07-30-2027
Wg7UHW0_90c70bb4317b1a14,1271356,,Students; Annual,,,[name],[name],[name],SuperSummary wasn’t helpful enough,global_economic_reasons_897286504,Reliability or performance issues,reliability,,Product (SaaS),product,1,,,u_2b844a51f1789e66,,,,0,36.0,,Canceled,2026-07-30T17:32:12.000Z,2026-07-30T17:32:46.000Z,2026-07-30T17:32:46.000Z,,18.1,2026-07-30T17:32:46.000Z,cancel,Valid Cancel,annual,2026-07-30T18:54:27.000Z,2026-07-30T18:54:27.000Z,3.0,3.0,36.0,Brightback,,,,,,,1271356,2025-07-29T18:45:08.000Z,,2025-07-29T18:45:11.000Z,,h_f17d23db1b097c92,,1,2025-07-29T18:45:11.000Z,USD,u_2b844a51f1789e66,ACTIVE,h_2abe11aec050652b,[name],36.0,annual,,2026-07-29T18:45:11.000Z,student,,1,annual,2025-07-29T18:45:11.000Z,_UNKNOWN,3600,YEAR,annual,,High School,[name],2027-07-29T18:45:11.000Z,,300,,2027-07-29T18:45:11.000Z,2025-07-29T18:45:11.000Z,3600,[name],,https://www.supersummary.com/subscription,https://www.supersummary.com/subscription/confirming/cancel,,Student Experience [July 2025] [25% one-time / No Entry Modal],,07-29-2025,,07-30-2026,07-29-2025,07-29-2025,07-29-2025,,07-29-2025,07-29-2027
Wg7U6BC_9a8bfb4911084128,AzZmcBVQgF4GS1bbn,,fallback,,,[name],[name],,SuperSummary wasn’t helpful enough,global_economic_reasons_897286504,Reliability or performance issues,reliability,M,Product (SaaS),product,1,Nothing,,u_eb46bdbd91db80b1,Nothing ,,,1,,,Canceled,2026-07-30T06:11:18.000Z,2026-07-30T06:14:22.000Z,2026-07-30T06:15:14.000Z,,18.57,2026-07-30T06:15:14.000Z,cancel,Valid Cancel,annual,2027-07-28T15:02:34.000Z,2027-07-28T15:02:34.000Z,3.0,3.0,36.0,Brightback,,,,,,,AzZmcBVQgF4GS1bbn,2026-07-28T15:02:32.000Z,,2026-07-28T15:02:34.000Z,,h_b53c3e943080922c,,1,2026-07-28T15:02:34.000Z,USD,u_eb46bdbd91db80b1,ACTIVE,h_348700262f72bb9d,[name],,,,2026-07-28T15:02:34.000Z,other,,1,annual_essentials,2026-07-28T15:02:34.000Z,_UNKNOWN,3600,YEAR,,,,[name],2027-07-28T15:02:34.000Z,,300,,2027-07-28T15:02:34.000Z,2026-07-28T15:02:34.000Z,3600,,,,,,Default/Fallback [July 2025] [25% one time / No entry modal],,07-28-2026,,07-30-2026,07-28-2026,07-28-2026,07-28-2026,,07-28-2026,07-28-2027
Wg7U3ve_8a6b8050768f8b0c,16BQpTUwYjauQT9u,,Students; fallback,,,[name],[name],,SuperSummary wasn’t helpful enough,global_economic_reasons_897286504,Reliability or performance issues,reliability,,Product (SaaS),product,1,,,u_9946ab35ae9d00af,,,,0,,,Canceled,2026-07-30T03:57:41.000Z,2026-07-30T03:57:54.000Z,2026-07-30T03:57:54.000Z,,18.67,2026-07-30T03:57:54.000Z,cancel,Valid Cancel,monthly,2026-08-12T05:47:13.000Z,2026-08-12T05:47:13.000Z,16.65,16.65,16.65,Brightback,,,,,,,16BQpTUwYjauQT9u,2025-09-12T05:47:11.000Z,,2025-09-12T05:47:13.000Z,,h_c68089fbbad72b82,,1,2025-09-12T05:47:13.000Z,USD,u_9946ab35ae9d00af,ACTIVE,h_0a40fde2904ab702,[name],,,,2026-07-12T05:47:13.000Z,student,,1,monthly_plus,2025-09-12T05:47:13.000Z,_UNKNOWN,1665,MONTH,,,College,[name],2026-08-12T05:47:13.000Z,,1665,,2026-08-12T05:47:13.000Z,2025-09-12T05:47:13.000Z,1665,,,,,,Student Experience [July 2025] [25% one-time / No Entry Modal],,09-12-2025,,07-30-2026,09-12-2025,09-12-2025,09-12-2025,,09-12-2025,08-12-2026
Wg7U25i_a76e0f604148287a,AzqcxpVQWP05MzlR,,Book Club Members; fallback,,,[name],[name],,SuperSummary wasn’t helpful enough,global_economic_reasons_897286504,Reliability or performance issues,reliability,,Product (SaaS),product,1,,,u_23cc84611212e18c,,,,0,,,Canceled,2026-07-30T02:05:46.000Z,2026-07-30T02:06:13.000Z,2026-07-30T02:06:13.000Z,,18.74,2026-07-30T02:06:13.000Z,cancel,Valid Cancel,monthly,2026-08-26T22:39:18.000Z,2026-08-26T22:39:18.000Z,16.65,16.65,16.65,Brightback,,,,,,,AzqcxpVQWP05MzlR,2026-07-26T22:39:13.000Z,,2026-07-26T22:39:18.000Z,,h_0e737dd6c43905a3,,1,2026-07-26T22:39:18.000Z,USD,u_23cc84611212e18c,ACTIVE,h_2c07eb2d22e9c062,[name],,,,2026-07-26T22:39:18.000Z,book_club_member,,1,monthly_plus,2026-07-26T22:39:18.000Z,_UNKNOWN,1665,MONTH,,,,[name],2026-08-26T22:39:18.000Z,,1665,,2026-08-26T22:39:18.000Z,2026-07-26T22:39:18.000Z,1665,,,,,,BCM Experience [July 2025] [25% one-time / No Entry Modal],,07-26-2026,,07-30-2026,07-26-2026,07-26-2026,07-26-2026,,07-26-2026,08-26-2026
Wg7TNrL_b8be672668d14a6b,AzyVl9UfvXBBs6h8X,,Teachers; Annual,,,[name],[name],,SuperSummary wasn’t helpful enough,global_economic_reasons_897286504,Reliability or performance issues,reliability,,Product (SaaS),product,1,,,u_6e043e4fd501f416,,,,0,,,Canceled,2026-07-29T23:53:26.000Z,2026-07-29T23:53:49.000Z,2026-07-29T23:53:49.000Z,,18.84,2026-07-29T23:53:49.000Z,cancel,Valid Cancel,annual,2027-03-19T21:11:12.000Z,2027-03-19T21:11:12.000Z,3.0,3.0,36.0,Brightback,,,,,,,AzyVl9UfvXBBs6h8X,2025-03-19T21:11:11.000Z,,2025-03-19T21:11:12.000Z,,h_88b24201ab6ec0ae,,1,2025-03-19T21:11:12.000Z,USD,u_6e043e4fd501f416,ACTIVE,h_50f3f4fe711e1634,[name],,,,2026-03-19T21:11:12.000Z,teacher,,1,annual,2025-03-19T21:11:12.000Z,_UNKNOWN,3600,YEAR,,,College,[name],2027-03-19T21:11:12.000Z,,300,,2027-03-19T21:11:12.000Z,2025-03-19T21:11:12.000Z,3600,,,,,,Teacher Experience [July 2025] [40% one-time / Modal],,03-19-2025,,07-29-2026,03-19-2025,03-19-2025,03-19-2025,,03-19-2025,03-19-2027
Wg7TLkV_a8e916fc0dd49de8,1710682,,Students; fallback,,,[name],[name],[name],SuperSummary wasn’t helpful enough,global_economic_reasons_897286504,Reliability or performance issues,reliability,,Product (SaaS),product,2,not sure yet ,,u_f510a1141831670f,refund!,,,1,36.0,,Canceled,2026-07-30T15:55:05.000Z,2026-07-30T15:55:36.000Z,2026-07-30T15:55:36.000Z,,18.17,2026-07-30T15:55:36.000Z,cancel,Valid Cancel,annual,2027-07-29T19:09:05.000Z,2027-07-29T19:09:05.000Z,3.0,3.0,36.0,Brightback,,,,,,,1710682,2026-07-29T19:09:03.000Z,,2026-07-29T19:09:05.000Z,,h_bc77ae8279f24b72,,1,2026-07-29T19:09:05.000Z,USD,u_f510a1141831670f,ACTIVE,h_868cc79902650650,[name],36.0,annual_essentials,,2026-07-29T19:09:05.000Z,student,,1,annual_essentials,2026-07-29T19:09:05.000Z,_UNKNOWN,3600,YEAR,annual_essentials,,Postgrad Program,[name],2027-07-29T19:09:05.000Z,,300,,2027-07-29T19:09:05.000Z,2026-07-29T19:09:05.000Z,3600,[name],,https://www.supersummary.com/subscription,https://www.supersummary.com/subscription/confirming/cancel,,Student Experience [July 2025] [25% one-time / No Entry Modal],,07-29-2026,,07-30-2026,07-29-2026,07-29-2026,07-29-2026,,07-29-2026,07-29-2027
Wg7TKRl_a3cb47f0ebc96a6f,AzygAGVQcgv2M4Epq,,Students; fallback,,,[name],[name],,SuperSummary wasn’t helpful enough,global_economic_reasons_897286504,Reliability or performance issues,reliability,,Product (SaaS),product,3,,,u_d3b41a4f85ca9a85,,,,0,,,Canceled,2026-07-29T20:27:50.000Z,2026-07-29T20:28:03.000Z,2026-07-29T20:28:03.000Z,,18.98,2026-07-29T20:28:03.000Z,cancel,Valid Cancel,monthly,2026-08-28T00:28:06.000Z,2026-08-28T00:28:06.000Z,9.95,9.95,9.95,Brightback,,,,,,,AzygAGVQcgv2M4Epq,2025-10-22T19:29:14.000Z,,2026-07-28T00:28:06.000Z,,h_3a3f49e4a8719609,,1,2026-07-28T00:28:06.000Z,USD,u_d3b41a4f85ca9a85,ACTIVE,h_62374e27c0afac0a,[name],,,,2026-07-28T00:28:06.000Z,student,,1,monthly_essentials,2026-07-28T00:28:06.000Z,_UNKNOWN,995,MONTH,,,,[name],2026-08-28T00:28:06.000Z,,995,,2026-08-28T00:28:06.000Z,2026-07-28T00:28:06.000Z,995,,,,,,Student Experience [July 2025] [25% one-time / No Entry Modal],,07-28-2026,,07-29-2026,07-28-2026,07-28-2026,10-22-2025,,07-28-2026,08-28-2026
Wg7TDht_bf2143013bfdddc4,1693367,,Teachers; fallback,,,[name],[name],[name],SuperSummary wasn’t helpful enough,global_economic_reasons_897286504,Reliability or performance issues,reliability,,Product (SaaS),product,7,Nothing,,u_fcf5961b1b53c37a,,,,0,9.95,,Canceled,2026-07-29T13:44:01.000Z,2026-07-29T13:44:38.000Z,2026-07-29T13:44:38.000Z,,19.26,2026-07-29T13:44:38.000Z,cancel,Valid Cancel,monthly,2026-08-09T14:51:32.000Z,2026-08-09T14:51:32.000Z,9.95,9.95,9.95,Brightback,,,,,,,1693367,2026-07-09T14:51:30.000Z,,2026-07-09T14:51:32.000Z,,h_ea80092c708b7b93,,1,2026-07-09T14:51:32.000Z,USD,u_fcf5961b1b53c37a,ACTIVE,h_176b0f60ae06afd4,[name],9.95,monthly_essentials,,2026-07-09T14:51:32.000Z,teacher,,1,monthly_essentials,2026-07-09T14:51:32.000Z,_UNKNOWN,995,MONTH,monthly_essentials,,College,[name],2026-08-09T14:51:32.000Z,,995,,2026-08-09T14:51:32.000Z,2026-07-09T14:51:32.000Z,995,[name],,https://www.supersummary.com/subscription,https://www.supersummary.com/subscription/confirming/cancel,,Teacher Experience [July 2025] [40% one-time / Modal],,07-09-2026,,07-29-2026,07-09-2026,07-09-2026,07-09-2026,,07-09-2026,08-09-2026
Wg7T9ql_9309ab1ac53d1597,558052,,Book Club Members; fallback,,,[name],[name],[name],SuperSummary wasn’t helpful enough,global_economic_reasons_897286504,Reliability or performance issues,reliability,,Product (SaaS),product,5,book browse,,u_a5c3ea10e0a7d97c,its all just lists and lists.  very little comparison/analysis,,,1,60.0,,Canceled,2026-07-29T09:52:54.000Z,2026-07-29T09:56:18.000Z,2026-07-29T09:56:18.000Z,,19.42,2026-07-29T09:56:18.000Z,cancel,Valid Cancel,annual,2027-07-24T22:26:37.000Z,2027-07-24T22:26:37.000Z,5.0,5.0,60.0,Brightback,,,,,,,558052,2026-07-24T22:26:34.000Z,,2026-07-24T22:26:37.000Z,,h_25a3eb721c8ad95c,,1,2026-07-24T22:26:37.000Z,USD,u_a5c3ea10e0a7d97c,ACTIVE,h_0093aa11d43be9a1,[name],60.0,annual_plus,,2026-07-24T22:26:37.000Z,book_club_member,,1,annual_plus,2026-07-24T22:26:37.000Z,_UNKNOWN,6000,YEAR,annual_plus,,,[name],2027-07-24T22:26:37.000Z,,500,,2027-07-24T22:26:37.000Z,2026-07-24T22:26:37.000Z,6000,[name],,https://www.supersummary.com/subscription,https://www.supersummary.com/subscription/confirming/cancel,,BCM Experience [July 2025] [25% one-time / No Entry Modal],,07-24-2026,,07-29-2026,07-24-2026,07-24-2026,07-24-2026,,07-24-2026,07-24-2027
Wg7T3HX_87d6702f622f7e9b,AzZWcJVQibfdI36vo,,Book Club Members; fallback,,,[name],[name],,SuperSummary wasn’t helpful enough,global_economic_reasons_897286504,Reliability or performance issues,reliability,,Product (SaaS),product,3,,,u_608647c9b9ba3230,,,,0,,,Canceled,2026-07-29T03:17:46.000Z,2026-07-29T03:19:48.000Z,2026-07-29T03:19:49.000Z,,19.69,2026-07-29T03:50:58.000Z,cancel,Valid Cancel,annual,2027-07-29T00:44:53.000Z,2027-07-29T00:44:53.000Z,3.0,3.0,36.0,Brightback,,,,,,,AzZWcJVQibfdI36vo,2026-07-29T00:44:52.000Z,,2026-07-29T00:44:53.000Z,,h_03fb5ebe759d6f0b,,1,2026-07-29T00:44:53.000Z,USD,u_608647c9b9ba3230,ACTIVE,h_570ffe92e37e25fa,[name],,,,2026-07-29T00:44:53.000Z,book_club_member,,1,annual_essentials,2026-07-29T00:44:53.000Z,_UNKNOWN,3600,YEAR,,,,[name],2027-07-29T00:44:53.000Z,,300,,2027-07-29T00:44:53.000Z,2026-07-29T00:44:53.000Z,3600,,,,,,BCM Experience [July 2025] [25% one-time / No Entry Modal],,07-29-2026,,07-29-2026,07-29-2026,07-29-2026,07-29-2026,,07-29-2026,07-29-2027
Wg7T2UM_b816b9bd4c93e8cb,169pmIVQbjVBI42xE,,fallback,,,[name],[name],,SuperSummary wasn’t helpful enough,global_economic_reasons_897286504,Reliability or performance issues,reliability,,Product (SaaS),product,3,,,u_20ae147516724633,,,,0,,,Canceled,2026-07-29T02:30:23.000Z,2026-07-29T02:30:52.000Z,2026-07-29T02:30:52.000Z,,19.73,2026-07-29T02:30:52.000Z,cancel,Valid Cancel,annual,2027-07-27T20:32:05.000Z,2027-07-27T20:32:05.000Z,3.0,3.0,36.0,Brightback,,,,,,,169pmIVQbjVBI42xE,2026-07-27T20:31:38.000Z,,2026-07-27T20:32:05.000Z,,h_e026ce81d88e7c35,,1,2026-07-27T20:32:05.000Z,USD,u_20ae147516724633,ACTIVE,h_0fcb693685d7bb81,[name],,,,2026-07-27T20:32:05.000Z,other,,1,annual_essentials,2026-07-27T20:32:05.000Z,_UNKNOWN,3600,YEAR,,,,[name],2027-07-27T20:32:05.000Z,,300,,2027-07-27T20:32:05.000Z,2026-07-27T20:32:05.000Z,3600,,,,,,Default/Fallback [July 2025] [25% one time / No entry modal],,07-27-2026,,07-29-2026,07-27-2026,07-27-2026,07-27-2026,,07-27-2026,07-27-2027
Wg7T0ut_bbb6b9c48954f410,1709990,,fallback,,,[name],[name],[name],SuperSummary wasn’t helpful enough,global_economic_reasons_897286504,Reliability or performance issues,reliability,,Product (SaaS),product,1,Google search ,,u_16a37c186991078a,Provide complete character list,,,1,9.95,,Canceled,2026-07-29T00:57:06.000Z,2026-07-29T00:58:33.000Z,2026-07-29T00:58:34.000Z,,19.79,2026-07-29T00:58:34.000Z,cancel,Valid Cancel,monthly,2026-08-29T00:42:44.000Z,2026-08-29T00:42:44.000Z,9.95,9.95,9.95,Brightback,,,,,,,1709990,2026-07-29T00:42:42.000Z,,2026-07-29T00:42:44.000Z,,h_0fe057a2491ebd1f,,1,2026-07-29T00:42:44.000Z,USD,u_16a37c186991078a,ACTIVE,h_301db3cdc5794cb2,[name],9.95,monthly_essentials,,2026-07-29T00:42:44.000Z,other,,1,monthly_essentials,2026-07-29T00:42:44.000Z,_UNKNOWN,995,MONTH,monthly_essentials,,,[name],2026-08-29T00:42:44.000Z,,995,,2026-08-29T00:42:44.000Z,2026-07-29T00:42:44.000Z,995,[name],,https://www.supersummary.com/subscription,https://www.supersummary.com/subscription/confirming/cancel,,Default/Fallback [July 2025] [25% one time / No entry modal],,07-29-2026,,07-29-2026,07-29-2026,07-29-2026,07-29-2026,,07-29-2026,08-29-2026
Wg7S0C3_8ef04d389febe7c1,169pmIVQcDH204Jm8,,Book Club Members; fallback,,,[name],[name],,SuperSummary wasn’t helpful enough,global_economic_reasons_897286504,Reliability or performance issues,reliability,,Product (SaaS),product,1,,,u_ddf83d07c371bd11,,,,0,,,Canceled,2026-07-28T00:12:06.000Z,2026-07-28T00:12:27.000Z,2026-07-28T00:12:27.000Z,,20.82,2026-07-28T00:12:27.000Z,cancel,Valid Cancel,annual,2027-07-27T22:30:21.000Z,2027-07-27T22:30:21.000Z,3.0,3.0,36.0,Brightback,,,,,,,169pmIVQcDH204Jm8,2026-07-27T22:30:20.000Z,,2026-07-27T22:30:21.000Z,,h_5326744cea754a09,,1,2026-07-27T22:30:21.000Z,USD,u_ddf83d07c371bd11,ACTIVE,h_7e1b2e89d02adf2b,[name],,,,2026-07-27T22:30:21.000Z,book_club_member,,1,annual_essentials,2026-07-27T22:30:21.000Z,_UNKNOWN,3600,YEAR,,,,[name],2027-07-27T22:30:21.000Z,,300,,2027-07-27T22:30:21.000Z,2026-07-27T22:30:21.000Z,3600,,,,,,BCM Experience [July 2025] [25% one-time / No Entry Modal],,07-27-2026,,07-28-2026,07-27-2026,07-27-2026,07-27-2026,,07-27-2026,07-27-2027
Wg7RI1L_9061ebf2644b2d20,1379424,,Students; fallback,,,[name],[name],[name],SuperSummary wasn’t helpful enough,global_economic_reasons_897286504,Reliability or performance issues,reliability,,Product (SaaS),product,5,,,u_d256755bb2ba05dd,,,,0,60.0,,Canceled,2026-07-27T18:01:28.000Z,2026-07-27T18:01:48.000Z,2026-07-27T18:01:48.000Z,,21.08,2026-07-27T18:02:16.000Z,cancel,Valid Cancel,annual,2026-11-21T01:36:45.000Z,2026-11-21T01:36:45.000Z,5.0,5.0,60.0,Brightback,,,,,,,1379424,2025-10-27T03:50:34.000Z,,2025-11-21T01:36:45.000Z,,h_15c3955ef2e0dc26,,1,2025-11-21T01:36:45.000Z,USD,u_d256755bb2ba05dd,ACTIVE,h_90078b051e5fedab,[name],60.0,annual_plus,,2025-11-21T01:36:45.000Z,student,,1,annual_plus,2025-11-21T01:36:45.000Z,_UNKNOWN,6000,YEAR,annual_plus,,High School,[name],2026-11-21T01:36:45.000Z,,500,,2026-11-21T01:36:45.000Z,2025-11-21T01:36:45.000Z,6000,[name],,https://www.supersummary.com/subscription,https://www.supersummary.com/subscription/confirming/cancel,,Student Experience [July 2025] [25% one-time / No Entry Modal],,11-21-2025,,07-27-2026,11-21-2025,11-21-2025,10-27-2025,,11-21-2025,11-21-2026
Wg7REw6_a9082f532159a928,1708246,,Book Club Members; fallback,,,[name],[name],[name],SuperSummary wasn’t helpful enough,global_economic_reasons_897286504,Reliability or performance issues,reliability,,Product (SaaS),product,1,,,u_4adf303ceb9fb38d,,,,0,16.65,,Canceled,2026-07-27T14:58:11.000Z,2026-07-27T14:58:28.000Z,2026-07-27T14:58:28.000Z,,21.21,2026-07-27T14:58:59.000Z,cancel,Valid Cancel,monthly,2026-08-27T14:47:18.000Z,2026-08-27T14:47:18.000Z,16.65,16.65,16.65,Brightback,,,,,,,1708246,2026-07-27T14:47:15.000Z,,2026-07-27T14:47:18.000Z,,h_a402867aea08377b,,1,2026-07-27T14:47:18.000Z,USD,u_4adf303ceb9fb38d,ACTIVE,h_210556e041ac4a50,[name],16.65,monthly_plus,,2026-07-27T14:47:18.000Z,book_club_member,,1,monthly_plus,2026-07-27T14:47:18.000Z,_UNKNOWN,1665,MONTH,monthly_plus,,,[name],2026-08-27T14:47:18.000Z,,1665,,2026-08-27T14:47:18.000Z,2026-07-27T14:47:18.000Z,1665,[name],,https://www.supersummary.com/subscription,https://www.supersummary.com/subscription/confirming/cancel,,BCM Experience [July 2025] [25% one-time / No Entry Modal],,07-27-2026,,07-27-2026,07-27-2026,07-27-2026,07-27-2026,,07-27-2026,08-27-2026
Wg7RAYp_a93ee0169e124746,AzqXnAUs92KwtA3x0,,Teachers; Annual,,,[name],[name],,SuperSummary wasn’t helpful enough,global_economic_reasons_897286504,Reliability or performance issues,reliability,,Product (SaaS),product,1,Ai,,u_2ffae84c90caa240,Resources,,,1,,,Canceled,2026-07-27T10:34:59.000Z,2026-07-27T10:35:52.000Z,2026-07-27T10:35:52.000Z,,21.39,2026-07-27T10:35:52.000Z,cancel,Valid Cancel,annual,2027-07-27T10:23:04.000Z,2027-07-27T10:23:04.000Z,3.0,3.0,36.0,Brightback,,,,,,,AzqXnAUs92KwtA3x0,2025-07-27T10:23:02.000Z,,2025-07-27T10:23:04.000Z,,h_0318ff408273e701,,1,2025-07-27T10:23:04.000Z,USD,u_2ffae84c90caa240,ACTIVE,h_8275dc1174531d7e,[name],,,,2026-07-27T10:23:04.000Z,teacher,,1,annual,2025-07-27T10:23:04.000Z,_UNKNOWN,3600,YEAR,,,High School,[name],2027-07-27T10:23:04.000Z,,300,,2027-07-27T10:23:04.000Z,2025-07-27T10:23:04.000Z,3600,,,,,,Teacher Experience [July 2025] [40% one-time / Modal],,07-27-2025,,07-27-2026,07-27-2025,07-27-2025,07-27-2025,,07-27-2025,07-27-2027
Wg7QKXt_9c0b8477532f5136,AzZuCBUfF8Gfw3zxH,,Book Club Members; Annual,,,[name],[name],,SuperSummary wasn’t helpful enough,global_economic_reasons_897286504,Reliability or performance issues,reliability,,Product (SaaS),product,6,Nine,,u_1ea0075bca0b754b,,,,0,,,Canceled,2026-07-26T20:33:57.000Z,2026-07-26T20:34:26.000Z,2026-07-26T20:34:26.000Z,,21.97,2026-07-26T20:34:26.000Z,cancel,Valid Cancel,annual,2027-03-12T15:08:49.000Z,2027-03-12T15:08:49.000Z,3.0,3.0,36.0,Brightback,,,,,,,AzZuCBUfF8Gfw3zxH,2025-03-12T15:08:47.000Z,,2025-03-12T15:08:49.000Z,,h_551b8e1d949b403b,,1,2025-03-12T15:08:49.000Z,USD,u_1ea0075bca0b754b,ACTIVE,h_641009109bc9beb2,[name],,,,2026-03-12T15:08:49.000Z,book_club_member,,1,annual,2025-03-12T15:08:49.000Z,_UNKNOWN,3600,YEAR,,,,[name],2027-03-12T15:08:49.000Z,,300,,2027-03-12T15:08:49.000Z,2025-03-12T15:08:49.000Z,3600,,,,,,BCM Experience [July 2025] [25% one-time / No Entry Modal],,03-12-2025,,07-26-2026,03-12-2025,03-12-2025,03-12-2025,,03-12-2025,03-12-2027
Wg7QJQZ_afe57ced15f4719c,1683282,,Students; fallback,,,[name],[name],[name],SuperSummary wasn’t helpful enough,global_economic_reasons_897286504,Reliability or performance issues,reliability,,Product (SaaS),product,6,,,u_4ce42bc00f0daeb5,,,,0,36.0,,Canceled,2026-07-26T19:26:43.000Z,2026-07-26T19:27:05.000Z,2026-07-26T19:27:05.000Z,,22.02,2026-07-26T19:27:05.000Z,cancel,Valid Cancel,annual,2027-06-24T18:25:20.000Z,2027-06-24T18:25:20.000Z,3.0,3.0,36.0,Brightback,,,,,,,1683282,2026-06-24T18:25:18.000Z,,2026-06-24T18:25:20.000Z,,h_f58627cee1e9546a,,1,2026-06-24T18:25:20.000Z,USD,u_4ce42bc00f0daeb5,ACTIVE,h_fe5ea03c764ccd2e,[name],36.0,annual_essentials,,2026-06-24T18:25:20.000Z,student,,1,annual_essentials,2026-06-24T18:25:20.000Z,_UNKNOWN,3600,YEAR,annual_essentials,,College,[name],2027-06-24T18:25:20.000Z,,300,,2027-06-24T18:25:20.000Z,2026-06-24T18:25:20.000Z,3600,[name],,https://www.supersummary.com/subscription,https://www.supersummary.com/subscription/confirming/cancel,,Student Experience [July 2025] [25% one-time / No Entry Modal],,06-24-2026,,07-26-2026,06-24-2026,06-24-2026,06-24-2026,,06-24-2026,06-24-2027
Wg7QGXe_8abb13978cea536c,1703208,,fallback,,,[name],[name],[name],SuperSummary wasn’t helpful enough,global_economic_reasons_897286504,Reliability or performance issues,reliability,,Product (SaaS),product,1,,,u_e0465ce63c89640c,,,,0,9.95,,Canceled,2026-07-26T16:36:16.000Z,2026-07-26T16:36:45.000Z,2026-07-26T16:36:45.000Z,,22.14,2026-07-26T16:36:45.000Z,cancel,Valid Cancel,monthly,2026-08-22T04:31:49.000Z,2026-08-22T04:31:49.000Z,9.95,9.95,9.95,Brightback,,,,,,,1703208,2026-07-22T04:31:48.000Z,,2026-07-22T04:31:49.000Z,,h_53c76f59adecffea,,1,2026-07-22T04:31:49.000Z,USD,u_e0465ce63c89640c,ACTIVE,h_49ccc5e902b43537,[name],9.95,monthly_essentials,,2026-07-22T04:31:49.000Z,other,,1,monthly_essentials,2026-07-22T04:31:49.000Z,_UNKNOWN,995,MONTH,monthly_essentials,,,[name],2026-08-22T04:31:49.000Z,,995,,2026-08-22T04:31:49.000Z,2026-07-22T04:31:49.000Z,995,[name],,https://www.supersummary.com/subscription,https://www.supersummary.com/subscription/confirming/cancel,,Default/Fallback [July 2025] [25% one time / No entry modal],,07-22-2026,,07-26-2026,07-22-2026,07-22-2026,07-22-2026,,07-22-2026,08-22-2026
Wg7QD4L_b738b61db6969a59,1707162,,Students; fallback,,,[name],[name],[name],SuperSummary wasn’t helpful enough,global_economic_reasons_897286504,Reliability or performance issues,reliability,,Product (SaaS),product,6,,,u_43b5168bf69d9307,,,,0,60.0,,Canceled,2026-07-26T13:05:51.000Z,2026-07-26T13:06:58.000Z,2026-07-26T13:07:08.000Z,,22.29,2026-07-26T13:07:08.000Z,cancel,Valid Cancel,annual,2027-07-26T13:00:11.000Z,2027-07-26T13:00:11.000Z,5.0,5.0,60.0,Brightback,,,,,,,1707162,2026-07-26T13:00:07.000Z,,2026-07-26T13:00:11.000Z,,h_6feed7b97e9247d1,,1,2026-07-26T13:00:11.000Z,USD,u_43b5168bf69d9307,ACTIVE,h_e133f75c0ba0e84f,[name],60.0,annual_plus,,2026-07-26T13:00:11.000Z,student,,1,annual_plus,2026-07-26T13:00:11.000Z,_UNKNOWN,6000,YEAR,annual_plus,,College,[name],2027-07-26T13:00:11.000Z,,500,,2027-07-26T13:00:11.000Z,2026-07-26T13:00:11.000Z,6000,[name],,https://www.supersummary.com/subscription,https://www.supersummary.com/subscription/confirming/cancel,,Student Experience [July 2025] [25% one-time / No Entry Modal],,07-26-2026,,07-26-2026,07-26-2026,07-26-2026,07-26-2026,,07-26-2026,07-26-2027
Wg7Q5WD_829d5aaa81cd55a9,1698170,,Students; fallback,,,[name],[name],[name],SuperSummary wasn’t helpful enough,global_economic_reasons_897286504,Reliability or performance issues,reliability,,Product (SaaS),product,1,,,u_135ada289261f7b3,,,,0,60.0,,Canceled,2026-07-26T05:32:38.000Z,2026-07-26T05:33:20.000Z,2026-07-26T05:33:20.000Z,,22.6,2026-07-26T05:33:20.000Z,cancel,Valid Cancel,annual,2027-07-15T21:46:21.000Z,2027-07-15T21:46:21.000Z,5.0,5.0,60.0,Brightback,,,,,,,1698170,2026-07-15T21:46:18.000Z,,2026-07-15T21:46:21.000Z,,h_6be5a9ec1d081a74,,1,2026-07-15T21:46:21.000Z,USD,u_135ada289261f7b3,ACTIVE,h_ee3e59ec0a4fdd95,[name],60.0,annual_plus,,2026-07-15T21:46:21.000Z,student,,1,annual_plus,2026-07-15T21:46:21.000Z,_UNKNOWN,6000,YEAR,annual_plus,,Middle School,[name],2027-07-15T21:46:21.000Z,,500,,2027-07-15T21:46:21.000Z,2026-07-15T21:46:21.000Z,6000,[name],,https://www.supersummary.com/subscription,https://www.supersummary.com/subscription/confirming/cancel,,Student Experience [July 2025] [25% one-time / No Entry Modal],,07-15-2026,,07-26-2026,07-15-2026,07-15-2026,07-15-2026,,07-15-2026,07-15-2027
Wg7PFvX_8eb6b595aba6ee2f,Azyf3GVHRrKub2J8k,,Students; fallback,,,[name],[name],,SuperSummary wasn’t helpful enough,global_economic_reasons_897286504,Reliability or performance issues,reliability,,Product (SaaS),product,5,,,u_2a515fbdfb1dbad4,,,,0,,,Canceled,2026-07-25T15:57:39.000Z,2026-07-25T15:58:00.000Z,2026-07-25T15:58:01.000Z,,23.17,2026-07-25T15:58:01.000Z,cancel,Valid Cancel,annual,2027-04-21T17:40:34.000Z,2027-04-21T17:40:34.000Z,3.0,3.0,36.0,Brightback,,,,,,,Azyf3GVHRrKub2J8k,2026-04-21T17:39:20.000Z,,2026-04-21T17:40:34.000Z,,h_39253f34de19cac3,,1,2026-04-21T17:40:34.000Z,USD,u_2a515fbdfb1dbad4,ACTIVE,h_731f31319af0f128,[name],,,,2026-04-21T17:40:34.000Z,student,,1,annual_essentials,2026-04-21T17:40:34.000Z,_UNKNOWN,3600,YEAR,,,High School,[name],2027-04-21T17:40:34.000Z,,300,,2027-04-21T17:40:34.000Z,2026-04-21T17:40:34.000Z,3600,,,,,,Student Experience [July 2025] [25% one-time / No Entry Modal],,04-21-2026,,07-25-2026,04-21-2026,04-21-2026,04-21-2026,,04-21-2026,04-21-2027
Wg7PDuf_b359c60f976f3434,1275049,,fallback,,,[name],[name],[name],SuperSummary wasn’t helpful enough,global_economic_reasons_897286504,Reliability or performance issues,reliability,I did not use it. ,Product (SaaS),product,1,Nothing. It is excess to requirement.,,u_45978e172bc39104,,,,0,36.0,,Canceled,2026-07-25T13:57:00.000Z,2026-07-25T13:58:22.000Z,2026-07-25T13:58:22.000Z,,23.25,2026-07-25T13:58:22.000Z,cancel,Valid Cancel,annual,2026-08-03T17:59:42.000Z,2026-08-03T17:59:42.000Z,3.0,3.0,36.0,Brightback,,,,,,,1275049,2025-08-03T17:59:39.000Z,,2025-08-03T17:59:42.000Z,,h_7f2f2503e50d743c,,1,2025-08-03T17:59:42.000Z,USD,u_45978e172bc39104,ACTIVE,h_bdf5c56c7b5a0fa8,[name],36.0,annual,,2025-08-03T17:59:42.000Z,other,,1,annual,2025-08-03T17:59:42.000Z,_UNKNOWN,3600,YEAR,annual,,,[name],2026-08-03T17:59:42.000Z,,300,,2026-08-03T17:59:42.000Z,2025-08-03T17:59:42.000Z,3600,[name],,https://www.supersummary.com/subscription,https://www.supersummary.com/subscription/confirming/cancel,,Default/Fallback [July 2025] [25% one time / No entry modal],,08-03-2025,,07-25-2026,08-03-2025,08-03-2025,08-03-2025,,08-03-2025,08-03-2026
Wg7P3rC_a9f8952a9c11bd14,1706127,,Students; fallback,,,[name],[name],[name],SuperSummary wasn’t helpful enough,global_economic_reasons_897286504,Reliability or performance issues,reliability,,Product (SaaS),product,5,,,u_c13afef2cff4d2a4,,,,0,60.0,,Canceled,2026-07-25T03:53:19.000Z,2026-07-25T03:53:38.000Z,2026-07-25T03:53:38.000Z,,23.67,2026-07-25T03:53:38.000Z,cancel,Valid Cancel,annual,2027-07-25T02:38:23.000Z,2027-07-25T02:38:23.000Z,5.0,5.0,60.0,Brightback,,,,,,,1706127,2026-07-25T02:38:20.000Z,,2026-07-25T02:38:23.000Z,,h_3bc5ab7e83e583cb,,1,2026-07-25T02:38:23.000Z,USD,u_c13afef2cff4d2a4,ACTIVE,h_92b8906da278778a,[name],60.0,annual_plus,,2026-07-25T02:38:23.000Z,student,,1,annual_plus,2026-07-25T02:38:23.000Z,_UNKNOWN,6000,YEAR,annual_plus,,College,[name],2027-07-25T02:38:23.000Z,,500,,2027-07-25T02:38:23.000Z,2026-07-25T02:38:23.000Z,6000,[name],,https://www.supersummary.com/subscription,https://www.supersummary.com/subscription/confirming/cancel,,Student Experience [July 2025] [25% one-time / No Entry Modal],,07-25-2026,,07-25-2026,07-25-2026,07-25-2026,07-25-2026,,07-25-2026,07-25-2027
Wg7ONLf_96646f0f651ea467,1704085,,Students; fallback,,,[name],[name],[name],SuperSummary wasn’t helpful enough,global_economic_reasons_897286504,Reliability or performance issues,reliability,,Product (SaaS),product,4,Lit charts,,u_2aa3e6cda0dcf557,Helpful analysis ,,,1,36.0,,Canceled,2026-07-24T23:21:52.000Z,2026-07-24T23:22:42.000Z,2026-07-24T23:22:42.000Z,,23.86,2026-07-24T23:22:42.000Z,cancel,Valid Cancel,annual,2027-07-22T23:00:59.000Z,2027-07-22T23:00:59.000Z,3.0,3.0,36.0,Brightback,,,,,,,1704085,2026-07-22T23:00:56.000Z,,2026-07-22T23:00:59.000Z,,h_733b5c8a4ceec8cc,,1,2026-07-22T23:00:59.000Z,USD,u_2aa3e6cda0dcf557,ACTIVE,h_acddff85fc309993,[name],36.0,annual_essentials,,2026-07-22T23:00:59.000Z,student,,1,annual_essentials,2026-07-22T23:00:59.000Z,_UNKNOWN,3600,YEAR,annual_essentials,,High School,[name],2027-07-22T23:00:59.000Z,,300,,2027-07-22T23:00:59.000Z,2026-07-22T23:00:59.000Z,3600,[name],,https://www.supersummary.com/subscription,https://www.supersummary.com/subscription/confirming/cancel,,Student Experience [July 2025] [25% one-time / No Entry Modal],,07-22-2026,,07-24-2026,07-22-2026,07-22-2026,07-22-2026,,07-22-2026,07-22-2027
Wg7OML7_ae143f9b4bec2721,AzqF9zVKYM30c6C8y,,Book Club Members; fallback,,,[name],[name],,SuperSummary wasn’t helpful enough,global_economic_reasons_897286504,Reliability or performance issues,reliability,,Product (SaaS),product,1,,,u_b41d7a5405770576,,,,0,,,Canceled,2026-07-24T22:21:10.000Z,2026-07-24T22:21:29.000Z,2026-07-24T22:21:29.000Z,,23.9,2026-07-24T22:21:29.000Z,cancel,Valid Cancel,monthly,2026-08-24T15:46:49.000Z,2026-08-24T15:46:49.000Z,9.95,9.95,9.95,Brightback,,,,,,,AzqF9zVKYM30c6C8y,2026-05-24T15:46:47.000Z,,2026-05-24T15:46:49.000Z,,h_1d5ffe5410aa1c2b,,1,2026-05-24T15:46:49.000Z,USD,u_b41d7a5405770576,ACTIVE,h_b90a48c192bba634,[name],,,,2026-07-24T15:46:49.000Z,book_club_member,,1,monthly_essentials,2026-05-24T15:46:49.000Z,_UNKNOWN,995,MONTH,,,,[name],2026-08-24T15:46:49.000Z,,995,,2026-08-24T15:46:49.000Z,2026-05-24T15:46:49.000Z,995,,,,,,BCM Experience [July 2025] [25% one-time / No Entry Modal],,05-24-2026,,07-24-2026,05-24-2026,05-24-2026,05-24-2026,,05-24-2026,08-24-2026
Wg7OIpe_95af2db965447f76,1704437,,Students; fallback,,,[name],[name],[name],SuperSummary wasn’t helpful enough,global_economic_reasons_897286504,Reliability or performance issues,reliability,,Product (SaaS),product,1,,,u_fc9f0ccab9b6625d,,,,0,60.0,,Canceled,2026-07-24T18:52:40.000Z,2026-07-24T18:53:06.000Z,2026-07-24T18:53:06.000Z,,24.04,2026-07-24T18:53:06.000Z,cancel,Valid Cancel,annual,2027-07-23T07:39:27.000Z,2027-07-23T07:39:27.000Z,5.0,5.0,60.0,Brightback,,,,,,,1704437,2026-07-23T07:39:24.000Z,,2026-07-23T07:39:27.000Z,,h_3069866ecc34eec8,,1,2026-07-23T07:39:27.000Z,USD,u_fc9f0ccab9b6625d,ACTIVE,h_9086434666cceaa9,[name],60.0,annual_plus,,2026-07-23T07:39:27.000Z,student,,1,annual_plus,2026-07-23T07:39:27.000Z,_UNKNOWN,6000,YEAR,annual_plus,,College,[name],2027-07-23T07:39:27.000Z,,500,,2027-07-23T07:39:27.000Z,2026-07-23T07:39:27.000Z,6000,[name],,https://www.supersummary.com/subscription,https://www.supersummary.com/subscription/confirming/cancel,,Student Experience [July 2025] [25% one-time / No Entry Modal],,07-23-2026,,07-24-2026,07-23-2026,07-23-2026,07-23-2026,,07-23-2026,07-23-2027
Wg7OHOa_bf978d8f29872f86,16CGUKUJSybKn7hWG,,Book Club Members; Annual,,,[name],[name],,SuperSummary wasn’t helpful enough,global_economic_reasons_897286504,Reliability or performance issues,reliability,,Product (SaaS),product,1,,,u_ccdce386fbc62bcb,,,,0,,,Canceled,2026-07-24T17:24:37.000Z,2026-07-24T17:25:01.000Z,2026-07-24T17:25:02.000Z,,24.11,2026-07-24T17:25:02.000Z,cancel,Valid Cancel,annual,2027-07-24T17:22:51.000Z,2027-07-24T17:22:51.000Z,3.0,3.0,36.0,Brightback,,,,,,,16CGUKUJSybKn7hWG,2024-07-24T17:22:50.000Z,,2024-07-24T17:22:51.000Z,,h_2bcf2a70e4d3c6d6,,1,2024-07-24T17:22:51.000Z,USD,u_ccdce386fbc62bcb,ACTIVE,h_bb670c5708c00c04,[name],,,,2026-07-24T17:22:51.000Z,book_club_member,,1,annual,2024-07-24T17:22:51.000Z,_UNKNOWN,3600,YEAR,,,,[name],2027-07-24T17:22:51.000Z,,300,,2027-07-24T17:22:51.000Z,2024-07-24T17:22:51.000Z,3600,,,,,,BCM Experience [July 2025] [25% one-time / No Entry Modal],,07-24-2024,,07-24-2026,07-24-2024,07-24-2024,07-24-2024,,07-24-2024,07-24-2027
Wg7OHmO_979e717d3f964e47,16BeScVQJKoID1l6n,,Book Club Members; fallback,,,[name],[name],,SuperSummary wasn’t helpful enough,global_economic_reasons_897286504,Reliability or performance issues,reliability,,Product (SaaS),product,1,,,u_e1e2b765b0f20ff2,,,,0,,,Canceled,2026-07-24T17:48:41.000Z,2026-07-24T17:48:55.000Z,2026-07-24T17:48:56.000Z,,24.09,2026-07-24T17:48:56.000Z,cancel,Valid Cancel,annual,2027-07-24T17:01:07.000Z,2027-07-24T17:01:07.000Z,3.0,3.0,36.0,Brightback,,,,,,,16BeScVQJKoID1l6n,2026-07-24T17:01:04.000Z,,2026-07-24T17:01:07.000Z,,h_91911a1d2ea9fecb,,1,2026-07-24T17:01:07.000Z,USD,u_e1e2b765b0f20ff2,ACTIVE,h_f6dc9ea0b8a2bd22,[name],,,,2026-07-24T17:01:07.000Z,book_club_member,,1,annual_essentials,2026-07-24T17:01:07.000Z,_UNKNOWN,3600,YEAR,,,,[name],2027-07-24T17:01:07.000Z,,300,,2027-07-24T17:01:07.000Z,2026-07-24T17:01:07.000Z,3600,,,,,,BCM Experience [July 2025] [25% one-time / No Entry Modal],,07-24-2026,,07-24-2026,07-24-2026,07-24-2026,07-24-2026,,07-24-2026,07-24-2027
Wg7ODh0_893e0c6a7c4a3873,1272044,,fallback,,,[name],[name],[name],SuperSummary wasn’t helpful enough,global_economic_reasons_897286504,Reliability or performance issues,reliability,,Product (SaaS),product,1,,,u_8ba1fdd63464ed46,It is 7/24/26 my billing cycle renews on 7/29/26 but I have already been charged. I need to be refunded the $36 today.,,,1,36.0,,Canceled,2026-07-24T13:43:19.000Z,2026-07-24T13:44:25.000Z,2026-07-24T13:44:25.000Z,,24.26,2026-07-24T13:44:25.000Z,cancel,Valid Cancel,annual,2026-07-25T12:48:30.000Z,2026-07-25T12:48:30.000Z,3.0,3.0,36.0,Brightback,,,,,,,1272044,2025-07-30T15:19:53.000Z,,2025-07-30T15:19:55.000Z,,h_2c1323a8b5f71806,,1,2025-07-30T15:19:55.000Z,USD,u_8ba1fdd63464ed46,ACTIVE,h_c6cb6f4cc711a2e4,[name],36.0,annual,,2025-07-30T15:19:55.000Z,other,,1,annual,2025-07-30T15:19:55.000Z,_UNKNOWN,3600,YEAR,annual,,,[name],2026-07-30T15:19:55.000Z,,300,,2026-07-30T15:19:55.000Z,2025-07-30T15:19:55.000Z,3600,[name],,https://www.supersummary.com/subscription,https://www.supersummary.com/subscription/confirming/cancel,,Default/Fallback [July 2025] [25% one time / No entry modal],,07-30-2025,,07-24-2026,07-30-2025,07-30-2025,07-30-2025,,07-30-2025,07-30-2026
Wg7O3p8_8394f68231ea800e,1701681,,Teachers; fallback,,,[name],[name],[name],SuperSummary wasn’t helpful enough,global_economic_reasons_897286504,Reliability or performance issues,reliability,,Product (SaaS),product,2,Chatgpt,,u_cd1172d4e29dea00,,,,0,9.95,,Canceled,2026-07-24T03:51:12.000Z,2026-07-24T03:51:50.000Z,2026-07-24T03:51:51.000Z,,24.67,2026-07-24T03:51:51.000Z,cancel,Valid Cancel,monthly,2026-08-20T19:56:25.000Z,2026-08-20T19:56:25.000Z,9.95,9.95,9.95,Brightback,,,,,,,1701681,2026-07-20T19:56:23.000Z,,2026-07-20T19:56:25.000Z,,h_54188b7ca4866d89,,1,2026-07-20T19:56:25.000Z,USD,u_cd1172d4e29dea00,ACTIVE,h_aca3ea4e9e930119,[name],9.95,monthly_essentials,,2026-07-20T19:56:25.000Z,teacher,,1,monthly_essentials,2026-07-20T19:56:25.000Z,_UNKNOWN,995,MONTH,monthly_essentials,,High School,[name],2026-08-20T19:56:25.000Z,,995,,2026-08-20T19:56:25.000Z,2026-07-20T19:56:25.000Z,995,[name],,https://www.supersummary.com/subscription,https://www.supersummary.com/subscription/confirming/cancel,,Teacher Experience [July 2025] [40% one-time / Modal],,07-20-2026,,07-24-2026,07-20-2026,07-20-2026,07-20-2026,,07-20-2026,08-20-2026
Wg7O1TW_810446f9d47b15f2,1705259,,Book Club Members; fallback,,,[name],[name],[name],SuperSummary wasn’t helpful enough,global_economic_reasons_897286504,Reliability or performance issues,reliability,,Product (SaaS),product,3,Unclear. Possibly just AI. ,,u_1ef0d989976f532d,The quality of the questions just wasn't there. ,,,1,16.65,,Canceled,2026-07-24T01:31:34.000Z,2026-07-24T01:32:30.000Z,2026-07-24T01:32:30.000Z,,24.77,2026-07-24T01:34:26.000Z,cancel,Valid Cancel,monthly,2026-08-24T01:21:30.000Z,2026-08-24T01:21:30.000Z,16.65,16.65,16.65,Brightback,,,,,,,1705259,2026-07-24T01:19:25.000Z,,2026-07-24T01:21:30.000Z,,h_4b744bb6f87bdefd,,1,2026-07-24T01:21:30.000Z,USD,u_1ef0d989976f532d,ACTIVE,h_1c7d411f3111974b,[name],16.65,monthly_plus,,2026-07-24T01:21:30.000Z,book_club_member,,1,monthly_plus,2026-07-24T01:21:30.000Z,_UNKNOWN,1665,MONTH,monthly_plus,,,[name],2026-08-24T01:21:30.000Z,,1665,,2026-08-24T01:21:30.000Z,2026-07-24T01:21:30.000Z,1665,[name],,https://www.supersummary.com/subscription,https://www.supersummary.com/subscription/confirming/cancel,,BCM Experience [July 2025] [25% one-time / No Entry Modal],,07-24-2026,,07-24-2026,07-24-2026,07-24-2026,07-24-2026,,07-24-2026,08-24-2026
Wg7NMMs_a1e64fc6e9b8ff7c,AzZm1DVPlDwWJ4cQF,,Students; fallback,,,[name],[name],,SuperSummary wasn’t helpful enough,global_economic_reasons_897286504,Reliability or performance issues,reliability,,Product (SaaS),product,1,I'll just read and study like usual. I wanted to use this for assignments about the books and use uotes that it didn't provide.,,u_a56aa6635709ee7c,Refund me fully please.,,,1,,,Canceled,2026-07-23T22:23:00.000Z,2026-07-23T22:25:12.000Z,2026-07-23T22:25:13.000Z,,24.9,2026-07-23T22:25:13.000Z,cancel,Valid Cancel,annual,2027-07-18T21:00:34.000Z,2027-07-18T21:00:34.000Z,5.0,5.0,60.0,Brightback,,,,,,,AzZm1DVPlDwWJ4cQF,2026-07-18T21:00:33.000Z,,2026-07-18T21:00:34.000Z,,h_0ce96f4083f78225,,1,2026-07-18T21:00:34.000Z,USD,u_a56aa6635709ee7c,ACTIVE,h_b03fef8105cbf631,[name],,,,2026-07-18T21:00:34.000Z,student,,1,annual_plus,2026-07-18T21:00:34.000Z,_UNKNOWN,6000,YEAR,,,College,[name],2027-07-18T21:00:34.000Z,,500,,2027-07-18T21:00:34.000Z,2026-07-18T21:00:34.000Z,6000,,,,,,Student Experience [July 2025] [25% one-time / No Entry Modal],,07-18-2026,,07-23-2026,07-18-2026,07-18-2026,07-18-2026,,07-18-2026,07-18-2027
Wg7NHdA_aab11e3e03f455ab,16BlORURw87kZ2r3z,,Students; Monthly,,,[name],[name],,SuperSummary wasn’t helpful enough,global_economic_reasons_897286504,Reliability or performance issues,reliability,,Product (SaaS),product,1,,,u_1a0e0b1b19be7651,,,,0,,,Canceled,2026-07-23T17:39:23.000Z,2026-07-23T17:39:50.000Z,2026-07-23T17:39:51.000Z,,25.1,2026-07-23T17:39:51.000Z,cancel,Valid Cancel,monthly,2026-08-22T12:53:37.000Z,2026-08-22T12:53:37.000Z,9.95,9.95,9.95,Brightback,,,,,,,16BlORURw87kZ2r3z,2024-10-22T12:53:34.000Z,,2024-10-22T12:53:37.000Z,,h_3d10efea3d89e43b,,1,2024-10-22T12:53:37.000Z,USD,u_1a0e0b1b19be7651,ACTIVE,h_38cd75d2cf403436,[name],,,,2026-07-22T12:53:37.000Z,student,,1,monthly,2024-10-22T12:53:37.000Z,_UNKNOWN,995,MONTH,,,High School,[name],2026-08-22T12:53:37.000Z,,995,,2026-08-22T12:53:37.000Z,2024-10-22T12:53:37.000Z,995,,,,,,Student Experience [July 2025] [40% forever / Modal],,10-22-2024,,07-23-2026,10-22-2024,10-22-2024,10-22-2024,,10-22-2024,08-22-2026
Wg7NGm1_8bedc8c50c65022d,16CH0pVQDIaRp1zDr,,Students; fallback,,,[name],[name],,SuperSummary wasn’t helpful enough,global_economic_reasons_897286504,Reliability or performance issues,reliability,,Product (SaaS),product,4,,,u_6e18a1506784cd96,,,,0,,,Canceled,2026-07-23T16:48:05.000Z,2026-07-23T16:48:19.000Z,2026-07-23T16:48:19.000Z,,25.13,2026-07-23T16:48:19.000Z,cancel,Valid Cancel,monthly,2026-08-23T16:14:39.000Z,2026-08-23T16:14:39.000Z,16.65,16.65,16.65,Brightback,,,,,,,16CH0pVQDIaRp1zDr,2026-07-23T16:14:36.000Z,,2026-07-23T16:14:39.000Z,,h_f2c2c61b3d42dbd1,,1,2026-07-23T16:14:39.000Z,USD,u_6e18a1506784cd96,ACTIVE,h_bb9745d8e3735ccb,[name],,,,2026-07-23T16:14:39.000Z,student,,1,monthly_plus,2026-07-23T16:14:39.000Z,_UNKNOWN,1665,MONTH,,,High School,[name],2026-08-23T16:14:39.000Z,,1665,,2026-08-23T16:14:39.000Z,2026-07-23T16:14:39.000Z,1665,,,,,,Student Experience [July 2025] [25% one-time / No Entry Modal],,07-23-2026,,07-23-2026,07-23-2026,07-23-2026,07-23-2026,,07-23-2026,08-23-2026
Wg7NF84_911bf4521e4b0437,6oadJVQ4PVmkAvH,,fallback,,,[name],[name],,SuperSummary wasn’t helpful enough,global_economic_reasons_897286504,Reliability or performance issues,reliability,,Product (SaaS),product,1,,,u_bfd7e54620d89ff2,,,,0,,,Canceled,2026-07-23T15:08:07.000Z,2026-07-23T15:08:27.000Z,2026-07-23T15:08:27.000Z,,25.2,2026-07-23T15:08:27.000Z,cancel,Valid Cancel,annual,2027-07-22T03:45:42.000Z,2027-07-22T03:45:42.000Z,3.0,3.0,36.0,Brightback,,,,,,,6oadJVQ4PVmkAvH,2026-07-22T03:45:41.000Z,,2026-07-22T03:45:42.000Z,,h_3ef4d80632aea21a,,1,2026-07-22T03:45:42.000Z,USD,u_bfd7e54620d89ff2,ACTIVE,h_99a2e4cf31a38ab9,[name],,,,2026-07-22T03:45:42.000Z,other,,1,annual_essentials,2026-07-22T03:45:42.000Z,_UNKNOWN,3600,YEAR,,,,[name],2027-07-22T03:45:42.000Z,,300,,2027-07-22T03:45:42.000Z,2026-07-22T03:45:42.000Z,3600,,,,,,Default/Fallback [July 2025] [25% one time / No entry modal],,07-22-2026,,07-23-2026,07-22-2026,07-22-2026,07-22-2026,,07-22-2026,07-22-2027
Wg7NDnB_891a0c39227a703b,1704614,,Book Club Members; fallback,,,[name],[name],[name],SuperSummary wasn’t helpful enough,global_economic_reasons_897286504,Reliability or performance issues,reliability,,Product (SaaS),product,1,,,u_0689221517dadf6b,,,,0,60.0,,Canceled,2026-07-23T13:49:16.000Z,2026-07-23T13:49:48.000Z,2026-07-23T13:49:48.000Z,,25.26,2026-07-23T13:49:48.000Z,cancel,Valid Cancel,annual,2027-07-23T13:44:53.000Z,2027-07-23T13:44:53.000Z,5.0,5.0,60.0,Brightback,,,,,,,1704614,2026-07-23T13:44:51.000Z,,2026-07-23T13:44:53.000Z,,h_2b9adbaf9c9a4b74,,1,2026-07-23T13:44:53.000Z,USD,u_0689221517dadf6b,ACTIVE,h_da8b90be840b100b,[name],60.0,annual_plus,,2026-07-23T13:44:53.000Z,book_club_member,,1,annual_plus,2026-07-23T13:44:53.000Z,_UNKNOWN,6000,YEAR,annual_plus,,,[name],2027-07-23T13:44:53.000Z,,500,,2027-07-23T13:44:53.000Z,2026-07-23T13:44:53.000Z,6000,[name],,https://www.supersummary.com/subscription,https://www.supersummary.com/subscription/confirming/cancel,,BCM Experience [July 2025] [25% one-time / No Entry Modal],,07-23-2026,,07-23-2026,07-23-2026,07-23-2026,07-23-2026,,07-23-2026,07-23-2027
Wg7N2tx_9031eba4b8278253,1702439,,fallback,,,[name],[name],[name],SuperSummary wasn’t helpful enough,global_economic_reasons_897286504,Reliability or performance issues,reliability,,Product (SaaS),product,5,N/A,,u_99bc0ba403c0b694,Not sure,,,1,60.0,,Canceled,2026-07-23T02:56:06.000Z,2026-07-23T02:57:43.000Z,2026-07-23T02:57:43.000Z,,25.71,2026-07-23T02:57:43.000Z,cancel,Valid Cancel,annual,2027-07-21T16:42:43.000Z,2027-07-21T16:42:43.000Z,5.0,5.0,60.0,Brightback,,,,,,,1702439,2026-07-21T16:42:40.000Z,,2026-07-21T16:42:43.000Z,,h_df10a90027ef284a,,1,2026-07-21T16:42:43.000Z,USD,u_99bc0ba403c0b694,ACTIVE,h_d9c75c9020efd3bd,[name],60.0,annual_plus,,2026-07-21T16:42:43.000Z,other,,1,annual_plus,2026-07-21T16:42:43.000Z,_UNKNOWN,6000,YEAR,annual_plus,,,[name],2027-07-21T16:42:43.000Z,,500,,2027-07-21T16:42:43.000Z,2026-07-21T16:42:43.000Z,6000,[name],,https://www.supersummary.com/subscription,https://www.supersummary.com/subscription/confirming/cancel,,Default/Fallback [July 2025] [25% one time / No entry modal],,07-21-2026,,07-23-2026,07-21-2026,07-21-2026,07-21-2026,,07-21-2026,07-21-2027
Wg7MLU8_8b6aa0db5794596b,1704006,,Book Club Members; fallback,,,[name],[name],[name],SuperSummary wasn’t helpful enough,global_economic_reasons_897286504,Reliability or performance issues,reliability,,Product (SaaS),product,1,,,u_44a0898691ecc3ce,,,,0,9.95,,Canceled,2026-07-22T21:30:17.000Z,2026-07-22T21:30:45.000Z,2026-07-22T21:30:45.000Z,,25.94,2026-07-22T21:30:45.000Z,cancel,Valid Cancel,monthly,2026-08-22T21:26:31.000Z,2026-08-22T21:26:31.000Z,9.95,9.95,9.95,Brightback,,,,,,,1704006,2026-07-22T21:26:28.000Z,,2026-07-22T21:26:31.000Z,,h_511a66c0bd9e32f1,,1,2026-07-22T21:26:31.000Z,USD,u_44a0898691ecc3ce,ACTIVE,h_b3f96b88c0b0e2b5,[name],9.95,monthly_essentials,,2026-07-22T21:26:31.000Z,book_club_member,,1,monthly_essentials,2026-07-22T21:26:31.000Z,_UNKNOWN,995,MONTH,monthly_essentials,,,[name],2026-08-22T21:26:31.000Z,,995,,2026-08-22T21:26:31.000Z,2026-07-22T21:26:31.000Z,995,[name],,https://www.supersummary.com/subscription,https://www.supersummary.com/subscription/confirming/cancel,,BCM Experience [July 2025] [25% one-time / No Entry Modal],,07-22-2026,,07-22-2026,07-22-2026,07-22-2026,07-22-2026,,07-22-2026,08-22-2026
Wg7MLd8_b019d977a205673f,1695497,,fallback,,,[name],[name],[name],SuperSummary wasn’t helpful enough,global_economic_reasons_897286504,Reliability or performance issues,reliability,,Product (SaaS),product,2,,,u_9741c1ea7ded8c15,,,,0,16.65,,Canceled,2026-07-22T21:39:18.000Z,2026-07-22T21:39:55.000Z,2026-07-22T21:39:55.000Z,,25.93,2026-07-22T21:39:55.000Z,cancel,Valid Cancel,monthly,2026-08-12T20:13:59.000Z,2026-08-12T20:13:59.000Z,16.65,16.65,16.65,Brightback,,,,,,,1695497,2026-07-12T20:13:56.000Z,,2026-07-12T20:13:59.000Z,,h_4e4db494d17cfa22,,1,2026-07-12T20:13:59.000Z,USD,u_9741c1ea7ded8c15,ACTIVE,h_14fb4e85844dc2c3,[name],16.65,monthly_plus,,2026-07-12T20:13:59.000Z,other,,1,monthly_plus,2026-07-12T20:13:59.000Z,_UNKNOWN,1665,MONTH,monthly_plus,,,[name],2026-08-12T20:13:59.000Z,,1665,,2026-08-12T20:13:59.000Z,2026-07-12T20:13:59.000Z,1665,[name],,https://www.supersummary.com/subscription,https://www.supersummary.com/subscription/confirming/cancel,,Default/Fallback [July 2025] [25% one time / No entry modal],,07-12-2026,,07-22-2026,07-12-2026,07-12-2026,07-12-2026,,07-12-2026,08-12-2026
Wg7MJ4N_8abf215fb9197e0b,356421,,Teachers; fallback,,,[name],[name],[name],SuperSummary wasn’t helpful enough,global_economic_reasons_897286504,Reliability or performance issues,reliability,,Product (SaaS),product,2,,,u_d7dd59c996057109,,,,0,16.65,,Canceled,2026-07-22T19:04:34.000Z,2026-07-22T19:05:05.000Z,2026-07-22T19:05:05.000Z,,26.04,2026-07-22T19:05:05.000Z,cancel,Valid Cancel,monthly,2026-08-22T11:55:34.000Z,2026-08-22T11:55:34.000Z,16.65,16.65,16.65,Brightback,,,,,,,356421,2023-04-25T19:33:52.000Z,,2026-03-22T11:55:34.000Z,,h_57ea851ca108ef73,,1,2026-03-22T11:55:34.000Z,USD,u_d7dd59c996057109,ACTIVE,h_cc73413dfedf67ee,[name],16.65,monthly_plus,,2026-07-22T11:55:34.000Z,teacher,,1,monthly_plus,2026-03-22T11:55:34.000Z,_UNKNOWN,1665,MONTH,monthly_plus,,College,[name],2026-08-22T11:55:34.000Z,,1665,,2026-08-22T11:55:34.000Z,2026-03-22T11:55:34.000Z,1665,[name],,https://www.supersummary.com/subscription,https://www.supersummary.com/subscription/confirming/cancel,,Teacher Experience [July 2025] [40% one-time / Modal],,03-22-2026,,07-22-2026,03-22-2026,03-22-2026,04-25-2023,,03-22-2026,08-22-2026
Wg7MF0D_b7c29b9f85458c23,396868,,Book Club Members; Monthly,,,[name],[name],[name],SuperSummary wasn’t helpful enough,global_economic_reasons_897286504,Reliability or performance issues,reliability,,Product (SaaS),product,4,,,u_71c1d77cb67c4c68,,,,0,9.95,,Canceled,2026-07-22T15:00:24.000Z,2026-07-22T15:00:51.000Z,2026-07-22T15:00:51.000Z,,26.21,2026-07-22T15:00:51.000Z,cancel,Valid Cancel,monthly,2026-08-20T01:37:27.000Z,2026-08-20T01:37:27.000Z,9.95,9.95,9.95,Brightback,,,,,,,396868,2023-08-14T01:51:20.000Z,,2023-08-14T02:56:47.000Z,,h_1f039f736e9c1387,,1,2025-08-20T01:37:27.000Z,USD,u_71c1d77cb67c4c68,ACTIVE,h_9a5714bbed12bd5c,[name],9.95,monthly,,2026-07-20T01:37:27.000Z,book_club_member,,1,monthly,2023-08-14T02:56:47.000Z,_UNKNOWN,995,MONTH,monthly,,,[name],2026-08-20T01:37:27.000Z,,995,,2026-08-20T01:37:27.000Z,2023-08-14T02:56:47.000Z,995,[name],,https://www.supersummary.com/subscription,https://www.supersummary.com/subscription/confirming/cancel,,BCM Experience [July 2025] [25% forever / No Entry Modal],,08-14-2023,,07-22-2026,08-20-2025,08-14-2023,08-14-2023,,08-14-2023,08-20-2026
Wg7M9vl_bc2befb832b3e1f6,AzZKMXVQ5u7ciq9m,,fallback,,,[name],[name],,SuperSummary wasn’t helpful enough,global_economic_reasons_897286504,Reliability or performance issues,reliability,,Product (SaaS),product,4,-,,u_96e3e5e6c040d419,-,,,1,,,Canceled,2026-07-22T09:57:50.000Z,2026-07-22T09:58:28.000Z,2026-07-22T09:58:28.000Z,,26.42,2026-07-22T09:58:28.000Z,cancel,Valid Cancel,annual,2026-07-22T14:33:54.000Z,2026-07-22T14:33:54.000Z,3.0,3.0,36.0,Brightback,,,,,,,AzZKMXVQ5u7ciq9m,2026-07-22T09:53:32.000Z,,2026-07-22T09:53:34.000Z,,h_6b99f770c5c37231,,1,2026-07-22T09:53:34.000Z,USD,u_96e3e5e6c040d419,ACTIVE,h_fbef8194631bd69e,[name],,,,2026-07-22T09:53:34.000Z,other,,1,annual_essentials,2026-07-22T09:53:34.000Z,_UNKNOWN,3600,YEAR,,,,[name],2027-07-22T09:53:34.000Z,,300,,2027-07-22T09:53:34.000Z,2026-07-22T09:53:34.000Z,3600,,,,,,Default/Fallback [July 2025] [25% one time / No entry modal],,07-22-2026,,07-22-2026,07-22-2026,07-22-2026,07-22-2026,,07-22-2026,07-22-2027
Wg7M3cI_9dd32956a7d77fcc,AzZKMXVQ4L84s88T,,Students; fallback,,,[name],[name],,SuperSummary wasn’t helpful enough,global_economic_reasons_897286504,Reliability or performance issues,reliability,,Product (SaaS),product,3,nothing,,u_a483513a626ba1d1,non,,,1,,,Canceled,2026-07-22T03:38:23.000Z,2026-07-22T03:38:46.000Z,2026-07-22T03:38:46.000Z,,26.68,2026-07-22T03:38:46.000Z,cancel,Valid Cancel,annual,2027-07-22T03:28:18.000Z,2027-07-22T03:28:18.000Z,5.0,5.0,60.0,Brightback,,,,,,,AzZKMXVQ4L84s88T,2026-07-22T03:28:15.000Z,,2026-07-22T03:28:18.000Z,,h_9fcfc8a52ba6db01,,1,2026-07-22T03:28:18.000Z,USD,u_a483513a626ba1d1,ACTIVE,h_9c06326c184eeb4b,[name],,,,2026-07-22T03:28:18.000Z,student,,1,annual_plus,2026-07-22T03:28:18.000Z,_UNKNOWN,6000,YEAR,,,High School,[name],2027-07-22T03:28:18.000Z,,500,,2027-07-22T03:28:18.000Z,2026-07-22T03:28:18.000Z,6000,,,,,,Student Experience [July 2025] [25% one-time / No Entry Modal],,07-22-2026,,07-22-2026,07-22-2026,07-22-2026,07-22-2026,,07-22-2026,07-22-2027
Wg7M2Kd_9864fe7f632338b5,1700959,,Students; fallback,,,[name],[name],[name],SuperSummary wasn’t helpful enough,global_economic_reasons_897286504,Reliability or performance issues,reliability,,Product (SaaS),product,1,nothing,,u_5bf28931195e1f7a,nothing,,,1,16.65,,Canceled,2026-07-22T02:21:50.000Z,2026-07-22T02:22:13.000Z,2026-07-22T02:22:13.000Z,,26.73,2026-07-22T02:22:13.000Z,cancel,Valid Cancel,monthly,2026-08-19T23:04:35.000Z,2026-08-19T23:04:35.000Z,16.65,16.65,16.65,Brightback,,,,,,,1700959,2026-07-19T23:04:32.000Z,,2026-07-19T23:04:35.000Z,,h_3ea9df986b74163f,,1,2026-07-19T23:04:35.000Z,USD,u_5bf28931195e1f7a,ACTIVE,h_5edd702d03e2646c,[name],16.65,monthly_plus,,2026-07-19T23:04:35.000Z,student,,1,monthly_plus,2026-07-19T23:04:35.000Z,_UNKNOWN,1665,MONTH,monthly_plus,,Postgrad Program,[name],2026-08-19T23:04:35.000Z,,1665,,2026-08-19T23:04:35.000Z,2026-07-19T23:04:35.000Z,1665,[name],,https://www.supersummary.com/subscription,https://www.supersummary.com/subscription/confirming/cancel,,Student Experience [July 2025] [25% one-time / No Entry Modal],,07-19-2026,,07-22-2026,07-19-2026,07-19-2026,07-19-2026,,07-19-2026,08-19-2026
Wg7LNxv_862dcde9e597cf5f,AzZuCBUfGfBDV7AN9,,fallback,,,[name],[name],,SuperSummary wasn’t helpful enough,global_economic_reasons_897286504,Reliability or performance issues,reliability,,Product (SaaS),product,4,Reading the book,,u_52cd9651d7db2726,No way,,,1,,,Canceled,2026-07-22T00:00:02.000Z,2026-07-22T00:00:54.000Z,2026-07-22T00:00:54.000Z,,26.83,2026-07-22T00:00:54.000Z,cancel,Valid Cancel,annual,2027-03-12T21:25:49.000Z,2027-03-12T21:25:49.000Z,3.0,3.0,36.0,Brightback,,,,,,,AzZuCBUfGfBDV7AN9,2025-03-12T21:25:47.000Z,,2025-03-12T21:25:49.000Z,,h_6dab437002fb1fa3,,1,2025-03-12T21:25:49.000Z,USD,u_52cd9651d7db2726,ACTIVE,h_48cc67ddeedfbf27,[name],,,,2026-03-12T21:25:49.000Z,other,,1,annual,2025-03-12T21:25:49.000Z,_UNKNOWN,3600,YEAR,,,,[name],2027-03-12T21:25:49.000Z,,300,,2027-03-12T21:25:49.000Z,2025-03-12T21:25:49.000Z,3600,,,,,,Default/Fallback [July 2025] [25% one time / No entry modal],,03-12-2025,,07-22-2026,03-12-2025,03-12-2025,03-12-2025,,03-12-2025,03-12-2027
Wg7LLiD_8ac78881472ae2be,1702547,,Students; fallback,,,[name],[name],[name],SuperSummary wasn’t helpful enough,global_economic_reasons_897286504,Reliability or performance issues,reliability,,Product (SaaS),product,4,nothing,,u_29163ee1842e6164,Added more detail,,,1,9.95,,Canceled,2026-07-21T21:44:22.000Z,2026-07-21T21:44:53.000Z,2026-07-21T21:44:53.000Z,,26.93,2026-07-21T21:45:14.000Z,cancel,Valid Cancel,monthly,2026-08-21T20:52:50.000Z,2026-08-21T20:52:50.000Z,9.95,9.95,9.95,Brightback,,,,,,,1702547,2026-07-21T20:52:46.000Z,,2026-07-21T20:52:50.000Z,,h_111063aa8b97aaa8,,1,2026-07-21T20:52:50.000Z,USD,u_29163ee1842e6164,ACTIVE,h_82591505408b8518,[name],9.95,monthly_essentials,,2026-07-21T20:52:50.000Z,student,,1,monthly_essentials,2026-07-21T20:52:50.000Z,_UNKNOWN,995,MONTH,monthly_essentials,,Postgrad Program,[name],2026-08-21T20:52:50.000Z,,995,,2026-08-21T20:52:50.000Z,2026-07-21T20:52:50.000Z,995,[name],,https://www.supersummary.com/subscription,https://www.supersummary.com/subscription/confirming/cancel,,Student Experience [July 2025] [25% one-time / No Entry Modal],,07-21-2026,,07-21-2026,07-21-2026,07-21-2026,07-21-2026,,07-21-2026,08-21-2026
Wg7LKCw_a1c2e82dac6d268f,AzZm6YUvGfxPx1dk7,,Students; Annual,,,[name],[name],,SuperSummary wasn’t helpful enough,global_economic_reasons_897286504,Reliability or performance issues,reliability,,Product (SaaS),product,4,my mind ,,u_f27606e5a3cf42b6,Cheaper,,,1,,,Canceled,2026-07-21T20:13:03.000Z,2026-07-21T20:13:38.000Z,2026-07-21T20:13:39.000Z,,26.99,2026-07-21T20:13:39.000Z,cancel,Valid Cancel,annual,2026-08-29T13:11:00.000Z,2026-08-29T13:11:00.000Z,3.0,3.0,36.0,Brightback,,,,,,,AzZm6YUvGfxPx1dk7,2025-08-29T13:10:56.000Z,,2025-08-29T13:11:00.000Z,,h_2f6178bc47b10496,,1,2025-08-29T13:11:00.000Z,USD,u_f27606e5a3cf42b6,ACTIVE,h_b3062f8ac42421eb,[name],,,,2025-08-29T13:11:00.000Z,student,,1,annual,2025-08-29T13:11:00.000Z,_UNKNOWN,3600,YEAR,,,Postgrad Program,[name],2026-08-29T13:11:00.000Z,,300,,2026-08-29T13:11:00.000Z,2025-08-29T13:11:00.000Z,3600,,,,,,Student Experience [July 2025] [25% one-time / No Entry Modal],,08-29-2025,,07-21-2026,08-29-2025,08-29-2025,08-29-2025,,08-29-2025,08-29-2026
Wg7L0lP_81798678595e314b,AzqUHcVPxoxjR2pvF,,Teachers; fallback,,,[name],[name],,SuperSummary wasn’t helpful enough,global_economic_reasons_897286504,Reliability or performance issues,reliability,,Product (SaaS),product,3,,,u_c5f33fb3f14c66ff,,,,0,,,Canceled,2026-07-21T00:47:29.000Z,2026-07-21T01:20:24.000Z,2026-07-21T01:20:24.000Z,,27.8,2026-07-21T01:20:24.000Z,cancel,Valid Cancel,monthly,2026-08-21T00:42:53.000Z,2026-08-21T00:42:53.000Z,9.95,9.95,9.95,Brightback,,,,,,,AzqUHcVPxoxjR2pvF,2026-07-21T00:42:51.000Z,,2026-07-21T00:42:53.000Z,,h_4acfa19733fca2f5,,1,2026-07-21T00:42:53.000Z,USD,u_c5f33fb3f14c66ff,ACTIVE,h_f69a8a95d57bcca4,[name],,,,2026-07-21T00:42:53.000Z,teacher,,1,monthly_essentials,2026-07-21T00:42:53.000Z,_UNKNOWN,995,MONTH,,,High School,[name],2026-08-21T00:42:53.000Z,,995,,2026-08-21T00:42:53.000Z,2026-07-21T00:42:53.000Z,995,,,,,,Teacher Experience [July 2025] [40% one-time / Modal],,07-21-2026,,07-21-2026,07-21-2026,07-21-2026,07-21-2026,,07-21-2026,08-21-2026
Wg7KCxt_a32a1cb0846ed163,1701289,,fallback,,,[name],[name],[name],SuperSummary wasn’t helpful enough,global_economic_reasons_897286504,Reliability or performance issues,reliability,,Product (SaaS),product,1,,,u_ffa86d8551df7617,,,,0,36.0,,Canceled,2026-07-20T13:00:03.000Z,2026-07-20T13:00:19.000Z,2026-07-20T13:00:19.000Z,,28.29,2026-07-20T13:00:19.000Z,cancel,Valid Cancel,annual,2027-07-20T12:43:40.000Z,,3.0,3.0,36.0,Brightback,,,,,,,1701289,2026-07-20T12:43:39.000Z,,2026-07-20T12:43:40.000Z,,h_fcfc3f57dcc20754,,1,2026-07-20T12:43:40.000Z,USD,u_ffa86d8551df7617,NON_RENEWING,h_43cc70ecbbe7794f,[name],36.0,annual_essentials,,2026-07-20T12:43:40.000Z,other,,1,annual_essentials,2026-07-20T12:43:40.000Z,_UNKNOWN,3600,YEAR,annual_essentials,,,[name],,,300,,2027-07-20T12:43:40.000Z,2026-07-20T12:43:40.000Z,3600,[name],,https://www.supersummary.com/subscription,https://www.supersummary.com/subscription/confirming/cancel,,Default/Fallback [July 2025] [25% one time / No entry modal],,07-20-2026,,07-20-2026,07-20-2026,07-20-2026,07-20-2026,,07-20-2026,
Wg7KAAX_96259940ac97a79b,16A6T6VPuFPpwuBf,,Students; fallback,,,[name],[name],,SuperSummary wasn’t helpful enough,global_economic_reasons_897286504,Reliability or performance issues,reliability,,Product (SaaS),product,3,,,u_960805ce42b24852,,,,0,,,Canceled,2026-07-20T10:10:36.000Z,2026-07-20T10:10:55.000Z,2026-07-20T10:10:55.000Z,,28.41,2026-07-20T10:10:55.000Z,cancel,Valid Cancel,annual,2026-07-20T18:37:58.000Z,2026-07-20T18:37:58.000Z,3.0,3.0,36.0,Brightback,,,,,,,16A6T6VPuFPpwuBf,2026-07-20T10:02:49.000Z,,2026-07-20T10:02:52.000Z,,h_9e70e8a697270704,,1,2026-07-20T10:02:52.000Z,USD,u_960805ce42b24852,ACTIVE,h_487b4561208d850d,[name],,,,2026-07-20T10:02:52.000Z,student,,1,annual_essentials,2026-07-20T10:02:52.000Z,_UNKNOWN,3600,YEAR,,,College,[name],2027-07-20T10:02:52.000Z,,300,,2027-07-20T10:02:52.000Z,2026-07-20T10:02:52.000Z,3600,,,,,,Student Experience [July 2025] [25% one-time / No Entry Modal],,07-20-2026,,07-20-2026,07-20-2026,07-20-2026,07-20-2026,,07-20-2026,07-20-2027
Wg7K4H6_8db1a52abd06fcb2,1701140,,Students; fallback,,,[name],[name],[name],SuperSummary wasn’t helpful enough,global_economic_reasons_897286504,Reliability or performance issues,reliability,,Product (SaaS),product,2,,,u_07e222a586c1d4d2,,,,0,16.65,,Canceled,2026-07-20T04:17:19.000Z,2026-07-20T04:17:40.000Z,2026-07-20T04:17:40.000Z,,28.65,2026-07-20T04:17:40.000Z,cancel,Valid Cancel,monthly,2026-08-20T04:15:44.000Z,2026-08-20T04:15:44.000Z,16.65,16.65,16.65,Brightback,,,,,,,1701140,2026-07-20T04:15:42.000Z,,2026-07-20T04:15:44.000Z,,h_d56061531a9e3046,,1,2026-07-20T04:15:44.000Z,USD,u_07e222a586c1d4d2,ACTIVE,h_8526fe7449e59d62,[name],16.65,monthly_plus,,2026-07-20T04:15:44.000Z,student,,1,monthly_plus,2026-07-20T04:15:44.000Z,_UNKNOWN,1665,MONTH,monthly_plus,,Postgrad Program,[name],2026-08-20T04:15:44.000Z,,1665,,2026-08-20T04:15:44.000Z,2026-07-20T04:15:44.000Z,1665,[name],,https://www.supersummary.com/subscription,https://www.supersummary.com/subscription/confirming/cancel,,Student Experience [July 2025] [25% one-time / No Entry Modal],,07-20-2026,,07-20-2026,07-20-2026,07-20-2026,07-20-2026,,07-20-2026,08-20-2026
Wg7K2m7_b07fdf9a10b8cabf,Azq67ZVPsQm2V22t,,Teachers; fallback,,,[name],[name],,SuperSummary wasn’t helpful enough,global_economic_reasons_897286504,Reliability or performance issues,reliability,,Product (SaaS),product,4,,,u_1472ce87e9f11c31,,,,0,,,Canceled,2026-07-20T02:48:23.000Z,2026-07-20T02:49:00.000Z,2026-07-20T02:49:00.000Z,,28.71,2026-07-20T02:49:00.000Z,cancel,Valid Cancel,annual,2027-07-20T02:35:27.000Z,2027-07-20T02:35:27.000Z,3.0,3.0,36.0,Brightback,,,,,,,Azq67ZVPsQm2V22t,2024-04-02T11:52:03.000Z,,2026-07-20T02:35:27.000Z,,h_3e06a12a683edb07,,1,2026-07-20T02:35:27.000Z,USD,u_1472ce87e9f11c31,ACTIVE,h_cefd367cb1ea3bb2,[name],,,,2026-07-20T02:35:27.000Z,teacher,,1,annual_essentials,2026-07-20T02:35:27.000Z,_UNKNOWN,3600,YEAR,,,other,[name],2027-07-20T02:35:27.000Z,,300,,2027-07-20T02:35:27.000Z,2026-07-20T02:35:27.000Z,3600,,,,,,Teacher Experience [July 2025] [40% one-time / Modal],,07-20-2026,,07-20-2026,07-20-2026,07-20-2026,04-02-2024,,07-20-2026,07-20-2027
Wg7JMCI_868af6f51890089a,1696483,,Students; fallback,,,[name],[name],[name],SuperSummary wasn’t helpful enough,global_economic_reasons_897286504,Reliability or performance issues,reliability,,Product (SaaS),product,4,idk,,u_9710e42fed06a932,,,,0,9.95,,Canceled,2026-07-19T22:12:23.000Z,2026-07-19T22:13:10.000Z,2026-07-19T22:13:10.000Z,,28.91,2026-07-19T22:13:10.000Z,cancel,Valid Cancel,monthly,2026-08-13T23:32:28.000Z,2026-08-13T23:32:28.000Z,9.95,9.95,9.95,Brightback,,,,,,,1696483,2026-07-13T23:32:26.000Z,,2026-07-13T23:32:28.000Z,,h_22e7912b53469347,,1,2026-07-13T23:32:28.000Z,USD,u_9710e42fed06a932,ACTIVE,h_a6d3d883b3259659,[name],9.95,monthly_essentials,,2026-07-13T23:32:28.000Z,student,,1,monthly_essentials,2026-07-13T23:32:28.000Z,_UNKNOWN,995,MONTH,monthly_essentials,,College,[name],2026-08-13T23:32:28.000Z,,995,,2026-08-13T23:32:28.000Z,2026-07-13T23:32:28.000Z,995,[name],,https://www.supersummary.com/subscription,https://www.supersummary.com/subscription/confirming/cancel,,Student Experience [July 2025] [25% one-time / No Entry Modal],,07-13-2026,,07-19-2026,07-13-2026,07-13-2026,07-13-2026,,07-13-2026,08-13-2026
Wg7INKk_b4b959c56bdb207f,AzywxkVPThfJe2fDe,,Book Club Members; fallback,,,[name],[name],,SuperSummary wasn’t helpful enough,global_economic_reasons_897286504,Reliability or performance issues,reliability,,Product (SaaS),product,2,??,,u_d28004dc36cfec5b,???,,,1,,,Canceled,2026-07-18T23:20:52.000Z,2026-07-18T23:21:23.000Z,2026-07-18T23:21:44.000Z,,29.86,2026-07-18T23:21:44.000Z,cancel,Valid Cancel,monthly,2026-08-15T21:05:44.000Z,2026-08-15T21:05:44.000Z,9.95,9.95,9.95,Brightback,,,,,,,AzywxkVPThfJe2fDe,2026-07-15T21:05:41.000Z,,2026-07-15T21:05:44.000Z,,h_0817d31dcd1ef597,,1,2026-07-15T21:05:44.000Z,USD,u_d28004dc36cfec5b,ACTIVE,h_f284ae9c85bb8794,[name],,,,2026-07-15T21:05:44.000Z,book_club_member,,1,monthly_essentials,2026-07-15T21:05:44.000Z,_UNKNOWN,995,MONTH,,,,[name],2026-08-15T21:05:44.000Z,,995,,2026-08-15T21:05:44.000Z,2026-07-15T21:05:44.000Z,995,,,,,,BCM Experience [July 2025] [25% one-time / No Entry Modal],,07-15-2026,,07-18-2026,07-15-2026,07-15-2026,07-15-2026,,07-15-2026,08-15-2026
Wg7IDGr_ad7c8b8615af6b16,Azz68AVPZNrbN29ih,,fallback,,,[name],[name],,SuperSummary wasn’t helpful enough,global_economic_reasons_897286504,Reliability or performance issues,reliability,,Product (SaaS),product,2,,,u_95e555be7dae1936,,,,0,,,Canceled,2026-07-18T13:16:57.000Z,2026-07-18T13:18:01.000Z,2026-07-18T13:18:02.000Z,,30.28,2026-07-18T13:18:02.000Z,cancel,Valid Cancel,annual,2027-07-16T20:24:43.000Z,2027-07-16T20:24:43.000Z,3.0,3.0,36.0,Brightback,,,,,,,Azz68AVPZNrbN29ih,2026-07-16T20:24:41.000Z,,2026-07-16T20:24:43.000Z,,h_6d0e403d9742e831,,1,2026-07-16T20:24:43.000Z,USD,u_95e555be7dae1936,ACTIVE,h_2c173db0cbd4d512,[name],,,,2026-07-16T20:24:43.000Z,other,,1,annual_essentials,2026-07-16T20:24:43.000Z,_UNKNOWN,3600,YEAR,,,,[name],2027-07-16T20:24:43.000Z,,300,,2027-07-16T20:24:43.000Z,2026-07-16T20:24:43.000Z,3600,,,,,,Default/Fallback [July 2025] [25% one time / No entry modal],,07-16-2026,,07-18-2026,07-16-2026,07-16-2026,07-16-2026,,07-16-2026,07-16-2027
Wg7IDCP_a7726a71d57d8d10,1699905,,Teachers; fallback,,,[name],[name],[name],SuperSummary wasn’t helpful enough,global_economic_reasons_897286504,Reliability or performance issues,reliability,,Product (SaaS),product,3,,,u_c21671bc00600102,,,,0,36.0,,Canceled,2026-07-18T13:12:38.000Z,2026-07-18T13:13:09.000Z,2026-07-18T13:13:09.000Z,,30.28,2026-07-18T13:13:09.000Z,cancel,Valid Cancel,annual,2027-07-18T13:05:51.000Z,2027-07-18T13:05:51.000Z,3.0,3.0,36.0,Brightback,,,,,,,1699905,2026-07-18T13:05:48.000Z,,2026-07-18T13:05:51.000Z,,h_6e0b0a58c0fa3f30,,1,2026-07-18T13:05:51.000Z,USD,u_c21671bc00600102,ACTIVE,h_482ef9164b2de6bf,[name],36.0,annual_essentials,,2026-07-18T13:05:51.000Z,teacher,,1,annual_essentials,2026-07-18T13:05:51.000Z,_UNKNOWN,3600,YEAR,annual_essentials,,Middle School,[name],2027-07-18T13:05:51.000Z,,300,,2027-07-18T13:05:51.000Z,2026-07-18T13:05:51.000Z,3600,[name],,https://www.supersummary.com/subscription,https://www.supersummary.com/subscription/confirming/cancel,,Teacher Experience [July 2025] [40% one-time / Modal],,07-18-2026,,07-18-2026,07-18-2026,07-18-2026,07-18-2026,,07-18-2026,07-18-2027
Wg7IAvW_a6df47218f53a49e,16CVWDVPiZsE03TF0,,Students; fallback,,,[name],[name],,SuperSummary wasn’t helpful enough,global_economic_reasons_897286504,Reliability or performance issues,reliability,,Product (SaaS),product,5,Dd,,u_4cbef0ab053634e0,We,,,1,,,Canceled,2026-07-18T10:57:36.000Z,2026-07-18T10:58:23.000Z,2026-07-18T10:58:23.000Z,,30.37,2026-07-18T10:58:23.000Z,cancel,Valid Cancel,annual,2027-07-18T10:08:52.000Z,2027-07-18T10:08:52.000Z,5.0,5.0,60.0,Brightback,,,,,,,16CVWDVPiZsE03TF0,2026-07-18T10:08:51.000Z,,2026-07-18T10:08:52.000Z,,h_d9ed73e146984ce2,,1,2026-07-18T10:08:52.000Z,USD,u_4cbef0ab053634e0,ACTIVE,h_3df5cbda6efe6ab7,[name],,,,2026-07-18T10:08:52.000Z,student,,1,annual_plus,2026-07-18T10:08:52.000Z,_UNKNOWN,6000,YEAR,,,High School,[name],2027-07-18T10:08:52.000Z,,500,,2027-07-18T10:08:52.000Z,2026-07-18T10:08:52.000Z,6000,,,,,,Student Experience [July 2025] [25% one-time / No Entry Modal],,07-18-2026,,07-18-2026,07-18-2026,07-18-2026,07-18-2026,,07-18-2026,07-18-2027
Wg7I5q9_b2e4a672774001cd,16BXdjVPfv9ZV2Tqr,,Students; fallback,,,[name],[name],,SuperSummary wasn’t helpful enough,global_economic_reasons_897286504,Reliability or performance issues,reliability,,Product (SaaS),product,5,,,u_da8e41f693bdfa51,,,,0,,,Canceled,2026-07-18T05:52:16.000Z,2026-07-18T05:52:45.000Z,2026-07-18T05:52:45.000Z,,30.59,2026-07-18T05:52:45.000Z,cancel,Valid Cancel,monthly,2026-08-17T23:14:35.000Z,2026-08-17T23:14:35.000Z,9.95,9.95,9.95,Brightback,,,,,,,16BXdjVPfv9ZV2Tqr,2026-07-17T23:14:32.000Z,,2026-07-17T23:14:35.000Z,,h_794cbfca7b38b915,,1,2026-07-17T23:14:35.000Z,USD,u_da8e41f693bdfa51,ACTIVE,h_a684fc2257c38ebe,[name],,,,2026-07-17T23:14:35.000Z,student,,1,monthly_essentials,2026-07-17T23:14:35.000Z,_UNKNOWN,995,MONTH,,,High School,[name],2026-08-17T23:14:35.000Z,,995,,2026-08-17T23:14:35.000Z,2026-07-17T23:14:35.000Z,995,,,,,,Student Experience [July 2025] [25% one-time / No Entry Modal],,07-17-2026,,07-18-2026,07-17-2026,07-17-2026,07-17-2026,,07-17-2026,08-17-2026
Wg7HMXc_bafff25ed9cff614,1699603,,Students; fallback,,,[name],[name],[name],SuperSummary wasn’t helpful enough,global_economic_reasons_897286504,Reliability or performance issues,reliability,,Product (SaaS),product,2,,,u_b768ccf694ed768f,,,,0,36.0,,Canceled,2026-07-17T22:33:49.000Z,2026-07-17T22:34:25.000Z,2026-07-17T22:34:40.000Z,,30.89,2026-07-17T22:34:54.000Z,cancel,Valid Cancel,annual,2027-07-17T22:31:49.000Z,2027-07-17T22:31:49.000Z,3.0,3.0,36.0,Brightback,,,,,,,1699603,2026-07-17T22:31:46.000Z,,2026-07-17T22:31:49.000Z,,h_f4585cf214f604a1,,1,2026-07-17T22:31:49.000Z,USD,u_b768ccf694ed768f,ACTIVE,h_d9299078816a934b,[name],36.0,annual_essentials,,2026-07-17T22:31:49.000Z,student,,1,annual_essentials,2026-07-17T22:31:49.000Z,_UNKNOWN,3600,YEAR,annual_essentials,,Postgrad Program,[name],2027-07-17T22:31:49.000Z,,300,,2027-07-17T22:31:49.000Z,2026-07-17T22:31:49.000Z,3600,[name],,https://www.supersummary.com/subscription,https://www.supersummary.com/subscription/confirming/cancel,,Student Experience [July 2025] [25% one-time / No Entry Modal],,07-17-2026,,07-17-2026,07-17-2026,07-17-2026,07-17-2026,,07-17-2026,07-17-2027
Wg7HGBI_9d2c1e8584343e53,1695115,,Book Club Members; fallback,,,[name],[name],[name],SuperSummary wasn’t helpful enough,global_economic_reasons_897286504,Reliability or performance issues,reliability,,Product (SaaS),product,3,,,u_9de6065a137fa4ce,,,,0,9.95,,Canceled,2026-07-17T16:11:25.000Z,2026-07-17T16:12:39.000Z,2026-07-17T16:12:39.000Z,,31.16,2026-07-17T16:13:51.000Z,cancel,Valid Cancel,monthly,2026-08-12T06:38:19.000Z,2026-08-12T06:38:19.000Z,9.95,9.95,9.95,Brightback,,,,,,,1695115,2026-07-12T06:38:16.000Z,,2026-07-12T06:38:19.000Z,,h_6fa84b3693911eda,,1,2026-07-12T06:38:19.000Z,USD,u_9de6065a137fa4ce,ACTIVE,h_79fd79210632b792,[name],9.95,monthly_essentials,,2026-07-12T06:38:19.000Z,book_club_member,,1,monthly_essentials,2026-07-12T06:38:19.000Z,_UNKNOWN,995,MONTH,monthly_essentials,,,[name],2026-08-12T06:38:19.000Z,,995,,2026-08-12T06:38:19.000Z,2026-07-12T06:38:19.000Z,995,[name],,https://www.supersummary.com/subscription,https://www.supersummary.com/subscription/confirming/cancel,,BCM Experience [July 2025] [25% one-time / No Entry Modal],,07-12-2026,,07-17-2026,07-12-2026,07-12-2026,07-12-2026,,07-12-2026,08-12-2026
Wg7H7IR_adb1e0512c301e89,AzZmgdVPc0TBZb03,,Parents; fallback,,,[name],[name],,SuperSummary wasn’t helpful enough,global_economic_reasons_897286504,Reliability or performance issues,reliability,,Product (SaaS),product,1,The book,,u_42e4ce0ca5376354,More detail ,,,1,,,Canceled,2026-07-17T07:18:32.000Z,2026-07-17T07:19:07.000Z,2026-07-17T07:19:07.000Z,,31.53,2026-07-17T07:19:07.000Z,cancel,Valid Cancel,annual,2027-07-17T07:10:36.000Z,2027-07-17T07:10:36.000Z,3.0,3.0,36.0,Brightback,,,,,,,AzZmgdVPc0TBZb03,2026-07-17T07:10:35.000Z,,2026-07-17T07:10:36.000Z,,h_57f58dc3c1929eee,,1,2026-07-17T07:10:36.000Z,USD,u_42e4ce0ca5376354,ACTIVE,h_aee547377f5d16c7,[name],,,,2026-07-17T07:10:36.000Z,parent_of_student,,1,annual_essentials,2026-07-17T07:10:36.000Z,_UNKNOWN,3600,YEAR,,,Middle School,[name],2027-07-17T07:10:36.000Z,,300,,2027-07-17T07:10:36.000Z,2026-07-17T07:10:36.000Z,3600,,,,,,Parent Experience [July 2025] [25% one-time / No Entry Modal],,07-17-2026,,07-17-2026,07-17-2026,07-17-2026,07-17-2026,,07-17-2026,07-17-2027
Wg7GLHK_83231d467a419fcc,16BkmQUr9M4aM3mL7,,Book Club Members; Annual,,,[name],[name],,SuperSummary wasn’t helpful enough,global_economic_reasons_897286504,Reliability or performance issues,reliability,,Product (SaaS),product,1,,,u_bafbf4c8b4c68972,,,,0,,,Canceled,2026-07-16T21:17:26.000Z,2026-07-16T21:17:48.000Z,2026-07-16T21:17:49.000Z,,31.94,2026-07-16T21:17:49.000Z,cancel,Valid Cancel,annual,2027-07-16T21:12:35.000Z,2027-07-16T21:12:35.000Z,3.0,3.0,36.0,Brightback,,,,,,,16BkmQUr9M4aM3mL7,2025-07-16T21:12:34.000Z,,2025-07-16T21:12:35.000Z,,h_abe02f33a05ff6cf,,1,2025-07-16T21:12:35.000Z,USD,u_bafbf4c8b4c68972,ACTIVE,h_2d352d4f672a1e38,[name],,,,2026-07-16T21:12:35.000Z,book_club_member,,1,annual,2025-07-16T21:12:35.000Z,_UNKNOWN,3600,YEAR,,,,[name],2027-07-16T21:12:35.000Z,,300,,2027-07-16T21:12:35.000Z,2025-07-16T21:12:35.000Z,3600,,,,,,BCM Experience [July 2025] [25% one-time / No Entry Modal],,07-16-2025,,07-16-2026,07-16-2025,07-16-2025,07-16-2025,,07-16-2025,07-16-2027
Wg7GK2q_b143890257381182,1698160,,fallback,,,[name],[name],[name],SuperSummary wasn’t helpful enough,global_economic_reasons_897286504,Reliability or performance issues,reliability,,Product (SaaS),product,2,,,u_207ea071784c1832,,,,0,60.0,,Canceled,2026-07-16T20:03:01.000Z,2026-07-16T20:03:41.000Z,2026-07-16T20:03:41.000Z,,32.0,2026-07-16T20:03:41.000Z,cancel,Valid Cancel,annual,2027-07-15T21:31:08.000Z,2027-07-15T21:31:08.000Z,5.0,5.0,60.0,Brightback,,,,,,,1698160,2026-07-15T21:31:06.000Z,,2026-07-15T21:31:08.000Z,,h_320b73884f44c060,,1,2026-07-15T21:31:08.000Z,USD,u_207ea071784c1832,ACTIVE,h_9292bd14608f96d7,[name],60.0,annual_plus,,2026-07-15T21:31:08.000Z,other,,1,annual_plus,2026-07-15T21:31:08.000Z,_UNKNOWN,6000,YEAR,annual_plus,,,[name],2027-07-15T21:31:08.000Z,,500,,2027-07-15T21:31:08.000Z,2026-07-15T21:31:08.000Z,6000,[name],,https://www.supersummary.com/subscription,https://www.supersummary.com/subscription/confirming/cancel,,Default/Fallback [July 2025] [25% one time / No entry modal],,07-15-2026,,07-16-2026,07-15-2026,07-15-2026,07-15-2026,,07-15-2026,07-15-2027
Wg7GI97_b23c4d2fc603dd58,AzZeBxVPY8uux1K4w,,fallback,,,[name],[name],,SuperSummary wasn’t helpful enough,global_economic_reasons_897286504,Reliability or performance issues,reliability,,Product (SaaS),product,4,,,u_f00746a26b8ef706,,,,0,,,Canceled,2026-07-16T18:09:23.000Z,2026-07-16T18:09:55.000Z,2026-07-16T18:09:55.000Z,,32.07,2026-07-16T18:09:55.000Z,cancel,Valid Cancel,monthly,2026-08-16T15:19:04.000Z,2026-08-16T15:19:04.000Z,9.95,9.95,9.95,Brightback,,,,,,,AzZeBxVPY8uux1K4w,2026-07-16T15:19:01.000Z,,2026-07-16T15:19:04.000Z,,h_e00773c5c1c62394,,1,2026-07-16T15:19:04.000Z,USD,u_f00746a26b8ef706,ACTIVE,h_2ccb43f7402688d5,[name],,,,2026-07-16T15:19:04.000Z,other,,1,monthly_essentials,2026-07-16T15:19:04.000Z,_UNKNOWN,995,MONTH,,,,[name],2026-08-16T15:19:04.000Z,,995,,2026-08-16T15:19:04.000Z,2026-07-16T15:19:04.000Z,995,,,,,,Default/Fallback [July 2025] [25% one time / No entry modal],,07-16-2026,,07-16-2026,07-16-2026,07-16-2026,07-16-2026,,07-16-2026,08-16-2026
Wg7GH57_8f4e18689b5b43a3,AzZRaCVPYTxlE1csW,,Students; fallback,,,[name],[name],,SuperSummary wasn’t helpful enough,global_economic_reasons_897286504,Reliability or performance issues,reliability,,Product (SaaS),product,1,,,u_03955ef2f99e822f,,,,0,,,Canceled,2026-07-16T17:05:09.000Z,2026-07-16T17:05:49.000Z,2026-07-16T17:05:49.000Z,,32.12,2026-07-16T17:05:49.000Z,cancel,Valid Cancel,monthly,2026-08-16T16:42:40.000Z,2026-08-16T16:42:40.000Z,16.65,16.65,16.65,Brightback,,,,,,,AzZRaCVPYTxlE1csW,2026-07-16T16:42:39.000Z,,2026-07-16T16:42:40.000Z,,h_bbbf3ccec6cc35ea,,1,2026-07-16T16:42:40.000Z,USD,u_03955ef2f99e822f,ACTIVE,h_deb1a930c872fb0f,[name],,,,2026-07-16T16:42:40.000Z,student,,1,monthly_plus,2026-07-16T16:42:40.000Z,_UNKNOWN,1665,MONTH,,,High School,[name],2026-08-16T16:42:40.000Z,,1665,,2026-08-16T16:42:40.000Z,2026-07-16T16:42:40.000Z,1665,,,,,,Student Experience [July 2025] [25% one-time / No Entry Modal],,07-16-2026,,07-16-2026,07-16-2026,07-16-2026,07-16-2026,,07-16-2026,08-16-2026
Wg7GFDC_94b3d28c0b5bd909,169kW3VPIuQKY2mD4,,Book Club Members; fallback,,,[name],[name],,SuperSummary wasn’t helpful enough,global_economic_reasons_897286504,Reliability or performance issues,reliability,,Product (SaaS),product,1,,,u_90d810a522db4d14,,,,0,,,Canceled,2026-07-16T15:13:13.000Z,2026-07-16T15:14:05.000Z,2026-07-16T15:14:05.000Z,,32.2,2026-07-16T15:14:05.000Z,cancel,Valid Cancel,annual,2027-07-14T00:47:25.000Z,2027-07-14T00:47:25.000Z,5.0,5.0,60.0,Brightback,,,,,,,169kW3VPIuQKY2mD4,2026-07-14T00:47:24.000Z,,2026-07-14T00:47:25.000Z,,h_36a907b9d49db44b,,1,2026-07-14T00:47:25.000Z,USD,u_90d810a522db4d14,ACTIVE,h_798170e04f682506,[name],,,,2026-07-14T00:47:25.000Z,book_club_member,,1,annual_plus,2026-07-14T00:47:25.000Z,_UNKNOWN,6000,YEAR,,,,[name],2027-07-14T00:47:25.000Z,,500,,2027-07-14T00:47:25.000Z,2026-07-14T00:47:25.000Z,6000,,,,,,BCM Experience [July 2025] [25% one-time / No Entry Modal],,07-14-2026,,07-16-2026,07-14-2026,07-14-2026,07-14-2026,,07-14-2026,07-14-2027
Wg7G9oD_ae17dde31a958e3c,1694150,,fallback,,,[name],[name],[name],SuperSummary wasn’t helpful enough,global_economic_reasons_897286504,Reliability or performance issues,reliability,,Product (SaaS),product,5,Idk,,u_eb2e42318dc614f4,,,,0,36.0,,Canceled,2026-07-16T09:50:22.000Z,2026-07-16T09:51:52.000Z,2026-07-16T09:51:52.000Z,,32.42,2026-07-16T09:51:52.000Z,cancel,Valid Cancel,annual,2027-07-10T17:10:11.000Z,2027-07-10T17:10:11.000Z,3.0,3.0,36.0,Brightback,,,,,,,1694150,2026-07-10T17:10:09.000Z,,2026-07-10T17:10:11.000Z,,h_bb24b62352df1af4,,1,2026-07-10T17:10:11.000Z,USD,u_eb2e42318dc614f4,ACTIVE,h_29fa0365e2103eae,[name],36.0,annual_essentials,,2026-07-10T17:10:11.000Z,other,,1,annual_essentials,2026-07-10T17:10:11.000Z,_UNKNOWN,3600,YEAR,annual_essentials,,,[name],2027-07-10T17:10:11.000Z,,300,,2027-07-10T17:10:11.000Z,2026-07-10T17:10:11.000Z,3600,[name],,https://www.supersummary.com/subscription,https://www.supersummary.com/subscription/confirming/cancel,,Default/Fallback [July 2025] [25% one time / No entry modal],,07-10-2026,,07-16-2026,07-10-2026,07-10-2026,07-10-2026,,07-10-2026,07-10-2027
Wg7G66H_828348b1af98dd13,1448055,,fallback,,,[name],[name],[name],SuperSummary wasn’t helpful enough,global_economic_reasons_897286504,Reliability or performance issues,reliability,,Product (SaaS),product,1,,,u_79299aa9bebfaeba,,,,0,60.0,,Canceled,2026-07-16T06:06:20.000Z,2026-07-16T06:06:34.000Z,2026-07-16T06:06:34.000Z,,32.58,2026-07-16T06:06:34.000Z,cancel,Valid Cancel,annual,2026-12-16T21:26:00.000Z,2026-12-16T21:26:00.000Z,5.0,5.0,60.0,Brightback,,,,,,,1448055,2025-12-16T21:25:58.000Z,,2025-12-16T21:26:00.000Z,,h_8745ec791f5730f1,,1,2025-12-16T21:26:00.000Z,USD,u_79299aa9bebfaeba,ACTIVE,h_614093195bad88ff,[name],60.0,annual_plus,,2025-12-16T21:26:00.000Z,other,,1,annual_plus,2025-12-16T21:26:00.000Z,_UNKNOWN,6000,YEAR,annual_plus,,,[name],2026-12-16T21:26:00.000Z,,500,,2026-12-16T21:26:00.000Z,2025-12-16T21:26:00.000Z,6000,[name],,https://www.supersummary.com/subscription,https://www.supersummary.com/subscription/confirming/cancel,,Default/Fallback [July 2025] [25% one time / No entry modal],,12-16-2025,,07-16-2026,12-16-2025,12-16-2025,12-16-2025,,12-16-2025,12-16-2026
Wg7G2k2_8d18ac25400edd33,AzZaHIVPV4wgp3OUV,,Students; fallback,,,[name],[name],,SuperSummary wasn’t helpful enough,global_economic_reasons_897286504,Reliability or performance issues,reliability,,Product (SaaS),product,6,,,u_0fb21b92d8d9481a,Na,,,1,,,Canceled,2026-07-16T02:46:06.000Z,2026-07-16T02:47:10.000Z,2026-07-16T02:47:10.000Z,,32.72,2026-07-16T02:47:10.000Z,cancel,Valid Cancel,annual,2027-07-16T02:44:29.000Z,2027-07-16T02:44:29.000Z,5.0,5.0,60.0,Brightback,,,,,,,AzZaHIVPV4wgp3OUV,2026-07-16T02:44:28.000Z,,2026-07-16T02:44:29.000Z,,h_37674ac4f3daeadd,,1,2026-07-16T02:44:29.000Z,USD,u_0fb21b92d8d9481a,ACTIVE,h_488f7886939e1581,[name],,,,2026-07-16T02:44:29.000Z,student,,1,annual_plus,2026-07-16T02:44:29.000Z,_UNKNOWN,6000,YEAR,,,other,[name],2027-07-16T02:44:29.000Z,,500,,2027-07-16T02:44:29.000Z,2026-07-16T02:44:29.000Z,6000,,,,,,Student Experience [July 2025] [25% one-time / No Entry Modal],,07-16-2026,,07-16-2026,07-16-2026,07-16-2026,07-16-2026,,07-16-2026,07-16-2027
Wg7FJiw_b739674d4d596771,1677059,,Book Club Members; fallback,,,[name],[name],[name],SuperSummary wasn’t helpful enough,global_economic_reasons_897286504,Reliability or performance issues,reliability,,Product (SaaS),product,2,,,u_7eb31f0777d997f5,,,,0,16.65,,Canceled,2026-07-15T19:45:07.000Z,2026-07-15T19:45:26.000Z,2026-07-15T19:45:26.000Z,,33.01,2026-07-15T19:45:26.000Z,cancel,Valid Cancel,monthly,2026-07-17T00:05:19.000Z,2026-07-17T00:05:19.000Z,16.65,16.65,16.65,Brightback,,,,,,,1677059,2026-06-17T00:03:53.000Z,,2026-06-17T00:05:19.000Z,,h_834e641407b27d6c,,1,2026-06-17T00:05:19.000Z,USD,u_7eb31f0777d997f5,ACTIVE,h_98c08671466f531a,[name],16.65,monthly_plus,,2026-06-17T00:05:19.000Z,book_club_member,,1,monthly_plus,2026-06-17T00:05:19.000Z,_UNKNOWN,1665,MONTH,monthly_plus,,,[name],2026-07-17T00:05:19.000Z,,1665,,2026-07-17T00:05:19.000Z,2026-06-17T00:05:19.000Z,1665,[name],,https://www.supersummary.com/subscription,https://www.supersummary.com/subscription/confirming/cancel,,BCM Experience [July 2025] [25% one-time / No Entry Modal],,06-17-2026,,07-15-2026,06-17-2026,06-17-2026,06-17-2026,,06-17-2026,07-17-2026
Wg7FID7_a7e169117b623658,16BQyKVPSyOQW29Ws,,Book Club Members; fallback,,,[name],[name],,SuperSummary wasn’t helpful enough,global_economic_reasons_897286504,Reliability or performance issues,reliability,,Product (SaaS),product,4,Alguna web,,u_336da204e878cf45,Los analisis de personajes e anatema no los teneis ,,,1,,,Canceled,2026-07-15T18:13:14.000Z,2026-07-15T18:14:27.000Z,2026-07-15T18:14:28.000Z,,33.07,2026-07-15T18:14:28.000Z,cancel,Valid Cancel,annual,2027-07-15T18:05:54.000Z,2027-07-15T18:05:54.000Z,3.0,3.0,36.0,Brightback,,,,,,,16BQyKVPSyOQW29Ws,2026-07-15T18:05:52.000Z,,2026-07-15T18:05:54.000Z,,h_b593e8258a81c06c,,1,2026-07-15T18:05:54.000Z,USD,u_336da204e878cf45,ACTIVE,h_1d009cdc8cb84062,[name],,,,2026-07-15T18:05:54.000Z,book_club_member,,1,annual_essentials,2026-07-15T18:05:54.000Z,_UNKNOWN,3600,YEAR,,,,[name],2027-07-15T18:05:54.000Z,,300,,2027-07-15T18:05:54.000Z,2026-07-15T18:05:54.000Z,3600,,,,,,BCM Experience [July 2025] [25% one-time / No Entry Modal],,07-15-2026,,07-15-2026,07-15-2026,07-15-2026,07-15-2026,,07-15-2026,07-15-2027
Wg7FH4E_bd03c7738185af45,1697870,,fallback,,,[name],[name],[name],SuperSummary wasn’t helpful enough,global_economic_reasons_897286504,Reliability or performance issues,reliability,,Product (SaaS),product,1,,,u_8406ea730ac1a678,,,,0,60.0,,Canceled,2026-07-15T17:04:19.000Z,2026-07-15T17:04:42.000Z,2026-07-15T17:04:42.000Z,,33.12,2026-07-15T17:04:42.000Z,cancel,Valid Cancel,annual,2027-07-15T15:43:33.000Z,2027-07-15T15:43:33.000Z,5.0,5.0,60.0,Brightback,,,,,,,1697870,2026-07-15T15:43:31.000Z,,2026-07-15T15:43:33.000Z,,h_883238c94eaa1ab2,,1,2026-07-15T15:43:33.000Z,USD,u_8406ea730ac1a678,ACTIVE,h_431802fd085c399c,[name],60.0,annual_plus,,2026-07-15T15:43:33.000Z,other,,1,annual_plus,2026-07-15T15:43:33.000Z,_UNKNOWN,6000,YEAR,annual_plus,,,[name],2027-07-15T15:43:33.000Z,,500,,2027-07-15T15:43:33.000Z,2026-07-15T15:43:33.000Z,6000,[name],,https://www.supersummary.com/subscription,https://www.supersummary.com/subscription/confirming/cancel,,Default/Fallback [July 2025] [25% one time / No entry modal],,07-15-2026,,07-15-2026,07-15-2026,07-15-2026,07-15-2026,,07-15-2026,07-15-2027
Wg7F0jH_b1a0090f82c3dd28,1697476,,fallback,,,[name],[name],[name],SuperSummary wasn’t helpful enough,global_economic_reasons_897286504,Reliability or performance issues,reliability,,Product (SaaS),product,3,ChatGPT/Claude,,u_6daeb69077924d78,Having better summaries.,,,1,16.65,,Canceled,2026-07-15T00:46:30.000Z,2026-07-15T00:47:01.000Z,2026-07-15T00:47:01.000Z,,33.8,2026-07-15T00:47:49.000Z,cancel,Valid Cancel,monthly,2026-08-15T00:42:40.000Z,2026-08-15T00:42:40.000Z,16.65,16.65,16.65,Brightback,,,,,,,1697476,2026-07-15T00:42:36.000Z,,2026-07-15T00:42:40.000Z,,h_cbe9adff64902474,,1,2026-07-15T00:42:40.000Z,USD,u_6daeb69077924d78,ACTIVE,h_9ef0a34fa001f2d7,[name],16.65,monthly_plus,,2026-07-15T00:42:40.000Z,other,,1,monthly_plus,2026-07-15T00:42:40.000Z,_UNKNOWN,1665,MONTH,monthly_plus,,,[name],2026-08-15T00:42:40.000Z,,1665,,2026-08-15T00:42:40.000Z,2026-07-15T00:42:40.000Z,1665,[name],,https://www.supersummary.com/subscription,https://www.supersummary.com/subscription/confirming/cancel,,Default/Fallback [July 2025] [25% one time / No entry modal],,07-15-2026,,07-15-2026,07-15-2026,07-15-2026,07-15-2026,,07-15-2026,08-15-2026
Wg7EL2s_aa24247e7dcf9f87,AzyYZ3VPHrkBI2Emr,,Book Club Members; fallback,,,[name],[name],,SuperSummary wasn’t helpful enough,global_economic_reasons_897286504,Reliability or performance issues,reliability,,Product (SaaS),product,4,,,u_036c35dd9c251aae,,,,0,,,Canceled,2026-07-14T21:02:56.000Z,2026-07-14T21:04:14.000Z,2026-07-14T21:04:14.000Z,,33.95,2026-07-14T21:04:14.000Z,cancel,Valid Cancel,annual,2027-07-13T20:30:30.000Z,2027-07-13T20:30:30.000Z,3.0,3.0,36.0,Brightback,,,,,,,AzyYZ3VPHrkBI2Emr,2026-07-13T20:30:28.000Z,,2026-07-13T20:30:30.000Z,,h_806a7cbc9599b722,,1,2026-07-13T20:30:30.000Z,USD,u_036c35dd9c251aae,ACTIVE,h_2de3fbd65bba6fa6,[name],,,,2026-07-13T20:30:30.000Z,book_club_member,,1,annual_essentials,2026-07-13T20:30:30.000Z,_UNKNOWN,3600,YEAR,,,,[name],2027-07-13T20:30:30.000Z,,300,,2027-07-13T20:30:30.000Z,2026-07-13T20:30:30.000Z,3600,,,,,,BCM Experience [July 2025] [25% one-time / No Entry Modal],,07-13-2026,,07-14-2026,07-13-2026,07-13-2026,07-13-2026,,07-13-2026,07-13-2027
Wg7EKBd_b9aec29158f201fc,1695693,,fallback,,,[name],[name],[name],SuperSummary wasn’t helpful enough,global_economic_reasons_897286504,Reliability or performance issues,reliability,,Product (SaaS),product,4,,,u_da461c60f06dcecc,,,,0,60.0,,Canceled,2026-07-14T20:12:13.000Z,2026-07-14T20:12:55.000Z,2026-07-14T20:12:55.000Z,,33.99,2026-07-14T20:12:55.000Z,cancel,Valid Cancel,annual,2027-07-13T01:15:07.000Z,2027-07-13T01:15:07.000Z,5.0,5.0,60.0,Brightback,,,,,,,1695693,2026-07-13T01:15:01.000Z,,2026-07-13T01:15:07.000Z,,h_7e0e21b1aa0773f1,,1,2026-07-13T01:15:07.000Z,USD,u_da461c60f06dcecc,ACTIVE,h_2558273704268967,[name],60.0,annual_plus,,2026-07-13T01:15:07.000Z,other,,1,annual_plus,2026-07-13T01:15:07.000Z,_UNKNOWN,6000,YEAR,annual_plus,,,[name],2027-07-13T01:15:07.000Z,,500,,2027-07-13T01:15:07.000Z,2026-07-13T01:15:07.000Z,6000,[name],,https://www.supersummary.com/subscription,https://www.supersummary.com/subscription/confirming/cancel,,Default/Fallback [July 2025] [25% one time / No entry modal],,07-13-2026,,07-14-2026,07-13-2026,07-13-2026,07-13-2026,,07-13-2026,07-13-2027
Wg7EIUE_8a4d6f9ef6bac45a,503341,,Teachers; fallback,,,[name],[name],[name],SuperSummary wasn’t helpful enough,global_economic_reasons_897286504,Reliability or performance issues,reliability,,Product (SaaS),product,3,Study Guide I read was low quality. Not much depth to the insight. ,,u_0d109ca29958dc97,The study guide was low quality. I would expect more depth/insight for a paid service. ,,,1,36.0,,Canceled,2026-07-14T18:30:19.000Z,2026-07-14T18:31:20.000Z,2026-07-14T18:31:21.000Z,,34.06,2026-07-14T18:31:21.000Z,cancel,Valid Cancel,annual,2027-07-11T21:53:49.000Z,2027-07-11T21:53:49.000Z,3.0,3.0,36.0,Brightback,,,,,,,503341,2024-02-28T23:52:50.000Z,,2026-07-11T21:53:49.000Z,,h_9aae7c8c09de5e45,,1,2026-07-11T21:53:49.000Z,USD,u_0d109ca29958dc97,ACTIVE,h_761e716d7c33ebfe,[name],36.0,annual_essentials,,2026-07-11T21:53:49.000Z,teacher,,1,annual_essentials,2026-07-11T21:53:49.000Z,_UNKNOWN,3600,YEAR,annual_essentials,,Postgrad Program,[name],2027-07-11T21:53:49.000Z,,300,,2027-07-11T21:53:49.000Z,2026-07-11T21:53:49.000Z,3600,[name],,https://www.supersummary.com/subscription,https://www.supersummary.com/subscription/confirming/cancel,,Teacher Experience [July 2025] [40% one-time / Modal],,07-11-2026,,07-14-2026,07-11-2026,07-11-2026,02-28-2024,,07-11-2026,07-11-2027
Wg7EHOq_989e482ee5d39206,Azyu3DVPMbaevmIo,,Students; fallback,,,[name],[name],,SuperSummary wasn’t helpful enough,global_economic_reasons_897286504,Reliability or performance issues,reliability,,Product (SaaS),product,1,,,u_7e2fb3e1ac873ba1,,,,0,,,Canceled,2026-07-14T17:24:53.000Z,2026-07-14T17:25:07.000Z,2026-07-14T17:25:07.000Z,,34.11,2026-07-14T17:25:07.000Z,cancel,Valid Cancel,annual,2027-07-14T15:57:42.000Z,2027-07-14T15:57:42.000Z,3.0,3.0,36.0,Brightback,,,,,,,Azyu3DVPMbaevmIo,2026-07-14T15:57:41.000Z,,2026-07-14T15:57:42.000Z,,h_7c64b88cd3fbd2c9,,1,2026-07-14T15:57:42.000Z,USD,u_7e2fb3e1ac873ba1,ACTIVE,h_6590e6d7cab6331a,[name],,,,2026-07-14T15:57:42.000Z,student,,1,annual_essentials,2026-07-14T15:57:42.000Z,_UNKNOWN,3600,YEAR,,,Postgrad Program,[name],2027-07-14T15:57:42.000Z,,300,,2027-07-14T15:57:42.000Z,2026-07-14T15:57:42.000Z,3600,,,,,,Student Experience [July 2025] [25% one-time / No Entry Modal],,07-14-2026,,07-14-2026,07-14-2026,07-14-2026,07-14-2026,,07-14-2026,07-14-2027
Wg7EGiE_926df6e0103532f9,AzyoGIVPJV6Si7cZ,,Students; fallback,,,[name],[name],,SuperSummary wasn’t helpful enough,global_economic_reasons_897286504,Reliability or performance issues,reliability,,Product (SaaS),product,1,,,u_a843b9b75b93c2a7,,,,0,,,Canceled,2026-07-14T16:44:17.000Z,2026-07-14T16:44:36.000Z,2026-07-14T16:44:37.000Z,,34.13,2026-07-14T16:44:37.000Z,cancel,Valid Cancel,monthly,2026-08-14T03:13:07.000Z,2026-08-14T03:13:07.000Z,9.95,9.95,9.95,Brightback,,,,,,,AzyoGIVPJV6Si7cZ,2026-07-14T03:13:02.000Z,,2026-07-14T03:13:07.000Z,,h_e2a1cd305edef5ee,,1,2026-07-14T03:13:07.000Z,USD,u_a843b9b75b93c2a7,ACTIVE,h_e732950345e609e0,[name],,,,2026-07-14T03:13:07.000Z,student,,1,monthly_essentials,2026-07-14T03:13:07.000Z,_UNKNOWN,995,MONTH,,,College,[name],2026-08-14T03:13:07.000Z,,995,,2026-08-14T03:13:07.000Z,2026-07-14T03:13:07.000Z,995,,,,,,Student Experience [July 2025] [25% one-time / No Entry Modal],,07-14-2026,,07-14-2026,07-14-2026,07-14-2026,07-14-2026,,07-14-2026,08-14-2026
Wg7EFb7_99ce511134940e58,gHAFVOssTLh1NRx,,Students; fallback,,,[name],[name],,SuperSummary wasn’t helpful enough,global_economic_reasons_897286504,Reliability or performance issues,reliability,,Product (SaaS),product,1,,,u_1845104f8362a563,,,,0,,,Canceled,2026-07-14T15:37:10.000Z,2026-07-14T15:37:38.000Z,2026-07-14T15:37:38.000Z,,34.18,2026-07-14T15:37:38.000Z,cancel,Valid Cancel,annual,2027-07-09T13:56:35.000Z,2027-07-09T13:56:35.000Z,3.0,3.0,36.0,Brightback,,,,,,,gHAFVOssTLh1NRx,2026-07-09T13:56:33.000Z,,2026-07-09T13:56:35.000Z,,h_6ae47cf0d7390b7f,,1,2026-07-09T13:56:35.000Z,USD,u_1845104f8362a563,ACTIVE,h_faaae12471ab266a,[name],,,,2026-07-09T13:56:35.000Z,student,,1,annual_essentials,2026-07-09T13:56:35.000Z,_UNKNOWN,3600,YEAR,,,College,[name],2027-07-09T13:56:35.000Z,,300,,2027-07-09T13:56:35.000Z,2026-07-09T13:56:35.000Z,3600,,,,,,Student Experience [July 2025] [25% one-time / No Entry Modal],,07-09-2026,,07-14-2026,07-09-2026,07-09-2026,07-09-2026,,07-09-2026,07-09-2027
Wg7E8Tp_900e2aa471c578af,AzqZslVP32n6U80V,,Teachers; fallback,,,[name],[name],,SuperSummary wasn’t helpful enough,global_economic_reasons_897286504,Reliability or performance issues,reliability,,Product (SaaS),product,3,Unsure,,u_a6bb5be54058bfee,There needed to be notes on more characters,,,1,,,Canceled,2026-07-14T08:29:56.000Z,2026-07-14T08:43:36.000Z,2026-07-14T08:43:36.000Z,,34.48,2026-07-14T08:43:36.000Z,cancel,Valid Cancel,annual,2027-07-11T07:40:18.000Z,2027-07-11T07:40:18.000Z,3.0,3.0,36.0,Brightback,,,,,,,AzqZslVP32n6U80V,2026-07-11T07:40:16.000Z,,2026-07-11T07:40:18.000Z,,h_a5464a787cadde49,,1,2026-07-11T07:40:18.000Z,USD,u_a6bb5be54058bfee,ACTIVE,h_7e682b1c45ef83b5,[name],,,,2026-07-11T07:40:18.000Z,teacher,,1,annual_essentials,2026-07-11T07:40:18.000Z,_UNKNOWN,3600,YEAR,,,Middle School,[name],2027-07-11T07:40:18.000Z,,300,,2027-07-11T07:40:18.000Z,2026-07-11T07:40:18.000Z,3600,,,,,,Teacher Experience [July 2025] [40% one-time / Modal],,07-11-2026,,07-14-2026,07-11-2026,07-11-2026,07-11-2026,,07-11-2026,07-11-2027
Wg7DI3c_9497bc4f535afd57,AzZaGdVP5juYi1LBF,,Students; fallback,,,[name],[name],,SuperSummary wasn’t helpful enough,global_economic_reasons_897286504,Reliability or performance issues,reliability,,Product (SaaS),product,4,,,u_05ddd92fca3fffbb,,,,0,,,Canceled,2026-07-13T18:03:42.000Z,2026-07-13T18:04:26.000Z,2026-07-13T18:04:26.000Z,,35.08,2026-07-13T18:04:26.000Z,cancel,Valid Cancel,annual,2027-07-11T18:44:07.000Z,2027-07-11T18:44:07.000Z,3.0,3.0,36.0,Brightback,,,,,,,AzZaGdVP5juYi1LBF,2026-07-11T18:44:05.000Z,,2026-07-11T18:44:07.000Z,,h_671b6ad44c955afd,,1,2026-07-11T18:44:07.000Z,USD,u_05ddd92fca3fffbb,ACTIVE,h_88b7c436dfceb1a3,[name],,,,2026-07-11T18:44:07.000Z,student,,1,annual_essentials,2026-07-11T18:44:07.000Z,_UNKNOWN,3600,YEAR,,,College,[name],2027-07-11T18:44:07.000Z,,300,,2027-07-11T18:44:07.000Z,2026-07-11T18:44:07.000Z,3600,,,,,,Student Experience [July 2025] [25% one-time / No Entry Modal],,07-11-2026,,07-13-2026,07-11-2026,07-11-2026,07-11-2026,,07-11-2026,07-11-2027
Wg7DHFK_9beae075b961f04d,16CHodTKM6vO74zTZ,,Students; Monthly,,,[name],[name],,SuperSummary wasn’t helpful enough,global_economic_reasons_897286504,Reliability or performance issues,reliability,,Product (SaaS),product,5,idk,,u_96260ec90c0781b8,idk,,,1,,,Canceled,2026-07-13T17:15:24.000Z,2026-07-13T17:15:52.000Z,2026-07-13T17:15:52.000Z,,35.11,2026-07-13T17:15:52.000Z,cancel,Valid Cancel,monthly,2026-07-15T17:50:18.000Z,2026-07-15T17:50:18.000Z,9.95,9.95,9.95,Brightback,,,,,,,16CHodTKM6vO74zTZ,2022-10-15T17:50:17.000Z,,2022-10-15T17:50:18.000Z,,h_670232cc9f2c7214,,1,2022-10-15T17:50:18.000Z,USD,u_96260ec90c0781b8,ACTIVE,h_8c80d41aab574345,[name],,,,2026-06-15T17:50:18.000Z,student,,1,monthly,2022-10-15T17:50:18.000Z,_UNKNOWN,995,MONTH,,,College,[name],2026-07-15T17:50:18.000Z,,995,,2026-07-15T17:50:18.000Z,2022-10-15T17:50:18.000Z,995,,,,,,Student Experience [July 2025] [40% forever / Modal],,10-15-2022,,07-13-2026,10-15-2022,10-15-2022,10-15-2022,,10-15-2022,07-15-2026
Wg7DGk1_88538fb67722211e,920035,,Book Club Members; fallback,,,[name],[name],[name],SuperSummary wasn’t helpful enough,global_economic_reasons_897286504,Reliability or performance issues,reliability,,Product (SaaS),product,6,,,u_963635ce8c3ae337,,,,0,36.0,,Canceled,2026-07-13T16:46:08.000Z,2026-07-13T16:47:08.000Z,2026-07-13T16:47:08.000Z,,35.13,2026-07-13T16:47:08.000Z,cancel,Valid Cancel,annual,2027-07-13T02:17:23.000Z,2027-07-13T02:17:23.000Z,3.0,3.0,36.0,Brightback,,,,,,,920035,2025-03-12T21:52:17.000Z,,2026-07-13T02:17:23.000Z,,h_af04ca1febde6e40,,1,2026-07-13T02:17:23.000Z,USD,u_963635ce8c3ae337,ACTIVE,h_5ba17fc6b9de5b3e,[name],36.0,annual_essentials,,2026-07-13T02:17:23.000Z,book_club_member,,1,annual_essentials,2026-07-13T02:17:23.000Z,_UNKNOWN,3600,YEAR,annual_essentials,,,[name],2027-07-13T02:17:23.000Z,,300,,2027-07-13T02:17:23.000Z,2026-07-13T02:17:23.000Z,3600,[name],,https://www.supersummary.com/subscription,https://www.supersummary.com/subscription/confirming/cancel,,BCM Experience [July 2025] [25% one-time / No Entry Modal],,07-13-2026,,07-13-2026,07-13-2026,07-13-2026,03-12-2025,,07-13-2026,07-13-2027
Wg7DFBV_878f0686bf861ff3,Azz5HoVPCY5yr45wP,,Students; fallback,,,[name],[name],,SuperSummary wasn’t helpful enough,global_economic_reasons_897286504,Reliability or performance issues,reliability,,Product (SaaS),product,6,,,u_bd3aae56dbea2330,,,,0,,,Canceled,2026-07-13T15:11:34.000Z,2026-07-13T15:12:06.000Z,2026-07-13T15:12:06.000Z,,35.2,2026-07-13T15:12:06.000Z,cancel,Valid Cancel,annual,2027-07-12T22:41:06.000Z,2027-07-12T22:41:06.000Z,5.0,5.0,60.0,Brightback,,,,,,,Azz5HoVPCY5yr45wP,2026-07-12T22:41:03.000Z,,2026-07-12T22:41:06.000Z,,h_3c1d4f273b6b0290,,1,2026-07-12T22:41:06.000Z,USD,u_bd3aae56dbea2330,ACTIVE,h_c4822b9b1c649403,[name],,,,2026-07-12T22:41:06.000Z,student,,1,annual_plus,2026-07-12T22:41:06.000Z,_UNKNOWN,6000,YEAR,,,High School,[name],2027-07-12T22:41:06.000Z,,500,,2027-07-12T22:41:06.000Z,2026-07-12T22:41:06.000Z,6000,,,,,,Student Experience [July 2025] [25% one-time / No Entry Modal],,07-12-2026,,07-13-2026,07-12-2026,07-12-2026,07-12-2026,,07-12-2026,07-12-2027
Wg7DDYU_96d70639ed0e2928,16A47cVPG6NKs14U1,,Book Club Members; fallback,,,[name],[name],,SuperSummary wasn’t helpful enough,global_economic_reasons_897286504,Reliability or performance issues,reliability,,Product (SaaS),product,1,,,u_c616912535b208a7,,,,0,,,Canceled,2026-07-13T13:34:33.000Z,2026-07-13T13:34:50.000Z,2026-07-27T10:48:48.000Z,,35.27,2026-07-27T10:48:48.000Z,cancel,Valid Cancel,monthly,2026-07-14T06:37:50.000Z,2026-07-14T06:37:50.000Z,9.95,9.95,9.95,Brightback,,,,,,,16A47cVPG6NKs14U1,2026-07-13T13:16:03.000Z,,2026-07-13T13:16:04.000Z,,h_36c78305024aece0,,1,2026-07-13T13:16:04.000Z,USD,u_c616912535b208a7,ACTIVE,h_92469d3d1e27baf4,[name],,,,2026-07-13T13:16:04.000Z,book_club_member,,1,monthly_essentials,2026-07-13T13:16:04.000Z,_UNKNOWN,995,MONTH,,,,[name],2026-08-13T13:16:04.000Z,,995,,2026-08-13T13:16:04.000Z,2026-07-13T13:16:04.000Z,995,,,,,,BCM Experience [July 2025] [25% one-time / No Entry Modal],,07-13-2026,,07-13-2026,07-13-2026,07-13-2026,07-13-2026,,07-13-2026,08-13-2026
Wg7DCYl_80011a4eace6ffeb,1695049,,fallback,,,[name],[name],[name],SuperSummary wasn’t helpful enough,global_economic_reasons_897286504,Reliability or performance issues,reliability,,Product (SaaS),product,4,,,u_8a672e42d150094f,,,,0,36.0,,Canceled,2026-07-13T12:34:50.000Z,2026-07-13T12:35:18.000Z,2026-07-13T12:35:18.000Z,,35.31,2026-07-13T12:35:18.000Z,cancel,Valid Cancel,annual,2027-07-12T16:51:22.000Z,2027-07-12T16:51:22.000Z,3.0,3.0,36.0,Brightback,,,,,,,1695049,2026-07-12T16:51:19.000Z,,2026-07-12T16:51:22.000Z,,h_e1e2fc0ff704081f,,1,2026-07-12T16:51:22.000Z,USD,u_8a672e42d150094f,ACTIVE,h_9fb34bc8f752ef19,[name],36.0,annual_essentials,,2026-07-12T16:51:22.000Z,other,,1,annual_essentials,2026-07-12T16:51:22.000Z,_UNKNOWN,3600,YEAR,annual_essentials,,,[name],2027-07-12T16:51:22.000Z,,300,,2027-07-12T16:51:22.000Z,2026-07-12T16:51:22.000Z,3600,[name],,https://www.supersummary.com/subscription,https://www.supersummary.com/subscription/confirming/cancel,,Default/Fallback [July 2025] [25% one time / No entry modal],,07-12-2026,,07-13-2026,07-12-2026,07-12-2026,07-12-2026,,07-12-2026,07-12-2027
Wg7DBPf_9148518af39b898f,1667678,,Students; fallback,,,[name],[name],[name],SuperSummary wasn’t helpful enough,global_economic_reasons_897286504,Reliability or performance issues,reliability,,Product (SaaS),product,7,nothing,,u_2cc68eb2ab1d0489,it was great but i finished my exams now.,,,1,16.65,,Canceled,2026-07-13T11:25:48.000Z,2026-07-13T11:26:42.000Z,2026-07-13T11:26:42.000Z,,35.35,2026-07-13T11:26:42.000Z,cancel,Valid Cancel,monthly,2026-08-07T15:52:09.000Z,2026-08-07T15:52:09.000Z,16.65,16.65,16.65,Brightback,,,,,,,1667678,2026-06-07T15:52:08.000Z,,2026-06-07T15:52:09.000Z,,h_4858339137d41d5c,,1,2026-06-07T15:52:09.000Z,USD,u_2cc68eb2ab1d0489,ACTIVE,h_fa2aeaef0f142d7c,[name],16.65,monthly_plus,,2026-07-07T15:52:09.000Z,student,,1,monthly_plus,2026-06-07T15:52:09.000Z,_UNKNOWN,1665,MONTH,monthly_plus,,College,[name],2026-08-07T15:52:09.000Z,,1665,,2026-08-07T15:52:09.000Z,2026-06-07T15:52:09.000Z,1665,[name],,https://www.supersummary.com/subscription,https://www.supersummary.com/subscription/confirming/cancel,,Student Experience [July 2025] [25% one-time / No Entry Modal],,06-07-2026,,07-13-2026,06-07-2026,06-07-2026,06-07-2026,,06-07-2026,08-07-2026
Wg7CMwg_8c30a2b496962113,1689919,,fallback,,,[name],[name],[name],SuperSummary wasn’t helpful enough,global_economic_reasons_897286504,Reliability or performance issues,reliability,,Product (SaaS),product,5,,,u_fa19001bd89d437f,,,,0,60.0,,Canceled,2026-07-12T22:59:02.000Z,2026-07-12T23:00:08.000Z,2026-07-12T23:00:09.000Z,,35.87,2026-07-12T23:00:09.000Z,cancel,Valid Cancel,annual,2027-07-04T21:37:16.000Z,2027-07-04T21:37:16.000Z,5.0,5.0,60.0,Brightback,,,,,,,1689919,2026-07-04T21:35:07.000Z,,2026-07-04T21:37:16.000Z,,h_7f8915c9b609a048,,1,2026-07-04T21:37:16.000Z,USD,u_fa19001bd89d437f,ACTIVE,h_d1671e8874aa1c5b,[name],60.0,annual_plus,,2026-07-04T21:37:16.000Z,other,,1,annual_plus,2026-07-04T21:37:16.000Z,_UNKNOWN,6000,YEAR,annual_plus,,,[name],2027-07-04T21:37:16.000Z,,500,,2027-07-04T21:37:16.000Z,2026-07-04T21:37:16.000Z,6000,[name],,https://www.supersummary.com/subscription,https://www.supersummary.com/subscription/confirming/cancel,,Default/Fallback [July 2025] [25% one time / No entry modal],,07-04-2026,,07-12-2026,07-04-2026,07-04-2026,07-04-2026,,07-04-2026,07-04-2027
Wg7CJlH_a6929cccc0eaf3fa,16BmYYUzRXyseAmcU,,Students; Monthly,,,[name],[name],,SuperSummary wasn’t helpful enough,global_economic_reasons_897286504,Reliability or performance issues,reliability,,Product (SaaS),product,4,,,u_7356821498365c4b,,,,0,,,Canceled,2026-07-12T19:47:19.000Z,2026-07-12T19:47:38.000Z,2026-07-12T19:47:38.000Z,,36.01,2026-07-12T19:47:38.000Z,cancel,Valid Cancel,monthly,2026-08-12T19:43:50.000Z,2026-08-12T19:43:50.000Z,9.95,9.95,9.95,Brightback,,,,,,,16BmYYUzRXyseAmcU,2025-10-12T19:43:48.000Z,,2025-10-12T19:43:50.000Z,,h_b087be10494cc97b,,1,2025-10-12T19:43:50.000Z,USD,u_7356821498365c4b,ACTIVE,h_d54bc9e51d229a1c,[name],,,,2026-07-12T19:43:50.000Z,student,,1,monthly,2025-10-12T19:43:50.000Z,_UNKNOWN,995,MONTH,,,College,[name],2026-08-12T19:43:50.000Z,,995,,2026-08-12T19:43:50.000Z,2025-10-12T19:43:50.000Z,995,,,,,,Student Experience [July 2025] [40% forever / Modal],,10-12-2025,,07-12-2026,10-12-2025,10-12-2025,10-12-2025,,10-12-2025,08-12-2026
Wg7CH9d_9c58fa17f8b06eb8,1441154,,Students; fallback,,,[name],[name],[name],SuperSummary wasn’t helpful enough,global_economic_reasons_897286504,Reliability or performance issues,reliability,,Product (SaaS),product,10,,,u_3865c8c3f6dba5ae,,,,0,16.65,,Canceled,2026-07-12T17:09:49.000Z,2026-07-12T17:10:23.000Z,2026-07-12T17:10:23.000Z,,36.12,2026-07-12T17:10:23.000Z,cancel,Valid Cancel,monthly,2026-08-11T01:46:56.000Z,2026-08-11T01:46:56.000Z,16.65,16.65,16.65,Brightback,,,,,,,1441154,2025-12-11T01:46:53.000Z,,2025-12-11T01:46:56.000Z,,h_dc317a8b9fa3eb79,,1,2025-12-11T01:46:56.000Z,USD,u_3865c8c3f6dba5ae,ACTIVE,h_b1b655da6a950cf6,[name],16.65,monthly_plus,,2026-07-11T01:46:56.000Z,student,,1,monthly_plus,2025-12-11T01:46:56.000Z,_UNKNOWN,1665,MONTH,monthly_plus,,College,[name],2026-08-11T01:46:56.000Z,,1665,,2026-08-11T01:46:56.000Z,2025-12-11T01:46:56.000Z,1665,[name],,https://www.supersummary.com/subscription,https://www.supersummary.com/subscription/confirming/cancel,,Student Experience [July 2025] [25% one-time / No Entry Modal],,12-11-2025,,07-12-2026,12-11-2025,12-11-2025,12-11-2025,,12-11-2025,08-11-2026
Wg7BFjW_9c6d9a0c715597a9,1694723,,Parents; fallback,,,[name],[name],[name],SuperSummary wasn’t helpful enough,global_economic_reasons_897286504,Reliability or performance issues,reliability,,Product (SaaS),product,1,,,u_163f049baa3244a5,,,,0,60.0,,Canceled,2026-07-11T15:45:40.000Z,2026-07-11T15:45:52.000Z,2026-07-11T15:45:53.000Z,,37.17,2026-07-11T15:46:25.000Z,cancel,Valid Cancel,annual,2027-07-11T15:41:55.000Z,2027-07-11T15:41:55.000Z,5.0,5.0,60.0,Brightback,,,,,,,1694723,2026-07-11T15:41:52.000Z,,2026-07-11T15:41:55.000Z,,h_b7214ccee2f7db9d,,1,2026-07-11T15:41:55.000Z,USD,u_163f049baa3244a5,ACTIVE,h_3f947c8f550faf5e,[name],60.0,annual_plus,,2026-07-11T15:41:55.000Z,parent_of_student,,1,annual_plus,2026-07-11T15:41:55.000Z,_UNKNOWN,6000,YEAR,annual_plus,,College,[name],2027-07-11T15:41:55.000Z,,500,,2027-07-11T15:41:55.000Z,2026-07-11T15:41:55.000Z,6000,[name],,https://www.supersummary.com/subscription,https://www.supersummary.com/subscription/confirming/cancel,,Parent Experience [July 2025] [25% one-time / No Entry Modal],,07-11-2026,,07-11-2026,07-11-2026,07-11-2026,07-11-2026,,07-11-2026,07-11-2027
Wg7B3xI_83bbd17a2143e092,1560277,,Teachers; fallback,,,[name],[name],[name],SuperSummary wasn’t helpful enough,global_economic_reasons_897286504,Reliability or performance issues,reliability,,Product (SaaS),product,2,,,u_fab77e9fcce18c10,,,,0,60.0,,Canceled,2026-07-11T03:59:25.000Z,2026-07-11T03:59:43.000Z,2026-07-11T03:59:43.000Z,,37.66,2026-07-11T03:59:43.000Z,cancel,Valid Cancel,annual,2027-04-14T00:15:45.000Z,2027-04-14T00:15:45.000Z,5.0,5.0,60.0,Brightback,,,,,,,1560277,2026-04-14T00:15:43.000Z,,2026-04-14T00:15:45.000Z,,h_bc18bf86f177aa10,,1,2026-04-14T00:15:45.000Z,USD,u_fab77e9fcce18c10,ACTIVE,h_fc802918821a067c,[name],60.0,annual_plus,,2026-04-14T00:15:45.000Z,teacher,,1,annual_plus,2026-04-14T00:15:45.000Z,_UNKNOWN,6000,YEAR,annual_plus,,Middle School,[name],2027-04-14T00:15:45.000Z,,500,,2027-04-14T00:15:45.000Z,2026-04-14T00:15:45.000Z,6000,[name],,https://www.supersummary.com/subscription,https://www.supersummary.com/subscription/confirming/cancel,,Teacher Experience [July 2025] [40% one-time / Modal],,04-14-2026,,07-11-2026,04-14-2026,04-14-2026,04-14-2026,,04-14-2026,04-14-2027
Wg7ANJZ_b910944af6b56ec2,1688801,,Students; fallback,,,[name],[name],[name],SuperSummary wasn’t helpful enough,global_economic_reasons_897286504,Reliability or performance issues,reliability,,Product (SaaS),product,2,none ,,u_85579f24fe480960,.,,,1,36.0,,Canceled,2026-07-10T23:19:39.000Z,2026-07-10T23:20:24.000Z,2026-07-10T23:20:24.000Z,,37.86,2026-07-10T23:20:24.000Z,cancel,Valid Cancel,annual,2027-07-02T19:03:57.000Z,2027-07-02T19:03:57.000Z,2.25,2.25,36.0,Brightback,,,,,,,1688801,2026-07-02T19:03:54.000Z,,2026-07-02T19:03:57.000Z,,h_dd45bbc84e5353bb,,1,2026-07-02T19:03:57.000Z,USD,u_85579f24fe480960,ACTIVE,h_0933c0fb12df0ad3,[name],36.0,annual_essentials,,2026-07-02T19:03:57.000Z,student,,1,annual_essentials,2026-07-02T19:03:57.000Z,_UNKNOWN,3600,YEAR,annual_essentials,nmTKUhkQCvq,College,[name],2027-07-02T19:03:57.000Z,,300,,2027-07-02T19:03:57.000Z,2026-07-02T19:03:57.000Z,3600,[name],,https://www.supersummary.com/subscription,https://www.supersummary.com/subscription/confirming/cancel,,Student Experience [July 2025] [25% one-time / No Entry Modal],,07-02-2026,,07-10-2026,07-02-2026,07-02-2026,07-02-2026,,07-02-2026,07-02-2027
Wg7ALUY_b25a069256a433f5,6oqi0Tj0znO24U6D,,Teachers; Annual,,,[name],[name],,SuperSummary wasn’t helpful enough,global_economic_reasons_897286504,Reliability or performance issues,reliability,,Product (SaaS),product,3,brain,,u_9b2d084336d760be,free,,,1,,,Canceled,2026-07-10T21:30:38.000Z,2026-07-10T21:31:17.000Z,2026-07-10T21:31:17.000Z,,37.93,2026-07-10T21:31:17.000Z,cancel,Valid Cancel,annual,2027-07-04T05:12:17.000Z,2027-07-04T05:12:17.000Z,3.0,3.0,36.0,Brightback,,,,,,,6oqi0Tj0znO24U6D,2023-07-04T05:12:15.000Z,,2023-07-04T05:12:17.000Z,,h_c4cbaf6d585a1eb6,,1,2023-07-04T05:12:17.000Z,USD,u_9b2d084336d760be,ACTIVE,h_5e0fb0d31ed4a792,[name],,,,2026-07-04T05:12:17.000Z,teacher,,1,annual,2023-07-04T05:12:17.000Z,_UNKNOWN,3600,YEAR,,,High School,[name],2027-07-04T05:12:17.000Z,,300,,2027-07-04T05:12:17.000Z,2023-07-04T05:12:17.000Z,3600,,,,,,Teacher Experience [July 2025] [40% one-time / Modal],,07-04-2023,,07-10-2026,07-04-2023,07-04-2023,07-04-2023,,07-04-2023,07-04-2027
Wg7AL6h_8f50bd5a3061d03a,1694286,,Students; fallback,,,[name],[name],[name],SuperSummary wasn’t helpful enough,global_economic_reasons_897286504,Reliability or performance issues,reliability,,Product (SaaS),product,5,,,u_f0affb402e8be731,,,,0,36.0,,Canceled,2026-07-10T21:06:46.000Z,2026-07-10T21:07:11.000Z,2026-07-10T21:07:11.000Z,,37.95,2026-07-10T21:07:11.000Z,cancel,Valid Cancel,annual,2027-07-10T21:01:56.000Z,2027-07-10T21:01:56.000Z,3.0,3.0,36.0,Brightback,,,,,,,1694286,2026-07-10T20:59:50.000Z,,2026-07-10T21:01:56.000Z,,h_ceae939cf4695866,,1,2026-07-10T21:01:56.000Z,USD,u_f0affb402e8be731,ACTIVE,h_0720040d40eaab8c,[name],36.0,annual_essentials,,2026-07-10T21:01:56.000Z,student,,1,annual_essentials,2026-07-10T21:01:56.000Z,_UNKNOWN,3600,YEAR,annual_essentials,,College,[name],2027-07-10T21:01:56.000Z,,300,,2027-07-10T21:01:56.000Z,2026-07-10T21:01:56.000Z,3600,[name],,https://www.supersummary.com/subscription,https://www.supersummary.com/subscription/confirming/cancel,,Student Experience [July 2025] [25% one-time / No Entry Modal],,07-10-2026,,07-10-2026,07-10-2026,07-10-2026,07-10-2026,,07-10-2026,07-10-2027
Wg7AJBG_a5b3afe6b9bf56b6,1692168,,Students; fallback,,,[name],[name],[name],SuperSummary wasn’t helpful enough,global_economic_reasons_897286504,Reliability or performance issues,reliability,,Product (SaaS),product,1,,,u_bbd532a80bcef4c1,,,,0,9.95,,Canceled,2026-07-10T19:11:38.000Z,2026-07-10T19:12:17.000Z,2026-07-10T19:12:17.000Z,,38.03,2026-07-10T19:12:17.000Z,cancel,Valid Cancel,monthly,2026-08-08T01:05:28.000Z,2026-08-08T01:05:28.000Z,9.95,9.95,9.95,Brightback,,,,,,,1692168,2026-07-08T01:05:25.000Z,,2026-07-08T01:05:28.000Z,,h_d109988ee64ef9cc,,1,2026-07-08T01:05:28.000Z,USD,u_bbd532a80bcef4c1,ACTIVE,h_a7faf00092dfc5a7,[name],9.95,monthly_essentials,,2026-07-08T01:05:28.000Z,student,,1,monthly_essentials,2026-07-08T01:05:28.000Z,_UNKNOWN,995,MONTH,monthly_essentials,,College,[name],2026-08-08T01:05:28.000Z,,995,,2026-08-08T01:05:28.000Z,2026-07-08T01:05:28.000Z,995,[name],,https://www.supersummary.com/subscription,https://www.supersummary.com/subscription/confirming/cancel,,Student Experience [July 2025] [25% one-time / No Entry Modal],,07-08-2026,,07-10-2026,07-08-2026,07-08-2026,07-08-2026,,07-08-2026,08-08-2026
Wg7AFSS_b07973d77601f43b,1688156,,fallback,,,[name],[name],[name],SuperSummary wasn’t helpful enough,global_economic_reasons_897286504,Reliability or performance issues,reliability,,Product (SaaS),product,5,,,u_a0ad4d53e51ea786,,,,0,16.65,,Canceled,2026-07-10T15:28:41.000Z,2026-07-10T15:31:05.000Z,2026-07-10T15:31:05.000Z,,38.19,2026-07-10T15:31:05.000Z,cancel,Valid Cancel,monthly,2026-08-05T12:17:14.000Z,2026-08-05T12:17:14.000Z,16.65,16.65,16.65,Brightback,,,,,,,1688156,2026-07-05T12:17:13.000Z,,2026-07-05T12:17:14.000Z,,h_2a11e2246c12ac77,,1,2026-07-05T12:17:14.000Z,USD,u_a0ad4d53e51ea786,ACTIVE,h_0bf9f9ab343796a5,[name],16.65,monthly_plus,,2026-07-05T12:17:14.000Z,other,,1,monthly_plus,2026-07-05T12:17:14.000Z,_UNKNOWN,1665,MONTH,monthly_plus,,,[name],2026-08-05T12:17:14.000Z,,1665,,2026-08-05T12:17:14.000Z,2026-07-05T12:17:14.000Z,1665,[name],,https://www.supersummary.com/subscription,https://www.supersummary.com/subscription/confirming/cancel,,Default/Fallback [July 2025] [25% one time / No entry modal],,07-05-2026,,07-10-2026,07-05-2026,07-05-2026,07-05-2026,,07-05-2026,08-05-2026
Wg7AFh1_96a4ce923cf01628,169ur3VOz8buC1RyD,,Teachers; fallback,,,[name],[name],,SuperSummary wasn’t helpful enough,global_economic_reasons_897286504,Reliability or performance issues,reliability,,Product (SaaS),product,2,no idea,,u_8ba56e98a3f524ff,n/a,,,1,,,Canceled,2026-07-10T15:43:05.000Z,2026-07-10T15:43:50.000Z,2026-07-10T15:43:50.000Z,,38.18,2026-07-10T15:43:50.000Z,cancel,Valid Cancel,annual,2027-07-10T15:38:19.000Z,2027-07-10T15:38:19.000Z,3.0,3.0,36.0,Brightback,,,,,,,169ur3VOz8buC1RyD,2026-07-10T15:38:17.000Z,,2026-07-10T15:38:19.000Z,,h_bb3ae81a704c4036,,1,2026-07-10T15:38:19.000Z,USD,u_8ba56e98a3f524ff,ACTIVE,h_cfdf407d22bfc03d,[name],,,,2026-07-10T15:38:19.000Z,teacher,,1,annual_essentials,2026-07-10T15:38:19.000Z,_UNKNOWN,3600,YEAR,,,Middle School,[name],2027-07-10T15:38:19.000Z,,300,,2027-07-10T15:38:19.000Z,2026-07-10T15:38:19.000Z,3600,,,,,,Teacher Experience [July 2025] [40% one-time / Modal],,07-10-2026,,07-10-2026,07-10-2026,07-10-2026,07-10-2026,,07-10-2026,07-10-2027
Wg7ACQ5_8746c8bd43685692,1124677,,Book Club Members; Annual,,,[name],[name],[name],SuperSummary wasn’t helpful enough,global_economic_reasons_897286504,Reliability or performance issues,reliability,,Product (SaaS),product,2,Fffff,,u_43c78ce7d7ff3440,Xxxxxx,,,1,36.0,,Canceled,2026-07-10T12:26:11.000Z,2026-07-10T12:28:18.000Z,2026-07-10T12:28:24.000Z,,38.31,2026-07-10T12:28:24.000Z,cancel,Valid Cancel,annual,2027-07-09T13:02:57.000Z,2027-07-09T13:02:57.000Z,3.0,3.0,36.0,Brightback,,,,1,36.0,2026-07-13T13:03:04.000Z,1124677,2025-07-09T13:02:55.000Z,,2025-07-09T13:02:57.000Z,,h_0c371f1be8cc17e8,,1,2025-07-09T13:02:57.000Z,USD,u_43c78ce7d7ff3440,ACTIVE,h_1f66ca9d40a01e02,[name],36.0,annual,,2026-07-09T13:02:57.000Z,book_club_member,,1,annual,2025-07-09T13:02:57.000Z,_UNKNOWN,3600,YEAR,annual,,,[name],2027-07-09T13:02:57.000Z,,300,,2027-07-09T13:02:57.000Z,2025-07-09T13:02:57.000Z,3600,[name],,https://www.supersummary.com/subscription,https://www.supersummary.com/subscription/confirming/cancel,,BCM Experience [July 2025] [25% one-time / No Entry Modal],,07-09-2025,,07-10-2026,07-09-2025,07-09-2025,07-09-2025,,07-09-2025,07-09-2027
Wg7A159_aa5a6d376b0f848f,463346,,Students; fallback,,,[name],[name],[name],SuperSummary wasn’t helpful enough,global_economic_reasons_897286504,Reliability or performance issues,reliability,,Product (SaaS),product,6,,,u_17032a31d5b735f7,,,,0,60.0,,Canceled,2026-07-10T01:05:14.000Z,2026-07-10T01:05:30.000Z,2026-07-10T01:05:30.000Z,,38.79,2026-07-10T01:05:30.000Z,cancel,Valid Cancel,annual,2026-12-17T05:43:43.000Z,2026-12-17T05:43:43.000Z,5.0,5.0,60.0,Brightback,,,,,,,463346,2023-12-05T04:21:22.000Z,,2025-12-17T05:43:43.000Z,,h_be2eedc168dfc140,,1,2025-12-17T05:43:43.000Z,USD,u_17032a31d5b735f7,ACTIVE,h_64e5ad01075dfab0,[name],60.0,annual_plus,,2025-12-17T05:43:43.000Z,student,,1,annual_plus,2025-12-17T05:43:43.000Z,_UNKNOWN,6000,YEAR,annual_plus,,High School,[name],2026-12-17T05:43:43.000Z,,500,,2026-12-17T05:43:43.000Z,2025-12-17T05:43:43.000Z,6000,[name],,https://www.supersummary.com/subscription,https://www.supersummary.com/subscription/confirming/cancel,,Student Experience [July 2025] [25% one-time / No Entry Modal],,12-17-2025,,07-10-2026,12-17-2025,12-17-2025,12-05-2023,,12-17-2025,12-17-2026
Wg79L7x_b9c26eec6bbee647,Azz53LVOuc6NJ2Qpx,,Teachers; fallback,,,[name],[name],,SuperSummary wasn’t helpful enough,global_economic_reasons_897286504,Reliability or performance issues,reliability,,Product (SaaS),product,8,I'll summarize the book myself,,u_5091845f3783f7ef,,,,0,,,Canceled,2026-07-09T21:08:04.000Z,2026-07-09T21:09:49.000Z,2026-07-09T21:09:49.000Z,,38.95,2026-07-09T21:09:49.000Z,cancel,Valid Cancel,annual,2027-07-09T21:04:06.000Z,2027-07-09T21:04:06.000Z,3.0,3.0,36.0,Brightback,,,,,,,Azz53LVOuc6NJ2Qpx,2024-01-20T17:13:28.000Z,,2026-07-09T21:04:06.000Z,,h_3ddd9ad14221b406,,1,2026-07-09T21:04:06.000Z,USD,u_5091845f3783f7ef,ACTIVE,h_dbc6fa05c7d740a8,[name],,,,2026-07-09T21:04:06.000Z,teacher,,1,annual_essentials,2026-07-09T21:04:06.000Z,_UNKNOWN,3600,YEAR,,,Postgrad Program,[name],2027-07-09T21:04:06.000Z,,300,,2027-07-09T21:04:06.000Z,2026-07-09T21:04:06.000Z,3600,,,,,,Teacher Experience [July 2025] [40% one-time / Modal],,07-09-2026,,07-09-2026,07-09-2026,07-09-2026,01-20-2024,,07-09-2026,07-09-2027
Wg79JK2_ad80125eb5c1c047,169sofVOuBQBS2CqJ,,Book Club Members; fallback,,,[name],[name],,SuperSummary wasn’t helpful enough,global_economic_reasons_897286504,Reliability or performance issues,reliability,,Product (SaaS),product,1,,,u_6d5f9b54735bd19b,Allow printable pdf at lower price gier,,,1,,,Canceled,2026-07-09T19:20:09.000Z,2026-07-09T19:20:46.000Z,2026-07-09T19:20:47.000Z,,39.03,2026-07-09T19:20:47.000Z,cancel,Valid Cancel,monthly,2026-08-09T19:18:08.000Z,2026-08-09T19:18:08.000Z,9.95,9.95,9.95,Brightback,,,,,,,169sofVOuBQBS2CqJ,2026-07-09T19:17:41.000Z,,2026-07-09T19:18:08.000Z,,h_e3970f203550600f,,1,2026-07-09T19:18:08.000Z,USD,u_6d5f9b54735bd19b,ACTIVE,h_9a5c959268d496bd,[name],,,,2026-07-09T19:18:08.000Z,book_club_member,,1,monthly_essentials,2026-07-09T19:18:08.000Z,_UNKNOWN,995,MONTH,,,,[name],2026-08-09T19:18:08.000Z,,995,,2026-08-09T19:18:08.000Z,2026-07-09T19:18:08.000Z,995,,,,,,BCM Experience [July 2025] [25% one-time / No Entry Modal],,07-09-2026,,07-09-2026,07-09-2026,07-09-2026,07-09-2026,,07-09-2026,08-09-2026
Wg79Dev_99fc6e559c6eadda,AzqVnoVIvsUT61RLu,,Book Club Members; fallback,,,[name],[name],,SuperSummary wasn’t helpful enough,global_economic_reasons_897286504,Reliability or performance issues,reliability,,Product (SaaS),product,5,,,u_f4da1e082e8b4e1c,,,,0,,,Canceled,2026-07-09T13:41:00.000Z,2026-07-09T13:41:27.000Z,2026-07-09T13:41:27.000Z,,39.26,2026-07-09T13:41:27.000Z,cancel,Valid Cancel,monthly,2026-08-07T11:22:12.000Z,2026-08-07T11:22:12.000Z,16.65,16.65,16.65,Brightback,,,,,,,AzqVnoVIvsUT61RLu,2026-05-07T11:22:10.000Z,,2026-05-07T11:22:12.000Z,,h_4cdbbcbdf161de9e,,1,2026-05-07T11:22:12.000Z,USD,u_f4da1e082e8b4e1c,ACTIVE,h_3b6b70d899054e3b,[name],,,,2026-07-07T11:22:12.000Z,book_club_member,,1,monthly_plus,2026-05-07T11:22:12.000Z,_UNKNOWN,1665,MONTH,,,,[name],2026-08-07T11:22:12.000Z,,1665,,2026-08-07T11:22:12.000Z,2026-05-07T11:22:12.000Z,1665,,,,,,BCM Experience [July 2025] [25% one-time / No Entry Modal],,05-07-2026,,07-09-2026,05-07-2026,05-07-2026,05-07-2026,,05-07-2026,08-07-2026
Wg79CTs_960b495f71d051c7,1690445,,Book Club Members; fallback,,,[name],[name],[name],SuperSummary wasn’t helpful enough,global_economic_reasons_897286504,Reliability or performance issues,reliability,,Product (SaaS),product,3,,,u_41e7d1cf00f2a287,,,,0,16.65,,Canceled,2026-07-09T12:30:02.000Z,2026-07-09T12:30:25.000Z,2026-07-09T12:30:26.000Z,,39.31,2026-07-09T12:30:26.000Z,cancel,Valid Cancel,monthly,2026-08-05T21:35:31.000Z,2026-08-05T21:35:31.000Z,16.65,16.65,16.65,Brightback,,,,,,,1690445,2026-07-05T21:35:29.000Z,,2026-07-05T21:35:31.000Z,,h_e251661a162ac817,,1,2026-07-05T21:35:31.000Z,USD,u_41e7d1cf00f2a287,ACTIVE,h_f0affc61b38fdb7b,[name],16.65,monthly_plus,,2026-07-05T21:35:31.000Z,book_club_member,,1,monthly_plus,2026-07-05T21:35:31.000Z,_UNKNOWN,1665,MONTH,monthly_plus,,,[name],2026-08-05T21:35:31.000Z,,1665,,2026-08-05T21:35:31.000Z,2026-07-05T21:35:31.000Z,1665,[name],,https://www.supersummary.com/subscription,https://www.supersummary.com/subscription/confirming/cancel,,BCM Experience [July 2025] [25% one-time / No Entry Modal],,07-05-2026,,07-09-2026,07-05-2026,07-05-2026,07-05-2026,,07-05-2026,08-05-2026
Wg79CKH_a752e262b18bf29d,1690894,,Book Club Members; fallback,,,[name],[name],[name],SuperSummary wasn’t helpful enough,global_economic_reasons_897286504,Reliability or performance issues,reliability,,Product (SaaS),product,2,,,u_2d1059b9933b4fce,,,,0,36.0,,Canceled,2026-07-09T12:20:25.000Z,2026-07-09T12:21:01.000Z,2026-07-09T12:21:01.000Z,,39.32,2026-07-09T12:21:01.000Z,cancel,Valid Cancel,annual,2027-07-06T14:57:27.000Z,2027-07-06T14:57:27.000Z,3.0,3.0,36.0,Brightback,,,,,,,1690894,2026-07-06T14:57:24.000Z,,2026-07-06T14:57:27.000Z,,h_799a1e7571b4b513,,1,2026-07-06T14:57:27.000Z,USD,u_2d1059b9933b4fce,ACTIVE,h_cf291c84e4607e67,[name],36.0,annual_essentials,,2026-07-06T14:57:27.000Z,book_club_member,,1,annual_essentials,2026-07-06T14:57:27.000Z,_UNKNOWN,3600,YEAR,annual_essentials,,,[name],2027-07-06T14:57:27.000Z,,300,,2027-07-06T14:57:27.000Z,2026-07-06T14:57:27.000Z,3600,[name],,https://www.supersummary.com/subscription,https://www.supersummary.com/subscription/confirming/cancel,,BCM Experience [July 2025] [25% one-time / No Entry Modal],,07-06-2026,,07-09-2026,07-06-2026,07-06-2026,07-06-2026,,07-06-2026,07-06-2027
Wg78MMm_9b4084dea0923a74,16BXfbVOoxjkX2TEE,,Book Club Members; fallback,,,[name],[name],,SuperSummary wasn’t helpful enough,global_economic_reasons_897286504,Reliability or performance issues,reliability,,Product (SaaS),product,1,,,u_0367999d9d1e6f25,,,,0,,,Canceled,2026-07-08T22:22:50.000Z,2026-07-08T22:23:14.000Z,2026-07-08T22:23:14.000Z,,39.9,2026-07-08T22:23:14.000Z,cancel,Valid Cancel,annual,2027-07-08T21:52:25.000Z,2027-07-08T21:52:25.000Z,3.0,3.0,36.0,Brightback,,,,,,,16BXfbVOoxjkX2TEE,2026-07-08T21:52:23.000Z,,2026-07-08T21:52:25.000Z,,h_759e6a4e91b97e1e,,1,2026-07-08T21:52:25.000Z,USD,u_0367999d9d1e6f25,ACTIVE,h_0666df275f9cc3d7,[name],,,,2026-07-08T21:52:25.000Z,book_club_member,,1,annual_essentials,2026-07-08T21:52:25.000Z,_UNKNOWN,3600,YEAR,,,,[name],2027-07-08T21:52:25.000Z,,300,,2027-07-08T21:52:25.000Z,2026-07-08T21:52:25.000Z,3600,,,,,,BCM Experience [July 2025] [25% one-time / No Entry Modal],,07-08-2026,,07-08-2026,07-08-2026,07-08-2026,07-08-2026,,07-08-2026,07-08-2027
Wg78Lse_8ba2a7e40048b6b6,1692855,,Book Club Members; fallback,,,[name],[name],[name],SuperSummary wasn’t helpful enough,global_economic_reasons_897286504,Reliability or performance issues,reliability,,Product (SaaS),product,1,,,u_91f0d578a774efff,,,,0,36.0,,Canceled,2026-07-08T21:54:48.000Z,2026-07-08T21:55:39.000Z,2026-08-02T03:21:54.000Z,,39.92,2026-08-02T03:21:54.000Z,cancel,Valid Cancel,annual,2027-07-08T21:18:37.000Z,2027-07-08T21:18:37.000Z,3.0,3.0,36.0,Brightback,,,,,,,1692855,2026-07-08T21:18:34.000Z,,2026-07-08T21:18:37.000Z,,h_8cd8c459278b219b,,1,2026-07-08T21:18:37.000Z,USD,u_91f0d578a774efff,ACTIVE,h_ccfc637fdab5cfe7,[name],36.0,annual_essentials,,2026-07-08T21:18:37.000Z,book_club_member,,1,annual_essentials,2026-07-08T21:18:37.000Z,_UNKNOWN,3600,YEAR,annual_essentials,,,[name],2027-07-08T21:18:37.000Z,,300,,2027-07-08T21:18:37.000Z,2026-07-08T21:18:37.000Z,3600,[name],,https://www.supersummary.com/subscription,https://www.supersummary.com/subscription/confirming/cancel,,BCM Experience [July 2025] [25% one-time / No Entry Modal],,07-08-2026,,07-08-2026,07-08-2026,07-08-2026,07-08-2026,,07-08-2026,07-08-2027
Wg78LPc_b86a7dd961ad931f,230308,,Book Club Members; fallback,,,[name],[name],[name],SuperSummary wasn’t helpful enough,global_economic_reasons_897286504,Reliability or performance issues,reliability,,Product (SaaS),product,4,I don't know.,,u_6ca53049897b93c6,,,,0,60.0,,Canceled,2026-07-08T21:25:58.000Z,2026-07-08T21:28:06.000Z,2026-07-08T21:28:07.000Z,,39.94,2026-07-08T21:28:07.000Z,cancel,Valid Cancel,annual,2027-07-08T21:03:36.000Z,2027-07-08T21:03:36.000Z,5.0,5.0,60.0,Brightback,,,,,,,230308,2022-07-08T04:41:50.000Z,,2026-07-08T21:03:36.000Z,,h_849bba2e4fad3e1e,,1,2026-07-08T21:03:36.000Z,USD,u_6ca53049897b93c6,ACTIVE,h_2656a202c137c54b,[name],60.0,annual_plus,,2026-07-08T21:03:36.000Z,book_club_member,,1,annual_plus,2026-07-08T21:03:36.000Z,_UNKNOWN,6000,YEAR,annual_plus,,,[name],2027-07-08T21:03:36.000Z,,500,,2027-07-08T21:03:36.000Z,2026-07-08T21:03:36.000Z,6000,[name],,https://www.supersummary.com/subscription,https://www.supersummary.com/subscription/confirming/cancel,,BCM Experience [July 2025] [25% one-time / No Entry Modal],,07-08-2026,,07-08-2026,07-08-2026,07-08-2026,07-08-2022,,07-08-2026,07-08-2027
Wg78GTo_acca8dafd368188b,1685932,,Book Club Members; fallback,,,[name],[name],[name],SuperSummary wasn’t helpful enough,global_economic_reasons_897286504,Reliability or performance issues,reliability,,Product (SaaS),product,3,nothing,,u_e726c3f28cff2058,n,,,1,36.0,,Canceled,2026-07-08T16:30:04.000Z,2026-07-08T16:30:27.000Z,2026-07-08T16:30:27.000Z,,40.14,2026-07-08T16:30:27.000Z,cancel,Valid Cancel,annual,2027-06-28T18:14:19.000Z,2027-06-28T18:14:19.000Z,3.0,3.0,36.0,Brightback,,,,,,,1685932,2026-06-28T18:14:17.000Z,,2026-06-28T18:14:19.000Z,,h_f835358711660b5c,,1,2026-06-28T18:14:19.000Z,USD,u_e726c3f28cff2058,ACTIVE,h_22019076497e305c,[name],36.0,annual_essentials,,2026-06-28T18:14:19.000Z,book_club_member,,1,annual_essentials,2026-06-28T18:14:19.000Z,_UNKNOWN,3600,YEAR,annual_essentials,,,[name],2027-06-28T18:14:19.000Z,,300,,2027-06-28T18:14:19.000Z,2026-06-28T18:14:19.000Z,3600,[name],,https://www.supersummary.com/subscription,https://www.supersummary.com/subscription/confirming/cancel,,BCM Experience [July 2025] [25% one-time / No Entry Modal],,06-28-2026,,07-08-2026,06-28-2026,06-28-2026,06-28-2026,,06-28-2026,06-28-2027
Wg78EHp_bcb5a6552f29064f,1691720,,Book Club Members; fallback,,,[name],[name],[name],SuperSummary wasn’t helpful enough,global_economic_reasons_897286504,Reliability or performance issues,reliability,,Product (SaaS),product,4,,,u_c4ddd1702ea50717,,,,0,36.0,,Canceled,2026-07-08T14:18:05.000Z,2026-07-08T14:18:34.000Z,2026-07-08T14:18:34.000Z,,40.24,2026-07-08T14:18:34.000Z,cancel,Valid Cancel,annual,2027-07-07T15:15:17.000Z,2027-07-07T15:15:17.000Z,3.0,3.0,36.0,Brightback,,,,,,,1691720,2026-07-07T15:15:15.000Z,,2026-07-07T15:15:17.000Z,,h_ecf8afd8a6c7dc67,,1,2026-07-07T15:15:17.000Z,USD,u_c4ddd1702ea50717,ACTIVE,h_6950723420acf83f,[name],36.0,annual_essentials,,2026-07-07T15:15:17.000Z,book_club_member,,1,annual_essentials,2026-07-07T15:15:17.000Z,_UNKNOWN,3600,YEAR,annual_essentials,,,[name],2027-07-07T15:15:17.000Z,,300,,2027-07-07T15:15:17.000Z,2026-07-07T15:15:17.000Z,3600,[name],,https://www.supersummary.com/subscription,https://www.supersummary.com/subscription/confirming/cancel,,BCM Experience [July 2025] [25% one-time / No Entry Modal],,07-07-2026,,07-08-2026,07-07-2026,07-07-2026,07-07-2026,,07-07-2026,07-07-2027
Wg7830B_a67fd7cb9e547652,AzZfNzVOjwnMk39Y8,,Book Club Members; fallback,,,[name],[name],,SuperSummary wasn’t helpful enough,global_economic_reasons_897286504,Reliability or performance issues,reliability,,Product (SaaS),product,5,,,u_aaf83d56c4a97730,,,,0,,,Canceled,2026-07-08T03:00:14.000Z,2026-07-08T03:00:35.000Z,2026-07-08T03:00:35.000Z,,40.71,2026-07-08T03:00:35.000Z,cancel,Valid Cancel,annual,2027-07-08T01:17:18.000Z,2027-07-08T01:17:18.000Z,3.0,3.0,36.0,Brightback,,,,,,,AzZfNzVOjwnMk39Y8,2026-07-08T01:15:41.000Z,,2026-07-08T01:17:18.000Z,,h_cc4bded60b070b62,,1,2026-07-08T01:17:18.000Z,USD,u_aaf83d56c4a97730,ACTIVE,h_8be89b4c4cbb5623,[name],,,,2026-07-08T01:17:18.000Z,book_club_member,,1,annual_essentials,2026-07-08T01:17:18.000Z,_UNKNOWN,3600,YEAR,,,,[name],2027-07-08T01:17:18.000Z,,300,,2027-07-08T01:17:18.000Z,2026-07-08T01:17:18.000Z,3600,,,,,,BCM Experience [July 2025] [25% one-time / No Entry Modal],,07-08-2026,,07-08-2026,07-08-2026,07-08-2026,07-08-2026,,07-08-2026,07-08-2027
Wg77K5W_913fb2a4934e7e90,AzqNFXSOoVdEFW7x,,Students; Monthly,,,[name],[name],,SuperSummary wasn’t helpful enough,global_economic_reasons_897286504,Reliability or performance issues,reliability,,Product (SaaS),product,1,Nothing ,,u_2fc2953dd6d838ee,,,,0,,,Canceled,2026-07-07T20:05:34.000Z,2026-07-07T20:05:59.000Z,2026-07-07T20:05:59.000Z,,40.99,2026-07-07T20:05:59.000Z,cancel,Valid Cancel,monthly,2026-07-12T14:32:59.000Z,2026-07-12T14:32:59.000Z,9.95,9.95,9.95,Brightback,,,,,,,AzqNFXSOoVdEFW7x,2021-02-12T14:28:59.000Z,,2021-02-12T14:32:59.000Z,,h_6d438d67c215fc5c,,1,2021-02-12T14:32:59.000Z,USD,u_2fc2953dd6d838ee,ACTIVE,h_d4faed277244d821,[name],,,,2026-06-12T14:32:59.000Z,student,,1,monthly,2021-02-12T14:32:59.000Z,_UNKNOWN,995,MONTH,,,College,[name],2026-07-12T14:32:59.000Z,,995,,2026-07-12T14:32:59.000Z,2021-02-12T14:32:59.000Z,995,,,,,,Student Experience [July 2025] [40% forever / Modal],,02-12-2021,,07-07-2026,02-12-2021,02-12-2021,02-12-2021,,02-12-2021,07-12-2026
Wg77HfO_aa08ab9da048b7ca,1455345,,Parents; fallback,,,[name],[name],[name],SuperSummary wasn’t helpful enough,global_economic_reasons_897286504,Reliability or performance issues,reliability,,Product (SaaS),product,2,nothing,,u_d4f139c795a2f8d6,,,,0,60.0,,Canceled,2026-07-07T17:41:30.000Z,2026-07-07T17:41:54.000Z,2026-07-07T17:41:55.000Z,,41.09,2026-07-07T17:41:55.000Z,cancel,Valid Cancel,annual,2027-01-04T17:52:34.000Z,2027-01-04T17:52:34.000Z,5.0,5.0,60.0,Brightback,,,,,,,1455345,2026-01-04T17:52:33.000Z,,2026-01-04T17:52:34.000Z,,h_f2a18137f765a216,,1,2026-01-04T17:52:34.000Z,USD,u_d4f139c795a2f8d6,ACTIVE,h_41e91210017f2d21,[name],60.0,annual_plus,,2026-01-04T17:52:34.000Z,parent_of_student,,1,annual_plus,2026-01-04T17:52:34.000Z,_UNKNOWN,6000,YEAR,annual_plus,,Middle School,[name],2027-01-04T17:52:34.000Z,,500,,2027-01-04T17:52:34.000Z,2026-01-04T17:52:34.000Z,6000,[name],,https://www.supersummary.com/subscription,https://www.supersummary.com/subscription/confirming/cancel,,Parent Experience [July 2025] [25% one-time / No Entry Modal],,01-04-2026,,07-07-2026,01-04-2026,01-04-2026,01-04-2026,,01-04-2026,01-04-2027
Wg77Fj3_9298a0e3536e4194,1691728,,Book Club Members; fallback,,,[name],[name],[name],SuperSummary wasn’t helpful enough,global_economic_reasons_897286504,Reliability or performance issues,reliability,,Product (SaaS),product,3,Google ,,u_25674ead0c035e9f,Discussion questions ,,,1,60.0,,Canceled,2026-07-07T15:45:09.000Z,2026-07-07T15:46:24.000Z,2026-07-07T15:46:24.000Z,,41.17,2026-07-07T15:46:24.000Z,cancel,Valid Cancel,annual,2027-07-07T15:26:37.000Z,2027-07-07T15:26:37.000Z,5.0,5.0,60.0,Brightback,,,,,,,1691728,2026-07-07T15:26:35.000Z,,2026-07-07T15:26:37.000Z,,h_40b1171c88a83193,,1,2026-07-07T15:26:37.000Z,USD,u_25674ead0c035e9f,ACTIVE,h_c79351c5fc3e3c5a,[name],60.0,annual_plus,,2026-07-07T15:26:37.000Z,book_club_member,,1,annual_plus,2026-07-07T15:26:37.000Z,_UNKNOWN,6000,YEAR,annual_plus,,,[name],2027-07-07T15:26:37.000Z,,500,,2027-07-07T15:26:37.000Z,2026-07-07T15:26:37.000Z,6000,[name],,https://www.supersummary.com/subscription,https://www.supersummary.com/subscription/confirming/cancel,,BCM Experience [July 2025] [25% one-time / No Entry Modal],,07-07-2026,,07-07-2026,07-07-2026,07-07-2026,07-07-2026,,07-07-2026,07-07-2027
Wg76Nbn_a38aef37bf34d453,1691253,,Students; fallback,,,[name],[name],[name],SuperSummary wasn’t helpful enough,global_economic_reasons_897286504,Reliability or performance issues,reliability,,Product (SaaS),product,1,,,u_e39968eac5242570,,,,0,16.65,,Canceled,2026-07-06T23:37:57.000Z,2026-07-06T23:38:29.000Z,2026-07-06T23:38:29.000Z,,41.85,2026-07-06T23:39:02.000Z,cancel,Valid Cancel,monthly,2026-08-06T23:33:03.000Z,2026-08-06T23:33:03.000Z,16.65,16.65,16.65,Brightback,,,,,,,1691253,2026-07-06T23:33:00.000Z,,2026-07-06T23:33:03.000Z,,h_d4a06c1f215ffbf7,,1,2026-07-06T23:33:03.000Z,USD,u_e39968eac5242570,ACTIVE,h_fe95e809d921b997,[name],16.65,monthly_plus,,2026-07-06T23:33:03.000Z,student,,1,monthly_plus,2026-07-06T23:33:03.000Z,_UNKNOWN,1665,MONTH,monthly_plus,,College,[name],2026-08-06T23:33:03.000Z,,1665,,2026-08-06T23:33:03.000Z,2026-07-06T23:33:03.000Z,1665,[name],,https://www.supersummary.com/subscription,https://www.supersummary.com/subscription/confirming/cancel,,Student Experience [July 2025] [25% one-time / No Entry Modal],,07-06-2026,,07-06-2026,07-06-2026,07-06-2026,07-06-2026,,07-06-2026,08-06-2026
Wg76J7w_82260ce8ea8a7d43,AzywmqUVoZyX64emM,,Students; Monthly,,,[name],[name],,SuperSummary wasn’t helpful enough,global_economic_reasons_897286504,Reliability or performance issues,reliability,,Product (SaaS),product,5,,,u_957e69ebf8e23bb8,,,,0,,,Canceled,2026-07-06T19:08:00.000Z,2026-07-06T19:08:31.000Z,2026-07-06T19:08:32.000Z,,42.03,2026-07-06T19:08:32.000Z,cancel,Valid Cancel,monthly,2026-08-02T15:49:36.000Z,2026-08-02T15:49:36.000Z,9.95,9.95,9.95,Brightback,,,,,,,AzywmqUVoZyX64emM,2024-12-02T15:49:33.000Z,,2024-12-02T15:49:36.000Z,,h_7e6ed21a6097508c,,1,2024-12-02T15:49:36.000Z,USD,u_957e69ebf8e23bb8,ACTIVE,h_aca4970ef2b269fd,[name],,,,2026-07-02T15:49:36.000Z,student,,1,monthly,2024-12-02T15:49:36.000Z,_UNKNOWN,995,MONTH,,,College,[name],2026-08-02T15:49:36.000Z,,995,,2026-08-02T15:49:36.000Z,2024-12-02T15:49:36.000Z,995,,,,,,Student Experience [July 2025] [40% forever / Modal],,12-02-2024,,07-06-2026,12-02-2024,12-02-2024,12-02-2024,,12-02-2024,08-02-2026
Wg7634g_8543a235b58aedea,169nliVOYg3VvA3pn,,Teachers; fallback,,,[name],[name],,SuperSummary wasn’t helpful enough,global_economic_reasons_897286504,Reliability or performance issues,reliability,,Product (SaaS),product,3,,,u_54c829279a471c29,,,,0,,,Canceled,2026-07-06T03:04:46.000Z,2026-07-06T03:05:29.000Z,2026-07-06T03:05:29.000Z,,42.7,2026-07-06T03:05:29.000Z,cancel,Valid Cancel,annual,2027-07-06T03:01:49.000Z,2027-07-06T03:01:49.000Z,3.0,3.0,36.0,Brightback,,,,,,,169nliVOYg3VvA3pn,2026-07-06T03:01:47.000Z,,2026-07-06T03:01:49.000Z,,h_c35cd34bfef7c2c1,,1,2026-07-06T03:01:49.000Z,USD,u_54c829279a471c29,ACTIVE,h_de4de59e40a3b5a5,[name],,,,2026-07-06T03:01:49.000Z,teacher,,1,annual_essentials,2026-07-06T03:01:49.000Z,_UNKNOWN,3600,YEAR,,,High School,[name],2027-07-06T03:01:49.000Z,,300,,2027-07-06T03:01:49.000Z,2026-07-06T03:01:49.000Z,3600,,,,,,Teacher Experience [July 2025] [40% one-time / Modal],,07-06-2026,,07-06-2026,07-06-2026,07-06-2026,07-06-2026,,07-06-2026,07-06-2027
Wg75NYr_a1563e0c46b2b46f,AzytJcVOXj8zT9g8T,,Book Club Members; fallback,,,[name],[name],,SuperSummary wasn’t helpful enough,global_economic_reasons_897286504,Reliability or performance issues,reliability,,Product (SaaS),product,1,,,u_6f0e95a2858d9d69,,,,0,,,Canceled,2026-07-05T23:34:56.000Z,2026-07-05T23:35:33.000Z,2026-07-05T23:35:34.000Z,,42.85,2026-07-05T23:35:34.000Z,cancel,Valid Cancel,annual,2027-07-05T23:07:49.000Z,2027-07-05T23:07:49.000Z,5.0,5.0,60.0,Brightback,,,,,,,AzytJcVOXj8zT9g8T,2026-07-05T23:07:47.000Z,,2026-07-05T23:07:49.000Z,,h_356fc6725cf4f426,,1,2026-07-05T23:07:49.000Z,USD,u_6f0e95a2858d9d69,ACTIVE,h_685e77abf8cccf56,[name],,,,2026-07-05T23:07:49.000Z,book_club_member,,1,annual_plus,2026-07-05T23:07:49.000Z,_UNKNOWN,6000,YEAR,,,,[name],2027-07-05T23:07:49.000Z,,500,,2027-07-05T23:07:49.000Z,2026-07-05T23:07:49.000Z,6000,,,,,,BCM Experience [July 2025] [25% one-time / No Entry Modal],,07-05-2026,,07-05-2026,07-05-2026,07-05-2026,07-05-2026,,07-05-2026,07-05-2027
Wg75JwN_af4723662906e7c5,1654381,,Students; fallback,,,[name],[name],[name],SuperSummary wasn’t helpful enough,global_economic_reasons_897286504,Reliability or performance issues,reliability,,Product (SaaS),product,3,,,u_37d4addef86df76b,,,,0,16.65,,Canceled,2026-07-05T19:58:30.000Z,2026-07-05T19:59:34.000Z,2026-07-05T19:59:34.000Z,,43.0,2026-07-05T19:59:34.000Z,cancel,Valid Cancel,monthly,2026-08-03T21:08:55.000Z,2026-08-03T21:08:55.000Z,12.49,12.49,16.65,Brightback,,,,,,,1654381,2026-05-26T00:07:47.000Z,,2026-06-03T21:08:55.000Z,,h_b32023d3f14f4920,,1,2026-06-03T21:08:55.000Z,USD,u_37d4addef86df76b,ACTIVE,h_384d389d5ec8cfde,[name],16.65,monthly_plus,,2026-07-03T21:08:55.000Z,student,,1,monthly_plus,2026-06-03T21:08:55.000Z,_UNKNOWN,1665,MONTH,monthly_plus,nmTKUhkQCvq,College,[name],2026-08-03T21:08:55.000Z,,1665,,2026-08-03T21:08:55.000Z,2026-06-03T21:08:55.000Z,1665,[name],,https://www.supersummary.com/subscription,https://www.supersummary.com/subscription/confirming/cancel,,Student Experience [July 2025] [25% one-time / No Entry Modal],,06-03-2026,,07-05-2026,06-03-2026,06-03-2026,05-26-2026,,06-03-2026,08-03-2026
Wg75EH6_94c468f7001e8a5e,6olCmVORHOTj7HB8,,fallback,,,[name],[name],,SuperSummary wasn’t helpful enough,global_economic_reasons_897286504,Reliability or performance issues,reliability,,Product (SaaS),product,1,,,u_6e1ab256dee9cfd8,,,,0,,,Canceled,2026-07-05T14:17:10.000Z,2026-07-05T14:17:37.000Z,2026-07-05T14:17:37.000Z,,43.24,2026-07-05T14:17:37.000Z,cancel,Valid Cancel,annual,2027-07-04T20:39:57.000Z,2027-07-04T20:39:57.000Z,5.0,5.0,60.0,Brightback,,,,,,,6olCmVORHOTj7HB8,2026-07-04T20:39:56.000Z,,2026-07-04T20:39:57.000Z,,h_d422fb920e67c264,,1,2026-07-04T20:39:57.000Z,USD,u_6e1ab256dee9cfd8,ACTIVE,h_bd9dd80427fa6b34,[name],,,,2026-07-04T20:39:57.000Z,other,,1,annual_plus,2026-07-04T20:39:57.000Z,_UNKNOWN,6000,YEAR,,,,[name],2027-07-04T20:39:57.000Z,,500,,2027-07-04T20:39:57.000Z,2026-07-04T20:39:57.000Z,6000,,,,,,Default/Fallback [July 2025] [25% one time / No entry modal],,07-04-2026,,07-05-2026,07-04-2026,07-04-2026,07-04-2026,,07-04-2026,07-04-2027
Wg74Mdp_8fd157eb409b0141,482242,,Teachers; Annual,,,[name],[name],[name],SuperSummary wasn’t helpful enough,global_economic_reasons_897286504,Reliability or performance issues,reliability,,Product (SaaS),product,1,,,u_ff9edbaf048425ed,,,,0,36.0,,Canceled,2026-07-04T22:40:00.000Z,2026-07-04T22:40:22.000Z,2026-07-04T22:40:22.000Z,,43.89,2026-07-04T22:40:22.000Z,cancel,Valid Cancel,annual,2027-01-23T02:27:42.000Z,2027-01-23T02:27:42.000Z,3.0,3.0,36.0,Brightback,,,,,,,482242,2024-01-23T02:27:39.000Z,,2024-01-23T02:27:42.000Z,,h_c30fdc78447bf10e,,1,2024-01-23T02:27:42.000Z,USD,u_ff9edbaf048425ed,ACTIVE,h_c2eda57eec8140b0,[name],36.0,annual,,2026-01-23T02:27:42.000Z,teacher,,1,annual,2024-01-23T02:27:42.000Z,_UNKNOWN,3600,YEAR,annual,,Postgrad Program,[name],2027-01-23T02:27:42.000Z,,300,,2027-01-23T02:27:42.000Z,2024-01-23T02:27:42.000Z,3600,[name],,https://www.supersummary.com/subscription,https://www.supersummary.com/subscription/confirming/cancel,,Teacher Experience [July 2025] [40% one-time / Modal],,01-23-2024,,07-04-2026,01-23-2024,01-23-2024,01-23-2024,,01-23-2024,01-23-2027
Wg746BO_a8e2fb850ff64c3c,1573203,,Teachers; fallback,,,[name],[name],[name],SuperSummary wasn’t helpful enough,global_economic_reasons_897286504,Reliability or performance issues,reliability,,Product (SaaS),product,3,,,u_78344ee8f479c300,,,,0,60.0,,Canceled,2026-07-04T06:11:33.000Z,2026-07-04T06:11:56.000Z,2026-07-04T06:11:56.000Z,,44.57,2026-07-04T06:11:56.000Z,cancel,Valid Cancel,annual,2027-05-04T20:56:16.000Z,2027-05-04T20:56:16.000Z,5.0,5.0,60.0,Brightback,,,,,,,1573203,2026-05-04T20:56:14.000Z,,2026-05-04T20:56:16.000Z,,h_11b841c65a762401,,1,2026-05-04T20:56:16.000Z,USD,u_78344ee8f479c300,ACTIVE,h_f91b303a22d39061,[name],60.0,annual_plus,,2026-05-04T20:56:16.000Z,teacher,,1,annual_plus,2026-05-04T20:56:16.000Z,_UNKNOWN,6000,YEAR,annual_plus,,Middle School,[name],2027-05-04T20:56:16.000Z,,500,,2027-05-04T20:56:16.000Z,2026-05-04T20:56:16.000Z,6000,[name],,https://www.supersummary.com/subscription,https://www.supersummary.com/subscription/confirming/cancel,,Teacher Experience [July 2025] [40% one-time / Modal],,05-04-2026,,07-04-2026,05-04-2026,05-04-2026,05-04-2026,,05-04-2026,05-04-2027
Wg745pK_83ad6f5068f4396c,1689560,,Students; fallback,,,[name],[name],[name],SuperSummary wasn’t helpful enough,global_economic_reasons_897286504,Reliability or performance issues,reliability,,Product (SaaS),product,1,Course hero,,u_31e65bcd404de8fd,N/a,,,1,9.95,,Canceled,2026-07-04T05:52:16.000Z,2026-07-04T05:52:41.000Z,2026-07-14T19:57:51.000Z,,44.59,2026-07-14T19:57:51.000Z,cancel,Valid Cancel,monthly,2026-08-04T04:33:46.000Z,2026-08-04T04:33:46.000Z,9.95,9.95,9.95,Brightback,,,,,,,1689560,2026-07-04T04:33:45.000Z,,2026-07-04T04:33:46.000Z,,h_f10b0c2b48dbdc44,,1,2026-07-04T04:33:46.000Z,USD,u_31e65bcd404de8fd,ACTIVE,h_33f5a3303fe44a1e,[name],9.95,monthly_essentials,,2026-07-04T04:33:46.000Z,student,,1,monthly_essentials,2026-07-04T04:33:46.000Z,_UNKNOWN,995,MONTH,monthly_essentials,,College,[name],2026-08-04T04:33:46.000Z,,995,,2026-08-04T04:33:46.000Z,2026-07-04T04:33:46.000Z,995,[name],,https://www.supersummary.com/subscription,https://www.supersummary.com/subscription/confirming/cancel,,Student Experience [July 2025] [25% one-time / No Entry Modal],,07-04-2026,,07-04-2026,07-04-2026,07-04-2026,07-04-2026,,07-04-2026,08-04-2026
Wg73H5k_8041f60863a42bdc,1680370,,Students; fallback,,,[name],[name],[name],SuperSummary wasn’t helpful enough,global_economic_reasons_897286504,Reliability or performance issues,reliability,,Product (SaaS),product,3,,,u_55d247ccd509d7b2,a,,,1,16.65,,Canceled,2026-07-03T17:06:10.000Z,2026-07-03T17:07:19.000Z,2026-07-03T17:07:19.000Z,,45.12,2026-07-03T17:07:19.000Z,cancel,Valid Cancel,monthly,2026-07-21T08:40:39.000Z,2026-07-21T08:40:39.000Z,16.65,16.65,16.65,Brightback,,,,,,,1680370,2026-06-21T08:40:34.000Z,,2026-06-21T08:40:39.000Z,,h_7b7c77114794bd3a,,1,2026-06-21T08:40:39.000Z,USD,u_55d247ccd509d7b2,ACTIVE,h_6a16693a0dfc0679,[name],16.65,monthly_plus,,2026-06-21T08:40:39.000Z,student,,1,monthly_plus,2026-06-21T08:40:39.000Z,_UNKNOWN,1665,MONTH,monthly_plus,,High School,[name],2026-07-21T08:40:39.000Z,,1665,,2026-07-21T08:40:39.000Z,2026-06-21T08:40:39.000Z,1665,[name],,https://www.supersummary.com/subscription,https://www.supersummary.com/subscription/confirming/cancel,,Student Experience [July 2025] [25% one-time / No Entry Modal],,06-21-2026,,07-03-2026,06-21-2026,06-21-2026,06-21-2026,,06-21-2026,07-21-2026
Wg73E3A_a2a5312229af7020,16CIgFVKZf4wq7Di7,,Students; fallback,,,[name],[name],,SuperSummary wasn’t helpful enough,global_economic_reasons_897286504,Reliability or performance issues,reliability,,Product (SaaS),product,2,,,u_6134abb416c2d228,,,,0,,,Canceled,2026-07-03T14:03:12.000Z,2026-07-03T14:03:47.000Z,2026-07-03T14:03:47.000Z,,45.25,2026-07-03T14:03:47.000Z,cancel,Valid Cancel,monthly,2026-07-24T21:08:41.000Z,2026-07-24T21:08:41.000Z,9.95,9.95,9.95,Brightback,,,,,,,16CIgFVKZf4wq7Di7,2026-05-24T21:08:39.000Z,,2026-05-24T21:08:41.000Z,,h_ff570d863c3592d5,,1,2026-05-24T21:08:41.000Z,USD,u_6134abb416c2d228,ACTIVE,h_29db012e045e362c,[name],,,,2026-06-24T21:08:41.000Z,student,,1,monthly_essentials,2026-05-24T21:08:41.000Z,_UNKNOWN,995,MONTH,,,High School,[name],2026-07-24T21:08:41.000Z,,995,,2026-07-24T21:08:41.000Z,2026-05-24T21:08:41.000Z,995,,,,,,Student Experience [July 2025] [25% one-time / No Entry Modal],,05-24-2026,,07-03-2026,05-24-2026,05-24-2026,05-24-2026,,05-24-2026,07-24-2026
Wg738jP_9431dd1a5d313790,1687848,,fallback,,,[name],[name],[name],SuperSummary wasn’t helpful enough,global_economic_reasons_897286504,Reliability or performance issues,reliability,,Product (SaaS),product,5,,,u_0ab5b45ddb32611f,,,,0,60.0,,Canceled,2026-07-03T08:45:34.000Z,2026-07-03T08:46:00.000Z,2026-07-03T08:46:01.000Z,,45.47,2026-07-03T08:46:01.000Z,cancel,Valid Cancel,annual,2027-07-01T07:42:06.000Z,,5.0,5.0,60.0,Brightback,,,,,,,1687848,2026-07-01T07:42:03.000Z,,2026-07-01T07:42:06.000Z,,h_e4f52ec9b645ffbe,,1,2026-07-01T07:42:06.000Z,USD,u_0ab5b45ddb32611f,ACTIVE,h_f854dabc582b8af2,[name],60.0,annual_plus,,2026-07-01T07:42:06.000Z,other,,1,annual_plus,2026-07-01T07:42:06.000Z,_UNKNOWN,6000,YEAR,annual_plus,,,[name],2027-07-01T07:42:06.000Z,,500,,2027-07-01T07:42:06.000Z,2026-07-01T07:42:06.000Z,6000,[name],,https://www.supersummary.com/subscription,https://www.supersummary.com/subscription/confirming/cancel,,Default/Fallback [July 2025] [25% one time / No entry modal],,07-01-2026,,07-03-2026,07-01-2026,07-01-2026,07-01-2026,,07-01-2026,07-01-2027
Wg72ItV_98b24f39de1af105,385450,,Teachers; Annual,,,[name],[name],[name],SuperSummary wasn’t helpful enough,global_economic_reasons_897286504,Reliability or performance issues,reliability,,Product (SaaS),product,1,Nothing ,,u_85de90b3dc1da24e,None ,,,1,36.0,,Canceled,2026-07-02T18:55:47.000Z,2026-07-02T18:57:04.000Z,2026-07-02T18:57:04.000Z,,46.04,2026-07-02T18:57:04.000Z,cancel,Valid Cancel,annual,2027-06-30T22:01:12.000Z,2027-06-30T22:01:12.000Z,3.0,3.0,36.0,Brightback,,,,,,,385450,2023-06-30T22:01:10.000Z,,2023-06-30T22:01:12.000Z,,h_38b19ede5bb2da45,,1,2023-06-30T22:01:12.000Z,USD,u_85de90b3dc1da24e,ACTIVE,h_141ba14e3cedfc32,[name],36.0,annual,,2026-06-30T22:01:12.000Z,teacher,,1,annual,2023-06-30T22:01:12.000Z,_UNKNOWN,3600,YEAR,annual,,other,[name],2027-06-30T22:01:12.000Z,,300,,2027-06-30T22:01:12.000Z,2023-06-30T22:01:12.000Z,3600,[name],,https://www.supersummary.com/subscription,https://www.supersummary.com/subscription/confirming/cancel,,Teacher Experience [July 2025] [40% one-time / Modal],,06-30-2023,,07-02-2026,06-30-2023,06-30-2023,06-30-2023,,06-30-2023,06-30-2027
Wg728Es_a5ed0c2c7f2fd955,1685383,,Parents; fallback,,,[name],[name],[name],SuperSummary wasn’t helpful enough,global_economic_reasons_897286504,Reliability or performance issues,reliability,,Product (SaaS),product,4,,,u_19d1e054933ee791,,,,0,36.0,,Canceled,2026-07-02T08:15:26.000Z,2026-07-02T08:16:12.000Z,2026-07-02T08:16:13.000Z,,46.49,2026-07-02T08:16:13.000Z,cancel,Valid Cancel,annual,2027-06-27T19:12:10.000Z,,3.0,3.0,36.0,Brightback,,,,,,,1685383,2026-06-27T19:12:07.000Z,,2026-06-27T19:12:10.000Z,,h_492cd7c33bd43888,,1,2026-06-27T19:12:10.000Z,USD,u_19d1e054933ee791,ACTIVE,h_c1f9fac48ed7d90b,[name],36.0,annual_essentials,,2026-06-27T19:12:10.000Z,parent_of_student,,1,annual_essentials,2026-06-27T19:12:10.000Z,_UNKNOWN,3600,YEAR,annual_essentials,,College,[name],2027-06-27T19:12:10.000Z,,300,,2027-06-27T19:12:10.000Z,2026-06-27T19:12:10.000Z,3600,[name],,https://www.supersummary.com/subscription,https://www.supersummary.com/subscription/confirming/cancel,,Parent Experience [July 2025] [25% one-time / No Entry Modal],,06-27-2026,,07-02-2026,06-27-2026,06-27-2026,06-27-2026,,06-27-2026,06-27-2027
Wg726sK_9f1f26750ac7bb4a,385636,,Students; Annual,,,[name],[name],[name],SuperSummary wasn’t helpful enough,global_economic_reasons_897286504,Reliability or performance issues,reliability,,Product (SaaS),product,1,,,u_7664d088dbf9ea53,,,,0,36.0,,Canceled,2026-07-02T06:54:45.000Z,2026-07-02T06:55:23.000Z,2026-07-02T06:55:23.000Z,,46.54,2026-07-02T06:55:23.000Z,cancel,Valid Cancel,annual,2027-07-02T02:29:01.000Z,2027-07-02T02:29:01.000Z,3.0,3.0,36.0,Brightback,,,,,,,385636,2023-07-02T02:28:59.000Z,,2023-07-02T02:29:01.000Z,,h_25fe1482a84df0e6,,1,2023-07-02T02:29:01.000Z,USD,u_7664d088dbf9ea53,ACTIVE,h_e8dc240c897d9a35,[name],36.0,annual,,2026-07-02T02:29:01.000Z,student,,1,annual,2023-07-02T02:29:01.000Z,_UNKNOWN,3600,YEAR,annual,,College,[name],2027-07-02T02:29:01.000Z,,300,,2027-07-02T02:29:01.000Z,2023-07-02T02:29:01.000Z,3600,[name],,https://www.supersummary.com/subscription,https://www.supersummary.com/subscription/confirming/cancel,,Student Experience [July 2025] [25% one-time / No Entry Modal],,07-02-2023,,07-02-2026,07-02-2023,07-02-2023,07-02-2023,,07-02-2023,07-02-2027
Wg725pY_9674f769bb2fe02a,1687466,,Teachers; fallback,,,[name],[name],[name],SuperSummary wasn’t helpful enough,global_economic_reasons_897286504,Reliability or performance issues,reliability,,Product (SaaS),product,1,,,u_58163dfd9c616cf8,,,,0,60.0,,Canceled,2026-07-02T05:52:55.000Z,2026-07-02T05:53:12.000Z,2026-07-02T05:53:12.000Z,,46.59,2026-07-02T05:53:12.000Z,cancel,Valid Cancel,annual,2027-06-30T19:09:13.000Z,2027-06-30T19:09:13.000Z,5.0,5.0,60.0,Brightback,,,,,,,1687466,2026-06-30T19:09:10.000Z,,2026-06-30T19:09:13.000Z,,h_1bbad32a46204960,,1,2026-06-30T19:09:13.000Z,USD,u_58163dfd9c616cf8,ACTIVE,h_d56c26829c386ac4,[name],60.0,annual_plus,,2026-06-30T19:09:13.000Z,teacher,,1,annual_plus,2026-06-30T19:09:13.000Z,_UNKNOWN,6000,YEAR,annual_plus,,other,[name],2027-06-30T19:09:13.000Z,,500,,2027-06-30T19:09:13.000Z,2026-06-30T19:09:13.000Z,6000,[name],,https://www.supersummary.com/subscription,https://www.supersummary.com/subscription/confirming/cancel,,Teacher Experience [July 2025] [40% one-time / Modal],,06-30-2026,,07-02-2026,06-30-2026,06-30-2026,06-30-2026,,06-30-2026,06-30-2027
Wg712rC_b11b6380b6c9bada,16BRlzVEnwRvD2X1S,,fallback,,,[name],[name],,SuperSummary wasn’t helpful enough,global_economic_reasons_897286504,Reliability or performance issues,reliability,,Product (SaaS),product,1,Hhh,,u_ed7f7b43fbca1bb1,Jjh,,,1,,,Canceled,2026-07-01T02:53:14.000Z,2026-07-01T02:53:46.000Z,2026-07-01T02:53:46.000Z,,47.71,2026-07-01T02:53:46.000Z,cancel,Valid Cancel,monthly,2026-07-24T16:52:13.000Z,2026-07-24T16:52:13.000Z,16.65,16.65,16.65,Brightback,,,,,,,16BRlzVEnwRvD2X1S,2023-05-19T19:58:44.000Z,,2026-03-24T16:52:13.000Z,,h_bcfb98e8d941ef77,,1,2026-03-24T16:52:13.000Z,USD,u_ed7f7b43fbca1bb1,ACTIVE,h_ff622f94650e670b,[name],,,,2026-06-24T16:52:13.000Z,other,,1,monthly_plus,2026-03-24T16:52:13.000Z,_UNKNOWN,1665,MONTH,,,,[name],2026-07-24T16:52:13.000Z,,1665,,2026-07-24T16:52:13.000Z,2026-03-24T16:52:13.000Z,1665,,,,,,Default/Fallback [July 2025] [25% one time / No entry modal],,03-24-2026,,07-01-2026,03-24-2026,03-24-2026,05-19-2023,,03-24-2026,07-24-2026
Wg710YX_8ee323b1254b12b2,1687661,,fallback,,,[name],[name],[name],SuperSummary wasn’t helpful enough,global_economic_reasons_897286504,Reliability or performance issues,reliability,,Product (SaaS),product,10,,,u_decdc7a797e6993b,,,,0,60.0,,Canceled,2026-07-01T00:34:52.000Z,2026-07-01T00:35:14.000Z,2026-07-01T00:35:14.000Z,,47.81,2026-07-01T00:35:14.000Z,cancel,Valid Cancel,annual,2027-07-01T00:31:36.000Z,,5.0,5.0,60.0,Brightback,,,,,,,1687661,2026-07-01T00:31:34.000Z,,2026-07-01T00:31:36.000Z,,h_450a0250b9c7e77f,,1,2026-07-01T00:31:36.000Z,USD,u_decdc7a797e6993b,NON_RENEWING,h_b815553842029d08,[name],60.0,annual_plus,,2026-07-01T00:31:36.000Z,other,,1,annual_plus,2026-07-01T00:31:36.000Z,_UNKNOWN,6000,YEAR,annual_plus,,,[name],,,500,,2027-07-01T00:31:36.000Z,2026-07-01T00:31:36.000Z,6000,[name],,https://www.supersummary.com/subscription,https://www.supersummary.com/subscription/confirming/cancel,,Default/Fallback [July 2025] [25% one time / No entry modal],,07-01-2026,,07-01-2026,07-01-2026,07-01-2026,07-01-2026,,07-01-2026,
