exit_session_id,id,language,Audiences Names,acceptedOffers,deflectType,ownerFirstName,ownerLastName,ownerFullName,reason,reasonId,bbkReason,bbkReasonId,reasonOther,bbkCategory,bbkCategoryId,returnLikelihood,competitor,competitionOther,email,details,drilldown_modal_feedback,free_text_modal_feedback,has_details,value,company,last_action,startTime,Cancel date,endTime,Save date,age,lastActiveDate,status,validation_status,billing_interval,sub_renewal_date,sub_expired_date,mrr,billing_mrr,billing_price,source,repurchases,repurchases_revenue,repurchases_first_date,winbacks,winbacks_revenue,winbacks_first_date,internal_id,Customer Create Date,Customer Payment Method State,First Purchase Date,Country,Subscription ID,Coupon Codes,Interval Length,Subscription Activation Date,Subscription Currency,Owner Email,Subscription Status,Billing ID,Owner Last Name,Contract Value,Product ID,Subscription Trial Start Date,Subscription Current Period Start,Customer Audience,State,Quantity,Plan ID,Subscription Start Date,Customer Type,Plan Amount,Plan Interval,Product Name,Coupon IDs,Customer Grade Level,Owner First Name,Subscription Next Billing Date,Subscription Product Family ID,Subscription MRR,Subscription Trial End Date,Subscription Current Period End,Subscription Create Date,Subscription Unit Amount,Owner Full Name,Organization Name,Save return URL,Cancel confirmation URL,Legacy Retention Experiment,Page attributed,Subscription Trial Start Date UTC,First Purchase Date UTC,Subscription Trial End Date UTC,Cancel date UTC,Subscription Activation Date UTC,Subscription Create Date UTC,Customer Create Date UTC,Save date UTC,Subscription Start Date UTC,Subscription Next Billing Date UTC
Wg7VMhh_a5544be6b1908c1f,16BjrmUdTDEp54ZBn,,Students; Annual,,,[name],[name],,I only needed SuperSummary for a short time,i_have_too_much_product_1528073051,Project ended or taking a break,project_stop,,Needs (SaaS),needs,10,,,u_9e3343b5ab493364,,,,0,,,Canceled,2026-07-31T22:43:46.000Z,2026-07-31T22:44:09.000Z,2026-07-31T22:44:09.000Z,,16.88,2026-07-31T22:44:09.000Z,cancel,Valid Cancel,annual,2027-02-21T19:58:36.000Z,2027-02-21T19:58:36.000Z,3.0,3.0,36.0,Brightback,,,,,,,16BjrmUdTDEp54ZBn,2025-02-21T19:58:33.000Z,,2025-02-21T19:58:36.000Z,,h_9e78a22cf28a2d4e,,1,2025-02-21T19:58:36.000Z,USD,u_9e3343b5ab493364,ACTIVE,h_bf56c9ea9c03b282,[name],,,,2026-02-21T19:58:36.000Z,student,,1,annual,2025-02-21T19:58:36.000Z,_UNKNOWN,3600,YEAR,,,College,[name],2027-02-21T19:58:36.000Z,,300,,2027-02-21T19:58:36.000Z,2025-02-21T19:58:36.000Z,3600,,,,,,Student Experience [July 2025] [25% one-time / No Entry Modal],,02-21-2025,,07-31-2026,02-21-2025,02-21-2025,02-21-2025,,02-21-2025,02-21-2027
Wg7VM9h_a4520d7aeb9fe1ff,1712668,,Book Club Members; fallback,,,[name],[name],[name],I only needed SuperSummary for a short time,i_have_too_much_product_1528073051,Project ended or taking a break,project_stop,,Needs (SaaS),needs,6,,,u_313bca61fdef4f0f,,,,0,16.65,,Canceled,2026-07-31T22:10:13.000Z,2026-07-31T22:10:58.000Z,2026-07-31T22:10:58.000Z,,16.91,2026-07-31T22:11:46.000Z,cancel,Valid Cancel,monthly,2026-08-31T21:09:40.000Z,2026-08-31T21:09:40.000Z,16.65,16.65,16.65,Brightback,,,,,,,1712668,2026-07-31T21:09:38.000Z,,2026-07-31T21:09:40.000Z,,h_8bf5fa2cf395c440,,1,2026-07-31T21:09:40.000Z,USD,u_313bca61fdef4f0f,ACTIVE,h_5f2f6ec36fdc31c4,[name],16.65,monthly_plus,,2026-07-31T21:09:40.000Z,book_club_member,,1,monthly_plus,2026-07-31T21:09:40.000Z,_UNKNOWN,1665,MONTH,monthly_plus,,,[name],2026-08-31T21:09:40.000Z,,1665,,2026-08-31T21:09:40.000Z,2026-07-31T21:09:40.000Z,1665,[name],,https://www.supersummary.com/subscription,https://www.supersummary.com/subscription/confirming/cancel,,BCM Experience [July 2025] [25% one-time / No Entry Modal],,07-31-2026,,07-31-2026,07-31-2026,07-31-2026,07-31-2026,,07-31-2026,08-31-2026
Wg7VLSF_8aa8db2c7d03a100,1250702,,Teachers; Annual,,,[name],[name],[name],I only needed SuperSummary for a short time,i_have_too_much_product_1528073051,Project ended or taking a break,project_stop,,Needs (SaaS),needs,8,,,u_e055e1c011d69523,,,,0,36.0,,Canceled,2026-07-31T21:28:35.000Z,2026-07-31T21:29:03.000Z,2026-07-31T21:29:03.000Z,,16.94,2026-07-31T21:29:03.000Z,cancel,Valid Cancel,annual,2027-07-01T18:51:32.000Z,2027-07-01T18:51:32.000Z,3.0,3.0,36.0,Brightback,,,,,,,1250702,2025-07-01T18:51:30.000Z,,2025-07-01T18:51:32.000Z,,h_13ef4d77a80a6dd5,,1,2025-07-01T18:51:32.000Z,USD,u_e055e1c011d69523,ACTIVE,h_05f1a2e38f38cd39,[name],36.0,annual,,2026-07-01T18:51:32.000Z,teacher,,1,annual,2025-07-01T18:51:32.000Z,_UNKNOWN,3600,YEAR,annual,,other,[name],2027-07-01T18:51:32.000Z,,300,,2027-07-01T18:51:32.000Z,2025-07-01T18:51:32.000Z,3600,[name],,https://www.supersummary.com/subscription,https://www.supersummary.com/subscription/confirming/cancel,,Teacher Experience [July 2025] [40% one-time / Modal],,07-01-2025,,07-31-2026,07-01-2025,07-01-2025,07-01-2025,,07-01-2025,07-01-2027
Wg7VLQR_a86fc6f84b5a1fc1,AzqOSzVQrswB71xSw,,Book Club Members; fallback,,,[name],[name],,I only needed SuperSummary for a short time,i_have_too_much_product_1528073051,Project ended or taking a break,project_stop,,Needs (SaaS),needs,7,,,u_99a6130aeb693eba,,,,0,,,Canceled,2026-07-31T21:26:32.000Z,2026-07-31T21:26:50.000Z,2026-07-31T21:26:50.000Z,,16.94,2026-07-31T21:26:50.000Z,cancel,Valid Cancel,monthly,2026-08-30T14:49:55.000Z,2026-08-30T14:49:55.000Z,9.95,9.95,9.95,Brightback,,,,,,,AzqOSzVQrswB71xSw,2026-06-26T12:15:15.000Z,,2026-07-30T14:49:55.000Z,,h_642f2ae472373a63,,1,2026-07-30T14:49:55.000Z,USD,u_99a6130aeb693eba,ACTIVE,h_7cd8820a7fce5855,[name],,,,2026-07-30T14:49:55.000Z,book_club_member,,1,monthly_essentials,2026-07-30T14:49:55.000Z,_UNKNOWN,995,MONTH,,,,[name],2026-08-30T14:49:55.000Z,,995,,2026-08-30T14:49:55.000Z,2026-07-30T14:49:55.000Z,995,,,,,,BCM Experience [July 2025] [25% one-time / No Entry Modal],,07-30-2026,,07-31-2026,07-30-2026,07-30-2026,06-26-2026,,07-30-2026,08-30-2026
Wg7VKvO_a545d9f87e66d34a,AzZuLHVKeRMa51UZf,,Book Club Members; fallback,,,[name],[name],,I only needed SuperSummary for a short time,i_have_too_much_product_1528073051,Project ended or taking a break,project_stop,,Needs (SaaS),needs,6,,,u_0d16ffa000225f93,,,,0,,,Canceled,2026-07-31T20:57:27.000Z,2026-07-31T20:58:02.000Z,2026-07-31T20:58:02.000Z,,16.96,2026-07-31T20:58:02.000Z,cancel,Valid Cancel,monthly,2026-08-25T16:45:34.000Z,2026-08-25T16:45:34.000Z,16.65,16.65,16.65,Brightback,,,,,,,AzZuLHVKeRMa51UZf,2026-05-25T16:45:32.000Z,,2026-05-25T16:45:34.000Z,,h_7fb9f1896156e0ec,,1,2026-05-25T16:45:34.000Z,USD,u_0d16ffa000225f93,ACTIVE,h_d8401a41638e53ab,[name],,,,2026-07-25T16:45:34.000Z,book_club_member,,1,monthly_plus,2026-05-25T16:45:34.000Z,_UNKNOWN,1665,MONTH,,,,[name],2026-08-25T16:45:34.000Z,,1665,,2026-08-25T16:45:34.000Z,2026-05-25T16:45:34.000Z,1665,,,,,,BCM Experience [July 2025] [25% one-time / No Entry Modal],,05-25-2026,,07-31-2026,05-25-2026,05-25-2026,05-25-2026,,05-25-2026,08-25-2026
Wg7VKEl_81fa960059f74194,16BVhgVQyZPma2CVN,,Teachers; fallback,,,[name],[name],,I only needed SuperSummary for a short time,i_have_too_much_product_1528073051,Project ended or taking a break,project_stop,,Needs (SaaS),needs,10,,,u_a8d483cb44653edf,Maybe just sell individual book summaries and not charge a subscription. I only needed a few for my curriculum. ,,,1,,,Canceled,2026-07-31T20:15:03.000Z,2026-07-31T20:16:46.000Z,2026-07-31T20:16:47.000Z,,16.99,2026-07-31T20:16:47.000Z,cancel,Valid Cancel,annual,2027-07-31T18:16:17.000Z,2027-07-31T18:16:17.000Z,5.0,5.0,60.0,Brightback,,,,,,,16BVhgVQyZPma2CVN,2026-07-31T18:16:15.000Z,,2026-07-31T18:16:17.000Z,,h_61bf35d74503ce9f,,1,2026-07-31T18:16:17.000Z,USD,u_a8d483cb44653edf,ACTIVE,h_9bb80a310b0ecd30,[name],,,,2026-07-31T18:16:17.000Z,teacher,,1,annual_plus,2026-07-31T18:16:17.000Z,_UNKNOWN,6000,YEAR,,,other,[name],2027-07-31T18:16:17.000Z,,500,,2027-07-31T18:16:17.000Z,2026-07-31T18:16:17.000Z,6000,,,,,,Teacher Experience [July 2025] [40% one-time / Modal],,07-31-2026,,07-31-2026,07-31-2026,07-31-2026,07-31-2026,,07-31-2026,07-31-2027
Wg7VJOS_bfbaa7431376724a,1273124,,Teachers; Annual,,,[name],[name],[name],I only needed SuperSummary for a short time,i_have_too_much_product_1528073051,Project ended or taking a break,project_stop,,Needs (SaaS),needs,7,,,u_c51103d54c78f764,,,,0,36.0,,Canceled,2026-07-31T19:24:42.000Z,2026-07-31T19:25:15.000Z,2026-07-31T19:25:15.000Z,,17.02,2026-07-31T19:25:15.000Z,cancel,Valid Cancel,annual,2027-07-31T19:11:42.000Z,2027-07-31T19:11:42.000Z,3.0,3.0,36.0,Brightback,,,,,,,1273124,2025-07-31T19:11:40.000Z,,2025-07-31T19:11:42.000Z,,h_104118ddd1c7a5d1,,1,2025-07-31T19:11:42.000Z,USD,u_c51103d54c78f764,ACTIVE,h_ac8dbcf876556d10,[name],36.0,annual,,2026-07-31T19:11:42.000Z,teacher,,1,annual,2025-07-31T19:11:42.000Z,_UNKNOWN,3600,YEAR,annual,,College,[name],2027-07-31T19:11:42.000Z,,300,,2027-07-31T19:11:42.000Z,2025-07-31T19:11:42.000Z,3600,[name],,https://www.supersummary.com/subscription,https://www.supersummary.com/subscription/confirming/cancel,,Teacher Experience [July 2025] [40% one-time / Modal],,07-31-2025,,07-31-2026,07-31-2025,07-31-2025,07-31-2025,,07-31-2025,07-31-2027
Wg7VIlq_8d074cf47a57f24d,1700104,,Teachers; fallback,,,[name],[name],[name],I only needed SuperSummary for a short time,i_have_too_much_product_1528073051,Project ended or taking a break,project_stop,,Needs (SaaS),needs,7,Nothing but my eyes!,,u_3e30e607a86a6941,Write your summaries in shorter sentences,,,1,9.95,,Canceled,2026-07-31T18:48:11.000Z,2026-07-31T18:50:39.000Z,2026-07-31T18:50:48.000Z,,17.05,2026-07-31T18:50:48.000Z,cancel,Valid Cancel,monthly,2026-08-18T18:12:03.000Z,2026-08-18T18:12:03.000Z,9.95,9.95,9.95,Brightback,,,,,,,1700104,2026-07-18T18:12:00.000Z,,2026-07-18T18:12:03.000Z,,h_2c0aaaf94e9b4a30,,1,2026-07-18T18:12:03.000Z,USD,u_3e30e607a86a6941,ACTIVE,h_f152437a06100500,[name],9.95,monthly_essentials,,2026-07-18T18:12:03.000Z,teacher,,1,monthly_essentials,2026-07-18T18:12:03.000Z,_UNKNOWN,995,MONTH,monthly_essentials,,Postgrad Program,[name],2026-08-18T18:12:03.000Z,,995,,2026-08-18T18:12:03.000Z,2026-07-18T18:12:03.000Z,995,[name],,https://www.supersummary.com/subscription,https://www.supersummary.com/subscription/confirming/cancel,,Teacher Experience [July 2025] [40% one-time / Modal],,07-18-2026,,07-31-2026,07-18-2026,07-18-2026,07-18-2026,,07-18-2026,08-18-2026
Wg7VHg9_ad8e25b893656bb5,607667,,Book Club Members; Annual,,,[name],[name],[name],I only needed SuperSummary for a short time,i_have_too_much_product_1528073051,Project ended or taking a break,project_stop,,Needs (SaaS),needs,7,,,u_7ae1c64dcb2eb418,,,,0,36.0,,Canceled,2026-07-31T17:48:18.000Z,2026-07-31T17:49:52.000Z,2026-07-31T17:49:52.000Z,,17.09,2026-07-31T17:49:52.000Z,cancel,Valid Cancel,annual,2027-07-07T18:02:54.000Z,2027-07-07T18:02:54.000Z,3.0,3.0,36.0,Brightback,,,,,,,607667,2024-07-07T18:02:51.000Z,,2024-07-07T18:02:54.000Z,,h_97cd500c91a9704f,,1,2024-07-07T18:02:54.000Z,USD,u_7ae1c64dcb2eb418,ACTIVE,h_b8ab8188e01ac209,[name],36.0,annual,,2026-07-07T18:02:54.000Z,book_club_member,,1,annual,2024-07-07T18:02:54.000Z,_UNKNOWN,3600,YEAR,annual,,,[name],2027-07-07T18:02:54.000Z,,300,,2027-07-07T18:02:54.000Z,2024-07-07T18:02:54.000Z,3600,[name],,https://www.supersummary.com/subscription,https://www.supersummary.com/subscription/confirming/cancel,,BCM Experience [July 2025] [25% one-time / No Entry Modal],,07-07-2024,,07-31-2026,07-07-2024,07-07-2024,07-07-2024,,07-07-2024,07-07-2027
Wg7VGXv_b36480d7f4a3e9fb,16CRgTVQsnSMI2iRf,,Book Club Members; fallback,,,[name],[name],,I only needed SuperSummary for a short time,i_have_too_much_product_1528073051,Project ended or taking a break,project_stop,,Needs (SaaS),needs,10,,,u_3f1ad4521cb8c723,,,,0,,,Canceled,2026-07-31T16:34:06.000Z,2026-07-31T16:35:04.000Z,2026-07-31T16:35:04.000Z,,17.14,2026-07-31T16:35:04.000Z,cancel,Valid Cancel,monthly,2026-08-30T18:34:25.000Z,2026-08-30T18:34:25.000Z,16.65,16.65,16.65,Brightback,,,,,,,16CRgTVQsnSMI2iRf,2026-07-30T18:34:23.000Z,,2026-07-30T18:34:25.000Z,,h_a92a91f9ce4b36ba,,1,2026-07-30T18:34:25.000Z,USD,u_3f1ad4521cb8c723,ACTIVE,h_f8d0d167512140eb,[name],,,,2026-07-30T18:34:25.000Z,book_club_member,,1,monthly_plus,2026-07-30T18:34:25.000Z,_UNKNOWN,1665,MONTH,,,,[name],2026-08-30T18:34:25.000Z,,1665,,2026-08-30T18:34:25.000Z,2026-07-30T18:34:25.000Z,1665,,,,,,BCM Experience [July 2025] [25% one-time / No Entry Modal],,07-30-2026,,07-31-2026,07-30-2026,07-30-2026,07-30-2026,,07-30-2026,08-30-2026
Wg7VGEM_bcc5954dde0a57c8,169kB2TsVnofL6TfN,,Book Club Members; Annual,,,[name],[name],,I only needed SuperSummary for a short time,i_have_too_much_product_1528073051,Project ended or taking a break,project_stop,,Needs (SaaS),needs,1,,,u_912ea4b8f18dd156,I have no use for this service ,,,1,,,Canceled,2026-07-31T16:14:25.000Z,2026-07-31T16:15:05.000Z,2026-07-31T16:15:05.000Z,,17.15,2026-07-31T16:15:05.000Z,cancel,Valid Cancel,annual,2026-10-12T21:59:04.000Z,2026-10-12T21:59:04.000Z,3.0,3.0,36.0,Brightback,,,,,,,169kB2TsVnofL6TfN,2023-10-12T21:59:02.000Z,,2023-10-12T21:59:04.000Z,,h_330aff204f309490,,1,2023-10-12T21:59:04.000Z,USD,u_912ea4b8f18dd156,ACTIVE,h_3fbd3399803c3023,[name],,,,2025-10-12T21:59:04.000Z,book_club_member,,1,annual,2023-10-12T21:59:04.000Z,_UNKNOWN,3600,YEAR,,,,[name],2026-10-12T21:59:04.000Z,,300,,2026-10-12T21:59:04.000Z,2023-10-12T21:59:04.000Z,3600,,,,,,BCM Experience [July 2025] [25% one-time / No Entry Modal],,10-12-2023,,07-31-2026,10-12-2023,10-12-2023,10-12-2023,,10-12-2023,10-12-2026
Wg7VGE0_963fdd0b8c8600c6,1272917,,Book Club Members; Annual,,,[name],[name],[name],I only needed SuperSummary for a short time,i_have_too_much_product_1528073051,Project ended or taking a break,project_stop,,Needs (SaaS),needs,4,,,u_2537e8e11de2f50a,,,,0,36.0,,Canceled,2026-07-31T16:14:09.000Z,2026-07-31T16:14:54.000Z,2026-07-31T16:14:54.000Z,,17.15,2026-07-31T16:14:54.000Z,cancel,Valid Cancel,annual,2027-07-31T15:15:28.000Z,2027-07-31T15:15:28.000Z,3.0,3.0,36.0,Brightback,,,,,,,1272917,2025-07-31T15:15:26.000Z,,2025-07-31T15:15:28.000Z,,h_a6b1f2230e54b914,,1,2025-07-31T15:15:28.000Z,USD,u_2537e8e11de2f50a,ACTIVE,h_86fe0daa86fb8cee,[name],36.0,annual,,2026-07-31T15:15:28.000Z,book_club_member,,1,annual,2025-07-31T15:15:28.000Z,_UNKNOWN,3600,YEAR,annual,,,[name],2027-07-31T15:15:28.000Z,,300,,2027-07-31T15:15:28.000Z,2025-07-31T15:15:28.000Z,3600,[name],,https://www.supersummary.com/subscription,https://www.supersummary.com/subscription/confirming/cancel,,BCM Experience [July 2025] [25% one-time / No Entry Modal],,07-31-2025,,07-31-2026,07-31-2025,07-31-2025,07-31-2025,,07-31-2025,07-31-2027
Wg7VG6g_a45b7f1469150439,169zUqVQaRfdx2vYX,,Book Club Members; fallback,,,[name],[name],,I only needed SuperSummary for a short time,i_have_too_much_product_1528073051,Project ended or taking a break,project_stop,,Needs (SaaS),needs,5,,,u_fa4d3bcb4bd644ad,,,,0,,,Canceled,2026-07-31T16:06:46.000Z,2026-07-31T16:07:24.000Z,2026-07-31T16:07:24.000Z,,17.16,2026-07-31T16:07:24.000Z,cancel,Valid Cancel,annual,2027-07-27T15:14:59.000Z,2027-07-27T15:14:59.000Z,3.0,3.0,36.0,Brightback,,,,,,,169zUqVQaRfdx2vYX,2026-07-27T15:14:57.000Z,,2026-07-27T15:14:59.000Z,,h_a278a54fdd3f936e,,1,2026-07-27T15:14:59.000Z,USD,u_fa4d3bcb4bd644ad,ACTIVE,h_6e9c0f056efcab58,[name],,,,2026-07-27T15:14:59.000Z,book_club_member,,1,annual_essentials,2026-07-27T15:14:59.000Z,_UNKNOWN,3600,YEAR,,,,[name],2027-07-27T15:14:59.000Z,,300,,2027-07-27T15:14:59.000Z,2026-07-27T15:14:59.000Z,3600,,,,,,BCM Experience [July 2025] [25% one-time / No Entry Modal],,07-27-2026,,07-31-2026,07-27-2026,07-27-2026,07-27-2026,,07-27-2026,07-27-2027
Wg7VG4e_b621155cbd91eefa,AzZYbdUv7zhus4IVy,,Parents; Annual,,,[name],[name],,I only needed SuperSummary for a short time,i_have_too_much_product_1528073051,Project ended or taking a break,project_stop,,Needs (SaaS),needs,3,,,u_533fb3f784aa3505,,,,0,,,Canceled,2026-07-31T16:04:43.000Z,2026-07-31T16:05:14.000Z,2026-07-31T16:05:14.000Z,,17.16,2026-07-31T16:05:14.000Z,cancel,Valid Cancel,annual,2026-08-28T01:33:00.000Z,2026-08-28T01:33:00.000Z,3.0,3.0,36.0,Brightback,,,,,,,AzZYbdUv7zhus4IVy,2025-08-28T01:32:58.000Z,,2025-08-28T01:33:00.000Z,,h_3b59d17e7f77002e,,1,2025-08-28T01:33:00.000Z,USD,u_533fb3f784aa3505,ACTIVE,h_a53098d0a1e45f0a,[name],,,,2025-08-28T01:33:00.000Z,parent_of_student,,1,annual,2025-08-28T01:33:00.000Z,_UNKNOWN,3600,YEAR,,,Postgrad Program,[name],2026-08-28T01:33:00.000Z,,300,,2026-08-28T01:33:00.000Z,2025-08-28T01:33:00.000Z,3600,,,,,,Parent Experience [July 2025] [25% one-time / Modal],,08-28-2025,,07-31-2026,08-28-2025,08-28-2025,08-28-2025,,08-28-2025,08-28-2026
Wg7VFAi_80f584ed1593e094,AzqYYTVOGa0gN31Rs,,Students; fallback,,,[name],[name],,I only needed SuperSummary for a short time,i_have_too_much_product_1528073051,Project ended or taking a break,project_stop,,Needs (SaaS),needs,5,,,u_4f321cc069975a06,,,,0,,,Canceled,2026-07-31T15:10:50.000Z,2026-07-31T15:11:16.000Z,2026-07-31T15:11:16.000Z,,17.2,2026-07-31T15:11:16.000Z,cancel,Valid Cancel,annual,2027-07-03T00:44:54.000Z,2027-07-03T00:44:54.000Z,3.0,3.0,36.0,Brightback,,,,,,,AzqYYTVOGa0gN31Rs,2026-07-03T00:44:50.000Z,,2026-07-03T00:44:54.000Z,,h_75063e5fead9711d,,1,2026-07-03T00:44:54.000Z,USD,u_4f321cc069975a06,ACTIVE,h_9b10f3347f980df8,[name],,,,2026-07-03T00:44:54.000Z,student,,1,annual_essentials,2026-07-03T00:44:54.000Z,_UNKNOWN,3600,YEAR,,,College,[name],2027-07-03T00:44:54.000Z,,300,,2027-07-03T00:44:54.000Z,2026-07-03T00:44:54.000Z,3600,,,,,,Student Experience [July 2025] [25% one-time / No Entry Modal],,07-03-2026,,07-31-2026,07-03-2026,07-03-2026,07-03-2026,,07-03-2026,07-03-2027
Wg7VD5M_bf30ddc146a97d0a,1346363,,fallback,,,[name],[name],[name],I only needed SuperSummary for a short time,i_have_too_much_product_1528073051,Project ended or taking a break,project_stop,,Needs (SaaS),needs,3,N/A,,u_1d24be21dc46db72,N/A,,,1,16.65,,Canceled,2026-07-31T13:05:24.000Z,2026-07-31T13:05:46.000Z,2026-07-31T13:05:46.000Z,,17.28,2026-07-31T13:05:46.000Z,cancel,Valid Cancel,monthly,2026-08-30T20:49:06.000Z,2026-08-30T20:49:06.000Z,16.65,16.65,16.65,Brightback,,,,,,,1346363,2025-09-30T20:49:03.000Z,,2025-09-30T20:49:06.000Z,,h_14da450984be195f,,1,2025-09-30T20:49:06.000Z,USD,u_1d24be21dc46db72,ACTIVE,h_b9e996040cc0b214,[name],16.65,monthly_plus,,2026-07-30T20:49:06.000Z,other,,1,monthly_plus,2025-09-30T20:49:06.000Z,_UNKNOWN,1665,MONTH,monthly_plus,,,[name],2026-08-30T20:49:06.000Z,,1665,,2026-08-30T20:49:06.000Z,2025-09-30T20:49:06.000Z,1665,[name],,https://www.supersummary.com/subscription,https://www.supersummary.com/subscription/confirming/cancel,,Default/Fallback [July 2025] [25% one time / No entry modal],,09-30-2025,,07-31-2026,09-30-2025,09-30-2025,09-30-2025,,09-30-2025,08-30-2026
Wg7VBeg_8f002abd8b30952d,AzZqopVQsS4HV2fwL,,Teachers; fallback,,,[name],[name],,I only needed SuperSummary for a short time,i_have_too_much_product_1528073051,Project ended or taking a break,project_stop,,Needs (SaaS),needs,1,nothing,,u_01bbad7ac3de9bdd,,,,0,,,Canceled,2026-07-31T11:41:08.000Z,2026-07-31T11:41:56.000Z,2026-07-31T11:41:56.000Z,,17.34,2026-07-31T11:41:56.000Z,cancel,Valid Cancel,annual,2027-07-30T17:09:28.000Z,2027-07-30T17:09:28.000Z,3.0,3.0,36.0,Brightback,,,,,,,AzZqopVQsS4HV2fwL,2026-07-30T17:09:26.000Z,,2026-07-30T17:09:28.000Z,,h_4ef18e48caf8febc,,1,2026-07-30T17:09:28.000Z,USD,u_01bbad7ac3de9bdd,ACTIVE,h_df2a1270537046d7,[name],,,,2026-07-30T17:09:28.000Z,teacher,,1,annual_essentials,2026-07-30T17:09:28.000Z,_UNKNOWN,3600,YEAR,,,Middle School,[name],2027-07-30T17:09:28.000Z,,300,,2027-07-30T17:09:28.000Z,2026-07-30T17:09:28.000Z,3600,,,,,,Teacher Experience [July 2025] [40% one-time / Modal],,07-30-2026,,07-31-2026,07-30-2026,07-30-2026,07-30-2026,,07-30-2026,07-30-2027
Wg7VAI1_9ed2b606396201b9,1460010,,fallback,,,[name],[name],[name],I only needed SuperSummary for a short time,i_have_too_much_product_1528073051,Project ended or taking a break,project_stop,,Needs (SaaS),needs,1,,,u_01a4f497a8bb9050,,,,0,36.0,,Canceled,2026-07-31T10:18:18.000Z,2026-07-31T10:18:56.000Z,2026-07-31T15:08:08.000Z,,17.4,2026-07-31T15:08:08.000Z,cancel,Valid Cancel,annual,2027-01-05T11:56:49.000Z,2027-01-05T11:56:49.000Z,3.0,3.0,36.0,Brightback,,,,,,,1460010,2026-01-05T11:56:47.000Z,,2026-01-05T11:56:49.000Z,,h_96704bd2cf00e496,,1,2026-01-05T11:56:49.000Z,USD,u_01a4f497a8bb9050,ACTIVE,h_15311f5de8a22ad0,[name],36.0,annual_essentials,,2026-01-05T11:56:49.000Z,other,,1,annual_essentials,2026-01-05T11:56:49.000Z,_UNKNOWN,3600,YEAR,annual_essentials,,,[name],2027-01-05T11:56:49.000Z,,300,,2027-01-05T11:56:49.000Z,2026-01-05T11:56:49.000Z,3600,[name],,https://www.supersummary.com/subscription,https://www.supersummary.com/subscription/confirming/cancel,,Default/Fallback [July 2025] [25% one time / No entry modal],,01-05-2026,,07-31-2026,01-05-2026,01-05-2026,01-05-2026,,01-05-2026,01-05-2027
Wg7V8hu_a3d1d5f527a3f058,1708000,,fallback,,,[name],[name],[name],I only needed SuperSummary for a short time,i_have_too_much_product_1528073051,Project ended or taking a break,project_stop,,Needs (SaaS),needs,10,,,u_95fb3cf58fc1c0c4,,,,0,36.0,,Canceled,2026-07-31T08:44:05.000Z,2026-07-31T08:44:37.000Z,2026-07-31T08:44:38.000Z,,17.47,2026-07-31T08:44:38.000Z,cancel,Valid Cancel,annual,2027-07-27T06:04:03.000Z,2027-07-27T06:04:03.000Z,3.0,3.0,36.0,Brightback,,,,,,,1708000,2026-07-27T06:04:00.000Z,,2026-07-27T06:04:03.000Z,,h_022463005a0dda27,,1,2026-07-27T06:04:03.000Z,USD,u_95fb3cf58fc1c0c4,ACTIVE,h_704f57b77c9327c5,[name],36.0,annual_essentials,,2026-07-27T06:04:03.000Z,other,,1,annual_essentials,2026-07-27T06:04:03.000Z,_UNKNOWN,3600,YEAR,annual_essentials,,,[name],2027-07-27T06:04:03.000Z,,300,,2027-07-27T06:04:03.000Z,2026-07-27T06:04:03.000Z,3600,[name],,https://www.supersummary.com/subscription,https://www.supersummary.com/subscription/confirming/cancel,,Default/Fallback [July 2025] [25% one time / No entry modal],,07-27-2026,,07-31-2026,07-27-2026,07-27-2026,07-27-2026,,07-27-2026,07-27-2027
Wg7V7lt_92a0db3ad65c0663,AzqaclUlGs7Ox2SYV,,Book Club Members; Annual,,,[name],[name],,I only needed SuperSummary for a short time,i_have_too_much_product_1528073051,Project ended or taking a break,project_stop,,Needs (SaaS),needs,5,N,,u_a3eb5c396f3bd876,,,,0,,,Canceled,2026-07-31T07:48:04.000Z,2026-07-31T07:49:54.000Z,2026-07-31T07:49:55.000Z,,17.5,2026-07-31T07:49:55.000Z,cancel,Valid Cancel,annual,2027-05-15T13:10:30.000Z,2027-05-15T13:10:30.000Z,3.0,3.0,36.0,Brightback,,,,,,,AzqaclUlGs7Ox2SYV,2025-05-15T13:10:28.000Z,,2025-05-15T13:10:30.000Z,,h_52f01d74bd7cd77a,,1,2025-05-15T13:10:30.000Z,USD,u_a3eb5c396f3bd876,ACTIVE,h_4f0d06d7d1dbd645,[name],,,,2026-05-15T13:10:30.000Z,book_club_member,,1,annual,2025-05-15T13:10:30.000Z,_UNKNOWN,3600,YEAR,,,,[name],2027-05-15T13:10:30.000Z,,300,,2027-05-15T13:10:30.000Z,2025-05-15T13:10:30.000Z,3600,,,,,,BCM Experience [July 2025] [25% one-time / No Entry Modal],,05-15-2025,,07-31-2026,05-15-2025,05-15-2025,05-15-2025,,05-15-2025,05-15-2027
Wg7V7Hg_94c46c75875b42f9,1699789,,Students; fallback,,,[name],[name],[name],I only needed SuperSummary for a short time,i_have_too_much_product_1528073051,Project ended or taking a break,project_stop,,Needs (SaaS),needs,5,,,u_9acca631e54d5841,,,,0,16.65,,Canceled,2026-07-31T07:17:59.000Z,2026-07-31T07:18:28.000Z,2026-07-31T07:18:29.000Z,,17.53,2026-07-31T07:18:29.000Z,cancel,Valid Cancel,monthly,2026-08-18T05:51:38.000Z,2026-08-18T05:51:38.000Z,16.65,16.65,16.65,Brightback,,,,,,,1699789,2026-07-18T05:51:37.000Z,,2026-07-18T05:51:38.000Z,,h_23888faa6664d7d5,,1,2026-07-18T05:51:38.000Z,USD,u_9acca631e54d5841,ACTIVE,h_ee0edbe4a1d29c22,[name],16.65,monthly_plus,,2026-07-18T05:51:38.000Z,student,,1,monthly_plus,2026-07-18T05:51:38.000Z,_UNKNOWN,1665,MONTH,monthly_plus,,College,[name],2026-08-18T05:51:38.000Z,,1665,,2026-08-18T05:51:38.000Z,2026-07-18T05:51:38.000Z,1665,[name],,https://www.supersummary.com/subscription,https://www.supersummary.com/subscription/confirming/cancel,,Student Experience [July 2025] [25% one-time / No Entry Modal],,07-18-2026,,07-31-2026,07-18-2026,07-18-2026,07-18-2026,,07-18-2026,08-18-2026
Wg7V5gb_bf5888620e5ce0d4,AzytDwVL8TJcL4Nkx,,Book Club Members; fallback,,,[name],[name],,I only needed SuperSummary for a short time,i_have_too_much_product_1528073051,Project ended or taking a break,project_stop,,Needs (SaaS),needs,1,,,u_5ffd445b67e18b25,,,,0,,,Canceled,2026-07-31T05:42:41.000Z,2026-07-31T05:43:00.000Z,2026-07-31T05:43:00.000Z,,17.59,2026-07-31T05:43:00.000Z,cancel,Valid Cancel,monthly,2026-08-30T20:01:30.000Z,2026-08-30T20:01:30.000Z,9.95,9.95,9.95,Brightback,,,,,,,AzytDwVL8TJcL4Nkx,2026-05-30T20:01:27.000Z,,2026-05-30T20:01:30.000Z,,h_ad6923bc39999169,,1,2026-05-30T20:01:30.000Z,USD,u_5ffd445b67e18b25,ACTIVE,h_2b34073712751d3a,[name],,,,2026-07-30T20:01:30.000Z,book_club_member,,1,monthly_essentials,2026-05-30T20:01:30.000Z,_UNKNOWN,995,MONTH,,,,[name],2026-08-30T20:01:30.000Z,,995,,2026-08-30T20:01:30.000Z,2026-05-30T20:01:30.000Z,995,,,,,,BCM Experience [July 2025] [25% one-time / No Entry Modal],,05-30-2026,,07-31-2026,05-30-2026,05-30-2026,05-30-2026,,05-30-2026,08-30-2026
Wg7V07T_98c92eb9a345c391,169z4mVQqyDEL1393,,Students; fallback,,,[name],[name],,I only needed SuperSummary for a short time,i_have_too_much_product_1528073051,Project ended or taking a break,project_stop,,Needs (SaaS),needs,5,,,u_216a31ad28d292ca,,,,0,,,Canceled,2026-07-31T00:07:31.000Z,2026-07-31T00:08:08.000Z,2026-07-31T00:08:08.000Z,,17.82,2026-07-31T00:08:08.000Z,cancel,Valid Cancel,annual,2027-07-30T11:04:36.000Z,2027-07-30T11:04:36.000Z,5.0,5.0,60.0,Brightback,,,,,,,169z4mVQqyDEL1393,2026-07-30T11:04:35.000Z,,2026-07-30T11:04:36.000Z,,h_a8bc66fb3738180b,,1,2026-07-30T11:04:36.000Z,USD,u_216a31ad28d292ca,ACTIVE,h_ea1c7c45aea98198,[name],,,,2026-07-30T11:04:36.000Z,student,,1,annual_plus,2026-07-30T11:04:36.000Z,_UNKNOWN,6000,YEAR,,,College,[name],2027-07-30T11:04:36.000Z,,500,,2027-07-30T11:04:36.000Z,2026-07-30T11:04:36.000Z,6000,,,,,,Student Experience [July 2025] [25% one-time / No Entry Modal],,07-30-2026,,07-31-2026,07-30-2026,07-30-2026,07-30-2026,,07-30-2026,07-30-2027
Wg7UN5e_9e228aadf10def38,1425796,,Book Club Members; fallback,,,[name],[name],[name],I only needed SuperSummary for a short time,i_have_too_much_product_1528073051,Project ended or taking a break,project_stop,,Needs (SaaS),needs,8,,,u_a562283ce7f095a0,,,,0,9.95,,Canceled,2026-07-30T23:05:48.000Z,2026-07-30T23:06:12.000Z,2026-07-30T23:06:12.000Z,,17.87,2026-07-30T23:06:12.000Z,cancel,Valid Cancel,monthly,2026-08-30T23:04:42.000Z,2026-08-30T23:04:42.000Z,9.95,9.95,9.95,Brightback,,,,,,,1425796,2025-11-30T23:04:41.000Z,,2025-11-30T23:04:42.000Z,,h_5d314ebad5a6ad74,,1,2025-11-30T23:04:42.000Z,USD,u_a562283ce7f095a0,ACTIVE,h_1536d00b231c55e7,[name],9.95,monthly_essentials,,2026-07-30T23:04:42.000Z,book_club_member,,1,monthly_essentials,2025-11-30T23:04:42.000Z,_UNKNOWN,995,MONTH,monthly_essentials,,,[name],2026-08-30T23:04:42.000Z,,995,,2026-08-30T23:04:42.000Z,2025-11-30T23:04:42.000Z,995,[name],,https://www.supersummary.com/subscription,https://www.supersummary.com/subscription/confirming/cancel,,BCM Experience [July 2025] [25% one-time / No Entry Modal],,11-30-2025,,07-30-2026,11-30-2025,11-30-2025,11-30-2025,,11-30-2025,08-30-2026
Wg7UMWh_89a60e5f1e85b165,1708383,,Students; fallback,,,[name],[name],[name],I only needed SuperSummary for a short time,i_have_too_much_product_1528073051,Project ended or taking a break,project_stop,,Needs (SaaS),needs,9,,,u_fc3697c444d523a9,,,,0,60.0,,Canceled,2026-07-30T22:32:54.000Z,2026-07-30T22:33:32.000Z,2026-07-30T22:33:32.000Z,,17.89,2026-07-30T22:33:32.000Z,cancel,Valid Cancel,annual,2027-07-27T16:34:42.000Z,,5.0,5.0,60.0,Brightback,,,,,,,1708383,2026-07-27T16:34:40.000Z,,2026-07-27T16:34:42.000Z,,h_8c8a3d66ecae773b,,1,2026-07-27T16:34:42.000Z,USD,u_fc3697c444d523a9,NON_RENEWING,h_7578fd10765d7343,[name],60.0,annual_plus,,2026-07-27T16:34:42.000Z,student,,1,annual_plus,2026-07-27T16:34:42.000Z,_UNKNOWN,6000,YEAR,annual_plus,,Postgrad Program,[name],,,500,,2027-07-27T16:34:42.000Z,2026-07-27T16:34:42.000Z,6000,[name],,https://www.supersummary.com/subscription,https://www.supersummary.com/subscription/confirming/cancel,,Student Experience [July 2025] [25% one-time / No Entry Modal],,07-27-2026,,07-30-2026,07-27-2026,07-27-2026,07-27-2026,,07-27-2026,
Wg7UMUd_85444db892de1e9b,AzZKCtVQaljoj39wP,,Students; fallback,,,[name],[name],,I only needed SuperSummary for a short time,i_have_too_much_product_1528073051,Project ended or taking a break,project_stop,,Needs (SaaS),needs,10,nothing ,,u_fc3697c444d523a9,,,,0,,,Canceled,2026-07-30T22:30:44.000Z,2026-07-30T22:32:35.000Z,2026-07-30T22:32:35.000Z,,17.89,2026-07-30T22:32:35.000Z,cancel,Valid Cancel,annual,2027-07-27T16:34:42.000Z,2027-07-27T16:34:42.000Z,5.0,5.0,60.0,Brightback,,,,,,,AzZKCtVQaljoj39wP,2026-07-27T16:34:40.000Z,,2026-07-27T16:34:42.000Z,,h_8c8a3d66ecae773b,,1,2026-07-27T16:34:42.000Z,USD,u_fc3697c444d523a9,ACTIVE,h_7578fd10765d7343,[name],,,,2026-07-27T16:34:42.000Z,student,,1,annual_plus,2026-07-27T16:34:42.000Z,_UNKNOWN,6000,YEAR,,,Postgrad Program,[name],2027-07-27T16:34:42.000Z,,500,,2027-07-27T16:34:42.000Z,2026-07-27T16:34:42.000Z,6000,,,,,,Student Experience [July 2025] [25% one-time / No Entry Modal],,07-27-2026,,07-30-2026,07-27-2026,07-27-2026,07-27-2026,,07-27-2026,07-27-2027
Wg7ULOi_99bf0eed237ec091,AzZaGdVP6H2G71Zqc,,Book Club Members; fallback,,,[name],[name],,I only needed SuperSummary for a short time,i_have_too_much_product_1528073051,Project ended or taking a break,project_stop,,Needs (SaaS),needs,4,,,u_5248dd4bc2f165e9,,,,0,,,Canceled,2026-07-30T21:24:51.000Z,2026-07-30T21:25:58.000Z,2026-07-30T21:25:58.000Z,,17.94,2026-07-30T21:25:58.000Z,cancel,Valid Cancel,annual,2027-07-11T20:55:42.000Z,2027-07-11T20:55:42.000Z,3.0,3.0,36.0,Brightback,,,,,,,AzZaGdVP6H2G71Zqc,2026-07-11T20:55:39.000Z,,2026-07-11T20:55:42.000Z,,h_453fb6da4f6d79ef,,1,2026-07-11T20:55:42.000Z,USD,u_5248dd4bc2f165e9,ACTIVE,h_a3dd1a44ec99f742,[name],,,,2026-07-11T20:55:42.000Z,book_club_member,,1,annual_essentials,2026-07-11T20:55:42.000Z,_UNKNOWN,3600,YEAR,,,,[name],2027-07-11T20:55:42.000Z,,300,,2027-07-11T20:55:42.000Z,2026-07-11T20:55:42.000Z,3600,,,,,,BCM Experience [July 2025] [25% one-time / No Entry Modal],,07-11-2026,,07-30-2026,07-11-2026,07-11-2026,07-11-2026,,07-11-2026,07-11-2027
Wg7UJAD_84421d81dbc68252,AzZjGdVIr6CZB2rCt,,Book Club Members; fallback,,,[name],[name],,I only needed SuperSummary for a short time,i_have_too_much_product_1528073051,Project ended or taking a break,project_stop,,Needs (SaaS),needs,5,,,u_f53c411a3c64f8eb,,,,0,,,Canceled,2026-07-30T19:10:14.000Z,2026-07-30T19:11:04.000Z,2026-07-30T19:11:04.000Z,,18.03,2026-07-30T19:11:04.000Z,cancel,Valid Cancel,monthly,2026-08-06T15:45:18.000Z,2026-08-06T15:45:18.000Z,16.65,16.65,16.65,Brightback,,,,,,,AzZjGdVIr6CZB2rCt,2026-05-06T15:45:15.000Z,,2026-05-06T15:45:18.000Z,,h_82c7854655cb5054,,1,2026-05-06T15:45:18.000Z,USD,u_f53c411a3c64f8eb,ACTIVE,h_0947ad31e6561a17,[name],,,,2026-07-06T15:45:18.000Z,book_club_member,,1,monthly_plus,2026-05-06T15:45:18.000Z,_UNKNOWN,1665,MONTH,,,,[name],2026-08-06T15:45:18.000Z,,1665,,2026-08-06T15:45:18.000Z,2026-05-06T15:45:18.000Z,1665,,,,,,BCM Experience [July 2025] [25% one-time / No Entry Modal],,05-06-2026,,07-30-2026,05-06-2026,05-06-2026,05-06-2026,,05-06-2026,08-06-2026
Wg7UITn_b254860dd7d7f1aa,1704168,,Students; fallback,,,[name],[name],[name],I only needed SuperSummary for a short time,i_have_too_much_product_1528073051,Project ended or taking a break,project_stop,,Needs (SaaS),needs,6,,,u_d84db4b8de429636,,,,0,16.65,,Canceled,2026-07-30T18:29:53.000Z,2026-07-30T18:30:21.000Z,2026-07-30T18:30:21.000Z,,18.06,2026-07-30T18:30:21.000Z,cancel,Valid Cancel,monthly,2026-08-23T19:30:47.000Z,2026-08-23T19:30:47.000Z,16.65,16.65,16.65,Brightback,,,,,,,1704168,2026-07-23T19:06:24.000Z,,2026-07-23T19:30:47.000Z,,h_25b3ec33e6642282,,1,2026-07-23T19:30:47.000Z,USD,u_d84db4b8de429636,ACTIVE,h_dc77906f82e7f524,[name],16.65,monthly_plus,,2026-07-23T19:30:47.000Z,student,,1,monthly_plus,2026-07-23T19:30:47.000Z,_UNKNOWN,1665,MONTH,monthly_plus,,College,[name],2026-08-23T19:30:47.000Z,,1665,,2026-08-23T19:30:47.000Z,2026-07-23T19:30:47.000Z,1665,[name],,https://www.supersummary.com/subscription,https://www.supersummary.com/subscription/confirming/cancel,,Student Experience [July 2025] [25% one-time / No Entry Modal],,07-23-2026,,07-30-2026,07-23-2026,07-23-2026,07-23-2026,,07-23-2026,08-23-2026
Wg7UIRI_b756e65c274291f8,370786,,fallback,,,[name],[name],[name],I only needed SuperSummary for a short time,i_have_too_much_product_1528073051,Project ended or taking a break,project_stop,,Needs (SaaS),needs,8,not sure yet.,,u_f99b30cb26914c86,nothing - ,,,1,9.95,,Canceled,2026-07-30T18:27:32.000Z,2026-07-30T18:29:37.000Z,2026-07-30T18:29:37.000Z,,18.06,2026-07-30T18:29:37.000Z,cancel,Valid Cancel,monthly,2026-08-06T06:22:53.000Z,2026-08-06T06:22:53.000Z,9.95,9.95,9.95,Brightback,,,,,,,370786,2026-06-06T06:22:52.000Z,,2026-06-06T06:22:53.000Z,,h_4bab91641feb5696,,1,2026-06-06T06:22:53.000Z,USD,u_f99b30cb26914c86,ACTIVE,h_4229cc7fe1b22844,[name],9.95,monthly_essentials,,2026-07-06T06:22:53.000Z,other,,1,monthly_essentials,2026-06-06T06:22:53.000Z,_UNKNOWN,995,MONTH,monthly_essentials,,,[name],2026-08-06T06:22:53.000Z,,995,,2026-08-06T06:22:53.000Z,2026-06-06T06:22:53.000Z,995,[name],,https://www.supersummary.com/subscription,https://www.supersummary.com/subscription/confirming/cancel,,Default/Fallback [July 2025] [25% one time / No entry modal],,06-06-2026,,07-30-2026,06-06-2026,06-06-2026,06-06-2026,,06-06-2026,08-06-2026
Wg7UINw_b885ff1ae90b52f4,1295093,,Parents; Annual,,,[name],[name],[name],I only needed SuperSummary for a short time,i_have_too_much_product_1528073051,Project ended or taking a break,project_stop,,Needs (SaaS),needs,5,,,u_9b399bc11487c172,,,,0,36.0,,Canceled,2026-07-30T18:24:12.000Z,2026-07-30T18:24:39.000Z,2026-07-30T18:24:40.000Z,,18.06,2026-07-30T18:25:36.000Z,cancel,Valid Cancel,annual,2026-08-22T14:26:56.000Z,2026-08-22T14:26:56.000Z,3.0,3.0,36.0,Brightback,,,,,,,1295093,2025-08-22T14:26:54.000Z,,2025-08-22T14:26:56.000Z,,h_c1a243f1dff3c7ab,,1,2025-08-22T14:26:56.000Z,USD,u_9b399bc11487c172,ACTIVE,h_b3ed47aa8d2896c5,[name],36.0,annual,,2025-08-22T14:26:56.000Z,parent_of_student,,1,annual,2025-08-22T14:26:56.000Z,_UNKNOWN,3600,YEAR,annual,,Middle School,[name],2026-08-22T14:26:56.000Z,,300,,2026-08-22T14:26:56.000Z,2025-08-22T14:26:56.000Z,3600,[name],,https://www.supersummary.com/subscription,https://www.supersummary.com/subscription/confirming/cancel,,Parent Experience [July 2025] [25% one-time / Modal],,08-22-2025,,07-30-2026,08-22-2025,08-22-2025,08-22-2025,,08-22-2025,08-22-2026
Wg7UInk_9820e55ed593daee,1325643,,Students; fallback,,,[name],[name],[name],I only needed SuperSummary for a short time,i_have_too_much_product_1528073051,Project ended or taking a break,project_stop,,Needs (SaaS),needs,6,,,u_0eb61733b4ec71c6,,,,0,60.0,,Canceled,2026-07-30T18:50:06.000Z,2026-07-30T18:51:07.000Z,2026-07-30T18:51:07.000Z,,18.05,2026-07-30T18:52:20.000Z,cancel,Valid Cancel,annual,2026-09-15T16:24:13.000Z,2026-09-15T16:24:13.000Z,5.0,5.0,60.0,Brightback,,,,,,,1325643,2025-09-15T16:24:11.000Z,,2025-09-15T16:24:13.000Z,,h_4186a0f14758e71e,,1,2025-09-15T16:24:13.000Z,USD,u_0eb61733b4ec71c6,ACTIVE,h_f72fecc3318ce085,[name],60.0,annual_plus,,2025-09-15T16:24:13.000Z,student,,1,annual_plus,2025-09-15T16:24:13.000Z,_UNKNOWN,6000,YEAR,annual_plus,,Middle School,[name],2026-09-15T16:24:13.000Z,,500,,2026-09-15T16:24:13.000Z,2025-09-15T16:24:13.000Z,6000,[name],,https://www.supersummary.com/subscription,https://www.supersummary.com/subscription/confirming/cancel,,Student Experience [July 2025] [25% one-time / No Entry Modal],,09-15-2025,,07-30-2026,09-15-2025,09-15-2025,09-15-2025,,09-15-2025,09-15-2026
Wg7UI0g_b10e587c5b9fb8bb,1257746,,Book Club Members; Annual,,,[name],[name],[name],I only needed SuperSummary for a short time,i_have_too_much_product_1528073051,Project ended or taking a break,project_stop,,Needs (SaaS),needs,1,,,u_e29609c68feacc84,,,,0,36.0,,Canceled,2026-07-30T18:00:54.000Z,2026-07-30T18:01:47.000Z,2026-07-30T18:01:47.000Z,,18.08,2026-07-30T18:01:47.000Z,cancel,Valid Cancel,annual,2027-07-11T18:02:02.000Z,2027-07-11T18:02:02.000Z,3.0,3.0,36.0,Brightback,,,,,,,1257746,2025-07-11T18:02:00.000Z,,2025-07-11T18:02:02.000Z,,h_bb4e850f341ef054,,1,2025-07-11T18:02:02.000Z,USD,u_e29609c68feacc84,ACTIVE,h_1b0aa7d1e12b9335,[name],36.0,annual,,2026-07-11T18:02:02.000Z,book_club_member,,1,annual,2025-07-11T18:02:02.000Z,_UNKNOWN,3600,YEAR,annual,,,[name],2027-07-11T18:02:02.000Z,,300,,2027-07-11T18:02:02.000Z,2025-07-11T18:02:02.000Z,3600,[name],,https://www.supersummary.com/subscription,https://www.supersummary.com/subscription/confirming/cancel,,BCM Experience [July 2025] [25% one-time / No Entry Modal],,07-11-2025,,07-30-2026,07-11-2025,07-11-2025,07-11-2025,,07-11-2025,07-11-2027
Wg7UHYA_a19d058bda4a0d89,16BRvXVBSSg8io0y,,Students; fallback,,,[name],[name],,I only needed SuperSummary for a short time,i_have_too_much_product_1528073051,Project ended or taking a break,project_stop,,Needs (SaaS),needs,5,,,u_23580938505559af,,,,0,,,Canceled,2026-07-30T17:34:12.000Z,2026-07-30T17:34:32.000Z,2026-07-30T17:34:32.000Z,,18.1,2026-07-30T17:34:32.000Z,cancel,Valid Cancel,monthly,2026-08-17T05:15:36.000Z,2026-08-17T05:15:36.000Z,9.95,9.95,9.95,Brightback,,,,,,,16BRvXVBSSg8io0y,2026-02-17T05:15:35.000Z,,2026-02-17T05:15:36.000Z,,h_e4b35a148cc4cace,,1,2026-02-17T05:15:36.000Z,USD,u_23580938505559af,ACTIVE,h_42a14c7c7b950790,[name],,,,2026-07-17T05:15:36.000Z,student,,1,monthly_essentials,2026-02-17T05:15:36.000Z,_UNKNOWN,995,MONTH,,,Postgrad Program,[name],2026-08-17T05:15:36.000Z,,995,,2026-08-17T05:15:36.000Z,2026-02-17T05:15:36.000Z,995,,,,,,Student Experience [July 2025] [25% one-time / No Entry Modal],,02-17-2026,,07-30-2026,02-17-2026,02-17-2026,02-17-2026,,02-17-2026,08-17-2026
Wg7UHlE_a72da161bcb5645f,1535673,,Book Club Members; fallback,,,[name],[name],[name],I only needed SuperSummary for a short time,i_have_too_much_product_1528073051,Project ended or taking a break,project_stop,,Needs (SaaS),needs,10,,,u_2307d5c979f51c9b,,,,0,16.65,,Canceled,2026-07-30T17:47:19.000Z,2026-07-30T17:47:41.000Z,2026-07-30T17:47:41.000Z,,18.09,2026-07-30T17:47:41.000Z,cancel,Valid Cancel,monthly,2026-08-26T22:38:56.000Z,2026-08-26T22:38:56.000Z,16.65,16.65,16.65,Brightback,,,,1,16.65,2026-07-31T22:39:09.000Z,1535673,2026-02-26T22:22:46.000Z,,2026-02-26T22:22:48.000Z,,h_424840663ccd5ee2,,1,2026-02-26T22:22:48.000Z,USD,u_2307d5c979f51c9b,ACTIVE,h_9b11b94030367fa9,[name],16.65,monthly_plus,,2026-07-26T22:38:56.000Z,book_club_member,,1,monthly_plus,2026-02-26T22:22:48.000Z,_UNKNOWN,1665,MONTH,monthly_plus,,,[name],2026-08-26T22:38:56.000Z,,1665,,2026-08-26T22:38:56.000Z,2026-02-26T22:22:48.000Z,1665,[name],,https://www.supersummary.com/subscription,https://www.supersummary.com/subscription/confirming/cancel,,BCM Experience [July 2025] [25% one-time / No Entry Modal],,02-26-2026,,07-30-2026,02-26-2026,02-26-2026,02-26-2026,,02-26-2026,08-26-2026
Wg7UGs1_abdb714d3dce4aa5,1384675,,Teachers; Monthly,,,[name],[name],[name],I only needed SuperSummary for a short time,i_have_too_much_product_1528073051,Project ended or taking a break,project_stop,,Needs (SaaS),needs,5,,,u_f802fad905fa4503,,,,0,9.95,,Canceled,2026-07-30T16:54:18.000Z,2026-07-30T16:55:42.000Z,2026-07-30T16:55:42.000Z,,18.13,2026-07-30T16:55:42.000Z,cancel,Valid Cancel,monthly,2026-08-29T16:07:33.000Z,2026-08-29T16:07:33.000Z,9.95,9.95,9.95,Brightback,,,,1,9.95,2026-08-01T16:07:40.000Z,1384675,2025-10-29T16:07:29.000Z,,2025-10-29T16:07:33.000Z,,h_2f8c1907cb346201,,1,2025-10-29T16:07:33.000Z,USD,u_f802fad905fa4503,ACTIVE,h_0de7683ba9c489c8,[name],9.95,monthly,,2026-07-29T16:07:33.000Z,teacher,,1,monthly,2025-10-29T16:07:33.000Z,_UNKNOWN,995,MONTH,monthly,,College,[name],2026-08-29T16:07:33.000Z,,995,,2026-08-29T16:07:33.000Z,2025-10-29T16:07:33.000Z,995,[name],,https://www.supersummary.com/subscription,https://www.supersummary.com/subscription/confirming/cancel,,Teacher Experience [July 2025] [40% forever / No entry modal],,10-29-2025,,07-30-2026,10-29-2025,10-29-2025,10-29-2025,,10-29-2025,08-29-2026
Wg7UG9X_b445a21fe8321b99,Azz1OcVCI2Axn2xaA,,Students; fallback,,,[name],[name],,I only needed SuperSummary for a short time,i_have_too_much_product_1528073051,Project ended or taking a break,project_stop,,Needs (SaaS),needs,5,,,u_29fb0e204e20c2bf,,,,0,,,Canceled,2026-07-30T16:09:35.000Z,2026-07-30T16:10:06.000Z,2026-07-30T16:10:06.000Z,,18.16,2026-07-30T16:10:06.000Z,cancel,Valid Cancel,monthly,2026-08-26T00:56:29.000Z,2026-08-26T00:56:29.000Z,9.95,9.95,9.95,Brightback,,,,,,,Azz1OcVCI2Axn2xaA,2026-02-26T00:56:27.000Z,,2026-02-26T00:56:29.000Z,,h_66b79e68ea49a6b2,,1,2026-02-26T00:56:29.000Z,USD,u_29fb0e204e20c2bf,ACTIVE,h_40b30e63bf1ebd4c,[name],,,,2026-07-26T00:56:29.000Z,student,,1,monthly_essentials,2026-02-26T00:56:29.000Z,_UNKNOWN,995,MONTH,,,College,[name],2026-08-26T00:56:29.000Z,,995,,2026-08-26T00:56:29.000Z,2026-02-26T00:56:29.000Z,995,,,,,,Student Experience [July 2025] [25% one-time / No Entry Modal],,02-26-2026,,07-30-2026,02-26-2026,02-26-2026,02-26-2026,,02-26-2026,08-26-2026
Wg7UFEp_af82537d38d7c006,1655097,,Book Club Members; fallback,,,[name],[name],[name],I only needed SuperSummary for a short time,i_have_too_much_product_1528073051,Project ended or taking a break,project_stop,,Needs (SaaS),needs,5,,,u_266a5b71a9aaa036,,,,0,60.0,,Canceled,2026-07-30T15:15:17.000Z,2026-07-30T15:15:45.000Z,2026-07-30T15:15:46.000Z,,18.19,2026-07-30T15:15:46.000Z,cancel,Valid Cancel,annual,2027-05-26T14:58:54.000Z,2027-05-26T14:58:54.000Z,5.0,5.0,60.0,Brightback,,,,,,,1655097,2026-05-26T14:58:52.000Z,,2026-05-26T14:58:54.000Z,,h_123c69f6828ce81b,,1,2026-05-26T14:58:54.000Z,USD,u_266a5b71a9aaa036,ACTIVE,h_f35b4a62ae93d1ff,[name],60.0,annual_plus,,2026-05-26T14:58:54.000Z,book_club_member,,1,annual_plus,2026-05-26T14:58:54.000Z,_UNKNOWN,6000,YEAR,annual_plus,,,[name],2027-05-26T14:58:54.000Z,,500,,2027-05-26T14:58:54.000Z,2026-05-26T14:58:54.000Z,6000,[name],,https://www.supersummary.com/subscription,https://www.supersummary.com/subscription/confirming/cancel,,BCM Experience [July 2025] [25% one-time / No Entry Modal],,05-26-2026,,07-30-2026,05-26-2026,05-26-2026,05-26-2026,,05-26-2026,05-26-2027
Wg7UF3C_ba0c3a2e2e6cc4fd,1706668,,Book Club Members; fallback,,,[name],[name],[name],I only needed SuperSummary for a short time,i_have_too_much_product_1528073051,Project ended or taking a break,project_stop,,Needs (SaaS),needs,10,Nothing.  I was only looking.,,u_d352f2332a17940d,I like your site very much!  I’m in a book club but do not need to keep all the info you provide.  I will highly recommend your sight to others who need a more detailed list for their book club.  I enjoyed seeing you offer a free trial.  It let me see it was more than I needed and yet I was able to see all the good features you offer.  Thank you!,,,1,60.0,,Canceled,2026-07-30T15:03:29.000Z,2026-07-30T15:12:32.000Z,2026-07-30T15:12:32.000Z,,18.2,2026-07-30T15:12:32.000Z,cancel,Valid Cancel,annual,2027-07-25T19:58:47.000Z,2027-07-25T19:58:47.000Z,5.0,5.0,60.0,Brightback,,,,,,,1706668,2026-07-25T19:58:45.000Z,,2026-07-25T19:58:47.000Z,,h_1418c62137f47531,,1,2026-07-25T19:58:47.000Z,USD,u_d352f2332a17940d,ACTIVE,h_581c926687d4680e,[name],60.0,annual_plus,,2026-07-25T19:58:47.000Z,book_club_member,,1,annual_plus,2026-07-25T19:58:47.000Z,_UNKNOWN,6000,YEAR,annual_plus,,,[name],2027-07-25T19:58:47.000Z,,500,,2027-07-25T19:58:47.000Z,2026-07-25T19:58:47.000Z,6000,[name],,https://www.supersummary.com/subscription,https://www.supersummary.com/subscription/confirming/cancel,,BCM Experience [July 2025] [25% one-time / No Entry Modal],,07-25-2026,,07-30-2026,07-25-2026,07-25-2026,07-25-2026,,07-25-2026,07-25-2027
Wg7UEo6_a6a6d9257b7ab3fc,AzqXaTVQQ558Fm7Q,,Students; fallback,,,[name],[name],,I only needed SuperSummary for a short time,i_have_too_much_product_1528073051,Project ended or taking a break,project_stop,,Needs (SaaS),needs,8,,,u_4277b18d74dc99db,,,,0,,,Canceled,2026-07-30T14:50:16.000Z,2026-07-30T14:51:00.000Z,2026-07-30T14:51:00.000Z,,18.21,2026-07-30T14:51:00.000Z,cancel,Valid Cancel,monthly,2026-08-25T20:42:32.000Z,2026-08-25T20:42:32.000Z,9.95,9.95,9.95,Brightback,,,,,,,AzqXaTVQQ558Fm7Q,2026-07-25T20:42:29.000Z,,2026-07-25T20:42:32.000Z,,h_2f6f67e377e0b365,,1,2026-07-25T20:42:32.000Z,USD,u_4277b18d74dc99db,ACTIVE,h_3965cbeb3b805087,[name],,,,2026-07-25T20:42:32.000Z,student,,1,monthly_essentials,2026-07-25T20:42:32.000Z,_UNKNOWN,995,MONTH,,,Postgrad Program,[name],2026-08-25T20:42:32.000Z,,995,,2026-08-25T20:42:32.000Z,2026-07-25T20:42:32.000Z,995,,,,,,Student Experience [July 2025] [25% one-time / No Entry Modal],,07-25-2026,,07-30-2026,07-25-2026,07-25-2026,07-25-2026,,07-25-2026,08-25-2026
Wg7UDVQ_81a62fab41b2d58c,1541855,,Book Club Members; fallback,,,[name],[name],[name],I only needed SuperSummary for a short time,i_have_too_much_product_1528073051,Project ended or taking a break,project_stop,,Needs (SaaS),needs,2,Nothing ,,u_7c269b4a1b9441fd,It was okay. ,,,1,36.0,,Canceled,2026-07-30T13:31:36.000Z,2026-07-30T13:32:44.000Z,2026-07-30T13:32:44.000Z,,18.27,2026-07-30T13:32:44.000Z,cancel,Valid Cancel,annual,2027-07-30T13:12:21.000Z,2027-07-30T13:12:21.000Z,3.0,3.0,36.0,Brightback,,,,,,,1541855,2026-07-30T13:11:53.000Z,,2026-07-30T13:12:21.000Z,,h_66d29ccdc2acaa90,,1,2026-07-30T13:12:21.000Z,USD,u_7c269b4a1b9441fd,ACTIVE,h_8c9cb93ba4bd0d8c,[name],36.0,annual_essentials,,2026-07-30T13:12:21.000Z,book_club_member,,1,annual_essentials,2026-07-30T13:12:21.000Z,_UNKNOWN,3600,YEAR,annual_essentials,,,[name],2027-07-30T13:12:21.000Z,,300,,2027-07-30T13:12:21.000Z,2026-07-30T13:12:21.000Z,3600,[name],,https://www.supersummary.com/subscription,https://www.supersummary.com/subscription/confirming/cancel,,BCM Experience [July 2025] [25% one-time / No Entry Modal],,07-30-2026,,07-30-2026,07-30-2026,07-30-2026,07-30-2026,,07-30-2026,07-30-2027
Wg7UBYt_90a7b5793559a3f3,6or6oVQr5dyH1BtR,,Book Club Members; fallback,,,[name],[name],,I only needed SuperSummary for a short time,i_have_too_much_product_1528073051,Project ended or taking a break,project_stop,,Needs (SaaS),needs,1,,,u_d9ec01a12e3657b1,,,,0,,,Canceled,2026-07-30T11:34:56.000Z,2026-07-30T11:35:14.000Z,2026-07-30T11:35:14.000Z,,18.35,2026-07-30T11:35:14.000Z,cancel,Valid Cancel,annual,2027-07-30T11:34:07.000Z,2027-07-30T11:34:07.000Z,3.0,3.0,36.0,Brightback,,,,,,,6or6oVQr5dyH1BtR,2026-07-30T11:34:06.000Z,,2026-07-30T11:34:07.000Z,,h_81a30fa78fd53256,,1,2026-07-30T11:34:07.000Z,USD,u_d9ec01a12e3657b1,ACTIVE,h_8ac2478b47efa94c,[name],,,,2026-07-30T11:34:07.000Z,book_club_member,,1,annual_essentials,2026-07-30T11:34:07.000Z,_UNKNOWN,3600,YEAR,,,,[name],2027-07-30T11:34:07.000Z,,300,,2027-07-30T11:34:07.000Z,2026-07-30T11:34:07.000Z,3600,,,,,,BCM Experience [July 2025] [25% one-time / No Entry Modal],,07-30-2026,,07-30-2026,07-30-2026,07-30-2026,07-30-2026,,07-30-2026,07-30-2027
Wg7UBJM_95b70d956d93953a,1575364,,Students; fallback,,,[name],[name],[name],I only needed SuperSummary for a short time,i_have_too_much_product_1528073051,Project ended or taking a break,project_stop,,Needs (SaaS),needs,5,,,u_84a4e648a1ee2bfd,,,,0,16.65,,Canceled,2026-07-30T11:19:29.000Z,2026-07-30T11:19:48.000Z,2026-07-30T11:19:49.000Z,,18.36,2026-07-30T11:19:49.000Z,cancel,Valid Cancel,monthly,2026-08-26T17:17:02.000Z,2026-08-26T17:17:02.000Z,16.65,16.65,16.65,Brightback,,,,1,16.65,2026-08-01T17:17:07.000Z,1575364,2026-03-26T17:16:57.000Z,,2026-03-26T17:17:02.000Z,,h_99979c65db0b809f,,1,2026-03-26T17:17:02.000Z,USD,u_84a4e648a1ee2bfd,ACTIVE,h_b99cf630fb68c540,[name],16.65,monthly_plus,,2026-07-26T17:17:02.000Z,student,,1,monthly_plus,2026-03-26T17:17:02.000Z,_UNKNOWN,1665,MONTH,monthly_plus,,High School,[name],2026-08-26T17:17:02.000Z,,1665,,2026-08-26T17:17:02.000Z,2026-03-26T17:17:02.000Z,1665,[name],,https://www.supersummary.com/subscription,https://www.supersummary.com/subscription/confirming/cancel,,Student Experience [July 2025] [25% one-time / No Entry Modal],,03-26-2026,,07-30-2026,03-26-2026,03-26-2026,03-26-2026,,03-26-2026,08-26-2026
Wg7UBBL_87307d3142b918c3,gHdFUJxOgUkBXYg,,Book Club Members; Annual,,,[name],[name],,I only needed SuperSummary for a short time,i_have_too_much_product_1528073051,Project ended or taking a break,project_stop,,Needs (SaaS),needs,1,,,u_1158b01a7b298c07,,,,0,,,Canceled,2026-07-30T11:11:24.000Z,2026-07-30T11:12:02.000Z,2026-07-30T11:12:02.000Z,,18.36,2026-07-30T11:12:02.000Z,cancel,Valid Cancel,annual,2027-07-29T22:14:38.000Z,2027-07-29T22:14:38.000Z,3.0,3.0,36.0,Brightback,,,,,,,gHdFUJxOgUkBXYg,2024-07-29T22:14:36.000Z,,2024-07-29T22:14:38.000Z,,h_e7c4ccee7761ceb4,,1,2024-07-29T22:14:38.000Z,USD,u_1158b01a7b298c07,ACTIVE,h_7e6a52ff7b62f7ef,[name],,,,2026-07-29T22:14:38.000Z,book_club_member,,1,annual,2024-07-29T22:14:38.000Z,_UNKNOWN,3600,YEAR,,,,[name],2027-07-29T22:14:38.000Z,,300,,2027-07-29T22:14:38.000Z,2024-07-29T22:14:38.000Z,3600,,,,,,BCM Experience [July 2025] [25% one-time / No Entry Modal],,07-29-2024,,07-30-2026,07-29-2024,07-29-2024,07-29-2024,,07-29-2024,07-29-2027
Wg7UB6E_9394b2f7dd1ada1a,1271172,,Book Club Members; Annual,,,[name],[name],[name],I only needed SuperSummary for a short time,i_have_too_much_product_1528073051,Project ended or taking a break,project_stop,,Needs (SaaS),needs,1,,,u_8c983a5fd28d0ca9,,,,0,36.0,,Canceled,2026-07-30T11:06:36.000Z,2026-07-30T11:07:22.000Z,2026-07-30T11:07:22.000Z,,18.37,2026-07-30T11:07:22.000Z,cancel,Valid Cancel,annual,2027-07-29T15:11:49.000Z,2027-07-29T15:11:49.000Z,3.0,3.0,36.0,Brightback,,,,,,,1271172,2025-07-29T15:11:47.000Z,,2025-07-29T15:11:49.000Z,,h_08232f6d67d91fac,,1,2025-07-29T15:11:49.000Z,USD,u_8c983a5fd28d0ca9,ACTIVE,h_5ca503c36e5c9c0e,[name],36.0,annual,,2026-07-29T15:11:49.000Z,book_club_member,,1,annual,2025-07-29T15:11:49.000Z,_UNKNOWN,3600,YEAR,annual,,,[name],2027-07-29T15:11:49.000Z,,300,,2027-07-29T15:11:49.000Z,2025-07-29T15:11:49.000Z,3600,[name],,https://www.supersummary.com/subscription,https://www.supersummary.com/subscription/confirming/cancel,,BCM Experience [July 2025] [25% one-time / No Entry Modal],,07-29-2025,,07-30-2026,07-29-2025,07-29-2025,07-29-2025,,07-29-2025,07-29-2027
Wg7UAd4_8d8334aa748c9de0,1711262,,Teachers; fallback,,,[name],[name],[name],I only needed SuperSummary for a short time,i_have_too_much_product_1528073051,Project ended or taking a break,project_stop,,Needs (SaaS),needs,6,,,u_9e31ba1ce61f3ff7,,,,0,36.0,,Canceled,2026-07-30T10:39:07.000Z,2026-07-30T10:39:22.000Z,2026-07-30T10:39:22.000Z,,18.39,2026-07-30T10:39:22.000Z,cancel,Valid Cancel,annual,2027-07-30T10:10:41.000Z,2027-07-30T10:10:41.000Z,3.0,3.0,36.0,Brightback,,,,,,,1711262,2026-07-30T10:10:39.000Z,,2026-07-30T10:10:41.000Z,,h_743e48025097b0c6,,1,2026-07-30T10:10:41.000Z,USD,u_9e31ba1ce61f3ff7,ACTIVE,h_55f21dc75f16fb0a,[name],36.0,annual_essentials,,2026-07-30T10:10:41.000Z,teacher,,1,annual_essentials,2026-07-30T10:10:41.000Z,_UNKNOWN,3600,YEAR,annual_essentials,,High School,[name],2027-07-30T10:10:41.000Z,,300,,2027-07-30T10:10:41.000Z,2026-07-30T10:10:41.000Z,3600,[name],,https://www.supersummary.com/subscription,https://www.supersummary.com/subscription/confirming/cancel,,Teacher Experience [July 2025] [40% one-time / Modal],,07-30-2026,,07-30-2026,07-30-2026,07-30-2026,07-30-2026,,07-30-2026,07-30-2027
Wg7U8LH_b4f549ec22cfe24e,1467931,,Teachers; fallback,,,[name],[name],[name],I only needed SuperSummary for a short time,i_have_too_much_product_1528073051,Project ended or taking a break,project_stop,,Needs (SaaS),needs,10,,,u_1d52c62c73b2fe24,,,,0,16.65,,Canceled,2026-07-30T08:21:28.000Z,2026-07-30T08:21:56.000Z,2026-07-30T08:21:56.000Z,,18.48,2026-07-30T08:21:56.000Z,cancel,Valid Cancel,monthly,2026-08-29T23:15:45.000Z,2026-08-29T23:15:45.000Z,16.65,16.65,16.65,Brightback,,,,,,,1467931,2026-05-29T23:15:42.000Z,,2026-05-29T23:15:45.000Z,,h_4e5b4f3b0c67a2a9,,1,2026-05-29T23:15:45.000Z,USD,u_1d52c62c73b2fe24,ACTIVE,h_2b9a0351659565a8,[name],16.65,monthly_plus,,2026-07-29T23:15:45.000Z,teacher,,1,monthly_plus,2026-05-29T23:15:45.000Z,_UNKNOWN,1665,MONTH,monthly_plus,,other,[name],2026-08-29T23:15:45.000Z,,1665,,2026-08-29T23:15:45.000Z,2026-05-29T23:15:45.000Z,1665,[name],,https://www.supersummary.com/subscription,https://www.supersummary.com/subscription/confirming/cancel,,Teacher Experience [July 2025] [40% one-time / Modal],,05-29-2026,,07-30-2026,05-29-2026,05-29-2026,05-29-2026,,05-29-2026,08-29-2026
Wg7U35I_939272de3d91ca24,AzZMqUTlSUMuf5YIA,,Students; Annual,,,[name],[name],,I only needed SuperSummary for a short time,i_have_too_much_product_1528073051,Project ended or taking a break,project_stop,,Needs (SaaS),needs,4,,,u_191c8f7e9fc2df84,,,,0,,,Canceled,2026-07-30T03:05:21.000Z,2026-07-30T03:05:50.000Z,2026-07-30T03:05:51.000Z,,18.7,2026-07-30T03:05:51.000Z,cancel,Valid Cancel,annual,2027-07-30T03:00:50.000Z,2027-07-30T03:00:50.000Z,3.0,3.0,36.0,Brightback,,,,,,,AzZMqUTlSUMuf5YIA,2023-07-30T03:00:48.000Z,,2023-07-30T03:00:50.000Z,,h_f4041d129bf24f0c,,1,2023-07-30T03:00:50.000Z,USD,u_191c8f7e9fc2df84,ACTIVE,h_595b6198c4e7edff,[name],,,,2026-07-30T03:00:50.000Z,student,,1,annual,2023-07-30T03:00:50.000Z,_UNKNOWN,3600,YEAR,,,College,[name],2027-07-30T03:00:50.000Z,,300,,2027-07-30T03:00:50.000Z,2023-07-30T03:00:50.000Z,3600,,,,,,Student Experience [July 2025] [25% one-time / No Entry Modal],,07-30-2023,,07-30-2026,07-30-2023,07-30-2023,07-30-2023,,07-30-2023,07-30-2027
Wg7U2wL_a47ad0e4e923e8a3,16CJKSVQFQqQu3285,,Students; fallback,,,[name],[name],,I only needed SuperSummary for a short time,i_have_too_much_product_1528073051,Project ended or taking a break,project_stop,,Needs (SaaS),needs,10,,,u_3aca05b1216347c1,,,,0,,,Canceled,2026-07-30T02:58:27.000Z,2026-07-30T02:59:07.000Z,2026-07-30T02:59:08.000Z,,18.71,2026-07-30T02:59:08.000Z,cancel,Valid Cancel,annual,2027-07-24T00:59:59.000Z,2027-07-24T00:59:59.000Z,3.0,3.0,36.0,Brightback,,,,,,,16CJKSVQFQqQu3285,2026-07-24T00:59:57.000Z,,2026-07-24T00:59:59.000Z,,h_ceafa20b528c20fe,,1,2026-07-24T00:59:59.000Z,USD,u_3aca05b1216347c1,ACTIVE,h_08f5e9a4f153f5b3,[name],,,,2026-07-24T00:59:59.000Z,student,,1,annual_essentials,2026-07-24T00:59:59.000Z,_UNKNOWN,3600,YEAR,,,College,[name],2027-07-24T00:59:59.000Z,,300,,2027-07-24T00:59:59.000Z,2026-07-24T00:59:59.000Z,3600,,,,,,Student Experience [July 2025] [25% one-time / No Entry Modal],,07-24-2026,,07-30-2026,07-24-2026,07-24-2026,07-24-2026,,07-24-2026,07-24-2027
Wg7U1wq_93f52799d5cf50f6,1398265,,Parents; Annual,,,[name],[name],[name],I only needed SuperSummary for a short time,i_have_too_much_product_1528073051,Project ended or taking a break,project_stop,,Needs (SaaS),needs,6,,,u_8749005b53d7c34b,,,,0,36.0,,Canceled,2026-07-30T01:59:25.000Z,2026-07-30T02:00:59.000Z,2026-07-30T02:00:59.000Z,,18.75,2026-07-30T02:00:59.000Z,cancel,Valid Cancel,annual,2026-11-08T17:59:37.000Z,2026-11-08T17:59:37.000Z,3.0,3.0,36.0,Brightback,,,,,,,1398265,2025-11-08T17:59:34.000Z,,2025-11-08T17:59:37.000Z,,h_1f85251c1909e9b0,,1,2025-11-08T17:59:37.000Z,USD,u_8749005b53d7c34b,ACTIVE,h_a1208b0627cc97fd,[name],36.0,annual,,2025-11-08T17:59:37.000Z,parent_of_student,,1,annual,2025-11-08T17:59:37.000Z,_UNKNOWN,3600,YEAR,annual,,Middle School,[name],2026-11-08T17:59:37.000Z,,300,,2026-11-08T17:59:37.000Z,2025-11-08T17:59:37.000Z,3600,[name],,https://www.supersummary.com/subscription,https://www.supersummary.com/subscription/confirming/cancel,,Parent Experience [July 2025] [25% one-time / Modal],,11-08-2025,,07-30-2026,11-08-2025,11-08-2025,11-08-2025,,11-08-2025,11-08-2026
Wg7U1jW_a17bba9ce56badcc,1710989,,fallback,,,[name],[name],[name],I only needed SuperSummary for a short time,i_have_too_much_product_1528073051,Project ended or taking a break,project_stop,,Needs (SaaS),needs,5,,,u_c4d726ae178345cd,,,,0,60.0,,Canceled,2026-07-30T01:45:54.000Z,2026-07-30T01:46:44.000Z,2026-07-30T01:46:44.000Z,,18.76,2026-07-30T01:46:44.000Z,cancel,Valid Cancel,annual,2027-07-30T00:41:43.000Z,2027-07-30T00:41:43.000Z,5.0,5.0,60.0,Brightback,,,,,,,1710989,2026-07-30T00:41:41.000Z,,2026-07-30T00:41:43.000Z,,h_58294791bfbb6b3b,,1,2026-07-30T00:41:43.000Z,USD,u_c4d726ae178345cd,ACTIVE,h_e0ffb68fdc5d0260,[name],60.0,annual_plus,,2026-07-30T00:41:43.000Z,other,,1,annual_plus,2026-07-30T00:41:43.000Z,_UNKNOWN,6000,YEAR,annual_plus,,,[name],2027-07-30T00:41:43.000Z,,500,,2027-07-30T00:41:43.000Z,2026-07-30T00:41:43.000Z,6000,[name],,https://www.supersummary.com/subscription,https://www.supersummary.com/subscription/confirming/cancel,,Default/Fallback [July 2025] [25% one time / No entry modal],,07-30-2026,,07-30-2026,07-30-2026,07-30-2026,07-30-2026,,07-30-2026,07-30-2027
Wg7U1Ck_9828983af0377384,1710760,,Book Club Members; fallback,,,[name],[name],[name],I only needed SuperSummary for a short time,i_have_too_much_product_1528073051,Project ended or taking a break,project_stop,,Needs (SaaS),needs,6,,,u_95cf6e35b608355e,,,,0,9.95,,Canceled,2026-07-30T01:12:51.000Z,2026-07-30T01:13:13.000Z,2026-07-30T01:13:13.000Z,,18.78,2026-07-30T01:13:13.000Z,cancel,Valid Cancel,monthly,2026-08-29T20:22:49.000Z,2026-08-29T20:22:49.000Z,9.95,9.95,9.95,Brightback,,,,,,,1710760,2026-07-29T20:22:48.000Z,,2026-07-29T20:22:49.000Z,,h_b725515124cf320e,,1,2026-07-29T20:22:49.000Z,USD,u_95cf6e35b608355e,ACTIVE,h_b8efe473a2743194,[name],9.95,monthly_essentials,,2026-07-29T20:22:49.000Z,book_club_member,,1,monthly_essentials,2026-07-29T20:22:49.000Z,_UNKNOWN,995,MONTH,monthly_essentials,,,[name],2026-08-29T20:22:49.000Z,,995,,2026-08-29T20:22:49.000Z,2026-07-29T20:22:49.000Z,995,[name],,https://www.supersummary.com/subscription,https://www.supersummary.com/subscription/confirming/cancel,,BCM Experience [July 2025] [25% one-time / No Entry Modal],,07-29-2026,,07-30-2026,07-29-2026,07-29-2026,07-29-2026,,07-29-2026,08-29-2026
Wg7U0cp_a7d9187057315875,Azz11RVQghx4m22Ii,,Students; fallback,,,[name],[name],,I only needed SuperSummary for a short time,i_have_too_much_product_1528073051,Project ended or taking a break,project_stop,,Needs (SaaS),needs,1,Chat gpt,,u_0cc42f542607af3f,Too expensive ,,,1,,,Canceled,2026-07-30T00:38:55.000Z,2026-07-30T00:39:50.000Z,2026-07-30T00:39:50.000Z,,18.8,2026-07-30T00:39:50.000Z,cancel,Valid Cancel,annual,2027-07-28T16:57:18.000Z,2027-07-28T16:57:18.000Z,3.0,3.0,36.0,Brightback,,,,,,,Azz11RVQghx4m22Ii,2026-07-28T16:57:15.000Z,,2026-07-28T16:57:18.000Z,,h_83d99ebe07920bf1,,1,2026-07-28T16:57:18.000Z,USD,u_0cc42f542607af3f,ACTIVE,h_1d93aa4f9010835a,[name],,,,2026-07-28T16:57:18.000Z,student,,1,annual_essentials,2026-07-28T16:57:18.000Z,_UNKNOWN,3600,YEAR,,,College,[name],2027-07-28T16:57:18.000Z,,300,,2027-07-28T16:57:18.000Z,2026-07-28T16:57:18.000Z,3600,,,,,,Student Experience [July 2025] [25% one-time / No Entry Modal],,07-28-2026,,07-30-2026,07-28-2026,07-28-2026,07-28-2026,,07-28-2026,07-28-2027
Wg7U09d_8bf1c3b92f44b35e,1493948,,Students; fallback,,,[name],[name],[name],I only needed SuperSummary for a short time,i_have_too_much_product_1528073051,Project ended or taking a break,project_stop,,Needs (SaaS),needs,7,,,u_45acb5d5b9f14eaa,,,,0,16.65,,Canceled,2026-07-30T00:09:43.000Z,2026-07-30T00:10:30.000Z,2026-07-30T00:10:30.000Z,,18.82,2026-07-30T00:10:46.000Z,cancel,Valid Cancel,monthly,2026-08-29T22:51:45.000Z,2026-08-29T22:51:45.000Z,16.65,16.65,16.65,Brightback,,,,,,,1493948,2026-01-29T22:51:42.000Z,,2026-01-29T22:51:45.000Z,,h_5ef06f8c2f1725fb,,1,2026-01-29T22:51:45.000Z,USD,u_45acb5d5b9f14eaa,ACTIVE,h_fececaeed4b9e1c7,[name],16.65,monthly_plus,,2026-07-29T22:51:45.000Z,student,,1,monthly_plus,2026-01-29T22:51:45.000Z,_UNKNOWN,1665,MONTH,monthly_plus,,High School,[name],2026-08-29T22:51:45.000Z,,1665,,2026-08-29T22:51:45.000Z,2026-01-29T22:51:45.000Z,1665,[name],,https://www.supersummary.com/subscription,https://www.supersummary.com/subscription/confirming/cancel,,Student Experience [July 2025] [25% one-time / No Entry Modal],,01-29-2026,,07-30-2026,01-29-2026,01-29-2026,01-29-2026,,01-29-2026,08-29-2026
Wg7U01m_aeddf56b8476917b,1062988,,Students; Annual,,,[name],[name],[name],I only needed SuperSummary for a short time,i_have_too_much_product_1528073051,Project ended or taking a break,project_stop,,Needs (SaaS),needs,6,,,u_f5ef4508c20c64c9,,,,0,36.0,,Canceled,2026-07-30T00:01:57.000Z,2026-07-30T00:02:17.000Z,2026-07-30T00:02:17.000Z,,18.83,2026-07-30T00:02:17.000Z,cancel,Valid Cancel,annual,2027-03-12T23:35:59.000Z,2027-03-12T23:35:59.000Z,3.0,3.0,36.0,Brightback,,,,,,,1062988,2025-03-12T23:35:56.000Z,,2025-03-12T23:35:59.000Z,,h_18b5a1c329fa539c,,1,2025-03-12T23:35:59.000Z,USD,u_f5ef4508c20c64c9,ACTIVE,h_fcbaf9777438880a,[name],36.0,annual,,2026-03-12T23:35:59.000Z,student,,1,annual,2025-03-12T23:35:59.000Z,_UNKNOWN,3600,YEAR,annual,,other,[name],2027-03-12T23:35:59.000Z,,300,,2027-03-12T23:35:59.000Z,2025-03-12T23:35:59.000Z,3600,[name],,https://www.supersummary.com/subscription,https://www.supersummary.com/subscription/confirming/cancel,,Student Experience [July 2025] [25% one-time / No Entry Modal],,03-12-2025,,07-30-2026,03-12-2025,03-12-2025,03-12-2025,,03-12-2025,03-12-2027
Wg7TNp5_90393135aff9d6ea,16CS7mVQi9BJ32sEc,,Teachers; fallback,,,[name],[name],,I only needed SuperSummary for a short time,i_have_too_much_product_1528073051,Project ended or taking a break,project_stop,,Needs (SaaS),needs,1,nothing,,u_f37e367ab152c59a,,,,0,,,Canceled,2026-07-29T23:51:10.000Z,2026-07-29T23:53:16.000Z,2026-07-29T23:53:17.000Z,,18.84,2026-07-29T23:53:17.000Z,cancel,Valid Cancel,annual,2027-07-28T22:51:43.000Z,2027-07-28T22:51:43.000Z,5.0,5.0,60.0,Brightback,,,,,,,16CS7mVQi9BJ32sEc,2026-07-28T22:51:41.000Z,,2026-07-28T22:51:43.000Z,,h_a5cb790da6372646,,1,2026-07-28T22:51:43.000Z,USD,u_f37e367ab152c59a,ACTIVE,h_2985d5e89bb65410,[name],,,,2026-07-28T22:51:43.000Z,teacher,,1,annual_plus,2026-07-28T22:51:43.000Z,_UNKNOWN,6000,YEAR,,,College,[name],2027-07-28T22:51:43.000Z,,500,,2027-07-28T22:51:43.000Z,2026-07-28T22:51:43.000Z,6000,,,,,,Teacher Experience [July 2025] [40% one-time / Modal],,07-28-2026,,07-29-2026,07-28-2026,07-28-2026,07-28-2026,,07-28-2026,07-28-2027
Wg7TLFC_893b6fb75799ea0a,310207,,Book Club Members; Annual,,,[name],[name],[name],I only needed SuperSummary for a short time,i_have_too_much_product_1528073051,Project ended or taking a break,project_stop,,Needs (SaaS),needs,3,,,u_2da7c2e5b3db8c3f,,,,0,36.0,,Canceled,2026-07-29T21:15:48.000Z,2026-07-29T21:17:05.000Z,2026-07-29T21:17:05.000Z,,18.94,2026-07-29T21:17:05.000Z,cancel,Valid Cancel,annual,2027-02-05T12:47:06.000Z,2027-02-05T12:47:06.000Z,3.0,3.0,36.0,Brightback,,,,,,,310207,2023-02-05T12:47:04.000Z,,2023-02-05T12:47:06.000Z,,h_2345d0f1424ed6b0,,1,2023-02-05T12:47:06.000Z,USD,u_2da7c2e5b3db8c3f,ACTIVE,h_8665055c691b5b1b,[name],36.0,annual,,2026-02-05T12:47:06.000Z,book_club_member,,1,annual,2023-02-05T12:47:06.000Z,_UNKNOWN,3600,YEAR,annual,,,[name],2027-02-05T12:47:06.000Z,,300,,2027-02-05T12:47:06.000Z,2023-02-05T12:47:06.000Z,3600,[name],,https://www.supersummary.com/subscription,https://www.supersummary.com/subscription/confirming/cancel,,BCM Experience [July 2025] [25% one-time / No Entry Modal],,02-05-2023,,07-29-2026,02-05-2023,02-05-2023,02-05-2023,,02-05-2023,02-05-2027
Wg7TKPP_8f18ec75d1ef51e3,91005,,Teachers; Annual,,,[name],[name],[name],I only needed SuperSummary for a short time,i_have_too_much_product_1528073051,Project ended or taking a break,project_stop,,Needs (SaaS),needs,2,nothing,,u_186a0584b4e376bf,i was very happy with using it for my child but we no longer need it.,,,1,36.0,,Canceled,2026-07-29T20:25:48.000Z,2026-07-29T20:28:01.000Z,2026-07-29T20:28:01.000Z,,18.98,2026-07-29T20:28:01.000Z,cancel,Valid Cancel,annual,2026-08-15T11:26:27.000Z,2026-08-15T11:26:27.000Z,3.0,3.0,36.0,Brightback,,,,,,,91005,2021-08-30T15:32:31.000Z,,2025-08-15T11:26:27.000Z,,h_f6d5c56e5ecdd2fe,,1,2025-08-15T11:26:27.000Z,USD,u_186a0584b4e376bf,ACTIVE,h_d8755c4963f90e3d,[name],36.0,annual,,2025-08-15T11:26:27.000Z,teacher,,1,annual,2025-08-15T11:26:27.000Z,_UNKNOWN,3600,YEAR,annual,,Middle School,[name],2026-08-15T11:26:27.000Z,,300,,2026-08-15T11:26:27.000Z,2025-08-15T11:26:27.000Z,3600,[name],,https://www.supersummary.com/subscription,https://www.supersummary.com/subscription/confirming/cancel,,Teacher Experience [July 2025] [40% one-time / Modal],,08-15-2025,,07-29-2026,08-15-2025,08-15-2025,08-30-2021,,08-15-2025,08-15-2026
Wg7TIUR_a4df1b7e52bf05b8,1709696,,fallback,,,[name],[name],[name],I only needed SuperSummary for a short time,i_have_too_much_product_1528073051,Project ended or taking a break,project_stop,,Needs (SaaS),needs,2,Simply reading,,u_446284ac164def47,,,,0,36.0,,Canceled,2026-07-29T18:30:39.000Z,2026-07-29T18:31:25.000Z,2026-07-29T18:31:42.000Z,,19.06,2026-07-29T18:31:42.000Z,cancel,Valid Cancel,annual,2027-07-28T19:24:50.000Z,2027-07-28T19:24:50.000Z,3.0,3.0,36.0,Brightback,,,,,,,1709696,2026-07-28T19:24:47.000Z,,2026-07-28T19:24:50.000Z,,h_ee85ec5cac2eb2a9,,1,2026-07-28T19:24:50.000Z,USD,u_446284ac164def47,ACTIVE,h_57d9c95c0da8e7a6,[name],36.0,annual_essentials,,2026-07-28T19:24:50.000Z,other,,1,annual_essentials,2026-07-28T19:24:50.000Z,_UNKNOWN,3600,YEAR,annual_essentials,,,[name],2027-07-28T19:24:50.000Z,,300,,2027-07-28T19:24:50.000Z,2026-07-28T19:24:50.000Z,3600,[name],,https://www.supersummary.com/subscription,https://www.supersummary.com/subscription/confirming/cancel,,Default/Fallback [July 2025] [25% one time / No entry modal],,07-28-2026,,07-29-2026,07-28-2026,07-28-2026,07-28-2026,,07-28-2026,07-28-2027
Wg7THXg_bc5d222e99409848,AzyhCJVNOxn6F29zR,,Book Club Members; fallback,,,[name],[name],,I only needed SuperSummary for a short time,i_have_too_much_product_1528073051,Project ended or taking a break,project_stop,,Needs (SaaS),needs,5,,,u_4f2e401d97b7d294,,,,0,,,Canceled,2026-07-29T17:33:45.000Z,2026-07-29T17:34:03.000Z,2026-07-29T17:34:03.000Z,,19.1,2026-07-29T17:34:03.000Z,cancel,Valid Cancel,monthly,2026-08-23T20:40:40.000Z,2026-08-23T20:40:40.000Z,9.95,9.95,9.95,Brightback,,,,,,,AzyhCJVNOxn6F29zR,2026-06-23T20:40:38.000Z,,2026-06-23T20:40:40.000Z,,h_d2980b7081a0a2ce,,1,2026-06-23T20:40:40.000Z,USD,u_4f2e401d97b7d294,ACTIVE,h_7aa90867c869a73e,[name],,,,2026-07-23T20:40:40.000Z,book_club_member,,1,monthly_essentials,2026-06-23T20:40:40.000Z,_UNKNOWN,995,MONTH,,,,[name],2026-08-23T20:40:40.000Z,,995,,2026-08-23T20:40:40.000Z,2026-06-23T20:40:40.000Z,995,,,,,,BCM Experience [July 2025] [25% one-time / No Entry Modal],,06-23-2026,,07-29-2026,06-23-2026,06-23-2026,06-23-2026,,06-23-2026,08-23-2026
Wg7TGOc_966ea891d7514d74,1704786,,fallback,,,[name],[name],[name],I only needed SuperSummary for a short time,i_have_too_much_product_1528073051,Project ended or taking a break,project_stop,,Needs (SaaS),needs,5,,,u_9de8ade2d72cd9f4,,,,0,60.0,,Canceled,2026-07-29T16:25:19.000Z,2026-07-29T16:26:16.000Z,2026-07-29T16:26:16.000Z,,19.15,2026-07-29T16:26:16.000Z,cancel,Valid Cancel,annual,2027-07-23T16:23:52.000Z,2027-07-23T16:23:52.000Z,5.0,5.0,60.0,Brightback,,,,,,,1704786,2026-07-23T16:23:50.000Z,,2026-07-23T16:23:52.000Z,,h_3e7d2a8e2e997fc9,,1,2026-07-23T16:23:52.000Z,USD,u_9de8ade2d72cd9f4,ACTIVE,h_65642c55d3853bc7,[name],60.0,annual_plus,,2026-07-23T16:23:52.000Z,other,,1,annual_plus,2026-07-23T16:23:52.000Z,_UNKNOWN,6000,YEAR,annual_plus,,,[name],2027-07-23T16:23:52.000Z,,500,,2027-07-23T16:23:52.000Z,2026-07-23T16:23:52.000Z,6000,[name],,https://www.supersummary.com/subscription,https://www.supersummary.com/subscription/confirming/cancel,,Default/Fallback [July 2025] [25% one time / No entry modal],,07-23-2026,,07-29-2026,07-23-2026,07-23-2026,07-23-2026,,07-23-2026,07-23-2027
Wg7TGHn_aca3d9329569f490,1619405,,Teachers; fallback,,,[name],[name],[name],I only needed SuperSummary for a short time,i_have_too_much_product_1528073051,Project ended or taking a break,project_stop,,Needs (SaaS),needs,10,,,u_b711607cf5232758,,,,0,9.95,,Canceled,2026-07-29T16:17:54.000Z,2026-07-29T16:18:35.000Z,2026-07-29T16:18:35.000Z,,19.15,2026-07-29T16:18:35.000Z,cancel,Valid Cancel,monthly,2026-08-08T16:15:20.000Z,2026-08-08T16:15:20.000Z,9.95,9.95,9.95,Brightback,,,,,,,1619405,2026-04-28T21:35:08.000Z,,2026-04-28T21:35:11.000Z,,h_8bd4bf00804db93a,,1,2026-06-08T16:15:20.000Z,USD,u_b711607cf5232758,ACTIVE,h_63aea9b3d71f8d76,[name],9.95,monthly_essentials,,2026-07-08T16:15:20.000Z,teacher,,1,monthly_essentials,2026-04-28T21:35:11.000Z,_UNKNOWN,995,MONTH,monthly_essentials,,Middle School,[name],2026-08-08T16:15:20.000Z,,995,,2026-08-08T16:15:20.000Z,2026-04-28T21:35:11.000Z,995,[name],,https://www.supersummary.com/subscription,https://www.supersummary.com/subscription/confirming/cancel,,Teacher Experience [July 2025] [40% one-time / Modal],,04-28-2026,,07-29-2026,06-08-2026,04-28-2026,04-28-2026,,04-28-2026,08-08-2026
Wg7TFXq_acaeec2aa588da59,1270374,,Book Club Members; Annual,,,[name],[name],[name],I only needed SuperSummary for a short time,i_have_too_much_product_1528073051,Project ended or taking a break,project_stop,,Needs (SaaS),needs,1,I don't anticipate needing these services again.,,u_44d03afd1a6ac393,Your website was very helpful when I needed it.,,,1,36.0,,Canceled,2026-07-29T15:34:14.000Z,2026-07-29T15:35:28.000Z,2026-07-29T15:35:28.000Z,,19.18,2026-07-29T15:35:28.000Z,cancel,Valid Cancel,annual,2027-07-28T16:38:48.000Z,2027-07-28T16:38:48.000Z,3.0,3.0,36.0,Brightback,,,,,,,1270374,2025-07-28T16:38:45.000Z,,2025-07-28T16:38:48.000Z,,h_fcf86a034c850544,,1,2025-07-28T16:38:48.000Z,USD,u_44d03afd1a6ac393,ACTIVE,h_4f1eced0048d65c4,[name],36.0,annual,,2026-07-28T16:38:48.000Z,book_club_member,,1,annual,2025-07-28T16:38:48.000Z,_UNKNOWN,3600,YEAR,annual,,,[name],2027-07-28T16:38:48.000Z,,300,,2027-07-28T16:38:48.000Z,2025-07-28T16:38:48.000Z,3600,[name],,https://www.supersummary.com/subscription,https://www.supersummary.com/subscription/confirming/cancel,,BCM Experience [July 2025] [25% one-time / No Entry Modal],,07-28-2025,,07-29-2026,07-28-2025,07-28-2025,07-28-2025,,07-28-2025,07-28-2027
Wg7TFx8_9e42693cb83c71d1,169o9dUv1QPbU3cef,,fallback,,,[name],[name],,I only needed SuperSummary for a short time,i_have_too_much_product_1528073051,Project ended or taking a break,project_stop,,Needs (SaaS),needs,4,nothing else,,u_4fc67313afdf93ec,,,,0,,,Canceled,2026-07-29T15:59:13.000Z,2026-07-29T15:59:34.000Z,2026-07-29T15:59:35.000Z,,19.16,2026-07-29T15:59:35.000Z,cancel,Valid Cancel,monthly,2026-08-26T22:35:10.000Z,2026-08-26T22:35:10.000Z,9.95,9.95,9.95,Brightback,,,,,,,169o9dUv1QPbU3cef,2023-10-18T14:20:52.000Z,,2025-08-26T22:35:10.000Z,,h_1e68e539d3a8e633,,1,2025-08-26T22:35:10.000Z,USD,u_4fc67313afdf93ec,ACTIVE,h_685dfcfdfde817ed,[name],,,,2026-07-26T22:35:10.000Z,librarian,,1,monthly,2025-08-26T22:35:10.000Z,_UNKNOWN,995,MONTH,,,,[name],2026-08-26T22:35:10.000Z,,995,,2026-08-26T22:35:10.000Z,2025-08-26T22:35:10.000Z,995,,,,,,Default/Fallback [July 2025] [25% one time / No entry modal],,08-26-2025,,07-29-2026,08-26-2025,08-26-2025,10-18-2023,,08-26-2025,08-26-2026
Wg7TFHS_8982560b1a9d7793,16BlSfUJCjhZMKk8r,,Students; Annual,,,[name],[name],,I only needed SuperSummary for a short time,i_have_too_much_product_1528073051,Project ended or taking a break,project_stop,,Needs (SaaS),needs,5,,,u_f72af90be1834160,,,,0,,,Canceled,2026-07-29T15:17:32.000Z,2026-07-29T15:17:53.000Z,2026-07-29T15:17:53.000Z,,19.19,2026-07-29T15:17:53.000Z,cancel,Valid Cancel,annual,2027-07-21T22:43:19.000Z,2027-07-21T22:43:19.000Z,3.0,3.0,36.0,Brightback,,,,,,,16BlSfUJCjhZMKk8r,2024-07-21T22:43:17.000Z,,2024-07-21T22:43:19.000Z,,h_823b3c867a804787,,1,2024-07-21T22:43:19.000Z,USD,u_f72af90be1834160,ACTIVE,h_2d5960a988e0157f,[name],,,,2026-07-21T22:43:19.000Z,student,,1,annual,2024-07-21T22:43:19.000Z,_UNKNOWN,3600,YEAR,,,College,[name],2027-07-21T22:43:19.000Z,,300,,2027-07-21T22:43:19.000Z,2024-07-21T22:43:19.000Z,3600,,,,,,Student Experience [July 2025] [25% one-time / No Entry Modal],,07-21-2024,,07-29-2026,07-21-2024,07-21-2024,07-21-2024,,07-21-2024,07-21-2027
Wg7TFFG_89f4624d60606ff1,617402,,Book Club Members; Annual,,,[name],[name],[name],I only needed SuperSummary for a short time,i_have_too_much_product_1528073051,Project ended or taking a break,project_stop,,Needs (SaaS),needs,1,,,u_34b4848735ff2704,,,,0,36.0,,Canceled,2026-07-29T15:15:40.000Z,2026-07-29T15:16:29.000Z,2026-07-29T15:16:29.000Z,,19.19,2026-07-29T15:17:48.000Z,cancel,Valid Cancel,annual,2027-07-28T23:30:30.000Z,2027-07-28T23:30:30.000Z,3.0,3.0,36.0,Brightback,,,,,,,617402,2024-07-28T23:30:29.000Z,,2024-07-28T23:30:30.000Z,,h_289a43f4618b5d40,,1,2024-07-28T23:30:30.000Z,USD,u_34b4848735ff2704,ACTIVE,h_446b30d3612426a3,[name],36.0,annual,,2026-07-28T23:30:30.000Z,book_club_member,,1,annual,2024-07-28T23:30:30.000Z,_UNKNOWN,3600,YEAR,annual,,,[name],2027-07-28T23:30:30.000Z,,300,,2027-07-28T23:30:30.000Z,2024-07-28T23:30:30.000Z,3600,[name],,https://www.supersummary.com/subscription,https://www.supersummary.com/subscription/confirming/cancel,,BCM Experience [July 2025] [25% one-time / No Entry Modal],,07-28-2024,,07-29-2026,07-28-2024,07-28-2024,07-28-2024,,07-28-2024,07-28-2027
Wg7TCng_90f8ee0314e05c5f,AzZMYGVQgGE9o1bej,,Book Club Members; fallback,,,[name],[name],,I only needed SuperSummary for a short time,i_have_too_much_product_1528073051,Project ended or taking a break,project_stop,,Needs (SaaS),needs,5,,,u_c1f52667b2cec530,,,,0,,,Canceled,2026-07-29T12:49:44.000Z,2026-07-29T12:50:05.000Z,2026-07-29T12:50:05.000Z,,19.3,2026-07-29T12:50:05.000Z,cancel,Valid Cancel,annual,2027-07-28T15:07:10.000Z,2027-07-28T15:07:10.000Z,5.0,5.0,60.0,Brightback,,,,,,,AzZMYGVQgGE9o1bej,2026-07-28T15:07:09.000Z,,2026-07-28T15:07:10.000Z,,h_39bb38dfe4b88caf,,1,2026-07-28T15:07:10.000Z,USD,u_c1f52667b2cec530,ACTIVE,h_156b995158c1e543,[name],,,,2026-07-28T15:07:10.000Z,book_club_member,,1,annual_plus,2026-07-28T15:07:10.000Z,_UNKNOWN,6000,YEAR,,,,[name],2027-07-28T15:07:10.000Z,,500,,2027-07-28T15:07:10.000Z,2026-07-28T15:07:10.000Z,6000,,,,,,BCM Experience [July 2025] [25% one-time / No Entry Modal],,07-28-2026,,07-29-2026,07-28-2026,07-28-2026,07-28-2026,,07-28-2026,07-28-2027
Wg7TBaV_ac32f5643eb76507,16CcPPVKdMrPY11IO,,Students; fallback,,,[name],[name],,I only needed SuperSummary for a short time,i_have_too_much_product_1528073051,Project ended or taking a break,project_stop,,Needs (SaaS),needs,1,Nothing,,u_6d35ed9bb692928b,,,,0,,,Canceled,2026-07-29T11:36:34.000Z,2026-07-29T11:36:58.000Z,2026-07-29T11:36:59.000Z,,19.35,2026-07-29T11:36:59.000Z,cancel,Valid Cancel,monthly,2026-08-25T12:21:25.000Z,2026-08-25T12:21:25.000Z,16.65,16.65,16.65,Brightback,,,,,,,16CcPPVKdMrPY11IO,2026-05-25T12:21:23.000Z,,2026-05-25T12:21:25.000Z,,h_2c0cf928fbcbf471,,1,2026-05-25T12:21:25.000Z,USD,u_6d35ed9bb692928b,ACTIVE,h_157c12762c27e7e7,[name],,,,2026-07-25T12:21:25.000Z,student,,1,monthly_plus,2026-05-25T12:21:25.000Z,_UNKNOWN,1665,MONTH,,,College,[name],2026-08-25T12:21:25.000Z,,1665,,2026-08-25T12:21:25.000Z,2026-05-25T12:21:25.000Z,1665,,,,,,Student Experience [July 2025] [25% one-time / No Entry Modal],,05-25-2026,,07-29-2026,05-25-2026,05-25-2026,05-25-2026,,05-25-2026,08-25-2026
Wg7TA4t_8216c99bec601bed,169oiQVO9ZdUw9Ut0,,Students; fallback,,,[name],[name],,I only needed SuperSummary for a short time,i_have_too_much_product_1528073051,Project ended or taking a break,project_stop,,Needs (SaaS),needs,3,,,u_f8220d714fbe5fc1,,,,0,,,Canceled,2026-07-29T10:05:01.000Z,2026-07-29T10:06:10.000Z,2026-07-29T10:06:11.000Z,,19.41,2026-07-29T10:06:11.000Z,cancel,Valid Cancel,monthly,2026-08-01T19:59:31.000Z,2026-08-01T19:59:31.000Z,9.95,9.95,9.95,Brightback,,,,,,,169oiQVO9ZdUw9Ut0,2026-07-01T19:59:28.000Z,,2026-07-01T19:59:31.000Z,,h_a1e7896c3a5cd00d,,1,2026-07-01T19:59:31.000Z,USD,u_f8220d714fbe5fc1,ACTIVE,h_98c173bcbdfbcfac,[name],,,,2026-07-01T19:59:31.000Z,student,,1,monthly_essentials,2026-07-01T19:59:31.000Z,_UNKNOWN,995,MONTH,,,Postgrad Program,[name],2026-08-01T19:59:31.000Z,,995,,2026-08-01T19:59:31.000Z,2026-07-01T19:59:31.000Z,995,,,,,,Student Experience [July 2025] [25% one-time / No Entry Modal],,07-01-2026,,07-29-2026,07-01-2026,07-01-2026,07-01-2026,,07-01-2026,08-01-2026
Wg7T8fP_b3a6977daf24b6ed,395442,,fallback,,,[name],[name],[name],I only needed SuperSummary for a short time,i_have_too_much_product_1528073051,Project ended or taking a break,project_stop,,Needs (SaaS),needs,6,,,u_84f2bf11201e5e35,,,,0,36.0,,Canceled,2026-07-29T08:42:13.000Z,2026-07-29T08:43:55.000Z,2026-07-29T08:43:55.000Z,,19.47,2026-07-29T08:43:55.000Z,cancel,Valid Cancel,annual,2026-08-09T14:58:43.000Z,2026-08-09T14:58:43.000Z,3.0,3.0,36.0,Brightback,,,,,,,395442,2023-08-09T14:58:41.000Z,,2023-08-09T14:58:43.000Z,,h_e3d0675f00df9436,,1,2023-08-09T14:58:43.000Z,USD,u_84f2bf11201e5e35,ACTIVE,h_822cde47ee297fbc,[name],36.0,annual,,2025-08-09T14:58:43.000Z,other,,1,annual,2023-08-09T14:58:43.000Z,_UNKNOWN,3600,YEAR,annual,,,[name],2026-08-09T14:58:43.000Z,,300,,2026-08-09T14:58:43.000Z,2023-08-09T14:58:43.000Z,3600,[name],,https://www.supersummary.com/subscription,https://www.supersummary.com/subscription/confirming/cancel,,Default/Fallback [July 2025] [25% one time / No entry modal],,08-09-2023,,07-29-2026,08-09-2023,08-09-2023,08-09-2023,,08-09-2023,08-09-2026
Wg7T4qp_9b383d5a5de04198,AzygpbVEwJtR53rH,,fallback,,,[name],[name],,I only needed SuperSummary for a short time,i_have_too_much_product_1528073051,Project ended or taking a break,project_stop,,Needs (SaaS),needs,7,,,u_1ed10f1bb0a949ba,,,,0,,,Canceled,2026-07-29T04:52:59.000Z,2026-07-29T04:53:22.000Z,2026-07-29T04:53:22.000Z,,19.63,2026-07-29T04:53:22.000Z,cancel,Valid Cancel,monthly,2026-08-26T03:15:31.000Z,2026-08-26T03:15:31.000Z,16.65,16.65,16.65,Brightback,,,,,,,AzygpbVEwJtR53rH,2026-03-26T03:15:27.000Z,,2026-03-26T03:15:31.000Z,,h_d29d6094dd929fdc,,1,2026-03-26T03:15:31.000Z,USD,u_1ed10f1bb0a949ba,ACTIVE,h_b743a559c5fd5eef,[name],,,,2026-07-26T03:15:31.000Z,other,,1,monthly_plus,2026-03-26T03:15:31.000Z,_UNKNOWN,1665,MONTH,,,,[name],2026-08-26T03:15:31.000Z,,1665,,2026-08-26T03:15:31.000Z,2026-03-26T03:15:31.000Z,1665,,,,,,Default/Fallback [July 2025] [25% one time / No entry modal],,03-26-2026,,07-29-2026,03-26-2026,03-26-2026,03-26-2026,,03-26-2026,08-26-2026
Wg7T4i2_834e8720a6500f85,6oa1RUrvNJls52qA,,Students; Annual,,,[name],[name],,I only needed SuperSummary for a short time,i_have_too_much_product_1528073051,Project ended or taking a break,project_stop,,Needs (SaaS),needs,1,.,,u_65febbb4c6d012db,.,,,1,,,Canceled,2026-07-29T04:44:05.000Z,2026-07-29T04:44:41.000Z,2026-07-29T04:44:41.000Z,,19.63,2026-07-29T04:44:41.000Z,cancel,Valid Cancel,annual,2027-07-25T02:18:36.000Z,2027-07-25T02:18:36.000Z,3.0,3.0,36.0,Brightback,,,,,,,6oa1RUrvNJls52qA,2025-07-25T02:18:34.000Z,,2025-07-25T02:18:36.000Z,,h_e509933ba6fb2ae4,,1,2025-07-25T02:18:36.000Z,USD,u_65febbb4c6d012db,ACTIVE,h_20387dc0e2f99eca,[name],,,,2026-07-25T02:18:36.000Z,student,,1,annual,2025-07-25T02:18:36.000Z,_UNKNOWN,3600,YEAR,,,College,[name],2027-07-25T02:18:36.000Z,,300,,2027-07-25T02:18:36.000Z,2025-07-25T02:18:36.000Z,3600,,,,,,Student Experience [July 2025] [25% one-time / No Entry Modal],,07-25-2025,,07-29-2026,07-25-2025,07-25-2025,07-25-2025,,07-25-2025,07-25-2027
Wg7T4BZ_90d8333ed1583131,AzZlEZVOePNwU1pT,,Teachers; fallback,,,[name],[name],,I only needed SuperSummary for a short time,i_have_too_much_product_1528073051,Project ended or taking a break,project_stop,,Needs (SaaS),needs,3,,,u_218961e642012778,,,,0,,,Canceled,2026-07-29T04:11:37.000Z,2026-07-29T04:12:07.000Z,2026-07-29T04:12:07.000Z,,19.66,2026-07-29T04:12:07.000Z,cancel,Valid Cancel,monthly,2026-08-07T02:33:14.000Z,2026-08-07T02:33:14.000Z,9.95,9.95,9.95,Brightback,,,,,,,AzZlEZVOePNwU1pT,2026-07-07T02:33:13.000Z,,2026-07-07T02:33:14.000Z,,h_641b0ec4d6336c9a,,1,2026-07-07T02:33:14.000Z,USD,u_218961e642012778,ACTIVE,h_dd09455f91e108ed,[name],,,,2026-07-07T02:33:14.000Z,teacher,,1,monthly_essentials,2026-07-07T02:33:14.000Z,_UNKNOWN,995,MONTH,,,Middle School,[name],2026-08-07T02:33:14.000Z,,995,,2026-08-07T02:33:14.000Z,2026-07-07T02:33:14.000Z,995,,,,,,Teacher Experience [July 2025] [40% one-time / Modal],,07-07-2026,,07-29-2026,07-07-2026,07-07-2026,07-07-2026,,07-07-2026,08-07-2026
Wg7T21n_a5f21ac2e0ea6f5e,Azz0PiUsIcLE14aUZ,,Students; Annual,,,[name],[name],,I only needed SuperSummary for a short time,i_have_too_much_product_1528073051,Project ended or taking a break,project_stop,,Needs (SaaS),needs,6,,,u_e78af574a49e6473,,,,0,,,Canceled,2026-07-29T02:01:58.000Z,2026-07-29T02:02:19.000Z,2026-07-29T02:02:20.000Z,,19.75,2026-07-29T02:02:20.000Z,cancel,Valid Cancel,annual,2027-07-29T01:42:32.000Z,2027-07-29T01:42:32.000Z,3.0,3.0,36.0,Brightback,,,,,,,Azz0PiUsIcLE14aUZ,2025-07-29T01:41:10.000Z,,2025-07-29T01:42:32.000Z,,h_3f5abbae2c25bfd3,,1,2025-07-29T01:42:32.000Z,USD,u_e78af574a49e6473,ACTIVE,h_7ecb4db0a4852861,[name],,,,2026-07-29T01:42:32.000Z,student,,1,annual,2025-07-29T01:42:32.000Z,_UNKNOWN,3600,YEAR,,,College,[name],2027-07-29T01:42:32.000Z,,300,,2027-07-29T01:42:32.000Z,2025-07-29T01:42:32.000Z,3600,,,,,,Student Experience [July 2025] [25% one-time / No Entry Modal],,07-29-2025,,07-29-2026,07-29-2025,07-29-2025,07-29-2025,,07-29-2025,07-29-2027
Wg7T1iT_82d1511357e749cc,1270763,,Book Club Members; Annual,,,[name],[name],[name],I only needed SuperSummary for a short time,i_have_too_much_product_1528073051,Project ended or taking a break,project_stop,,Needs (SaaS),needs,5,,,u_130ad1e8d26bfac8,,,,0,36.0,,Canceled,2026-07-29T01:44:47.000Z,2026-07-29T01:45:48.000Z,2026-07-29T01:45:48.000Z,,19.76,2026-07-29T01:45:48.000Z,cancel,Valid Cancel,annual,2027-07-29T00:15:31.000Z,2027-07-29T00:15:31.000Z,3.0,3.0,36.0,Brightback,,,,,,,1270763,2025-07-29T00:15:28.000Z,,2025-07-29T00:15:31.000Z,,h_0d1b629c7b757513,,1,2025-07-29T00:15:31.000Z,USD,u_130ad1e8d26bfac8,ACTIVE,h_a002ed50a735280f,[name],36.0,annual,,2026-07-29T00:15:31.000Z,book_club_member,,1,annual,2025-07-29T00:15:31.000Z,_UNKNOWN,3600,YEAR,annual,,,[name],2027-07-29T00:15:31.000Z,,300,,2027-07-29T00:15:31.000Z,2025-07-29T00:15:31.000Z,3600,[name],,https://www.supersummary.com/subscription,https://www.supersummary.com/subscription/confirming/cancel,,BCM Experience [July 2025] [25% one-time / No Entry Modal],,07-29-2025,,07-29-2026,07-29-2025,07-29-2025,07-29-2025,,07-29-2025,07-29-2027
Wg7T18o_b342f6f9aec24870,1709711,,Teachers; fallback,,,[name],[name],[name],I only needed SuperSummary for a short time,i_have_too_much_product_1528073051,Project ended or taking a break,project_stop,,Needs (SaaS),needs,7,,,u_cd79609f45399393,,,,0,60.0,,Canceled,2026-07-29T01:08:54.000Z,2026-07-29T01:09:18.000Z,2026-07-29T01:09:19.000Z,,19.78,2026-07-29T01:09:19.000Z,cancel,Valid Cancel,annual,2027-07-28T19:34:38.000Z,2027-07-28T19:34:38.000Z,5.0,5.0,60.0,Brightback,,,,,,,1709711,2026-07-28T19:34:36.000Z,,2026-07-28T19:34:38.000Z,,h_7e40aa79f4c98766,,1,2026-07-28T19:34:38.000Z,USD,u_cd79609f45399393,ACTIVE,h_8ec4cbcd916a4661,[name],60.0,annual_plus,,2026-07-28T19:34:38.000Z,teacher,,1,annual_plus,2026-07-28T19:34:38.000Z,_UNKNOWN,6000,YEAR,annual_plus,,Middle School,[name],2027-07-28T19:34:38.000Z,,500,,2027-07-28T19:34:38.000Z,2026-07-28T19:34:38.000Z,6000,[name],,https://www.supersummary.com/subscription,https://www.supersummary.com/subscription/confirming/cancel,,Teacher Experience [July 2025] [40% one-time / Modal],,07-28-2026,,07-29-2026,07-28-2026,07-28-2026,07-28-2026,,07-28-2026,07-28-2027
Wg7T0Fb_8f16746f8e233c25,AzZadJVN8ggZy4qp2,,Teachers; fallback,,,[name],[name],,I only needed SuperSummary for a short time,i_have_too_much_product_1528073051,Project ended or taking a break,project_stop,,Needs (SaaS),needs,1,,,u_c94e1d82edab0fc8,,,,0,,,Canceled,2026-07-29T00:15:39.000Z,2026-07-29T00:16:15.000Z,2026-07-29T00:16:15.000Z,,19.82,2026-07-29T00:16:15.000Z,cancel,Valid Cancel,monthly,2026-08-21T01:52:22.000Z,2026-08-21T01:52:22.000Z,9.95,9.95,9.95,Brightback,,,,,,,AzZadJVN8ggZy4qp2,2026-06-21T01:52:20.000Z,,2026-06-21T01:52:22.000Z,,h_d2e495659707da6f,,1,2026-06-21T01:52:22.000Z,USD,u_c94e1d82edab0fc8,ACTIVE,h_171c7d8ea61e3f8a,[name],,,,2026-07-21T01:52:22.000Z,teacher,,1,monthly_essentials,2026-06-21T01:52:22.000Z,_UNKNOWN,995,MONTH,,,College,[name],2026-08-21T01:52:22.000Z,,995,,2026-08-21T01:52:22.000Z,2026-06-21T01:52:22.000Z,995,,,,,,Teacher Experience [July 2025] [40% one-time / Modal],,06-21-2026,,07-29-2026,06-21-2026,06-21-2026,06-21-2026,,06-21-2026,08-21-2026
Wg7SNNM_a9292b9666497e16,131440,,Students; Annual,,,[name],[name],[name],I only needed SuperSummary for a short time,i_have_too_much_product_1528073051,Project ended or taking a break,project_stop,,Needs (SaaS),needs,5,,,u_fd7d8c231e32ca59,,,,0,36.0,,Canceled,2026-07-28T23:23:30.000Z,2026-07-28T23:23:43.000Z,2026-07-28T23:23:43.000Z,,19.86,2026-07-28T23:24:08.000Z,cancel,Valid Cancel,annual,2027-01-21T05:04:22.000Z,2027-01-21T05:04:22.000Z,3.0,3.0,36.0,Brightback,,,,,,,131440,2022-01-21T05:04:21.000Z,,2022-01-21T05:04:22.000Z,,h_a6025de0bc491935,,1,2022-01-21T05:04:22.000Z,USD,u_fd7d8c231e32ca59,ACTIVE,h_8b16643fbdda681a,[name],36.0,annual,,2026-01-21T05:04:22.000Z,student,,1,annual,2022-01-21T05:04:22.000Z,_UNKNOWN,3600,YEAR,annual,,College,[name],2027-01-21T05:04:22.000Z,,300,,2027-01-21T05:04:22.000Z,2022-01-21T05:04:22.000Z,3600,[name],,https://www.supersummary.com/subscription,https://www.supersummary.com/subscription/confirming/cancel,,Student Experience [July 2025] [25% one-time / No Entry Modal],,01-21-2022,,07-28-2026,01-21-2022,01-21-2022,01-21-2022,,01-21-2022,01-21-2027
Wg7SLLT_838f77bf18e2a18f,AzqHcUUpupxv4EwAW,,fallback,,,[name],[name],,I only needed SuperSummary for a short time,i_have_too_much_product_1528073051,Project ended or taking a break,project_stop,,Needs (SaaS),needs,5,,,u_36c1b94ea385c623,,,,0,,,Canceled,2026-07-28T21:21:35.000Z,2026-07-28T21:22:13.000Z,2026-07-28T21:22:13.000Z,,19.94,2026-07-28T21:22:13.000Z,cancel,Valid Cancel,annual,2027-07-03T19:08:21.000Z,2027-07-03T19:08:21.000Z,3.0,3.0,36.0,Brightback,,,,,,,AzqHcUUpupxv4EwAW,2025-07-03T19:08:19.000Z,,2025-07-03T19:08:21.000Z,,h_276919b0dbc6c0a4,,1,2025-07-03T19:08:21.000Z,USD,u_36c1b94ea385c623,ACTIVE,h_f44480ee86929b93,[name],,,,2026-07-03T19:08:21.000Z,other,,1,annual,2025-07-03T19:08:21.000Z,_UNKNOWN,3600,YEAR,,,,[name],2027-07-03T19:08:21.000Z,,300,,2027-07-03T19:08:21.000Z,2025-07-03T19:08:21.000Z,3600,,,,,,Default/Fallback [July 2025] [25% one time / No entry modal],,07-03-2025,,07-28-2026,07-03-2025,07-03-2025,07-03-2025,,07-03-2025,07-03-2027
Wg7SKvt_a39aad241b1ef478,1709790,,Students; fallback,,,[name],[name],[name],I only needed SuperSummary for a short time,i_have_too_much_product_1528073051,Project ended or taking a break,project_stop,,Needs (SaaS),needs,9,,,u_485ea6edb340c628,,,,0,60.0,,Canceled,2026-07-28T20:58:00.000Z,2026-07-28T20:58:26.000Z,2026-07-28T20:58:27.000Z,,19.96,2026-07-28T20:58:27.000Z,cancel,Valid Cancel,annual,2027-07-28T20:56:38.000Z,2027-07-28T20:56:38.000Z,5.0,5.0,60.0,Brightback,,,,,,,1709790,2026-07-28T20:56:37.000Z,,2026-07-28T20:56:38.000Z,,h_22efa79376b0a384,,1,2026-07-28T20:56:38.000Z,USD,u_485ea6edb340c628,ACTIVE,h_1b4a6e59b90a1fd5,[name],60.0,annual_plus,,2026-07-28T20:56:38.000Z,student,,1,annual_plus,2026-07-28T20:56:38.000Z,_UNKNOWN,6000,YEAR,annual_plus,,High School,[name],2027-07-28T20:56:38.000Z,,500,,2027-07-28T20:56:38.000Z,2026-07-28T20:56:38.000Z,6000,[name],,https://www.supersummary.com/subscription,https://www.supersummary.com/subscription/confirming/cancel,,Student Experience [July 2025] [25% one-time / No Entry Modal],,07-28-2026,,07-28-2026,07-28-2026,07-28-2026,07-28-2026,,07-28-2026,07-28-2027
Wg7SJlf_bf33a17439b9fd7f,1703045,,Book Club Members; fallback,,,[name],[name],[name],I only needed SuperSummary for a short time,i_have_too_much_product_1528073051,Project ended or taking a break,project_stop,,Needs (SaaS),needs,10,I'll be back for this in the near future.,,u_490726aaee82d60e,it was a good experience,,,1,16.65,,Canceled,2026-07-28T19:47:48.000Z,2026-07-28T19:48:56.000Z,2026-07-28T19:48:56.000Z,,20.01,2026-07-28T19:48:56.000Z,cancel,Valid Cancel,monthly,2026-08-22T01:30:18.000Z,2026-08-22T01:30:18.000Z,16.65,16.65,16.65,Brightback,,,,,,,1703045,2026-07-22T01:30:17.000Z,,2026-07-22T01:30:18.000Z,,h_ca96e5a969d060b3,,1,2026-07-22T01:30:18.000Z,USD,u_490726aaee82d60e,ACTIVE,h_bf84b5515fd2adbc,[name],16.65,monthly_plus,,2026-07-22T01:30:18.000Z,book_club_member,,1,monthly_plus,2026-07-22T01:30:18.000Z,_UNKNOWN,1665,MONTH,monthly_plus,,,[name],2026-08-22T01:30:18.000Z,,1665,,2026-08-22T01:30:18.000Z,2026-07-22T01:30:18.000Z,1665,[name],,https://www.supersummary.com/subscription,https://www.supersummary.com/subscription/confirming/cancel,,BCM Experience [July 2025] [25% one-time / No Entry Modal],,07-22-2026,,07-28-2026,07-22-2026,07-22-2026,07-22-2026,,07-22-2026,08-22-2026
Wg7SHYh_98d4873adc88f4e3,16CTLjVKCR87E2qyY,,Teachers; fallback,,,[name],[name],,I only needed SuperSummary for a short time,i_have_too_much_product_1528073051,Project ended or taking a break,project_stop,,Needs (SaaS),needs,5,,,u_d0c1d855c1a586e2,,,,0,,,Canceled,2026-07-28T17:34:44.000Z,2026-07-28T17:35:13.000Z,2026-07-28T17:35:13.000Z,,20.1,2026-07-28T17:35:13.000Z,cancel,Valid Cancel,monthly,2026-08-20T21:49:01.000Z,2026-08-20T21:49:01.000Z,9.95,9.95,9.95,Brightback,,,,,,,16CTLjVKCR87E2qyY,2026-05-20T21:49:00.000Z,,2026-05-20T21:49:01.000Z,,h_a07eba5164f34e47,,1,2026-05-20T21:49:01.000Z,USD,u_d0c1d855c1a586e2,ACTIVE,h_9e2561afe2a031bf,[name],,,,2026-07-20T21:49:01.000Z,teacher,,1,monthly_essentials,2026-05-20T21:49:01.000Z,_UNKNOWN,995,MONTH,,,High School,[name],2026-08-20T21:49:01.000Z,,995,,2026-08-20T21:49:01.000Z,2026-05-20T21:49:01.000Z,995,,,,,,Teacher Experience [July 2025] [40% one-time / Modal],,05-20-2026,,07-28-2026,05-20-2026,05-20-2026,05-20-2026,,05-20-2026,08-20-2026
Wg7SHQZ_832a601a99cf81ad,1270334,,Book Club Members; Annual,,,[name],[name],[name],I only needed SuperSummary for a short time,i_have_too_much_product_1528073051,Project ended or taking a break,project_stop,,Needs (SaaS),needs,1,None,,u_eea57cc2addbf70b,None,,,1,36.0,,Canceled,2026-07-28T17:27:06.000Z,2026-07-28T17:28:00.000Z,2026-07-28T17:28:00.000Z,,20.1,2026-07-28T17:28:00.000Z,cancel,Valid Cancel,annual,2027-07-28T15:50:36.000Z,2027-07-28T15:50:36.000Z,3.0,3.0,36.0,Brightback,,,,,,,1270334,2025-07-28T15:50:34.000Z,,2025-07-28T15:50:36.000Z,,h_13ffc87c51244606,,1,2025-07-28T15:50:36.000Z,USD,u_eea57cc2addbf70b,ACTIVE,h_d86c80869fd0d716,[name],36.0,annual,,2026-07-28T15:50:36.000Z,book_club_member,,1,annual,2025-07-28T15:50:36.000Z,_UNKNOWN,3600,YEAR,annual,,,[name],2027-07-28T15:50:36.000Z,,300,,2027-07-28T15:50:36.000Z,2025-07-28T15:50:36.000Z,3600,[name],,https://www.supersummary.com/subscription,https://www.supersummary.com/subscription/confirming/cancel,,BCM Experience [July 2025] [25% one-time / No Entry Modal],,07-28-2025,,07-28-2026,07-28-2025,07-28-2025,07-28-2025,,07-28-2025,07-28-2027
Wg7SHf7_94987893d23767c0,550280,,fallback,,,[name],[name],[name],I only needed SuperSummary for a short time,i_have_too_much_product_1528073051,Project ended or taking a break,project_stop,,Needs (SaaS),needs,10,,,u_404a380d5a46d5f7,,,,0,36.0,,Canceled,2026-07-28T17:41:18.000Z,2026-07-28T17:42:44.000Z,2026-07-28T17:42:45.000Z,,20.09,2026-07-28T17:42:59.000Z,cancel,Valid Cancel,annual,2026-08-28T22:10:46.000Z,2026-08-28T22:10:46.000Z,3.0,3.0,36.0,Brightback,,,,,,,550280,2025-08-28T22:10:43.000Z,,2025-08-28T22:10:46.000Z,,h_22c4f4926e47e390,,1,2025-08-28T22:10:46.000Z,USD,u_404a380d5a46d5f7,ACTIVE,h_89a0c0ca27e62f4c,[name],36.0,annual,,2025-08-28T22:10:46.000Z,other,,1,annual,2025-08-28T22:10:46.000Z,_UNKNOWN,3600,YEAR,annual,,,[name],2026-08-28T22:10:46.000Z,,300,,2026-08-28T22:10:46.000Z,2025-08-28T22:10:46.000Z,3600,[name],,https://www.supersummary.com/subscription,https://www.supersummary.com/subscription/confirming/cancel,,Default/Fallback [July 2025] [25% one time / No entry modal],,08-28-2025,,07-28-2026,08-28-2025,08-28-2025,08-28-2025,,08-28-2025,08-28-2026
Wg7SGwp_a3f2974560b2120b,16CGWkUJY71bK4IWn,,Book Club Members; Annual,,,[name],[name],,I only needed SuperSummary for a short time,i_have_too_much_product_1528073051,Project ended or taking a break,project_stop,,Needs (SaaS),needs,1,,,u_e099132f26ee7e34,,,,0,,,Canceled,2026-07-28T16:58:53.000Z,2026-07-28T16:59:06.000Z,2026-07-28T16:59:07.000Z,,20.12,2026-07-28T16:59:07.000Z,cancel,Valid Cancel,annual,2027-07-25T14:27:41.000Z,2027-07-25T14:27:41.000Z,3.0,3.0,36.0,Brightback,,,,,,,16CGWkUJY71bK4IWn,2024-07-25T14:27:38.000Z,,2024-07-25T14:27:41.000Z,,h_9ddb5b8b4918a83f,,1,2024-07-25T14:27:41.000Z,USD,u_e099132f26ee7e34,ACTIVE,h_8989e72d62eb32de,[name],,,,2026-07-25T14:27:41.000Z,book_club_member,,1,annual,2024-07-25T14:27:41.000Z,_UNKNOWN,3600,YEAR,,,,[name],2027-07-25T14:27:41.000Z,,300,,2027-07-25T14:27:41.000Z,2024-07-25T14:27:41.000Z,3600,,,,,,BCM Experience [July 2025] [25% one-time / No Entry Modal],,07-25-2024,,07-28-2026,07-25-2024,07-25-2024,07-25-2024,,07-25-2024,07-25-2027
Wg7SGVW_9c260154e396295f,1707297,,Students; fallback,,,[name],[name],[name],I only needed SuperSummary for a short time,i_have_too_much_product_1528073051,Project ended or taking a break,project_stop,,Needs (SaaS),needs,5,Nothing,,u_81bde7f4747da568,You did great,,,1,9.95,,Canceled,2026-07-28T16:31:38.000Z,2026-07-28T16:32:43.000Z,2026-07-28T16:32:43.000Z,,20.14,2026-07-28T16:32:43.000Z,cancel,Valid Cancel,monthly,2026-08-26T15:49:56.000Z,2026-08-26T15:49:56.000Z,9.95,9.95,9.95,Brightback,,,,,,,1707297,2026-07-26T15:49:52.000Z,,2026-07-26T15:49:56.000Z,,h_e5a357c2c4948e80,,1,2026-07-26T15:49:56.000Z,USD,u_81bde7f4747da568,ACTIVE,h_5cec82a9ddfce200,[name],9.95,monthly_essentials,,2026-07-26T15:49:56.000Z,student,,1,monthly_essentials,2026-07-26T15:49:56.000Z,_UNKNOWN,995,MONTH,monthly_essentials,,High School,[name],2026-08-26T15:49:56.000Z,,995,,2026-08-26T15:49:56.000Z,2026-07-26T15:49:56.000Z,995,[name],,https://www.supersummary.com/subscription,https://www.supersummary.com/subscription/confirming/cancel,,Student Experience [July 2025] [25% one-time / No Entry Modal],,07-26-2026,,07-28-2026,07-26-2026,07-26-2026,07-26-2026,,07-26-2026,08-26-2026
Wg7SGB6_9442f63f7ef5ff14,1708197,,Teachers; fallback,,,[name],[name],[name],I only needed SuperSummary for a short time,i_have_too_much_product_1528073051,Project ended or taking a break,project_stop,,Needs (SaaS),needs,5,,,u_2190aeca05ab1a0d,,,,0,36.0,,Canceled,2026-07-28T16:11:13.000Z,2026-07-28T16:11:52.000Z,2026-07-28T16:11:52.000Z,,20.16,2026-07-28T16:11:52.000Z,cancel,Valid Cancel,annual,2027-07-27T14:53:55.000Z,2027-07-27T14:53:55.000Z,3.0,3.0,36.0,Brightback,,,,,,,1708197,2026-07-27T14:03:02.000Z,,2026-07-27T14:53:55.000Z,,h_b5e7a38c52f4b680,,1,2026-07-27T14:53:55.000Z,USD,u_2190aeca05ab1a0d,ACTIVE,h_77dc076103e69d43,[name],36.0,annual_essentials,,2026-07-27T14:53:55.000Z,teacher,,1,annual_essentials,2026-07-27T14:53:55.000Z,_UNKNOWN,3600,YEAR,annual_essentials,,High School,[name],2027-07-27T14:53:55.000Z,,300,,2027-07-27T14:53:55.000Z,2026-07-27T14:53:55.000Z,3600,[name],,https://www.supersummary.com/subscription,https://www.supersummary.com/subscription/confirming/cancel,,Teacher Experience [July 2025] [40% one-time / Modal],,07-27-2026,,07-28-2026,07-27-2026,07-27-2026,07-27-2026,,07-27-2026,07-27-2027
Wg7SFMa_901f0a34ca207119,1693035,,Book Club Members; fallback,,,[name],[name],[name],I only needed SuperSummary for a short time,i_have_too_much_product_1528073051,Project ended or taking a break,project_stop,,Needs (SaaS),needs,5, Na,,u_8a0c2c66bb32f06e,Na,,,1,9.95,,Canceled,2026-07-28T15:22:42.000Z,2026-07-28T15:23:05.000Z,2026-07-28T15:23:05.000Z,,20.19,2026-07-28T15:23:05.000Z,cancel,Valid Cancel,monthly,2026-08-09T02:01:52.000Z,2026-08-09T02:01:52.000Z,9.95,9.95,9.95,Brightback,,,,,,,1693035,2026-07-09T02:01:49.000Z,,2026-07-09T02:01:52.000Z,,h_1dcefd60e634a3a9,,1,2026-07-09T02:01:52.000Z,USD,u_8a0c2c66bb32f06e,ACTIVE,h_07f77cd0031625a3,[name],9.95,monthly_essentials,,2026-07-09T02:01:52.000Z,book_club_member,,1,monthly_essentials,2026-07-09T02:01:52.000Z,_UNKNOWN,995,MONTH,monthly_essentials,,,[name],2026-08-09T02:01:52.000Z,,995,,2026-08-09T02:01:52.000Z,2026-07-09T02:01:52.000Z,995,[name],,https://www.supersummary.com/subscription,https://www.supersummary.com/subscription/confirming/cancel,,BCM Experience [July 2025] [25% one-time / No Entry Modal],,07-09-2026,,07-28-2026,07-09-2026,07-09-2026,07-09-2026,,07-09-2026,08-09-2026
Wg7SFkf_804497867b56a544,169uHaVO7oV7R90Of,,Students; fallback,,,[name],[name],,I only needed SuperSummary for a short time,i_have_too_much_product_1528073051,Project ended or taking a break,project_stop,,Needs (SaaS),needs,8,,,u_51ff4b43b425e7ee,,,,0,,,Canceled,2026-07-28T15:46:45.000Z,2026-07-28T15:47:03.000Z,2026-07-28T15:47:04.000Z,,20.17,2026-07-28T15:47:04.000Z,cancel,Valid Cancel,monthly,2026-08-01T12:46:01.000Z,2026-08-01T12:46:01.000Z,16.65,16.65,16.65,Brightback,,,,,,,169uHaVO7oV7R90Of,2026-07-01T12:45:25.000Z,,2026-07-01T12:46:01.000Z,,h_de7b5ee21ec04f2d,,1,2026-07-01T12:46:01.000Z,USD,u_51ff4b43b425e7ee,ACTIVE,h_3118dffc8eb458be,[name],,,,2026-07-01T12:46:01.000Z,student,,1,monthly_plus,2026-07-01T12:46:01.000Z,_UNKNOWN,1665,MONTH,,,College,[name],2026-08-01T12:46:01.000Z,,1665,,2026-08-01T12:46:01.000Z,2026-07-01T12:46:01.000Z,1665,,,,,,Student Experience [July 2025] [25% one-time / No Entry Modal],,07-01-2026,,07-28-2026,07-01-2026,07-01-2026,07-01-2026,,07-01-2026,08-01-2026
Wg7SFcS_bfb56aceafef9533,AzZKCtVQbcT2s3gqK,,Parents; fallback,,,[name],[name],,I only needed SuperSummary for a short time,i_have_too_much_product_1528073051,Project ended or taking a break,project_stop,,Needs (SaaS),needs,8,,,u_bec8612e1de7520d,,,,0,,,Canceled,2026-07-28T15:38:32.000Z,2026-07-28T15:38:59.000Z,2026-07-28T15:38:59.000Z,,20.18,2026-07-28T15:38:59.000Z,cancel,Valid Cancel,annual,2027-07-27T20:04:09.000Z,2027-07-27T20:04:09.000Z,5.0,5.0,60.0,Brightback,,,,,,,AzZKCtVQbcT2s3gqK,2026-07-27T20:04:00.000Z,,2026-07-27T20:04:09.000Z,,h_87bcba8d84c2701f,,1,2026-07-27T20:04:09.000Z,USD,u_bec8612e1de7520d,ACTIVE,h_c3dcd7bb972b04fa,[name],,,,2026-07-27T20:04:09.000Z,parent_of_student,,1,annual_plus,2026-07-27T20:04:09.000Z,_UNKNOWN,6000,YEAR,,,Middle School,[name],2027-07-27T20:04:09.000Z,,500,,2027-07-27T20:04:09.000Z,2026-07-27T20:04:09.000Z,6000,,,,,,Parent Experience [July 2025] [25% one-time / No Entry Modal],,07-27-2026,,07-28-2026,07-27-2026,07-27-2026,07-27-2026,,07-27-2026,07-27-2027
Wg7SFCA_9ed21207e5bf38dd,1491304,,Teachers; fallback,,,[name],[name],[name],I only needed SuperSummary for a short time,i_have_too_much_product_1528073051,Project ended or taking a break,project_stop,,Needs (SaaS),needs,2,,,u_b6b1b97aefb71a26,,,,0,9.95,,Canceled,2026-07-28T15:12:12.000Z,2026-07-28T15:12:31.000Z,2026-07-28T15:12:32.000Z,,20.2,2026-07-28T15:12:32.000Z,cancel,Valid Cancel,monthly,2026-08-28T12:12:01.000Z,2026-08-28T12:12:01.000Z,9.95,9.95,9.95,Brightback,,,,,,,1491304,2026-01-28T12:11:58.000Z,,2026-01-28T12:12:01.000Z,,h_4c74e221ac1827c9,,1,2026-01-28T12:12:01.000Z,USD,u_b6b1b97aefb71a26,ACTIVE,h_a1b9579c20800b60,[name],9.95,monthly_essentials,,2026-07-28T12:12:01.000Z,teacher,,1,monthly_essentials,2026-01-28T12:12:01.000Z,_UNKNOWN,995,MONTH,monthly_essentials,,Middle School,[name],2026-08-28T12:12:01.000Z,,995,,2026-08-28T12:12:01.000Z,2026-01-28T12:12:01.000Z,995,[name],,https://www.supersummary.com/subscription,https://www.supersummary.com/subscription/confirming/cancel,,Teacher Experience [July 2025] [40% one-time / Modal],,01-28-2026,,07-28-2026,01-28-2026,01-28-2026,01-28-2026,,01-28-2026,08-28-2026
Wg7SEVS_8c00737c90d78765,AzqTZdVOVEMnD9KO3,,Book Club Members; fallback,,,[name],[name],,I only needed SuperSummary for a short time,i_have_too_much_product_1528073051,Project ended or taking a break,project_stop,,Needs (SaaS),needs,8,I only needed to use it for a short time and won’t be using a different service. It was very helpful and if I need something like this in th,,u_b34cbbecb0670583,,,,0,,,Canceled,2026-07-28T14:31:32.000Z,2026-07-28T14:32:21.000Z,2026-07-28T14:32:22.000Z,,20.22,2026-07-28T14:32:22.000Z,cancel,Valid Cancel,annual,2027-07-05T12:53:01.000Z,2027-07-05T12:53:01.000Z,5.0,5.0,60.0,Brightback,,,,,,,AzqTZdVOVEMnD9KO3,2026-07-05T12:53:00.000Z,,2026-07-05T12:53:01.000Z,,h_15b39a9d67ccff8f,,1,2026-07-05T12:53:01.000Z,USD,u_b34cbbecb0670583,ACTIVE,h_c717002a00ec8dc5,[name],,,,2026-07-05T12:53:01.000Z,book_club_member,,1,annual_plus,2026-07-05T12:53:01.000Z,_UNKNOWN,6000,YEAR,,,,[name],2027-07-05T12:53:01.000Z,,500,,2027-07-05T12:53:01.000Z,2026-07-05T12:53:01.000Z,6000,,,,,,BCM Experience [July 2025] [25% one-time / No Entry Modal],,07-05-2026,,07-28-2026,07-05-2026,07-05-2026,07-05-2026,,07-05-2026,07-05-2027
Wg7SEts_b220570f7585734e,AzqKYJV4nb75x1fYI,,fallback,,,[name],[name],,I only needed SuperSummary for a short time,i_have_too_much_product_1528073051,Project ended or taking a break,project_stop,,Needs (SaaS),needs,5,,,u_bfd1a5c16494b875,"Great resource, but I do not need it anymore.",,,1,,,Canceled,2026-07-28T14:56:04.000Z,2026-07-28T14:57:02.000Z,2026-07-28T14:57:02.000Z,,20.21,2026-07-28T14:57:02.000Z,cancel,Valid Cancel,annual,2026-12-08T14:38:40.000Z,2026-12-08T14:38:40.000Z,5.0,5.0,60.0,Brightback,,,,,,,AzqKYJV4nb75x1fYI,2025-12-08T14:38:37.000Z,,2025-12-08T14:38:40.000Z,,h_f42a8be8b231f578,,1,2025-12-08T14:38:40.000Z,USD,u_bfd1a5c16494b875,ACTIVE,h_2d3e1f80a419d5c7,[name],,,,2025-12-08T14:38:40.000Z,other,,1,annual_plus,2025-12-08T14:38:40.000Z,_UNKNOWN,6000,YEAR,,,,[name],2026-12-08T14:38:40.000Z,,500,,2026-12-08T14:38:40.000Z,2025-12-08T14:38:40.000Z,6000,,,,,,Default/Fallback [July 2025] [25% one time / No entry modal],,12-08-2025,,07-28-2026,12-08-2025,12-08-2025,12-08-2025,,12-08-2025,12-08-2026
Wg7SEFA_950afb2ff67ea5e4,AzZdC9VPsD1JxHTE,,Students; fallback,,,[name],[name],,I only needed SuperSummary for a short time,i_have_too_much_product_1528073051,Project ended or taking a break,project_stop,,Needs (SaaS),needs,6,Nothing,,u_05b124469c3572eb,It was good enough,,,1,,,Canceled,2026-07-28T14:15:12.000Z,2026-07-28T14:15:44.000Z,2026-07-28T14:15:44.000Z,,20.24,2026-07-28T14:15:44.000Z,cancel,Valid Cancel,monthly,2026-08-20T01:40:49.000Z,2026-08-20T01:40:49.000Z,9.95,9.95,9.95,Brightback,,,,,,,AzZdC9VPsD1JxHTE,2026-07-20T01:40:47.000Z,,2026-07-20T01:40:49.000Z,,h_d69ea13b65461e81,,1,2026-07-20T01:40:49.000Z,USD,u_05b124469c3572eb,ACTIVE,h_07758d8fda3eb2ca,[name],,,,2026-07-20T01:40:49.000Z,student,,1,monthly_essentials,2026-07-20T01:40:49.000Z,_UNKNOWN,995,MONTH,,,High School,[name],2026-08-20T01:40:49.000Z,,995,,2026-08-20T01:40:49.000Z,2026-07-20T01:40:49.000Z,995,,,,,,Student Experience [July 2025] [25% one-time / No Entry Modal],,07-20-2026,,07-28-2026,07-20-2026,07-20-2026,07-20-2026,,07-20-2026,08-20-2026
Wg7SEDJ_97194767670ccbe4,6oqDVUJpQeVoMrNh,,Book Club Members; Annual,,,[name],[name],,I only needed SuperSummary for a short time,i_have_too_much_product_1528073051,Project ended or taking a break,project_stop,,Needs (SaaS),needs,1,Nothing,,u_cf3999379fde5543,Didn't use this at all. Had nondescript it existed until I saw the $40 charge.,,,1,,,Canceled,2026-07-28T14:13:22.000Z,2026-07-28T14:14:33.000Z,2026-07-28T14:14:33.000Z,,20.24,2026-07-28T14:14:33.000Z,cancel,Valid Cancel,annual,2027-07-28T13:32:16.000Z,2027-07-28T13:32:16.000Z,3.0,3.0,36.0,Brightback,,,,,,,6oqDVUJpQeVoMrNh,2024-07-28T13:32:14.000Z,,2024-07-28T13:32:16.000Z,,h_354218376a843c46,,1,2024-07-28T13:32:16.000Z,USD,u_cf3999379fde5543,ACTIVE,h_44aeb01f56e79c4b,[name],,,,2026-07-28T13:32:16.000Z,book_club_member,,1,annual,2024-07-28T13:32:16.000Z,_UNKNOWN,3600,YEAR,,,,[name],2027-07-28T13:32:16.000Z,,300,,2027-07-28T13:32:16.000Z,2024-07-28T13:32:16.000Z,3600,,,,,,BCM Experience [July 2025] [25% one-time / No Entry Modal],,07-28-2024,,07-28-2026,07-28-2024,07-28-2024,07-28-2024,,07-28-2024,07-28-2027
Wg7SEAp_b893737d5448babc,1707655,,Students; fallback,,,[name],[name],[name],I only needed SuperSummary for a short time,i_have_too_much_product_1528073051,Project ended or taking a break,project_stop,,Needs (SaaS),needs,1,,,u_8e4577edea9c5df8,,,,0,36.0,,Canceled,2026-07-28T14:10:59.000Z,2026-07-28T14:11:36.000Z,2026-07-28T14:11:37.000Z,,20.24,2026-07-28T14:11:37.000Z,cancel,Valid Cancel,annual,2026-07-28T14:52:10.000Z,2026-07-28T14:52:10.000Z,3.0,3.0,36.0,Brightback,,,,,,,1707655,2026-07-26T21:42:50.000Z,,2026-07-26T21:42:53.000Z,,h_de694549f2a15f5d,,1,2026-07-26T21:42:53.000Z,USD,u_8e4577edea9c5df8,ACTIVE,h_47838e893377fe97,[name],36.0,annual_essentials,,2026-07-26T21:42:53.000Z,student,,1,annual_essentials,2026-07-26T21:42:53.000Z,_UNKNOWN,3600,YEAR,annual_essentials,,College,[name],2027-07-26T21:42:53.000Z,,300,,2027-07-26T21:42:53.000Z,2026-07-26T21:42:53.000Z,3600,[name],,https://www.supersummary.com/subscription,https://www.supersummary.com/subscription/confirming/cancel,,Student Experience [July 2025] [25% one-time / No Entry Modal],,07-26-2026,,07-28-2026,07-26-2026,07-26-2026,07-26-2026,,07-26-2026,07-26-2027
Wg7SDZj_9122607314ffb159,16BSJ5VKGDqMH1BDb,,Book Club Members; fallback,,,[name],[name],,I only needed SuperSummary for a short time,i_have_too_much_product_1528073051,Project ended or taking a break,project_stop,,Needs (SaaS),needs,1,,,u_1f6ea094cf72d2ea,,,,0,,,Canceled,2026-07-28T13:35:48.000Z,2026-07-28T13:36:57.000Z,2026-07-28T13:36:57.000Z,,20.26,2026-07-28T13:36:57.000Z,cancel,Valid Cancel,monthly,2026-08-21T13:21:20.000Z,2026-08-21T13:21:20.000Z,9.95,9.95,9.95,Brightback,,,,,,,16BSJ5VKGDqMH1BDb,2026-05-21T13:21:19.000Z,,2026-05-21T13:21:20.000Z,,h_ad17898378d7841b,,1,2026-05-21T13:21:20.000Z,USD,u_1f6ea094cf72d2ea,ACTIVE,h_d908dff0fbced1a1,[name],,,,2026-07-21T13:21:20.000Z,book_club_member,,1,monthly_essentials,2026-05-21T13:21:20.000Z,_UNKNOWN,995,MONTH,,,,[name],2026-08-21T13:21:20.000Z,,995,,2026-08-21T13:21:20.000Z,2026-05-21T13:21:20.000Z,995,,,,,,BCM Experience [July 2025] [25% one-time / No Entry Modal],,05-21-2026,,07-28-2026,05-21-2026,05-21-2026,05-21-2026,,05-21-2026,08-21-2026
Wg7SCpA_a9c133eb6d420e32,16BQKvVQeU1GCd3H,,Students; fallback,,,[name],[name],,I only needed SuperSummary for a short time,i_have_too_much_product_1528073051,Project ended or taking a break,project_stop,,Needs (SaaS),needs,10,nothing,,u_d51ab0768997d12c,Nothing it was great,,,1,,,Canceled,2026-07-28T12:51:25.000Z,2026-07-28T12:52:11.000Z,2026-07-28T12:52:12.000Z,,20.29,2026-07-28T12:52:12.000Z,cancel,Valid Cancel,monthly,2026-08-28T07:49:24.000Z,2026-08-28T07:49:24.000Z,16.65,16.65,16.65,Brightback,,,,,,,16BQKvVQeU1GCd3H,2026-07-28T07:49:21.000Z,,2026-07-28T07:49:24.000Z,,h_8c9792734305859a,,1,2026-07-28T07:49:24.000Z,USD,u_d51ab0768997d12c,ACTIVE,h_761d328326ef97dc,[name],,,,2026-07-28T07:49:24.000Z,student,,1,monthly_plus,2026-07-28T07:49:24.000Z,_UNKNOWN,1665,MONTH,,,High School,[name],2026-08-28T07:49:24.000Z,,1665,,2026-08-28T07:49:24.000Z,2026-07-28T07:49:24.000Z,1665,,,,,,Student Experience [July 2025] [25% one-time / No Entry Modal],,07-28-2026,,07-28-2026,07-28-2026,07-28-2026,07-28-2026,,07-28-2026,08-28-2026
Wg7SCO8_8d1b19741172ae4a,169lcqVNrnVaf6KAr,,Book Club Members; fallback,,,[name],[name],,I only needed SuperSummary for a short time,i_have_too_much_product_1528073051,Project ended or taking a break,project_stop,,Needs (SaaS),needs,5,,,u_acac0e457fb9c71e,,,,0,,,Canceled,2026-07-28T12:24:10.000Z,2026-07-28T12:24:31.000Z,2026-07-28T12:24:31.000Z,,20.31,2026-07-28T12:24:31.000Z,cancel,Valid Cancel,annual,2027-06-28T19:01:43.000Z,2027-06-28T19:01:43.000Z,3.0,3.0,36.0,Brightback,,,,,,,169lcqVNrnVaf6KAr,2026-06-28T19:01:41.000Z,,2026-06-28T19:01:43.000Z,,h_6992dd8cc2f7279b,,1,2026-06-28T19:01:43.000Z,USD,u_acac0e457fb9c71e,ACTIVE,h_fb7ff89ae57f03d6,[name],,,,2026-06-28T19:01:43.000Z,book_club_member,,1,annual_essentials,2026-06-28T19:01:43.000Z,_UNKNOWN,3600,YEAR,,,,[name],2027-06-28T19:01:43.000Z,,300,,2027-06-28T19:01:43.000Z,2026-06-28T19:01:43.000Z,3600,,,,,,BCM Experience [July 2025] [25% one-time / No Entry Modal],,06-28-2026,,07-28-2026,06-28-2026,06-28-2026,06-28-2026,,06-28-2026,06-28-2027
Wg7SCbG_9b0e9c9d8da8ea53,AzqGYyVQ70YSo1XFA,,fallback,,,[name],[name],,I only needed SuperSummary for a short time,i_have_too_much_product_1528073051,Project ended or taking a break,project_stop,,Needs (SaaS),needs,5,,,u_a14ed0cbb22b8b0f,,,,0,,,Canceled,2026-07-28T12:37:27.000Z,2026-07-28T12:37:57.000Z,2026-07-28T12:37:58.000Z,,20.3,2026-07-28T12:37:58.000Z,cancel,Valid Cancel,monthly,2026-08-22T14:25:23.000Z,2026-08-22T14:25:23.000Z,9.95,9.95,9.95,Brightback,,,,,,,AzqGYyVQ70YSo1XFA,2026-07-22T14:25:20.000Z,,2026-07-22T14:25:23.000Z,,h_33050d6986766df9,,1,2026-07-22T14:25:23.000Z,USD,u_a14ed0cbb22b8b0f,ACTIVE,h_b927331f8687cba0,[name],,,,2026-07-22T14:25:23.000Z,other,,1,monthly_essentials,2026-07-22T14:25:23.000Z,_UNKNOWN,995,MONTH,,,,[name],2026-08-22T14:25:23.000Z,,995,,2026-08-22T14:25:23.000Z,2026-07-22T14:25:23.000Z,995,,,,,,Default/Fallback [July 2025] [25% one time / No entry modal],,07-22-2026,,07-28-2026,07-22-2026,07-22-2026,07-22-2026,,07-22-2026,08-22-2026
Wg7SBQL_bad82ecbd6812da0,608956,,Book Club Members; Annual,,,[name],[name],[name],I only needed SuperSummary for a short time,i_have_too_much_product_1528073051,Project ended or taking a break,project_stop,,Needs (SaaS),needs,2,reading,,u_05ccc1296d120d12,,,,0,36.0,,Canceled,2026-07-28T11:26:36.000Z,2026-07-28T11:27:21.000Z,2026-07-28T11:27:22.000Z,,20.35,2026-07-28T11:27:22.000Z,cancel,Valid Cancel,annual,2027-07-10T19:40:45.000Z,2027-07-10T19:40:45.000Z,3.0,3.0,36.0,Brightback,,,,,,,608956,2024-07-10T19:37:35.000Z,,2024-07-10T19:40:45.000Z,,h_156184cf6f967829,,1,2024-07-10T19:40:45.000Z,USD,u_05ccc1296d120d12,ACTIVE,h_b7e8cc73ae5902d9,[name],36.0,annual,,2026-07-10T19:40:45.000Z,book_club_member,,1,annual,2024-07-10T19:40:45.000Z,_UNKNOWN,3600,YEAR,annual,,,[name],2027-07-10T19:40:45.000Z,,300,,2027-07-10T19:40:45.000Z,2024-07-10T19:40:45.000Z,3600,[name],,https://www.supersummary.com/subscription,https://www.supersummary.com/subscription/confirming/cancel,,BCM Experience [July 2025] [25% one-time / No Entry Modal],,07-10-2024,,07-28-2026,07-10-2024,07-10-2024,07-10-2024,,07-10-2024,07-10-2027
Wg7SAHZ_826c4021fd1f3583,AzZdNlVPg42u12iXB,,Students; fallback,,,[name],[name],,I only needed SuperSummary for a short time,i_have_too_much_product_1528073051,Project ended or taking a break,project_stop,,Needs (SaaS),needs,4,nothing,,u_aec48ca06b547eb4,"there was nothing wrong with the experience, i just don't need a subscription anymore",,,1,,,Canceled,2026-07-28T10:17:39.000Z,2026-07-28T10:18:32.000Z,2026-07-28T10:18:32.000Z,,20.4,2026-07-28T10:18:32.000Z,cancel,Valid Cancel,annual,2027-07-17T23:49:54.000Z,2027-07-17T23:49:54.000Z,3.0,3.0,36.0,Brightback,,,,,,,AzZdNlVPg42u12iXB,2026-07-17T23:49:53.000Z,,2026-07-17T23:49:54.000Z,,h_6fe5fcbb8dbc3056,,1,2026-07-17T23:49:54.000Z,USD,u_aec48ca06b547eb4,ACTIVE,h_3cb42a1ab2306b2e,[name],,,,2026-07-17T23:49:54.000Z,student,,1,annual_essentials,2026-07-17T23:49:54.000Z,_UNKNOWN,3600,YEAR,,,College,[name],2027-07-17T23:49:54.000Z,,300,,2027-07-17T23:49:54.000Z,2026-07-17T23:49:54.000Z,3600,,,,,,Student Experience [July 2025] [25% one-time / No Entry Modal],,07-17-2026,,07-28-2026,07-17-2026,07-17-2026,07-17-2026,,07-17-2026,07-17-2027
Wg7S6te_8a7cc234f0311040,1709105,,Book Club Members; fallback,,,[name],[name],[name],I only needed SuperSummary for a short time,i_have_too_much_product_1528073051,Project ended or taking a break,project_stop,,Needs (SaaS),needs,3,,,u_4040e8fcf7d0db73,,,,0,60.0,,Canceled,2026-07-28T06:55:50.000Z,2026-07-28T06:56:46.000Z,2026-07-28T06:57:33.000Z,,20.54,2026-07-28T06:57:33.000Z,cancel,Valid Cancel,annual,2027-07-28T05:31:21.000Z,2027-07-28T05:31:21.000Z,5.0,5.0,60.0,Brightback,,,,,,,1709105,2026-07-28T05:31:19.000Z,,2026-07-28T05:31:21.000Z,,h_38d0426d4e41a1a3,,1,2026-07-28T05:31:21.000Z,USD,u_4040e8fcf7d0db73,ACTIVE,h_5fa51c85b9e042fe,[name],60.0,annual_plus,,2026-07-28T05:31:21.000Z,book_club_member,,1,annual_plus,2026-07-28T05:31:21.000Z,_UNKNOWN,6000,YEAR,annual_plus,,,[name],2027-07-28T05:31:21.000Z,,500,,2027-07-28T05:31:21.000Z,2026-07-28T05:31:21.000Z,6000,[name],,https://www.supersummary.com/subscription,https://www.supersummary.com/subscription/confirming/cancel,,BCM Experience [July 2025] [25% one-time / No Entry Modal],,07-28-2026,,07-28-2026,07-28-2026,07-28-2026,07-28-2026,,07-28-2026,07-28-2027
Wg7S65Z_9a7584820e401103,16BcBrVOFmdR42eKy,,Students; fallback,,,[name],[name],,I only needed SuperSummary for a short time,i_have_too_much_product_1528073051,Project ended or taking a break,project_stop,,Needs (SaaS),needs,10,,,u_7ee9254d106c411f,,,,0,,,Canceled,2026-07-28T06:05:38.000Z,2026-07-28T06:05:53.000Z,2026-07-28T06:05:53.000Z,,20.58,2026-07-28T06:05:53.000Z,cancel,Valid Cancel,monthly,2026-08-02T21:28:47.000Z,2026-08-02T21:28:47.000Z,9.95,9.95,9.95,Brightback,,,,,,,16BcBrVOFmdR42eKy,2026-07-02T21:28:44.000Z,,2026-07-02T21:28:47.000Z,,h_b782c9d7a5b2e535,,1,2026-07-02T21:28:47.000Z,USD,u_7ee9254d106c411f,ACTIVE,h_1625f7b6d4472ead,[name],,,,2026-07-02T21:28:47.000Z,student,,1,monthly_essentials,2026-07-02T21:28:47.000Z,_UNKNOWN,995,MONTH,,,College,[name],2026-08-02T21:28:47.000Z,,995,,2026-08-02T21:28:47.000Z,2026-07-02T21:28:47.000Z,995,,,,,,Student Experience [July 2025] [25% one-time / No Entry Modal],,07-02-2026,,07-28-2026,07-02-2026,07-02-2026,07-02-2026,,07-02-2026,08-02-2026
Wg7S5Or_9049c6b658457681,AzZkC7VQSfkSn1mjO,,Students; fallback,,,[name],[name],,I only needed SuperSummary for a short time,i_have_too_much_product_1528073051,Project ended or taking a break,project_stop,,Needs (SaaS),needs,4,,,u_5d7987805885f212,,,,0,,,Canceled,2026-07-28T05:24:56.000Z,2026-07-28T05:25:27.000Z,2026-07-28T05:25:27.000Z,,20.6,2026-07-28T05:25:27.000Z,cancel,Valid Cancel,annual,2027-07-26T07:20:44.000Z,2027-07-26T07:20:44.000Z,3.0,3.0,36.0,Brightback,,,,,,,AzZkC7VQSfkSn1mjO,2026-07-26T07:20:42.000Z,,2026-07-26T07:20:44.000Z,,h_3ecfef8dc85cb546,,1,2026-07-26T07:20:44.000Z,USD,u_5d7987805885f212,ACTIVE,h_050ced17f84abde0,[name],,,,2026-07-26T07:20:44.000Z,student,,1,annual_essentials,2026-07-26T07:20:44.000Z,_UNKNOWN,3600,YEAR,,,College,[name],2027-07-26T07:20:44.000Z,,300,,2027-07-26T07:20:44.000Z,2026-07-26T07:20:44.000Z,3600,,,,,,Student Experience [July 2025] [25% one-time / No Entry Modal],,07-26-2026,,07-28-2026,07-26-2026,07-26-2026,07-26-2026,,07-26-2026,07-26-2027
Wg7S4Oq_9088fc06ac817d5f,1699843,,Students; fallback,,,[name],[name],[name],I only needed SuperSummary for a short time,i_have_too_much_product_1528073051,Project ended or taking a break,project_stop,,Needs (SaaS),needs,8,,,u_227c58838bc16e17,,,,0,16.65,,Canceled,2026-07-28T04:25:00.000Z,2026-07-28T04:25:19.000Z,2026-07-28T04:25:19.000Z,,20.65,2026-07-28T04:25:19.000Z,cancel,Valid Cancel,monthly,2026-08-18T09:49:18.000Z,2026-08-18T09:49:18.000Z,16.65,16.65,16.65,Brightback,,,,,,,1699843,2026-07-18T09:49:15.000Z,,2026-07-18T09:49:18.000Z,,h_f211df578f4fabde,,1,2026-07-18T09:49:18.000Z,USD,u_227c58838bc16e17,ACTIVE,h_6583654d76e25fa6,[name],16.65,monthly_plus,,2026-07-18T09:49:18.000Z,student,,1,monthly_plus,2026-07-18T09:49:18.000Z,_UNKNOWN,1665,MONTH,monthly_plus,,College,[name],2026-08-18T09:49:18.000Z,,1665,,2026-08-18T09:49:18.000Z,2026-07-18T09:49:18.000Z,1665,[name],,https://www.supersummary.com/subscription,https://www.supersummary.com/subscription/confirming/cancel,,Student Experience [July 2025] [25% one-time / No Entry Modal],,07-18-2026,,07-28-2026,07-18-2026,07-18-2026,07-18-2026,,07-18-2026,08-18-2026
Wg7S3SE_8e82bee292e465bf,1709034,,fallback,,,[name],[name],[name],I only needed SuperSummary for a short time,i_have_too_much_product_1528073051,Project ended or taking a break,project_stop,,Needs (SaaS),needs,5,,,u_086ff2b076de2d9a,,,,0,36.0,,Canceled,2026-07-28T03:28:19.000Z,2026-07-28T03:28:52.000Z,2026-07-28T03:28:53.000Z,,20.69,2026-07-28T03:28:53.000Z,cancel,Valid Cancel,annual,2027-07-28T03:19:42.000Z,2027-07-28T03:19:42.000Z,3.0,3.0,36.0,Brightback,,,,,,,1709034,2026-07-28T03:19:41.000Z,,2026-07-28T03:19:42.000Z,,h_41fb9a27a0b08dc2,,1,2026-07-28T03:19:42.000Z,USD,u_086ff2b076de2d9a,ACTIVE,h_4e2222b52f493dd3,[name],36.0,annual_essentials,,2026-07-28T03:19:42.000Z,other,,1,annual_essentials,2026-07-28T03:19:42.000Z,_UNKNOWN,3600,YEAR,annual_essentials,,,[name],2027-07-28T03:19:42.000Z,,300,,2027-07-28T03:19:42.000Z,2026-07-28T03:19:42.000Z,3600,[name],,https://www.supersummary.com/subscription,https://www.supersummary.com/subscription/confirming/cancel,,Default/Fallback [July 2025] [25% one time / No entry modal],,07-28-2026,,07-28-2026,07-28-2026,07-28-2026,07-28-2026,,07-28-2026,07-28-2027
Wg7S3Cv_8875503a3f4b6196,1416558,,Book Club Members; fallback,,,[name],[name],[name],I only needed SuperSummary for a short time,i_have_too_much_product_1528073051,Project ended or taking a break,project_stop,,Needs (SaaS),needs,3,,,u_c5e5311116d4faac,,,,0,36.0,,Canceled,2026-07-28T03:13:20.000Z,2026-07-28T03:15:49.000Z,2026-07-28T03:15:49.000Z,,20.7,2026-07-28T03:15:49.000Z,cancel,Valid Cancel,annual,2026-11-20T22:43:55.000Z,2026-11-20T22:43:55.000Z,3.0,3.0,36.0,Brightback,,,,,,,1416558,2025-11-20T22:43:53.000Z,,2025-11-20T22:43:55.000Z,,h_75393c1403fecd75,,1,2025-11-20T22:43:55.000Z,USD,u_c5e5311116d4faac,ACTIVE,h_25dc33d834ca1b60,[name],36.0,annual_essentials,,2025-11-20T22:43:55.000Z,book_club_member,,1,annual_essentials,2025-11-20T22:43:55.000Z,_UNKNOWN,3600,YEAR,annual_essentials,,,[name],2026-11-20T22:43:55.000Z,,300,,2026-11-20T22:43:55.000Z,2025-11-20T22:43:55.000Z,3600,[name],,https://www.supersummary.com/subscription,https://www.supersummary.com/subscription/confirming/cancel,,BCM Experience [July 2025] [25% one-time / No Entry Modal],,11-20-2025,,07-28-2026,11-20-2025,11-20-2025,11-20-2025,,11-20-2025,11-20-2026
Wg7S2Mk_80cb76dda7d1fd1f,389897,,Teachers; Annual,,,[name],[name],[name],I only needed SuperSummary for a short time,i_have_too_much_product_1528073051,Project ended or taking a break,project_stop,,Needs (SaaS),needs,7,nothing,,u_7b3c0fe6d9f890e3,n/a,,,1,36.0,,Canceled,2026-07-28T02:22:54.000Z,2026-07-28T02:23:27.000Z,2026-07-28T02:23:27.000Z,,20.73,2026-07-28T02:23:27.000Z,cancel,Valid Cancel,annual,2027-07-19T22:50:08.000Z,2027-07-19T22:50:08.000Z,3.0,3.0,36.0,Brightback,,,,,,,389897,2023-07-19T22:50:06.000Z,,2023-07-19T22:50:08.000Z,,h_b01e5b649b5650ce,,1,2023-07-19T22:50:08.000Z,USD,u_7b3c0fe6d9f890e3,ACTIVE,h_b08c8f40c60aa246,[name],36.0,annual,,2026-07-19T22:50:08.000Z,teacher,,1,annual,2023-07-19T22:50:08.000Z,_UNKNOWN,3600,YEAR,annual,,High School,[name],2027-07-19T22:50:08.000Z,,300,,2027-07-19T22:50:08.000Z,2023-07-19T22:50:08.000Z,3600,[name],,https://www.supersummary.com/subscription,https://www.supersummary.com/subscription/confirming/cancel,,Teacher Experience [July 2025] [40% one-time / Modal],,07-19-2023,,07-28-2026,07-19-2023,07-19-2023,07-19-2023,,07-19-2023,07-19-2027
Wg7S0or_9fcee3f1b2ba2a92,1706055,,fallback,,,[name],[name],[name],I only needed SuperSummary for a short time,i_have_too_much_product_1528073051,Project ended or taking a break,project_stop,,Needs (SaaS),needs,6,,,u_56a4446dc5fab928,,,,0,9.95,,Canceled,2026-07-28T00:51:08.000Z,2026-07-28T00:51:25.000Z,2026-07-28T00:51:26.000Z,,20.79,2026-07-28T00:51:26.000Z,cancel,Valid Cancel,monthly,2026-08-27T19:54:55.000Z,2026-08-27T19:54:55.000Z,9.95,9.95,9.95,Brightback,,,,,,,1706055,2026-07-27T19:54:54.000Z,,2026-07-27T19:54:55.000Z,,h_31610d4803519968,,1,2026-07-27T19:54:55.000Z,USD,u_56a4446dc5fab928,ACTIVE,h_c892f1eb14c465c8,[name],9.95,monthly_essentials,,2026-07-27T19:54:55.000Z,other,,1,monthly_essentials,2026-07-27T19:54:55.000Z,_UNKNOWN,995,MONTH,monthly_essentials,,,[name],2026-08-27T19:54:55.000Z,,995,,2026-08-27T19:54:55.000Z,2026-07-27T19:54:55.000Z,995,[name],,https://www.supersummary.com/subscription,https://www.supersummary.com/subscription/confirming/cancel,,Default/Fallback [July 2025] [25% one time / No entry modal],,07-27-2026,,07-28-2026,07-27-2026,07-27-2026,07-27-2026,,07-27-2026,08-27-2026
Wg7S0es_8e45668e5e90edba,AzZeUFVQcd5dY4WSm,,fallback,,,[name],[name],,I only needed SuperSummary for a short time,i_have_too_much_product_1528073051,Project ended or taking a break,project_stop,,Needs (SaaS),needs,6,nothing. will pay more attention when I'm reading,,u_a0b492bd92c979af,It's a great site. I don't want to start to rely on it instead of focusing when I read. ,,,1,,,Canceled,2026-07-28T00:41:01.000Z,2026-07-28T00:43:56.000Z,2026-07-28T00:43:56.000Z,,20.8,2026-07-28T00:43:56.000Z,cancel,Valid Cancel,annual,2027-07-28T00:12:53.000Z,2027-07-28T00:12:53.000Z,3.0,3.0,36.0,Brightback,,,,,,,AzZeUFVQcd5dY4WSm,2026-07-28T00:12:52.000Z,,2026-07-28T00:12:53.000Z,,h_904b077e22c22d14,,1,2026-07-28T00:12:53.000Z,USD,u_a0b492bd92c979af,ACTIVE,h_d4d61248d03dd28c,[name],,,,2026-07-28T00:12:53.000Z,other,,1,annual_essentials,2026-07-28T00:12:53.000Z,_UNKNOWN,3600,YEAR,,,,[name],2027-07-28T00:12:53.000Z,,300,,2027-07-28T00:12:53.000Z,2026-07-28T00:12:53.000Z,3600,,,,,,Default/Fallback [July 2025] [25% one time / No entry modal],,07-28-2026,,07-28-2026,07-28-2026,07-28-2026,07-28-2026,,07-28-2026,07-28-2027
Wg7RNPu_8658bec02282599c,1698736,,Students; fallback,,,[name],[name],[name],I only needed SuperSummary for a short time,i_have_too_much_product_1528073051,Project ended or taking a break,project_stop,,Needs (SaaS),needs,7,,,u_ad149df425d42a0d,,,,0,60.0,,Canceled,2026-07-27T23:26:03.000Z,2026-07-27T23:26:30.000Z,2026-07-27T23:26:30.000Z,,20.85,2026-07-27T23:26:30.000Z,cancel,Valid Cancel,annual,2027-07-16T17:57:44.000Z,2027-07-16T17:57:44.000Z,5.0,5.0,60.0,Brightback,,,,,,,1698736,2026-07-16T17:57:42.000Z,,2026-07-16T17:57:44.000Z,,h_17ce1688b7a0c8e4,,1,2026-07-16T17:57:44.000Z,USD,u_ad149df425d42a0d,ACTIVE,h_f16a42187d88be60,[name],60.0,annual_plus,,2026-07-16T17:57:44.000Z,student,,1,annual_plus,2026-07-16T17:57:44.000Z,_UNKNOWN,6000,YEAR,annual_plus,,College,[name],2027-07-16T17:57:44.000Z,,500,,2027-07-16T17:57:44.000Z,2026-07-16T17:57:44.000Z,6000,[name],,https://www.supersummary.com/subscription,https://www.supersummary.com/subscription/confirming/cancel,,Student Experience [July 2025] [25% one-time / No Entry Modal],,07-16-2026,,07-27-2026,07-16-2026,07-16-2026,07-16-2026,,07-16-2026,07-16-2027
Wg7RNLg_92be2774c29c700a,1659877,,fallback,,,[name],[name],[name],I only needed SuperSummary for a short time,i_have_too_much_product_1528073051,Project ended or taking a break,project_stop,,Needs (SaaS),needs,5,I don't need it anymore,,u_1593d31f3764a046,"Nothing, it worked good as I needed it. ",,,1,36.0,,Canceled,2026-07-27T23:21:55.000Z,2026-07-27T23:22:41.000Z,2026-07-27T23:22:42.000Z,,20.86,2026-07-27T23:22:42.000Z,cancel,Valid Cancel,annual,2027-05-30T18:39:23.000Z,2027-05-30T18:39:23.000Z,3.0,3.0,36.0,Brightback,,,,,,,1659877,2026-05-30T18:39:20.000Z,,2026-05-30T18:39:23.000Z,,h_9965a4ff08e9d10a,,1,2026-05-30T18:39:23.000Z,USD,u_1593d31f3764a046,ACTIVE,h_7d7b369ab36d4716,[name],36.0,annual_essentials,,2026-05-30T18:39:23.000Z,other,,1,annual_essentials,2026-05-30T18:39:23.000Z,_UNKNOWN,3600,YEAR,annual_essentials,,,[name],2027-05-30T18:39:23.000Z,,300,,2027-05-30T18:39:23.000Z,2026-05-30T18:39:23.000Z,3600,[name],,https://www.supersummary.com/subscription,https://www.supersummary.com/subscription/confirming/cancel,,Default/Fallback [July 2025] [25% one time / No entry modal],,05-30-2026,,07-27-2026,05-30-2026,05-30-2026,05-30-2026,,05-30-2026,05-30-2027
Wg7RNAo_bfd84d0878c18284,1705640,,Students; fallback,,,[name],[name],[name],I only needed SuperSummary for a short time,i_have_too_much_product_1528073051,Project ended or taking a break,project_stop,,Needs (SaaS),needs,4,not sure,,u_6f23110fbc67272e,easier to navigate,,,1,36.0,,Canceled,2026-07-27T23:10:53.000Z,2026-07-27T23:11:33.000Z,2026-07-27T23:11:33.000Z,,20.86,2026-07-27T23:11:33.000Z,cancel,Valid Cancel,annual,2027-07-24T15:29:04.000Z,2027-07-24T15:29:04.000Z,3.0,3.0,36.0,Brightback,,,,,,,1705640,2026-07-24T15:29:01.000Z,,2026-07-24T15:29:04.000Z,,h_af26e6353361fe18,,1,2026-07-24T15:29:04.000Z,USD,u_6f23110fbc67272e,ACTIVE,h_92b45bbf4e8e9c3e,[name],36.0,annual_essentials,,2026-07-24T15:29:04.000Z,student,,1,annual_essentials,2026-07-24T15:29:04.000Z,_UNKNOWN,3600,YEAR,annual_essentials,,College,[name],2027-07-24T15:29:04.000Z,,300,,2027-07-24T15:29:04.000Z,2026-07-24T15:29:04.000Z,3600,[name],,https://www.supersummary.com/subscription,https://www.supersummary.com/subscription/confirming/cancel,,Student Experience [July 2025] [25% one-time / No Entry Modal],,07-24-2026,,07-27-2026,07-24-2026,07-24-2026,07-24-2026,,07-24-2026,07-24-2027
Wg7RMVu_a408971c89923062,169mBcVKTUp6i4lVo,,Book Club Members; fallback,,,[name],[name],,I only needed SuperSummary for a short time,i_have_too_much_product_1528073051,Project ended or taking a break,project_stop,,Needs (SaaS),needs,1,,,u_bf6b0059a2aff7f1,,,,0,,,Canceled,2026-07-27T22:32:02.000Z,2026-07-27T22:32:42.000Z,2026-07-27T22:32:42.000Z,,20.89,2026-07-27T22:32:42.000Z,cancel,Valid Cancel,annual,2027-05-23T19:50:19.000Z,2027-05-23T19:50:19.000Z,5.0,5.0,60.0,Brightback,,,,,,,169mBcVKTUp6i4lVo,2026-05-23T19:47:04.000Z,,2026-05-23T19:50:19.000Z,,h_ad40201577beeff4,,1,2026-05-23T19:50:19.000Z,USD,u_bf6b0059a2aff7f1,ACTIVE,h_2cba8f6f9dd70b0c,[name],,,,2026-05-23T19:50:19.000Z,book_club_member,,1,annual_plus,2026-05-23T19:50:19.000Z,_UNKNOWN,6000,YEAR,,,,[name],2027-05-23T19:50:19.000Z,,500,,2027-05-23T19:50:19.000Z,2026-05-23T19:50:19.000Z,6000,,,,,,BCM Experience [July 2025] [25% one-time / No Entry Modal],,05-23-2026,,07-27-2026,05-23-2026,05-23-2026,05-23-2026,,05-23-2026,05-23-2027
Wg7RMMR_b48882996858a804,AzqNJuSeGRRuiBsaf,,Students; Monthly,,,[name],[name],,I only needed SuperSummary for a short time,i_have_too_much_product_1528073051,Project ended or taking a break,project_stop,,Needs (SaaS),needs,1,N/A,,u_13b25497ec51eb87,,,,0,,,Canceled,2026-07-27T22:22:29.000Z,2026-07-27T22:23:15.000Z,2026-07-27T22:23:16.000Z,,20.9,2026-07-27T22:23:16.000Z,cancel,Valid Cancel,monthly,2026-08-26T10:31:37.000Z,2026-08-26T10:31:37.000Z,9.95,9.95,9.95,Brightback,,,,,,,AzqNJuSeGRRuiBsaf,2021-07-26T10:21:12.000Z,,2021-07-26T10:31:37.000Z,,h_81c700b13f5fbd04,,1,2021-07-26T10:31:37.000Z,USD,u_13b25497ec51eb87,ACTIVE,h_6da1290658211c05,[name],,,,2026-07-26T10:31:37.000Z,student,,1,monthly,2021-07-26T10:31:37.000Z,_UNKNOWN,995,MONTH,,,College,[name],2026-08-26T10:31:37.000Z,,995,,2026-08-26T10:31:37.000Z,2021-07-26T10:31:37.000Z,995,,,,,,Student Experience [July 2025] [40% forever / Modal],,07-26-2021,,07-27-2026,07-26-2021,07-26-2021,07-26-2021,,07-26-2021,08-26-2026
Wg7RLkJ_a23e551caff92027,1708715,,Teachers; fallback,,,[name],[name],[name],I only needed SuperSummary for a short time,i_have_too_much_product_1528073051,Project ended or taking a break,project_stop,,Needs (SaaS),needs,10,,,u_859d909ab3acfc37,,,,0,60.0,,Canceled,2026-07-27T21:46:22.000Z,2026-07-27T21:46:49.000Z,2026-07-27T21:46:49.000Z,,20.92,2026-07-27T21:46:49.000Z,cancel,Valid Cancel,annual,2027-07-27T21:31:06.000Z,2027-07-27T21:31:06.000Z,3.0,3.0,60.0,Brightback,,,,,,,1708715,2026-07-27T21:31:05.000Z,,2026-07-27T21:31:06.000Z,,h_6da72ed00d0dbd87,,1,2026-07-27T21:31:06.000Z,USD,u_859d909ab3acfc37,ACTIVE,h_c28473262b4734e5,[name],60.0,annual_plus,,2026-07-27T21:31:06.000Z,teacher,,1,annual_plus,2026-07-27T21:31:06.000Z,_UNKNOWN,6000,YEAR,annual_plus,7ldb9lCl3Zq,other,[name],2027-07-27T21:31:06.000Z,,300,,2027-07-27T21:31:06.000Z,2026-07-27T21:31:06.000Z,6000,[name],,https://www.supersummary.com/subscription,https://www.supersummary.com/subscription/confirming/cancel,,Teacher Experience [July 2025] [40% one-time / Modal],,07-27-2026,,07-27-2026,07-27-2026,07-27-2026,07-27-2026,,07-27-2026,07-27-2027
Wg7RKd6_909f54f22213ba3e,16Bf8hVQbkuIg3lUY,,Book Club Members; fallback,,,[name],[name],,I only needed SuperSummary for a short time,i_have_too_much_product_1528073051,Project ended or taking a break,project_stop,,Needs (SaaS),needs,10,,,u_0b1d1bbcaa59056c,,,,0,,,Canceled,2026-07-27T20:39:09.000Z,2026-07-27T20:39:30.000Z,2026-07-27T20:39:30.000Z,,20.97,2026-07-27T20:39:30.000Z,cancel,Valid Cancel,annual,2027-07-27T20:37:40.000Z,2027-07-27T20:37:40.000Z,3.0,3.0,36.0,Brightback,,,,,,,16Bf8hVQbkuIg3lUY,2026-07-27T20:37:38.000Z,,2026-07-27T20:37:40.000Z,,h_17839739b0888cbf,,1,2026-07-27T20:37:40.000Z,USD,u_0b1d1bbcaa59056c,ACTIVE,h_c3db73b48c9c3483,[name],,,,2026-07-27T20:37:40.000Z,book_club_member,,1,annual_essentials,2026-07-27T20:37:40.000Z,_UNKNOWN,3600,YEAR,,,,[name],2027-07-27T20:37:40.000Z,,300,,2027-07-27T20:37:40.000Z,2026-07-27T20:37:40.000Z,3600,,,,,,BCM Experience [July 2025] [25% one-time / No Entry Modal],,07-27-2026,,07-27-2026,07-27-2026,07-27-2026,07-27-2026,,07-27-2026,07-27-2027
Wg7RKan_a9c48099712f0a60,6opQjV9QW2zdCwMT,,Students; fallback,,,[name],[name],,I only needed SuperSummary for a short time,i_have_too_much_product_1528073051,Project ended or taking a break,project_stop,,Needs (SaaS),needs,6,,,u_cf7a2db91f5e5923,,,,0,,,Canceled,2026-07-27T20:36:51.000Z,2026-07-27T20:37:07.000Z,2026-07-27T20:37:08.000Z,,20.97,2026-07-27T20:37:08.000Z,cancel,Valid Cancel,annual,2027-01-26T16:18:41.000Z,2027-01-26T16:18:41.000Z,3.0,3.0,36.0,Brightback,,,,,,,6opQjV9QW2zdCwMT,2026-01-26T16:16:24.000Z,,2026-01-26T16:18:41.000Z,,h_c23337ec45f74da4,,1,2026-01-26T16:18:41.000Z,USD,u_cf7a2db91f5e5923,ACTIVE,h_eeab7c0e5aaecd45,[name],,,,2026-01-26T16:18:41.000Z,student,,1,annual_essentials,2026-01-26T16:18:41.000Z,_UNKNOWN,3600,YEAR,,,College,[name],2027-01-26T16:18:41.000Z,,300,,2027-01-26T16:18:41.000Z,2026-01-26T16:18:41.000Z,3600,,,,,,Student Experience [July 2025] [25% one-time / No Entry Modal],,01-26-2026,,07-27-2026,01-26-2026,01-26-2026,01-26-2026,,01-26-2026,01-26-2027
Wg7RJom_a491fa8a4ea8474a,16BZLCVQCM5uu1FoF,,fallback,,,[name],[name],,I only needed SuperSummary for a short time,i_have_too_much_product_1528073051,Project ended or taking a break,project_stop,,Needs (SaaS),needs,7,Na,,u_4eb2173c5f6e2662,Na,,,1,,,Canceled,2026-07-27T19:50:52.000Z,2026-07-27T19:51:58.000Z,2026-07-27T19:51:59.000Z,,21.0,2026-07-27T19:51:59.000Z,cancel,Valid Cancel,annual,2027-07-23T12:22:18.000Z,2027-07-23T12:22:18.000Z,3.0,3.0,36.0,Brightback,,,,,,,16BZLCVQCM5uu1FoF,2026-07-23T12:22:16.000Z,,2026-07-23T12:22:18.000Z,,h_b1a5ad0b8a9d8af7,,1,2026-07-23T12:22:18.000Z,USD,u_4eb2173c5f6e2662,ACTIVE,h_0bcd5646b555e232,[name],,,,2026-07-23T12:22:18.000Z,other,,1,annual_essentials,2026-07-23T12:22:18.000Z,_UNKNOWN,3600,YEAR,,,,[name],2027-07-23T12:22:18.000Z,,300,,2027-07-23T12:22:18.000Z,2026-07-23T12:22:18.000Z,3600,,,,,,Default/Fallback [July 2025] [25% one time / No entry modal],,07-23-2026,,07-27-2026,07-23-2026,07-23-2026,07-23-2026,,07-23-2026,07-23-2027
Wg7RJO4_bd1fe0f3dee1a8b6,6obIpTCjFtbK2QB3,,Students; Annual,,,[name],[name],,I only needed SuperSummary for a short time,i_have_too_much_product_1528073051,Project ended or taking a break,project_stop,,Needs (SaaS),needs,4,,,u_4b4a703ab716a20b,,,,0,,,Canceled,2026-07-27T19:24:06.000Z,2026-07-27T19:24:27.000Z,2026-07-27T19:24:27.000Z,,21.02,2026-07-27T19:24:27.000Z,cancel,Valid Cancel,annual,2027-07-26T00:00:33.000Z,2027-07-26T00:00:33.000Z,3.0,3.0,36.0,Brightback,,,,1,36.0,2026-07-30T00:02:56.000Z,6obIpTCjFtbK2QB3,2022-07-26T20:59:08.000Z,,2022-07-26T20:59:09.000Z,,h_89a89cdb8e2c11c9,,1,2022-07-26T20:59:09.000Z,USD,u_4b4a703ab716a20b,ACTIVE,h_10ca5cd895220b19,[name],,,,2026-07-26T00:00:33.000Z,student,,1,annual,2022-07-26T20:59:09.000Z,_UNKNOWN,3600,YEAR,,,High School,[name],2027-07-26T00:00:33.000Z,,300,,2027-07-26T00:00:33.000Z,2022-07-26T20:59:09.000Z,3600,,,,,,Student Experience [July 2025] [25% one-time / No Entry Modal],,07-26-2022,,07-27-2026,07-26-2022,07-26-2022,07-26-2022,,07-26-2022,07-26-2027
Wg7RJM7_8926917baeac216f,16BhsnVQDfEeV2HGk,,Students; fallback,,,[name],[name],,I only needed SuperSummary for a short time,i_have_too_much_product_1528073051,Project ended or taking a break,project_stop,,Needs (SaaS),needs,9,,,u_151e359251a8fa76,,,,0,,,Canceled,2026-07-27T19:22:12.000Z,2026-07-27T19:22:56.000Z,2026-07-27T19:22:56.000Z,,21.02,2026-07-27T19:22:56.000Z,cancel,Valid Cancel,monthly,2026-08-23T17:44:36.000Z,2026-08-23T17:44:36.000Z,9.95,9.95,9.95,Brightback,,,,,,,16BhsnVQDfEeV2HGk,2026-07-23T17:44:35.000Z,,2026-07-23T17:44:36.000Z,,h_30f622014d8abe23,,1,2026-07-23T17:44:36.000Z,USD,u_151e359251a8fa76,ACTIVE,h_7aab82c492122526,[name],,,,2026-07-23T17:44:36.000Z,student,,1,monthly_essentials,2026-07-23T17:44:36.000Z,_UNKNOWN,995,MONTH,,,College,[name],2026-08-23T17:44:36.000Z,,995,,2026-08-23T17:44:36.000Z,2026-07-23T17:44:36.000Z,995,,,,,,Student Experience [July 2025] [25% one-time / No Entry Modal],,07-23-2026,,07-27-2026,07-23-2026,07-23-2026,07-23-2026,,07-23-2026,08-23-2026
Wg7RJ7l_a62f51d27cca35ce,16CLEwVNly3fN3XPp,,Book Club Members; fallback,,,[name],[name],,I only needed SuperSummary for a short time,i_have_too_much_product_1528073051,Project ended or taking a break,project_stop,,Needs (SaaS),needs,1,,,u_1a825d303738e169,Na ,,,1,,,Canceled,2026-07-27T19:07:49.000Z,2026-07-27T19:08:22.000Z,2026-07-27T19:08:22.000Z,,21.03,2026-07-27T19:08:22.000Z,cancel,Valid Cancel,monthly,2026-08-27T19:05:59.000Z,2026-08-27T19:05:59.000Z,16.65,16.65,16.65,Brightback,,,,,,,16CLEwVNly3fN3XPp,2026-06-27T19:05:58.000Z,,2026-06-27T19:05:59.000Z,,h_da342a934d333187,,1,2026-06-27T19:05:59.000Z,USD,u_1a825d303738e169,ACTIVE,h_48e81d044d720206,[name],,,,2026-07-27T19:05:59.000Z,book_club_member,,1,monthly_plus,2026-06-27T19:05:59.000Z,_UNKNOWN,1665,MONTH,,,,[name],2026-08-27T19:05:59.000Z,,1665,,2026-08-27T19:05:59.000Z,2026-06-27T19:05:59.000Z,1665,,,,,,BCM Experience [July 2025] [25% one-time / No Entry Modal],,06-27-2026,,07-27-2026,06-27-2026,06-27-2026,06-27-2026,,06-27-2026,08-27-2026
Wg7RIju_8c91521e3aaf4a45,611547,,Book Club Members; Annual,,,[name],[name],[name],I only needed SuperSummary for a short time,i_have_too_much_product_1528073051,Project ended or taking a break,project_stop,,Needs (SaaS),needs,1,,,u_504368a3bb83c21b,,,,0,36.0,,Canceled,2026-07-27T18:46:07.000Z,2026-07-27T18:46:29.000Z,2026-07-27T18:46:29.000Z,,21.05,2026-07-27T18:46:57.000Z,cancel,Valid Cancel,annual,2027-07-16T13:02:13.000Z,2027-07-16T13:02:13.000Z,3.0,3.0,36.0,Brightback,,,,,,,611547,2024-07-16T13:02:11.000Z,,2024-07-16T13:02:13.000Z,,h_e4a6aeef26921a3c,,1,2024-07-16T13:02:13.000Z,USD,u_504368a3bb83c21b,ACTIVE,h_0871343eff6ebe1a,[name],36.0,annual,,2026-07-16T13:02:13.000Z,book_club_member,,1,annual,2024-07-16T13:02:13.000Z,_UNKNOWN,3600,YEAR,annual,,,[name],2027-07-16T13:02:13.000Z,,300,,2027-07-16T13:02:13.000Z,2024-07-16T13:02:13.000Z,3600,[name],,https://www.supersummary.com/subscription,https://www.supersummary.com/subscription/confirming/cancel,,BCM Experience [July 2025] [25% one-time / No Entry Modal],,07-16-2024,,07-27-2026,07-16-2024,07-16-2024,07-16-2024,,07-16-2024,07-16-2027
Wg7RHfH_8ebefe8b2b546ca9,AzqZVwVQCgCYk1T34,,Book Club Members; fallback,,,[name],[name],,I only needed SuperSummary for a short time,i_have_too_much_product_1528073051,Project ended or taking a break,project_stop,,Needs (SaaS),needs,5,,,u_a08aa1b772247837,,,,0,,,Canceled,2026-07-27T17:41:20.000Z,2026-07-27T17:41:50.000Z,2026-07-27T17:41:50.000Z,,21.09,2026-07-27T17:41:50.000Z,cancel,Valid Cancel,annual,2027-07-23T13:42:10.000Z,2027-07-23T13:42:10.000Z,3.0,3.0,36.0,Brightback,,,,,,,AzqZVwVQCgCYk1T34,2026-07-23T13:42:08.000Z,,2026-07-23T13:42:10.000Z,,h_7be51ff8f291bc54,,1,2026-07-23T13:42:10.000Z,USD,u_a08aa1b772247837,ACTIVE,h_b25d43c636e2d4df,[name],,,,2026-07-23T13:42:10.000Z,book_club_member,,1,annual_essentials,2026-07-23T13:42:10.000Z,_UNKNOWN,3600,YEAR,,,,[name],2027-07-23T13:42:10.000Z,,300,,2027-07-23T13:42:10.000Z,2026-07-23T13:42:10.000Z,3600,,,,,,BCM Experience [July 2025] [25% one-time / No Entry Modal],,07-23-2026,,07-27-2026,07-23-2026,07-23-2026,07-23-2026,,07-23-2026,07-23-2027
Wg7RH8V_9a98782270b39964,1268386,,Parents; Annual,,,[name],[name],[name],I only needed SuperSummary for a short time,i_have_too_much_product_1528073051,Project ended or taking a break,project_stop,,Needs (SaaS),needs,5,NA,,u_df90557d43ae8ada,NA,,,1,36.0,,Canceled,2026-07-27T17:08:48.000Z,2026-07-27T17:09:39.000Z,2026-07-27T17:09:39.000Z,,21.12,2026-07-27T17:09:39.000Z,cancel,Valid Cancel,annual,2027-07-25T14:16:59.000Z,2027-07-25T14:16:59.000Z,3.0,3.0,36.0,Brightback,,,,,,,1268386,2025-07-25T14:16:57.000Z,,2025-07-25T14:16:59.000Z,,h_319834e857117608,,1,2025-07-25T14:16:59.000Z,USD,u_df90557d43ae8ada,ACTIVE,h_2055d7433b3a6fa7,[name],36.0,annual,,2026-07-25T14:16:59.000Z,parent_of_student,,1,annual,2025-07-25T14:16:59.000Z,_UNKNOWN,3600,YEAR,annual,,High School,[name],2027-07-25T14:16:59.000Z,,300,,2027-07-25T14:16:59.000Z,2025-07-25T14:16:59.000Z,3600,[name],,https://www.supersummary.com/subscription,https://www.supersummary.com/subscription/confirming/cancel,,Parent Experience [July 2025] [25% one-time / Modal],,07-25-2025,,07-27-2026,07-25-2025,07-25-2025,07-25-2025,,07-25-2025,07-25-2027
Wg7RGYf_86ad71c573df5f62,1268355,,Book Club Members; Annual,,,[name],[name],[name],I only needed SuperSummary for a short time,i_have_too_much_product_1528073051,Project ended or taking a break,project_stop,,Needs (SaaS),needs,5,?,,u_362a83b8ece3b341,,,,0,36.0,,Canceled,2026-07-27T16:34:46.000Z,2026-07-27T16:35:14.000Z,2026-07-27T16:35:14.000Z,,21.14,2026-07-27T16:35:14.000Z,cancel,Valid Cancel,annual,2027-07-25T13:20:45.000Z,2027-07-25T13:20:45.000Z,3.0,3.0,36.0,Brightback,,,,,,,1268355,2025-07-25T13:20:44.000Z,,2025-07-25T13:20:45.000Z,,h_267afc9d4d0d34bb,,1,2025-07-25T13:20:45.000Z,USD,u_362a83b8ece3b341,ACTIVE,h_e3d2c6a6c301fdf0,[name],36.0,annual,,2026-07-25T13:20:45.000Z,book_club_member,,1,annual,2025-07-25T13:20:45.000Z,_UNKNOWN,3600,YEAR,annual,,,[name],2027-07-25T13:20:45.000Z,,300,,2027-07-25T13:20:45.000Z,2025-07-25T13:20:45.000Z,3600,[name],,https://www.supersummary.com/subscription,https://www.supersummary.com/subscription/confirming/cancel,,BCM Experience [July 2025] [25% one-time / No Entry Modal],,07-25-2025,,07-27-2026,07-25-2025,07-25-2025,07-25-2025,,07-25-2025,07-25-2027
Wg7RGUE_b4a7ca1132235be1,6olhEUHzQUYrRrUj,,Book Club Members; Annual,,,[name],[name],,I only needed SuperSummary for a short time,i_have_too_much_product_1528073051,Project ended or taking a break,project_stop,,Needs (SaaS),needs,1,,,u_0d06aba11c228f14,,,,0,,,Canceled,2026-07-27T16:30:17.000Z,2026-07-27T16:30:35.000Z,2026-07-27T16:30:35.000Z,,21.14,2026-07-27T16:30:35.000Z,cancel,Valid Cancel,annual,2027-07-09T01:36:36.000Z,2027-07-09T01:36:36.000Z,3.0,3.0,36.0,Brightback,,,,,,,6olhEUHzQUYrRrUj,2024-07-09T01:36:33.000Z,,2024-07-09T01:36:36.000Z,,h_93680236ddfb2e37,,1,2024-07-09T01:36:36.000Z,USD,u_0d06aba11c228f14,ACTIVE,h_22a5fa516610d31f,[name],,,,2026-07-09T01:36:36.000Z,book_club_member,,1,annual,2024-07-09T01:36:36.000Z,_UNKNOWN,3600,YEAR,,,,[name],2027-07-09T01:36:36.000Z,,300,,2027-07-09T01:36:36.000Z,2024-07-09T01:36:36.000Z,3600,,,,,,BCM Experience [July 2025] [25% one-time / No Entry Modal],,07-09-2024,,07-27-2026,07-09-2024,07-09-2024,07-09-2024,,07-09-2024,07-09-2027
Wg7RG6L_854e19cd66ff7806,Azyju3VQadU8z3Irg,,fallback,,,[name],[name],,I only needed SuperSummary for a short time,i_have_too_much_product_1528073051,Project ended or taking a break,project_stop,,Needs (SaaS),needs,8,N/A,,u_5b8ca1608fc88944,Great platform. Highly recommend for learners - wish it was a thing when I was a student many moons ago! :) I'm just not a student or teacher so it's N/A to me,,,1,,,Canceled,2026-07-27T16:06:26.000Z,2026-07-27T16:07:43.000Z,2026-07-27T16:07:43.000Z,,21.16,2026-07-27T16:07:43.000Z,cancel,Valid Cancel,monthly,2026-08-27T16:01:55.000Z,2026-08-27T16:01:55.000Z,16.65,16.65,16.65,Brightback,,,,,,,Azyju3VQadU8z3Irg,2026-07-27T16:01:51.000Z,,2026-07-27T16:01:55.000Z,,h_8bbcf499ad05f39a,,1,2026-07-27T16:01:55.000Z,USD,u_5b8ca1608fc88944,ACTIVE,h_1681b4c43bb69f3b,[name],,,,2026-07-27T16:01:55.000Z,other,,1,monthly_plus,2026-07-27T16:01:55.000Z,_UNKNOWN,1665,MONTH,,,,[name],2026-08-27T16:01:55.000Z,,1665,,2026-08-27T16:01:55.000Z,2026-07-27T16:01:55.000Z,1665,,,,,,Default/Fallback [July 2025] [25% one time / No entry modal],,07-27-2026,,07-27-2026,07-27-2026,07-27-2026,07-27-2026,,07-27-2026,08-27-2026
Wg7RFex_973404c749bfbb86,AzqLZIVQQe72duhp,,Students; fallback,,,[name],[name],,I only needed SuperSummary for a short time,i_have_too_much_product_1528073051,Project ended or taking a break,project_stop,,Needs (SaaS),needs,4,,,u_bd09d39b4981242b,,,,0,,,Canceled,2026-07-27T15:41:01.000Z,2026-07-27T15:41:20.000Z,2026-07-27T15:41:20.000Z,,21.18,2026-07-27T15:41:20.000Z,cancel,Valid Cancel,monthly,2026-08-25T23:01:41.000Z,2026-08-25T23:01:41.000Z,9.95,9.95,9.95,Brightback,,,,,,,AzqLZIVQQe72duhp,2026-07-25T23:01:38.000Z,,2026-07-25T23:01:41.000Z,,h_73691d8709bafefd,,1,2026-07-25T23:01:41.000Z,USD,u_bd09d39b4981242b,ACTIVE,h_cc4889755a117393,[name],,,,2026-07-25T23:01:41.000Z,student,,1,monthly_essentials,2026-07-25T23:01:41.000Z,_UNKNOWN,995,MONTH,,,College,[name],2026-08-25T23:01:41.000Z,,995,,2026-08-25T23:01:41.000Z,2026-07-25T23:01:41.000Z,995,,,,,,Student Experience [July 2025] [25% one-time / No Entry Modal],,07-25-2026,,07-27-2026,07-25-2026,07-25-2026,07-25-2026,,07-25-2026,08-25-2026
Wg7RF5q_93a21cd77d83868a,616358,,Parents; Annual,,,[name],[name],[name],I only needed SuperSummary for a short time,i_have_too_much_product_1528073051,Project ended or taking a break,project_stop,,Needs (SaaS),needs,2,,,u_8c4714fd2e5d13be,,,,0,36.0,,Canceled,2026-07-27T15:06:04.000Z,2026-07-27T15:06:50.000Z,2026-07-27T15:06:51.000Z,,21.2,2026-07-27T15:06:51.000Z,cancel,Valid Cancel,annual,2027-07-26T06:36:14.000Z,2027-07-26T06:36:14.000Z,3.0,3.0,36.0,Brightback,,,,,,,616358,2024-07-26T06:36:13.000Z,,2024-07-26T06:36:14.000Z,,h_469d890fa123c3fe,,1,2024-07-26T06:36:14.000Z,USD,u_8c4714fd2e5d13be,ACTIVE,h_e13362a2562f7fd4,[name],36.0,annual,,2026-07-26T06:36:14.000Z,parent_of_student,,1,annual,2024-07-26T06:36:14.000Z,_UNKNOWN,3600,YEAR,annual,,High School,[name],2027-07-26T06:36:14.000Z,,300,,2027-07-26T06:36:14.000Z,2024-07-26T06:36:14.000Z,3600,[name],,https://www.supersummary.com/subscription,https://www.supersummary.com/subscription/confirming/cancel,,Parent Experience [July 2025] [25% one-time / Modal],,07-26-2024,,07-27-2026,07-26-2024,07-26-2024,07-26-2024,,07-26-2024,07-26-2027
Wg7REY7_88cdc0decadcbe36,448464,,Parents; Annual,,,[name],[name],[name],I only needed SuperSummary for a short time,i_have_too_much_product_1528073051,Project ended or taking a break,project_stop,,Needs (SaaS),needs,1,Nothing,,u_3ffd6f5a6aa6bb9a,,,,0,36.0,,Canceled,2026-07-27T14:34:24.000Z,2026-07-27T14:35:51.000Z,2026-07-27T14:35:52.000Z,,21.22,2026-07-27T14:35:52.000Z,cancel,Valid Cancel,annual,2026-11-07T23:42:57.000Z,2026-11-07T23:42:57.000Z,3.0,3.0,36.0,Brightback,,,,,,,448464,2023-11-07T23:42:55.000Z,,2023-11-07T23:42:57.000Z,,h_b958e8b21a7b651b,,1,2023-11-07T23:42:57.000Z,USD,u_3ffd6f5a6aa6bb9a,ACTIVE,h_5a503d293f11a287,[name],36.0,annual,,2025-11-07T23:42:57.000Z,parent_of_student,,1,annual,2023-11-07T23:42:57.000Z,_UNKNOWN,3600,YEAR,annual,,Middle School,[name],2026-11-07T23:42:57.000Z,,300,,2026-11-07T23:42:57.000Z,2023-11-07T23:42:57.000Z,3600,[name],,https://www.supersummary.com/subscription,https://www.supersummary.com/subscription/confirming/cancel,,Parent Experience [July 2025] [25% one-time / Modal],,11-07-2023,,07-27-2026,11-07-2023,11-07-2023,11-07-2023,,11-07-2023,11-07-2026
Wg7REmY_a198d7195b195626,16A3VyVPpQSYE66r1,,Book Club Members; fallback,,,[name],[name],,I only needed SuperSummary for a short time,i_have_too_much_product_1528073051,Project ended or taking a break,project_stop,,Needs (SaaS),needs,5,,,u_ac4d2f48fe895330,,,,0,,,Canceled,2026-07-27T14:48:39.000Z,2026-07-27T14:49:09.000Z,2026-07-27T14:49:09.000Z,,21.21,2026-07-27T14:49:09.000Z,cancel,Valid Cancel,annual,2027-07-19T14:15:23.000Z,2027-07-19T14:15:23.000Z,5.0,5.0,60.0,Brightback,,,,,,,16A3VyVPpQSYE66r1,2026-07-19T14:15:20.000Z,,2026-07-19T14:15:23.000Z,,h_5987d211bcd24772,,1,2026-07-19T14:15:23.000Z,USD,u_ac4d2f48fe895330,ACTIVE,h_728f9cd971c805c6,[name],,,,2026-07-19T14:15:23.000Z,book_club_member,,1,annual_plus,2026-07-19T14:15:23.000Z,_UNKNOWN,6000,YEAR,,,,[name],2027-07-19T14:15:23.000Z,,500,,2027-07-19T14:15:23.000Z,2026-07-19T14:15:23.000Z,6000,,,,,,BCM Experience [July 2025] [25% one-time / No Entry Modal],,07-19-2026,,07-27-2026,07-19-2026,07-19-2026,07-19-2026,,07-19-2026,07-19-2027
Wg7RDxb_b5ec038b55cb4196,6oaMGVI02Vzz28Zi,,Students; fallback,,,[name],[name],,I only needed SuperSummary for a short time,i_have_too_much_product_1528073051,Project ended or taking a break,project_stop,,Needs (SaaS),needs,5,,,u_048d10799a6971e9,,,,0,,,Canceled,2026-07-27T13:59:39.000Z,2026-07-27T14:00:16.000Z,2026-07-27T14:00:17.000Z,,21.25,2026-07-27T14:00:17.000Z,cancel,Valid Cancel,monthly,2026-08-27T13:58:13.000Z,2026-08-27T13:58:13.000Z,9.95,9.95,9.95,Brightback,,,,,,,6oaMGVI02Vzz28Zi,2026-04-27T12:27:39.000Z,,2026-04-27T13:58:13.000Z,,h_8ac915f5301fbc71,,1,2026-04-27T13:58:13.000Z,USD,u_048d10799a6971e9,ACTIVE,h_974b9cf0dd97d128,[name],,,,2026-07-27T13:58:13.000Z,student,,1,monthly_essentials,2026-04-27T13:58:13.000Z,_UNKNOWN,995,MONTH,,,High School,[name],2026-08-27T13:58:13.000Z,,995,,2026-08-27T13:58:13.000Z,2026-04-27T13:58:13.000Z,995,,,,,,Student Experience [July 2025] [25% one-time / No Entry Modal],,04-27-2026,,07-27-2026,04-27-2026,04-27-2026,04-27-2026,,04-27-2026,08-27-2026
Wg7RDkI_bb9ab35b1d74101a,1707210,,Book Club Members; fallback,,,[name],[name],[name],I only needed SuperSummary for a short time,i_have_too_much_product_1528073051,Project ended or taking a break,project_stop,,Needs (SaaS),needs,5,,,u_9042428798fb61b8,,,,0,36.0,,Canceled,2026-07-27T13:46:25.000Z,2026-07-27T13:47:36.000Z,2026-07-27T13:47:37.000Z,,21.26,2026-07-27T13:47:37.000Z,cancel,Valid Cancel,annual,2027-07-26T14:11:24.000Z,2027-07-26T14:11:24.000Z,3.0,3.0,36.0,Brightback,,,,,,,1707210,2026-07-26T14:11:22.000Z,,2026-07-26T14:11:24.000Z,,h_1c08373f4a9049d2,,1,2026-07-26T14:11:24.000Z,USD,u_9042428798fb61b8,ACTIVE,h_7745d6d63fcab5cd,[name],36.0,annual_essentials,,2026-07-26T14:11:24.000Z,book_club_member,,1,annual_essentials,2026-07-26T14:11:24.000Z,_UNKNOWN,3600,YEAR,annual_essentials,,,[name],2027-07-26T14:11:24.000Z,,300,,2027-07-26T14:11:24.000Z,2026-07-26T14:11:24.000Z,3600,[name],,https://www.supersummary.com/subscription,https://www.supersummary.com/subscription/confirming/cancel,,BCM Experience [July 2025] [25% one-time / No Entry Modal],,07-26-2026,,07-27-2026,07-26-2026,07-26-2026,07-26-2026,,07-26-2026,07-26-2027
Wg7RCIe_943cf024828d9e9b,169xY6UL6C0Yn4Pyv,,Students; Annual,,,[name],[name],,I only needed SuperSummary for a short time,i_have_too_much_product_1528073051,Project ended or taking a break,project_stop,,Needs (SaaS),needs,10,,,u_0029697c9c15925e,,,,0,,,Canceled,2026-07-27T12:18:44.000Z,2026-07-27T12:19:58.000Z,2026-07-27T12:19:58.000Z,,21.32,2026-07-27T12:19:58.000Z,cancel,Valid Cancel,annual,2026-08-11T00:49:37.000Z,2026-08-11T00:49:37.000Z,3.0,3.0,36.0,Brightback,,,,,,,169xY6UL6C0Yn4Pyv,2024-08-11T00:49:35.000Z,,2024-08-11T00:49:37.000Z,,h_fd82c83ef7f091be,,1,2024-08-11T00:49:37.000Z,USD,u_0029697c9c15925e,ACTIVE,h_867224031e997927,[name],,,,2025-08-11T00:49:37.000Z,student,,1,annual,2024-08-11T00:49:37.000Z,_UNKNOWN,3600,YEAR,,,High School,[name],2026-08-11T00:49:37.000Z,,300,,2026-08-11T00:49:37.000Z,2024-08-11T00:49:37.000Z,3600,,,,,,Student Experience [July 2025] [25% one-time / No Entry Modal],,08-11-2024,,07-27-2026,08-11-2024,08-11-2024,08-11-2024,,08-11-2024,08-11-2026
Wg7RBqN_ab3067480022ce1e,1534580,,Teachers; fallback,,,[name],[name],[name],I only needed SuperSummary for a short time,i_have_too_much_product_1528073051,Project ended or taking a break,project_stop,,Needs (SaaS),needs,6,,,u_45294b7050bf3974,,,,0,60.0,,Canceled,2026-07-27T11:52:25.000Z,2026-07-27T11:52:51.000Z,2026-07-27T11:52:51.000Z,,21.34,2026-07-27T11:52:51.000Z,cancel,Valid Cancel,annual,2027-02-26T12:33:08.000Z,2027-02-26T12:33:08.000Z,5.0,5.0,60.0,Brightback,,,,,,,1534580,2026-02-26T12:33:05.000Z,,2026-02-26T12:33:08.000Z,,h_a022e6cbdd1aa675,,1,2026-02-26T12:33:08.000Z,USD,u_45294b7050bf3974,ACTIVE,h_7333ff06a61b23a0,[name],60.0,annual_plus,,2026-02-26T12:33:08.000Z,teacher,,1,annual_plus,2026-02-26T12:33:08.000Z,_UNKNOWN,6000,YEAR,annual_plus,,other,[name],2027-02-26T12:33:08.000Z,,500,,2027-02-26T12:33:08.000Z,2026-02-26T12:33:08.000Z,6000,[name],,https://www.supersummary.com/subscription,https://www.supersummary.com/subscription/confirming/cancel,,Teacher Experience [July 2025] [40% one-time / Modal],,02-26-2026,,07-27-2026,02-26-2026,02-26-2026,02-26-2026,,02-26-2026,02-26-2027
Wg7RBdl_b3edb3913de658fe,AzZpYmVPshpxSA3x,,Students; fallback,,,[name],[name],,I only needed SuperSummary for a short time,i_have_too_much_product_1528073051,Project ended or taking a break,project_stop,,Needs (SaaS),needs,8,,,u_6086cc9c7bd8f44d,,,,0,,,Canceled,2026-07-27T11:39:52.000Z,2026-07-27T11:40:18.000Z,2026-07-27T11:40:18.000Z,,21.34,2026-07-27T11:40:18.000Z,cancel,Valid Cancel,monthly,2026-08-20T03:43:13.000Z,2026-08-20T03:43:13.000Z,9.95,9.95,9.95,Brightback,,,,,,,AzZpYmVPshpxSA3x,2026-07-20T03:43:10.000Z,,2026-07-20T03:43:13.000Z,,h_40a0f44c650217ca,,1,2026-07-20T03:43:13.000Z,USD,u_6086cc9c7bd8f44d,ACTIVE,h_5093e392c4603093,[name],,,,2026-07-20T03:43:13.000Z,student,,1,monthly_essentials,2026-07-20T03:43:13.000Z,_UNKNOWN,995,MONTH,,,College,[name],2026-08-20T03:43:13.000Z,,995,,2026-08-20T03:43:13.000Z,2026-07-20T03:43:13.000Z,995,,,,,,Student Experience [July 2025] [25% one-time / No Entry Modal],,07-20-2026,,07-27-2026,07-20-2026,07-20-2026,07-20-2026,,07-20-2026,08-20-2026
Wg7RB1M_876462bb54de4ce0,AzZsNqUrOf4aa4jGv,,Book Club Members; Annual,,,[name],[name],,I only needed SuperSummary for a short time,i_have_too_much_product_1528073051,Project ended or taking a break,project_stop,,Needs (SaaS),needs,5,,,u_acf087c4ef45b500,,,,0,,,Canceled,2026-07-27T11:01:32.000Z,2026-07-27T11:02:06.000Z,2026-07-27T11:02:06.000Z,,21.37,2026-07-27T11:02:06.000Z,cancel,Valid Cancel,annual,2027-07-19T12:02:08.000Z,2027-07-19T12:02:08.000Z,3.0,3.0,36.0,Brightback,,,,,,,AzZsNqUrOf4aa4jGv,2025-07-19T12:02:07.000Z,,2025-07-19T12:02:08.000Z,,h_bfd33f9a6611ee26,,1,2025-07-19T12:02:08.000Z,USD,u_acf087c4ef45b500,ACTIVE,h_8df28a9b4ecb23d9,[name],,,,2026-07-19T12:02:08.000Z,book_club_member,,1,annual,2025-07-19T12:02:08.000Z,_UNKNOWN,3600,YEAR,,,,[name],2027-07-19T12:02:08.000Z,,300,,2027-07-19T12:02:08.000Z,2025-07-19T12:02:08.000Z,3600,,,,,,BCM Experience [July 2025] [25% one-time / No Entry Modal],,07-19-2025,,07-27-2026,07-19-2025,07-19-2025,07-19-2025,,07-19-2025,07-19-2027
Wg7RAas_baaee90f273555dc,AzyXCEUqxhAfD3sum,,Book Club Members; Annual,,,[name],[name],,I only needed SuperSummary for a short time,i_have_too_much_product_1528073051,Project ended or taking a break,project_stop,,Needs (SaaS),needs,10,,,u_8b6f2d816a948bc6,,,,0,,,Canceled,2026-07-27T10:37:07.000Z,2026-07-27T10:38:14.000Z,2026-07-27T10:38:14.000Z,,21.39,2026-07-27T10:38:14.000Z,cancel,Valid Cancel,annual,2027-07-14T21:21:07.000Z,2027-07-14T21:21:07.000Z,3.0,3.0,36.0,Brightback,,,,,,,AzyXCEUqxhAfD3sum,2025-07-14T21:21:05.000Z,,2025-07-14T21:21:07.000Z,,h_d24673d6e279accb,,1,2025-07-14T21:21:07.000Z,USD,u_8b6f2d816a948bc6,ACTIVE,h_5e4a1cbe84ffc08d,[name],,,,2026-07-14T21:21:07.000Z,book_club_member,,1,annual,2025-07-14T21:21:07.000Z,_UNKNOWN,3600,YEAR,,,,[name],2027-07-14T21:21:07.000Z,,300,,2027-07-14T21:21:07.000Z,2025-07-14T21:21:07.000Z,3600,,,,,,BCM Experience [July 2025] [25% one-time / No Entry Modal],,07-14-2025,,07-27-2026,07-14-2025,07-14-2025,07-14-2025,,07-14-2025,07-14-2027
Wg7R7Us_ad4fa426e18e2adc,16BVxcUuZo0yiOIX,,Parents; Annual,,,[name],[name],,I only needed SuperSummary for a short time,i_have_too_much_product_1528073051,Project ended or taking a break,project_stop,,Needs (SaaS),needs,10,,,u_2309d9912793e806,,,,0,,,Canceled,2026-07-27T07:30:57.000Z,2026-07-27T07:31:48.000Z,2026-07-27T07:31:48.000Z,,21.52,2026-07-27T07:31:48.000Z,cancel,Valid Cancel,annual,2026-08-22T05:13:18.000Z,2026-08-22T05:13:18.000Z,3.0,3.0,36.0,Brightback,,,,,,,16BVxcUuZo0yiOIX,2025-08-22T05:13:15.000Z,,2025-08-22T05:13:18.000Z,,h_569a456f1708a4a5,,1,2025-08-22T05:13:18.000Z,USD,u_2309d9912793e806,ACTIVE,h_1f48608f1bda78f5,[name],,,,2025-08-22T05:13:18.000Z,parent_of_student,,1,annual,2025-08-22T05:13:18.000Z,_UNKNOWN,3600,YEAR,,,other,[name],2026-08-22T05:13:18.000Z,,300,,2026-08-22T05:13:18.000Z,2025-08-22T05:13:18.000Z,3600,,,,,,Parent Experience [July 2025] [25% one-time / Modal],,08-22-2025,,07-27-2026,08-22-2025,08-22-2025,08-22-2025,,08-22-2025,08-22-2026
Wg7R3HQ_aa4fa297072c537d,1268897,,Students; Annual,,,[name],[name],[name],I only needed SuperSummary for a short time,i_have_too_much_product_1528073051,Project ended or taking a break,project_stop,,Needs (SaaS),needs,5,,,u_8cd57a7067aa7d82,,,,0,36.0,,Canceled,2026-07-27T03:17:33.000Z,2026-07-27T03:18:12.000Z,2026-07-27T03:18:13.000Z,,21.69,2026-07-27T03:18:13.000Z,cancel,Valid Cancel,annual,2027-07-26T13:29:36.000Z,2027-07-26T13:29:36.000Z,3.0,3.0,36.0,Brightback,,,,,,,1268897,2025-07-26T13:29:33.000Z,,2025-07-26T13:29:36.000Z,,h_106902f10a41ed91,,1,2025-07-26T13:29:36.000Z,USD,u_8cd57a7067aa7d82,ACTIVE,h_21f56058a57c8f74,[name],36.0,annual,,2026-07-26T13:29:36.000Z,student,,1,annual,2025-07-26T13:29:36.000Z,_UNKNOWN,3600,YEAR,annual,,College,[name],2027-07-26T13:29:36.000Z,,300,,2027-07-26T13:29:36.000Z,2025-07-26T13:29:36.000Z,3600,[name],,https://www.supersummary.com/subscription,https://www.supersummary.com/subscription/confirming/cancel,,Student Experience [July 2025] [25% one-time / No Entry Modal],,07-26-2025,,07-27-2026,07-26-2025,07-26-2025,07-26-2025,,07-26-2025,07-26-2027
Wg7R2Y6_bb51e98392b92833,616688,,Students; Annual,,,[name],[name],[name],I only needed SuperSummary for a short time,i_have_too_much_product_1528073051,Project ended or taking a break,project_stop,,Needs (SaaS),needs,8,,,u_006b14e364c1ad51,,,,0,36.0,,Canceled,2026-07-27T02:34:19.000Z,2026-07-27T02:35:00.000Z,2026-07-27T02:35:00.000Z,,21.72,2026-07-27T02:35:00.000Z,cancel,Valid Cancel,annual,2027-07-27T01:54:09.000Z,2027-07-27T01:54:09.000Z,3.0,3.0,36.0,Brightback,,,,,,,616688,2024-07-27T01:54:06.000Z,,2024-07-27T01:54:09.000Z,,h_4eb7b6c8f91a8116,,1,2024-07-27T01:54:09.000Z,USD,u_006b14e364c1ad51,ACTIVE,h_c376c10e1170dead,[name],36.0,annual,,2026-07-27T01:54:09.000Z,student,,1,annual,2024-07-27T01:54:09.000Z,_UNKNOWN,3600,YEAR,annual,,College,[name],2027-07-27T01:54:09.000Z,,300,,2027-07-27T01:54:09.000Z,2024-07-27T01:54:09.000Z,3600,[name],,https://www.supersummary.com/subscription,https://www.supersummary.com/subscription/confirming/cancel,,Student Experience [July 2025] [25% one-time / No Entry Modal],,07-27-2024,,07-27-2026,07-27-2024,07-27-2024,07-27-2024,,07-27-2024,07-27-2027
Wg7R21U_bb9836e6091efa83,16CWjxUvrw5pJ1SKP,,Students; fallback,,,[name],[name],,I only needed SuperSummary for a short time,i_have_too_much_product_1528073051,Project ended or taking a break,project_stop,,Needs (SaaS),needs,8,Nothing,,u_240ee0549f98baa4,"Everything was great, just graduated",,,1,,,Canceled,2026-07-27T02:01:34.000Z,2026-07-27T02:02:11.000Z,2026-07-27T02:02:12.000Z,,21.75,2026-07-27T02:02:12.000Z,cancel,Valid Cancel,annual,2026-09-04T22:07:10.000Z,2026-09-04T22:07:10.000Z,5.0,5.0,60.0,Brightback,,,,,,,16CWjxUvrw5pJ1SKP,2025-09-04T22:07:07.000Z,,2025-09-04T22:07:10.000Z,,h_56631a025ecb0897,,1,2025-09-04T22:07:10.000Z,USD,u_240ee0549f98baa4,ACTIVE,h_5defdf7fc1fd0f6f,[name],,,,2025-09-04T22:07:10.000Z,student,,1,annual_plus,2025-09-04T22:07:10.000Z,_UNKNOWN,6000,YEAR,,,College,[name],2026-09-04T22:07:10.000Z,,500,,2026-09-04T22:07:10.000Z,2025-09-04T22:07:10.000Z,6000,,,,,,Student Experience [July 2025] [25% one-time / No Entry Modal],,09-04-2025,,07-27-2026,09-04-2025,09-04-2025,09-04-2025,,09-04-2025,09-04-2026
Wg7R1YN_8ecc690dd2908488,169zUqVQWZHxLzNA,,fallback,,,[name],[name],,I only needed SuperSummary for a short time,i_have_too_much_product_1528073051,Project ended or taking a break,project_stop,,Needs (SaaS),needs,10,,,u_233ae8562da8e18f,,,,0,,,Canceled,2026-07-27T01:34:27.000Z,2026-07-27T01:34:49.000Z,2026-07-27T01:34:49.000Z,,21.76,2026-07-27T01:34:49.000Z,cancel,Valid Cancel,monthly,2026-08-26T23:20:10.000Z,2026-08-26T23:20:10.000Z,16.65,16.65,16.65,Brightback,,,,,,,169zUqVQWZHxLzNA,2025-09-21T04:37:38.000Z,,2026-07-26T23:20:10.000Z,,h_491b9185463c0899,,1,2026-07-26T23:20:10.000Z,USD,u_233ae8562da8e18f,ACTIVE,h_06f9d5dab319bf7d,[name],,,,2026-07-26T23:20:10.000Z,other,,1,monthly_plus,2026-07-26T23:20:10.000Z,_UNKNOWN,1665,MONTH,,,,[name],2026-08-26T23:20:10.000Z,,1665,,2026-08-26T23:20:10.000Z,2026-07-26T23:20:10.000Z,1665,,,,,,Default/Fallback [July 2025] [25% one time / No entry modal],,07-26-2026,,07-27-2026,07-26-2026,07-26-2026,09-21-2025,,07-26-2026,08-26-2026
Wg7R1jV_a5531a627158c988,16CHNzVPOuBbH250h,,Students; fallback,,,[name],[name],,I only needed SuperSummary for a short time,i_have_too_much_product_1528073051,Project ended or taking a break,project_stop,,Needs (SaaS),needs,1,Nothing,,u_6caf410e14c5c46e,,,,0,,,Canceled,2026-07-27T01:45:34.000Z,2026-07-27T01:46:10.000Z,2026-07-27T01:46:10.000Z,,21.76,2026-07-27T01:46:10.000Z,cancel,Valid Cancel,monthly,2026-08-15T01:24:06.000Z,2026-08-15T01:24:06.000Z,16.65,16.65,16.65,Brightback,,,,,,,16CHNzVPOuBbH250h,2026-07-15T01:24:04.000Z,,2026-07-15T01:24:06.000Z,,h_392a3a08ad9457d5,,1,2026-07-15T01:24:06.000Z,USD,u_6caf410e14c5c46e,ACTIVE,h_9a029226d2091886,[name],,,,2026-07-15T01:24:06.000Z,student,,1,monthly_plus,2026-07-15T01:24:06.000Z,_UNKNOWN,1665,MONTH,,,College,[name],2026-08-15T01:24:06.000Z,,1665,,2026-08-15T01:24:06.000Z,2026-07-15T01:24:06.000Z,1665,,,,,,Student Experience [July 2025] [25% one-time / No Entry Modal],,07-15-2026,,07-27-2026,07-15-2026,07-15-2026,07-15-2026,,07-15-2026,08-15-2026
Wg7QNWA_b655aa331a5cc340,AzqBgEVQWZlbw141i,,Students; fallback,,,[name],[name],,I only needed SuperSummary for a short time,i_have_too_much_product_1528073051,Project ended or taking a break,project_stop,,Needs (SaaS),needs,6,,,u_cedb977bf64b1866,,,,0,,,Canceled,2026-07-26T23:32:14.000Z,2026-07-26T23:32:39.000Z,2026-07-26T23:32:39.000Z,,21.85,2026-07-26T23:32:39.000Z,cancel,Valid Cancel,annual,2027-07-26T23:22:04.000Z,2027-07-26T23:22:04.000Z,3.0,3.0,36.0,Brightback,,,,,,,AzqBgEVQWZlbw141i,2026-07-26T23:22:01.000Z,,2026-07-26T23:22:04.000Z,,h_b5463e7b2b75bc05,,1,2026-07-26T23:22:04.000Z,USD,u_cedb977bf64b1866,ACTIVE,h_fcd1c93193f146ab,[name],,,,2026-07-26T23:22:04.000Z,student,,1,annual_essentials,2026-07-26T23:22:04.000Z,_UNKNOWN,3600,YEAR,,,Postgrad Program,[name],2027-07-26T23:22:04.000Z,,300,,2027-07-26T23:22:04.000Z,2026-07-26T23:22:04.000Z,3600,,,,,,Student Experience [July 2025] [25% one-time / No Entry Modal],,07-26-2026,,07-26-2026,07-26-2026,07-26-2026,07-26-2026,,07-26-2026,07-26-2027
Wg7QNw0_93b6287367697d87,AzqQmwVQWKbfItpX,,Students; fallback,,,[name],[name],,I only needed SuperSummary for a short time,i_have_too_much_product_1528073051,Project ended or taking a break,project_stop,,Needs (SaaS),needs,9,Course Hero,,u_e090bed4cca4fdbc,More quotes ,,,1,,,Canceled,2026-07-26T23:58:02.000Z,2026-07-26T23:58:40.000Z,2026-08-03T03:49:56.000Z,,21.83,2026-08-03T03:49:56.000Z,cancel,Valid Cancel,monthly,2026-08-26T22:21:50.000Z,2026-08-26T22:21:50.000Z,16.65,16.65,16.65,Brightback,,,,,,,AzqQmwVQWKbfItpX,2026-07-26T22:21:47.000Z,,2026-07-26T22:21:50.000Z,,h_d0148ec48a02b874,,1,2026-07-26T22:21:50.000Z,USD,u_e090bed4cca4fdbc,ACTIVE,h_598256b332b8b27a,[name],,,,2026-07-26T22:21:50.000Z,student,,1,monthly_plus,2026-07-26T22:21:50.000Z,_UNKNOWN,1665,MONTH,,,High School,[name],2026-08-26T22:21:50.000Z,,1665,,2026-08-26T22:21:50.000Z,2026-07-26T22:21:50.000Z,1665,,,,,,Student Experience [July 2025] [25% one-time / No Entry Modal],,07-26-2026,,07-26-2026,07-26-2026,07-26-2026,07-26-2026,,07-26-2026,08-26-2026
Wg7QNpF_900b9a12f1a4f838,390950,,Students; Annual,,,[name],[name],[name],I only needed SuperSummary for a short time,i_have_too_much_product_1528073051,Project ended or taking a break,project_stop,,Needs (SaaS),needs,6,,,u_4abdf37ffde1d559,Not sure,,,1,36.0,,Canceled,2026-07-26T23:51:29.000Z,2026-07-26T23:52:01.000Z,2026-07-26T23:52:01.000Z,,21.84,2026-07-26T23:52:01.000Z,cancel,Valid Cancel,annual,2027-07-24T16:24:28.000Z,2027-07-24T16:24:28.000Z,3.0,3.0,36.0,Brightback,,,,,,,390950,2023-07-24T16:24:27.000Z,,2023-07-24T16:24:28.000Z,,h_f954deb6bc85a119,,1,2023-07-24T16:24:28.000Z,USD,u_4abdf37ffde1d559,ACTIVE,h_c7c8759e8927ba18,[name],36.0,annual,,2026-07-24T16:24:28.000Z,student,,1,annual,2023-07-24T16:24:28.000Z,_UNKNOWN,3600,YEAR,annual,,High School,[name],2027-07-24T16:24:28.000Z,,300,,2027-07-24T16:24:28.000Z,2023-07-24T16:24:28.000Z,3600,[name],,https://www.supersummary.com/subscription,https://www.supersummary.com/subscription/confirming/cancel,,Student Experience [July 2025] [25% one-time / No Entry Modal],,07-24-2023,,07-26-2026,07-24-2023,07-24-2023,07-24-2023,,07-24-2023,07-24-2027
Wg7QLlt_830ab5922e1ad371,1673806,,Students; fallback,,,[name],[name],[name],I only needed SuperSummary for a short time,i_have_too_much_product_1528073051,Project ended or taking a break,project_stop,,Needs (SaaS),needs,8,,,u_7dfc0a90094f69c1,,,,0,9.95,,Canceled,2026-07-26T21:48:00.000Z,2026-07-26T21:48:19.000Z,2026-07-26T21:48:20.000Z,,21.92,2026-07-26T21:48:20.000Z,cancel,Valid Cancel,monthly,2026-08-13T10:25:04.000Z,2026-08-13T10:25:04.000Z,9.95,9.95,9.95,Brightback,,,,,,,1673806,2026-06-13T10:25:01.000Z,,2026-06-13T10:25:04.000Z,,h_0c08171677500022,,1,2026-06-13T10:25:04.000Z,USD,u_7dfc0a90094f69c1,ACTIVE,h_8b8674968f64da6a,[name],9.95,monthly_essentials,,2026-07-13T10:25:04.000Z,student,,1,monthly_essentials,2026-06-13T10:25:04.000Z,_UNKNOWN,995,MONTH,monthly_essentials,,College,[name],2026-08-13T10:25:04.000Z,,995,,2026-08-13T10:25:04.000Z,2026-06-13T10:25:04.000Z,995,[name],,https://www.supersummary.com/subscription,https://www.supersummary.com/subscription/confirming/cancel,,Student Experience [July 2025] [25% one-time / No Entry Modal],,06-13-2026,,07-26-2026,06-13-2026,06-13-2026,06-13-2026,,06-13-2026,08-13-2026
Wg7QKf2_bcea8bb73acbb4a0,604275,,Students; Annual,,,[name],[name],[name],I only needed SuperSummary for a short time,i_have_too_much_product_1528073051,Project ended or taking a break,project_stop,,Needs (SaaS),needs,1,chat gpt,,u_0db9598324b65593,,,,0,36.0,,Canceled,2026-07-26T20:41:12.000Z,2026-07-26T20:41:38.000Z,2026-07-26T20:41:38.000Z,,21.97,2026-07-26T20:41:38.000Z,cancel,Valid Cancel,annual,2027-06-28T17:04:30.000Z,2027-06-28T17:04:30.000Z,3.0,3.0,36.0,Brightback,,,,,,,604275,2024-06-28T17:04:28.000Z,,2024-06-28T17:04:30.000Z,,h_54ffd134e2e12efb,,1,2024-06-28T17:04:30.000Z,USD,u_0db9598324b65593,ACTIVE,h_3b1e3fe32387b0ac,[name],36.0,annual,,2026-06-28T17:04:30.000Z,student,,1,annual,2024-06-28T17:04:30.000Z,_UNKNOWN,3600,YEAR,annual,,College,[name],2027-06-28T17:04:30.000Z,,300,,2027-06-28T17:04:30.000Z,2024-06-28T17:04:30.000Z,3600,[name],,https://www.supersummary.com/subscription,https://www.supersummary.com/subscription/confirming/cancel,,Student Experience [July 2025] [25% one-time / No Entry Modal],,06-28-2024,,07-26-2026,06-28-2024,06-28-2024,06-28-2024,,06-28-2024,06-28-2027
Wg7QK4h_80c7f3f40a1e09e7,16BSyEVQUtW7hIRY,,Book Club Members; fallback,,,[name],[name],,I only needed SuperSummary for a short time,i_have_too_much_product_1528073051,Project ended or taking a break,project_stop,,Needs (SaaS),needs,1,,,u_d5fdfc0ee584d0de,,,,0,,,Canceled,2026-07-26T20:04:46.000Z,2026-07-26T20:05:07.000Z,2026-07-27T02:45:32.000Z,,21.99,2026-07-27T02:45:32.000Z,cancel,Valid Cancel,monthly,2026-08-26T16:27:58.000Z,2026-08-26T16:27:58.000Z,9.95,9.95,9.95,Brightback,,,,,,,16BSyEVQUtW7hIRY,2026-07-26T16:27:55.000Z,,2026-07-26T16:27:58.000Z,,h_f6c23f43db231417,,1,2026-07-26T16:27:58.000Z,USD,u_d5fdfc0ee584d0de,ACTIVE,h_2156bedee5f018e4,[name],,,,2026-07-26T16:27:58.000Z,book_club_member,,1,monthly_essentials,2026-07-26T16:27:58.000Z,_UNKNOWN,995,MONTH,,,,[name],2026-08-26T16:27:58.000Z,,995,,2026-08-26T16:27:58.000Z,2026-07-26T16:27:58.000Z,995,,,,,,BCM Experience [July 2025] [25% one-time / No Entry Modal],,07-26-2026,,07-26-2026,07-26-2026,07-26-2026,07-26-2026,,07-26-2026,08-26-2026
Wg7QJZd_8c57619c0e59d3f2,657535,,Students; Annual,,,[name],[name],[name],I only needed SuperSummary for a short time,i_have_too_much_product_1528073051,Project ended or taking a break,project_stop,,Needs (SaaS),needs,2,,,u_e1fd3a2d468df23b,,,,0,36.0,,Canceled,2026-07-26T19:35:52.000Z,2026-07-26T19:36:13.000Z,2026-07-26T19:36:13.000Z,,22.01,2026-07-26T19:36:13.000Z,cancel,Valid Cancel,annual,2026-09-11T12:11:51.000Z,2026-09-11T12:11:51.000Z,3.0,3.0,36.0,Brightback,,,,,,,657535,2024-09-11T12:11:48.000Z,,2024-09-11T12:11:51.000Z,,h_ab1d68e7aed9c92a,,1,2024-09-11T12:11:51.000Z,USD,u_e1fd3a2d468df23b,ACTIVE,h_ae6943497316af16,[name],36.0,annual,,2025-09-11T12:11:51.000Z,student,,1,annual,2024-09-11T12:11:51.000Z,_UNKNOWN,3600,YEAR,annual,,Postgrad Program,[name],2026-09-11T12:11:51.000Z,,300,,2026-09-11T12:11:51.000Z,2024-09-11T12:11:51.000Z,3600,[name],,https://www.supersummary.com/subscription,https://www.supersummary.com/subscription/confirming/cancel,,Student Experience [July 2025] [25% one-time / No Entry Modal],,09-11-2024,,07-26-2026,09-11-2024,09-11-2024,09-11-2024,,09-11-2024,09-11-2026
Wg7QJSZ_a4b8b7c671885491,484162,,Students; Annual,,,[name],[name],[name],I only needed SuperSummary for a short time,i_have_too_much_product_1528073051,Project ended or taking a break,project_stop,,Needs (SaaS),needs,7,,,u_eec65f1cdbd7c4c3,,,,0,36.0,,Canceled,2026-07-26T19:28:54.000Z,2026-07-26T19:29:28.000Z,2026-07-26T19:29:28.000Z,,22.02,2026-07-26T19:29:28.000Z,cancel,Valid Cancel,annual,2027-01-27T02:20:15.000Z,2027-01-27T02:20:15.000Z,3.0,3.0,36.0,Brightback,,,,,,,484162,2024-01-27T02:20:12.000Z,,2024-01-27T02:20:15.000Z,,h_fb29392c3512b3ff,,1,2024-01-27T02:20:15.000Z,USD,u_eec65f1cdbd7c4c3,ACTIVE,h_5d976cdf8fb1b619,[name],36.0,annual,,2026-01-27T02:20:15.000Z,student,,1,annual,2024-01-27T02:20:15.000Z,_UNKNOWN,3600,YEAR,annual,,Postgrad Program,[name],2027-01-27T02:20:15.000Z,,300,,2027-01-27T02:20:15.000Z,2024-01-27T02:20:15.000Z,3600,[name],,https://www.supersummary.com/subscription,https://www.supersummary.com/subscription/confirming/cancel,,Student Experience [July 2025] [25% one-time / No Entry Modal],,01-27-2024,,07-26-2026,01-27-2024,01-27-2024,01-27-2024,,01-27-2024,01-27-2027
Wg7QJIw_bf5c945bf2b1172b,292430,,Students; Annual,,,[name],[name],[name],I only needed SuperSummary for a short time,i_have_too_much_product_1528073051,Project ended or taking a break,project_stop,,Needs (SaaS),needs,4,nothing,,u_154b0979e33f9724,Remind me to use it lol,,,1,36.0,,Canceled,2026-07-26T19:21:53.000Z,2026-07-26T19:23:14.000Z,2026-07-26T19:23:14.000Z,,22.02,2026-07-26T19:23:14.000Z,cancel,Valid Cancel,annual,2026-12-15T07:06:59.000Z,2026-12-15T07:06:59.000Z,3.0,3.0,36.0,Brightback,,,,,,,292430,2022-12-15T07:06:58.000Z,,2022-12-15T07:06:59.000Z,,h_62c11cbbaea0e4a5,,1,2022-12-15T07:06:59.000Z,USD,u_154b0979e33f9724,ACTIVE,h_720e1a8cc41492a8,[name],36.0,annual,,2025-12-15T07:06:59.000Z,student,,1,annual,2022-12-15T07:06:59.000Z,_UNKNOWN,3600,YEAR,annual,,College,[name],2026-12-15T07:06:59.000Z,,300,,2026-12-15T07:06:59.000Z,2022-12-15T07:06:59.000Z,3600,[name],,https://www.supersummary.com/subscription,https://www.supersummary.com/subscription/confirming/cancel,,Student Experience [July 2025] [25% one-time / No Entry Modal],,12-15-2022,,07-26-2026,12-15-2022,12-15-2022,12-15-2022,,12-15-2022,12-15-2026
Wg7QJ6C_aa7a7af264d8c824,391522,,fallback,,,[name],[name],[name],I only needed SuperSummary for a short time,i_have_too_much_product_1528073051,Project ended or taking a break,project_stop,,Needs (SaaS),needs,1,Nothing. I retired. ,,u_a12998af90ee3b13,,,,0,36.0,,Canceled,2026-07-26T19:06:24.000Z,2026-07-26T19:07:48.000Z,2026-07-26T19:07:48.000Z,,22.03,2026-07-26T19:07:48.000Z,cancel,Valid Cancel,annual,2027-07-26T16:59:44.000Z,2027-07-26T16:59:44.000Z,3.0,3.0,36.0,Brightback,,,,,,,391522,2023-07-26T16:59:42.000Z,,2023-07-26T16:59:44.000Z,,h_2ca543f23c209a06,,1,2023-07-26T16:59:44.000Z,USD,u_a12998af90ee3b13,ACTIVE,h_51d7f9ac025d293e,[name],36.0,annual,,2026-07-26T16:59:44.000Z,other,,1,annual,2023-07-26T16:59:44.000Z,_UNKNOWN,3600,YEAR,annual,,,[name],2027-07-26T16:59:44.000Z,,300,,2027-07-26T16:59:44.000Z,2023-07-26T16:59:44.000Z,3600,[name],,https://www.supersummary.com/subscription,https://www.supersummary.com/subscription/confirming/cancel,,Default/Fallback [July 2025] [25% one time / No entry modal],,07-26-2023,,07-26-2026,07-26-2023,07-26-2023,07-26-2023,,07-26-2023,07-26-2027
Wg7QHOh_a487df9e8b63f162,1333332,,Book Club Members; fallback,,,[name],[name],[name],I only needed SuperSummary for a short time,i_have_too_much_product_1528073051,Project ended or taking a break,project_stop,,Needs (SaaS),needs,4,,,u_23d674114e68752c,,,,0,36.0,,Canceled,2026-07-26T17:24:58.000Z,2026-07-26T17:25:38.000Z,2026-07-26T17:25:38.000Z,,22.1,2026-07-26T17:25:38.000Z,cancel,Valid Cancel,annual,2027-03-31T22:19:15.000Z,2027-03-31T22:19:15.000Z,3.0,3.0,36.0,Brightback,,,,,,,1333332,2026-03-31T22:19:10.000Z,,2026-03-31T22:19:15.000Z,,h_1be68df76b987858,,1,2026-03-31T22:19:15.000Z,USD,u_23d674114e68752c,ACTIVE,h_26210a42f9fce275,[name],36.0,annual_essentials,,2026-03-31T22:19:15.000Z,book_club_member,,1,annual_essentials,2026-03-31T22:19:15.000Z,_UNKNOWN,3600,YEAR,annual_essentials,,,[name],2027-03-31T22:19:15.000Z,,300,,2027-03-31T22:19:15.000Z,2026-03-31T22:19:15.000Z,3600,[name],,https://www.supersummary.com/subscription,https://www.supersummary.com/subscription/confirming/cancel,,BCM Experience [July 2025] [25% one-time / No Entry Modal],,03-31-2026,,07-26-2026,03-31-2026,03-31-2026,03-31-2026,,03-31-2026,03-31-2027
Wg7QHNV_83963cd5c4876f89,554204,,Parents; Annual,,,[name],[name],[name],I only needed SuperSummary for a short time,i_have_too_much_product_1528073051,Project ended or taking a break,project_stop,,Needs (SaaS),needs,7,,,u_0f52b68557f1b56b,,,,0,36.0,,Canceled,2026-07-26T17:23:57.000Z,2026-07-26T17:24:29.000Z,2026-07-26T17:24:31.000Z,,22.1,2026-07-26T17:24:31.000Z,cancel,Valid Cancel,annual,2027-05-01T04:52:35.000Z,2027-05-01T04:52:35.000Z,3.0,3.0,36.0,Brightback,,,,,,,554204,2024-05-01T04:52:31.000Z,,2024-05-01T04:52:35.000Z,,h_44924405faa8c322,,1,2024-05-01T04:52:35.000Z,USD,u_0f52b68557f1b56b,ACTIVE,h_2490213c06b6ac87,[name],36.0,annual,,2026-05-01T04:52:35.000Z,parent_of_student,,1,annual,2024-05-01T04:52:35.000Z,_UNKNOWN,3600,YEAR,annual,,Middle School,[name],2027-05-01T04:52:35.000Z,,300,,2027-05-01T04:52:35.000Z,2024-05-01T04:52:35.000Z,3600,[name],,https://www.supersummary.com/subscription,https://www.supersummary.com/subscription/confirming/cancel,,Parent Experience [July 2025] [25% one-time / Modal],,05-01-2024,,07-26-2026,05-01-2024,05-01-2024,05-01-2024,,05-01-2024,05-01-2027
Wg7QGDe_84685a31690afaaa,1554682,,Teachers; fallback,,,[name],[name],[name],I only needed SuperSummary for a short time,i_have_too_much_product_1528073051,Project ended or taking a break,project_stop,,Needs (SaaS),needs,5,,,u_1c381055fe39d58b,None,,,1,9.95,,Canceled,2026-07-26T16:14:00.000Z,2026-07-26T16:14:58.000Z,2026-07-26T16:14:59.000Z,,22.15,2026-07-26T16:14:59.000Z,cancel,Valid Cancel,monthly,2026-08-11T16:19:25.000Z,2026-08-11T16:19:25.000Z,9.95,9.95,9.95,Brightback,,,,,,,1554682,2026-03-11T16:19:21.000Z,,2026-03-11T16:19:25.000Z,,h_61d63f4e3bc759e0,,1,2026-03-11T16:19:25.000Z,USD,u_1c381055fe39d58b,ACTIVE,h_f548a4403df9d1b3,[name],9.95,monthly_essentials,,2026-07-11T16:19:25.000Z,teacher,,1,monthly_essentials,2026-03-11T16:19:25.000Z,_UNKNOWN,995,MONTH,monthly_essentials,,other,[name],2026-08-11T16:19:25.000Z,,995,,2026-08-11T16:19:25.000Z,2026-03-11T16:19:25.000Z,995,[name],,https://www.supersummary.com/subscription,https://www.supersummary.com/subscription/confirming/cancel,,Teacher Experience [July 2025] [40% one-time / Modal],,03-11-2026,,07-26-2026,03-11-2026,03-11-2026,03-11-2026,,03-11-2026,08-11-2026
Wg7QFWW_ac30b3b792b7babb,1706559,,Book Club Members; fallback,,,[name],[name],[name],I only needed SuperSummary for a short time,i_have_too_much_product_1528073051,Project ended or taking a break,project_stop,,Needs (SaaS),needs,5,,,u_e40392b414b517c2,,,,0,36.0,,Canceled,2026-07-26T15:32:35.000Z,2026-07-26T15:32:52.000Z,2026-07-26T15:32:53.000Z,,22.18,2026-07-26T15:32:53.000Z,cancel,Valid Cancel,annual,2027-07-25T17:47:17.000Z,2027-07-25T17:47:17.000Z,3.0,3.0,36.0,Brightback,,,,,,,1706559,2026-07-25T17:47:14.000Z,,2026-07-25T17:47:17.000Z,,h_a8d9fd63243521fe,,1,2026-07-25T17:47:17.000Z,USD,u_e40392b414b517c2,ACTIVE,h_5c52f71eb7160b31,[name],36.0,annual_essentials,,2026-07-25T17:47:17.000Z,book_club_member,,1,annual_essentials,2026-07-25T17:47:17.000Z,_UNKNOWN,3600,YEAR,annual_essentials,,,[name],2027-07-25T17:47:17.000Z,,300,,2027-07-25T17:47:17.000Z,2026-07-25T17:47:17.000Z,3600,[name],,https://www.supersummary.com/subscription,https://www.supersummary.com/subscription/confirming/cancel,,BCM Experience [July 2025] [25% one-time / No Entry Modal],,07-25-2026,,07-26-2026,07-25-2026,07-25-2026,07-25-2026,,07-25-2026,07-25-2027
Wg7QFai_a8c5dec7f0fe3841,AzZfC1VNVmcur2lNa,,Students; fallback,,,[name],[name],,I only needed SuperSummary for a short time,i_have_too_much_product_1528073051,Project ended or taking a break,project_stop,,Needs (SaaS),needs,8,,,u_6b8d1e255b5e8c01,,,,0,,,Canceled,2026-07-26T15:36:46.000Z,2026-07-26T15:36:58.000Z,2026-07-26T15:36:58.000Z,,22.18,2026-07-26T15:36:58.000Z,cancel,Valid Cancel,annual,2027-06-25T00:40:14.000Z,2027-06-25T00:40:14.000Z,5.0,5.0,60.0,Brightback,,,,,,,AzZfC1VNVmcur2lNa,2026-06-25T00:40:11.000Z,,2026-06-25T00:40:14.000Z,,h_e06a12538bbf2977,,1,2026-06-25T00:40:14.000Z,USD,u_6b8d1e255b5e8c01,ACTIVE,h_5b13563cf0190043,[name],,,,2026-06-25T00:40:14.000Z,student,,1,annual_plus,2026-06-25T00:40:14.000Z,_UNKNOWN,6000,YEAR,,,College,[name],2027-06-25T00:40:14.000Z,,500,,2027-06-25T00:40:14.000Z,2026-06-25T00:40:14.000Z,6000,,,,,,Student Experience [July 2025] [25% one-time / No Entry Modal],,06-25-2026,,07-26-2026,06-25-2026,06-25-2026,06-25-2026,,06-25-2026,06-25-2027
Wg7QENJ_9bdb9b6f9f1ce499,549679,,Parents; Annual,,,[name],[name],[name],I only needed SuperSummary for a short time,i_have_too_much_product_1528073051,Project ended or taking a break,project_stop,,Needs (SaaS),needs,5,,,u_9ac81d094e888537,,,,0,36.0,,Canceled,2026-07-26T14:24:11.000Z,2026-07-26T14:25:19.000Z,2026-07-26T14:25:19.000Z,,22.23,2026-07-26T14:25:19.000Z,cancel,Valid Cancel,annual,2027-04-28T12:11:20.000Z,2027-04-28T12:11:20.000Z,3.0,3.0,36.0,Brightback,,,,,,,549679,2024-04-28T12:02:07.000Z,,2024-04-28T12:11:20.000Z,,h_f41700920024e251,,1,2024-04-28T12:11:20.000Z,USD,u_9ac81d094e888537,ACTIVE,h_6ffc1d8dfe6e6314,[name],36.0,annual,,2026-04-28T12:11:20.000Z,parent_of_student,,1,annual,2024-04-28T12:11:20.000Z,_UNKNOWN,3600,YEAR,annual,,High School,[name],2027-04-28T12:11:20.000Z,,300,,2027-04-28T12:11:20.000Z,2024-04-28T12:11:20.000Z,3600,[name],,https://www.supersummary.com/subscription,https://www.supersummary.com/subscription/confirming/cancel,,Parent Experience [July 2025] [25% one-time / Modal],,04-28-2024,,07-26-2026,04-28-2024,04-28-2024,04-28-2024,,04-28-2024,04-28-2027
Wg7QEFr_917e57cd6c7c4978,1702113,,Students; fallback,,,[name],[name],[name],I only needed SuperSummary for a short time,i_have_too_much_product_1528073051,Project ended or taking a break,project_stop,,Needs (SaaS),needs,1,,,u_096209322384c86b,,,,0,16.65,,Canceled,2026-07-26T14:16:00.000Z,2026-07-26T14:16:19.000Z,2026-07-26T14:16:19.000Z,,22.24,2026-07-26T14:16:19.000Z,cancel,Valid Cancel,monthly,2026-08-21T07:04:32.000Z,2026-08-21T07:04:32.000Z,16.65,16.65,16.65,Brightback,,,,,,,1702113,2026-07-21T07:04:30.000Z,,2026-07-21T07:04:32.000Z,,h_b84ce9f8c53d7f7e,,1,2026-07-21T07:04:32.000Z,USD,u_096209322384c86b,ACTIVE,h_a5cc2b1ddb5b0f0e,[name],16.65,monthly_plus,,2026-07-21T07:04:32.000Z,student,,1,monthly_plus,2026-07-21T07:04:32.000Z,_UNKNOWN,1665,MONTH,monthly_plus,,College,[name],2026-08-21T07:04:32.000Z,,1665,,2026-08-21T07:04:32.000Z,2026-07-21T07:04:32.000Z,1665,[name],,https://www.supersummary.com/subscription,https://www.supersummary.com/subscription/confirming/cancel,,Student Experience [July 2025] [25% one-time / No Entry Modal],,07-21-2026,,07-26-2026,07-21-2026,07-21-2026,07-21-2026,,07-21-2026,08-21-2026
Wg7QDAA_acb5ea489c6800d7,Azz08qVEvAfsd26Nk,,Parents; fallback,,,[name],[name],,I only needed SuperSummary for a short time,i_have_too_much_product_1528073051,Project ended or taking a break,project_stop,,Needs (SaaS),needs,6,,,u_a0d2865d7004725c,,,,0,,,Canceled,2026-07-26T13:10:13.000Z,2026-07-26T13:10:53.000Z,2026-07-26T13:10:53.000Z,,22.28,2026-07-26T13:10:53.000Z,cancel,Valid Cancel,monthly,2026-08-25T22:32:38.000Z,2026-08-25T22:32:38.000Z,16.65,16.65,16.65,Brightback,,,,,,,Azz08qVEvAfsd26Nk,2023-09-04T14:09:23.000Z,,2026-03-25T22:32:38.000Z,,h_93bcf7393756d28b,,1,2026-03-25T22:32:38.000Z,USD,u_a0d2865d7004725c,ACTIVE,h_23eb7703c04560b9,[name],,,,2026-07-25T22:32:38.000Z,parent_of_student,,1,monthly_plus,2026-03-25T22:32:38.000Z,_UNKNOWN,1665,MONTH,,,Middle School,[name],2026-08-25T22:32:38.000Z,,1665,,2026-08-25T22:32:38.000Z,2026-03-25T22:32:38.000Z,1665,,,,,,Parent Experience [July 2025] [25% one-time / No Entry Modal],,03-25-2026,,07-26-2026,03-25-2026,03-25-2026,09-04-2023,,03-25-2026,08-25-2026
Wg7QCsO_af2ee33478c7f56f,16A1LuUiOQ1WT8830,,Parents; Annual,,,[name],[name],,I only needed SuperSummary for a short time,i_have_too_much_product_1528073051,Project ended or taking a break,project_stop,,Needs (SaaS),needs,1,,,u_a003a15d00fe0fd0,,,,0,,,Canceled,2026-07-26T12:54:27.000Z,2026-07-26T12:54:49.000Z,2026-07-26T12:54:50.000Z,,22.29,2026-07-26T12:54:50.000Z,cancel,Valid Cancel,annual,2027-04-15T00:42:26.000Z,2027-04-15T00:42:26.000Z,3.0,3.0,36.0,Brightback,,,,,,,16A1LuUiOQ1WT8830,2025-04-15T00:42:23.000Z,,2025-04-15T00:42:26.000Z,,h_dd443c9a2ec19428,,1,2025-04-15T00:42:26.000Z,USD,u_a003a15d00fe0fd0,ACTIVE,h_ad8e4f3e90024a38,[name],,,,2026-04-15T00:42:26.000Z,parent_of_student,,1,annual,2025-04-15T00:42:26.000Z,_UNKNOWN,3600,YEAR,,,Middle School,[name],2027-04-15T00:42:26.000Z,,300,,2027-04-15T00:42:26.000Z,2025-04-15T00:42:26.000Z,3600,,,,,,Parent Experience [July 2025] [25% one-time / Modal],,04-15-2025,,07-26-2026,04-15-2025,04-15-2025,04-15-2025,,04-15-2025,04-15-2027
Wg7QBDt_916dc8a85942e413,16CVfHVQ3pkrb2x8P,,Book Club Members; fallback,,,[name],[name],,I only needed SuperSummary for a short time,i_have_too_much_product_1528073051,Project ended or taking a break,project_stop,,Needs (SaaS),needs,8,,,u_1ab500351d980d29,,,,0,,,Canceled,2026-07-26T11:14:00.000Z,2026-07-26T11:15:09.000Z,2026-07-26T11:15:09.000Z,,22.36,2026-07-26T11:15:09.000Z,cancel,Valid Cancel,annual,2027-07-22T01:23:40.000Z,2027-07-22T01:23:40.000Z,5.0,5.0,60.0,Brightback,,,,,,,16CVfHVQ3pkrb2x8P,2026-07-22T01:23:39.000Z,,2026-07-22T01:23:40.000Z,,h_85fba76336ff5c13,,1,2026-07-22T01:23:40.000Z,USD,u_1ab500351d980d29,ACTIVE,h_96abc7f5e1d18e1c,[name],,,,2026-07-22T01:23:40.000Z,book_club_member,,1,annual_plus,2026-07-22T01:23:40.000Z,_UNKNOWN,6000,YEAR,,,,[name],2027-07-22T01:23:40.000Z,,500,,2027-07-22T01:23:40.000Z,2026-07-22T01:23:40.000Z,6000,,,,,,BCM Experience [July 2025] [25% one-time / No Entry Modal],,07-22-2026,,07-26-2026,07-22-2026,07-22-2026,07-22-2026,,07-22-2026,07-22-2027
Wg7Q66d_86c0bf35b74fe7bc,169mJeUFLwUQKBIB6,,Teachers; Annual,,,[name],[name],,I only needed SuperSummary for a short time,i_have_too_much_product_1528073051,Project ended or taking a break,project_stop,,Needs (SaaS),needs,5,,,u_6efc39b3a759f474,,,,0,,,Canceled,2026-07-26T06:06:44.000Z,2026-07-26T06:07:29.000Z,2026-07-26T06:07:30.000Z,,22.58,2026-07-26T06:07:30.000Z,cancel,Valid Cancel,annual,2027-06-11T02:35:03.000Z,2027-06-11T02:35:03.000Z,3.0,3.0,36.0,Brightback,,,,,,,169mJeUFLwUQKBIB6,2024-06-11T02:35:00.000Z,,2024-06-11T02:35:03.000Z,,h_dbb4bf5bf3bdc698,,1,2024-06-11T02:35:03.000Z,USD,u_6efc39b3a759f474,ACTIVE,h_8f7181c1342632d9,[name],,,,2026-06-11T02:35:03.000Z,teacher,,1,annual,2024-06-11T02:35:03.000Z,_UNKNOWN,3600,YEAR,,,High School,[name],2027-06-11T02:35:03.000Z,,300,,2027-06-11T02:35:03.000Z,2024-06-11T02:35:03.000Z,3600,,,,,,Teacher Experience [July 2025] [40% one-time / Modal],,06-11-2024,,07-26-2026,06-11-2024,06-11-2024,06-11-2024,,06-11-2024,06-11-2027
Wg7Q4m4_98dec7b2b54f2fdd,200896,,Students; fallback,,,[name],[name],[name],I only needed SuperSummary for a short time,i_have_too_much_product_1528073051,Project ended or taking a break,project_stop,,Needs (SaaS),needs,10,,,u_feb59739131c59a5,,,,0,60.0,,Canceled,2026-07-26T04:48:15.000Z,2026-07-26T04:48:28.000Z,2026-07-26T04:48:28.000Z,,22.63,2026-07-26T04:48:28.000Z,cancel,Valid Cancel,annual,2026-09-28T18:53:53.000Z,,5.0,5.0,60.0,Brightback,,,,,,,200896,2022-05-10T00:35:50.000Z,,2025-09-28T18:53:53.000Z,,h_3f6815c39a715af1,,1,2025-09-28T18:53:53.000Z,USD,u_feb59739131c59a5,NON_RENEWING,h_47f09a82388707fb,[name],60.0,annual_plus,,2025-09-28T18:53:53.000Z,student,,1,annual_plus,2025-09-28T18:53:53.000Z,_UNKNOWN,6000,YEAR,annual_plus,,College,[name],,,500,,2026-09-28T18:53:53.000Z,2025-09-28T18:53:53.000Z,6000,[name],,https://www.supersummary.com/subscription,https://www.supersummary.com/subscription/confirming/cancel,,Student Experience [July 2025] [25% one-time / No Entry Modal],,09-28-2025,,07-26-2026,09-28-2025,09-28-2025,05-10-2022,,09-28-2025,
Wg7Q4la_988a895a477ca9f6,AzZuzhUy7U3Ca2de0,,Students; fallback,,,[name],[name],,I only needed SuperSummary for a short time,i_have_too_much_product_1528073051,Project ended or taking a break,project_stop,,Needs (SaaS),needs,10,,,u_feb59739131c59a5,,,,0,,,Canceled,2026-07-26T04:47:40.000Z,2026-07-26T04:47:57.000Z,2026-07-26T04:47:57.000Z,,22.63,2026-07-26T04:47:57.000Z,cancel,Valid Cancel,annual,2026-09-28T18:53:53.000Z,2026-09-28T18:53:53.000Z,5.0,5.0,60.0,Brightback,,,,,,,AzZuzhUy7U3Ca2de0,2022-05-10T00:35:50.000Z,,2025-09-28T18:53:53.000Z,,h_3f6815c39a715af1,,1,2025-09-28T18:53:53.000Z,USD,u_feb59739131c59a5,ACTIVE,h_47f09a82388707fb,[name],,,,2025-09-28T18:53:53.000Z,student,,1,annual_plus,2025-09-28T18:53:53.000Z,_UNKNOWN,6000,YEAR,,,College,[name],2026-09-28T18:53:53.000Z,,500,,2026-09-28T18:53:53.000Z,2025-09-28T18:53:53.000Z,6000,,,,,,Student Experience [July 2025] [25% one-time / No Entry Modal],,09-28-2025,,07-26-2026,09-28-2025,09-28-2025,05-10-2022,,09-28-2025,09-28-2026
Wg7Q2i8_a283feca04d1cf11,AzZciAVPJ2Y532psg,,Book Club Members; fallback,,,[name],[name],,I only needed SuperSummary for a short time,i_have_too_much_product_1528073051,Project ended or taking a break,project_stop,,Needs (SaaS),needs,4,Nothing,,u_e89336f59d9704f8,Unneccessary,,,1,,,Canceled,2026-07-26T02:44:15.000Z,2026-07-26T02:46:03.000Z,2026-07-26T02:46:03.000Z,,22.72,2026-07-26T02:46:03.000Z,cancel,Valid Cancel,annual,2027-07-14T01:19:41.000Z,2027-07-14T01:19:41.000Z,3.0,3.0,36.0,Brightback,,,,,,,AzZciAVPJ2Y532psg,2026-07-14T01:19:40.000Z,,2026-07-14T01:19:41.000Z,,h_19b13f48fc03d4f3,,1,2026-07-14T01:19:41.000Z,USD,u_e89336f59d9704f8,ACTIVE,h_0835a37d564285cb,[name],,,,2026-07-14T01:19:41.000Z,book_club_member,,1,annual_essentials,2026-07-14T01:19:41.000Z,_UNKNOWN,3600,YEAR,,,,[name],2027-07-14T01:19:41.000Z,,300,,2027-07-14T01:19:41.000Z,2026-07-14T01:19:41.000Z,3600,,,,,,BCM Experience [July 2025] [25% one-time / No Entry Modal],,07-14-2026,,07-26-2026,07-14-2026,07-14-2026,07-14-2026,,07-14-2026,07-14-2027
Wg7Q1YN_a7d9a207e161e6c8,1706889,,Students; fallback,,,[name],[name],[name],I only needed SuperSummary for a short time,i_have_too_much_product_1528073051,Project ended or taking a break,project_stop,,Needs (SaaS),needs,10,y,,u_5665733b90a6c824,y,,,1,9.95,,Canceled,2026-07-26T01:34:26.000Z,2026-07-26T01:34:43.000Z,2026-07-26T01:34:43.000Z,,22.76,2026-07-26T01:35:17.000Z,cancel,Valid Cancel,monthly,2026-08-26T01:32:52.000Z,2026-08-26T01:32:52.000Z,9.95,9.95,9.95,Brightback,,,,,,,1706889,2026-07-26T01:32:50.000Z,,2026-07-26T01:32:52.000Z,,h_a203e547866299e2,,1,2026-07-26T01:32:52.000Z,USD,u_5665733b90a6c824,ACTIVE,h_22eab3954f356b5e,[name],9.95,monthly_essentials,,2026-07-26T01:32:52.000Z,student,,1,monthly_essentials,2026-07-26T01:32:52.000Z,_UNKNOWN,995,MONTH,monthly_essentials,,Postgrad Program,[name],2026-08-26T01:32:52.000Z,,995,,2026-08-26T01:32:52.000Z,2026-07-26T01:32:52.000Z,995,[name],,https://www.supersummary.com/subscription,https://www.supersummary.com/subscription/confirming/cancel,,Student Experience [July 2025] [25% one-time / No Entry Modal],,07-26-2026,,07-26-2026,07-26-2026,07-26-2026,07-26-2026,,07-26-2026,08-26-2026
Wg7Q1YB_b60b8827e5190baf,1692487,,Book Club Members; fallback,,,[name],[name],[name],I only needed SuperSummary for a short time,i_have_too_much_product_1528073051,Project ended or taking a break,project_stop,,Needs (SaaS),needs,4,nothing,,u_c91d6b3da2de4346,,,,0,36.0,,Canceled,2026-07-26T01:34:20.000Z,2026-07-26T01:34:47.000Z,2026-07-26T01:34:47.000Z,,22.76,2026-07-26T01:34:47.000Z,cancel,Valid Cancel,annual,2027-07-08T14:13:49.000Z,2027-07-08T14:13:49.000Z,2.25,2.25,36.0,Brightback,,,,,,,1692487,2026-07-08T14:13:46.000Z,,2026-07-08T14:13:49.000Z,,h_5d0185828479551c,,1,2026-07-08T14:13:49.000Z,USD,u_c91d6b3da2de4346,ACTIVE,h_8d28f4823430040b,[name],36.0,annual_essentials,,2026-07-08T14:13:49.000Z,book_club_member,,1,annual_essentials,2026-07-08T14:13:49.000Z,_UNKNOWN,3600,YEAR,annual_essentials,nmTKUhkQCvq,,[name],2027-07-08T14:13:49.000Z,,225,,2027-07-08T14:13:49.000Z,2026-07-08T14:13:49.000Z,3600,[name],,https://www.supersummary.com/subscription,https://www.supersummary.com/subscription/confirming/cancel,,BCM Experience [July 2025] [25% one-time / No Entry Modal],,07-08-2026,,07-26-2026,07-08-2026,07-08-2026,07-08-2026,,07-08-2026,07-08-2027
Wg7Q0uO_a0c68665dec19fde,1678932,,Students; fallback,,,[name],[name],[name],I only needed SuperSummary for a short time,i_have_too_much_product_1528073051,Project ended or taking a break,project_stop,,Needs (SaaS),needs,10,"nothing, it was great I was just taking one class",,u_2b32a2c6cbabb2c1,,,,0,16.65,,Canceled,2026-07-26T00:56:34.000Z,2026-07-26T00:57:31.000Z,2026-07-26T00:57:31.000Z,,22.79,2026-07-26T00:57:31.000Z,cancel,Valid Cancel,monthly,2026-08-19T19:27:15.000Z,2026-08-19T19:27:15.000Z,16.65,16.65,16.65,Brightback,,,,1,16.65,2026-07-28T19:27:16.000Z,1678932,2026-06-19T19:27:12.000Z,,2026-06-19T19:27:15.000Z,,h_4a603a0ccface254,,1,2026-06-19T19:27:15.000Z,USD,u_2b32a2c6cbabb2c1,ACTIVE,h_dce7403fc5e7f6d1,[name],16.65,monthly_plus,,2026-07-19T19:27:15.000Z,student,,1,monthly_plus,2026-06-19T19:27:15.000Z,_UNKNOWN,1665,MONTH,monthly_plus,,College,[name],2026-08-19T19:27:15.000Z,,1665,,2026-08-19T19:27:15.000Z,2026-06-19T19:27:15.000Z,1665,[name],,https://www.supersummary.com/subscription,https://www.supersummary.com/subscription/confirming/cancel,,Student Experience [July 2025] [25% one-time / No Entry Modal],,06-19-2026,,07-26-2026,06-19-2026,06-19-2026,06-19-2026,,06-19-2026,08-19-2026
Wg7Q0oW_9f997943ed1202d0,1256375,,Book Club Members; Annual,,,[name],[name],[name],I only needed SuperSummary for a short time,i_have_too_much_product_1528073051,Project ended or taking a break,project_stop,,Needs (SaaS),needs,6,,,u_dd3ba8c0b50e7cd0,"i forgot i had this, only used it once or twice.",,,1,36.0,,Canceled,2026-07-26T00:50:51.000Z,2026-07-26T00:51:38.000Z,2026-07-26T00:51:38.000Z,,22.79,2026-07-26T00:51:38.000Z,cancel,Valid Cancel,annual,2027-07-09T19:16:28.000Z,2027-07-09T19:16:28.000Z,3.0,3.0,36.0,Brightback,,,,,,,1256375,2025-07-09T19:16:27.000Z,,2025-07-09T19:16:28.000Z,,h_832bdb0f609268d2,,1,2025-07-09T19:16:28.000Z,USD,u_dd3ba8c0b50e7cd0,ACTIVE,h_9ee83e8cf1322feb,[name],36.0,annual,,2026-07-09T19:16:28.000Z,book_club_member,,1,annual,2025-07-09T19:16:28.000Z,_UNKNOWN,3600,YEAR,annual,,,[name],2027-07-09T19:16:28.000Z,,300,,2027-07-09T19:16:28.000Z,2025-07-09T19:16:28.000Z,3600,[name],,https://www.supersummary.com/subscription,https://www.supersummary.com/subscription/confirming/cancel,,BCM Experience [July 2025] [25% one-time / No Entry Modal],,07-09-2025,,07-26-2026,07-09-2025,07-09-2025,07-09-2025,,07-09-2025,07-09-2027
Wg7PNwU_bcbb26dd0d1e7541,1692959,,fallback,,,[name],[name],[name],I only needed SuperSummary for a short time,i_have_too_much_product_1528073051,Project ended or taking a break,project_stop,,Needs (SaaS),needs,10,Nothing,,u_0d1a2004aa69ee0a,Lower subscription price,,,1,9.95,,Canceled,2026-07-25T23:58:48.000Z,2026-07-25T23:59:58.000Z,2026-07-25T23:59:58.000Z,,22.83,2026-07-25T23:59:58.000Z,cancel,Valid Cancel,monthly,2026-08-09T00:01:07.000Z,2026-08-09T00:01:07.000Z,9.95,9.95,9.95,Brightback,,,,,,,1692959,2026-07-09T00:01:05.000Z,,2026-07-09T00:01:07.000Z,,h_6186683a8f23dd9f,,1,2026-07-09T00:01:07.000Z,USD,u_0d1a2004aa69ee0a,ACTIVE,h_b7ead15fe076d57a,[name],9.95,monthly_essentials,,2026-07-09T00:01:07.000Z,other,,1,monthly_essentials,2026-07-09T00:01:07.000Z,_UNKNOWN,995,MONTH,monthly_essentials,,,[name],2026-08-09T00:01:07.000Z,,995,,2026-08-09T00:01:07.000Z,2026-07-09T00:01:07.000Z,995,[name],,https://www.supersummary.com/subscription,https://www.supersummary.com/subscription/confirming/cancel,,Default/Fallback [July 2025] [25% one time / No entry modal],,07-09-2026,,07-25-2026,07-09-2026,07-09-2026,07-09-2026,,07-09-2026,08-09-2026
Wg7PNLM_a6b143e66d35eb0e,AzqXwmVPmRQWr5PdQ,,Book Club Members; fallback,,,[name],[name],,I only needed SuperSummary for a short time,i_have_too_much_product_1528073051,Project ended or taking a break,project_stop,,Needs (SaaS),needs,4,,,u_192f27adc8bade08,,,,0,,,Canceled,2026-07-25T23:21:29.000Z,2026-07-25T23:21:57.000Z,2026-07-25T23:21:57.000Z,,22.86,2026-07-25T23:21:57.000Z,cancel,Valid Cancel,annual,2027-07-19T02:00:24.000Z,2027-07-19T02:00:24.000Z,5.0,5.0,60.0,Brightback,,,,,,,AzqXwmVPmRQWr5PdQ,2026-07-19T01:50:41.000Z,,2026-07-19T02:00:24.000Z,,h_47f7c8efb258f25c,,1,2026-07-19T02:00:24.000Z,USD,u_192f27adc8bade08,ACTIVE,h_60767ca1b8b9422b,[name],,,,2026-07-19T02:00:24.000Z,book_club_member,,1,annual_plus,2026-07-19T02:00:24.000Z,_UNKNOWN,6000,YEAR,,,,[name],2027-07-19T02:00:24.000Z,,500,,2027-07-19T02:00:24.000Z,2026-07-19T02:00:24.000Z,6000,,,,,,BCM Experience [July 2025] [25% one-time / No Entry Modal],,07-19-2026,,07-25-2026,07-19-2026,07-19-2026,07-19-2026,,07-19-2026,07-19-2027
Wg7PNCn_97e3612e81070de7,AzyffbTaQ3FS35F8C,,Book Club Members; Annual,,,[name],[name],,I only needed SuperSummary for a short time,i_have_too_much_product_1528073051,Project ended or taking a break,project_stop,,Needs (SaaS),needs,5,nothing,,u_7bec6d89f93d299a,nothing,,,1,,,Canceled,2026-07-25T23:12:54.000Z,2026-07-25T23:13:21.000Z,2026-07-25T23:13:22.000Z,,22.86,2026-07-25T23:13:22.000Z,cancel,Valid Cancel,annual,2027-04-04T01:42:53.000Z,2027-04-04T01:42:53.000Z,3.0,3.0,36.0,Brightback,,,,,,,AzyffbTaQ3FS35F8C,2023-04-04T01:42:50.000Z,,2023-04-04T01:42:53.000Z,,h_a97539461dd16cf5,,1,2023-04-04T01:42:53.000Z,USD,u_7bec6d89f93d299a,ACTIVE,h_16ed2af61dcc53d3,[name],,,,2026-04-04T01:42:53.000Z,book_club_member,,1,annual,2023-04-04T01:42:53.000Z,_UNKNOWN,3600,YEAR,,,,[name],2027-04-04T01:42:53.000Z,,300,,2027-04-04T01:42:53.000Z,2023-04-04T01:42:53.000Z,3600,,,,,,BCM Experience [July 2025] [25% one-time / No Entry Modal],,04-04-2023,,07-25-2026,04-04-2023,04-04-2023,04-04-2023,,04-04-2023,04-04-2027
Wg7PLj0_a6f2409cb33ff022,1268519,,Book Club Members; Annual,,,[name],[name],[name],I only needed SuperSummary for a short time,i_have_too_much_product_1528073051,Project ended or taking a break,project_stop,,Needs (SaaS),needs,5,,,u_856c169dfd3613db,,,,0,36.0,,Canceled,2026-07-25T21:45:48.000Z,2026-07-25T21:46:51.000Z,2026-07-25T21:46:52.000Z,,22.92,2026-07-25T21:46:52.000Z,cancel,Valid Cancel,annual,2027-07-25T18:34:37.000Z,2027-07-25T18:34:37.000Z,3.0,3.0,36.0,Brightback,,,,,,,1268519,2025-07-25T18:34:36.000Z,,2025-07-25T18:34:37.000Z,,h_21bd118f8ac096c1,,1,2025-07-25T18:34:37.000Z,USD,u_856c169dfd3613db,ACTIVE,h_f2475a0028ed4e3b,[name],36.0,annual,,2026-07-25T18:34:37.000Z,book_club_member,,1,annual,2025-07-25T18:34:37.000Z,_UNKNOWN,3600,YEAR,annual,,,[name],2027-07-25T18:34:37.000Z,,300,,2027-07-25T18:34:37.000Z,2025-07-25T18:34:37.000Z,3600,[name],,https://www.supersummary.com/subscription,https://www.supersummary.com/subscription/confirming/cancel,,BCM Experience [July 2025] [25% one-time / No Entry Modal],,07-25-2025,,07-25-2026,07-25-2025,07-25-2025,07-25-2025,,07-25-2025,07-25-2027
Wg7PJJW_a9743cd89486adce,169jZHVQPZUdzSiB,,fallback,,,[name],[name],,I only needed SuperSummary for a short time,i_have_too_much_product_1528073051,Project ended or taking a break,project_stop,,Needs (SaaS),needs,1,,,u_7f917e46996bd639,,,,0,,,Canceled,2026-07-25T19:19:34.000Z,2026-07-25T19:19:46.000Z,2026-07-25T19:19:46.000Z,,23.02,2026-07-25T19:19:46.000Z,cancel,Valid Cancel,monthly,2026-08-25T18:37:04.000Z,2026-08-25T18:37:04.000Z,16.65,16.65,16.65,Brightback,,,,,,,169jZHVQPZUdzSiB,2026-07-25T18:37:01.000Z,,2026-07-25T18:37:04.000Z,,h_bc037a0c3d24819f,,1,2026-07-25T18:37:04.000Z,USD,u_7f917e46996bd639,ACTIVE,h_279fb0f475bf863e,[name],,,,2026-07-25T18:37:04.000Z,other,,1,monthly_plus,2026-07-25T18:37:04.000Z,_UNKNOWN,1665,MONTH,,,,[name],2026-08-25T18:37:04.000Z,,1665,,2026-08-25T18:37:04.000Z,2026-07-25T18:37:04.000Z,1665,,,,,,Default/Fallback [July 2025] [25% one time / No entry modal],,07-25-2026,,07-25-2026,07-25-2026,07-25-2026,07-25-2026,,07-25-2026,08-25-2026
Wg7PIB8_be2a70600e4f0c35,1683523,,Book Club Members; fallback,,,[name],[name],[name],I only needed SuperSummary for a short time,i_have_too_much_product_1528073051,Project ended or taking a break,project_stop,,Needs (SaaS),needs,2,,,u_11fc9b3342e19154,,,,0,36.0,,Canceled,2026-07-25T18:11:14.000Z,2026-07-25T18:12:00.000Z,2026-07-25T18:12:00.000Z,,23.07,2026-07-25T18:12:00.000Z,cancel,Valid Cancel,annual,2027-07-20T16:09:18.000Z,2027-07-20T16:09:18.000Z,3.0,3.0,36.0,Brightback,,,,,,,1683523,2026-07-20T16:09:17.000Z,,2026-07-20T16:09:18.000Z,,h_62a75c31301e50fe,,1,2026-07-20T16:09:18.000Z,USD,u_11fc9b3342e19154,ACTIVE,h_b4905049715a62ef,[name],36.0,annual_essentials,,2026-07-20T16:09:18.000Z,book_club_member,,1,annual_essentials,2026-07-20T16:09:18.000Z,_UNKNOWN,3600,YEAR,annual_essentials,,,[name],2027-07-20T16:09:18.000Z,,300,,2027-07-20T16:09:18.000Z,2026-07-20T16:09:18.000Z,3600,[name],,https://www.supersummary.com/subscription,https://www.supersummary.com/subscription/confirming/cancel,,BCM Experience [July 2025] [25% one-time / No Entry Modal],,07-20-2026,,07-25-2026,07-20-2026,07-20-2026,07-20-2026,,07-20-2026,07-20-2027
Wg7PHQ1_95e52116e5690635,1254038,,Book Club Members; Annual,,,[name],[name],[name],I only needed SuperSummary for a short time,i_have_too_much_product_1528073051,Project ended or taking a break,project_stop,,Needs (SaaS),needs,1,Read the book,,u_72fd9ffb667b2734,Not sure,,,1,36.0,,Canceled,2026-07-25T17:26:28.000Z,2026-07-25T17:28:15.000Z,2026-07-25T17:28:15.000Z,,23.1,2026-07-25T17:28:15.000Z,cancel,Valid Cancel,annual,2027-07-06T23:10:32.000Z,2027-07-06T23:10:32.000Z,3.0,3.0,36.0,Brightback,,,,,,,1254038,2025-07-06T23:10:30.000Z,,2025-07-06T23:10:32.000Z,,h_7f7f22a76b4b853f,,1,2025-07-06T23:10:32.000Z,USD,u_72fd9ffb667b2734,ACTIVE,h_166bd114aaafc336,[name],36.0,annual,,2026-07-06T23:10:32.000Z,book_club_member,,1,annual,2025-07-06T23:10:32.000Z,_UNKNOWN,3600,YEAR,annual,,,[name],2027-07-06T23:10:32.000Z,,300,,2027-07-06T23:10:32.000Z,2025-07-06T23:10:32.000Z,3600,[name],,https://www.supersummary.com/subscription,https://www.supersummary.com/subscription/confirming/cancel,,BCM Experience [July 2025] [25% one-time / No Entry Modal],,07-06-2025,,07-25-2026,07-06-2025,07-06-2025,07-06-2025,,07-06-2025,07-06-2027
Wg7P9o3_86076629dce78ece,Azyk91VQNP4cd3S9z,,Students; fallback,,,[name],[name],,I only needed SuperSummary for a short time,i_have_too_much_product_1528073051,Project ended or taking a break,project_stop,,Needs (SaaS),needs,6,nothing,,u_ab638e7c25a883fc,,,,0,,,Canceled,2026-07-25T09:50:07.000Z,2026-07-25T09:50:40.000Z,2026-07-25T09:50:41.000Z,,23.42,2026-07-25T09:50:41.000Z,cancel,Valid Cancel,monthly,2026-08-25T09:43:08.000Z,2026-08-25T09:43:08.000Z,16.65,16.65,16.65,Brightback,,,,,,,Azyk91VQNP4cd3S9z,2026-07-25T09:43:05.000Z,,2026-07-25T09:43:08.000Z,,h_8b8948793fc287da,,1,2026-07-25T09:43:08.000Z,USD,u_ab638e7c25a883fc,ACTIVE,h_695447873c4b3e90,[name],,,,2026-07-25T09:43:08.000Z,student,,1,monthly_plus,2026-07-25T09:43:08.000Z,_UNKNOWN,1665,MONTH,,,High School,[name],2026-08-25T09:43:08.000Z,,1665,,2026-08-25T09:43:08.000Z,2026-07-25T09:43:08.000Z,1665,,,,,,Student Experience [July 2025] [25% one-time / No Entry Modal],,07-25-2026,,07-25-2026,07-25-2026,07-25-2026,07-25-2026,,07-25-2026,08-25-2026
Wg7P8Bk_b0c4d356c5a791fb,Azz8JTUeJHfB4PfMJ,,Book Club Members; Annual,,,[name],[name],,I only needed SuperSummary for a short time,i_have_too_much_product_1528073051,Project ended or taking a break,project_stop,,Needs (SaaS),needs,7,,,u_bca6e234992f740d,,,,0,,,Canceled,2026-07-25T08:11:49.000Z,2026-07-25T08:12:11.000Z,2026-07-25T08:12:11.000Z,,23.49,2026-07-25T08:12:11.000Z,cancel,Valid Cancel,annual,2027-03-12T12:48:43.000Z,2027-03-12T12:48:43.000Z,3.0,3.0,36.0,Brightback,,,,,,,Azz8JTUeJHfB4PfMJ,2025-03-02T17:42:19.000Z,,2025-03-02T17:42:21.000Z,,h_a864f2aa868b578c,,1,2026-03-12T12:48:43.000Z,USD,u_bca6e234992f740d,ACTIVE,h_12c7736697e13587,[name],,,,2026-03-12T12:48:43.000Z,book_club_member,,1,annual,2025-03-02T17:42:21.000Z,_UNKNOWN,3600,YEAR,,,,[name],2027-03-12T12:48:43.000Z,,300,,2027-03-12T12:48:43.000Z,2025-03-02T17:42:21.000Z,3600,,,,,,BCM Experience [July 2025] [25% one-time / No Entry Modal],,03-02-2025,,07-25-2026,03-12-2026,03-02-2025,03-02-2025,,03-02-2025,03-12-2027
Wg7P7um_b5a612fe268ad123,16BRF6VNUovPg2VFL,,Students; fallback,,,[name],[name],,I only needed SuperSummary for a short time,i_have_too_much_product_1528073051,Project ended or taking a break,project_stop,,Needs (SaaS),needs,5,,,u_6a95d15cd8bed1cb,,,,0,,,Canceled,2026-07-25T07:56:55.000Z,2026-07-25T07:58:42.000Z,2026-07-25T07:58:42.000Z,,23.5,2026-07-25T07:58:42.000Z,cancel,Valid Cancel,monthly,2026-08-24T20:43:05.000Z,2026-08-24T20:43:05.000Z,9.95,9.95,9.95,Brightback,,,,,,,16BRF6VNUovPg2VFL,2026-06-24T20:43:03.000Z,,2026-06-24T20:43:05.000Z,,h_cc68bf79c2f60ee3,,1,2026-06-24T20:43:05.000Z,USD,u_6a95d15cd8bed1cb,ACTIVE,h_1b624883dbd17117,[name],,,,2026-07-24T20:43:05.000Z,student,,1,monthly_essentials,2026-06-24T20:43:05.000Z,_UNKNOWN,995,MONTH,,,High School,[name],2026-08-24T20:43:05.000Z,,995,,2026-08-24T20:43:05.000Z,2026-06-24T20:43:05.000Z,995,,,,,,Student Experience [July 2025] [25% one-time / No Entry Modal],,06-24-2026,,07-25-2026,06-24-2026,06-24-2026,06-24-2026,,06-24-2026,08-24-2026
Wg7P5jK_9e9c3f45365fdedb,AzyogfVQ2eAY72L7j,,Book Club Members; fallback,,,[name],[name],,I only needed SuperSummary for a short time,i_have_too_much_product_1528073051,Project ended or taking a break,project_stop,,Needs (SaaS),needs,4,,,u_1b1241d69249ea1a,,,,0,,,Canceled,2026-07-25T05:45:21.000Z,2026-07-25T05:45:48.000Z,2026-07-25T05:45:48.000Z,,23.59,2026-07-25T05:45:48.000Z,cancel,Valid Cancel,monthly,2026-08-21T20:31:23.000Z,2026-08-21T20:31:23.000Z,9.95,9.95,9.95,Brightback,,,,,,,AzyogfVQ2eAY72L7j,2026-07-21T20:31:21.000Z,,2026-07-21T20:31:23.000Z,,h_ecb1c34051459149,,1,2026-07-21T20:31:23.000Z,USD,u_1b1241d69249ea1a,ACTIVE,h_529c7364698cd7d9,[name],,,,2026-07-21T20:31:23.000Z,book_club_member,,1,monthly_essentials,2026-07-21T20:31:23.000Z,_UNKNOWN,995,MONTH,,,,[name],2026-08-21T20:31:23.000Z,,995,,2026-08-21T20:31:23.000Z,2026-07-21T20:31:23.000Z,995,,,,,,BCM Experience [July 2025] [25% one-time / No Entry Modal],,07-21-2026,,07-25-2026,07-21-2026,07-21-2026,07-21-2026,,07-21-2026,08-21-2026
Wg7P4SA_87ea0a8d81128395,169xpGUJVeXfCDLLw,,Book Club Members; Annual,,,[name],[name],,I only needed SuperSummary for a short time,i_have_too_much_product_1528073051,Project ended or taking a break,project_stop,,Needs (SaaS),needs,1,,,u_4ceced77dad79066,,,,0,,,Canceled,2026-07-25T04:28:17.000Z,2026-07-25T04:29:18.000Z,2026-07-25T04:29:19.000Z,,23.64,2026-07-25T04:29:19.000Z,cancel,Valid Cancel,annual,2027-07-25T04:22:00.000Z,2027-07-25T04:22:00.000Z,3.0,3.0,36.0,Brightback,,,,,,,169xpGUJVeXfCDLLw,2024-07-25T04:21:58.000Z,,2024-07-25T04:22:00.000Z,,h_e715628086a8f963,,1,2024-07-25T04:22:00.000Z,USD,u_4ceced77dad79066,ACTIVE,h_4758da5c18dd1bcb,[name],,,,2026-07-25T04:22:00.000Z,book_club_member,,1,annual,2024-07-25T04:22:00.000Z,_UNKNOWN,3600,YEAR,,,,[name],2027-07-25T04:22:00.000Z,,300,,2027-07-25T04:22:00.000Z,2024-07-25T04:22:00.000Z,3600,,,,,,BCM Experience [July 2025] [25% one-time / No Entry Modal],,07-25-2024,,07-25-2026,07-25-2024,07-25-2024,07-25-2024,,07-25-2024,07-25-2027
Wg7P3Tl_b05e7700a69db2d8,AzZMqUTueIDcg9Rxe,,Book Club Members; Annual,,,[name],[name],,I only needed SuperSummary for a short time,i_have_too_much_product_1528073051,Project ended or taking a break,project_stop,,Needs (SaaS),needs,1,,,u_7a9d398024ddc1dd,,,,0,,,Canceled,2026-07-25T03:29:51.000Z,2026-07-25T03:30:43.000Z,2026-07-25T03:30:43.000Z,,23.68,2026-07-25T03:30:43.000Z,cancel,Valid Cancel,annual,2026-11-04T13:47:46.000Z,2026-11-04T13:47:46.000Z,3.0,3.0,36.0,Brightback,,,,,,,AzZMqUTueIDcg9Rxe,2023-11-04T13:47:44.000Z,,2023-11-04T13:47:46.000Z,,h_077d62f9254cdfd1,,1,2023-11-04T13:47:46.000Z,USD,u_7a9d398024ddc1dd,ACTIVE,h_fa8e9e258358704e,[name],,,,2025-11-04T13:47:46.000Z,book_club_member,,1,annual,2023-11-04T13:47:46.000Z,_UNKNOWN,3600,YEAR,,,,[name],2026-11-04T13:47:46.000Z,,300,,2026-11-04T13:47:46.000Z,2023-11-04T13:47:46.000Z,3600,,,,,,BCM Experience [July 2025] [25% one-time / No Entry Modal],,11-04-2023,,07-25-2026,11-04-2023,11-04-2023,11-04-2023,,11-04-2023,11-04-2026
Wg7P2bC_9c57f8755fb07cd2,16BRAlVQLee0Q32U0,,Book Club Members; fallback,,,[name],[name],,I only needed SuperSummary for a short time,i_have_too_much_product_1528073051,Project ended or taking a break,project_stop,,Needs (SaaS),needs,5,,,u_2063381055e21ddc,,,,0,,,Canceled,2026-07-25T02:37:15.000Z,2026-07-25T02:37:56.000Z,2026-07-25T02:37:56.000Z,,23.72,2026-07-25T02:37:56.000Z,cancel,Valid Cancel,monthly,2026-08-25T02:32:26.000Z,2026-08-25T02:32:26.000Z,9.95,9.95,9.95,Brightback,,,,,,,16BRAlVQLee0Q32U0,2026-07-25T02:32:24.000Z,,2026-07-25T02:32:26.000Z,,h_30bbdcc625566484,,1,2026-07-25T02:32:26.000Z,USD,u_2063381055e21ddc,ACTIVE,h_640eb2de03699515,[name],,,,2026-07-25T02:32:26.000Z,book_club_member,,1,monthly_essentials,2026-07-25T02:32:26.000Z,_UNKNOWN,995,MONTH,,,,[name],2026-08-25T02:32:26.000Z,,995,,2026-08-25T02:32:26.000Z,2026-07-25T02:32:26.000Z,995,,,,,,BCM Experience [July 2025] [25% one-time / No Entry Modal],,07-25-2026,,07-25-2026,07-25-2026,07-25-2026,07-25-2026,,07-25-2026,08-25-2026
Wg7ONdC_8a5002328bfd6ecf,1254556,,Parents; Annual,,,[name],[name],[name],I only needed SuperSummary for a short time,i_have_too_much_product_1528073051,Project ended or taking a break,project_stop,,Needs (SaaS),needs,6,,,u_5cb010ff8b98bde4,,,,0,36.0,,Canceled,2026-07-24T23:39:24.000Z,2026-07-24T23:39:58.000Z,2026-07-24T23:39:58.000Z,,23.84,2026-07-24T23:39:58.000Z,cancel,Valid Cancel,annual,2027-07-07T16:46:49.000Z,2027-07-07T16:46:49.000Z,3.0,3.0,36.0,Brightback,,,,,,,1254556,2025-07-07T16:46:46.000Z,,2025-07-07T16:46:49.000Z,,h_90615ac0d8283899,,1,2025-07-07T16:46:49.000Z,USD,u_5cb010ff8b98bde4,ACTIVE,h_c46a495bd0050231,[name],36.0,annual,,2026-07-07T16:46:49.000Z,parent_of_student,,1,annual,2025-07-07T16:46:49.000Z,_UNKNOWN,3600,YEAR,annual,,High School,[name],2027-07-07T16:46:49.000Z,,300,,2027-07-07T16:46:49.000Z,2025-07-07T16:46:49.000Z,3600,[name],,https://www.supersummary.com/subscription,https://www.supersummary.com/subscription/confirming/cancel,,Parent Experience [July 2025] [25% one-time / Modal],,07-07-2025,,07-24-2026,07-07-2025,07-07-2025,07-07-2025,,07-07-2025,07-07-2027
Wg7OMJh_bac5b5eb36ae4bab,1325796,,Students; Monthly,,,[name],[name],[name],I only needed SuperSummary for a short time,i_have_too_much_product_1528073051,Project ended or taking a break,project_stop,,Needs (SaaS),needs,10,,,u_d27b76e6a9be4aec,,,,0,9.95,,Canceled,2026-07-24T22:19:55.000Z,2026-07-24T22:21:51.000Z,2026-07-24T22:21:52.000Z,,23.9,2026-07-24T22:21:52.000Z,cancel,Valid Cancel,monthly,2026-07-28T18:23:21.000Z,2026-07-28T18:23:21.000Z,5.97,5.97,9.95,Brightback,,,,,,,1325796,2025-09-15T19:09:53.000Z,,2025-09-15T19:09:55.000Z,,h_6838cfaf1fb9ac66,,1,2026-01-28T18:23:21.000Z,USD,u_d27b76e6a9be4aec,ACTIVE,h_162e8bf2b5acfe54,[name],9.95,monthly,,2026-06-28T18:23:21.000Z,student,,1,monthly,2025-09-15T19:09:55.000Z,_UNKNOWN,995,MONTH,monthly,mNjXbb0ba3d,Postgrad Program,[name],2026-07-28T18:23:21.000Z,,597,,2026-07-28T18:23:21.000Z,2025-09-15T19:09:55.000Z,995,[name],,https://www.supersummary.com/subscription,https://www.supersummary.com/subscription/confirming/cancel,,Student Experience [July 2025] [40% forever / Modal],,09-15-2025,,07-24-2026,01-28-2026,09-15-2025,09-15-2025,,09-15-2025,07-28-2026
Wg7OKrm_a1272f07d08e68b9,380006,,Book Club Members; Annual,,,[name],[name],[name],I only needed SuperSummary for a short time,i_have_too_much_product_1528073051,Project ended or taking a break,project_stop,,Needs (SaaS),needs,4,,,u_acac828b1f9a9979,,,,0,36.0,,Canceled,2026-07-24T20:54:10.000Z,2026-07-24T20:54:24.000Z,2026-07-24T20:54:24.000Z,,23.96,2026-07-24T20:54:24.000Z,cancel,Valid Cancel,annual,2027-06-09T17:43:20.000Z,2027-06-09T17:43:20.000Z,3.0,3.0,36.0,Brightback,,,,,,,380006,2023-06-09T17:43:18.000Z,,2023-06-09T17:43:20.000Z,,h_ac627bd84aea549c,,1,2023-06-09T17:43:20.000Z,USD,u_acac828b1f9a9979,ACTIVE,h_14895aa67d202bd3,[name],36.0,annual,,2026-06-09T17:43:20.000Z,book_club_member,,1,annual,2023-06-09T17:43:20.000Z,_UNKNOWN,3600,YEAR,annual,,,[name],2027-06-09T17:43:20.000Z,,300,,2027-06-09T17:43:20.000Z,2023-06-09T17:43:20.000Z,3600,[name],,https://www.supersummary.com/subscription,https://www.supersummary.com/subscription/confirming/cancel,,BCM Experience [July 2025] [25% one-time / No Entry Modal],,06-09-2023,,07-24-2026,06-09-2023,06-09-2023,06-09-2023,,06-09-2023,06-09-2027
Wg7OIiM_a3c2563316436cd9,16CchHVPCRdNn4Kbh,,Students; fallback,,,[name],[name],,I only needed SuperSummary for a short time,i_have_too_much_product_1528073051,Project ended or taking a break,project_stop,,Needs (SaaS),needs,7,,,u_882c78874b6ab34a,,,,0,,,Canceled,2026-07-24T18:44:26.000Z,2026-07-24T18:44:52.000Z,2026-07-24T18:44:53.000Z,,24.05,2026-07-24T18:44:53.000Z,cancel,Valid Cancel,monthly,2026-08-12T22:15:26.000Z,2026-08-12T22:15:26.000Z,9.95,9.95,9.95,Brightback,,,,,,,16CchHVPCRdNn4Kbh,2026-07-12T22:15:24.000Z,,2026-07-12T22:15:26.000Z,,h_4d4638751a268a4b,,1,2026-07-12T22:15:26.000Z,USD,u_882c78874b6ab34a,ACTIVE,h_b841e43bda4cdd74,[name],,,,2026-07-12T22:15:26.000Z,student,,1,monthly_essentials,2026-07-12T22:15:26.000Z,_UNKNOWN,995,MONTH,,,College,[name],2026-08-12T22:15:26.000Z,,995,,2026-08-12T22:15:26.000Z,2026-07-12T22:15:26.000Z,995,,,,,,Student Experience [July 2025] [25% one-time / No Entry Modal],,07-12-2026,,07-24-2026,07-12-2026,07-12-2026,07-12-2026,,07-12-2026,08-12-2026
Wg7OIgb_9ddd9487084548e2,16CIJQVQESuoF2Z5q,,Parents; fallback,,,[name],[name],,I only needed SuperSummary for a short time,i_have_too_much_product_1528073051,Project ended or taking a break,project_stop,,Needs (SaaS),needs,5,,,u_7bec709fb5ebcb0d,,,,0,,,Canceled,2026-07-24T18:42:39.000Z,2026-07-24T18:43:03.000Z,2026-07-24T18:43:03.000Z,,24.05,2026-07-24T18:43:03.000Z,cancel,Valid Cancel,monthly,2026-08-23T21:01:57.000Z,2026-08-23T21:01:57.000Z,9.95,9.95,9.95,Brightback,,,,,,,16CIJQVQESuoF2Z5q,2026-07-23T21:00:47.000Z,,2026-07-23T21:01:57.000Z,,h_49ebf069c56f4de1,,1,2026-07-23T21:01:57.000Z,USD,u_7bec709fb5ebcb0d,ACTIVE,h_78ae72b017864ee8,[name],,,,2026-07-23T21:01:57.000Z,parent_of_student,,1,monthly_essentials,2026-07-23T21:01:57.000Z,_UNKNOWN,995,MONTH,,,High School,[name],2026-08-23T21:01:57.000Z,,995,,2026-08-23T21:01:57.000Z,2026-07-23T21:01:57.000Z,995,,,,,,Parent Experience [July 2025] [25% one-time / No Entry Modal],,07-23-2026,,07-24-2026,07-23-2026,07-23-2026,07-23-2026,,07-23-2026,08-23-2026
Wg7OIfu_a270c876c804998c,1438721,,Book Club Members; fallback,,,[name],[name],[name],I only needed SuperSummary for a short time,i_have_too_much_product_1528073051,Project ended or taking a break,project_stop,,Needs (SaaS),needs,2,,,u_e82d38ea221f6752,,,,0,60.0,,Canceled,2026-07-24T18:42:12.000Z,2026-07-24T18:43:14.000Z,2026-07-24T18:43:14.000Z,,24.05,2026-07-24T18:43:14.000Z,cancel,Valid Cancel,annual,2026-12-09T16:53:46.000Z,2026-12-09T16:53:46.000Z,5.0,5.0,60.0,Brightback,,,,,,,1438721,2025-12-09T16:53:44.000Z,,2025-12-09T16:53:46.000Z,,h_fa5a4864871aede9,,1,2025-12-09T16:53:46.000Z,USD,u_e82d38ea221f6752,ACTIVE,h_bfa5ffd99649472a,[name],60.0,annual_plus,,2025-12-09T16:53:46.000Z,book_club_member,,1,annual_plus,2025-12-09T16:53:46.000Z,_UNKNOWN,6000,YEAR,annual_plus,,,[name],2026-12-09T16:53:46.000Z,,500,,2026-12-09T16:53:46.000Z,2025-12-09T16:53:46.000Z,6000,[name],,https://www.supersummary.com/subscription,https://www.supersummary.com/subscription/confirming/cancel,,BCM Experience [July 2025] [25% one-time / No Entry Modal],,12-09-2025,,07-24-2026,12-09-2025,12-09-2025,12-09-2025,,12-09-2025,12-09-2026
Wg7OHrQ_8dd03f467a503e54,1683040,,Students; fallback,,,[name],[name],[name],I only needed SuperSummary for a short time,i_have_too_much_product_1528073051,Project ended or taking a break,project_stop,,Needs (SaaS),needs,6,,,u_0c0fd1dce367598b,,,,0,16.65,,Canceled,2026-07-24T17:53:34.000Z,2026-07-24T17:53:51.000Z,2026-07-24T17:53:52.000Z,,24.08,2026-07-24T17:53:52.000Z,cancel,Valid Cancel,monthly,2026-08-24T13:40:12.000Z,2026-08-24T13:40:12.000Z,16.65,16.65,16.65,Brightback,,,,,,,1683040,2026-06-24T13:40:10.000Z,,2026-06-24T13:40:12.000Z,,h_935f691249d602e4,,1,2026-06-24T13:40:12.000Z,USD,u_0c0fd1dce367598b,ACTIVE,h_63790b53c7b3e25b,[name],16.65,monthly_plus,,2026-07-24T13:40:12.000Z,student,,1,monthly_plus,2026-06-24T13:40:12.000Z,_UNKNOWN,1665,MONTH,monthly_plus,,Postgrad Program,[name],2026-08-24T13:40:12.000Z,,1665,,2026-08-24T13:40:12.000Z,2026-06-24T13:40:12.000Z,1665,[name],,https://www.supersummary.com/subscription,https://www.supersummary.com/subscription/confirming/cancel,,Student Experience [July 2025] [25% one-time / No Entry Modal],,06-24-2026,,07-24-2026,06-24-2026,06-24-2026,06-24-2026,,06-24-2026,08-24-2026
Wg7OHOo_86246e953be63364,1684347,,Book Club Members; fallback,,,[name],[name],[name],I only needed SuperSummary for a short time,i_have_too_much_product_1528073051,Project ended or taking a break,project_stop,,Needs (SaaS),needs,7,,,u_ecf469fbc8973855,,,,0,9.95,,Canceled,2026-07-24T17:24:57.000Z,2026-07-24T17:25:20.000Z,2026-07-24T17:25:20.000Z,,24.1,2026-07-24T17:25:20.000Z,cancel,Valid Cancel,monthly,2026-07-26T00:53:13.000Z,2026-07-26T00:53:15.000Z,9.95,9.95,9.95,Brightback,,,,,,,1684347,2026-06-26T00:53:10.000Z,,2026-06-26T00:53:13.000Z,,h_72af7039a19b7ddd,,1,2026-06-26T00:53:13.000Z,USD,u_ecf469fbc8973855,ACTIVE,h_6ee831c77ee183f9,[name],9.95,monthly_essentials,,2026-06-26T00:53:13.000Z,book_club_member,,1,monthly_essentials,2026-06-26T00:53:13.000Z,_UNKNOWN,995,MONTH,monthly_essentials,,,[name],2026-07-26T00:53:13.000Z,,995,,2026-07-26T00:53:13.000Z,2026-06-26T00:53:13.000Z,995,[name],,https://www.supersummary.com/subscription,https://www.supersummary.com/subscription/confirming/cancel,,BCM Experience [July 2025] [25% one-time / No Entry Modal],,06-26-2026,,07-24-2026,06-26-2026,06-26-2026,06-26-2026,,06-26-2026,07-26-2026
Wg7OHA5_acea7ae6b63a86c3,1233855,,Students; Annual,,,[name],[name],[name],I only needed SuperSummary for a short time,i_have_too_much_product_1528073051,Project ended or taking a break,project_stop,,Needs (SaaS),needs,1,,,u_ceb18100ae1fad2d,,,,0,36.0,,Canceled,2026-07-24T17:11:14.000Z,2026-07-24T17:11:38.000Z,2026-07-24T17:11:38.000Z,,24.11,2026-07-24T17:11:38.000Z,cancel,Valid Cancel,annual,2027-06-11T22:10:39.000Z,2027-06-11T22:10:39.000Z,3.0,3.0,36.0,Brightback,,,,,,,1233855,2025-06-11T22:10:36.000Z,,2025-06-11T22:10:39.000Z,,h_008e9ff055ff26d5,,1,2025-06-11T22:10:39.000Z,USD,u_ceb18100ae1fad2d,ACTIVE,h_fb95628fb11b5d62,[name],36.0,annual,,2026-06-11T22:10:39.000Z,student,,1,annual,2025-06-11T22:10:39.000Z,_UNKNOWN,3600,YEAR,annual,,College,[name],2027-06-11T22:10:39.000Z,,300,,2027-06-11T22:10:39.000Z,2025-06-11T22:10:39.000Z,3600,[name],,https://www.supersummary.com/subscription,https://www.supersummary.com/subscription/confirming/cancel,,Student Experience [July 2025] [25% one-time / No Entry Modal],,06-11-2025,,07-24-2026,06-11-2025,06-11-2025,06-11-2025,,06-11-2025,06-11-2027
Wg7OFYv_84cea1408f7df42c,16A6Z1TkvqlSzCsuq,,Book Club Members; Annual,,,[name],[name],,I only needed SuperSummary for a short time,i_have_too_much_product_1528073051,Project ended or taking a break,project_stop,,Needs (SaaS),needs,10,,,u_433a921155d7a14f,,,,0,,,Canceled,2026-07-24T15:35:01.000Z,2026-07-24T15:35:27.000Z,2026-07-24T15:35:27.000Z,,24.18,2026-07-24T15:35:27.000Z,cancel,Valid Cancel,annual,2027-07-24T13:02:48.000Z,2027-07-24T13:02:48.000Z,3.0,3.0,36.0,Brightback,,,,,,,16A6Z1TkvqlSzCsuq,2023-07-24T13:02:47.000Z,,2023-07-24T13:02:48.000Z,,h_a3a097916a5a43a7,,1,2023-07-24T13:02:48.000Z,USD,u_433a921155d7a14f,ACTIVE,h_04a3a9d01f65a6be,[name],,,,2026-07-24T13:02:48.000Z,book_club_member,,1,annual,2023-07-24T13:02:48.000Z,_UNKNOWN,3600,YEAR,,,,[name],2027-07-24T13:02:48.000Z,,300,,2027-07-24T13:02:48.000Z,2023-07-24T13:02:48.000Z,3600,,,,,,BCM Experience [July 2025] [25% one-time / No Entry Modal],,07-24-2023,,07-24-2026,07-24-2023,07-24-2023,07-24-2023,,07-24-2023,07-24-2027
Wg7OFO3_993fead0f2f039dd,931436,,Teachers; fallback,,,[name],[name],[name],I only needed SuperSummary for a short time,i_have_too_much_product_1528073051,Project ended or taking a break,project_stop,,Needs (SaaS),needs,5,Nothing,,u_0e64fb500085d852,,,,0,36.0,,Canceled,2026-07-24T15:24:15.000Z,2026-07-24T15:25:06.000Z,2026-07-24T15:25:06.000Z,,24.19,2026-07-24T15:25:06.000Z,cancel,Valid Cancel,annual,2027-07-07T16:18:41.000Z,2027-07-07T16:18:41.000Z,3.0,3.0,36.0,Brightback,,,,,,,931436,2026-07-07T16:18:39.000Z,,2026-07-07T16:18:41.000Z,,h_1fd52fbde803529f,,1,2026-07-07T16:18:41.000Z,USD,u_0e64fb500085d852,ACTIVE,h_0485f778bdd255d2,[name],36.0,annual_essentials,,2026-07-07T16:18:41.000Z,teacher,,1,annual_essentials,2026-07-07T16:18:41.000Z,_UNKNOWN,3600,YEAR,annual_essentials,,College,[name],2027-07-07T16:18:41.000Z,,300,,2027-07-07T16:18:41.000Z,2026-07-07T16:18:41.000Z,3600,[name],,https://www.supersummary.com/subscription,https://www.supersummary.com/subscription/confirming/cancel,,Teacher Experience [July 2025] [40% one-time / Modal],,07-07-2026,,07-24-2026,07-07-2026,07-07-2026,07-07-2026,,07-07-2026,07-07-2027
Wg7OFh6_b6f3337619a6b0b6,1267187,,Book Club Members; Annual,,,[name],[name],[name],I only needed SuperSummary for a short time,i_have_too_much_product_1528073051,Project ended or taking a break,project_stop,,Needs (SaaS),needs,5,Nothing now at this time,,u_eae549f529f51a73,,,,0,36.0,,Canceled,2026-07-24T15:43:33.000Z,2026-07-24T15:44:07.000Z,2026-07-24T15:44:07.000Z,,24.17,2026-07-24T15:44:07.000Z,cancel,Valid Cancel,annual,2027-07-23T22:26:52.000Z,2027-07-23T22:26:52.000Z,3.0,3.0,36.0,Brightback,,,,,,,1267187,2025-07-23T22:26:49.000Z,,2025-07-23T22:26:52.000Z,,h_49bc20220dce54ef,,1,2025-07-23T22:26:52.000Z,USD,u_eae549f529f51a73,ACTIVE,h_d8b3a65b65dc5d60,[name],36.0,annual,,2026-07-23T22:26:52.000Z,book_club_member,,1,annual,2025-07-23T22:26:52.000Z,_UNKNOWN,3600,YEAR,annual,,,[name],2027-07-23T22:26:52.000Z,,300,,2027-07-23T22:26:52.000Z,2025-07-23T22:26:52.000Z,3600,[name],,https://www.supersummary.com/subscription,https://www.supersummary.com/subscription/confirming/cancel,,BCM Experience [July 2025] [25% one-time / No Entry Modal],,07-23-2025,,07-24-2026,07-23-2025,07-23-2025,07-23-2025,,07-23-2025,07-23-2027
Wg7OFaT_a135815e4d1168ce,1703044,,Book Club Members; fallback,,,[name],[name],[name],I only needed SuperSummary for a short time,i_have_too_much_product_1528073051,Project ended or taking a break,project_stop,,Needs (SaaS),needs,1,,,u_d3d09ede68b1a42c,,,,0,16.65,,Canceled,2026-07-24T15:36:33.000Z,2026-07-24T15:36:47.000Z,2026-07-24T15:36:47.000Z,,24.18,2026-07-24T15:37:07.000Z,cancel,Valid Cancel,monthly,2026-08-22T01:29:30.000Z,2026-08-22T01:29:30.000Z,16.65,16.65,16.65,Brightback,,,,,,,1703044,2026-07-22T01:29:27.000Z,,2026-07-22T01:29:30.000Z,,h_9e0d666ed3b4c891,,1,2026-07-22T01:29:30.000Z,USD,u_d3d09ede68b1a42c,ACTIVE,h_63528011c7e2d78b,[name],16.65,monthly_plus,,2026-07-22T01:29:30.000Z,book_club_member,,1,monthly_plus,2026-07-22T01:29:30.000Z,_UNKNOWN,1665,MONTH,monthly_plus,,,[name],2026-08-22T01:29:30.000Z,,1665,,2026-08-22T01:29:30.000Z,2026-07-22T01:29:30.000Z,1665,[name],,https://www.supersummary.com/subscription,https://www.supersummary.com/subscription/confirming/cancel,,BCM Experience [July 2025] [25% one-time / No Entry Modal],,07-22-2026,,07-24-2026,07-22-2026,07-22-2026,07-22-2026,,07-22-2026,08-22-2026
Wg7OEZw_93664674cc2bd1de,1705047,,Book Club Members; fallback,,,[name],[name],[name],I only needed SuperSummary for a short time,i_have_too_much_product_1528073051,Project ended or taking a break,project_stop,,Needs (SaaS),needs,4,,,u_cb4d0ee74a880d1e,,,,0,16.65,,Canceled,2026-07-24T14:36:05.000Z,2026-07-24T14:36:32.000Z,2026-07-24T14:36:32.000Z,,24.22,2026-07-24T14:36:32.000Z,cancel,Valid Cancel,monthly,2026-08-23T20:36:08.000Z,2026-08-23T20:36:08.000Z,16.65,16.65,16.65,Brightback,,,,,,,1705047,2026-07-23T20:36:05.000Z,,2026-07-23T20:36:08.000Z,,h_534f6d7528d64c2e,,1,2026-07-23T20:36:08.000Z,USD,u_cb4d0ee74a880d1e,ACTIVE,h_7ef7f3d0ecb18cbe,[name],16.65,monthly_plus,,2026-07-23T20:36:08.000Z,book_club_member,,1,monthly_plus,2026-07-23T20:36:08.000Z,_UNKNOWN,1665,MONTH,monthly_plus,,,[name],2026-08-23T20:36:08.000Z,,1665,,2026-08-23T20:36:08.000Z,2026-07-23T20:36:08.000Z,1665,[name],,https://www.supersummary.com/subscription,https://www.supersummary.com/subscription/confirming/cancel,,BCM Experience [July 2025] [25% one-time / No Entry Modal],,07-23-2026,,07-24-2026,07-23-2026,07-23-2026,07-23-2026,,07-23-2026,08-23-2026
Wg7OETg_83bde8afb259b1ad,1704586,,Book Club Members; fallback,,,[name],[name],[name],I only needed SuperSummary for a short time,i_have_too_much_product_1528073051,Project ended or taking a break,project_stop,,Needs (SaaS),needs,10,,,u_9803fa5620845e79,,,,0,16.65,,Canceled,2026-07-24T14:29:47.000Z,2026-07-24T14:30:43.000Z,2026-07-24T14:30:44.000Z,,24.23,2026-07-24T14:30:44.000Z,cancel,Valid Cancel,monthly,2026-08-23T13:22:50.000Z,2026-08-23T13:22:50.000Z,16.65,16.65,16.65,Brightback,,,,,,,1704586,2026-07-23T13:20:07.000Z,,2026-07-23T13:22:50.000Z,,h_9697cd5161ca5e41,,1,2026-07-23T13:22:50.000Z,USD,u_9803fa5620845e79,ACTIVE,h_e4c7dfe9c35f0981,[name],16.65,monthly_plus,,2026-07-23T13:22:50.000Z,book_club_member,,1,monthly_plus,2026-07-23T13:22:50.000Z,_UNKNOWN,1665,MONTH,monthly_plus,,,[name],2026-08-23T13:22:50.000Z,,1665,,2026-08-23T13:22:50.000Z,2026-07-23T13:22:50.000Z,1665,[name],,https://www.supersummary.com/subscription,https://www.supersummary.com/subscription/confirming/cancel,,BCM Experience [July 2025] [25% one-time / No Entry Modal],,07-23-2026,,07-24-2026,07-23-2026,07-23-2026,07-23-2026,,07-23-2026,08-23-2026
Wg7OEsq_a06f879b9b019f87,Azz2cqVHMb2L71jjJ,,Students; fallback,,,[name],[name],,I only needed SuperSummary for a short time,i_have_too_much_product_1528073051,Project ended or taking a break,project_stop,,Needs (SaaS),needs,1,nothing,,u_00f0d29f21c42f5c,notthing,,,1,,,Canceled,2026-07-24T14:54:55.000Z,2026-07-24T14:55:38.000Z,2026-07-24T14:55:38.000Z,,24.21,2026-07-24T14:55:38.000Z,cancel,Valid Cancel,monthly,2026-08-20T20:04:27.000Z,2026-08-20T20:04:27.000Z,9.95,9.95,9.95,Brightback,,,,,,,Azz2cqVHMb2L71jjJ,2026-04-20T20:04:24.000Z,,2026-04-20T20:04:27.000Z,,h_b3d87bef7e64e630,,1,2026-04-20T20:04:27.000Z,USD,u_00f0d29f21c42f5c,ACTIVE,h_0bc5129cc081db11,[name],,,,2026-07-20T20:04:27.000Z,student,,1,monthly_essentials,2026-04-20T20:04:27.000Z,_UNKNOWN,995,MONTH,,,College,[name],2026-08-20T20:04:27.000Z,,995,,2026-08-20T20:04:27.000Z,2026-04-20T20:04:27.000Z,995,,,,,,Student Experience [July 2025] [25% one-time / No Entry Modal],,04-20-2026,,07-24-2026,04-20-2026,04-20-2026,04-20-2026,,04-20-2026,08-20-2026
Wg7ODZD_8ede60c0d18edd0b,1694464,,Students; fallback,,,[name],[name],[name],I only needed SuperSummary for a short time,i_have_too_much_product_1528073051,Project ended or taking a break,project_stop,,Needs (SaaS),needs,2,None. I used it for a tutoring session,,u_bf1cf5bfd1be3444,Please send me emails to update about charges. ,,,1,16.65,,Canceled,2026-07-24T13:35:19.000Z,2026-07-24T13:36:02.000Z,2026-07-24T13:36:02.000Z,,24.26,2026-07-24T13:36:31.000Z,cancel,Valid Cancel,monthly,2026-08-11T03:03:56.000Z,2026-08-11T03:03:56.000Z,16.65,16.65,16.65,Brightback,,,,,,,1694464,2026-07-11T03:03:53.000Z,,2026-07-11T03:03:56.000Z,,h_19d85759b55f698a,,1,2026-07-11T03:03:56.000Z,USD,u_bf1cf5bfd1be3444,ACTIVE,h_456df6a57549d6bd,[name],16.65,monthly_plus,,2026-07-11T03:03:56.000Z,student,,1,monthly_plus,2026-07-11T03:03:56.000Z,_UNKNOWN,1665,MONTH,monthly_plus,,High School,[name],2026-08-11T03:03:56.000Z,,1665,,2026-08-11T03:03:56.000Z,2026-07-11T03:03:56.000Z,1665,[name],,https://www.supersummary.com/subscription,https://www.supersummary.com/subscription/confirming/cancel,,Student Experience [July 2025] [25% one-time / No Entry Modal],,07-11-2026,,07-24-2026,07-11-2026,07-11-2026,07-11-2026,,07-11-2026,08-11-2026
Wg7ODxF_803e6e771da8aeaa,16BeScVQIPw3s1Dao,,Parents; fallback,,,[name],[name],,I only needed SuperSummary for a short time,i_have_too_much_product_1528073051,Project ended or taking a break,project_stop,,Needs (SaaS),needs,4,,,u_6149cc49cb8ee91c,,,,0,,,Canceled,2026-07-24T13:59:18.000Z,2026-07-24T13:59:47.000Z,2026-07-24T13:59:47.000Z,,24.25,2026-07-24T13:59:47.000Z,cancel,Valid Cancel,monthly,2026-08-24T13:15:12.000Z,2026-08-24T13:15:12.000Z,9.95,9.95,9.95,Brightback,,,,,,,16BeScVQIPw3s1Dao,2026-07-24T13:15:09.000Z,,2026-07-24T13:15:12.000Z,,h_2913ab2cd0342d0d,,1,2026-07-24T13:15:12.000Z,USD,u_6149cc49cb8ee91c,ACTIVE,h_131ac2b35f161222,[name],,,,2026-07-24T13:15:12.000Z,parent_of_student,,1,monthly_essentials,2026-07-24T13:15:12.000Z,_UNKNOWN,995,MONTH,,,other,[name],2026-08-24T13:15:12.000Z,,995,,2026-08-24T13:15:12.000Z,2026-07-24T13:15:12.000Z,995,,,,,,Parent Experience [July 2025] [25% one-time / No Entry Modal],,07-24-2026,,07-24-2026,07-24-2026,07-24-2026,07-24-2026,,07-24-2026,08-24-2026
Wg7ODBq_a25c9ec90ae70ee9,1612584,,Students; fallback,,,[name],[name],[name],I only needed SuperSummary for a short time,i_have_too_much_product_1528073051,Project ended or taking a break,project_stop,,Needs (SaaS),needs,5,,,u_74f7c85ddc8dc47a,,,,0,9.95,,Canceled,2026-07-24T13:11:59.000Z,2026-07-24T13:12:22.000Z,2026-07-24T13:12:22.000Z,,24.28,2026-07-24T13:12:22.000Z,cancel,Valid Cancel,monthly,2026-08-23T19:57:04.000Z,2026-08-23T19:57:04.000Z,9.95,9.95,9.95,Brightback,,,,,,,1612584,2026-04-23T19:56:59.000Z,,2026-04-23T19:57:04.000Z,,h_3831533ebb53e6d8,,1,2026-04-23T19:57:04.000Z,USD,u_74f7c85ddc8dc47a,ACTIVE,h_d518ddcdc71f911e,[name],9.95,monthly_essentials,,2026-07-23T19:57:04.000Z,student,,1,monthly_essentials,2026-04-23T19:57:04.000Z,_UNKNOWN,995,MONTH,monthly_essentials,,High School,[name],2026-08-23T19:57:04.000Z,,995,,2026-08-23T19:57:04.000Z,2026-04-23T19:57:04.000Z,995,[name],,https://www.supersummary.com/subscription,https://www.supersummary.com/subscription/confirming/cancel,,Student Experience [July 2025] [25% one-time / No Entry Modal],,04-23-2026,,07-24-2026,04-23-2026,04-23-2026,04-23-2026,,04-23-2026,08-23-2026
Wg7OBVS_b86a9bd859bf6ff3,1263105,,Book Club Members; Annual,,,[name],[name],[name],I only needed SuperSummary for a short time,i_have_too_much_product_1528073051,Project ended or taking a break,project_stop,,Needs (SaaS),needs,4,xxx,,u_51c7a8f6ed0c9001,xxx,,,1,36.0,,Canceled,2026-07-24T11:31:39.000Z,2026-07-24T11:32:49.000Z,2026-07-24T11:32:50.000Z,,24.35,2026-07-24T11:32:50.000Z,cancel,Valid Cancel,annual,2027-07-20T21:32:35.000Z,2027-07-20T21:32:35.000Z,3.0,3.0,36.0,Brightback,,,,,,,1263105,2025-07-20T21:32:33.000Z,,2025-07-20T21:32:35.000Z,,h_8dea673a4de583ad,,1,2025-07-20T21:32:35.000Z,USD,u_51c7a8f6ed0c9001,ACTIVE,h_fa6944e507f8037c,[name],36.0,annual,,2026-07-20T21:32:35.000Z,book_club_member,,1,annual,2025-07-20T21:32:35.000Z,_UNKNOWN,3600,YEAR,annual,,,[name],2027-07-20T21:32:35.000Z,,300,,2027-07-20T21:32:35.000Z,2025-07-20T21:32:35.000Z,3600,[name],,https://www.supersummary.com/subscription,https://www.supersummary.com/subscription/confirming/cancel,,BCM Experience [July 2025] [25% one-time / No Entry Modal],,07-20-2025,,07-24-2026,07-20-2025,07-20-2025,07-20-2025,,07-20-2025,07-20-2027
Wg7OBgp_9c8238b18fd077e1,Azz6HkVPuhGHD18FP,,Students; fallback,,,[name],[name],,I only needed SuperSummary for a short time,i_have_too_much_product_1528073051,Project ended or taking a break,project_stop,,Needs (SaaS),needs,9,,,u_939b1da67ad4ac6f,,,,0,,,Canceled,2026-07-24T11:43:03.000Z,2026-07-24T11:43:33.000Z,2026-07-24T11:43:33.000Z,,24.34,2026-07-24T11:43:33.000Z,cancel,Valid Cancel,monthly,2026-08-20T11:53:29.000Z,2026-08-20T11:53:29.000Z,9.95,9.95,9.95,Brightback,,,,,,,Azz6HkVPuhGHD18FP,2026-03-28T21:59:54.000Z,,2026-07-20T11:53:29.000Z,,h_47ad3b1bb5c7c030,,1,2026-07-20T11:53:29.000Z,USD,u_939b1da67ad4ac6f,ACTIVE,h_91c0d43b34a06c66,[name],,,,2026-07-20T11:53:29.000Z,student,,1,monthly_essentials,2026-07-20T11:53:29.000Z,_UNKNOWN,995,MONTH,,,College,[name],2026-08-20T11:53:29.000Z,,995,,2026-08-20T11:53:29.000Z,2026-07-20T11:53:29.000Z,995,,,,,,Student Experience [July 2025] [25% one-time / No Entry Modal],,07-20-2026,,07-24-2026,07-20-2026,07-20-2026,03-28-2026,,07-20-2026,08-20-2026
Wg7OAPd_ac70bb4808455604,Azyr8EUrn8Ffi2u0S,,Book Club Members; Annual,,,[name],[name],,I only needed SuperSummary for a short time,i_have_too_much_product_1528073051,Project ended or taking a break,project_stop,,Needs (SaaS),needs,1,,,u_f9239923dbff51b4,,,,0,,,Canceled,2026-07-24T10:25:41.000Z,2026-07-24T10:25:57.000Z,2026-07-24T10:25:57.000Z,,24.4,2026-07-24T10:25:57.000Z,cancel,Valid Cancel,annual,2027-07-23T16:28:34.000Z,2027-07-23T16:28:34.000Z,3.0,3.0,36.0,Brightback,,,,,,,Azyr8EUrn8Ffi2u0S,2025-07-23T16:27:22.000Z,,2025-07-23T16:28:34.000Z,,h_ae1d5abbb375afdd,,1,2025-07-23T16:28:34.000Z,USD,u_f9239923dbff51b4,ACTIVE,h_b1ee0bc3871482fe,[name],,,,2026-07-23T16:28:34.000Z,book_club_member,,1,annual,2025-07-23T16:28:34.000Z,_UNKNOWN,3600,YEAR,,,,[name],2027-07-23T16:28:34.000Z,,300,,2027-07-23T16:28:34.000Z,2025-07-23T16:28:34.000Z,3600,,,,,,BCM Experience [July 2025] [25% one-time / No Entry Modal],,07-23-2025,,07-24-2026,07-23-2025,07-23-2025,07-23-2025,,07-23-2025,07-23-2027
Wg7OAFK_8c2ba023782af510,16CVfHVQ0rejS1H4E,,Students; fallback,,,[name],[name],,I only needed SuperSummary for a short time,i_have_too_much_product_1528073051,Project ended or taking a break,project_stop,,Needs (SaaS),needs,5,,,u_df322f20095b8b61,,,,0,,,Canceled,2026-07-24T10:15:23.000Z,2026-07-24T10:15:53.000Z,2026-07-24T10:15:54.000Z,,24.4,2026-07-24T10:15:54.000Z,cancel,Valid Cancel,monthly,2026-08-21T13:12:24.000Z,2026-08-21T13:12:24.000Z,16.65,16.65,16.65,Brightback,,,,,,,16CVfHVQ0rejS1H4E,2026-07-21T13:12:23.000Z,,2026-07-21T13:12:24.000Z,,h_e32ed0b8028a15f7,,1,2026-07-21T13:12:24.000Z,USD,u_df322f20095b8b61,ACTIVE,h_4d5d760e61c8ac35,[name],,,,2026-07-21T13:12:24.000Z,student,,1,monthly_plus,2026-07-21T13:12:24.000Z,_UNKNOWN,1665,MONTH,,,College,[name],2026-08-21T13:12:24.000Z,,1665,,2026-08-21T13:12:24.000Z,2026-07-21T13:12:24.000Z,1665,,,,,,Student Experience [July 2025] [25% one-time / No Entry Modal],,07-21-2026,,07-24-2026,07-21-2026,07-21-2026,07-21-2026,,07-21-2026,08-21-2026
Wg7O50Z_9446b15bd2165ebb,1688944,,fallback,,,[name],[name],[name],I only needed SuperSummary for a short time,i_have_too_much_product_1528073051,Project ended or taking a break,project_stop,,Needs (SaaS),needs,3,,,u_7b29b493dd56e62b,,,,0,60.0,,Canceled,2026-07-24T05:00:39.000Z,2026-07-24T05:01:18.000Z,2026-07-24T05:01:18.000Z,,24.62,2026-07-24T05:01:18.000Z,cancel,Valid Cancel,annual,2027-07-04T00:46:49.000Z,2027-07-04T00:46:49.000Z,5.0,5.0,60.0,Brightback,,,,,,,1688944,2026-07-04T00:46:46.000Z,,2026-07-04T00:46:49.000Z,,h_a085b159b10275df,,1,2026-07-04T00:46:49.000Z,USD,u_7b29b493dd56e62b,ACTIVE,h_29836902b6751fd3,[name],60.0,annual_plus,,2026-07-04T00:46:49.000Z,other,,1,annual_plus,2026-07-04T00:46:49.000Z,_UNKNOWN,6000,YEAR,annual_plus,,,[name],2027-07-04T00:46:49.000Z,,500,,2027-07-04T00:46:49.000Z,2026-07-04T00:46:49.000Z,6000,[name],,https://www.supersummary.com/subscription,https://www.supersummary.com/subscription/confirming/cancel,,Default/Fallback [July 2025] [25% one time / No entry modal],,07-04-2026,,07-24-2026,07-04-2026,07-04-2026,07-04-2026,,07-04-2026,07-04-2027
Wg7O3kb_a1fa9169dddb91f2,1701958,,Book Club Members; fallback,,,[name],[name],[name],I only needed SuperSummary for a short time,i_have_too_much_product_1528073051,Project ended or taking a break,project_stop,,Needs (SaaS),needs,5,,,u_93325d15c7924a63,,,,0,36.0,,Canceled,2026-07-24T03:46:43.000Z,2026-07-24T03:47:27.000Z,2026-07-24T03:47:28.000Z,,24.67,2026-07-24T03:47:28.000Z,cancel,Valid Cancel,annual,2027-07-21T01:25:21.000Z,2027-07-21T01:25:21.000Z,3.0,3.0,36.0,Brightback,,,,,,,1701958,2026-07-21T01:25:19.000Z,,2026-07-21T01:25:21.000Z,,h_25ed4f7ecab423eb,,1,2026-07-21T01:25:21.000Z,USD,u_93325d15c7924a63,ACTIVE,h_d196c9ae3d851226,[name],36.0,annual_essentials,,2026-07-21T01:25:21.000Z,book_club_member,,1,annual_essentials,2026-07-21T01:25:21.000Z,_UNKNOWN,3600,YEAR,annual_essentials,,,[name],2027-07-21T01:25:21.000Z,,300,,2027-07-21T01:25:21.000Z,2026-07-21T01:25:21.000Z,3600,[name],,https://www.supersummary.com/subscription,https://www.supersummary.com/subscription/confirming/cancel,,BCM Experience [July 2025] [25% one-time / No Entry Modal],,07-21-2026,,07-24-2026,07-21-2026,07-21-2026,07-21-2026,,07-21-2026,07-21-2027
Wg7O3Ff_905f9fc8997be970,1529992,,Students; fallback,,,[name],[name],[name],I only needed SuperSummary for a short time,i_have_too_much_product_1528073051,Project ended or taking a break,project_stop,,Needs (SaaS),needs,5,,,u_57213c852e2d2d65,,,,0,16.65,,Canceled,2026-07-24T03:15:54.000Z,2026-07-24T03:16:31.000Z,2026-07-24T03:16:31.000Z,,24.69,2026-07-24T03:16:31.000Z,cancel,Valid Cancel,monthly,2026-08-24T00:34:40.000Z,2026-08-24T00:34:40.000Z,16.65,16.65,16.65,Brightback,,,,,,,1529992,2026-02-24T00:34:34.000Z,,2026-02-24T00:34:40.000Z,,h_efa9ae92e6aa83e5,,1,2026-02-24T00:34:40.000Z,USD,u_57213c852e2d2d65,ACTIVE,h_ede1851f075024ff,[name],16.65,monthly_plus,,2026-07-24T00:34:40.000Z,student,,1,monthly_plus,2026-02-24T00:34:40.000Z,_UNKNOWN,1665,MONTH,monthly_plus,,College,[name],2026-08-24T00:34:40.000Z,,1665,,2026-08-24T00:34:40.000Z,2026-02-24T00:34:40.000Z,1665,[name],,https://www.supersummary.com/subscription,https://www.supersummary.com/subscription/confirming/cancel,,Student Experience [July 2025] [25% one-time / No Entry Modal],,02-24-2026,,07-24-2026,02-24-2026,02-24-2026,02-24-2026,,02-24-2026,08-24-2026
Wg7O1Mo_a4c0e7ef6f307efd,1405600,,Book Club Members; Annual,,,[name],[name],[name],I only needed SuperSummary for a short time,i_have_too_much_product_1528073051,Project ended or taking a break,project_stop,,Needs (SaaS),needs,3,,,u_faf42626ea4dc625,,,,0,36.0,,Canceled,2026-07-24T01:23:11.000Z,2026-07-24T01:23:59.000Z,2026-07-31T01:03:51.000Z,,24.77,2026-07-31T01:03:51.000Z,cancel,Valid Cancel,annual,2026-11-19T01:13:03.000Z,2026-11-19T01:13:03.000Z,3.0,3.0,36.0,Brightback,,,,,,,1405600,2025-11-19T01:13:00.000Z,,2025-11-19T01:13:03.000Z,,h_e4633afe1d228b26,,1,2025-11-19T01:13:03.000Z,USD,u_faf42626ea4dc625,ACTIVE,h_745ac9171c271160,[name],36.0,annual,,2025-11-19T01:13:03.000Z,book_club_member,,1,annual,2025-11-19T01:13:03.000Z,_UNKNOWN,3600,YEAR,annual,,,[name],2026-11-19T01:13:03.000Z,,300,,2026-11-19T01:13:03.000Z,2025-11-19T01:13:03.000Z,3600,[name],,https://www.supersummary.com/subscription,https://www.supersummary.com/subscription/confirming/cancel,,BCM Experience [July 2025] [25% one-time / No Entry Modal],,11-19-2025,,07-24-2026,11-19-2025,11-19-2025,11-19-2025,,11-19-2025,11-19-2026
Wg7NMTX_941a8913caa86a25,615046,,Book Club Members; Annual,,,[name],[name],[name],I only needed SuperSummary for a short time,i_have_too_much_product_1528073051,Project ended or taking a break,project_stop,,Needs (SaaS),needs,5,,,u_9901f9d901c6681c,N/A,,,1,36.0,,Canceled,2026-07-23T22:30:42.000Z,2026-07-23T22:31:44.000Z,2026-07-23T22:31:45.000Z,,24.89,2026-07-23T22:31:45.000Z,cancel,Valid Cancel,annual,2027-07-23T21:20:16.000Z,2027-07-23T21:20:16.000Z,3.0,3.0,36.0,Brightback,,,,,,,615046,2024-07-23T21:20:15.000Z,,2024-07-23T21:20:16.000Z,,h_208199b7d5ef01f2,,1,2024-07-23T21:20:16.000Z,USD,u_9901f9d901c6681c,ACTIVE,h_9bd512d27b0ca5f1,[name],36.0,annual,,2026-07-23T21:20:16.000Z,book_club_member,,1,annual,2024-07-23T21:20:16.000Z,_UNKNOWN,3600,YEAR,annual,,,[name],2027-07-23T21:20:16.000Z,,300,,2027-07-23T21:20:16.000Z,2024-07-23T21:20:16.000Z,3600,[name],,https://www.supersummary.com/subscription,https://www.supersummary.com/subscription/confirming/cancel,,BCM Experience [July 2025] [25% one-time / No Entry Modal],,07-23-2024,,07-23-2026,07-23-2024,07-23-2024,07-23-2024,,07-23-2024,07-23-2027
Wg7NMfa_9b2147ddd855b810,1142577,,Students; Annual,,,[name],[name],[name],I only needed SuperSummary for a short time,i_have_too_much_product_1528073051,Project ended or taking a break,project_stop,,Needs (SaaS),needs,5,Nothing,,u_4c8fc52caca67734,"No, it's great. At the moment, I don't need the app's services. ",,,1,36.0,,Canceled,2026-07-23T22:41:57.000Z,2026-07-23T22:43:22.000Z,2026-07-23T22:43:22.000Z,,24.88,2026-07-23T22:43:22.000Z,cancel,Valid Cancel,annual,2027-04-20T19:37:36.000Z,2027-04-20T19:37:36.000Z,3.0,3.0,36.0,Brightback,,,,,,,1142577,2025-04-20T19:37:33.000Z,,2025-04-20T19:37:36.000Z,,h_7d052381dd0c740b,,1,2025-04-20T19:37:36.000Z,USD,u_4c8fc52caca67734,ACTIVE,h_a803c25f2c321d8c,[name],36.0,annual,,2026-04-20T19:37:36.000Z,student,,1,annual,2025-04-20T19:37:36.000Z,_UNKNOWN,3600,YEAR,annual,,Postgrad Program,[name],2027-04-20T19:37:36.000Z,,300,,2027-04-20T19:37:36.000Z,2025-04-20T19:37:36.000Z,3600,[name],,https://www.supersummary.com/subscription,https://www.supersummary.com/subscription/confirming/cancel,,Student Experience [July 2025] [25% one-time / No Entry Modal],,04-20-2025,,07-23-2026,04-20-2025,04-20-2025,04-20-2025,,04-20-2025,04-20-2027
Wg7NLHk_8fe980eef4a4ee8f,AzZKMXVQ7ImJU1bzE,,Book Club Members; fallback,,,[name],[name],,I only needed SuperSummary for a short time,i_have_too_much_product_1528073051,Project ended or taking a break,project_stop,,Needs (SaaS),needs,3,ChatGPT,,u_cc40719ee873653d,,,,0,,,Canceled,2026-07-23T21:17:50.000Z,2026-07-23T21:18:18.000Z,2026-07-23T21:18:19.000Z,,24.94,2026-07-23T21:18:19.000Z,cancel,Valid Cancel,annual,2027-07-22T15:37:46.000Z,2027-07-22T15:37:46.000Z,3.0,3.0,36.0,Brightback,,,,,,,AzZKMXVQ7ImJU1bzE,2026-07-22T15:37:44.000Z,,2026-07-22T15:37:46.000Z,,h_05356525bd0c323f,,1,2026-07-22T15:37:46.000Z,USD,u_cc40719ee873653d,ACTIVE,h_856a931e53a0a8de,[name],,,,2026-07-22T15:37:46.000Z,book_club_member,,1,annual_essentials,2026-07-22T15:37:46.000Z,_UNKNOWN,3600,YEAR,,,,[name],2027-07-22T15:37:46.000Z,,300,,2027-07-22T15:37:46.000Z,2026-07-22T15:37:46.000Z,3600,,,,,,BCM Experience [July 2025] [25% one-time / No Entry Modal],,07-22-2026,,07-23-2026,07-22-2026,07-22-2026,07-22-2026,,07-22-2026,07-22-2027
Wg7NKq1_a9d8260501c7be16,1243343,,Teachers; Annual,,,[name],[name],[name],I only needed SuperSummary for a short time,i_have_too_much_product_1528073051,Project ended or taking a break,project_stop,,Needs (SaaS),needs,8,,,u_682dd74f0ce7bcfd,,,,0,36.0,,Canceled,2026-07-23T20:52:13.000Z,2026-07-23T20:53:04.000Z,2026-07-23T20:53:04.000Z,,24.96,2026-07-23T20:53:04.000Z,cancel,Valid Cancel,annual,2027-06-22T19:08:24.000Z,2027-06-22T19:08:24.000Z,3.0,3.0,36.0,Brightback,,,,,,,1243343,2025-06-22T19:08:22.000Z,,2025-06-22T19:08:24.000Z,,h_b9c9f58f53059a9e,,1,2025-06-22T19:08:24.000Z,USD,u_682dd74f0ce7bcfd,ACTIVE,h_38e8bacc9c7370ea,[name],36.0,annual,,2026-06-22T19:08:24.000Z,teacher,,1,annual,2025-06-22T19:08:24.000Z,_UNKNOWN,3600,YEAR,annual,,High School,[name],2027-06-22T19:08:24.000Z,,300,,2027-06-22T19:08:24.000Z,2025-06-22T19:08:24.000Z,3600,[name],,https://www.supersummary.com/subscription,https://www.supersummary.com/subscription/confirming/cancel,,Teacher Experience [July 2025] [40% one-time / Modal],,06-22-2025,,07-23-2026,06-22-2025,06-22-2025,06-22-2025,,06-22-2025,06-22-2027
Wg7NJo1_8cfb765c4a4afa9a,16CH0pVQE5ZAN2XXL,,Parents; fallback,,,[name],[name],,I only needed SuperSummary for a short time,i_have_too_much_product_1528073051,Project ended or taking a break,project_stop,,Needs (SaaS),needs,6,,,u_0b0e9f09b3a60203,,,,0,,,Canceled,2026-07-23T19:50:04.000Z,2026-07-23T19:50:57.000Z,2026-07-23T19:50:57.000Z,,25.0,2026-07-23T19:50:57.000Z,cancel,Valid Cancel,annual,2027-07-23T19:29:12.000Z,2027-07-23T19:29:12.000Z,5.0,5.0,60.0,Brightback,,,,,,,16CH0pVQE5ZAN2XXL,2026-07-23T19:27:21.000Z,,2026-07-23T19:29:12.000Z,,h_48bf98fd43ed509e,,1,2026-07-23T19:29:12.000Z,USD,u_0b0e9f09b3a60203,ACTIVE,h_462f45ddd4962ea8,[name],,,,2026-07-23T19:29:12.000Z,parent_of_student,,1,annual_plus,2026-07-23T19:29:12.000Z,_UNKNOWN,6000,YEAR,,,Middle School,[name],2027-07-23T19:29:12.000Z,,500,,2027-07-23T19:29:12.000Z,2026-07-23T19:29:12.000Z,6000,,,,,,Parent Experience [July 2025] [25% one-time / No Entry Modal],,07-23-2026,,07-23-2026,07-23-2026,07-23-2026,07-23-2026,,07-23-2026,07-23-2027
Wg7NHvm_a0463bf0181ebfa5,AzZutFVQDdAIB2G8h,,Book Club Members; fallback,,,[name],[name],,I only needed SuperSummary for a short time,i_have_too_much_product_1528073051,Project ended or taking a break,project_stop,,Needs (SaaS),needs,3,,,u_d1bc1d06352dd3c1,,,,0,,,Canceled,2026-07-23T17:57:52.000Z,2026-07-23T17:58:13.000Z,2026-07-23T17:58:15.000Z,,25.08,2026-07-23T17:58:15.000Z,cancel,Valid Cancel,annual,2027-07-23T17:36:23.000Z,2027-07-23T17:36:23.000Z,3.0,3.0,36.0,Brightback,,,,,,,AzZutFVQDdAIB2G8h,2026-07-23T17:36:21.000Z,,2026-07-23T17:36:23.000Z,,h_3f2bbfb48b7e384a,,1,2026-07-23T17:36:23.000Z,USD,u_d1bc1d06352dd3c1,ACTIVE,h_f24a90acedf2e3b2,[name],,,,2026-07-23T17:36:23.000Z,book_club_member,,1,annual_essentials,2026-07-23T17:36:23.000Z,_UNKNOWN,3600,YEAR,,,,[name],2027-07-23T17:36:23.000Z,,300,,2027-07-23T17:36:23.000Z,2026-07-23T17:36:23.000Z,3600,,,,,,BCM Experience [July 2025] [25% one-time / No Entry Modal],,07-23-2026,,07-23-2026,07-23-2026,07-23-2026,07-23-2026,,07-23-2026,07-23-2027
Wg7NGcb_b62c4fec69d45e69,1704785,,Teachers; fallback,,,[name],[name],[name],I only needed SuperSummary for a short time,i_have_too_much_product_1528073051,Project ended or taking a break,project_stop,,Needs (SaaS),needs,7,,,u_128e00b49985bfd8,,,,0,36.0,,Canceled,2026-07-23T16:38:47.000Z,2026-07-23T16:39:07.000Z,2026-07-23T16:39:24.000Z,,25.14,2026-07-23T16:39:24.000Z,cancel,Valid Cancel,annual,2027-07-23T16:20:05.000Z,2027-07-23T16:20:05.000Z,3.0,3.0,36.0,Brightback,,,,,,,1704785,2026-07-23T16:20:03.000Z,,2026-07-23T16:20:05.000Z,,h_da53556931bdf7af,,1,2026-07-23T16:20:05.000Z,USD,u_128e00b49985bfd8,ACTIVE,h_16f2e106542fbbbc,[name],36.0,annual_essentials,,2026-07-23T16:20:05.000Z,teacher,,1,annual_essentials,2026-07-23T16:20:05.000Z,_UNKNOWN,3600,YEAR,annual_essentials,,High School,[name],2027-07-23T16:20:05.000Z,,300,,2027-07-23T16:20:05.000Z,2026-07-23T16:20:05.000Z,3600,[name],,https://www.supersummary.com/subscription,https://www.supersummary.com/subscription/confirming/cancel,,Teacher Experience [July 2025] [40% one-time / Modal],,07-23-2026,,07-23-2026,07-23-2026,07-23-2026,07-23-2026,,07-23-2026,07-23-2027
Wg7NFST_b8b0cdc7371cbaa6,AzZNlgVQCXQB51Gcs,,Students; fallback,,,[name],[name],,I only needed SuperSummary for a short time,i_have_too_much_product_1528073051,Project ended or taking a break,project_stop,,Needs (SaaS),needs,5,,,u_fcc3ad5404f1bb98,,,,0,,,Canceled,2026-07-23T15:28:32.000Z,2026-07-23T15:28:46.000Z,2026-07-23T15:28:46.000Z,,25.19,2026-07-23T15:28:46.000Z,cancel,Valid Cancel,monthly,2026-08-23T13:07:18.000Z,2026-08-23T13:07:18.000Z,9.95,9.95,9.95,Brightback,,,,,,,AzZNlgVQCXQB51Gcs,2026-07-23T13:06:46.000Z,,2026-07-23T13:07:18.000Z,,h_3d6fcb0760bd2c29,,1,2026-07-23T13:07:18.000Z,USD,u_fcc3ad5404f1bb98,ACTIVE,h_05d2ab486ba9596f,[name],,,,2026-07-23T13:07:18.000Z,student,,1,monthly_essentials,2026-07-23T13:07:18.000Z,_UNKNOWN,995,MONTH,,,Postgrad Program,[name],2026-08-23T13:07:18.000Z,,995,,2026-08-23T13:07:18.000Z,2026-07-23T13:07:18.000Z,995,,,,,,Student Experience [July 2025] [25% one-time / No Entry Modal],,07-23-2026,,07-23-2026,07-23-2026,07-23-2026,07-23-2026,,07-23-2026,08-23-2026
Wg7NEl7_8bcf33b31f8ca717,1606540,,fallback,,,[name],[name],[name],I only needed SuperSummary for a short time,i_have_too_much_product_1528073051,Project ended or taking a break,project_stop,,Needs (SaaS),needs,5,Nothing,,u_5eb7745889260263,,,,0,16.65,,Canceled,2026-07-23T14:47:14.000Z,2026-07-23T14:47:51.000Z,2026-07-23T14:47:51.000Z,,25.21,2026-07-23T14:47:51.000Z,cancel,Valid Cancel,monthly,2026-07-23T14:47:53.000Z,2026-07-23T14:47:53.000Z,0.0,0.0,16.65,Brightback,,,,,,,1606540,2026-04-20T10:59:18.000Z,,2026-04-20T10:59:21.000Z,,h_00e989af4ee180a4,,1,2026-04-20T10:59:21.000Z,USD,u_5eb7745889260263,PAUSED,h_3782d91c86caeee1,[name],16.65,monthly_plus,,2026-04-20T10:59:21.000Z,other,,1,monthly_plus,2026-04-20T10:59:21.000Z,_UNKNOWN,1665,MONTH,monthly_plus,,,[name],2026-07-31T14:36:09.000Z,,0,,2026-05-20T10:59:21.000Z,2026-04-20T10:59:21.000Z,1665,[name],,https://www.supersummary.com/subscription,https://www.supersummary.com/subscription/confirming/cancel,,Default/Fallback [July 2025] [25% one time / No entry modal],,04-20-2026,,07-23-2026,04-20-2026,04-20-2026,04-20-2026,,04-20-2026,07-31-2026
Wg7NE7U_8881c1e38e98bd8d,1704261,,Students; fallback,,,[name],[name],[name],I only needed SuperSummary for a short time,i_have_too_much_product_1528073051,Project ended or taking a break,project_stop,,Needs (SaaS),needs,8,,,u_bcf9c39f16b6d03d,,,,0,36.0,,Canceled,2026-07-23T14:07:35.000Z,2026-07-23T14:08:27.000Z,2026-07-23T14:08:28.000Z,,25.24,2026-07-23T14:08:28.000Z,cancel,Valid Cancel,annual,2027-07-23T14:04:02.000Z,2027-07-23T14:04:02.000Z,3.0,3.0,36.0,Brightback,,,,,,,1704261,2026-07-23T03:08:17.000Z,,2026-07-23T14:04:02.000Z,,h_93b85db76abd81d7,,1,2026-07-23T14:04:02.000Z,USD,u_bcf9c39f16b6d03d,ACTIVE,h_f4ec0e5d17113181,[name],36.0,annual_essentials,,2026-07-23T14:04:02.000Z,student,,1,annual_essentials,2026-07-23T14:04:02.000Z,_UNKNOWN,3600,YEAR,annual_essentials,,High School,[name],2027-07-23T14:04:02.000Z,,300,,2027-07-23T14:04:02.000Z,2026-07-23T14:04:02.000Z,3600,[name],,https://www.supersummary.com/subscription,https://www.supersummary.com/subscription/confirming/cancel,,Student Experience [July 2025] [25% one-time / No Entry Modal],,07-23-2026,,07-23-2026,07-23-2026,07-23-2026,07-23-2026,,07-23-2026,07-23-2027
Wg7NDoU_9fa74d5c56e26b44,16CJ5AUrQvG4c1O53,,Parents; Annual,,,[name],[name],,I only needed SuperSummary for a short time,i_have_too_much_product_1528073051,Project ended or taking a break,project_stop,,Needs (SaaS),needs,3,,,u_47f09a8fad590821,,,,0,,,Canceled,2026-07-23T13:50:34.000Z,2026-07-23T13:51:01.000Z,2026-07-23T13:51:01.000Z,,25.25,2026-07-23T13:51:01.000Z,cancel,Valid Cancel,annual,2027-07-19T21:18:58.000Z,2027-07-19T21:18:58.000Z,3.0,3.0,36.0,Brightback,,,,,,,16CJ5AUrQvG4c1O53,2025-07-19T21:18:56.000Z,,2025-07-19T21:18:58.000Z,,h_b1e970573bdcbce2,,1,2025-07-19T21:18:58.000Z,USD,u_47f09a8fad590821,ACTIVE,h_05ed19b0fdf1d619,[name],,,,2026-07-19T21:18:58.000Z,parent_of_student,,1,annual,2025-07-19T21:18:58.000Z,_UNKNOWN,3600,YEAR,,,Middle School,[name],2027-07-19T21:18:58.000Z,,300,,2027-07-19T21:18:58.000Z,2025-07-19T21:18:58.000Z,3600,,,,,,Parent Experience [July 2025] [25% one-time / Modal],,07-19-2025,,07-23-2026,07-19-2025,07-19-2025,07-19-2025,,07-19-2025,07-19-2027
Wg7ND2R_b4b001e3bf16b71c,1011259,,Book Club Members; fallback,,,[name],[name],[name],I only needed SuperSummary for a short time,i_have_too_much_product_1528073051,Project ended or taking a break,project_stop,,Needs (SaaS),needs,3,,,u_76ada008fe888929,,,,0,9.95,,Canceled,2026-07-23T13:02:33.000Z,2026-07-23T13:02:56.000Z,2026-07-23T13:02:56.000Z,,25.29,2026-07-23T13:02:56.000Z,cancel,Valid Cancel,monthly,2026-08-21T15:49:48.000Z,2026-08-21T15:49:48.000Z,9.95,9.95,9.95,Brightback,,,,,,,1011259,2025-05-21T20:23:24.000Z,,2026-01-21T15:49:48.000Z,,h_33be2e414d0262a7,,1,2026-01-21T15:49:48.000Z,USD,u_76ada008fe888929,ACTIVE,h_b1c2ffd5c93b3e7a,[name],9.95,monthly_essentials,,2026-07-21T15:49:48.000Z,book_club_member,,1,monthly_essentials,2026-01-21T15:49:48.000Z,_UNKNOWN,995,MONTH,monthly_essentials,,,[name],2026-08-21T15:49:48.000Z,,995,,2026-08-21T15:49:48.000Z,2026-01-21T15:49:48.000Z,995,[name],,https://www.supersummary.com/subscription,https://www.supersummary.com/subscription/confirming/cancel,,BCM Experience [July 2025] [25% one-time / No Entry Modal],,01-21-2026,,07-23-2026,01-21-2026,01-21-2026,05-21-2025,,01-21-2026,08-21-2026
Wg7NCjx_86a65d3aef66ce2d,AzZqQkUxcd1ol1deL,,Students; fallback,,,[name],[name],,I only needed SuperSummary for a short time,i_have_too_much_product_1528073051,Project ended or taking a break,project_stop,,Needs (SaaS),needs,7,,,u_e50c8c4bc91ea946,,,,0,,,Canceled,2026-07-23T12:46:01.000Z,2026-07-23T12:48:08.000Z,2026-07-23T12:48:08.000Z,,25.3,2026-07-23T12:48:08.000Z,cancel,Valid Cancel,monthly,2026-08-23T12:15:07.000Z,2026-08-23T12:15:07.000Z,16.65,16.65,16.65,Brightback,,,,,,,AzZqQkUxcd1ol1deL,2025-09-23T12:15:04.000Z,,2025-09-23T12:15:07.000Z,,h_6081d568d75b6ca6,,1,2025-09-23T12:15:07.000Z,USD,u_e50c8c4bc91ea946,ACTIVE,h_5fd8fff71066d7da,[name],,,,2026-07-23T12:15:07.000Z,student,,1,monthly_plus,2025-09-23T12:15:07.000Z,_UNKNOWN,1665,MONTH,,,College,[name],2026-08-23T12:15:07.000Z,,1665,,2026-08-23T12:15:07.000Z,2025-09-23T12:15:07.000Z,1665,,,,,,Student Experience [July 2025] [25% one-time / No Entry Modal],,09-23-2025,,07-23-2026,09-23-2025,09-23-2025,09-23-2025,,09-23-2025,08-23-2026
Wg7NCb0_be757a9e430051f5,AzyY6OVPgkNLQ31s1,,Students; fallback,,,[name],[name],,I only needed SuperSummary for a short time,i_have_too_much_product_1528073051,Project ended or taking a break,project_stop,,Needs (SaaS),needs,8,,,u_95bd48e3c9b7fb9c,,,,0,,,Canceled,2026-07-23T12:37:05.000Z,2026-07-23T12:37:35.000Z,2026-07-23T12:37:35.000Z,,25.3,2026-07-23T12:37:35.000Z,cancel,Valid Cancel,monthly,2026-08-18T02:38:02.000Z,2026-08-18T02:38:02.000Z,16.65,16.65,16.65,Brightback,,,,,,,AzyY6OVPgkNLQ31s1,2026-07-18T02:38:01.000Z,,2026-07-18T02:38:02.000Z,,h_cad78cd78049b3b9,,1,2026-07-18T02:38:02.000Z,USD,u_95bd48e3c9b7fb9c,ACTIVE,h_5b4f604cd6eddda5,[name],,,,2026-07-18T02:38:02.000Z,student,,1,monthly_plus,2026-07-18T02:38:02.000Z,_UNKNOWN,1665,MONTH,,,High School,[name],2026-08-18T02:38:02.000Z,,1665,,2026-08-18T02:38:02.000Z,2026-07-18T02:38:02.000Z,1665,,,,,,Student Experience [July 2025] [25% one-time / No Entry Modal],,07-18-2026,,07-23-2026,07-18-2026,07-18-2026,07-18-2026,,07-18-2026,08-18-2026
Wg7NC8J_87fb375957c8fa71,16CH5tVN74WOQ3z9S,,Students; fallback,,,[name],[name],,I only needed SuperSummary for a short time,i_have_too_much_product_1528073051,Project ended or taking a break,project_stop,,Needs (SaaS),needs,7,"Maybe Litcharts in the future, but I'm finished with school for the moment until the fall so I may come back here",,u_729d9b2d4c7b11f7,im honestky not sure,,,1,,,Canceled,2026-07-23T12:08:23.000Z,2026-07-23T12:09:49.000Z,2026-07-23T12:09:49.000Z,,25.32,2026-07-23T12:09:49.000Z,cancel,Valid Cancel,monthly,2026-08-20T19:14:30.000Z,2026-08-20T19:14:30.000Z,16.65,16.65,16.65,Brightback,,,,,,,16CH5tVN74WOQ3z9S,2026-06-20T19:14:29.000Z,,2026-06-20T19:14:30.000Z,,h_c7a8c85f521c1f61,,1,2026-06-20T19:14:30.000Z,USD,u_729d9b2d4c7b11f7,ACTIVE,h_c1c39a96299a6138,[name],,,,2026-07-20T19:14:30.000Z,student,,1,monthly_plus,2026-06-20T19:14:30.000Z,_UNKNOWN,1665,MONTH,,,College,[name],2026-08-20T19:14:30.000Z,,1665,,2026-08-20T19:14:30.000Z,2026-06-20T19:14:30.000Z,1665,,,,,,Student Experience [July 2025] [25% one-time / No Entry Modal],,06-20-2026,,07-23-2026,06-20-2026,06-20-2026,06-20-2026,,06-20-2026,08-20-2026
Wg7NC6b_984912ab0e70fed9,AzZX4cVEgvEOP1MXs,,Students; fallback,,,[name],[name],,I only needed SuperSummary for a short time,i_have_too_much_product_1528073051,Project ended or taking a break,project_stop,,Needs (SaaS),needs,2,,,u_0938d66b7414a338,,,,0,,,Canceled,2026-07-23T12:06:41.000Z,2026-07-23T12:07:07.000Z,2026-07-23T12:07:08.000Z,,25.33,2026-07-23T12:07:08.000Z,cancel,Valid Cancel,monthly,2026-08-23T12:03:28.000Z,2026-08-23T12:03:28.000Z,9.95,9.95,9.95,Brightback,,,,1,9.95,2026-07-28T12:03:36.000Z,AzZX4cVEgvEOP1MXs,2026-03-23T11:58:41.000Z,,2026-03-23T12:03:28.000Z,,h_e45bd12be00dc4f6,,1,2026-03-23T12:03:28.000Z,USD,u_0938d66b7414a338,ACTIVE,h_31a460a61deed637,[name],,,,2026-07-23T12:03:28.000Z,student,,1,monthly_essentials,2026-03-23T12:03:28.000Z,_UNKNOWN,995,MONTH,,,College,[name],2026-08-23T12:03:28.000Z,,995,,2026-08-23T12:03:28.000Z,2026-03-23T12:03:28.000Z,995,,,,,,Student Experience [July 2025] [25% one-time / No Entry Modal],,03-23-2026,,07-23-2026,03-23-2026,03-23-2026,03-23-2026,,03-23-2026,08-23-2026
Wg7NBxH_b419503a78b6d1c0,611252,,Teachers; Annual,,,[name],[name],[name],I only needed SuperSummary for a short time,i_have_too_much_product_1528073051,Project ended or taking a break,project_stop,,Needs (SaaS),needs,5,,,u_ee14cad710c504b5,,,,0,36.0,,Canceled,2026-07-23T11:59:29.000Z,2026-07-23T12:00:01.000Z,2026-07-23T12:00:02.000Z,,25.33,2026-07-23T12:00:02.000Z,cancel,Valid Cancel,annual,2027-07-15T20:29:32.000Z,2027-07-15T20:29:32.000Z,3.0,3.0,36.0,Brightback,,,,,,,611252,2024-07-15T20:29:29.000Z,,2024-07-15T20:29:32.000Z,,h_e9e0d1706c5824c6,,1,2024-07-15T20:29:32.000Z,USD,u_ee14cad710c504b5,ACTIVE,h_4ecf73b44ae18c12,[name],36.0,annual,,2026-07-15T20:29:32.000Z,teacher,,1,annual,2024-07-15T20:29:32.000Z,_UNKNOWN,3600,YEAR,annual,,College,[name],2027-07-15T20:29:32.000Z,,300,,2027-07-15T20:29:32.000Z,2024-07-15T20:29:32.000Z,3600,[name],,https://www.supersummary.com/subscription,https://www.supersummary.com/subscription/confirming/cancel,,Teacher Experience [July 2025] [40% one-time / Modal],,07-15-2024,,07-23-2026,07-15-2024,07-15-2024,07-15-2024,,07-15-2024,07-15-2027
Wg7NBk4_86f4ae6f6d1493a0,16A6YDTmrUWb13mNR,,Book Club Members; Annual,,,[name],[name],,I only needed SuperSummary for a short time,i_have_too_much_product_1528073051,Project ended or taking a break,project_stop,,Needs (SaaS),needs,1,,,u_ccb9d5f0e19291c1,,,,0,,,Canceled,2026-07-23T11:46:06.000Z,2026-07-23T11:46:38.000Z,2026-07-23T11:46:38.000Z,,25.34,2026-07-23T11:46:38.000Z,cancel,Valid Cancel,annual,2026-08-14T00:07:08.000Z,2026-08-14T00:07:08.000Z,3.0,3.0,36.0,Brightback,,,,,,,16A6YDTmrUWb13mNR,2023-08-14T00:07:07.000Z,,2023-08-14T00:07:08.000Z,,h_0f5971db44878281,,1,2023-08-14T00:07:08.000Z,USD,u_ccb9d5f0e19291c1,ACTIVE,h_1e55217965999900,[name],,,,2025-08-14T00:07:08.000Z,book_club_member,,1,annual,2023-08-14T00:07:08.000Z,_UNKNOWN,3600,YEAR,,,,[name],2026-08-14T00:07:08.000Z,,300,,2026-08-14T00:07:08.000Z,2023-08-14T00:07:08.000Z,3600,,,,,,BCM Experience [July 2025] [25% one-time / No Entry Modal],,08-14-2023,,07-23-2026,08-14-2023,08-14-2023,08-14-2023,,08-14-2023,08-14-2026
Wg7N5wQ_94570b14f125de23,AzZkWSVHZgnbP3Xmt,,Students; fallback,,,[name],[name],,I only needed SuperSummary for a short time,i_have_too_much_product_1528073051,Project ended or taking a break,project_stop,,Needs (SaaS),needs,5,,,u_0aec3d53668dd33e,,,,0,,,Canceled,2026-07-23T05:58:29.000Z,2026-07-23T05:58:47.000Z,2026-07-23T05:58:48.000Z,,25.58,2026-07-23T05:58:48.000Z,cancel,Valid Cancel,monthly,2026-08-23T01:48:53.000Z,2026-08-23T01:48:53.000Z,16.65,16.65,16.65,Brightback,,,,,,,AzZkWSVHZgnbP3Xmt,2026-04-23T01:48:50.000Z,,2026-04-23T01:48:53.000Z,,h_b8786e3edb77042a,,1,2026-04-23T01:48:53.000Z,USD,u_0aec3d53668dd33e,ACTIVE,h_d16b78a5c115c4a3,[name],,,,2026-07-23T01:48:53.000Z,student,,1,monthly_plus,2026-04-23T01:48:53.000Z,_UNKNOWN,1665,MONTH,,,College,[name],2026-08-23T01:48:53.000Z,,1665,,2026-08-23T01:48:53.000Z,2026-04-23T01:48:53.000Z,1665,,,,,,Student Experience [July 2025] [25% one-time / No Entry Modal],,04-23-2026,,07-23-2026,04-23-2026,04-23-2026,04-23-2026,,04-23-2026,08-23-2026
Wg7N1Fu_8f3ce4cefc73f772,169jpmV3K60Vy8hGb,,Students; Monthly,,,[name],[name],,I only needed SuperSummary for a short time,i_have_too_much_product_1528073051,Project ended or taking a break,project_stop,,Needs (SaaS),needs,1,,,u_6ae5dc3d33deffd0,,,,0,,,Canceled,2026-07-23T01:16:00.000Z,2026-07-23T01:16:28.000Z,2026-07-23T01:16:29.000Z,,25.78,2026-07-23T01:16:29.000Z,cancel,Valid Cancel,monthly,2026-08-22T23:04:20.000Z,2026-08-22T23:04:20.000Z,9.95,9.95,9.95,Brightback,,,,,,,169jpmV3K60Vy8hGb,2025-11-22T23:04:17.000Z,,2025-11-22T23:04:20.000Z,,h_6646848f4221ed78,,1,2025-11-22T23:04:20.000Z,USD,u_6ae5dc3d33deffd0,ACTIVE,h_e2dbaaf4f8ce4f4d,[name],,,,2026-07-22T23:04:20.000Z,student,,1,monthly,2025-11-22T23:04:20.000Z,_UNKNOWN,995,MONTH,,,College,[name],2026-08-22T23:04:20.000Z,,995,,2026-08-22T23:04:20.000Z,2025-11-22T23:04:20.000Z,995,,,,,,Student Experience [July 2025] [40% forever / Modal],,11-22-2025,,07-23-2026,11-22-2025,11-22-2025,11-22-2025,,11-22-2025,08-22-2026
Wg7N16p_851953c7290f6afa,635860,,Teachers; Annual,,,[name],[name],[name],I only needed SuperSummary for a short time,i_have_too_much_product_1528073051,Project ended or taking a break,project_stop,,Needs (SaaS),needs,9,nothing,,u_d9296e39579c1fec,none,,,1,36.0,,Canceled,2026-07-23T01:07:31.000Z,2026-07-23T01:08:42.000Z,2026-07-23T01:08:42.000Z,,25.78,2026-07-23T01:08:42.000Z,cancel,Valid Cancel,annual,2026-08-23T14:17:34.000Z,2026-08-23T14:17:34.000Z,3.0,3.0,36.0,Brightback,,,,,,,635860,2024-08-23T14:17:32.000Z,,2024-08-23T14:17:34.000Z,,h_eb4518e2be6fdcea,,1,2024-08-23T14:17:34.000Z,USD,u_d9296e39579c1fec,ACTIVE,h_f56b9e5670747506,[name],36.0,annual,,2025-08-23T14:17:34.000Z,teacher,,1,annual,2024-08-23T14:17:34.000Z,_UNKNOWN,3600,YEAR,annual,,Middle School,[name],2026-08-23T14:17:34.000Z,,300,,2026-08-23T14:17:34.000Z,2024-08-23T14:17:34.000Z,3600,[name],,https://www.supersummary.com/subscription,https://www.supersummary.com/subscription/confirming/cancel,,Teacher Experience [July 2025] [40% one-time / Modal],,08-23-2024,,07-23-2026,08-23-2024,08-23-2024,08-23-2024,,08-23-2024,08-23-2026
Wg7MNso_8e129bab85a20951,1684039,,Book Club Members; fallback,,,[name],[name],[name],I only needed SuperSummary for a short time,i_have_too_much_product_1528073051,Project ended or taking a break,project_stop,,Needs (SaaS),needs,1,,,u_27f31e6811f3056f,,,,0,9.95,,Canceled,2026-07-22T23:54:56.000Z,2026-07-22T23:55:08.000Z,2026-07-22T23:55:09.000Z,,25.83,2026-07-22T23:55:09.000Z,cancel,Valid Cancel,monthly,2026-07-25T16:51:32.000Z,2026-07-25T16:51:32.000Z,9.95,9.95,9.95,Brightback,,,,,,,1684039,2026-06-25T16:51:31.000Z,,2026-06-25T16:51:32.000Z,,h_441a025d11843547,,1,2026-06-25T16:51:32.000Z,USD,u_27f31e6811f3056f,ACTIVE,h_400c606cef2ed570,[name],9.95,monthly_essentials,,2026-06-25T16:51:32.000Z,book_club_member,,1,monthly_essentials,2026-06-25T16:51:32.000Z,_UNKNOWN,995,MONTH,monthly_essentials,,,[name],2026-07-25T16:51:32.000Z,,995,,2026-07-25T16:51:32.000Z,2026-06-25T16:51:32.000Z,995,[name],,https://www.supersummary.com/subscription,https://www.supersummary.com/subscription/confirming/cancel,,BCM Experience [July 2025] [25% one-time / No Entry Modal],,06-25-2026,,07-22-2026,06-25-2026,06-25-2026,06-25-2026,,06-25-2026,07-25-2026
Wg7MMih_a71e88787c0d4e34,1670523,,Students; fallback,,,[name],[name],[name],I only needed SuperSummary for a short time,i_have_too_much_product_1528073051,Project ended or taking a break,project_stop,,Needs (SaaS),needs,5,,,u_828f27eecd3b231b,,,,0,36.0,,Canceled,2026-07-22T22:47:22.000Z,2026-07-22T22:47:47.000Z,2026-07-22T22:47:47.000Z,,25.88,2026-07-22T22:47:47.000Z,cancel,Valid Cancel,annual,2027-06-09T21:18:09.000Z,2027-06-09T21:18:09.000Z,3.0,3.0,36.0,Brightback,,,,,,,1670523,2026-06-09T21:18:07.000Z,,2026-06-09T21:18:09.000Z,,h_07fbe6823b05d6cd,,1,2026-06-09T21:18:09.000Z,USD,u_828f27eecd3b231b,ACTIVE,h_3d0502461d06157d,[name],36.0,annual_essentials,,2026-06-09T21:18:09.000Z,student,,1,annual_essentials,2026-06-09T21:18:09.000Z,_UNKNOWN,3600,YEAR,annual_essentials,,College,[name],2027-06-09T21:18:09.000Z,,300,,2027-06-09T21:18:09.000Z,2026-06-09T21:18:09.000Z,3600,[name],,https://www.supersummary.com/subscription,https://www.supersummary.com/subscription/confirming/cancel,,Student Experience [July 2025] [25% one-time / No Entry Modal],,06-09-2026,,07-22-2026,06-09-2026,06-09-2026,06-09-2026,,06-09-2026,06-09-2027
Wg7MMF3_809849eb683101e2,385783,,Book Club Members; fallback,,,[name],[name],[name],I only needed SuperSummary for a short time,i_have_too_much_product_1528073051,Project ended or taking a break,project_stop,,Needs (SaaS),needs,10,I will rejoin SuperSummary when I next need it.  ,,u_cdb622a82c73a376,"My experience was very positive.  But when I went to download the Study Guide I needed, I was surprised that I had to upgrade my membership and pay an additional $6.50 in order to download.  I'm not sure why there was an additional charge to download.  In many past years I just paid the monthly membership fee and could download the Study Guides.",,,1,16.65,,Canceled,2026-07-22T22:15:39.000Z,2026-07-22T22:21:39.000Z,2026-07-22T22:21:39.000Z,,25.9,2026-07-22T22:21:39.000Z,cancel,Valid Cancel,monthly,2026-07-27T22:44:53.000Z,2026-07-27T22:44:53.000Z,16.65,16.65,16.65,Brightback,,,,,,,385783,2023-07-02T22:12:16.000Z,,2026-06-27T22:44:53.000Z,,h_491788cba600da4a,,1,2026-06-27T22:44:53.000Z,USD,u_cdb622a82c73a376,ACTIVE,h_7bf19794b7461680,[name],16.65,monthly_plus,,2026-06-27T22:44:53.000Z,book_club_member,,1,monthly_plus,2026-06-27T22:44:53.000Z,_UNKNOWN,1665,MONTH,monthly_plus,,,[name],2026-07-27T22:44:53.000Z,,1665,,2026-07-27T22:44:53.000Z,2026-06-27T22:44:53.000Z,1665,[name],,https://www.supersummary.com/subscription,https://www.supersummary.com/subscription/confirming/cancel,,BCM Experience [July 2025] [25% one-time / No Entry Modal],,06-27-2026,,07-22-2026,06-27-2026,06-27-2026,07-02-2023,,06-27-2026,07-27-2026
Wg7MM1J_9676ed51626d96d9,1698927,,Book Club Members; fallback,,,[name],[name],[name],I only needed SuperSummary for a short time,i_have_too_much_product_1528073051,Project ended or taking a break,project_stop,,Needs (SaaS),needs,5,,,u_73122f1e7421e5d8,,,,0,60.0,,Canceled,2026-07-22T22:01:24.000Z,2026-07-22T22:01:54.000Z,2026-07-22T22:01:55.000Z,,25.91,2026-07-22T22:02:28.000Z,cancel,Valid Cancel,annual,2027-07-16T21:50:45.000Z,2027-07-16T21:50:45.000Z,5.0,5.0,60.0,Brightback,,,,,,,1698927,2026-07-16T21:50:43.000Z,,2026-07-16T21:50:45.000Z,,h_3c9ffe9a11265683,,1,2026-07-16T21:50:45.000Z,USD,u_73122f1e7421e5d8,ACTIVE,h_5cb7806ee91834af,[name],60.0,annual_plus,,2026-07-16T21:50:45.000Z,book_club_member,,1,annual_plus,2026-07-16T21:50:45.000Z,_UNKNOWN,6000,YEAR,annual_plus,,,[name],2027-07-16T21:50:45.000Z,,500,,2027-07-16T21:50:45.000Z,2026-07-16T21:50:45.000Z,6000,[name],,https://www.supersummary.com/subscription,https://www.supersummary.com/subscription/confirming/cancel,,BCM Experience [July 2025] [25% one-time / No Entry Modal],,07-16-2026,,07-22-2026,07-16-2026,07-16-2026,07-16-2026,,07-16-2026,07-16-2027
Wg7MLuO_90a2870e35692496,1698960,,Book Club Members; fallback,,,[name],[name],[name],I only needed SuperSummary for a short time,i_have_too_much_product_1528073051,Project ended or taking a break,project_stop,,Needs (SaaS),needs,5,,,u_c348976be23a9ebe,,,,0,36.0,,Canceled,2026-07-22T21:56:30.000Z,2026-07-22T21:57:16.000Z,2026-07-22T21:57:16.000Z,,25.92,2026-07-22T21:57:16.000Z,cancel,Valid Cancel,annual,2027-07-17T00:10:33.000Z,2027-07-17T00:10:33.000Z,3.0,3.0,36.0,Brightback,,,,,,,1698960,2026-07-17T00:10:31.000Z,,2026-07-17T00:10:33.000Z,,h_03df7acca3f858cb,,1,2026-07-17T00:10:33.000Z,USD,u_c348976be23a9ebe,ACTIVE,h_25e1ca28ecbaa640,[name],36.0,annual_essentials,,2026-07-17T00:10:33.000Z,book_club_member,,1,annual_essentials,2026-07-17T00:10:33.000Z,_UNKNOWN,3600,YEAR,annual_essentials,,,[name],2027-07-17T00:10:33.000Z,,300,,2027-07-17T00:10:33.000Z,2026-07-17T00:10:33.000Z,3600,[name],,https://www.supersummary.com/subscription,https://www.supersummary.com/subscription/confirming/cancel,,BCM Experience [July 2025] [25% one-time / No Entry Modal],,07-17-2026,,07-22-2026,07-17-2026,07-17-2026,07-17-2026,,07-17-2026,07-17-2027
Wg7MLnT_a2019661e00d9933,AzZkozVQ8kqky2gME,,fallback,,,[name],[name],,I only needed SuperSummary for a short time,i_have_too_much_product_1528073051,Project ended or taking a break,project_stop,,Needs (SaaS),needs,6,,,u_8588d4e94328d78a,,,,0,,,Canceled,2026-07-22T21:49:35.000Z,2026-07-22T21:50:21.000Z,2026-07-22T21:50:21.000Z,,25.92,2026-07-22T21:50:21.000Z,cancel,Valid Cancel,annual,2027-07-22T21:35:33.000Z,2027-07-22T21:35:33.000Z,3.0,3.0,36.0,Brightback,,,,,,,AzZkozVQ8kqky2gME,2026-07-22T21:35:30.000Z,,2026-07-22T21:35:33.000Z,,h_cf60bb7495f7cd1e,,1,2026-07-22T21:35:33.000Z,USD,u_8588d4e94328d78a,ACTIVE,h_b2ddbf390cd62ad1,[name],,,,2026-07-22T21:35:33.000Z,other,,1,annual_essentials,2026-07-22T21:35:33.000Z,_UNKNOWN,3600,YEAR,,,,[name],2027-07-22T21:35:33.000Z,,300,,2027-07-22T21:35:33.000Z,2026-07-22T21:35:33.000Z,3600,,,,,,Default/Fallback [July 2025] [25% one time / No entry modal],,07-22-2026,,07-22-2026,07-22-2026,07-22-2026,07-22-2026,,07-22-2026,07-22-2027
Wg7ML2x_b555b6853466c614,1703758,,fallback,,,[name],[name],[name],I only needed SuperSummary for a short time,i_have_too_much_product_1528073051,Project ended or taking a break,project_stop,,Needs (SaaS),needs,2,,,u_4ac13037aafd7ae4,,,,0,60.0,,Canceled,2026-07-22T21:03:04.000Z,2026-07-22T21:03:48.000Z,2026-07-22T21:03:48.000Z,,25.95,2026-07-22T21:03:48.000Z,cancel,Valid Cancel,annual,2027-07-22T17:22:46.000Z,2027-07-22T17:22:46.000Z,5.0,5.0,60.0,Brightback,,,,,,,1703758,2026-07-22T17:22:44.000Z,,2026-07-22T17:22:46.000Z,,h_60843210d66c145e,,1,2026-07-22T17:22:46.000Z,USD,u_4ac13037aafd7ae4,ACTIVE,h_9f366ce071d34cec,[name],60.0,annual_plus,,2026-07-22T17:22:46.000Z,other,,1,annual_plus,2026-07-22T17:22:46.000Z,_UNKNOWN,6000,YEAR,annual_plus,,,[name],2027-07-22T17:22:46.000Z,,500,,2027-07-22T17:22:46.000Z,2026-07-22T17:22:46.000Z,6000,[name],,https://www.supersummary.com/subscription,https://www.supersummary.com/subscription/confirming/cancel,,Default/Fallback [July 2025] [25% one time / No entry modal],,07-22-2026,,07-22-2026,07-22-2026,07-22-2026,07-22-2026,,07-22-2026,07-22-2027
Wg7MKeD_9e2327d93aedb248,Azyp0FVQ8Qnid2SWG,,fallback,,,[name],[name],,I only needed SuperSummary for a short time,i_have_too_much_product_1528073051,Project ended or taking a break,project_stop,,Needs (SaaS),needs,8,,,u_cbeb237fd722ca42,,,,0,,,Canceled,2026-07-22T20:40:17.000Z,2026-07-22T20:40:47.000Z,2026-07-22T20:40:48.000Z,,25.97,2026-07-28T01:15:47.000Z,cancel,Valid Cancel,annual,2027-07-22T20:15:55.000Z,2027-07-22T20:15:55.000Z,5.0,5.0,60.0,Brightback,,,,,,,Azyp0FVQ8Qnid2SWG,2026-07-22T20:15:53.000Z,,2026-07-22T20:15:55.000Z,,h_9b35e47e6aed0e6e,,1,2026-07-22T20:15:55.000Z,USD,u_cbeb237fd722ca42,ACTIVE,h_7f8e48defd9f8e39,[name],,,,2026-07-22T20:15:55.000Z,other,,1,annual_plus,2026-07-22T20:15:55.000Z,_UNKNOWN,6000,YEAR,,,,[name],2027-07-22T20:15:55.000Z,,500,,2027-07-22T20:15:55.000Z,2026-07-22T20:15:55.000Z,6000,,,,,,Default/Fallback [July 2025] [25% one time / No entry modal],,07-22-2026,,07-22-2026,07-22-2026,07-22-2026,07-22-2026,,07-22-2026,07-22-2027
Wg7MJks_b5ea5476697d5b2c,AzqDTTVPpILms6WrG,,fallback,,,[name],[name],,I only needed SuperSummary for a short time,i_have_too_much_product_1528073051,Project ended or taking a break,project_stop,,Needs (SaaS),needs,4,Nothing,,u_a7ecb17ba87d9a4d,NA,,,1,,,Canceled,2026-07-22T19:46:58.000Z,2026-07-22T19:47:27.000Z,2026-07-22T19:47:27.000Z,,26.01,2026-07-22T19:47:27.000Z,cancel,Valid Cancel,annual,2027-07-19T13:43:10.000Z,2027-07-19T13:43:10.000Z,3.0,3.0,36.0,Brightback,,,,,,,AzqDTTVPpILms6WrG,2026-07-19T13:43:08.000Z,,2026-07-19T13:43:10.000Z,,h_8dc9b98b4b9ae2b5,,1,2026-07-19T13:43:10.000Z,USD,u_a7ecb17ba87d9a4d,ACTIVE,h_7c9af7e5383a8ffc,[name],,,,2026-07-19T13:43:10.000Z,other,,1,annual_essentials,2026-07-19T13:43:10.000Z,_UNKNOWN,3600,YEAR,,,,[name],2027-07-19T13:43:10.000Z,,300,,2027-07-19T13:43:10.000Z,2026-07-19T13:43:10.000Z,3600,,,,,,Default/Fallback [July 2025] [25% one time / No entry modal],,07-19-2026,,07-22-2026,07-19-2026,07-19-2026,07-19-2026,,07-19-2026,07-19-2027
Wg7MJcx_becf7a297ac0a08b,1266200,,Teachers; Annual,,,[name],[name],[name],I only needed SuperSummary for a short time,i_have_too_much_product_1528073051,Project ended or taking a break,project_stop,,Needs (SaaS),needs,5,I honestly forgot I had subscribed to this and am trying to eliminate this type of unknown auto-payment from my life. ,,u_53b1505bde993e1c,Nothing,,,1,36.0,,Canceled,2026-07-22T19:39:22.000Z,2026-07-22T19:40:56.000Z,2026-07-22T19:40:56.000Z,,26.01,2026-07-22T19:40:56.000Z,cancel,Valid Cancel,annual,2027-07-22T19:31:47.000Z,2027-07-22T19:31:47.000Z,3.0,3.0,36.0,Brightback,,,,,,,1266200,2025-07-22T19:21:17.000Z,,2025-07-22T19:31:47.000Z,,h_4339af037036a2bb,,1,2025-07-22T19:31:47.000Z,USD,u_53b1505bde993e1c,ACTIVE,h_4601e83a36249713,[name],36.0,annual,,2026-07-22T19:31:47.000Z,teacher,,1,annual,2025-07-22T19:31:47.000Z,_UNKNOWN,3600,YEAR,annual,,College,[name],2027-07-22T19:31:47.000Z,,300,,2027-07-22T19:31:47.000Z,2025-07-22T19:31:47.000Z,3600,[name],,https://www.supersummary.com/subscription,https://www.supersummary.com/subscription/confirming/cancel,,Teacher Experience [July 2025] [40% one-time / Modal],,07-22-2025,,07-22-2026,07-22-2025,07-22-2025,07-22-2025,,07-22-2025,07-22-2027
Wg7MIXN_9817aa98a41ee88b,AzqRT7VAZjMFV6yNj,,Teachers; fallback,,,[name],[name],,I only needed SuperSummary for a short time,i_have_too_much_product_1528073051,Project ended or taking a break,project_stop,,Needs (SaaS),needs,8,Nothing. I will get it back if I need it again.,,u_2483a364d611e3bb,,,,0,,,Canceled,2026-07-22T18:33:27.000Z,2026-07-22T18:34:36.000Z,2026-07-22T18:34:36.000Z,,26.06,2026-07-22T18:34:36.000Z,cancel,Valid Cancel,monthly,2026-08-07T20:36:53.000Z,2026-08-07T20:36:53.000Z,16.65,16.65,16.65,Brightback,,,,,,,AzqRT7VAZjMFV6yNj,2026-02-07T20:36:49.000Z,,2026-02-07T20:36:53.000Z,,h_45c364b8ed5e2695,,1,2026-02-07T20:36:53.000Z,USD,u_2483a364d611e3bb,ACTIVE,h_4baa985660e9eca1,[name],,,,2026-07-07T20:36:53.000Z,teacher,,1,monthly_plus,2026-02-07T20:36:53.000Z,_UNKNOWN,1665,MONTH,,,Middle School,[name],2026-08-07T20:36:53.000Z,,1665,,2026-08-07T20:36:53.000Z,2026-02-07T20:36:53.000Z,1665,,,,,,Teacher Experience [July 2025] [40% one-time / Modal],,02-07-2026,,07-22-2026,02-07-2026,02-07-2026,02-07-2026,,02-07-2026,08-07-2026
Wg7MIt4_afafc1080acdb75b,1697156,,fallback,,,[name],[name],[name],I only needed SuperSummary for a short time,i_have_too_much_product_1528073051,Project ended or taking a break,project_stop,,Needs (SaaS),needs,7,,,u_c921065bdc3602c1,I'm looking for more in-depth spiritual material .,,,1,16.65,,Canceled,2026-07-22T18:55:19.000Z,2026-07-22T18:56:57.000Z,2026-07-22T18:56:57.000Z,,26.04,2026-07-22T18:56:57.000Z,cancel,Valid Cancel,monthly,2026-08-14T18:26:13.000Z,2026-08-14T18:26:13.000Z,16.65,16.65,16.65,Brightback,,,,,,,1697156,2026-07-14T18:23:13.000Z,,2026-07-14T18:26:13.000Z,,h_274f583809270f65,,1,2026-07-14T18:26:13.000Z,USD,u_c921065bdc3602c1,ACTIVE,h_8777f91658037050,[name],16.65,monthly_plus,,2026-07-14T18:26:13.000Z,other,,1,monthly_plus,2026-07-14T18:26:13.000Z,_UNKNOWN,1665,MONTH,monthly_plus,,,[name],2026-08-14T18:26:13.000Z,,1665,,2026-08-14T18:26:13.000Z,2026-07-14T18:26:13.000Z,1665,[name],,https://www.supersummary.com/subscription,https://www.supersummary.com/subscription/confirming/cancel,,Default/Fallback [July 2025] [25% one time / No entry modal],,07-14-2026,,07-22-2026,07-14-2026,07-14-2026,07-14-2026,,07-14-2026,08-14-2026
Wg7MIpZ_9856d7f163a43598,1265639,,Book Club Members; Annual,,,[name],[name],[name],I only needed SuperSummary for a short time,i_have_too_much_product_1528073051,Project ended or taking a break,project_stop,,Needs (SaaS),needs,2,,,u_826f7ab690e0deaf,,,,0,36.0,,Canceled,2026-07-22T18:52:07.000Z,2026-07-22T18:52:27.000Z,2026-07-27T13:25:18.000Z,,26.04,2026-07-27T13:25:18.000Z,cancel,Valid Cancel,annual,2027-07-22T02:14:11.000Z,2027-07-22T02:14:11.000Z,3.0,3.0,36.0,Brightback,,,,,,,1265639,2025-07-22T02:14:09.000Z,,2025-07-22T02:14:11.000Z,,h_d41668e6d361ce59,,1,2025-07-22T02:14:11.000Z,USD,u_826f7ab690e0deaf,ACTIVE,h_e3e2d543c927cfee,[name],36.0,annual,,2026-07-22T02:14:11.000Z,book_club_member,,1,annual,2025-07-22T02:14:11.000Z,_UNKNOWN,3600,YEAR,annual,,,[name],2027-07-22T02:14:11.000Z,,300,,2027-07-22T02:14:11.000Z,2025-07-22T02:14:11.000Z,3600,[name],,https://www.supersummary.com/subscription,https://www.supersummary.com/subscription/confirming/cancel,,BCM Experience [July 2025] [25% one-time / No Entry Modal],,07-22-2025,,07-22-2026,07-22-2025,07-22-2025,07-22-2025,,07-22-2025,07-22-2027
Wg7MIE8_a2b4f2dd75dfcd98,1265266,,fallback,,,[name],[name],[name],I only needed SuperSummary for a short time,i_have_too_much_product_1528073051,Project ended or taking a break,project_stop,,Needs (SaaS),needs,1,,,u_b11d894941360abe,,,,0,36.0,,Canceled,2026-07-22T18:14:23.000Z,2026-07-22T18:14:46.000Z,2026-07-22T18:14:46.000Z,,26.07,2026-07-22T18:14:46.000Z,cancel,Valid Cancel,annual,2027-07-22T18:09:12.000Z,2027-07-22T18:09:12.000Z,3.0,3.0,36.0,Brightback,,,,,,,1265266,2025-07-22T18:09:10.000Z,,2025-07-22T18:09:12.000Z,,h_6da5d2616e9d567f,,1,2025-07-22T18:09:12.000Z,USD,u_b11d894941360abe,ACTIVE,h_8c17342a53aaab42,[name],36.0,annual,,2026-07-22T18:09:12.000Z,other,,1,annual,2025-07-22T18:09:12.000Z,_UNKNOWN,3600,YEAR,annual,,,[name],2027-07-22T18:09:12.000Z,,300,,2027-07-22T18:09:12.000Z,2025-07-22T18:09:12.000Z,3600,[name],,https://www.supersummary.com/subscription,https://www.supersummary.com/subscription/confirming/cancel,,Default/Fallback [July 2025] [25% one time / No entry modal],,07-22-2025,,07-22-2026,07-22-2025,07-22-2025,07-22-2025,,07-22-2025,07-22-2027
Wg7MI3p_96be65168e82bee4,AzqdABVQ41ua23HZa,,Book Club Members; fallback,,,[name],[name],,I only needed SuperSummary for a short time,i_have_too_much_product_1528073051,Project ended or taking a break,project_stop,,Needs (SaaS),needs,3,"Nothing, I don't think I need it",,u_6cac3f8712bea58e,,,,0,,,Canceled,2026-07-22T18:03:56.000Z,2026-07-22T18:05:30.000Z,2026-07-22T18:05:31.000Z,,26.08,2026-07-22T18:05:31.000Z,cancel,Valid Cancel,annual,2027-07-22T02:11:57.000Z,2027-07-22T02:11:57.000Z,3.0,3.0,36.0,Brightback,,,,,,,AzqdABVQ41ua23HZa,2026-07-22T02:11:56.000Z,,2026-07-22T02:11:57.000Z,,h_835100c40748c8f1,,1,2026-07-22T02:11:57.000Z,USD,u_6cac3f8712bea58e,ACTIVE,h_3b6b38f7885e21a8,[name],,,,2026-07-22T02:11:57.000Z,book_club_member,,1,annual_essentials,2026-07-22T02:11:57.000Z,_UNKNOWN,3600,YEAR,,,,[name],2027-07-22T02:11:57.000Z,,300,,2027-07-22T02:11:57.000Z,2026-07-22T02:11:57.000Z,3600,,,,,,BCM Experience [July 2025] [25% one-time / No Entry Modal],,07-22-2026,,07-22-2026,07-22-2026,07-22-2026,07-22-2026,,07-22-2026,07-22-2027
Wg7MHYg_af8b2d5db96e50bc,1420462,,Students; fallback,,,[name],[name],[name],I only needed SuperSummary for a short time,i_have_too_much_product_1528073051,Project ended or taking a break,project_stop,,Needs (SaaS),needs,8,,,u_541f23f4ed8521c6,,,,0,16.65,,Canceled,2026-07-22T17:34:49.000Z,2026-07-22T17:35:28.000Z,2026-07-22T17:35:28.000Z,,26.1,2026-07-22T17:35:28.000Z,cancel,Valid Cancel,monthly,2026-08-09T17:13:37.000Z,2026-08-09T17:13:37.000Z,16.65,16.65,16.65,Brightback,,,,,,,1420462,2025-12-09T17:13:35.000Z,,2025-12-09T17:13:37.000Z,,h_64720ed99f0baae8,,1,2025-12-09T17:13:37.000Z,USD,u_541f23f4ed8521c6,ACTIVE,h_8b7fef252137bd1c,[name],16.65,monthly_plus,,2026-07-09T17:13:37.000Z,student,,1,monthly_plus,2025-12-09T17:13:37.000Z,_UNKNOWN,1665,MONTH,monthly_plus,,other,[name],2026-08-09T17:13:37.000Z,,1665,,2026-08-09T17:13:37.000Z,2025-12-09T17:13:37.000Z,1665,[name],,https://www.supersummary.com/subscription,https://www.supersummary.com/subscription/confirming/cancel,,Student Experience [July 2025] [25% one-time / No Entry Modal],,12-09-2025,,07-22-2026,12-09-2025,12-09-2025,12-09-2025,,12-09-2025,08-09-2026
Wg7MHuO_a7adb34e487f6f54,1703771,,fallback,,,[name],[name],[name],I only needed SuperSummary for a short time,i_have_too_much_product_1528073051,Project ended or taking a break,project_stop,,Needs (SaaS),needs,5,,,u_1ea989b2117a6190,,,,0,16.65,,Canceled,2026-07-22T17:56:30.000Z,2026-07-22T17:56:48.000Z,2026-07-22T17:56:48.000Z,,26.08,2026-07-22T17:56:48.000Z,cancel,Valid Cancel,monthly,2026-08-22T17:37:12.000Z,2026-08-22T17:37:12.000Z,16.65,16.65,16.65,Brightback,,,,,,,1703771,2026-07-22T17:37:10.000Z,,2026-07-22T17:37:12.000Z,,h_5e0c83479ffca112,,1,2026-07-22T17:37:12.000Z,USD,u_1ea989b2117a6190,ACTIVE,h_ba89d1a67e0957a4,[name],16.65,monthly_plus,,2026-07-22T17:37:12.000Z,other,,1,monthly_plus,2026-07-22T17:37:12.000Z,_UNKNOWN,1665,MONTH,monthly_plus,,,[name],2026-08-22T17:37:12.000Z,,1665,,2026-08-22T17:37:12.000Z,2026-07-22T17:37:12.000Z,1665,[name],,https://www.supersummary.com/subscription,https://www.supersummary.com/subscription/confirming/cancel,,Default/Fallback [July 2025] [25% one time / No entry modal],,07-22-2026,,07-22-2026,07-22-2026,07-22-2026,07-22-2026,,07-22-2026,08-22-2026
Wg7MH1t_8e8c29c830e5f2d7,16CVWDVPoyQsL5wGs,,fallback,,,[name],[name],,I only needed SuperSummary for a short time,i_have_too_much_product_1528073051,Project ended or taking a break,project_stop,,Needs (SaaS),needs,5,,,u_50ae74ec1a0af543,,,,0,,,Canceled,2026-07-22T17:01:58.000Z,2026-07-22T17:02:25.000Z,2026-07-22T17:02:25.000Z,,26.12,2026-07-22T17:02:25.000Z,cancel,Valid Cancel,annual,2027-07-19T12:24:03.000Z,2027-07-19T12:24:03.000Z,3.0,3.0,36.0,Brightback,,,,,,,16CVWDVPoyQsL5wGs,2026-07-19T12:24:01.000Z,,2026-07-19T12:24:03.000Z,,h_56df69d9a4a14abc,,1,2026-07-19T12:24:03.000Z,USD,u_50ae74ec1a0af543,ACTIVE,h_3eb86dcd74a1e0c7,[name],,,,2026-07-19T12:24:03.000Z,other,,1,annual_essentials,2026-07-19T12:24:03.000Z,_UNKNOWN,3600,YEAR,,,,[name],2027-07-19T12:24:03.000Z,,300,,2027-07-19T12:24:03.000Z,2026-07-19T12:24:03.000Z,3600,,,,,,Default/Fallback [July 2025] [25% one time / No entry modal],,07-19-2026,,07-22-2026,07-19-2026,07-19-2026,07-19-2026,,07-19-2026,07-19-2027
Wg7MGX4_b7fd1d5fe54421c1,169spsVOiPOMS29mU,,Students; fallback,,,[name],[name],,I only needed SuperSummary for a short time,i_have_too_much_product_1528073051,Project ended or taking a break,project_stop,,Needs (SaaS),needs,1,,,u_bcf2ed2a56d08c93,,,,0,,,Canceled,2026-07-22T16:33:07.000Z,2026-07-22T16:33:29.000Z,2026-07-22T16:33:30.000Z,,26.14,2026-07-22T16:33:30.000Z,cancel,Valid Cancel,annual,2027-07-07T18:58:21.000Z,2027-07-07T18:58:21.000Z,3.0,3.0,36.0,Brightback,,,,,,,169spsVOiPOMS29mU,2026-07-07T18:58:19.000Z,,2026-07-07T18:58:21.000Z,,h_9d83e9d6e551a25d,,1,2026-07-07T18:58:21.000Z,USD,u_bcf2ed2a56d08c93,ACTIVE,h_c9b892ec6db0cdfa,[name],,,,2026-07-07T18:58:21.000Z,student,,1,annual_essentials,2026-07-07T18:58:21.000Z,_UNKNOWN,3600,YEAR,,,College,[name],2027-07-07T18:58:21.000Z,,300,,2027-07-07T18:58:21.000Z,2026-07-07T18:58:21.000Z,3600,,,,,,Student Experience [July 2025] [25% one-time / No Entry Modal],,07-07-2026,,07-22-2026,07-07-2026,07-07-2026,07-07-2026,,07-07-2026,07-07-2027
Wg7MGjl_8208f69bf2e480cf,169zBRV0q5xvl24bG,,Students; fallback,,,[name],[name],,I only needed SuperSummary for a short time,i_have_too_much_product_1528073051,Project ended or taking a break,project_stop,,Needs (SaaS),needs,1,,,u_06d08ce971cfe7f1,,,,0,,,Canceled,2026-07-22T16:45:48.000Z,2026-07-22T16:46:06.000Z,2026-07-22T16:46:06.000Z,,26.13,2026-07-22T16:46:06.000Z,cancel,Valid Cancel,monthly,2026-07-27T14:58:14.000Z,2026-07-27T14:58:14.000Z,16.65,16.65,16.65,Brightback,,,,,,,169zBRV0q5xvl24bG,2025-10-27T14:58:11.000Z,,2025-10-27T14:58:14.000Z,,h_e79b22ad2968da8e,,1,2025-10-27T14:58:14.000Z,USD,u_06d08ce971cfe7f1,ACTIVE,h_69e589798f396290,[name],,,,2026-06-27T14:58:14.000Z,student,,1,monthly_plus,2025-10-27T14:58:14.000Z,_UNKNOWN,1665,MONTH,,,College,[name],2026-07-27T14:58:14.000Z,,1665,,2026-07-27T14:58:14.000Z,2025-10-27T14:58:14.000Z,1665,,,,,,Student Experience [July 2025] [25% one-time / No Entry Modal],,10-27-2025,,07-22-2026,10-27-2025,10-27-2025,10-27-2025,,10-27-2025,07-27-2026
Wg7MGIW_a74d1f974061a949,251549,,Students; fallback,,,[name],[name],[name],I only needed SuperSummary for a short time,i_have_too_much_product_1528073051,Project ended or taking a break,project_stop,,Needs (SaaS),needs,6,,,u_02c8111ab2ce9a24,,,,0,16.65,,Canceled,2026-07-22T16:18:43.000Z,2026-07-22T16:19:14.000Z,2026-07-22T16:19:14.000Z,,26.15,2026-07-22T16:19:14.000Z,cancel,Valid Cancel,monthly,2026-08-03T04:35:26.000Z,2026-08-03T04:35:26.000Z,16.65,16.65,16.65,Brightback,,,,,,,251549,2026-02-03T04:35:22.000Z,,2026-02-03T04:35:26.000Z,,h_29f0f3b6ba33188a,,1,2026-02-03T04:35:26.000Z,USD,u_02c8111ab2ce9a24,ACTIVE,h_a0187a213ea70dfa,[name],16.65,monthly_plus,,2026-07-03T04:35:26.000Z,student,,1,monthly_plus,2026-02-03T04:35:26.000Z,_UNKNOWN,1665,MONTH,monthly_plus,,College,[name],2026-08-03T04:35:26.000Z,,1665,,2026-08-03T04:35:26.000Z,2026-02-03T04:35:26.000Z,1665,[name],,https://www.supersummary.com/subscription,https://www.supersummary.com/subscription/confirming/cancel,,Student Experience [July 2025] [25% one-time / No Entry Modal],,02-03-2026,,07-22-2026,02-03-2026,02-03-2026,02-03-2026,,02-03-2026,08-03-2026
Wg7MFWq_9fd7a98919c51290,1156038,,Students; fallback,,,[name],[name],[name],I only needed SuperSummary for a short time,i_have_too_much_product_1528073051,Project ended or taking a break,project_stop,,Needs (SaaS),needs,6,nothing,,u_7d3a308707939427,you are fine,,,1,9.95,,Canceled,2026-07-22T15:33:13.000Z,2026-07-22T15:34:21.000Z,2026-07-22T15:34:21.000Z,,26.18,2026-07-22T15:34:21.000Z,cancel,Valid Cancel,monthly,2026-08-18T23:07:53.000Z,2026-08-18T23:07:53.000Z,9.95,9.95,9.95,Brightback,,,,,,,1156038,2026-05-18T17:07:20.000Z,,2026-05-18T17:07:22.000Z,,h_bd6afdd5a44172e5,,1,2026-06-18T23:07:53.000Z,USD,u_7d3a308707939427,ACTIVE,h_40d65e84bbcecf65,[name],9.95,monthly_essentials,,2026-07-18T23:07:53.000Z,student,,1,monthly_essentials,2026-05-18T17:07:22.000Z,_UNKNOWN,995,MONTH,monthly_essentials,,Postgrad Program,[name],2026-08-18T23:07:53.000Z,,995,,2026-08-18T23:07:53.000Z,2026-05-18T17:07:22.000Z,995,[name],,https://www.supersummary.com/subscription,https://www.supersummary.com/subscription/confirming/cancel,,Student Experience [July 2025] [25% one-time / No Entry Modal],,05-18-2026,,07-22-2026,06-18-2026,05-18-2026,05-18-2026,,05-18-2026,08-18-2026
Wg7MFfT_bfb992517020f861,AzywlaUUrtJNI3fS7,,Teachers; Monthly,,,[name],[name],,I only needed SuperSummary for a short time,i_have_too_much_product_1528073051,Project ended or taking a break,project_stop,,Needs (SaaS),needs,5,books,,u_dd72ecfcc1d0ef4c,make billing transparent,,,1,,,Canceled,2026-07-22T15:41:32.000Z,2026-07-22T15:42:20.000Z,2026-07-22T15:42:20.000Z,,26.18,2026-07-22T15:42:20.000Z,cancel,Valid Cancel,monthly,2026-08-22T14:56:20.000Z,2026-08-22T14:56:20.000Z,9.95,9.95,9.95,Brightback,,,,,,,AzywlaUUrtJNI3fS7,2024-11-22T14:56:17.000Z,,2024-11-22T14:56:20.000Z,,h_924690e904175925,,1,2024-11-22T14:56:20.000Z,USD,u_dd72ecfcc1d0ef4c,ACTIVE,h_299e9e5163e36239,[name],,,,2026-07-22T14:56:20.000Z,teacher,,1,monthly,2024-11-22T14:56:20.000Z,_UNKNOWN,995,MONTH,,,College,[name],2026-08-22T14:56:20.000Z,,995,,2026-08-22T14:56:20.000Z,2024-11-22T14:56:20.000Z,995,,,,,,Teacher Experience [July 2025] [40% forever / No entry modal],,11-22-2024,,07-22-2026,11-22-2024,11-22-2024,11-22-2024,,11-22-2024,08-22-2026
Wg7MEp9_b170783c93ab148b,169km1VQ76dni1bQZ,,Book Club Members; fallback,,,[name],[name],,I only needed SuperSummary for a short time,i_have_too_much_product_1528073051,Project ended or taking a break,project_stop,,Needs (SaaS),needs,5,,,u_593c5f70a223e4fc,,,,0,,,Canceled,2026-07-22T14:51:11.000Z,2026-07-22T14:51:30.000Z,2026-07-22T14:51:31.000Z,,26.21,2026-07-22T14:51:31.000Z,cancel,Valid Cancel,annual,2027-07-22T14:49:34.000Z,2027-07-22T14:49:34.000Z,5.0,5.0,60.0,Brightback,,,,,,,169km1VQ76dni1bQZ,2026-07-22T14:49:31.000Z,,2026-07-22T14:49:34.000Z,,h_383b2475139efeb4,,1,2026-07-22T14:49:34.000Z,USD,u_593c5f70a223e4fc,ACTIVE,h_f206684390317e93,[name],,,,2026-07-22T14:49:34.000Z,book_club_member,,1,annual_plus,2026-07-22T14:49:34.000Z,_UNKNOWN,6000,YEAR,,,,[name],2027-07-22T14:49:34.000Z,,500,,2027-07-22T14:49:34.000Z,2026-07-22T14:49:34.000Z,6000,,,,,,BCM Experience [July 2025] [25% one-time / No Entry Modal],,07-22-2026,,07-22-2026,07-22-2026,07-22-2026,07-22-2026,,07-22-2026,07-22-2027
Wg7ME8G_8820088fc672c772,1698898,,Students; fallback,,,[name],[name],[name],I only needed SuperSummary for a short time,i_have_too_much_product_1528073051,Project ended or taking a break,project_stop,,Needs (SaaS),needs,10,,,u_c5af2027c8a26ad0,,,,0,16.65,,Canceled,2026-07-22T14:08:24.000Z,2026-07-22T14:09:23.000Z,2026-07-24T13:11:00.000Z,,26.24,2026-07-24T13:11:00.000Z,cancel,Valid Cancel,monthly,2026-08-16T21:10:42.000Z,2026-08-16T21:10:42.000Z,16.65,16.65,16.65,Brightback,,,,,,,1698898,2026-07-16T21:10:40.000Z,,2026-07-16T21:10:42.000Z,,h_b1369c2d908d807b,,1,2026-07-16T21:10:42.000Z,USD,u_c5af2027c8a26ad0,ACTIVE,h_9d4dd1a8176c15cb,[name],16.65,monthly_plus,,2026-07-16T21:10:42.000Z,student,,1,monthly_plus,2026-07-16T21:10:42.000Z,_UNKNOWN,1665,MONTH,monthly_plus,,High School,[name],2026-08-16T21:10:42.000Z,,1665,,2026-08-16T21:10:42.000Z,2026-07-16T21:10:42.000Z,1665,[name],,https://www.supersummary.com/subscription,https://www.supersummary.com/subscription/confirming/cancel,,Student Experience [July 2025] [25% one-time / No Entry Modal],,07-16-2026,,07-22-2026,07-16-2026,07-16-2026,07-16-2026,,07-16-2026,08-16-2026
Wg7MDUh_84c37801726ee493,16BT2AUrWtaWw5Xbv,,Book Club Members; Annual,,,[name],[name],,I only needed SuperSummary for a short time,i_have_too_much_product_1528073051,Project ended or taking a break,project_stop,,Needs (SaaS),needs,5,,,u_ba72f7aa4ef72af0,,,,0,,,Canceled,2026-07-22T13:30:44.000Z,2026-07-22T13:31:05.000Z,2026-07-22T13:31:05.000Z,,26.27,2026-07-22T13:31:05.000Z,cancel,Valid Cancel,annual,2027-07-20T21:49:58.000Z,2027-07-20T21:49:58.000Z,3.0,3.0,36.0,Brightback,,,,,,,16BT2AUrWtaWw5Xbv,2025-07-20T21:39:00.000Z,,2025-07-20T21:49:58.000Z,,h_a6f8ea0a614297a8,,1,2025-07-20T21:49:58.000Z,USD,u_ba72f7aa4ef72af0,ACTIVE,h_fa0d72ff39c2f1b9,[name],,,,2026-07-20T21:49:58.000Z,book_club_member,,1,annual,2025-07-20T21:49:58.000Z,_UNKNOWN,3600,YEAR,,,,[name],2027-07-20T21:49:58.000Z,,300,,2027-07-20T21:49:58.000Z,2025-07-20T21:49:58.000Z,3600,,,,,,BCM Experience [July 2025] [25% one-time / No Entry Modal],,07-20-2025,,07-22-2026,07-20-2025,07-20-2025,07-20-2025,,07-20-2025,07-20-2027
Wg7MC0m_891f447a1f757e85,1698173,,fallback,,,[name],[name],[name],I only needed SuperSummary for a short time,i_have_too_much_product_1528073051,Project ended or taking a break,project_stop,,Needs (SaaS),needs,8,Nothing,,u_9c9b9522d5221625,Nothing,,,1,36.0,,Canceled,2026-07-22T12:02:39.000Z,2026-07-22T12:03:37.000Z,2026-07-22T12:03:37.000Z,,26.33,2026-07-22T12:51:44.000Z,cancel,Valid Cancel,annual,2027-07-15T21:53:07.000Z,2027-07-15T21:53:07.000Z,3.0,3.0,36.0,Brightback,,,,,,,1698173,2026-07-15T21:53:05.000Z,,2026-07-15T21:53:07.000Z,,h_20ba4308c5e3e5ca,,1,2026-07-15T21:53:07.000Z,USD,u_9c9b9522d5221625,ACTIVE,h_3404347774c73eee,[name],36.0,annual_essentials,,2026-07-15T21:53:07.000Z,other,,1,annual_essentials,2026-07-15T21:53:07.000Z,_UNKNOWN,3600,YEAR,annual_essentials,,,[name],2027-07-15T21:53:07.000Z,,300,,2027-07-15T21:53:07.000Z,2026-07-15T21:53:07.000Z,3600,[name],,https://www.supersummary.com/subscription,https://www.supersummary.com/subscription/confirming/cancel,,Default/Fallback [July 2025] [25% one time / No entry modal],,07-15-2026,,07-22-2026,07-15-2026,07-15-2026,07-15-2026,,07-15-2026,07-15-2027
Wg7MBqS_aeeadf4086657bb0,1637391,,Students; fallback,,,[name],[name],[name],I only needed SuperSummary for a short time,i_have_too_much_product_1528073051,Project ended or taking a break,project_stop,,Needs (SaaS),needs,3,N/A,,u_c4c60836ccd6f268,,,,0,9.95,,Canceled,2026-07-22T11:52:45.000Z,2026-07-22T11:53:15.000Z,2026-07-22T11:53:16.000Z,,26.33,2026-07-22T11:54:42.000Z,cancel,Valid Cancel,monthly,2026-08-12T12:28:06.000Z,2026-08-12T12:28:06.000Z,9.95,9.95,9.95,Brightback,,,,,,,1637391,2026-05-12T12:28:02.000Z,,2026-05-12T12:28:06.000Z,,h_1d1bac0bf7f28621,,1,2026-05-12T12:28:06.000Z,USD,u_c4c60836ccd6f268,ACTIVE,h_08c90683c63ee1d8,[name],9.95,monthly_essentials,,2026-07-12T12:28:06.000Z,student,,1,monthly_essentials,2026-05-12T12:28:06.000Z,_UNKNOWN,995,MONTH,monthly_essentials,,College,[name],2026-08-12T12:28:06.000Z,,995,,2026-08-12T12:28:06.000Z,2026-05-12T12:28:06.000Z,995,[name],,https://www.supersummary.com/subscription,https://www.supersummary.com/subscription/confirming/cancel,,Student Experience [July 2025] [25% one-time / No Entry Modal],,05-12-2026,,07-22-2026,05-12-2026,05-12-2026,05-12-2026,,05-12-2026,08-12-2026
Wg7MAHq_9bfa6bd39a560236,1698163,,fallback,,,[name],[name],[name],I only needed SuperSummary for a short time,i_have_too_much_product_1528073051,Project ended or taking a break,project_stop,,Needs (SaaS),needs,6,,,u_fa8eacdc27f537ef,,,,0,9.95,,Canceled,2026-07-22T10:17:59.000Z,2026-07-22T10:18:45.000Z,2026-07-22T10:18:45.000Z,,26.4,2026-07-22T10:18:45.000Z,cancel,Valid Cancel,monthly,2026-08-15T21:37:14.000Z,2026-08-15T21:37:14.000Z,9.95,9.95,9.95,Brightback,,,,,,,1698163,2026-07-15T21:37:12.000Z,,2026-07-15T21:37:14.000Z,,h_e4ce28fe9ae8266b,,1,2026-07-15T21:37:14.000Z,USD,u_fa8eacdc27f537ef,ACTIVE,h_2c6aea7cfe880d3c,[name],9.95,monthly_essentials,,2026-07-15T21:37:14.000Z,other,,1,monthly_essentials,2026-07-15T21:37:14.000Z,_UNKNOWN,995,MONTH,monthly_essentials,,,[name],2026-08-15T21:37:14.000Z,,995,,2026-08-15T21:37:14.000Z,2026-07-15T21:37:14.000Z,995,[name],,https://www.supersummary.com/subscription,https://www.supersummary.com/subscription/confirming/cancel,,Default/Fallback [July 2025] [25% one time / No entry modal],,07-15-2026,,07-22-2026,07-15-2026,07-15-2026,07-15-2026,,07-15-2026,08-15-2026
Wg7M79l_8c803e0cd1802197,1703293,,fallback,,,[name],[name],[name],I only needed SuperSummary for a short time,i_have_too_much_product_1528073051,Project ended or taking a break,project_stop,,Needs (SaaS),needs,2,,,u_0c1841d439a36971,,,,0,9.95,,Canceled,2026-07-22T07:09:53.000Z,2026-07-22T07:10:16.000Z,2026-07-22T07:10:16.000Z,,26.53,2026-07-22T07:10:16.000Z,cancel,Valid Cancel,monthly,2026-08-22T06:50:31.000Z,2026-08-22T06:50:31.000Z,9.95,9.95,9.95,Brightback,,,,,,,1703293,2026-07-22T06:50:28.000Z,,2026-07-22T06:50:31.000Z,,h_5df60a883b4d3f69,,1,2026-07-22T06:50:31.000Z,USD,u_0c1841d439a36971,ACTIVE,h_8b97ae8c56d1bdc8,[name],9.95,monthly_essentials,,2026-07-22T06:50:31.000Z,other,,1,monthly_essentials,2026-07-22T06:50:31.000Z,_UNKNOWN,995,MONTH,monthly_essentials,,,[name],2026-08-22T06:50:31.000Z,,995,,2026-08-22T06:50:31.000Z,2026-07-22T06:50:31.000Z,995,[name],,https://www.supersummary.com/subscription,https://www.supersummary.com/subscription/confirming/cancel,,Default/Fallback [July 2025] [25% one time / No entry modal],,07-22-2026,,07-22-2026,07-22-2026,07-22-2026,07-22-2026,,07-22-2026,08-22-2026
Wg7M4Xs_968856ffc1d9229e,16BhqHVPrDPxT7OYR,,fallback,,,[name],[name],,I only needed SuperSummary for a short time,i_have_too_much_product_1528073051,Project ended or taking a break,project_stop,,Needs (SaaS),needs,1,Fuck you ,,u_6922ffd7ba229823,Fuck tou,,,1,,,Canceled,2026-07-22T04:33:56.000Z,2026-07-22T04:34:11.000Z,2026-07-22T04:34:11.000Z,,26.64,2026-07-22T04:34:11.000Z,cancel,Valid Cancel,monthly,2026-08-19T21:36:07.000Z,2026-08-19T21:36:07.000Z,9.95,9.95,9.95,Brightback,,,,,,,16BhqHVPrDPxT7OYR,2026-07-19T21:36:03.000Z,,2026-07-19T21:36:07.000Z,,h_be94f6e1e0ec4028,,1,2026-07-19T21:36:07.000Z,USD,u_6922ffd7ba229823,ACTIVE,h_43b66e768d8074cb,[name],,,,2026-07-19T21:36:07.000Z,other,,1,monthly_essentials,2026-07-19T21:36:07.000Z,_UNKNOWN,995,MONTH,,,,[name],2026-08-19T21:36:07.000Z,,995,,2026-08-19T21:36:07.000Z,2026-07-19T21:36:07.000Z,995,,,,,,Default/Fallback [July 2025] [25% one time / No entry modal],,07-19-2026,,07-22-2026,07-19-2026,07-19-2026,07-19-2026,,07-19-2026,08-19-2026
Wg7M3uP_8851218878cf4053,169r4WVQ4GDN46SQ,,Students; fallback,,,[name],[name],,I only needed SuperSummary for a short time,i_have_too_much_product_1528073051,Project ended or taking a break,project_stop,,Needs (SaaS),needs,7,,,u_e6540442886bcdd1,,,,0,,,Canceled,2026-07-22T03:56:32.000Z,2026-07-22T03:57:08.000Z,2026-07-22T03:57:09.000Z,,26.67,2026-07-22T03:57:09.000Z,cancel,Valid Cancel,monthly,2026-08-22T03:08:46.000Z,2026-08-22T03:08:46.000Z,9.95,9.95,9.95,Brightback,,,,,,,169r4WVQ4GDN46SQ,2026-07-22T03:08:45.000Z,,2026-07-22T03:08:46.000Z,,h_b547870c08f7f6c0,,1,2026-07-22T03:08:46.000Z,USD,u_e6540442886bcdd1,ACTIVE,h_38c9c065566f3699,[name],,,,2026-07-22T03:08:46.000Z,student,,1,monthly_essentials,2026-07-22T03:08:46.000Z,_UNKNOWN,995,MONTH,,,Postgrad Program,[name],2026-08-22T03:08:46.000Z,,995,,2026-08-22T03:08:46.000Z,2026-07-22T03:08:46.000Z,995,,,,,,Student Experience [July 2025] [25% one-time / No Entry Modal],,07-22-2026,,07-22-2026,07-22-2026,07-22-2026,07-22-2026,,07-22-2026,08-22-2026
Wg7M3c6_916643d0c1e02447,169r4WVQ4NGVG9on,,Students; fallback,,,[name],[name],,I only needed SuperSummary for a short time,i_have_too_much_product_1528073051,Project ended or taking a break,project_stop,,Needs (SaaS),needs,5,,,u_851bce94c207a072,N/A,,,1,,,Canceled,2026-07-22T03:38:08.000Z,2026-07-22T03:38:55.000Z,2026-07-22T03:38:55.000Z,,26.68,2026-07-22T03:38:55.000Z,cancel,Valid Cancel,annual,2027-07-22T03:36:47.000Z,2027-07-22T03:36:47.000Z,3.0,3.0,36.0,Brightback,,,,,,,169r4WVQ4NGVG9on,2026-07-22T03:36:45.000Z,,2026-07-22T03:36:47.000Z,,h_4f962a92745a5ba7,,1,2026-07-22T03:36:47.000Z,USD,u_851bce94c207a072,ACTIVE,h_b95568ae9ba9266d,[name],,,,2026-07-22T03:36:47.000Z,student,,1,annual_essentials,2026-07-22T03:36:47.000Z,_UNKNOWN,3600,YEAR,,,College,[name],2027-07-22T03:36:47.000Z,,300,,2027-07-22T03:36:47.000Z,2026-07-22T03:36:47.000Z,3600,,,,,,Student Experience [July 2025] [25% one-time / No Entry Modal],,07-22-2026,,07-22-2026,07-22-2026,07-22-2026,07-22-2026,,07-22-2026,07-22-2027
Wg7M1pj_889788ea11111a6b,1472318,,fallback,,,[name],[name],[name],I only needed SuperSummary for a short time,i_have_too_much_product_1528073051,Project ended or taking a break,project_stop,,Needs (SaaS),needs,5,,,u_2cb72e2385ea83ca,,,,0,60.0,,Canceled,2026-07-22T01:52:03.000Z,2026-07-22T01:53:28.000Z,2026-07-22T01:53:29.000Z,,26.75,2026-07-22T01:53:29.000Z,cancel,Valid Cancel,annual,2027-01-14T05:30:17.000Z,2027-01-14T05:30:17.000Z,5.0,5.0,60.0,Brightback,,,,,,,1472318,2026-01-14T05:30:15.000Z,,2026-01-14T05:30:17.000Z,,h_939d849ca32f9098,,1,2026-01-14T05:30:17.000Z,USD,u_2cb72e2385ea83ca,ACTIVE,h_45c01f8a6dfa3237,[name],60.0,annual_plus,,2026-01-14T05:30:17.000Z,other,,1,annual_plus,2026-01-14T05:30:17.000Z,_UNKNOWN,6000,YEAR,annual_plus,,,[name],2027-01-14T05:30:17.000Z,,500,,2027-01-14T05:30:17.000Z,2026-01-14T05:30:17.000Z,6000,[name],,https://www.supersummary.com/subscription,https://www.supersummary.com/subscription/confirming/cancel,,Default/Fallback [July 2025] [25% one time / No entry modal],,01-14-2026,,07-22-2026,01-14-2026,01-14-2026,01-14-2026,,01-14-2026,01-14-2027
Wg7M0bZ_846bea5dc9bfb80c,1702972,,Book Club Members; fallback,,,[name],[name],[name],I only needed SuperSummary for a short time,i_have_too_much_product_1528073051,Project ended or taking a break,project_stop,,Needs (SaaS),needs,7,,,u_3d6fa12b9026eb53,,,,0,36.0,,Canceled,2026-07-22T00:37:39.000Z,2026-07-22T00:38:07.000Z,2026-07-22T00:38:07.000Z,,26.8,2026-07-22T00:38:07.000Z,cancel,Valid Cancel,annual,2027-07-22T00:26:12.000Z,2027-07-22T00:26:12.000Z,3.0,3.0,36.0,Brightback,,,,,,,1702972,2026-07-22T00:26:10.000Z,,2026-07-22T00:26:12.000Z,,h_060409dd433ade4f,,1,2026-07-22T00:26:12.000Z,USD,u_3d6fa12b9026eb53,ACTIVE,h_f65bce2aa3fe981f,[name],36.0,annual_essentials,,2026-07-22T00:26:12.000Z,book_club_member,,1,annual_essentials,2026-07-22T00:26:12.000Z,_UNKNOWN,3600,YEAR,annual_essentials,,,[name],2027-07-22T00:26:12.000Z,,300,,2027-07-22T00:26:12.000Z,2026-07-22T00:26:12.000Z,3600,[name],,https://www.supersummary.com/subscription,https://www.supersummary.com/subscription/confirming/cancel,,BCM Experience [July 2025] [25% one-time / No Entry Modal],,07-22-2026,,07-22-2026,07-22-2026,07-22-2026,07-22-2026,,07-22-2026,07-22-2027
Wg7LNHJ_bbf044902cb9f5ef,16BTkzUrTILXU2svh,,Book Club Members; Annual,,,[name],[name],,I only needed SuperSummary for a short time,i_have_too_much_product_1528073051,Project ended or taking a break,project_stop,,Needs (SaaS),needs,9,,,u_b33b3f18dae0045a,,,,0,,,Canceled,2026-07-21T23:17:23.000Z,2026-07-21T23:18:07.000Z,2026-07-21T23:18:07.000Z,,26.86,2026-07-21T23:18:07.000Z,cancel,Valid Cancel,annual,2027-07-20T07:03:14.000Z,2027-07-20T07:03:14.000Z,3.0,3.0,36.0,Brightback,,,,,,,16BTkzUrTILXU2svh,2025-07-20T07:03:11.000Z,,2025-07-20T07:03:14.000Z,,h_25be07cbf60b74ed,,1,2025-07-20T07:03:14.000Z,USD,u_b33b3f18dae0045a,ACTIVE,h_3226ede7fe3e4621,[name],,,,2026-07-20T07:03:14.000Z,book_club_member,,1,annual,2025-07-20T07:03:14.000Z,_UNKNOWN,3600,YEAR,,,,[name],2027-07-20T07:03:14.000Z,,300,,2027-07-20T07:03:14.000Z,2025-07-20T07:03:14.000Z,3600,,,,,,BCM Experience [July 2025] [25% one-time / No Entry Modal],,07-20-2025,,07-21-2026,07-20-2025,07-20-2025,07-20-2025,,07-20-2025,07-20-2027
Wg7LMn2_9b0ed279e2cb39c2,AzZSuHVQ3CMCy2p6v,,Students; fallback,,,[name],[name],,I only needed SuperSummary for a short time,i_have_too_much_product_1528073051,Project ended or taking a break,project_stop,,Needs (SaaS),needs,10,Google,,u_f5b370bfd31f149e,It was good,,,1,,,Canceled,2026-07-21T22:49:04.000Z,2026-07-21T22:49:50.000Z,2026-07-21T22:49:50.000Z,,26.88,2026-07-21T22:49:50.000Z,cancel,Valid Cancel,annual,2027-07-21T22:47:11.000Z,2027-07-21T22:47:11.000Z,3.0,3.0,36.0,Brightback,,,,,,,AzZSuHVQ3CMCy2p6v,2026-07-21T22:47:08.000Z,,2026-07-21T22:47:11.000Z,,h_1ca0cf9b63e83597,,1,2026-07-21T22:47:11.000Z,USD,u_f5b370bfd31f149e,ACTIVE,h_1255446be417ef51,[name],,,,2026-07-21T22:47:11.000Z,student,,1,annual_essentials,2026-07-21T22:47:11.000Z,_UNKNOWN,3600,YEAR,,,Postgrad Program,[name],2027-07-21T22:47:11.000Z,,300,,2027-07-21T22:47:11.000Z,2026-07-21T22:47:11.000Z,3600,,,,,,Student Experience [July 2025] [25% one-time / No Entry Modal],,07-21-2026,,07-21-2026,07-21-2026,07-21-2026,07-21-2026,,07-21-2026,07-21-2027
Wg7LMMA_af8a5f0bee3df784,618821,,Students; Annual,,,[name],[name],[name],I only needed SuperSummary for a short time,i_have_too_much_product_1528073051,Project ended or taking a break,project_stop,,Needs (SaaS),needs,10,,,u_330353f1079fb6e9,,,,0,36.0,,Canceled,2026-07-21T22:32:52.000Z,2026-07-21T22:34:15.000Z,2026-08-12T11:48:49.000Z,,26.89,2026-08-12T11:48:49.000Z,cancel,Valid Cancel,annual,2026-08-01T14:20:56.000Z,2026-08-01T14:20:56.000Z,3.0,3.0,36.0,Brightback,,,,,,,618821,2024-08-01T14:20:53.000Z,,2024-08-01T14:20:56.000Z,,h_c3fcd0365a880b47,,1,2024-08-01T14:20:56.000Z,USD,u_330353f1079fb6e9,ACTIVE,h_f8c692392e81d8a2,[name],36.0,annual,,2025-08-01T14:20:56.000Z,student,,1,annual,2024-08-01T14:20:56.000Z,_UNKNOWN,3600,YEAR,annual,,Middle School,[name],2026-08-01T14:20:56.000Z,,300,,2026-08-01T14:20:56.000Z,2024-08-01T14:20:56.000Z,3600,[name],,https://www.supersummary.com/subscription,https://www.supersummary.com/subscription/confirming/cancel,,Student Experience [July 2025] [25% one-time / No Entry Modal],,08-01-2024,,07-21-2026,08-01-2024,08-01-2024,08-01-2024,,08-01-2024,08-01-2026
Wg7LLM4_846eff1de2781aae,6oaENVPws3Nh2LAU,,fallback,,,[name],[name],,I only needed SuperSummary for a short time,i_have_too_much_product_1528073051,Project ended or taking a break,project_stop,,Needs (SaaS),needs,7,,,u_14fc42e8ae3cc250,,,,0,,,Canceled,2026-07-21T21:22:12.000Z,2026-07-21T21:23:00.000Z,2026-07-21T21:23:01.000Z,,26.94,2026-07-21T21:23:01.000Z,cancel,Valid Cancel,annual,2027-07-20T20:48:54.000Z,2027-07-20T20:48:54.000Z,3.0,3.0,36.0,Brightback,,,,,,,6oaENVPws3Nh2LAU,2026-07-20T20:48:51.000Z,,2026-07-20T20:48:54.000Z,,h_818e24b093becf4c,,1,2026-07-20T20:48:54.000Z,USD,u_14fc42e8ae3cc250,ACTIVE,h_274a50a9d790a361,[name],,,,2026-07-20T20:48:54.000Z,other,,1,annual_essentials,2026-07-20T20:48:54.000Z,_UNKNOWN,3600,YEAR,,,,[name],2027-07-20T20:48:54.000Z,,300,,2027-07-20T20:48:54.000Z,2026-07-20T20:48:54.000Z,3600,,,,,,Default/Fallback [July 2025] [25% one time / No entry modal],,07-20-2026,,07-21-2026,07-20-2026,07-20-2026,07-20-2026,,07-20-2026,07-20-2027
Wg7LJPv_83999bb0fe560ba3,Azym3aVQ2FdqH27x0,,Students; fallback,,,[name],[name],,I only needed SuperSummary for a short time,i_have_too_much_product_1528073051,Project ended or taking a break,project_stop,,Needs (SaaS),needs,2,,,u_c6b0248179b683a5,,,,0,,,Canceled,2026-07-21T19:25:59.000Z,2026-07-21T19:26:23.000Z,2026-07-21T19:26:23.000Z,,27.02,2026-07-21T19:26:23.000Z,cancel,Valid Cancel,annual,2027-07-21T18:53:57.000Z,2027-07-21T18:53:57.000Z,3.0,3.0,36.0,Brightback,,,,,,,Azym3aVQ2FdqH27x0,2026-07-21T18:53:56.000Z,,2026-07-21T18:53:57.000Z,,h_67212bfa7558ddc4,,1,2026-07-21T18:53:57.000Z,USD,u_c6b0248179b683a5,ACTIVE,h_dd5314b127387dee,[name],,,,2026-07-21T18:53:57.000Z,student,,1,annual_essentials,2026-07-21T18:53:57.000Z,_UNKNOWN,3600,YEAR,,,Postgrad Program,[name],2027-07-21T18:53:57.000Z,,300,,2027-07-21T18:53:57.000Z,2026-07-21T18:53:57.000Z,3600,,,,,,Student Experience [July 2025] [25% one-time / No Entry Modal],,07-21-2026,,07-21-2026,07-21-2026,07-21-2026,07-21-2026,,07-21-2026,07-21-2027
Wg7LJED_bb38fa2b225ad81a,1694238,,fallback,,,[name],[name],[name],I only needed SuperSummary for a short time,i_have_too_much_product_1528073051,Project ended or taking a break,project_stop,,Needs (SaaS),needs,5,,,u_de47039d0b8686f8,,,,0,16.65,,Canceled,2026-07-21T19:14:30.000Z,2026-07-21T19:15:58.000Z,2026-07-21T19:15:58.000Z,,27.03,2026-07-21T19:15:58.000Z,cancel,Valid Cancel,monthly,2026-08-10T19:28:50.000Z,2026-08-10T19:28:50.000Z,16.65,16.65,16.65,Brightback,,,,,,,1694238,2026-07-10T19:28:49.000Z,,2026-07-10T19:28:50.000Z,,h_74b9ee1229750558,,1,2026-07-10T19:28:50.000Z,USD,u_de47039d0b8686f8,ACTIVE,h_d3531fe57c547553,[name],16.65,monthly_plus,,2026-07-10T19:28:50.000Z,other,,1,monthly_plus,2026-07-10T19:28:50.000Z,_UNKNOWN,1665,MONTH,monthly_plus,,,[name],2026-08-10T19:28:50.000Z,,1665,,2026-08-10T19:28:50.000Z,2026-07-10T19:28:50.000Z,1665,[name],,https://www.supersummary.com/subscription,https://www.supersummary.com/subscription/confirming/cancel,,Default/Fallback [July 2025] [25% one time / No entry modal],,07-10-2026,,07-21-2026,07-10-2026,07-10-2026,07-10-2026,,07-10-2026,08-10-2026
Wg7LITZ_975aeb08a59f54bf,AzqQgDVQ0lICr1DJQ,,Book Club Members; fallback,,,[name],[name],,I only needed SuperSummary for a short time,i_have_too_much_product_1528073051,Project ended or taking a break,project_stop,,Needs (SaaS),needs,7,,,u_e9aedd347b4a8cf9,,,,0,,,Canceled,2026-07-21T18:29:38.000Z,2026-07-21T18:30:04.000Z,2026-07-22T01:22:12.000Z,,27.06,2026-07-22T01:22:12.000Z,cancel,Valid Cancel,monthly,2026-08-21T12:47:08.000Z,2026-08-21T12:47:08.000Z,9.95,9.95,9.95,Brightback,,,,,,,AzqQgDVQ0lICr1DJQ,2026-07-21T12:47:05.000Z,,2026-07-21T12:47:08.000Z,,h_0565556dfd954eda,,1,2026-07-21T12:47:08.000Z,USD,u_e9aedd347b4a8cf9,ACTIVE,h_7c3a090085f02d07,[name],,,,2026-07-21T12:47:08.000Z,book_club_member,,1,monthly_essentials,2026-07-21T12:47:08.000Z,_UNKNOWN,995,MONTH,,,,[name],2026-08-21T12:47:08.000Z,,995,,2026-08-21T12:47:08.000Z,2026-07-21T12:47:08.000Z,995,,,,,,BCM Experience [July 2025] [25% one-time / No Entry Modal],,07-21-2026,,07-21-2026,07-21-2026,07-21-2026,07-21-2026,,07-21-2026,08-21-2026
Wg7LIQh_b155dba1ca707fba,656110,,Students; fallback,,,[name],[name],[name],I only needed SuperSummary for a short time,i_have_too_much_product_1528073051,Project ended or taking a break,project_stop,,Needs (SaaS),needs,7,,,u_207e82049b6c139c,,,,0,9.95,,Canceled,2026-07-21T18:27:09.000Z,2026-07-21T18:27:46.000Z,2026-07-21T18:27:46.000Z,,27.06,2026-07-21T18:27:46.000Z,cancel,Valid Cancel,monthly,2026-08-02T16:02:07.000Z,2026-08-02T16:02:07.000Z,9.95,9.95,9.95,Brightback,,,,,,,656110,2024-09-10T04:14:29.000Z,,2026-02-02T16:02:07.000Z,,h_b7c1b801a171b96a,,1,2026-02-02T16:02:07.000Z,USD,u_207e82049b6c139c,ACTIVE,h_8af38d3bb9157085,[name],9.95,monthly_essentials,,2026-07-02T16:02:07.000Z,student,,1,monthly_essentials,2026-02-02T16:02:07.000Z,_UNKNOWN,995,MONTH,monthly_essentials,,College,[name],2026-08-02T16:02:07.000Z,,995,,2026-08-02T16:02:07.000Z,2026-02-02T16:02:07.000Z,995,[name],,https://www.supersummary.com/subscription,https://www.supersummary.com/subscription/confirming/cancel,,Student Experience [July 2025] [25% one-time / No Entry Modal],,02-02-2026,,07-21-2026,02-02-2026,02-02-2026,09-10-2024,,02-02-2026,08-02-2026
Wg7LImh_b1bf18c81dbe0cab,374221,,Students; Annual,,,[name],[name],[name],I only needed SuperSummary for a short time,i_have_too_much_product_1528073051,Project ended or taking a break,project_stop,,Needs (SaaS),needs,3,,,u_56f478982de3f2da,,,,0,36.0,,Canceled,2026-07-21T18:49:03.000Z,2026-07-21T18:49:30.000Z,2026-07-21T18:49:30.000Z,,27.05,2026-07-21T18:50:21.000Z,cancel,Valid Cancel,annual,2027-05-25T03:22:39.000Z,2027-05-25T03:22:39.000Z,3.0,3.0,36.0,Brightback,,,,,,,374221,2023-05-25T03:21:47.000Z,,2023-05-25T03:22:39.000Z,,h_e94b9093210a4d0f,,1,2023-05-25T03:22:39.000Z,USD,u_56f478982de3f2da,ACTIVE,h_3fe9475fb51088ed,[name],36.0,annual,,2026-05-25T03:22:39.000Z,student,,1,annual,2023-05-25T03:22:39.000Z,_UNKNOWN,3600,YEAR,annual,,High School,[name],2027-05-25T03:22:39.000Z,,300,,2027-05-25T03:22:39.000Z,2023-05-25T03:22:39.000Z,3600,[name],,https://www.supersummary.com/subscription,https://www.supersummary.com/subscription/confirming/cancel,,Student Experience [July 2025] [25% one-time / No Entry Modal],,05-25-2023,,07-21-2026,05-25-2023,05-25-2023,05-25-2023,,05-25-2023,05-25-2027
Wg7LHmU_95b4179d2a587daf,Azym3aVQ1xMT81xQF,,Book Club Members; fallback,,,[name],[name],,I only needed SuperSummary for a short time,i_have_too_much_product_1528073051,Project ended or taking a break,project_stop,,Needs (SaaS),needs,5,nothing,,u_414852021f5d208a,,,,0,,,Canceled,2026-07-21T17:48:32.000Z,2026-07-21T17:48:55.000Z,2026-07-21T17:48:56.000Z,,27.09,2026-07-21T17:48:56.000Z,cancel,Valid Cancel,annual,2027-07-21T17:41:20.000Z,2027-07-21T17:41:20.000Z,5.0,5.0,60.0,Brightback,,,,,,,Azym3aVQ1xMT81xQF,2026-07-21T17:41:19.000Z,,2026-07-21T17:41:20.000Z,,h_628c2fa07108e158,,1,2026-07-21T17:41:20.000Z,USD,u_414852021f5d208a,ACTIVE,h_3fa0c2646018be5c,[name],,,,2026-07-21T17:41:20.000Z,book_club_member,,1,annual_plus,2026-07-21T17:41:20.000Z,_UNKNOWN,6000,YEAR,,,,[name],2027-07-21T17:41:20.000Z,,500,,2027-07-21T17:41:20.000Z,2026-07-21T17:41:20.000Z,6000,,,,,,BCM Experience [July 2025] [25% one-time / No Entry Modal],,07-21-2026,,07-21-2026,07-21-2026,07-21-2026,07-21-2026,,07-21-2026,07-21-2027
Wg7LG7a_8c7e7125bc3488ee,228635,,Book Club Members; Annual,,,[name],[name],[name],I only needed SuperSummary for a short time,i_have_too_much_product_1528073051,Project ended or taking a break,project_stop,,Needs (SaaS),needs,1,Nothing,,u_a62e260875df9d4f,Do not know,,,1,36.0,,Canceled,2026-07-21T16:09:21.000Z,2026-07-21T16:11:31.000Z,2026-07-21T16:11:31.000Z,,27.16,2026-07-21T16:11:31.000Z,cancel,Valid Cancel,annual,2027-06-23T20:33:53.000Z,2027-06-23T20:33:53.000Z,3.0,3.0,36.0,Brightback,,,,,,,228635,2022-06-23T20:33:52.000Z,,2022-06-23T20:33:53.000Z,,h_25bb2637e8c91ea7,,1,2022-06-23T20:33:53.000Z,USD,u_a62e260875df9d4f,ACTIVE,h_9d2737c6766008b5,[name],36.0,annual,,2026-06-23T20:33:53.000Z,book_club_member,,1,annual,2022-06-23T20:33:53.000Z,_UNKNOWN,3600,YEAR,annual,,,[name],2027-06-23T20:33:53.000Z,,300,,2027-06-23T20:33:53.000Z,2022-06-23T20:33:53.000Z,3600,[name],,https://www.supersummary.com/subscription,https://www.supersummary.com/subscription/confirming/cancel,,BCM Experience [July 2025] [25% one-time / No Entry Modal],,06-23-2022,,07-21-2026,06-23-2022,06-23-2022,06-23-2022,,06-23-2022,06-23-2027
Wg7LFY1_bc5924d2a34face8,1699445,,Students; fallback,,,[name],[name],[name],I only needed SuperSummary for a short time,i_have_too_much_product_1528073051,Project ended or taking a break,project_stop,,Needs (SaaS),needs,7,lit charts,,u_9b397297727561c1,n/a,,,1,16.65,,Canceled,2026-07-21T15:34:15.000Z,2026-07-21T15:34:48.000Z,2026-07-21T15:34:48.000Z,,27.18,2026-07-21T15:34:48.000Z,cancel,Valid Cancel,monthly,2026-08-17T18:18:52.000Z,2026-08-17T18:18:52.000Z,16.65,16.65,16.65,Brightback,,,,,,,1699445,2026-07-17T18:18:49.000Z,,2026-07-17T18:18:52.000Z,,h_e475a70586c13d23,,1,2026-07-17T18:18:52.000Z,USD,u_9b397297727561c1,ACTIVE,h_988cafd32cefa0e9,[name],16.65,monthly_plus,,2026-07-17T18:18:52.000Z,student,,1,monthly_plus,2026-07-17T18:18:52.000Z,_UNKNOWN,1665,MONTH,monthly_plus,,High School,[name],2026-08-17T18:18:52.000Z,,1665,,2026-08-17T18:18:52.000Z,2026-07-17T18:18:52.000Z,1665,[name],,https://www.supersummary.com/subscription,https://www.supersummary.com/subscription/confirming/cancel,,Student Experience [July 2025] [25% one-time / No Entry Modal],,07-17-2026,,07-21-2026,07-17-2026,07-17-2026,07-17-2026,,07-17-2026,08-17-2026
Wg7LFqU_8700024556023012,169wY0VMqN0Yu31bR,,Book Club Members; fallback,,,[name],[name],,I only needed SuperSummary for a short time,i_have_too_much_product_1528073051,Project ended or taking a break,project_stop,,Needs (SaaS),needs,3,,,u_8075308eb7cddfa3,,,,0,,,Canceled,2026-07-21T15:52:32.000Z,2026-07-21T15:52:53.000Z,2026-07-21T15:52:53.000Z,,27.17,2026-07-21T15:52:53.000Z,cancel,Valid Cancel,monthly,2026-08-17T22:41:18.000Z,2026-08-17T22:41:18.000Z,9.95,9.95,9.95,Brightback,,,,,,,169wY0VMqN0Yu31bR,2026-06-17T22:41:16.000Z,,2026-06-17T22:41:18.000Z,,h_b418a061fdfecd1f,,1,2026-06-17T22:41:18.000Z,USD,u_8075308eb7cddfa3,ACTIVE,h_3048fc326967610d,[name],,,,2026-07-17T22:41:18.000Z,book_club_member,,1,monthly_essentials,2026-06-17T22:41:18.000Z,_UNKNOWN,995,MONTH,,,,[name],2026-08-17T22:41:18.000Z,,995,,2026-08-17T22:41:18.000Z,2026-06-17T22:41:18.000Z,995,,,,,,BCM Experience [July 2025] [25% one-time / No Entry Modal],,06-17-2026,,07-21-2026,06-17-2026,06-17-2026,06-17-2026,,06-17-2026,08-17-2026
Wg7LFO5_a0c9ff9138f0510f,AzqMJOVOiqYqK2OeB,,Book Club Members; fallback,,,[name],[name],,I only needed SuperSummary for a short time,i_have_too_much_product_1528073051,Project ended or taking a break,project_stop,,Needs (SaaS),needs,5,,,u_d2345ede1c72bc7e,,,,0,,,Canceled,2026-07-21T15:24:07.000Z,2026-07-21T15:24:41.000Z,2026-07-21T15:24:42.000Z,,27.19,2026-07-21T15:24:42.000Z,cancel,Valid Cancel,monthly,2026-08-07T20:46:16.000Z,2026-08-07T20:46:16.000Z,9.95,9.95,9.95,Brightback,,,,,,,AzqMJOVOiqYqK2OeB,2026-07-07T20:46:15.000Z,,2026-07-07T20:46:16.000Z,,h_ecdb9a77eb8d50cb,,1,2026-07-07T20:46:16.000Z,USD,u_d2345ede1c72bc7e,ACTIVE,h_cecddb02f827b975,[name],,,,2026-07-07T20:46:16.000Z,book_club_member,,1,monthly_essentials,2026-07-07T20:46:16.000Z,_UNKNOWN,995,MONTH,,,,[name],2026-08-07T20:46:16.000Z,,995,,2026-08-07T20:46:16.000Z,2026-07-07T20:46:16.000Z,995,,,,,,BCM Experience [July 2025] [25% one-time / No Entry Modal],,07-07-2026,,07-21-2026,07-07-2026,07-07-2026,07-07-2026,,07-07-2026,08-07-2026
Wg7LEjX_b5d0e377ed27038e,271569,,Teachers; Annual,,,[name],[name],[name],I only needed SuperSummary for a short time,i_have_too_much_product_1528073051,Project ended or taking a break,project_stop,,Needs (SaaS),needs,5,,,u_8a79b7b24adda785,,,,0,36.0,,Canceled,2026-07-21T14:45:48.000Z,2026-07-21T14:46:27.000Z,2026-07-21T14:46:28.000Z,,27.21,2026-07-21T14:46:28.000Z,cancel,Valid Cancel,annual,2027-05-05T01:19:43.000Z,2027-05-05T01:19:43.000Z,3.0,3.0,36.0,Brightback,,,,,,,271569,2024-05-05T01:19:41.000Z,,2024-05-05T01:19:43.000Z,,h_8ee1334fa91dcef8,,1,2024-05-05T01:19:43.000Z,USD,u_8a79b7b24adda785,ACTIVE,h_8b1bb88f2607a024,[name],36.0,annual,,2026-05-05T01:19:43.000Z,teacher,,1,annual,2024-05-05T01:19:43.000Z,_UNKNOWN,3600,YEAR,annual,,College,[name],2027-05-05T01:19:43.000Z,,300,,2027-05-05T01:19:43.000Z,2024-05-05T01:19:43.000Z,3600,[name],,https://www.supersummary.com/subscription,https://www.supersummary.com/subscription/confirming/cancel,,Teacher Experience [July 2025] [40% one-time / Modal],,05-05-2024,,07-21-2026,05-05-2024,05-05-2024,05-05-2024,,05-05-2024,05-05-2027
Wg7LDXD_83fedf74e38913ff,AzZqeiUHycp03QVvH,,Students; Annual,,,[name],[name],,I only needed SuperSummary for a short time,i_have_too_much_product_1528073051,Project ended or taking a break,project_stop,,Needs (SaaS),needs,1,,,u_155c42e2cc6f1344,,,,0,,,Canceled,2026-07-21T13:33:15.000Z,2026-07-21T13:33:43.000Z,2026-07-21T13:33:43.000Z,,27.27,2026-07-21T13:33:43.000Z,cancel,Valid Cancel,annual,2027-07-08T22:19:18.000Z,2027-07-08T22:19:18.000Z,3.0,3.0,36.0,Brightback,,,,,,,AzZqeiUHycp03QVvH,2024-07-08T22:19:14.000Z,,2024-07-08T22:19:18.000Z,,h_b8f25c8729220183,,1,2024-07-08T22:19:18.000Z,USD,u_155c42e2cc6f1344,ACTIVE,h_2f5c7450638c1860,[name],,,,2026-07-08T22:19:18.000Z,student,,1,annual,2024-07-08T22:19:18.000Z,_UNKNOWN,3600,YEAR,,,Postgrad Program,[name],2027-07-08T22:19:18.000Z,,300,,2027-07-08T22:19:18.000Z,2024-07-08T22:19:18.000Z,3600,,,,,,Student Experience [July 2025] [25% one-time / No Entry Modal],,07-08-2024,,07-21-2026,07-08-2024,07-08-2024,07-08-2024,,07-08-2024,07-08-2027
Wg7LDeA_bbc9579ac6b96101,1702230,,Book Club Members; fallback,,,[name],[name],[name],I only needed SuperSummary for a short time,i_have_too_much_product_1528073051,Project ended or taking a break,project_stop,,Needs (SaaS),needs,4,,,u_c7f887af6a2ff6e2,,,,0,36.0,,Canceled,2026-07-21T13:40:14.000Z,2026-07-21T13:40:51.000Z,2026-07-21T13:40:52.000Z,,27.26,2026-07-21T13:40:52.000Z,cancel,Valid Cancel,annual,2027-07-21T12:54:12.000Z,2027-07-21T12:54:12.000Z,3.0,3.0,36.0,Brightback,,,,,,,1702230,2026-07-21T12:54:10.000Z,,2026-07-21T12:54:12.000Z,,h_4b9aca8034705fec,,1,2026-07-21T12:54:12.000Z,USD,u_c7f887af6a2ff6e2,ACTIVE,h_b639753dd9f18969,[name],36.0,annual_essentials,,2026-07-21T12:54:12.000Z,book_club_member,,1,annual_essentials,2026-07-21T12:54:12.000Z,_UNKNOWN,3600,YEAR,annual_essentials,,,[name],2027-07-21T12:54:12.000Z,,300,,2027-07-21T12:54:12.000Z,2026-07-21T12:54:12.000Z,3600,[name],,https://www.supersummary.com/subscription,https://www.supersummary.com/subscription/confirming/cancel,,BCM Experience [July 2025] [25% one-time / No Entry Modal],,07-21-2026,,07-21-2026,07-21-2026,07-21-2026,07-21-2026,,07-21-2026,07-21-2027
Wg7LCXm_bd5c834f5587d104,1260544,,Book Club Members; Annual,,,[name],[name],[name],I only needed SuperSummary for a short time,i_have_too_much_product_1528073051,Project ended or taking a break,project_stop,,Needs (SaaS),needs,1,,,u_111c6de1801796a4,,,,0,36.0,,Canceled,2026-07-21T12:34:05.000Z,2026-07-21T12:35:05.000Z,2026-07-21T12:35:05.000Z,,27.31,2026-07-21T12:35:05.000Z,cancel,Valid Cancel,annual,2027-07-15T13:41:20.000Z,2027-07-15T13:41:20.000Z,3.0,3.0,36.0,Brightback,,,,,,,1260544,2025-07-15T13:41:17.000Z,,2025-07-15T13:41:20.000Z,,h_f44df342b4a60b92,,1,2025-07-15T13:41:20.000Z,USD,u_111c6de1801796a4,ACTIVE,h_efad52c46f471f77,[name],36.0,annual,,2026-07-15T13:41:20.000Z,book_club_member,,1,annual,2025-07-15T13:41:20.000Z,_UNKNOWN,3600,YEAR,annual,,,[name],2027-07-15T13:41:20.000Z,,300,,2027-07-15T13:41:20.000Z,2025-07-15T13:41:20.000Z,3600,[name],,https://www.supersummary.com/subscription,https://www.supersummary.com/subscription/confirming/cancel,,BCM Experience [July 2025] [25% one-time / No Entry Modal],,07-15-2025,,07-21-2026,07-15-2025,07-15-2025,07-15-2025,,07-15-2025,07-15-2027
Wg7LCvO_b9737e3508d34f5e,1691468,,Students; fallback,,,[name],[name],[name],I only needed SuperSummary for a short time,i_have_too_much_product_1528073051,Project ended or taking a break,project_stop,,Needs (SaaS),needs,9,,,u_2063d19a7602ec6f,,,,0,16.65,,Canceled,2026-07-21T12:57:31.000Z,2026-07-21T12:58:37.000Z,2026-07-21T12:58:37.000Z,,27.29,2026-07-21T12:58:37.000Z,cancel,Valid Cancel,monthly,2026-08-07T05:47:48.000Z,2026-08-07T05:47:48.000Z,16.65,16.65,16.65,Brightback,,,,,,,1691468,2026-07-07T05:47:45.000Z,,2026-07-07T05:47:48.000Z,,h_51cdc966a802154f,,1,2026-07-07T05:47:48.000Z,USD,u_2063d19a7602ec6f,ACTIVE,h_710739b0f8f51438,[name],16.65,monthly_plus,,2026-07-07T05:47:48.000Z,student,,1,monthly_plus,2026-07-07T05:47:48.000Z,_UNKNOWN,1665,MONTH,monthly_plus,,High School,[name],2026-08-07T05:47:48.000Z,,1665,,2026-08-07T05:47:48.000Z,2026-07-07T05:47:48.000Z,1665,[name],,https://www.supersummary.com/subscription,https://www.supersummary.com/subscription/confirming/cancel,,Student Experience [July 2025] [25% one-time / No Entry Modal],,07-07-2026,,07-21-2026,07-07-2026,07-07-2026,07-07-2026,,07-07-2026,08-07-2026
Wg7LChE_8e902d107ea6dd42,6omEyVQ0jzyK1CW6,,Book Club Members; fallback,,,[name],[name],,I only needed SuperSummary for a short time,i_have_too_much_product_1528073051,Project ended or taking a break,project_stop,,Needs (SaaS),needs,6,,,u_42b6f04307c6bc2b,,,,0,,,Canceled,2026-07-21T12:43:18.000Z,2026-07-21T12:43:36.000Z,2026-07-21T12:43:36.000Z,,27.3,2026-07-21T12:43:36.000Z,cancel,Valid Cancel,annual,2027-07-21T12:41:59.000Z,2027-07-21T12:41:59.000Z,3.0,3.0,36.0,Brightback,,,,,,,6omEyVQ0jzyK1CW6,2026-07-21T12:41:57.000Z,,2026-07-21T12:41:59.000Z,,h_bc8318b70424f710,,1,2026-07-21T12:41:59.000Z,USD,u_42b6f04307c6bc2b,ACTIVE,h_29d55453808a3793,[name],,,,2026-07-21T12:41:59.000Z,book_club_member,,1,annual_essentials,2026-07-21T12:41:59.000Z,_UNKNOWN,3600,YEAR,,,,[name],2027-07-21T12:41:59.000Z,,300,,2027-07-21T12:41:59.000Z,2026-07-21T12:41:59.000Z,3600,,,,,,BCM Experience [July 2025] [25% one-time / No Entry Modal],,07-21-2026,,07-21-2026,07-21-2026,07-21-2026,07-21-2026,,07-21-2026,07-21-2027
Wg7LCCP_8f4a26b2882216f0,614943,,fallback,,,[name],[name],[name],I only needed SuperSummary for a short time,i_have_too_much_product_1528073051,Project ended or taking a break,project_stop,n/a,Needs (SaaS),needs,3,,,u_9241fb1e824fc161,,,,0,36.0,,Canceled,2026-07-21T12:13:09.000Z,2026-07-21T12:14:15.000Z,2026-07-21T12:14:15.000Z,,27.32,2026-07-21T12:14:15.000Z,cancel,Valid Cancel,annual,2026-07-23T17:39:40.000Z,2026-07-23T17:39:40.000Z,3.0,3.0,36.0,Brightback,,,,,,,614943,2024-07-23T17:39:38.000Z,,2024-07-23T17:39:40.000Z,,h_af1462da4f7eef41,,1,2024-07-23T17:39:40.000Z,USD,u_9241fb1e824fc161,ACTIVE,h_d26508f9408de76d,[name],36.0,annual,,2025-07-23T17:39:40.000Z,librarian,,1,annual,2024-07-23T17:39:40.000Z,_UNKNOWN,3600,YEAR,annual,,,[name],2026-07-23T17:39:40.000Z,,300,,2026-07-23T17:39:40.000Z,2024-07-23T17:39:40.000Z,3600,[name],,https://www.supersummary.com/subscription,https://www.supersummary.com/subscription/confirming/cancel,,Default/Fallback [July 2025] [25% one time / No entry modal],,07-23-2024,,07-21-2026,07-23-2024,07-23-2024,07-23-2024,,07-23-2024,07-23-2026
Wg7L5OJ_923f76c8b6f387cd,AzqboFVMdFJ2a1euc,,Students; fallback,,,[name],[name],,I only needed SuperSummary for a short time,i_have_too_much_product_1528073051,Project ended or taking a break,project_stop,,Needs (SaaS),needs,9,,,u_caa6f914ae5d844d,,,,0,,,Canceled,2026-07-21T05:24:21.000Z,2026-07-21T05:24:45.000Z,2026-07-21T05:24:45.000Z,,27.6,2026-07-21T05:24:45.000Z,cancel,Valid Cancel,monthly,2026-08-15T16:49:10.000Z,2026-08-15T16:49:10.000Z,16.65,16.65,16.65,Brightback,,,,,,,AzqboFVMdFJ2a1euc,2026-06-15T16:46:51.000Z,,2026-06-15T16:49:10.000Z,,h_cb43141f77d692f8,,1,2026-06-15T16:49:10.000Z,USD,u_caa6f914ae5d844d,ACTIVE,h_2e030c79755d98f8,[name],,,,2026-07-15T16:49:10.000Z,student,,1,monthly_plus,2026-06-15T16:49:10.000Z,_UNKNOWN,1665,MONTH,,,High School,[name],2026-08-15T16:49:10.000Z,,1665,,2026-08-15T16:49:10.000Z,2026-06-15T16:49:10.000Z,1665,,,,,,Student Experience [July 2025] [25% one-time / No Entry Modal],,06-15-2026,,07-21-2026,06-15-2026,06-15-2026,06-15-2026,,06-15-2026,08-15-2026
Wg7L5Ij_a94c9a2cca77cb79,AzyeFsVN6ubw44F6T,,Students; fallback,,,[name],[name],,I only needed SuperSummary for a short time,i_have_too_much_product_1528073051,Project ended or taking a break,project_stop,,Needs (SaaS),needs,7,,,u_355c1c418583890b,,,,0,,,Canceled,2026-07-21T05:18:48.000Z,2026-07-21T05:19:04.000Z,2026-07-21T05:19:05.000Z,,27.61,2026-07-21T05:19:05.000Z,cancel,Valid Cancel,monthly,2026-08-20T18:35:08.000Z,2026-08-20T18:35:08.000Z,16.65,16.65,16.65,Brightback,,,,,,,AzyeFsVN6ubw44F6T,2026-06-20T18:35:05.000Z,,2026-06-20T18:35:08.000Z,,h_406c27f4a99716d6,,1,2026-06-20T18:35:08.000Z,USD,u_355c1c418583890b,ACTIVE,h_36ac4a51d08c9f2b,[name],,,,2026-07-20T18:35:08.000Z,student,,1,monthly_plus,2026-06-20T18:35:08.000Z,_UNKNOWN,1665,MONTH,,,Postgrad Program,[name],2026-08-20T18:35:08.000Z,,1665,,2026-08-20T18:35:08.000Z,2026-06-20T18:35:08.000Z,1665,,,,,,Student Experience [July 2025] [25% one-time / No Entry Modal],,06-20-2026,,07-21-2026,06-20-2026,06-20-2026,06-20-2026,,06-20-2026,08-20-2026
Wg7L3eH_bab840d763bb9fc2,1042424,,Book Club Members; fallback,,,[name],[name],[name],I only needed SuperSummary for a short time,i_have_too_much_product_1528073051,Project ended or taking a break,project_stop,,Needs (SaaS),needs,8,,,u_8dc401d2cfc78274,,,,0,9.95,,Canceled,2026-07-21T03:40:21.000Z,2026-07-21T03:40:54.000Z,2026-07-21T03:40:59.000Z,,27.68,2026-07-21T03:40:59.000Z,cancel,Valid Cancel,monthly,2026-08-21T01:52:11.000Z,2026-08-21T01:52:11.000Z,9.95,9.95,9.95,Brightback,,,,,,,1042424,2026-07-21T01:52:08.000Z,,2026-07-21T01:52:11.000Z,,h_7aaa89fa337b7231,,1,2026-07-21T01:52:11.000Z,USD,u_8dc401d2cfc78274,ACTIVE,h_bef40da5bd2c8acd,[name],9.95,monthly_essentials,,2026-07-21T01:52:11.000Z,book_club_member,,1,monthly_essentials,2026-07-21T01:52:11.000Z,_UNKNOWN,995,MONTH,monthly_essentials,,,[name],2026-08-21T01:52:11.000Z,,995,,2026-08-21T01:52:11.000Z,2026-07-21T01:52:11.000Z,995,[name],,https://www.supersummary.com/subscription,https://www.supersummary.com/subscription/confirming/cancel,,BCM Experience [July 2025] [25% one-time / No Entry Modal],,07-21-2026,,07-21-2026,07-21-2026,07-21-2026,07-21-2026,,07-21-2026,08-21-2026
Wg7L39k_ae8a9d98fd412493,6oqUaVPs1LjT7CYJ,,Parents; fallback,,,[name],[name],,I only needed SuperSummary for a short time,i_have_too_much_product_1528073051,Project ended or taking a break,project_stop,,Needs (SaaS),needs,9,,,u_c33eafa21a9927eb,,,,0,,,Canceled,2026-07-21T03:09:51.000Z,2026-07-21T03:10:12.000Z,2026-07-21T03:10:13.000Z,,27.7,2026-07-21T03:10:13.000Z,cancel,Valid Cancel,monthly,2026-08-20T00:54:27.000Z,2026-08-20T00:54:27.000Z,16.65,16.65,16.65,Brightback,,,,,,,6oqUaVPs1LjT7CYJ,2026-07-20T00:54:26.000Z,,2026-07-20T00:54:27.000Z,,h_1ce6d2d0429286c7,,1,2026-07-20T00:54:27.000Z,USD,u_c33eafa21a9927eb,ACTIVE,h_702f8cbc9c9e1ee7,[name],,,,2026-07-20T00:54:27.000Z,parent_of_student,,1,monthly_plus,2026-07-20T00:54:27.000Z,_UNKNOWN,1665,MONTH,,,Middle School,[name],2026-08-20T00:54:27.000Z,,1665,,2026-08-20T00:54:27.000Z,2026-07-20T00:54:27.000Z,1665,,,,,,Parent Experience [July 2025] [25% one-time / No Entry Modal],,07-20-2026,,07-21-2026,07-20-2026,07-20-2026,07-20-2026,,07-20-2026,08-20-2026
Wg7L1jj_abac0ccc19a70b2f,Azz5gcVPl8ukq4aLm,,Book Club Members; fallback,,,[name],[name],,I only needed SuperSummary for a short time,i_have_too_much_product_1528073051,Project ended or taking a break,project_stop,,Needs (SaaS),needs,10,,,u_3cdf059b5b801273,,,,0,,,Canceled,2026-07-21T01:45:47.000Z,2026-07-21T01:46:18.000Z,2026-07-21T01:46:18.000Z,,27.76,2026-07-21T01:46:18.000Z,cancel,Valid Cancel,annual,2027-07-18T20:40:36.000Z,2027-07-18T20:40:36.000Z,3.0,3.0,36.0,Brightback,,,,,,,Azz5gcVPl8ukq4aLm,2024-04-24T09:27:05.000Z,,2026-07-18T20:40:36.000Z,,h_6f82762fae566e19,,1,2026-07-18T20:40:36.000Z,USD,u_3cdf059b5b801273,ACTIVE,h_f147ffd1d2d5bfd3,[name],,,,2026-07-18T20:40:36.000Z,book_club_member,,1,annual_essentials,2026-07-18T20:40:36.000Z,_UNKNOWN,3600,YEAR,,,,[name],2027-07-18T20:40:36.000Z,,300,,2027-07-18T20:40:36.000Z,2026-07-18T20:40:36.000Z,3600,,,,,,BCM Experience [July 2025] [25% one-time / No Entry Modal],,07-18-2026,,07-21-2026,07-18-2026,07-18-2026,04-24-2024,,07-18-2026,07-18-2027
Wg7L1gw_86eb778e3a577d5b,16A00eVAmKHmh3ZSy,,Students; fallback,,,[name],[name],,I only needed SuperSummary for a short time,i_have_too_much_product_1528073051,Project ended or taking a break,project_stop,,Needs (SaaS),needs,5,,,u_dc1c916cbc9c1829,,,,0,,,Canceled,2026-07-21T01:43:00.000Z,2026-07-21T01:43:28.000Z,2026-07-21T01:43:28.000Z,,27.76,2026-07-21T01:43:28.000Z,cancel,Valid Cancel,monthly,2026-08-10T00:18:50.000Z,2026-08-10T00:18:50.000Z,9.95,9.95,9.95,Brightback,,,,,,,16A00eVAmKHmh3ZSy,2022-05-07T15:09:04.000Z,,2026-02-10T00:18:50.000Z,,h_a458b6a7a7280b1b,,1,2026-02-10T00:18:50.000Z,USD,u_dc1c916cbc9c1829,ACTIVE,h_4125364eb9f973a3,[name],,,,2026-07-10T00:18:50.000Z,student,,1,monthly_essentials,2026-02-10T00:18:50.000Z,_UNKNOWN,995,MONTH,,,College,[name],2026-08-10T00:18:50.000Z,,995,,2026-08-10T00:18:50.000Z,2026-02-10T00:18:50.000Z,995,,,,,,Student Experience [July 2025] [25% one-time / No Entry Modal],,02-10-2026,,07-21-2026,02-10-2026,02-10-2026,05-07-2022,,02-10-2026,08-10-2026
Wg7L0D0_b09be86c2f4f5099,16BZVlVPwuxCQ2YUo,,Book Club Members; fallback,,,[name],[name],,I only needed SuperSummary for a short time,i_have_too_much_product_1528073051,Project ended or taking a break,project_stop,,Needs (SaaS),needs,5,Nothing ,,u_efa7d266b90126ae,Nothjng,,,1,,,Canceled,2026-07-21T00:13:03.000Z,2026-07-21T00:13:43.000Z,2026-07-21T00:13:43.000Z,,27.82,2026-07-21T00:13:43.000Z,cancel,Valid Cancel,monthly,2026-08-20T21:00:25.000Z,2026-08-20T21:00:25.000Z,16.65,16.65,16.65,Brightback,,,,,,,16BZVlVPwuxCQ2YUo,2026-07-20T21:00:23.000Z,,2026-07-20T21:00:25.000Z,,h_f17806d0a9bc78a7,,1,2026-07-20T21:00:25.000Z,USD,u_efa7d266b90126ae,ACTIVE,h_7dd40c34e4ec6e9f,[name],,,,2026-07-20T21:00:25.000Z,book_club_member,,1,monthly_plus,2026-07-20T21:00:25.000Z,_UNKNOWN,1665,MONTH,,,,[name],2026-08-20T21:00:25.000Z,,1665,,2026-08-20T21:00:25.000Z,2026-07-20T21:00:25.000Z,1665,,,,,,BCM Experience [July 2025] [25% one-time / No Entry Modal],,07-20-2026,,07-21-2026,07-20-2026,07-20-2026,07-20-2026,,07-20-2026,08-20-2026
Wg7L0ah_99e1c57f8bbb77df,1701922,,Students; fallback,,,[name],[name],[name],I only needed SuperSummary for a short time,i_have_too_much_product_1528073051,Project ended or taking a break,project_stop,,Needs (SaaS),needs,4,,,u_178f04fe4552a571,,,,0,60.0,,Canceled,2026-07-21T00:36:45.000Z,2026-07-21T00:36:58.000Z,2026-07-21T00:36:58.000Z,,27.8,2026-07-21T00:36:58.000Z,cancel,Valid Cancel,annual,2027-07-21T00:32:51.000Z,2027-07-21T00:32:51.000Z,5.0,5.0,60.0,Brightback,,,,,,,1701922,2026-07-21T00:32:50.000Z,,2026-07-21T00:32:51.000Z,,h_31c174026ade7ccf,,1,2026-07-21T00:32:51.000Z,USD,u_178f04fe4552a571,ACTIVE,h_c753dbc618851eea,[name],60.0,annual_plus,,2026-07-21T00:32:51.000Z,student,,1,annual_plus,2026-07-21T00:32:51.000Z,_UNKNOWN,6000,YEAR,annual_plus,,College,[name],2027-07-21T00:32:51.000Z,,500,,2027-07-21T00:32:51.000Z,2026-07-21T00:32:51.000Z,6000,[name],,https://www.supersummary.com/subscription,https://www.supersummary.com/subscription/confirming/cancel,,Student Experience [July 2025] [25% one-time / No Entry Modal],,07-21-2026,,07-21-2026,07-21-2026,07-21-2026,07-21-2026,,07-21-2026,07-21-2027
Wg7L08l_ac196b8f4a583eb9,Azyc30VPxf0ew2jN2,,Book Club Members; fallback,,,[name],[name],,I only needed SuperSummary for a short time,i_have_too_much_product_1528073051,Project ended or taking a break,project_stop,,Needs (SaaS),needs,6,Nothing- i will read,,u_bba584131cc528ae,Nothing,,,1,,,Canceled,2026-07-21T00:08:49.000Z,2026-07-21T00:09:50.000Z,2026-07-21T00:09:51.000Z,,27.82,2026-07-21T00:09:51.000Z,cancel,Valid Cancel,annual,2027-07-21T00:03:21.000Z,2027-07-21T00:03:21.000Z,3.0,3.0,36.0,Brightback,,,,,,,Azyc30VPxf0ew2jN2,2026-07-21T00:03:19.000Z,,2026-07-21T00:03:21.000Z,,h_d648ce9ce7d305b1,,1,2026-07-21T00:03:21.000Z,USD,u_bba584131cc528ae,ACTIVE,h_bcd18ae80be7ed7c,[name],,,,2026-07-21T00:03:21.000Z,book_club_member,,1,annual_essentials,2026-07-21T00:03:21.000Z,_UNKNOWN,3600,YEAR,,,,[name],2027-07-21T00:03:21.000Z,,300,,2027-07-21T00:03:21.000Z,2026-07-21T00:03:21.000Z,3600,,,,,,BCM Experience [July 2025] [25% one-time / No Entry Modal],,07-21-2026,,07-21-2026,07-21-2026,07-21-2026,07-21-2026,,07-21-2026,07-21-2027
Wg7L068_b69d947283e4b9e9,AzqgT2VPxauMp2hXW,,Book Club Members; fallback,,,[name],[name],,I only needed SuperSummary for a short time,i_have_too_much_product_1528073051,Project ended or taking a break,project_stop,,Needs (SaaS),needs,5,,,u_0a1cc89e442b8fc0,,,,0,,,Canceled,2026-07-21T00:06:11.000Z,2026-07-21T00:06:43.000Z,2026-07-21T00:06:55.000Z,,27.83,2026-07-21T00:06:55.000Z,cancel,Valid Cancel,annual,2027-07-20T23:47:04.000Z,2027-07-20T23:47:04.000Z,3.0,3.0,36.0,Brightback,,,,,,,AzqgT2VPxauMp2hXW,2026-07-20T23:47:03.000Z,,2026-07-20T23:47:04.000Z,,h_522ef6aead678a37,,1,2026-07-20T23:47:04.000Z,USD,u_0a1cc89e442b8fc0,ACTIVE,h_afbf8c026289a2c1,[name],,,,2026-07-20T23:47:04.000Z,book_club_member,,1,annual_essentials,2026-07-20T23:47:04.000Z,_UNKNOWN,3600,YEAR,,,,[name],2027-07-20T23:47:04.000Z,,300,,2027-07-20T23:47:04.000Z,2026-07-20T23:47:04.000Z,3600,,,,,,BCM Experience [July 2025] [25% one-time / No Entry Modal],,07-20-2026,,07-21-2026,07-20-2026,07-20-2026,07-20-2026,,07-20-2026,07-20-2027
Wg7KMWd_9f4d2a8cc0e665c3,1462275,,Teachers; fallback,,,[name],[name],[name],I only needed SuperSummary for a short time,i_have_too_much_product_1528073051,Project ended or taking a break,project_stop,,Needs (SaaS),needs,10,,,u_894250ca7c8f2dfb,,,,0,16.65,,Canceled,2026-07-20T22:32:50.000Z,2026-07-20T22:33:17.000Z,2026-07-20T22:33:17.000Z,,27.89,2026-07-20T22:33:17.000Z,cancel,Valid Cancel,monthly,2026-08-17T21:02:05.000Z,2026-08-17T21:02:05.000Z,16.65,16.65,16.65,Brightback,,,,,,,1462275,2026-01-07T00:14:06.000Z,,2026-05-17T21:02:05.000Z,,h_44000eeb64ba5553,,1,2026-05-17T21:02:05.000Z,USD,u_894250ca7c8f2dfb,ACTIVE,h_ff3a9d3e8b6739d7,[name],16.65,monthly_plus,,2026-07-17T21:02:05.000Z,teacher,,1,monthly_plus,2026-05-17T21:02:05.000Z,_UNKNOWN,1665,MONTH,monthly_plus,,Middle School,[name],2026-08-17T21:02:05.000Z,,1665,,2026-08-17T21:02:05.000Z,2026-05-17T21:02:05.000Z,1665,[name],,https://www.supersummary.com/subscription,https://www.supersummary.com/subscription/confirming/cancel,,Teacher Experience [July 2025] [40% one-time / Modal],,05-17-2026,,07-20-2026,05-17-2026,05-17-2026,01-07-2026,,05-17-2026,08-17-2026
Wg7KLRn_9de0ace674371797,113893,,Book Club Members; fallback,,,[name],[name],[name],I only needed SuperSummary for a short time,i_have_too_much_product_1528073051,Project ended or taking a break,project_stop,,Needs (SaaS),needs,10,,,u_1ad0cecd3bb763da,,,,0,16.65,,Canceled,2026-07-20T21:27:52.000Z,2026-07-20T21:28:17.000Z,2026-07-20T21:28:18.000Z,,27.94,2026-07-20T21:28:18.000Z,cancel,Valid Cancel,monthly,2026-07-24T22:04:51.000Z,2026-07-24T22:04:51.000Z,12.49,12.49,16.65,Brightback,,,,,,,113893,2026-06-24T22:04:49.000Z,,2026-06-24T22:04:51.000Z,,h_c635984590d160b9,,1,2026-06-24T22:04:51.000Z,USD,u_1ad0cecd3bb763da,ACTIVE,h_a8a8bbbc69d9068f,[name],16.65,monthly_plus,,2026-06-24T22:04:51.000Z,book_club_member,,1,monthly_plus,2026-06-24T22:04:51.000Z,_UNKNOWN,1665,MONTH,monthly_plus,nmTKUhkQCvq,,[name],2026-07-24T22:04:51.000Z,,1249,,2026-07-24T22:04:51.000Z,2026-06-24T22:04:51.000Z,1665,[name],,https://www.supersummary.com/subscription,https://www.supersummary.com/subscription/confirming/cancel,,BCM Experience [July 2025] [25% one-time / No Entry Modal],,06-24-2026,,07-20-2026,06-24-2026,06-24-2026,06-24-2026,,06-24-2026,07-24-2026
Wg7KKEj_b8fa442a4d1f21bb,1522899,,Students; fallback,,,[name],[name],[name],I only needed SuperSummary for a short time,i_have_too_much_product_1528073051,Project ended or taking a break,project_stop,,Needs (SaaS),needs,7,,,u_b1054f522de63340,,,,0,9.95,,Canceled,2026-07-20T20:14:52.000Z,2026-07-20T20:15:17.000Z,2026-07-20T20:15:17.000Z,,27.99,2026-07-20T20:15:17.000Z,cancel,Valid Cancel,monthly,2026-08-19T02:27:43.000Z,2026-08-19T02:27:43.000Z,9.95,9.95,9.95,Brightback,,,,,,,1522899,2026-02-19T02:26:39.000Z,,2026-02-19T02:27:43.000Z,,h_08c7e4d2476ed1ae,,1,2026-02-19T02:27:43.000Z,USD,u_b1054f522de63340,ACTIVE,h_82b84602b1fa2254,[name],9.95,monthly_essentials,,2026-07-19T02:27:43.000Z,student,,1,monthly_essentials,2026-02-19T02:27:43.000Z,_UNKNOWN,995,MONTH,monthly_essentials,,College,[name],2026-08-19T02:27:43.000Z,,995,,2026-08-19T02:27:43.000Z,2026-02-19T02:27:43.000Z,995,[name],,https://www.supersummary.com/subscription,https://www.supersummary.com/subscription/confirming/cancel,,Student Experience [July 2025] [25% one-time / No Entry Modal],,02-19-2026,,07-20-2026,02-19-2026,02-19-2026,02-19-2026,,02-19-2026,08-19-2026
Wg7KK0b_96e074368cf4bba0,AzqF9zVKNUFiP1xMD,,fallback,,,[name],[name],,I only needed SuperSummary for a short time,i_have_too_much_product_1528073051,Project ended or taking a break,project_stop,,Needs (SaaS),needs,10,,,u_d3aca7e7c11e42b7,,,,0,,,Canceled,2026-07-20T20:01:29.000Z,2026-07-20T20:02:02.000Z,2026-07-20T20:02:03.000Z,,28.0,2026-07-20T20:02:03.000Z,cancel,Valid Cancel,monthly,2026-07-22T19:10:25.000Z,2026-07-22T19:10:25.000Z,9.95,9.95,9.95,Brightback,,,,,,,AzqF9zVKNUFiP1xMD,2024-12-22T12:17:15.000Z,,2026-05-22T19:10:25.000Z,,h_bd24bccf0575e451,,1,2026-05-22T19:10:25.000Z,USD,u_d3aca7e7c11e42b7,ACTIVE,h_b6135f133867f82c,[name],,,,2026-06-22T19:10:25.000Z,other,,1,monthly_essentials,2026-05-22T19:10:25.000Z,_UNKNOWN,995,MONTH,,,,[name],2026-07-22T19:10:25.000Z,,995,,2026-07-22T19:10:25.000Z,2026-05-22T19:10:25.000Z,995,,,,,,Default/Fallback [July 2025] [25% one time / No entry modal],,05-22-2026,,07-20-2026,05-22-2026,05-22-2026,12-22-2024,,05-22-2026,07-22-2026
Wg7KIlO_aae16a13757c2f27,6oaVYV35ZniA1eiq,,Students; fallback,,,[name],[name],,I only needed SuperSummary for a short time,i_have_too_much_product_1528073051,Project ended or taking a break,project_stop,,Needs (SaaS),needs,7,,,u_ab807796bf21f85a,,,,0,,,Canceled,2026-07-20T18:47:30.000Z,2026-07-20T18:47:53.000Z,2026-07-20T18:47:53.000Z,,28.05,2026-07-20T18:47:53.000Z,cancel,Valid Cancel,monthly,2026-08-20T11:28:35.000Z,2026-08-20T11:28:35.000Z,9.95,9.95,9.95,Brightback,,,,,,,6oaVYV35ZniA1eiq,2025-11-20T11:28:33.000Z,,2025-11-20T11:28:35.000Z,,h_49c7e609e87a8ddb,,1,2025-11-20T11:28:35.000Z,USD,u_ab807796bf21f85a,ACTIVE,h_0bf5e6171b22c2d3,[name],,,,2026-07-20T11:28:35.000Z,student,,1,monthly_essentials,2025-11-20T11:28:35.000Z,_UNKNOWN,995,MONTH,,,College,[name],2026-08-20T11:28:35.000Z,,995,,2026-08-20T11:28:35.000Z,2025-11-20T11:28:35.000Z,995,,,,,,Student Experience [July 2025] [25% one-time / No Entry Modal],,11-20-2025,,07-20-2026,11-20-2025,11-20-2025,11-20-2025,,11-20-2025,08-20-2026
Wg7KGeB_acef81a5913871b7,16A6hNTkVrJp733mb,,Students; Annual,,,[name],[name],,I only needed SuperSummary for a short time,i_have_too_much_product_1528073051,Project ended or taking a break,project_stop,,Needs (SaaS),needs,6,,,u_fde00e3d13ad3022,,,,0,,,Canceled,2026-07-20T16:40:14.000Z,2026-07-20T16:40:52.000Z,2026-07-20T16:40:52.000Z,,28.14,2026-07-20T16:40:52.000Z,cancel,Valid Cancel,annual,2027-07-20T02:21:56.000Z,2027-07-20T02:21:56.000Z,3.0,3.0,36.0,Brightback,,,,,,,16A6hNTkVrJp733mb,2023-07-20T02:21:54.000Z,,2023-07-20T02:21:56.000Z,,h_f223e84d8376d379,,1,2023-07-20T02:21:56.000Z,USD,u_fde00e3d13ad3022,ACTIVE,h_cadcb635df029c43,[name],,,,2026-07-20T02:21:56.000Z,student,,1,annual,2023-07-20T02:21:56.000Z,_UNKNOWN,3600,YEAR,,,High School,[name],2027-07-20T02:21:56.000Z,,300,,2027-07-20T02:21:56.000Z,2023-07-20T02:21:56.000Z,3600,,,,,,Student Experience [July 2025] [25% one-time / No Entry Modal],,07-20-2023,,07-20-2026,07-20-2023,07-20-2023,07-20-2023,,07-20-2023,07-20-2027
Wg7KGE0_97be6b0c4c3f6173,1697267,,Book Club Members; fallback,,,[name],[name],[name],I only needed SuperSummary for a short time,i_have_too_much_product_1528073051,Project ended or taking a break,project_stop,,Needs (SaaS),needs,6,,,u_f62ec7ca41228e30,,,,0,60.0,,Canceled,2026-07-20T16:14:19.000Z,2026-07-20T16:14:36.000Z,2026-07-20T16:14:36.000Z,,28.15,2026-07-20T16:14:36.000Z,cancel,Valid Cancel,annual,2027-07-14T20:20:45.000Z,,5.0,5.0,60.0,Brightback,,,,,,,1697267,2026-07-14T20:20:43.000Z,,2026-07-14T20:20:45.000Z,,h_e93c0aea66b62a42,,1,2026-07-14T20:20:45.000Z,USD,u_f62ec7ca41228e30,NON_RENEWING,h_86dc9e32beac691a,[name],60.0,annual_plus,,2026-07-14T20:20:45.000Z,book_club_member,,1,annual_plus,2026-07-14T20:20:45.000Z,_UNKNOWN,6000,YEAR,annual_plus,,,[name],,,500,,2027-07-14T20:20:45.000Z,2026-07-14T20:20:45.000Z,6000,[name],,https://www.supersummary.com/subscription,https://www.supersummary.com/subscription/confirming/cancel,,BCM Experience [July 2025] [25% one-time / No Entry Modal],,07-14-2026,,07-20-2026,07-14-2026,07-14-2026,07-14-2026,,07-14-2026,
Wg7KGDE_bcc2b91f2f89ff18,16CHNzVPNfoWk1ToW,,Book Club Members; fallback,,,[name],[name],,I only needed SuperSummary for a short time,i_have_too_much_product_1528073051,Project ended or taking a break,project_stop,,Needs (SaaS),needs,7,,,u_f62ec7ca41228e30,,,,0,,,Canceled,2026-07-20T16:13:16.000Z,2026-07-20T16:13:52.000Z,2026-07-20T16:13:52.000Z,,28.15,2026-07-20T16:13:52.000Z,cancel,Valid Cancel,annual,2027-07-14T20:20:45.000Z,2027-07-14T20:20:45.000Z,5.0,5.0,60.0,Brightback,,,,,,,16CHNzVPNfoWk1ToW,2026-07-14T20:20:43.000Z,,2026-07-14T20:20:45.000Z,,h_e93c0aea66b62a42,,1,2026-07-14T20:20:45.000Z,USD,u_f62ec7ca41228e30,ACTIVE,h_86dc9e32beac691a,[name],,,,2026-07-14T20:20:45.000Z,book_club_member,,1,annual_plus,2026-07-14T20:20:45.000Z,_UNKNOWN,6000,YEAR,,,,[name],2027-07-14T20:20:45.000Z,,500,,2027-07-14T20:20:45.000Z,2026-07-14T20:20:45.000Z,6000,,,,,,BCM Experience [July 2025] [25% one-time / No Entry Modal],,07-14-2026,,07-20-2026,07-14-2026,07-14-2026,07-14-2026,,07-14-2026,07-14-2027
Wg7KG3t_91fb2c0bbf29c4af,1279066,,fallback,,,[name],[name],[name],I only needed SuperSummary for a short time,i_have_too_much_product_1528073051,Project ended or taking a break,project_stop,,Needs (SaaS),needs,5,,,u_ba389cc387712820,,,,0,36.0,,Canceled,2026-07-20T16:04:30.000Z,2026-07-20T16:09:05.000Z,2026-07-20T16:09:05.000Z,,28.16,2026-07-20T16:09:05.000Z,cancel,Valid Cancel,annual,2026-08-07T21:20:01.000Z,2026-08-07T21:20:01.000Z,3.0,3.0,36.0,Brightback,,,,,,,1279066,2025-08-07T21:19:58.000Z,,2025-08-07T21:20:01.000Z,,h_8e603ca18289f709,,1,2025-08-07T21:20:01.000Z,USD,u_ba389cc387712820,ACTIVE,h_c86c877d882791cf,[name],36.0,annual,,2025-08-07T21:20:01.000Z,other,,1,annual,2025-08-07T21:20:01.000Z,_UNKNOWN,3600,YEAR,annual,,,[name],2026-08-07T21:20:01.000Z,,300,,2026-08-07T21:20:01.000Z,2025-08-07T21:20:01.000Z,3600,[name],,https://www.supersummary.com/subscription,https://www.supersummary.com/subscription/confirming/cancel,,Default/Fallback [July 2025] [25% one time / No entry modal],,08-07-2025,,07-20-2026,08-07-2025,08-07-2025,08-07-2025,,08-07-2025,08-07-2026
Wg7KFHJ_a025985e8c22dc63,16BTkzUrVBFqc4FAM,,Students; Annual,,,[name],[name],,I only needed SuperSummary for a short time,i_have_too_much_product_1528073051,Project ended or taking a break,project_stop,,Needs (SaaS),needs,5,,,u_5f362db8b1ddcf09,,,,0,,,Canceled,2026-07-20T15:17:21.000Z,2026-07-20T15:18:20.000Z,2026-07-20T15:18:20.000Z,,28.19,2026-07-20T15:18:20.000Z,cancel,Valid Cancel,annual,2027-07-20T14:47:36.000Z,2027-07-20T14:47:36.000Z,3.0,3.0,36.0,Brightback,,,,,,,16BTkzUrVBFqc4FAM,2025-07-20T14:47:33.000Z,,2025-07-20T14:47:36.000Z,,h_eea910da44c849e2,,1,2025-07-20T14:47:36.000Z,USD,u_5f362db8b1ddcf09,ACTIVE,h_157bbcf3b10eaede,[name],,,,2026-07-20T14:47:36.000Z,student,,1,annual,2025-07-20T14:47:36.000Z,_UNKNOWN,3600,YEAR,,,College,[name],2027-07-20T14:47:36.000Z,,300,,2027-07-20T14:47:36.000Z,2025-07-20T14:47:36.000Z,3600,,,,,,Student Experience [July 2025] [25% one-time / No Entry Modal],,07-20-2025,,07-20-2026,07-20-2025,07-20-2025,07-20-2025,,07-20-2025,07-20-2027
Wg7KEYr_b63bcf7533c49498,613108,,Parents; Annual,,,[name],[name],[name],I only needed SuperSummary for a short time,i_have_too_much_product_1528073051,Project ended or taking a break,project_stop,,Needs (SaaS),needs,1,N/A,,u_4455afae84363eac,N/A,,,1,36.0,,Canceled,2026-07-20T14:35:11.000Z,2026-07-20T14:36:14.000Z,2026-07-20T14:36:14.000Z,,28.22,2026-07-20T14:36:14.000Z,cancel,Valid Cancel,annual,2027-07-19T15:27:14.000Z,2027-07-19T15:27:14.000Z,3.0,3.0,36.0,Brightback,,,,,,,613108,2024-07-19T15:27:12.000Z,,2024-07-19T15:27:14.000Z,,h_a855d30d9455c2c7,,1,2024-07-19T15:27:14.000Z,USD,u_4455afae84363eac,ACTIVE,h_2b5e60f0701def93,[name],36.0,annual,,2026-07-19T15:27:14.000Z,parent_of_student,,1,annual,2024-07-19T15:27:14.000Z,_UNKNOWN,3600,YEAR,annual,,Middle School,[name],2027-07-19T15:27:14.000Z,,300,,2027-07-19T15:27:14.000Z,2024-07-19T15:27:14.000Z,3600,[name],,https://www.supersummary.com/subscription,https://www.supersummary.com/subscription/confirming/cancel,,Parent Experience [July 2025] [25% one-time / Modal],,07-19-2024,,07-20-2026,07-19-2024,07-19-2024,07-19-2024,,07-19-2024,07-19-2027
Wg7KEDR_87954074ed364c03,231971,,Book Club Members; Annual,,,[name],[name],[name],I only needed SuperSummary for a short time,i_have_too_much_product_1528073051,Project ended or taking a break,project_stop,,Needs (SaaS),needs,5,,,u_8fe2dca6ae98d7ba,,,,0,36.0,,Canceled,2026-07-20T14:13:57.000Z,2026-07-20T14:15:14.000Z,2026-07-20T14:15:14.000Z,,28.24,2026-07-20T14:15:14.000Z,cancel,Valid Cancel,annual,2027-07-19T23:10:53.000Z,2027-07-19T23:10:53.000Z,3.0,3.0,36.0,Brightback,,,,,,,231971,2022-07-19T23:10:52.000Z,,2022-07-19T23:10:53.000Z,,h_116540eee60ef1ab,,1,2022-07-19T23:10:53.000Z,USD,u_8fe2dca6ae98d7ba,ACTIVE,h_2655422b6d14186b,[name],36.0,annual,,2026-07-19T23:10:53.000Z,book_club_member,,1,annual,2022-07-19T23:10:53.000Z,_UNKNOWN,3600,YEAR,annual,,,[name],2027-07-19T23:10:53.000Z,,300,,2027-07-19T23:10:53.000Z,2022-07-19T23:10:53.000Z,3600,[name],,https://www.supersummary.com/subscription,https://www.supersummary.com/subscription/confirming/cancel,,BCM Experience [July 2025] [25% one-time / No Entry Modal],,07-19-2022,,07-20-2026,07-19-2022,07-19-2022,07-19-2022,,07-19-2022,07-19-2027
Wg7KEAj_8978f8ab6dba04b7,1602069,,Book Club Members; fallback,,,[name],[name],[name],I only needed SuperSummary for a short time,i_have_too_much_product_1528073051,Project ended or taking a break,project_stop,,Needs (SaaS),needs,4,,,u_ab431c131fa7d65d,,,,0,36.0,,Canceled,2026-07-20T14:10:51.000Z,2026-07-20T14:11:23.000Z,2026-07-20T14:11:23.000Z,,28.24,2026-07-20T14:11:23.000Z,cancel,Valid Cancel,annual,2027-04-16T14:02:06.000Z,2027-04-16T14:02:06.000Z,3.0,3.0,36.0,Brightback,,,,,,,1602069,2026-04-16T14:02:03.000Z,,2026-04-16T14:02:06.000Z,,h_c55900af8c7158f2,,1,2026-04-16T14:02:06.000Z,USD,u_ab431c131fa7d65d,ACTIVE,h_157d995686960760,[name],36.0,annual_essentials,,2026-04-16T14:02:06.000Z,book_club_member,,1,annual_essentials,2026-04-16T14:02:06.000Z,_UNKNOWN,3600,YEAR,annual_essentials,,,[name],2027-04-16T14:02:06.000Z,,300,,2027-04-16T14:02:06.000Z,2026-04-16T14:02:06.000Z,3600,[name],,https://www.supersummary.com/subscription,https://www.supersummary.com/subscription/confirming/cancel,,BCM Experience [July 2025] [25% one-time / No Entry Modal],,04-16-2026,,07-20-2026,04-16-2026,04-16-2026,04-16-2026,,04-16-2026,04-16-2027
Wg7KDwG_80cb8bfb96341b35,AzqPpXVBkpZ4JdGq,,Book Club Members; fallback,,,[name],[name],,I only needed SuperSummary for a short time,i_have_too_much_product_1528073051,Project ended or taking a break,project_stop,,Needs (SaaS),needs,1,,,u_5d5f7ab2e9ffb302,,,,0,,,Canceled,2026-07-20T13:58:18.000Z,2026-07-20T13:58:40.000Z,2026-07-20T13:58:40.000Z,,28.25,2026-07-20T13:58:40.000Z,cancel,Valid Cancel,monthly,2026-08-20T08:39:25.000Z,2026-08-20T08:39:25.000Z,9.95,9.95,9.95,Brightback,,,,,,,AzqPpXVBkpZ4JdGq,2026-02-20T08:39:23.000Z,,2026-02-20T08:39:25.000Z,,h_fb36a37c779dec0b,,1,2026-02-20T08:39:25.000Z,USD,u_5d5f7ab2e9ffb302,ACTIVE,h_8dac781beb647e7e,[name],,,,2026-07-20T08:39:25.000Z,book_club_member,,1,monthly_essentials,2026-02-20T08:39:25.000Z,_UNKNOWN,995,MONTH,,,,[name],2026-08-20T08:39:25.000Z,,995,,2026-08-20T08:39:25.000Z,2026-02-20T08:39:25.000Z,995,,,,,,BCM Experience [July 2025] [25% one-time / No Entry Modal],,02-20-2026,,07-20-2026,02-20-2026,02-20-2026,02-20-2026,,02-20-2026,08-20-2026
Wg7KDF0_80e4dfa92b7c00e7,Azz6A4VBgqFuE2OqG,,Students; fallback,,,[name],[name],,I only needed SuperSummary for a short time,i_have_too_much_product_1528073051,Project ended or taking a break,project_stop,,Needs (SaaS),needs,10,,,u_cc2fb37ad1af00fe,,,,0,,,Canceled,2026-07-20T13:15:08.000Z,2026-07-20T13:15:40.000Z,2026-07-20T13:15:40.000Z,,28.28,2026-07-20T13:15:40.000Z,cancel,Valid Cancel,monthly,2026-08-19T16:17:04.000Z,2026-08-19T16:17:04.000Z,9.95,9.95,9.95,Brightback,,,,,,,Azz6A4VBgqFuE2OqG,2026-02-19T16:16:15.000Z,,2026-02-19T16:17:04.000Z,,h_085e64dbbfb602ea,,1,2026-02-19T16:17:04.000Z,USD,u_cc2fb37ad1af00fe,ACTIVE,h_2bb3c44e78e5d0ae,[name],,,,2026-07-19T16:17:04.000Z,student,,1,monthly_essentials,2026-02-19T16:17:04.000Z,_UNKNOWN,995,MONTH,,,College,[name],2026-08-19T16:17:04.000Z,,995,,2026-08-19T16:17:04.000Z,2026-02-19T16:17:04.000Z,995,,,,,,Student Experience [July 2025] [25% one-time / No Entry Modal],,02-19-2026,,07-20-2026,02-19-2026,02-19-2026,02-19-2026,,02-19-2026,08-19-2026
Wg7KBQf_a7fa418cd50a2ea2,AzZr6CVK5Ezeh1vGj,,Students; fallback,,,[name],[name],,I only needed SuperSummary for a short time,i_have_too_much_product_1528073051,Project ended or taking a break,project_stop,,Needs (SaaS),needs,1,J,,u_b84f5c8bd7b4d397,J,,,1,,,Canceled,2026-07-20T11:26:43.000Z,2026-07-20T11:27:08.000Z,2026-07-22T06:38:50.000Z,,28.35,2026-07-22T06:38:50.000Z,cancel,Valid Cancel,monthly,2026-08-19T16:16:55.000Z,2026-08-19T16:16:55.000Z,9.95,9.95,9.95,Brightback,,,,,,,AzZr6CVK5Ezeh1vGj,2026-05-19T16:16:52.000Z,,2026-05-19T16:16:55.000Z,,h_e4db04627ab73867,,1,2026-05-19T16:16:55.000Z,USD,u_b84f5c8bd7b4d397,ACTIVE,h_b76ebaf8343fe2c0,[name],,,,2026-07-19T16:16:55.000Z,student,,1,monthly_essentials,2026-05-19T16:16:55.000Z,_UNKNOWN,995,MONTH,,,High School,[name],2026-08-19T16:16:55.000Z,,995,,2026-08-19T16:16:55.000Z,2026-05-19T16:16:55.000Z,995,,,,,,Student Experience [July 2025] [25% one-time / No Entry Modal],,05-19-2026,,07-20-2026,05-19-2026,05-19-2026,05-19-2026,,05-19-2026,08-19-2026
Wg7KA3v_a8f887467f1d6fd3,613050,,Parents; Annual,,,[name],[name],[name],I only needed SuperSummary for a short time,i_have_too_much_product_1528073051,Project ended or taking a break,project_stop,,Needs (SaaS),needs,10,Nothing,,u_75e9ddfa8355ef68,I was tutoring last summer and found it very helpful. Not tutoring at this time. ,,,1,36.0,,Canceled,2026-07-20T10:04:15.000Z,2026-07-20T10:06:44.000Z,2026-07-20T10:06:45.000Z,,28.41,2026-07-20T10:06:45.000Z,cancel,Valid Cancel,annual,2027-07-19T12:24:28.000Z,2027-07-19T12:24:28.000Z,3.0,3.0,36.0,Brightback,,,,,,,613050,2024-07-19T12:24:27.000Z,,2024-07-19T12:24:28.000Z,,h_395fe67962599a82,,1,2024-07-19T12:24:28.000Z,USD,u_75e9ddfa8355ef68,ACTIVE,h_7df505175387c51b,[name],36.0,annual,,2026-07-19T12:24:28.000Z,parent_of_student,,1,annual,2024-07-19T12:24:28.000Z,_UNKNOWN,3600,YEAR,annual,,High School,[name],2027-07-19T12:24:28.000Z,,300,,2027-07-19T12:24:28.000Z,2024-07-19T12:24:28.000Z,3600,[name],,https://www.supersummary.com/subscription,https://www.supersummary.com/subscription/confirming/cancel,,Parent Experience [July 2025] [25% one-time / Modal],,07-19-2024,,07-20-2026,07-19-2024,07-19-2024,07-19-2024,,07-19-2024,07-19-2027
Wg7K8YU_a5f0b6b7c093213c,AzyaegVPtt3EJj6A,,Book Club Members; fallback,,,[name],[name],,I only needed SuperSummary for a short time,i_have_too_much_product_1528073051,Project ended or taking a break,project_stop,,Needs (SaaS),needs,7,,,u_2097341eb61ca2e5,,,,0,,,Canceled,2026-07-20T08:34:33.000Z,2026-07-20T08:34:55.000Z,2026-07-20T08:34:55.000Z,,28.47,2026-07-20T08:34:55.000Z,cancel,Valid Cancel,monthly,2026-08-20T08:34:02.000Z,2026-08-20T08:34:02.000Z,9.95,9.95,9.95,Brightback,,,,,,,AzyaegVPtt3EJj6A,2026-04-20T21:55:58.000Z,,2026-07-20T08:34:02.000Z,,h_451cf589fc3f1d94,,1,2026-07-20T08:34:02.000Z,USD,u_2097341eb61ca2e5,ACTIVE,h_eb5f2a17a34708b5,[name],,,,2026-07-20T08:34:02.000Z,book_club_member,,1,monthly_essentials,2026-07-20T08:34:02.000Z,_UNKNOWN,995,MONTH,,,,[name],2026-08-20T08:34:02.000Z,,995,,2026-08-20T08:34:02.000Z,2026-07-20T08:34:02.000Z,995,,,,,,BCM Experience [July 2025] [25% one-time / No Entry Modal],,07-20-2026,,07-20-2026,07-20-2026,07-20-2026,04-20-2026,,07-20-2026,08-20-2026
Wg7K85C_a28084b4c6154daa,16A6T6VPsrMuRF31,,Book Club Members; fallback,,,[name],[name],,I only needed SuperSummary for a short time,i_have_too_much_product_1528073051,Project ended or taking a break,project_stop,,Needs (SaaS),needs,8,,,u_454dfd2edd924135,,,,0,,,Canceled,2026-07-20T08:05:15.000Z,2026-07-20T08:05:58.000Z,2026-07-20T08:05:58.000Z,,28.49,2026-07-20T08:05:58.000Z,cancel,Valid Cancel,monthly,2026-08-20T04:21:05.000Z,2026-08-20T04:21:05.000Z,9.95,9.95,9.95,Brightback,,,,,,,16A6T6VPsrMuRF31,2026-07-20T04:21:01.000Z,,2026-07-20T04:21:05.000Z,,h_32fda24f5091645b,,1,2026-07-20T04:21:05.000Z,USD,u_454dfd2edd924135,ACTIVE,h_f8c37297a82a4162,[name],,,,2026-07-20T04:21:05.000Z,book_club_member,,1,monthly_essentials,2026-07-20T04:21:05.000Z,_UNKNOWN,995,MONTH,,,,[name],2026-08-20T04:21:05.000Z,,995,,2026-08-20T04:21:05.000Z,2026-07-20T04:21:05.000Z,995,,,,,,BCM Experience [July 2025] [25% one-time / No Entry Modal],,07-20-2026,,07-20-2026,07-20-2026,07-20-2026,07-20-2026,,07-20-2026,08-20-2026
Wg7K7mF_b42924e60473e888,AzqSaVUrSH0cc2Hd5,,Students; Annual,,,[name],[name],,I only needed SuperSummary for a short time,i_have_too_much_product_1528073051,Project ended or taking a break,project_stop,,Needs (SaaS),needs,4,,,u_4bee00d3f134e85e,,,,0,,,Canceled,2026-07-20T07:48:19.000Z,2026-07-20T07:48:51.000Z,2026-07-20T07:48:51.000Z,,28.5,2026-07-20T07:48:51.000Z,cancel,Valid Cancel,annual,2027-07-20T02:51:39.000Z,,3.0,3.0,36.0,Brightback,,,,,,,AzqSaVUrSH0cc2Hd5,2025-07-20T02:50:42.000Z,,2025-07-20T02:51:39.000Z,,h_522263feea826c4b,,1,2025-07-20T02:51:39.000Z,USD,u_4bee00d3f134e85e,ACTIVE,h_01ee9079e14543da,[name],,,,2026-07-20T02:51:39.000Z,student,,1,annual,2025-07-20T02:51:39.000Z,_UNKNOWN,3600,YEAR,,,College,[name],2027-07-20T02:51:39.000Z,,300,,2027-07-20T02:51:39.000Z,2025-07-20T02:51:39.000Z,3600,,,,,,Student Experience [July 2025] [25% one-time / No Entry Modal],,07-20-2025,,07-20-2026,07-20-2025,07-20-2025,07-20-2025,,07-20-2025,07-20-2027
Wg7K6vx_819b01e40953a69e,Azqd1TUrT20ne2ish,,Students; Annual,,,[name],[name],,I only needed SuperSummary for a short time,i_have_too_much_product_1528073051,Project ended or taking a break,project_stop,,Needs (SaaS),needs,1,,,u_6b0abc53519a9b18,,,,0,,,Canceled,2026-07-20T06:58:03.000Z,2026-07-20T06:58:59.000Z,2026-07-20T06:58:59.000Z,,28.54,2026-07-20T06:58:59.000Z,cancel,Valid Cancel,annual,2027-07-20T05:58:21.000Z,2027-07-20T05:58:21.000Z,3.0,3.0,36.0,Brightback,,,,,,,Azqd1TUrT20ne2ish,2025-07-20T05:53:28.000Z,,2025-07-20T05:58:21.000Z,,h_4b068a424aa9274f,,1,2025-07-20T05:58:21.000Z,USD,u_6b0abc53519a9b18,ACTIVE,h_48ded225288e6236,[name],,,,2026-07-20T05:58:21.000Z,student,,1,annual,2025-07-20T05:58:21.000Z,_UNKNOWN,3600,YEAR,,,High School,[name],2027-07-20T05:58:21.000Z,,300,,2027-07-20T05:58:21.000Z,2025-07-20T05:58:21.000Z,3600,,,,,,Student Experience [July 2025] [25% one-time / No Entry Modal],,07-20-2025,,07-20-2026,07-20-2025,07-20-2025,07-20-2025,,07-20-2025,07-20-2027
Wg7K6Fg_99dceab40e7e78e7,1699168,,fallback,,,[name],[name],[name],I only needed SuperSummary for a short time,i_have_too_much_product_1528073051,Project ended or taking a break,project_stop,,Needs (SaaS),needs,5,"Google probably, please don’t force me to answer questions to cancel ",,u_acc3f7ac72165a91,,,,0,9.95,,Canceled,2026-07-20T06:18:15.000Z,2026-07-20T06:20:38.000Z,2026-07-24T10:17:43.000Z,,28.57,2026-07-24T10:17:43.000Z,cancel,Valid Cancel,monthly,2026-08-17T08:02:04.000Z,2026-08-17T08:02:04.000Z,9.95,9.95,9.95,Brightback,,,,,,,1699168,2026-07-17T08:01:21.000Z,,2026-07-17T08:02:04.000Z,,h_c6852ebaf48a8cfd,,1,2026-07-17T08:02:04.000Z,USD,u_acc3f7ac72165a91,ACTIVE,h_149a52df22f46f94,[name],9.95,monthly_essentials,,2026-07-17T08:02:04.000Z,other,,1,monthly_essentials,2026-07-17T08:02:04.000Z,_UNKNOWN,995,MONTH,monthly_essentials,,,[name],2026-08-17T08:02:04.000Z,,995,,2026-08-17T08:02:04.000Z,2026-07-17T08:02:04.000Z,995,[name],,https://www.supersummary.com/subscription,https://www.supersummary.com/subscription/confirming/cancel,,Default/Fallback [July 2025] [25% one time / No entry modal],,07-17-2026,,07-20-2026,07-17-2026,07-17-2026,07-17-2026,,07-17-2026,08-17-2026
Wg7JNZI_8cf728ad25ae0c7e,1266145,,Book Club Members; Annual,,,[name],[name],[name],I only needed SuperSummary for a short time,i_have_too_much_product_1528073051,Project ended or taking a break,project_stop,,Needs (SaaS),needs,1,,,u_43b72f0150ad8964,,,,0,36.0,,Canceled,2026-07-19T23:35:29.000Z,2026-07-19T23:36:07.000Z,2026-07-19T23:36:07.000Z,,28.85,2026-07-19T23:36:07.000Z,cancel,Valid Cancel,annual,2026-07-22T18:04:12.000Z,2026-07-22T18:04:12.000Z,3.0,3.0,36.0,Brightback,,,,,,,1266145,2025-07-22T18:04:09.000Z,,2025-07-22T18:04:12.000Z,,h_887bc2bec22be498,,1,2025-07-22T18:04:12.000Z,USD,u_43b72f0150ad8964,ACTIVE,h_48c6bc836a233283,[name],36.0,annual,,2025-07-22T18:04:12.000Z,book_club_member,,1,annual,2025-07-22T18:04:12.000Z,_UNKNOWN,3600,YEAR,annual,,,[name],2026-07-22T18:04:12.000Z,,300,,2026-07-22T18:04:12.000Z,2025-07-22T18:04:12.000Z,3600,[name],,https://www.supersummary.com/subscription,https://www.supersummary.com/subscription/confirming/cancel,,BCM Experience [July 2025] [25% one-time / No Entry Modal],,07-22-2025,,07-19-2026,07-22-2025,07-22-2025,07-22-2025,,07-22-2025,07-22-2026
Wg7JNtb_8cf2f0add6330c04,1240882,,Teachers; Annual,,,[name],[name],[name],I only needed SuperSummary for a short time,i_have_too_much_product_1528073051,Project ended or taking a break,project_stop,,Needs (SaaS),needs,3,,,u_c1ac125d4f3d7a69,,,,0,36.0,,Canceled,2026-07-19T23:55:47.000Z,2026-07-19T23:56:20.000Z,2026-07-19T23:56:21.000Z,,28.83,2026-07-19T23:56:21.000Z,cancel,Valid Cancel,annual,2027-06-19T14:31:28.000Z,2027-06-19T14:31:28.000Z,3.0,3.0,36.0,Brightback,,,,,,,1240882,2025-06-19T14:31:26.000Z,,2025-06-19T14:31:28.000Z,,h_13a4c1deffc6a1c3,,1,2025-06-19T14:31:28.000Z,USD,u_c1ac125d4f3d7a69,ACTIVE,h_261c993b8af3c5a0,[name],36.0,annual,,2026-06-19T14:31:28.000Z,teacher,,1,annual,2025-06-19T14:31:28.000Z,_UNKNOWN,3600,YEAR,annual,,other,[name],2027-06-19T14:31:28.000Z,,300,,2027-06-19T14:31:28.000Z,2025-06-19T14:31:28.000Z,3600,[name],,https://www.supersummary.com/subscription,https://www.supersummary.com/subscription/confirming/cancel,,Teacher Experience [July 2025] [40% one-time / Modal],,06-19-2025,,07-19-2026,06-19-2025,06-19-2025,06-19-2025,,06-19-2025,06-19-2027
Wg7JNjp_bc790718b13c7e41,865325,,Students; fallback,,,[name],[name],[name],I only needed SuperSummary for a short time,i_have_too_much_product_1528073051,Project ended or taking a break,project_stop,,Needs (SaaS),needs,5,,,u_de0b7f75a3432d8f,,,,0,36.0,,Canceled,2026-07-19T23:45:59.000Z,2026-07-19T23:46:25.000Z,2026-07-19T23:46:25.000Z,,28.84,2026-07-19T23:46:25.000Z,cancel,Valid Cancel,annual,2026-12-06T07:05:03.000Z,2026-12-06T07:05:03.000Z,3.0,3.0,36.0,Brightback,,,,,,,865325,2024-12-06T07:05:01.000Z,,2024-12-06T07:05:03.000Z,,h_e7637d4a836d3df3,,1,2024-12-06T07:05:03.000Z,USD,u_de0b7f75a3432d8f,ACTIVE,h_4679077dec0f0109,[name],36.0,annual_plus,,2025-12-06T07:05:03.000Z,student,,1,annual_plus,2024-12-06T07:05:03.000Z,_UNKNOWN,3600,YEAR,annual_plus,,Postgrad Program,[name],2026-12-06T07:05:03.000Z,,300,,2026-12-06T07:05:03.000Z,2024-12-06T07:05:03.000Z,3600,[name],,https://www.supersummary.com/subscription,https://www.supersummary.com/subscription/confirming/cancel,,Student Experience [July 2025] [25% one-time / No Entry Modal],,12-06-2024,,07-19-2026,12-06-2024,12-06-2024,12-06-2024,,12-06-2024,12-06-2026
Wg7JNdu_b2912f62aacd8d40,16CQtMVPCkPsX4ATQ,,Students; fallback,,,[name],[name],,I only needed SuperSummary for a short time,i_have_too_much_product_1528073051,Project ended or taking a break,project_stop,,Needs (SaaS),needs,6,,,u_61fdbc533b2ca9e1,,,,0,,,Canceled,2026-07-19T23:39:58.000Z,2026-07-19T23:40:18.000Z,2026-07-19T23:40:19.000Z,,28.84,2026-07-19T23:40:19.000Z,cancel,Valid Cancel,annual,2027-07-12T23:30:02.000Z,2027-07-12T23:30:02.000Z,5.0,5.0,60.0,Brightback,,,,,,,16CQtMVPCkPsX4ATQ,2026-07-12T23:30:00.000Z,,2026-07-12T23:30:02.000Z,,h_78f9f0c71079ea1d,,1,2026-07-12T23:30:02.000Z,USD,u_61fdbc533b2ca9e1,ACTIVE,h_9826b7dcdd57fa37,[name],,,,2026-07-12T23:30:02.000Z,student,,1,annual_plus,2026-07-12T23:30:02.000Z,_UNKNOWN,6000,YEAR,,,High School,[name],2027-07-12T23:30:02.000Z,,500,,2027-07-12T23:30:02.000Z,2026-07-12T23:30:02.000Z,6000,,,,,,Student Experience [July 2025] [25% one-time / No Entry Modal],,07-12-2026,,07-19-2026,07-12-2026,07-12-2026,07-12-2026,,07-12-2026,07-12-2027
Wg7JMp3_94ae2eae54e35551,1263952,,Book Club Members; Annual,,,[name],[name],[name],I only needed SuperSummary for a short time,i_have_too_much_product_1528073051,Project ended or taking a break,project_stop,,Needs (SaaS),needs,1,,,u_22159aba5ca08bda,You could not. I just needed it temporarily,,,1,36.0,,Canceled,2026-07-19T22:51:19.000Z,2026-07-19T22:53:13.000Z,2026-07-25T01:11:12.000Z,,28.88,2026-07-25T01:11:12.000Z,cancel,Valid Cancel,annual,2027-07-19T22:14:38.000Z,2027-07-19T22:14:38.000Z,3.0,3.0,36.0,Brightback,,,,,,,1263952,2025-07-19T21:35:17.000Z,,2025-07-19T22:14:38.000Z,,h_7fdf922242ce5316,,1,2025-07-19T22:14:38.000Z,USD,u_22159aba5ca08bda,ACTIVE,h_690eb473ea94922c,[name],36.0,annual,,2026-07-19T22:14:38.000Z,book_club_member,,1,annual,2025-07-19T22:14:38.000Z,_UNKNOWN,3600,YEAR,annual,,,[name],2027-07-19T22:14:38.000Z,,300,,2027-07-19T22:14:38.000Z,2025-07-19T22:14:38.000Z,3600,[name],,https://www.supersummary.com/subscription,https://www.supersummary.com/subscription/confirming/cancel,,BCM Experience [July 2025] [25% one-time / No Entry Modal],,07-19-2025,,07-19-2026,07-19-2025,07-19-2025,07-19-2025,,07-19-2025,07-19-2027
Wg7JLU4_8026fb6666a934de,16BZbAUtMSaus4dpj,,Students; Annual,,,[name],[name],,I only needed SuperSummary for a short time,i_have_too_much_product_1528073051,Project ended or taking a break,project_stop,,Needs (SaaS),needs,6,,,u_59a52a703f2acf44,,,,0,,,Canceled,2026-07-19T21:30:08.000Z,2026-07-19T21:30:43.000Z,2026-07-19T21:30:43.000Z,,28.93,2026-07-19T21:30:43.000Z,cancel,Valid Cancel,annual,2026-08-09T07:57:47.000Z,2026-08-09T07:57:47.000Z,3.0,3.0,36.0,Brightback,,,,,,,16BZbAUtMSaus4dpj,2025-08-09T07:57:45.000Z,,2025-08-09T07:57:47.000Z,,h_375ad6bb2135323b,,1,2025-08-09T07:57:47.000Z,USD,u_59a52a703f2acf44,ACTIVE,h_2ce4bb191ee821e3,[name],,,,2025-08-09T07:57:47.000Z,student,,1,annual,2025-08-09T07:57:47.000Z,_UNKNOWN,3600,YEAR,,,College,[name],2026-08-09T07:57:47.000Z,,300,,2026-08-09T07:57:47.000Z,2025-08-09T07:57:47.000Z,3600,,,,,,Student Experience [July 2025] [25% one-time / No Entry Modal],,08-09-2025,,07-19-2026,08-09-2025,08-09-2025,08-09-2025,,08-09-2025,08-09-2026
Wg7JLcK_bddbef4be9a72e8b,AzqGIWVMs5CqgL56,,Students; fallback,,,[name],[name],,I only needed SuperSummary for a short time,i_have_too_much_product_1528073051,Project ended or taking a break,project_stop,,Needs (SaaS),needs,9,,,u_4d8b003a04af3277,,,,0,,,Canceled,2026-07-19T21:38:22.000Z,2026-07-19T21:38:45.000Z,2026-07-19T21:38:45.000Z,,28.93,2026-07-19T21:38:45.000Z,cancel,Valid Cancel,monthly,2026-08-18T05:43:08.000Z,2026-08-18T05:43:08.000Z,9.95,9.95,9.95,Brightback,,,,,,,AzqGIWVMs5CqgL56,2026-06-18T05:43:07.000Z,,2026-06-18T05:43:08.000Z,,h_868ca820b0899501,,1,2026-06-18T05:43:08.000Z,USD,u_4d8b003a04af3277,ACTIVE,h_51411c9b8225c55f,[name],,,,2026-07-18T05:43:08.000Z,student,,1,monthly_essentials,2026-06-18T05:43:08.000Z,_UNKNOWN,995,MONTH,,,College,[name],2026-08-18T05:43:08.000Z,,995,,2026-08-18T05:43:08.000Z,2026-06-18T05:43:08.000Z,995,,,,,,Student Experience [July 2025] [25% one-time / No Entry Modal],,06-18-2026,,07-19-2026,06-18-2026,06-18-2026,06-18-2026,,06-18-2026,08-18-2026
Wg7JKpU_b5bc2d87881f5a60,1700014,,Students; fallback,,,[name],[name],[name],I only needed SuperSummary for a short time,i_have_too_much_product_1528073051,Project ended or taking a break,project_stop,,Needs (SaaS),needs,8,,,u_7f1a83414f626d6a,,,,0,36.0,,Canceled,2026-07-19T20:51:35.000Z,2026-07-19T20:52:07.000Z,2026-07-19T20:52:07.000Z,,28.96,2026-07-19T20:52:07.000Z,cancel,Valid Cancel,annual,2027-07-18T16:00:05.000Z,2027-07-18T16:00:05.000Z,3.0,3.0,36.0,Brightback,,,,,,,1700014,2026-07-18T16:00:03.000Z,,2026-07-18T16:00:05.000Z,,h_bf87afab1f18b3ad,,1,2026-07-18T16:00:05.000Z,USD,u_7f1a83414f626d6a,ACTIVE,h_f31eb92009443596,[name],36.0,annual_essentials,,2026-07-18T16:00:05.000Z,student,,1,annual_essentials,2026-07-18T16:00:05.000Z,_UNKNOWN,3600,YEAR,annual_essentials,,High School,[name],2027-07-18T16:00:05.000Z,,300,,2027-07-18T16:00:05.000Z,2026-07-18T16:00:05.000Z,3600,[name],,https://www.supersummary.com/subscription,https://www.supersummary.com/subscription/confirming/cancel,,Student Experience [July 2025] [25% one-time / No Entry Modal],,07-18-2026,,07-19-2026,07-18-2026,07-18-2026,07-18-2026,,07-18-2026,07-18-2027
Wg7JKmM_82d0283b4127a99e,389852,,Students; Annual,,,[name],[name],[name],I only needed SuperSummary for a short time,i_have_too_much_product_1528073051,Project ended or taking a break,project_stop,,Needs (SaaS),needs,5,,,u_9eff6678be9c54f9,Lower cost,,,1,36.0,,Canceled,2026-07-19T20:48:33.000Z,2026-07-19T20:48:58.000Z,2026-07-19T20:48:58.000Z,,28.96,2026-07-19T20:48:58.000Z,cancel,Valid Cancel,annual,2026-07-20T06:37:09.000Z,2026-07-20T06:37:09.000Z,3.0,3.0,36.0,Brightback,,,,,,,389852,2023-07-19T20:44:01.000Z,,2023-07-19T20:44:03.000Z,,h_d977d37810b9fd58,,1,2023-07-19T20:44:03.000Z,USD,u_9eff6678be9c54f9,ACTIVE,h_b3bca1e3bc925458,[name],36.0,annual,,2026-07-19T20:44:03.000Z,student,,1,annual,2023-07-19T20:44:03.000Z,_UNKNOWN,3600,YEAR,annual,,Postgrad Program,[name],2027-07-19T20:44:03.000Z,,300,,2027-07-19T20:44:03.000Z,2023-07-19T20:44:03.000Z,3600,[name],,https://www.supersummary.com/subscription,https://www.supersummary.com/subscription/confirming/cancel,,Student Experience [July 2025] [25% one-time / No Entry Modal],,07-19-2023,,07-19-2026,07-19-2023,07-19-2023,07-19-2023,,07-19-2023,07-19-2027
Wg7JKbI_92e7be05ee0ccbac,16BiWvVJYgkl5ny,,Students; fallback,,,[name],[name],,I only needed SuperSummary for a short time,i_have_too_much_product_1528073051,Project ended or taking a break,project_stop,,Needs (SaaS),needs,7,,,u_f52ad32e08aba2a1,,,,0,,,Canceled,2026-07-19T20:37:21.000Z,2026-07-19T20:37:59.000Z,2026-07-19T20:37:59.000Z,,28.97,2026-07-19T20:37:59.000Z,cancel,Valid Cancel,monthly,2026-08-14T02:40:11.000Z,2026-08-14T02:40:11.000Z,9.95,9.95,9.95,Brightback,,,,,,,16BiWvVJYgkl5ny,2026-05-14T02:40:08.000Z,,2026-05-14T02:40:11.000Z,,h_a31b075f223b507d,,1,2026-05-14T02:40:11.000Z,USD,u_f52ad32e08aba2a1,ACTIVE,h_8e8a2b9eb8d6178b,[name],,,,2026-07-14T02:40:11.000Z,student,,1,monthly_essentials,2026-05-14T02:40:11.000Z,_UNKNOWN,995,MONTH,,,High School,[name],2026-08-14T02:40:11.000Z,,995,,2026-08-14T02:40:11.000Z,2026-05-14T02:40:11.000Z,995,,,,,,Student Experience [July 2025] [25% one-time / No Entry Modal],,05-14-2026,,07-19-2026,05-14-2026,05-14-2026,05-14-2026,,05-14-2026,08-14-2026
Wg7JK06_a3f02e2d81a80358,AzyY6OVPqnKT47Cpe,,Parents; fallback,,,[name],[name],,I only needed SuperSummary for a short time,i_have_too_much_product_1528073051,Project ended or taking a break,project_stop,,Needs (SaaS),needs,6,,,u_186d27503d18149b,,,,0,,,Canceled,2026-07-19T20:00:07.000Z,2026-07-19T20:00:43.000Z,2026-07-19T20:00:43.000Z,,29.0,2026-07-19T20:00:43.000Z,cancel,Valid Cancel,monthly,2026-08-19T19:52:30.000Z,2026-08-19T19:52:30.000Z,9.95,9.95,9.95,Brightback,,,,,,,AzyY6OVPqnKT47Cpe,2026-06-09T15:05:45.000Z,,2026-07-19T19:52:30.000Z,,h_216b057ef56b7c8a,,1,2026-07-19T19:52:30.000Z,USD,u_186d27503d18149b,ACTIVE,h_d0fe329e5213a80f,[name],,,,2026-07-19T19:52:30.000Z,parent_of_student,,1,monthly_essentials,2026-07-19T19:52:30.000Z,_UNKNOWN,995,MONTH,,,Postgrad Program,[name],2026-08-19T19:52:30.000Z,,995,,2026-08-19T19:52:30.000Z,2026-07-19T19:52:30.000Z,995,,,,,,Parent Experience [July 2025] [25% one-time / No Entry Modal],,07-19-2026,,07-19-2026,07-19-2026,07-19-2026,06-09-2026,,07-19-2026,08-19-2026
Wg7JJvD_a1f6a1dbe206933b,AzZMzoSxuvjDb20iZ,,Students; Monthly,,,[name],[name],,I only needed SuperSummary for a short time,i_have_too_much_product_1528073051,Project ended or taking a break,project_stop,,Needs (SaaS),needs,6,,,u_14ac9329f130610a,Ghgt,,,1,,,Canceled,2026-07-19T19:57:19.000Z,2026-07-19T19:57:47.000Z,2026-07-19T19:57:48.000Z,,29.0,2026-07-19T19:57:48.000Z,cancel,Valid Cancel,monthly,2026-08-19T19:41:06.000Z,2026-08-19T19:41:06.000Z,9.95,9.95,9.95,Brightback,,,,,,,AzZMzoSxuvjDb20iZ,2022-02-19T19:41:05.000Z,,2022-02-19T19:41:06.000Z,,h_121364c410167d00,,1,2022-02-19T19:41:06.000Z,USD,u_14ac9329f130610a,ACTIVE,h_3bdb170a8e8656cb,[name],,,,2026-07-19T19:41:06.000Z,student,,1,monthly,2022-02-19T19:41:06.000Z,_UNKNOWN,995,MONTH,,,College,[name],2026-08-19T19:41:06.000Z,,995,,2026-08-19T19:41:06.000Z,2022-02-19T19:41:06.000Z,995,,,,,,Student Experience [July 2025] [40% forever / Modal],,02-19-2022,,07-19-2026,02-19-2022,02-19-2022,02-19-2022,,02-19-2022,08-19-2026
Wg7JJlw_9e76e9a4500bd455,Azym8AThwxJhIFa0k,,Book Club Members; Annual,,,[name],[name],,I only needed SuperSummary for a short time,i_have_too_much_product_1528073051,Project ended or taking a break,project_stop,,Needs (SaaS),needs,5,,,u_7971debb3883d3b1,,,,0,,,Canceled,2026-07-19T19:48:00.000Z,2026-07-19T19:48:44.000Z,2026-08-16T18:58:05.000Z,,29.0,2026-08-16T18:58:05.000Z,cancel,Valid Cancel,annual,2027-06-22T22:08:28.000Z,2027-06-22T22:08:28.000Z,3.0,3.0,36.0,Brightback,,,,,,,Azym8AThwxJhIFa0k,2023-06-22T22:08:26.000Z,,2023-06-22T22:08:28.000Z,,h_6185e4b159716d90,,1,2023-06-22T22:08:28.000Z,USD,u_7971debb3883d3b1,ACTIVE,h_a04dc67fcf86360e,[name],,,,2026-06-22T22:08:28.000Z,book_club_member,,1,annual,2023-06-22T22:08:28.000Z,_UNKNOWN,3600,YEAR,,,,[name],2027-06-22T22:08:28.000Z,,300,,2027-06-22T22:08:28.000Z,2023-06-22T22:08:28.000Z,3600,,,,,,BCM Experience [July 2025] [25% one-time / No Entry Modal],,06-22-2023,,07-19-2026,06-22-2023,06-22-2023,06-22-2023,,06-22-2023,06-22-2027
Wg7JItx_98e199a442840543,16BW5aV2hih548Sbd,,Students; fallback,,,[name],[name],,I only needed SuperSummary for a short time,i_have_too_much_product_1528073051,Project ended or taking a break,project_stop,,Needs (SaaS),needs,10,,,u_ed9977a984772d0e,,,,0,,,Canceled,2026-07-19T18:56:04.000Z,2026-07-19T18:56:40.000Z,2026-07-19T18:56:41.000Z,,29.04,2026-07-19T18:56:41.000Z,cancel,Valid Cancel,monthly,2026-08-16T09:33:23.000Z,2026-08-16T09:33:23.000Z,9.95,9.95,9.95,Brightback,,,,,,,16BW5aV2hih548Sbd,2025-11-16T09:33:21.000Z,,2025-11-16T09:33:23.000Z,,h_367ecc0d9f03d70e,,1,2025-11-16T09:33:23.000Z,USD,u_ed9977a984772d0e,ACTIVE,h_3cb6bfd4098901bd,[name],,,,2026-07-16T09:33:23.000Z,student,,1,monthly_essentials,2025-11-16T09:33:23.000Z,_UNKNOWN,995,MONTH,,,College,[name],2026-08-16T09:33:23.000Z,,995,,2026-08-16T09:33:23.000Z,2025-11-16T09:33:23.000Z,995,,,,,,Student Experience [July 2025] [25% one-time / No Entry Modal],,11-16-2025,,07-19-2026,11-16-2025,11-16-2025,11-16-2025,,11-16-2025,08-16-2026
Wg7JIQ4_ba09f3e710b2be23,1700763,,fallback,,,[name],[name],[name],I only needed SuperSummary for a short time,i_have_too_much_product_1528073051,Project ended or taking a break,project_stop,,Needs (SaaS),needs,6,,,u_8149d36c61b9fedf,,,,0,60.0,,Canceled,2026-07-19T18:26:11.000Z,2026-07-19T18:26:44.000Z,2026-07-19T18:26:44.000Z,,29.06,2026-07-19T18:26:44.000Z,cancel,Valid Cancel,annual,2026-07-20T06:47:24.000Z,2026-07-20T06:47:24.000Z,5.0,5.0,60.0,Brightback,,,,,,,1700763,2026-07-19T17:54:57.000Z,,2026-07-19T17:54:59.000Z,,h_b9c8a4cf77351664,,1,2026-07-19T17:54:59.000Z,USD,u_8149d36c61b9fedf,ACTIVE,h_c17944b947c86565,[name],60.0,annual_plus,,2026-07-19T17:54:59.000Z,other,,1,annual_plus,2026-07-19T17:54:59.000Z,_UNKNOWN,6000,YEAR,annual_plus,,,[name],2027-07-19T17:54:59.000Z,,500,,2027-07-19T17:54:59.000Z,2026-07-19T17:54:59.000Z,6000,[name],,https://www.supersummary.com/subscription,https://www.supersummary.com/subscription/confirming/cancel,,Default/Fallback [July 2025] [25% one time / No entry modal],,07-19-2026,,07-19-2026,07-19-2026,07-19-2026,07-19-2026,,07-19-2026,07-19-2027
Wg7JIP8_8d0154730de0e346,16BTkzUrQD8DwsV7,,Students; Annual,,,[name],[name],,I only needed SuperSummary for a short time,i_have_too_much_product_1528073051,Project ended or taking a break,project_stop,,Needs (SaaS),needs,8,,,u_401fb4822d6d259e,,,,0,,,Canceled,2026-07-19T18:25:09.000Z,2026-07-19T18:25:29.000Z,2026-07-19T18:25:29.000Z,,29.06,2026-07-19T18:25:29.000Z,cancel,Valid Cancel,annual,2027-07-19T18:23:42.000Z,2027-07-19T18:23:42.000Z,3.0,3.0,36.0,Brightback,,,,,,,16BTkzUrQD8DwsV7,2025-07-19T18:23:40.000Z,,2025-07-19T18:23:42.000Z,,h_5530bde8c8cd8485,,1,2025-07-19T18:23:42.000Z,USD,u_401fb4822d6d259e,ACTIVE,h_5cddb363ff7be3c3,[name],,,,2026-07-19T18:23:42.000Z,student,,1,annual,2025-07-19T18:23:42.000Z,_UNKNOWN,3600,YEAR,,,College,[name],2027-07-19T18:23:42.000Z,,300,,2027-07-19T18:23:42.000Z,2025-07-19T18:23:42.000Z,3600,,,,,,Student Experience [July 2025] [25% one-time / No Entry Modal],,07-19-2025,,07-19-2026,07-19-2025,07-19-2025,07-19-2025,,07-19-2025,07-19-2027
Wg7JIDp_9f705ad34dff9763,1455770,,Teachers; fallback,,,[name],[name],[name],I only needed SuperSummary for a short time,i_have_too_much_product_1528073051,Project ended or taking a break,project_stop,,Needs (SaaS),needs,7,Nothing,,u_d08b3baa83b4dcf9,It's very expensive,,,1,9.95,,Canceled,2026-07-19T18:13:56.000Z,2026-07-19T18:14:33.000Z,2026-07-19T18:14:33.000Z,,29.07,2026-07-19T18:14:33.000Z,cancel,Valid Cancel,monthly,2026-08-17T01:20:39.000Z,2026-08-17T01:20:39.000Z,9.95,9.95,9.95,Brightback,,,,,,,1455770,2025-12-30T05:00:37.000Z,,2026-07-17T01:20:39.000Z,,h_222f7de6b4c80849,,1,2026-07-17T01:20:39.000Z,USD,u_d08b3baa83b4dcf9,ACTIVE,h_ec159243a17eb42a,[name],9.95,monthly_essentials,,2026-07-17T01:20:39.000Z,teacher,,1,monthly_essentials,2026-07-17T01:20:39.000Z,_UNKNOWN,995,MONTH,monthly_essentials,,other,[name],2026-08-17T01:20:39.000Z,,995,,2026-08-17T01:20:39.000Z,2026-07-17T01:20:39.000Z,995,[name],,https://www.supersummary.com/subscription,https://www.supersummary.com/subscription/confirming/cancel,,Teacher Experience [July 2025] [40% one-time / Modal],,07-17-2026,,07-19-2026,07-17-2026,07-17-2026,12-30-2025,,07-17-2026,08-17-2026
Wg7JIa7_9a23b43f1eb11dca,16CW7uV8h0uOcAaQf,,Students; fallback,,,[name],[name],,I only needed SuperSummary for a short time,i_have_too_much_product_1528073051,Project ended or taking a break,project_stop,,Needs (SaaS),needs,6,,,u_2c07194df9822cf0,,,,0,,,Canceled,2026-07-19T18:36:11.000Z,2026-07-19T18:36:37.000Z,2026-07-19T18:36:38.000Z,,29.05,2026-07-19T18:36:38.000Z,cancel,Valid Cancel,monthly,2026-08-18T21:32:45.000Z,2026-08-18T21:32:45.000Z,9.95,9.95,9.95,Brightback,,,,,,,16CW7uV8h0uOcAaQf,2026-01-18T21:32:43.000Z,,2026-01-18T21:32:45.000Z,,h_f3e98020499a9f20,,1,2026-01-18T21:32:45.000Z,USD,u_2c07194df9822cf0,ACTIVE,h_478e4e2d0c46371e,[name],,,,2026-07-18T21:32:45.000Z,student,,1,monthly_essentials,2026-01-18T21:32:45.000Z,_UNKNOWN,995,MONTH,,,College,[name],2026-08-18T21:32:45.000Z,,995,,2026-08-18T21:32:45.000Z,2026-01-18T21:32:45.000Z,995,,,,,,Student Experience [July 2025] [25% one-time / No Entry Modal],,01-18-2026,,07-19-2026,01-18-2026,01-18-2026,01-18-2026,,01-18-2026,08-18-2026
Wg7JFil_9864f4f86f1922ba,1679313,,Teachers; fallback,,,[name],[name],[name],I only needed SuperSummary for a short time,i_have_too_much_product_1528073051,Project ended or taking a break,project_stop,,Needs (SaaS),needs,1,,,u_8fc857b95aa49ccc,,,,0,9.95,,Canceled,2026-07-19T15:44:54.000Z,2026-07-19T15:45:12.000Z,2026-07-19T15:45:12.000Z,,29.17,2026-07-19T15:45:12.000Z,cancel,Valid Cancel,monthly,2026-08-19T15:40:59.000Z,,9.95,9.95,9.95,Brightback,,,,,,,1679313,2026-06-19T15:40:57.000Z,,2026-06-19T15:40:59.000Z,,h_10bdc3748a69d7a6,,1,2026-06-19T15:40:59.000Z,USD,u_8fc857b95aa49ccc,NON_RENEWING,h_2a3a666732f35874,[name],9.95,monthly_essentials,,2026-07-19T15:40:59.000Z,teacher,,1,monthly_essentials,2026-06-19T15:40:59.000Z,_UNKNOWN,995,MONTH,monthly_essentials,,Postgrad Program,[name],,,995,,2026-08-19T15:40:59.000Z,2026-06-19T15:40:59.000Z,995,[name],,https://www.supersummary.com/subscription,https://www.supersummary.com/subscription/confirming/cancel,,Teacher Experience [July 2025] [40% one-time / Modal],,06-19-2026,,07-19-2026,06-19-2026,06-19-2026,06-19-2026,,06-19-2026,
Wg7JEOD_b090455e9855001d,AzZmgdVPlyOzT5DPX,,Students; fallback,,,[name],[name],,I only needed SuperSummary for a short time,i_have_too_much_product_1528073051,Project ended or taking a break,project_stop,,Needs (SaaS),needs,7,,,u_51c9b07b7f3da3e4,,,,0,,,Canceled,2026-07-19T14:24:15.000Z,2026-07-19T14:24:40.000Z,2026-07-19T14:24:41.000Z,,29.23,2026-07-19T14:24:41.000Z,cancel,Valid Cancel,annual,2027-07-19T00:05:07.000Z,2027-07-19T00:05:07.000Z,3.0,3.0,36.0,Brightback,,,,,,,AzZmgdVPlyOzT5DPX,2026-07-19T00:05:06.000Z,,2026-07-19T00:05:07.000Z,,h_322288ddc4016faa,,1,2026-07-19T00:05:07.000Z,USD,u_51c9b07b7f3da3e4,ACTIVE,h_58d0a0841f3f1914,[name],,,,2026-07-19T00:05:07.000Z,student,,1,annual_essentials,2026-07-19T00:05:07.000Z,_UNKNOWN,3600,YEAR,,,Postgrad Program,[name],2027-07-19T00:05:07.000Z,,300,,2027-07-19T00:05:07.000Z,2026-07-19T00:05:07.000Z,3600,,,,,,Student Experience [July 2025] [25% one-time / No Entry Modal],,07-19-2026,,07-19-2026,07-19-2026,07-19-2026,07-19-2026,,07-19-2026,07-19-2027
Wg7JEit_a60d301faa4c3a7c,AzZikhVBgSTlu2Abu,,Students; fallback,,,[name],[name],,I only needed SuperSummary for a short time,i_have_too_much_product_1528073051,Project ended or taking a break,project_stop,,Needs (SaaS),needs,1,Nothing,,u_b568379e1c99698d,,,,0,,,Canceled,2026-07-19T14:45:01.000Z,2026-07-19T14:45:18.000Z,2026-07-19T14:45:18.000Z,,29.22,2026-07-19T14:45:18.000Z,cancel,Valid Cancel,monthly,2026-08-19T14:42:38.000Z,2026-08-19T14:42:38.000Z,9.95,9.95,9.95,Brightback,,,,,,,AzZikhVBgSTlu2Abu,2026-02-19T14:36:54.000Z,,2026-02-19T14:42:38.000Z,,h_a8e94ab5955040ce,,1,2026-02-19T14:42:38.000Z,USD,u_b568379e1c99698d,ACTIVE,h_ec23325118276689,[name],,,,2026-07-19T14:42:38.000Z,student,,1,monthly_essentials,2026-02-19T14:42:38.000Z,_UNKNOWN,995,MONTH,,,College,[name],2026-08-19T14:42:38.000Z,,995,,2026-08-19T14:42:38.000Z,2026-02-19T14:42:38.000Z,995,,,,,,Student Experience [July 2025] [25% one-time / No Entry Modal],,02-19-2026,,07-19-2026,02-19-2026,02-19-2026,02-19-2026,,02-19-2026,08-19-2026
Wg7JA4w_b778b6416b97b7bb,AzyzgKVMpei882civ,,Students; fallback,,,[name],[name],,I only needed SuperSummary for a short time,i_have_too_much_product_1528073051,Project ended or taking a break,project_stop,,Needs (SaaS),needs,10,Nothing ,,u_c4d8bfac7729f094,,,,0,,,Canceled,2026-07-19T10:04:59.000Z,2026-07-19T10:05:14.000Z,2026-07-19T10:05:14.000Z,,29.41,2026-07-19T10:05:14.000Z,cancel,Valid Cancel,monthly,2026-08-17T19:45:21.000Z,2026-08-17T19:45:21.000Z,16.65,16.65,16.65,Brightback,,,,,,,AzyzgKVMpei882civ,2026-06-17T19:37:35.000Z,,2026-06-17T19:45:21.000Z,,h_73bbdee3bbda2475,,1,2026-06-17T19:45:21.000Z,USD,u_c4d8bfac7729f094,ACTIVE,h_2943ca89ff60e2a8,[name],,,,2026-07-17T19:45:21.000Z,student,,1,monthly_plus,2026-06-17T19:45:21.000Z,_UNKNOWN,1665,MONTH,,,College,[name],2026-08-17T19:45:21.000Z,,1665,,2026-08-17T19:45:21.000Z,2026-06-17T19:45:21.000Z,1665,,,,,,Student Experience [July 2025] [25% one-time / No Entry Modal],,06-17-2026,,07-19-2026,06-17-2026,06-17-2026,06-17-2026,,06-17-2026,08-17-2026
Wg7J5sI_8ed453d88f4f2210,AzywkBVPPlTCPJMK,,Book Club Members; fallback,,,[name],[name],,I only needed SuperSummary for a short time,i_have_too_much_product_1528073051,Project ended or taking a break,project_stop,,Needs (SaaS),needs,5,,,u_214483ea9e831244,,,,0,,,Canceled,2026-07-19T05:54:22.000Z,2026-07-19T05:55:04.000Z,2026-07-19T05:55:05.000Z,,29.58,2026-07-19T05:55:05.000Z,cancel,Valid Cancel,annual,2027-07-15T04:55:45.000Z,2027-07-15T04:55:45.000Z,3.0,3.0,36.0,Brightback,,,,,,,AzywkBVPPlTCPJMK,2026-07-15T04:55:44.000Z,,2026-07-15T04:55:45.000Z,,h_cd8c0b42f3eb65be,,1,2026-07-15T04:55:45.000Z,USD,u_214483ea9e831244,ACTIVE,h_ed3f03d91c1c3aab,[name],,,,2026-07-15T04:55:45.000Z,book_club_member,,1,annual_essentials,2026-07-15T04:55:45.000Z,_UNKNOWN,3600,YEAR,,,,[name],2027-07-15T04:55:45.000Z,,300,,2027-07-15T04:55:45.000Z,2026-07-15T04:55:45.000Z,3600,,,,,,BCM Experience [July 2025] [25% one-time / No Entry Modal],,07-15-2026,,07-19-2026,07-15-2026,07-15-2026,07-15-2026,,07-15-2026,07-15-2027
Wg7J4nX_a72861012ada3b61,16CVWDVPbN308HX7,,Book Club Members; fallback,,,[name],[name],,I only needed SuperSummary for a short time,i_have_too_much_product_1528073051,Project ended or taking a break,project_stop,,Needs (SaaS),needs,6,,,u_5b0f3de2f5ebccab,,,,0,,,Canceled,2026-07-19T04:49:35.000Z,2026-07-19T04:50:06.000Z,2026-07-19T04:50:07.000Z,,29.63,2026-07-19T04:50:07.000Z,cancel,Valid Cancel,monthly,2026-08-17T04:34:01.000Z,2026-08-17T04:34:01.000Z,9.95,9.95,9.95,Brightback,,,,,,,16CVWDVPbN308HX7,2026-07-17T04:34:00.000Z,,2026-07-17T04:34:01.000Z,,h_2cfa47a1bc5d2aac,,1,2026-07-17T04:34:01.000Z,USD,u_5b0f3de2f5ebccab,ACTIVE,h_49d54ab770283877,[name],,,,2026-07-17T04:34:01.000Z,book_club_member,,1,monthly_essentials,2026-07-17T04:34:01.000Z,_UNKNOWN,995,MONTH,,,,[name],2026-08-17T04:34:01.000Z,,995,,2026-08-17T04:34:01.000Z,2026-07-17T04:34:01.000Z,995,,,,,,BCM Experience [July 2025] [25% one-time / No Entry Modal],,07-17-2026,,07-19-2026,07-17-2026,07-17-2026,07-17-2026,,07-17-2026,08-17-2026
Wg7J4fA_93dc81b5b1be4eef,1248662,,Students; Annual,,,[name],[name],[name],I only needed SuperSummary for a short time,i_have_too_much_product_1528073051,Project ended or taking a break,project_stop,,Needs (SaaS),needs,5,,,u_6e16d7f906ef4f5b,,,,0,36.0,,Canceled,2026-07-19T04:41:28.000Z,2026-07-19T04:42:32.000Z,2026-07-19T04:42:32.000Z,,29.63,2026-07-19T04:42:32.000Z,cancel,Valid Cancel,annual,2027-06-29T03:17:26.000Z,2027-06-29T03:17:26.000Z,3.0,3.0,36.0,Brightback,,,,,,,1248662,2025-06-29T03:17:24.000Z,,2025-06-29T03:17:26.000Z,,h_a7f4efdd6e34d0bc,,1,2025-06-29T03:17:26.000Z,USD,u_6e16d7f906ef4f5b,ACTIVE,h_1078780aec9253ee,[name],36.0,annual,,2026-06-29T03:17:26.000Z,student,,1,annual,2025-06-29T03:17:26.000Z,_UNKNOWN,3600,YEAR,annual,,High School,[name],2027-06-29T03:17:26.000Z,,300,,2027-06-29T03:17:26.000Z,2025-06-29T03:17:26.000Z,3600,[name],,https://www.supersummary.com/subscription,https://www.supersummary.com/subscription/confirming/cancel,,Student Experience [July 2025] [25% one-time / No Entry Modal],,06-29-2025,,07-19-2026,06-29-2025,06-29-2025,06-29-2025,,06-29-2025,06-29-2027
Wg7J4dS_bfaed579b031e310,1700436,,Teachers; fallback,,,[name],[name],[name],I only needed SuperSummary for a short time,i_have_too_much_product_1528073051,Project ended or taking a break,project_stop,,Needs (SaaS),needs,5,read,,u_9acbe53b7ce2650f,cost,,,1,60.0,,Canceled,2026-07-19T04:39:33.000Z,2026-07-19T04:40:11.000Z,2026-07-19T04:40:11.000Z,,29.64,2026-07-19T04:40:11.000Z,cancel,Valid Cancel,annual,2027-07-19T04:38:25.000Z,2027-07-19T04:38:25.000Z,5.0,5.0,60.0,Brightback,,,,,,,1700436,2026-07-19T04:38:24.000Z,,2026-07-19T04:38:25.000Z,,h_72b60abf20216030,,1,2026-07-19T04:38:25.000Z,USD,u_9acbe53b7ce2650f,ACTIVE,h_028ca57bc066e379,[name],60.0,annual_plus,,2026-07-19T04:38:25.000Z,teacher,,1,annual_plus,2026-07-19T04:38:25.000Z,_UNKNOWN,6000,YEAR,annual_plus,,other,[name],2027-07-19T04:38:25.000Z,,500,,2027-07-19T04:38:25.000Z,2026-07-19T04:38:25.000Z,6000,[name],,https://www.supersummary.com/subscription,https://www.supersummary.com/subscription/confirming/cancel,,Teacher Experience [July 2025] [40% one-time / Modal],,07-19-2026,,07-19-2026,07-19-2026,07-19-2026,07-19-2026,,07-19-2026,07-19-2027
Wg7J1Z2_adbc73fcff1ef760,16CUezVOX7ThSA9Om,,Students; fallback,,,[name],[name],,I only needed SuperSummary for a short time,i_have_too_much_product_1528073051,Project ended or taking a break,project_stop,,Needs (SaaS),needs,7,,,u_df501ddaeb725526,,,,0,,,Canceled,2026-07-19T01:35:04.000Z,2026-07-19T01:35:20.000Z,2026-07-19T01:35:20.000Z,,29.76,2026-07-19T01:35:20.000Z,cancel,Valid Cancel,monthly,2026-08-05T20:38:12.000Z,2026-08-05T20:38:12.000Z,9.95,9.95,9.95,Brightback,,,,,,,16CUezVOX7ThSA9Om,2026-07-05T20:38:08.000Z,,2026-07-05T20:38:12.000Z,,h_e3aef8c74339a24e,,1,2026-07-05T20:38:12.000Z,USD,u_df501ddaeb725526,ACTIVE,h_98d7e585abec775a,[name],,,,2026-07-05T20:38:12.000Z,student,,1,monthly_essentials,2026-07-05T20:38:12.000Z,_UNKNOWN,995,MONTH,,,College,[name],2026-08-05T20:38:12.000Z,,995,,2026-08-05T20:38:12.000Z,2026-07-05T20:38:12.000Z,995,,,,,,Student Experience [July 2025] [25% one-time / No Entry Modal],,07-05-2026,,07-19-2026,07-05-2026,07-05-2026,07-05-2026,,07-05-2026,08-05-2026
Wg7J1Tu_b663a525c5db1a17,169jw4VOdCs3hDJna,,Book Club Members; fallback,,,[name],[name],,I only needed SuperSummary for a short time,i_have_too_much_product_1528073051,Project ended or taking a break,project_stop,,Needs (SaaS),needs,7,,,u_581f38667790355d,,,,0,,,Canceled,2026-07-19T01:30:01.000Z,2026-07-19T01:30:44.000Z,2026-07-19T01:30:45.000Z,,29.77,2026-07-19T01:30:45.000Z,cancel,Valid Cancel,monthly,2026-08-06T21:37:15.000Z,2026-08-06T21:37:15.000Z,9.95,9.95,9.95,Brightback,,,,,,,169jw4VOdCs3hDJna,2026-07-06T21:37:14.000Z,,2026-07-06T21:37:15.000Z,,h_a5c71abcb9abe4e8,,1,2026-07-06T21:37:15.000Z,USD,u_581f38667790355d,ACTIVE,h_8969b15f5af35a42,[name],,,,2026-07-06T21:37:15.000Z,book_club_member,,1,monthly_essentials,2026-07-06T21:37:15.000Z,_UNKNOWN,995,MONTH,,,,[name],2026-08-06T21:37:15.000Z,,995,,2026-08-06T21:37:15.000Z,2026-07-06T21:37:15.000Z,995,,,,,,BCM Experience [July 2025] [25% one-time / No Entry Modal],,07-06-2026,,07-19-2026,07-06-2026,07-06-2026,07-06-2026,,07-06-2026,08-06-2026
Wg7IMP1_9566610362b0c2a2,AzyY6OVPlYwo7544B,,Students; fallback,,,[name],[name],,I only needed SuperSummary for a short time,i_have_too_much_product_1528073051,Project ended or taking a break,project_stop,,Needs (SaaS),needs,7,,,u_9e5922d86d9d07db,,,,0,,,Canceled,2026-07-18T22:25:03.000Z,2026-07-18T22:25:25.000Z,2026-07-18T22:25:26.000Z,,29.9,2026-07-18T22:25:26.000Z,cancel,Valid Cancel,annual,2027-07-18T22:24:00.000Z,2027-07-18T22:24:00.000Z,5.0,5.0,60.0,Brightback,,,,,,,AzyY6OVPlYwo7544B,2026-07-18T22:23:59.000Z,,2026-07-18T22:24:00.000Z,,h_ec63eeee6d02b298,,1,2026-07-18T22:24:00.000Z,USD,u_9e5922d86d9d07db,ACTIVE,h_36ad1157310918a8,[name],,,,2026-07-18T22:24:00.000Z,student,,1,annual_plus,2026-07-18T22:24:00.000Z,_UNKNOWN,6000,YEAR,,,College,[name],2027-07-18T22:24:00.000Z,,500,,2027-07-18T22:24:00.000Z,2026-07-18T22:24:00.000Z,6000,,,,,,Student Experience [July 2025] [25% one-time / No Entry Modal],,07-18-2026,,07-18-2026,07-18-2026,07-18-2026,07-18-2026,,07-18-2026,07-18-2027
Wg7IMIi_b7c4efd9c8a61e28,6okCYVPlU5OM4hCg,,Students; fallback,,,[name],[name],,I only needed SuperSummary for a short time,i_have_too_much_product_1528073051,Project ended or taking a break,project_stop,,Needs (SaaS),needs,5,,,u_94eb4a7bf1d5fa22,,,,0,,,Canceled,2026-07-18T22:18:53.000Z,2026-07-18T22:19:21.000Z,2026-07-18T22:19:21.000Z,,29.9,2026-07-18T22:19:21.000Z,cancel,Valid Cancel,monthly,2026-08-18T22:04:42.000Z,2026-08-18T22:04:42.000Z,9.95,9.95,9.95,Brightback,,,,,,,6okCYVPlU5OM4hCg,2026-07-18T22:04:38.000Z,,2026-07-18T22:04:42.000Z,,h_108a716ca086cb7f,,1,2026-07-18T22:04:42.000Z,USD,u_94eb4a7bf1d5fa22,ACTIVE,h_54c1303f84f2cbe8,[name],,,,2026-07-18T22:04:42.000Z,student,,1,monthly_essentials,2026-07-18T22:04:42.000Z,_UNKNOWN,995,MONTH,,,College,[name],2026-08-18T22:04:42.000Z,,995,,2026-08-18T22:04:42.000Z,2026-07-18T22:04:42.000Z,995,,,,,,Student Experience [July 2025] [25% one-time / No Entry Modal],,07-18-2026,,07-18-2026,07-18-2026,07-18-2026,07-18-2026,,07-18-2026,08-18-2026
Wg7ILtg_95f967a803587d74,16BlOzUJbQkwhCD8f,,Book Club Members; Annual,,,[name],[name],,I only needed SuperSummary for a short time,i_have_too_much_product_1528073051,Project ended or taking a break,project_stop,,Needs (SaaS),needs,8,N/A,,u_67cb777ae604914d,N/A,,,1,,,Canceled,2026-07-18T21:55:44.000Z,2026-07-18T21:56:16.000Z,2026-07-18T21:56:16.000Z,,29.92,2026-07-18T21:56:16.000Z,cancel,Valid Cancel,annual,2026-07-26T04:04:52.000Z,2026-07-26T04:04:52.000Z,3.0,3.0,36.0,Brightback,,,,,,,16BlOzUJbQkwhCD8f,2024-07-26T04:04:50.000Z,,2024-07-26T04:04:52.000Z,,h_40a1305d2ca0c4e0,,1,2024-07-26T04:04:52.000Z,USD,u_67cb777ae604914d,ACTIVE,h_5279b2e67860c3fe,[name],,,,2025-07-26T04:04:52.000Z,book_club_member,,1,annual,2024-07-26T04:04:52.000Z,_UNKNOWN,3600,YEAR,,,,[name],2026-07-26T04:04:52.000Z,,300,,2026-07-26T04:04:52.000Z,2024-07-26T04:04:52.000Z,3600,,,,,,BCM Experience [July 2025] [25% one-time / No Entry Modal],,07-26-2024,,07-18-2026,07-26-2024,07-26-2024,07-26-2024,,07-26-2024,07-26-2026
Wg7ILdO_bb6902234c0bd677,1027509,,Parents; Annual,,,[name],[name],[name],I only needed SuperSummary for a short time,i_have_too_much_product_1528073051,Project ended or taking a break,project_stop,,Needs (SaaS),needs,6,,,u_94008d0f16c83256,,,,0,36.0,,Canceled,2026-07-18T21:39:35.000Z,2026-07-18T21:40:07.000Z,2026-07-18T21:40:07.000Z,,29.93,2026-07-18T21:40:07.000Z,cancel,Valid Cancel,annual,2027-02-26T04:47:42.000Z,2027-02-26T04:47:42.000Z,3.0,3.0,36.0,Brightback,,,,,,,1027509,2025-02-26T04:47:40.000Z,,2025-02-26T04:47:42.000Z,,h_456a3eb2d32c0732,,1,2025-02-26T04:47:42.000Z,USD,u_94008d0f16c83256,ACTIVE,h_b5baf0743d9df6a3,[name],36.0,annual,,2026-02-26T04:47:42.000Z,parent_of_student,,1,annual,2025-02-26T04:47:42.000Z,_UNKNOWN,3600,YEAR,annual,,High School,[name],2027-02-26T04:47:42.000Z,,300,,2027-02-26T04:47:42.000Z,2025-02-26T04:47:42.000Z,3600,[name],,https://www.supersummary.com/subscription,https://www.supersummary.com/subscription/confirming/cancel,,Parent Experience [July 2025] [25% one-time / Modal],,02-26-2025,,07-18-2026,02-26-2025,02-26-2025,02-26-2025,,02-26-2025,02-26-2027
Wg7IKVG_a0498531310629b0,1406740,,Book Club Members; fallback,,,[name],[name],[name],I only needed SuperSummary for a short time,i_have_too_much_product_1528073051,Project ended or taking a break,project_stop,,Needs (SaaS),needs,6,nothing,,u_9d1fbf4fa9029f40,don't ask for a yearly subscription,,,1,36.0,,Canceled,2026-07-18T20:31:43.000Z,2026-07-18T20:33:11.000Z,2026-07-18T20:33:11.000Z,,29.97,2026-07-18T20:33:11.000Z,cancel,Valid Cancel,annual,2027-07-14T17:01:28.000Z,2027-07-14T17:01:28.000Z,3.0,3.0,36.0,Brightback,,,,,,,1406740,2026-07-14T17:01:24.000Z,,2026-07-14T17:01:28.000Z,,h_9d1c2ae9bfa1f507,,1,2026-07-14T17:01:28.000Z,USD,u_9d1fbf4fa9029f40,ACTIVE,h_43ae24770d3a78e9,[name],36.0,annual_essentials,,2026-07-14T17:01:28.000Z,book_club_member,,1,annual_essentials,2026-07-14T17:01:28.000Z,_UNKNOWN,3600,YEAR,annual_essentials,,,[name],2027-07-14T17:01:28.000Z,,300,,2027-07-14T17:01:28.000Z,2026-07-14T17:01:28.000Z,3600,[name],,https://www.supersummary.com/subscription,https://www.supersummary.com/subscription/confirming/cancel,,BCM Experience [July 2025] [25% one-time / No Entry Modal],,07-14-2026,,07-18-2026,07-14-2026,07-14-2026,07-14-2026,,07-14-2026,07-14-2027
Wg7IKPw_9a2684e2f51b9ae6,16BYNsVDr66ax5uDm,,Book Club Members; fallback,,,[name],[name],,I only needed SuperSummary for a short time,i_have_too_much_product_1528073051,Project ended or taking a break,project_stop,,Needs (SaaS),needs,5,,,u_da47da080ed5f682,,,,0,,,Canceled,2026-07-18T20:26:00.000Z,2026-07-18T20:26:17.000Z,2026-07-20T05:15:00.000Z,,29.98,2026-07-20T05:15:00.000Z,cancel,Valid Cancel,monthly,2026-08-14T15:20:31.000Z,2026-08-14T15:20:31.000Z,9.95,9.95,9.95,Brightback,,,,,,,16BYNsVDr66ax5uDm,2026-03-14T15:20:29.000Z,,2026-03-14T15:20:31.000Z,,h_8ef9e8f7c27a6c25,,1,2026-03-14T15:20:31.000Z,USD,u_da47da080ed5f682,ACTIVE,h_7aeab575b4b7dea0,[name],,,,2026-07-14T15:20:31.000Z,book_club_member,,1,monthly_essentials,2026-03-14T15:20:31.000Z,_UNKNOWN,995,MONTH,,,,[name],2026-08-14T15:20:31.000Z,,995,,2026-08-14T15:20:31.000Z,2026-03-14T15:20:31.000Z,995,,,,,,BCM Experience [July 2025] [25% one-time / No Entry Modal],,03-14-2026,,07-18-2026,03-14-2026,03-14-2026,03-14-2026,,03-14-2026,08-14-2026
Wg7IKFa_aa9045082c674f2f,1265400,,Teachers; Annual,,,[name],[name],[name],I only needed SuperSummary for a short time,i_have_too_much_product_1528073051,Project ended or taking a break,project_stop,,Needs (SaaS),needs,6,,,u_3c6a2c1d86e251d7,,,,0,36.0,,Canceled,2026-07-18T20:15:59.000Z,2026-07-18T20:17:02.000Z,2026-07-18T20:17:02.000Z,,29.99,2026-07-18T20:17:02.000Z,cancel,Valid Cancel,annual,2026-07-25T17:35:09.000Z,2026-07-25T17:35:09.000Z,3.0,3.0,36.0,Brightback,,,,,,,1265400,2025-07-25T17:35:07.000Z,,2025-07-25T17:35:09.000Z,,h_ffa7f614d16149f6,,1,2025-07-25T17:35:09.000Z,USD,u_3c6a2c1d86e251d7,ACTIVE,h_ab7c5fa0a23df263,[name],36.0,annual,,2025-07-25T17:35:09.000Z,teacher,,1,annual,2025-07-25T17:35:09.000Z,_UNKNOWN,3600,YEAR,annual,,High School,[name],2026-07-25T17:35:09.000Z,,300,,2026-07-25T17:35:09.000Z,2025-07-25T17:35:09.000Z,3600,[name],,https://www.supersummary.com/subscription,https://www.supersummary.com/subscription/confirming/cancel,,Teacher Experience [July 2025] [40% one-time / Modal],,07-25-2025,,07-18-2026,07-25-2025,07-25-2025,07-25-2025,,07-25-2025,07-25-2026
Wg7IJjM_9de6b144bd412958,AzZZUqVOcdU5cD387,,Book Club Members; fallback,,,[name],[name],,I only needed SuperSummary for a short time,i_have_too_much_product_1528073051,Project ended or taking a break,project_stop,,Needs (SaaS),needs,4,,,u_f9e501730d1dc245,,,,0,,,Canceled,2026-07-18T19:45:27.000Z,2026-07-18T19:45:51.000Z,2026-07-18T19:45:52.000Z,,30.01,2026-07-18T19:45:52.000Z,cancel,Valid Cancel,monthly,2026-08-06T19:16:42.000Z,2026-08-06T19:16:42.000Z,9.95,9.95,9.95,Brightback,,,,,,,AzZZUqVOcdU5cD387,2026-07-06T19:16:39.000Z,,2026-07-06T19:16:42.000Z,,h_215e949d78c4ab63,,1,2026-07-06T19:16:42.000Z,USD,u_f9e501730d1dc245,ACTIVE,h_8b41eb0a3a1244c2,[name],,,,2026-07-06T19:16:42.000Z,book_club_member,,1,monthly_essentials,2026-07-06T19:16:42.000Z,_UNKNOWN,995,MONTH,,,,[name],2026-08-06T19:16:42.000Z,,995,,2026-08-06T19:16:42.000Z,2026-07-06T19:16:42.000Z,995,,,,,,BCM Experience [July 2025] [25% one-time / No Entry Modal],,07-06-2026,,07-18-2026,07-06-2026,07-06-2026,07-06-2026,,07-06-2026,08-06-2026
Wg7IJgM_9f71f087d7a56888,AzZdNlVPkoE284n9I,,Book Club Members; fallback,,,[name],[name],,I only needed SuperSummary for a short time,i_have_too_much_product_1528073051,Project ended or taking a break,project_stop,,Needs (SaaS),needs,4,,,u_a8cc6c94d0220603,No suggestions ,,,1,,,Canceled,2026-07-18T19:42:27.000Z,2026-07-18T19:44:11.000Z,2026-07-18T19:44:11.000Z,,30.01,2026-07-18T19:44:11.000Z,cancel,Valid Cancel,monthly,2026-08-18T19:18:25.000Z,2026-08-18T19:18:25.000Z,16.65,16.65,16.65,Brightback,,,,,,,AzZdNlVPkoE284n9I,2026-07-18T19:18:24.000Z,,2026-07-18T19:18:25.000Z,,h_b9b7f4d3a23d8682,,1,2026-07-18T19:18:25.000Z,USD,u_a8cc6c94d0220603,ACTIVE,h_d8f08fd646d78932,[name],,,,2026-07-18T19:18:25.000Z,book_club_member,,1,monthly_plus,2026-07-18T19:18:25.000Z,_UNKNOWN,1665,MONTH,,,,[name],2026-08-18T19:18:25.000Z,,1665,,2026-08-18T19:18:25.000Z,2026-07-18T19:18:25.000Z,1665,,,,,,BCM Experience [July 2025] [25% one-time / No Entry Modal],,07-18-2026,,07-18-2026,07-18-2026,07-18-2026,07-18-2026,,07-18-2026,08-18-2026
Wg7IHoU_8154acfe6fbd3378,1700066,,fallback,,,[name],[name],[name],I only needed SuperSummary for a short time,i_have_too_much_product_1528073051,Project ended or taking a break,project_stop,,Needs (SaaS),needs,4,goggle,,u_4f8c72fc7109dc22,,,,0,36.0,,Canceled,2026-07-18T17:50:42.000Z,2026-07-18T17:51:55.000Z,2026-07-18T17:51:55.000Z,,30.09,2026-07-18T17:51:55.000Z,cancel,Valid Cancel,annual,2027-07-18T17:27:05.000Z,2027-07-18T17:27:05.000Z,3.0,3.0,36.0,Brightback,,,,,,,1700066,2026-07-18T17:27:04.000Z,,2026-07-18T17:27:05.000Z,,h_258b9622c581e27e,,1,2026-07-18T17:27:05.000Z,USD,u_4f8c72fc7109dc22,ACTIVE,h_77bf878532905789,[name],36.0,annual_essentials,,2026-07-18T17:27:05.000Z,other,,1,annual_essentials,2026-07-18T17:27:05.000Z,_UNKNOWN,3600,YEAR,annual_essentials,,,[name],2027-07-18T17:27:05.000Z,,300,,2027-07-18T17:27:05.000Z,2026-07-18T17:27:05.000Z,3600,[name],,https://www.supersummary.com/subscription,https://www.supersummary.com/subscription/confirming/cancel,,Default/Fallback [July 2025] [25% one time / No entry modal],,07-18-2026,,07-18-2026,07-18-2026,07-18-2026,07-18-2026,,07-18-2026,07-18-2027
Wg7IGOR_958c742911055f0d,16BlNkUrHj04gyVG,,Book Club Members; Annual,,,[name],[name],,I only needed SuperSummary for a short time,i_have_too_much_product_1528073051,Project ended or taking a break,project_stop,,Needs (SaaS),needs,1,,,u_f03db98141485a56,,,,0,,,Canceled,2026-07-18T16:24:32.000Z,2026-07-18T16:25:04.000Z,2026-07-18T16:25:05.000Z,,30.15,2026-07-18T16:25:05.000Z,cancel,Valid Cancel,annual,2027-07-18T07:33:50.000Z,2027-07-18T07:33:50.000Z,3.0,3.0,36.0,Brightback,,,,,,,16BlNkUrHj04gyVG,2025-07-18T07:33:04.000Z,,2025-07-18T07:33:50.000Z,,h_ede6b55094b9d771,,1,2025-07-18T07:33:50.000Z,USD,u_f03db98141485a56,ACTIVE,h_d261acc6d0a9fb1a,[name],,,,2026-07-18T07:33:50.000Z,book_club_member,,1,annual,2025-07-18T07:33:50.000Z,_UNKNOWN,3600,YEAR,,,,[name],2027-07-18T07:33:50.000Z,,300,,2027-07-18T07:33:50.000Z,2025-07-18T07:33:50.000Z,3600,,,,,,BCM Experience [July 2025] [25% one-time / No Entry Modal],,07-18-2025,,07-18-2026,07-18-2025,07-18-2025,07-18-2025,,07-18-2025,07-18-2027
Wg7ICYQ_8ee2084ac22ffa89,1644823,,Students; fallback,,,[name],[name],[name],I only needed SuperSummary for a short time,i_have_too_much_product_1528073051,Project ended or taking a break,project_stop,,Needs (SaaS),needs,2,,,u_849bf9c30c96cbe7,,,,0,9.95,,Canceled,2026-07-18T12:34:33.000Z,2026-07-18T12:34:42.000Z,2026-07-18T12:34:43.000Z,,30.31,2026-07-18T12:34:43.000Z,cancel,Valid Cancel,monthly,2026-08-18T02:36:44.000Z,,9.95,9.95,9.95,Brightback,,,,,,,1644823,2026-05-18T02:36:43.000Z,,2026-05-18T02:36:44.000Z,,h_b1acc84927bd1ba4,,1,2026-05-18T02:36:44.000Z,USD,u_849bf9c30c96cbe7,NON_RENEWING,h_40f744547d843237,[name],9.95,monthly_essentials,,2026-07-18T02:36:44.000Z,student,,1,monthly_essentials,2026-05-18T02:36:44.000Z,_UNKNOWN,995,MONTH,monthly_essentials,,College,[name],,,995,,2026-08-18T02:36:44.000Z,2026-05-18T02:36:44.000Z,995,[name],,https://www.supersummary.com/subscription,https://www.supersummary.com/subscription/confirming/cancel,,Student Experience [July 2025] [25% one-time / No Entry Modal],,05-18-2026,,07-18-2026,05-18-2026,05-18-2026,05-18-2026,,05-18-2026,
Wg7ICXu_89de45235a60a8d7,gG4fVJw3zGM1Z2,,Students; fallback,,,[name],[name],,I only needed SuperSummary for a short time,i_have_too_much_product_1528073051,Project ended or taking a break,project_stop,,Needs (SaaS),needs,2,,,u_849bf9c30c96cbe7,,,,0,,,Canceled,2026-07-18T12:33:59.000Z,2026-07-18T12:34:20.000Z,2026-07-18T12:34:21.000Z,,30.31,2026-07-18T12:34:21.000Z,cancel,Valid Cancel,monthly,2026-08-18T02:36:44.000Z,2026-08-18T02:36:44.000Z,9.95,9.95,9.95,Brightback,,,,,,,gG4fVJw3zGM1Z2,2026-05-18T02:36:43.000Z,,2026-05-18T02:36:44.000Z,,h_b1acc84927bd1ba4,,1,2026-05-18T02:36:44.000Z,USD,u_849bf9c30c96cbe7,ACTIVE,h_40f744547d843237,[name],,,,2026-07-18T02:36:44.000Z,student,,1,monthly_essentials,2026-05-18T02:36:44.000Z,_UNKNOWN,995,MONTH,,,College,[name],2026-08-18T02:36:44.000Z,,995,,2026-08-18T02:36:44.000Z,2026-05-18T02:36:44.000Z,995,,,,,,Student Experience [July 2025] [25% one-time / No Entry Modal],,05-18-2026,,07-18-2026,05-18-2026,05-18-2026,05-18-2026,,05-18-2026,08-18-2026
Wg7I8rq_ab99564db30a0954,1449884,,Students; fallback,,,[name],[name],[name],I only needed SuperSummary for a short time,i_have_too_much_product_1528073051,Project ended or taking a break,project_stop,,Needs (SaaS),needs,3,Nothing,,u_e0eefc6aa16d7887,I didn't know this subscription was still active I am not a user of this website,,,1,9.95,,Canceled,2026-07-18T08:54:06.000Z,2026-07-18T08:55:00.000Z,2026-07-18T08:55:00.000Z,,30.46,2026-07-18T08:55:00.000Z,cancel,Valid Cancel,monthly,2026-08-18T08:52:13.000Z,2026-08-18T08:52:13.000Z,9.95,9.95,9.95,Brightback,,,,,,,1449884,2025-12-18T08:52:11.000Z,,2025-12-18T08:52:13.000Z,,h_3c6248a6b9169293,,1,2025-12-18T08:52:13.000Z,USD,u_e0eefc6aa16d7887,ACTIVE,h_d3ccf1661dc10820,[name],9.95,monthly_essentials,,2026-07-18T08:52:13.000Z,student,,1,monthly_essentials,2025-12-18T08:52:13.000Z,_UNKNOWN,995,MONTH,monthly_essentials,,High School,[name],2026-08-18T08:52:13.000Z,,995,,2026-08-18T08:52:13.000Z,2025-12-18T08:52:13.000Z,995,[name],,https://www.supersummary.com/subscription,https://www.supersummary.com/subscription/confirming/cancel,,Student Experience [July 2025] [25% one-time / No Entry Modal],,12-18-2025,,07-18-2026,12-18-2025,12-18-2025,12-18-2025,,12-18-2025,08-18-2026
Wg7I6VM_83c9992d73c4813e,16A6V3TmzmT2v82r2,,Teachers; Annual,,,[name],[name],,I only needed SuperSummary for a short time,i_have_too_much_product_1528073051,Project ended or taking a break,project_stop,,Needs (SaaS),needs,5,,,u_32eca0179946760c,,,,0,,,Canceled,2026-07-18T06:31:26.000Z,2026-07-18T06:31:50.000Z,2026-07-18T06:31:51.000Z,,30.56,2026-07-18T06:31:51.000Z,cancel,Valid Cancel,annual,2026-08-15T10:08:35.000Z,2026-08-15T10:08:35.000Z,3.0,3.0,36.0,Brightback,,,,,,,16A6V3TmzmT2v82r2,2023-08-15T10:08:33.000Z,,2023-08-15T10:08:35.000Z,,h_a62cdd1cf7ce8d2a,,1,2023-08-15T10:08:35.000Z,USD,u_32eca0179946760c,ACTIVE,h_baf61074c043db4a,[name],,,,2025-08-15T10:08:35.000Z,teacher,,1,annual,2023-08-15T10:08:35.000Z,_UNKNOWN,3600,YEAR,,,High School,[name],2026-08-15T10:08:35.000Z,,300,,2026-08-15T10:08:35.000Z,2023-08-15T10:08:35.000Z,3600,,,,,,Teacher Experience [July 2025] [40% one-time / Modal],,08-15-2023,,07-18-2026,08-15-2023,08-15-2023,08-15-2023,,08-15-2023,08-15-2026
Wg7I6A2_994a8667a40a8cfa,AzZWVyV39CoED45b,,Parents; fallback,,,[name],[name],,I only needed SuperSummary for a short time,i_have_too_much_product_1528073051,Project ended or taking a break,project_stop,,Needs (SaaS),needs,5,,,u_11e447f65e3a7b8a,,,,0,,,Canceled,2026-07-18T06:10:07.000Z,2026-07-18T06:11:01.000Z,2026-07-18T06:11:01.000Z,,30.57,2026-07-18T06:11:01.000Z,cancel,Valid Cancel,monthly,2026-07-21T02:22:21.000Z,2026-07-21T02:22:21.000Z,16.65,16.65,16.65,Brightback,,,,,,,AzZWVyV39CoED45b,2025-11-21T02:21:58.000Z,,2025-11-21T02:22:21.000Z,,h_83496bb982fc1e01,,1,2025-11-21T02:22:21.000Z,USD,u_11e447f65e3a7b8a,ACTIVE,h_2405f0645c7b2d0d,[name],,,,2026-06-21T02:22:21.000Z,parent_of_student,,1,monthly_plus,2025-11-21T02:22:21.000Z,_UNKNOWN,1665,MONTH,,,Middle School,[name],2026-07-21T02:22:21.000Z,,1665,,2026-07-21T02:22:21.000Z,2025-11-21T02:22:21.000Z,1665,,,,,,Parent Experience [July 2025] [25% one-time / No Entry Modal],,11-21-2025,,07-18-2026,11-21-2025,11-21-2025,11-21-2025,,11-21-2025,07-21-2026
Wg7I41t_b2774c3240f4819e,16A3VyVPgvyOH2sQH,,Book Club Members; fallback,,,[name],[name],,I only needed SuperSummary for a short time,i_have_too_much_product_1528073051,Project ended or taking a break,project_stop,,Needs (SaaS),needs,6,,,u_3533d15c9c6c38fe,,,,0,,,Canceled,2026-07-18T04:01:56.000Z,2026-07-18T04:02:17.000Z,2026-07-18T04:02:17.000Z,,30.66,2026-07-18T04:02:17.000Z,cancel,Valid Cancel,annual,2027-07-18T03:24:06.000Z,2027-07-18T03:24:06.000Z,2.25,2.25,36.0,Brightback,,,,,,,16A3VyVPgvyOH2sQH,2024-11-12T22:07:58.000Z,,2026-07-18T03:24:06.000Z,,h_8b3127a0b660e9d8,,1,2026-07-18T03:24:06.000Z,USD,u_3533d15c9c6c38fe,ACTIVE,h_e29991e22d5c17bd,[name],,,,2026-07-18T03:24:06.000Z,book_club_member,,1,annual_essentials,2026-07-18T03:24:06.000Z,_UNKNOWN,3600,YEAR,,nmTKUhkQCvq,,[name],2027-07-18T03:24:06.000Z,,225,,2027-07-18T03:24:06.000Z,2026-07-18T03:24:06.000Z,3600,,,,,,BCM Experience [July 2025] [25% one-time / No Entry Modal],,07-18-2026,,07-18-2026,07-18-2026,07-18-2026,11-12-2024,,07-18-2026,07-18-2027
Wg7I40A_a1cf5bbc6dc93ce7,AzZeBxVPY7YCV1JFg,,Students; fallback,,,[name],[name],,I only needed SuperSummary for a short time,i_have_too_much_product_1528073051,Project ended or taking a break,project_stop,,Needs (SaaS),needs,1,,,u_1f74fb6c7b4c0bcf,,,,0,,,Canceled,2026-07-18T04:00:12.000Z,2026-07-18T04:00:29.000Z,2026-07-18T04:00:29.000Z,,30.66,2026-07-18T04:00:29.000Z,cancel,Valid Cancel,monthly,2026-08-16T15:13:39.000Z,2026-08-16T15:13:39.000Z,16.65,16.65,16.65,Brightback,,,,,,,AzZeBxVPY7YCV1JFg,2026-07-16T15:13:37.000Z,,2026-07-16T15:13:39.000Z,,h_97a5d538d29be6a1,,1,2026-07-16T15:13:39.000Z,USD,u_1f74fb6c7b4c0bcf,ACTIVE,h_0ae6f4e936e5f7d2,[name],,,,2026-07-16T15:13:39.000Z,student,,1,monthly_plus,2026-07-16T15:13:39.000Z,_UNKNOWN,1665,MONTH,,,College,[name],2026-08-16T15:13:39.000Z,,1665,,2026-08-16T15:13:39.000Z,2026-07-16T15:13:39.000Z,1665,,,,,,Student Experience [July 2025] [25% one-time / No Entry Modal],,07-16-2026,,07-18-2026,07-16-2026,07-16-2026,07-16-2026,,07-16-2026,08-16-2026
Wg7I3QP_a9d5fd3c99843e6a,1692277,,fallback,,,[name],[name],[name],I only needed SuperSummary for a short time,i_have_too_much_product_1528073051,Project ended or taking a break,project_stop,,Needs (SaaS),needs,1,,,u_0bbd58b05ef75404,,,,0,36.0,,Canceled,2026-07-18T03:26:31.000Z,2026-07-18T03:27:06.000Z,2026-07-28T18:22:55.000Z,,30.69,2026-07-28T18:22:55.000Z,cancel,Valid Cancel,annual,2027-07-08T04:33:22.000Z,2027-07-08T04:33:22.000Z,3.0,3.0,36.0,Brightback,,,,,,,1692277,2026-07-08T04:32:19.000Z,,2026-07-08T04:33:22.000Z,,h_456b5ad4d247671b,,1,2026-07-08T04:33:22.000Z,USD,u_0bbd58b05ef75404,ACTIVE,h_362d5552e6327e48,[name],36.0,annual_essentials,,2026-07-08T04:33:22.000Z,other,,1,annual_essentials,2026-07-08T04:33:22.000Z,_UNKNOWN,3600,YEAR,annual_essentials,,,[name],2027-07-08T04:33:22.000Z,,300,,2027-07-08T04:33:22.000Z,2026-07-08T04:33:22.000Z,3600,[name],,https://www.supersummary.com/subscription,https://www.supersummary.com/subscription/confirming/cancel,,Default/Fallback [July 2025] [25% one time / No entry modal],,07-08-2026,,07-18-2026,07-08-2026,07-08-2026,07-08-2026,,07-08-2026,07-08-2027
Wg7I3oN_b360dd85a1d71d35,298689,,fallback,,,[name],[name],[name],I only needed SuperSummary for a short time,i_have_too_much_product_1528073051,Project ended or taking a break,project_stop,,Needs (SaaS),needs,8,,,u_16f9bbe6ba48a09c,,,,0,16.65,,Canceled,2026-07-18T03:50:29.000Z,2026-07-18T03:51:09.000Z,2026-07-18T03:51:20.000Z,,30.67,2026-07-18T03:51:20.000Z,cancel,Valid Cancel,monthly,2026-08-17T17:21:16.000Z,2026-08-17T17:21:16.000Z,16.65,16.65,16.65,Brightback,,,,,,,298689,2024-03-08T20:18:25.000Z,,2026-07-17T17:21:16.000Z,,h_242c0c892d7b12c7,,1,2026-07-17T17:21:16.000Z,USD,u_16f9bbe6ba48a09c,ACTIVE,h_f9b722d30e9bf41f,[name],16.65,monthly_plus,,2026-07-17T17:21:16.000Z,librarian,,1,monthly_plus,2026-07-17T17:21:16.000Z,_UNKNOWN,1665,MONTH,monthly_plus,,,[name],2026-08-17T17:21:16.000Z,,1665,,2026-08-17T17:21:16.000Z,2026-07-17T17:21:16.000Z,1665,[name],,https://www.supersummary.com/subscription,https://www.supersummary.com/subscription/confirming/cancel,,Default/Fallback [July 2025] [25% one time / No entry modal],,07-17-2026,,07-18-2026,07-17-2026,07-17-2026,03-08-2024,,07-17-2026,08-17-2026
Wg7I3NB_9ac04e3a9158d1c4,AzqM1pVPMXv33f79,,Book Club Members; fallback,,,[name],[name],,I only needed SuperSummary for a short time,i_have_too_much_product_1528073051,Project ended or taking a break,project_stop,,Needs (SaaS),needs,5,,,u_8a30f2c21c01b422,,,,0,,,Canceled,2026-07-18T03:23:13.000Z,2026-07-18T03:23:36.000Z,2026-07-18T03:23:36.000Z,,30.69,2026-07-18T03:23:36.000Z,cancel,Valid Cancel,annual,2027-07-14T15:43:07.000Z,2027-07-14T15:43:07.000Z,3.0,3.0,36.0,Brightback,,,,,,,AzqM1pVPMXv33f79,2026-07-14T15:43:05.000Z,,2026-07-14T15:43:07.000Z,,h_0ca3078f2bae28cb,,1,2026-07-14T15:43:07.000Z,USD,u_8a30f2c21c01b422,ACTIVE,h_4234445b64976d94,[name],,,,2026-07-14T15:43:07.000Z,book_club_member,,1,annual_essentials,2026-07-14T15:43:07.000Z,_UNKNOWN,3600,YEAR,,,,[name],2027-07-14T15:43:07.000Z,,300,,2027-07-14T15:43:07.000Z,2026-07-14T15:43:07.000Z,3600,,,,,,BCM Experience [July 2025] [25% one-time / No Entry Modal],,07-14-2026,,07-18-2026,07-14-2026,07-14-2026,07-14-2026,,07-14-2026,07-14-2027
Wg7I2m7_bfc5f10e56d60d18,1189787,,Book Club Members; fallback,,,[name],[name],[name],I only needed SuperSummary for a short time,i_have_too_much_product_1528073051,Project ended or taking a break,project_stop,,Needs (SaaS),needs,4,,,u_3ba3f4251278aabb,,,,0,9.95,,Canceled,2026-07-18T02:48:11.000Z,2026-07-18T02:49:25.000Z,2026-07-18T02:49:25.000Z,,30.71,2026-07-18T02:49:25.000Z,cancel,Valid Cancel,monthly,2026-08-15T17:40:51.000Z,2026-08-15T17:40:51.000Z,7.46,7.46,9.95,Brightback,,,,,,,1189787,2025-10-13T06:12:04.000Z,,2026-06-15T17:40:51.000Z,,h_7f216cea26b70139,,1,2026-06-15T17:40:51.000Z,USD,u_3ba3f4251278aabb,ACTIVE,h_709d60c1ead6109b,[name],9.95,monthly_essentials,,2026-07-15T17:40:51.000Z,book_club_member,,1,monthly_essentials,2026-06-15T17:40:51.000Z,_UNKNOWN,995,MONTH,monthly_essentials,nmTKUhkQCvq,,[name],2026-08-15T17:40:51.000Z,,746,,2026-08-15T17:40:51.000Z,2026-06-15T17:40:51.000Z,995,[name],,https://www.supersummary.com/subscription,https://www.supersummary.com/subscription/confirming/cancel,,BCM Experience [July 2025] [25% one-time / No Entry Modal],,06-15-2026,,07-18-2026,06-15-2026,06-15-2026,10-13-2025,,06-15-2026,08-15-2026
Wg7I1MM_9c835e3ff221a9e7,AzZvIeVPg8TMA2kkS,,Book Club Members; fallback,,,[name],[name],,I only needed SuperSummary for a short time,i_have_too_much_product_1528073051,Project ended or taking a break,project_stop,,Needs (SaaS),needs,5,,,u_7451ec28e5a00408,,,,0,,,Canceled,2026-07-18T01:22:26.000Z,2026-07-18T01:22:57.000Z,2026-07-18T01:22:58.000Z,,30.77,2026-07-18T01:22:58.000Z,cancel,Valid Cancel,annual,2027-07-18T00:07:29.000Z,2027-07-18T00:07:29.000Z,5.0,5.0,60.0,Brightback,,,,,,,AzZvIeVPg8TMA2kkS,2026-07-18T00:07:28.000Z,,2026-07-18T00:07:29.000Z,,h_2849a9875f047d1d,,1,2026-07-18T00:07:29.000Z,USD,u_7451ec28e5a00408,ACTIVE,h_d1120114706d259c,[name],,,,2026-07-18T00:07:29.000Z,book_club_member,,1,annual_plus,2026-07-18T00:07:29.000Z,_UNKNOWN,6000,YEAR,,,,[name],2027-07-18T00:07:29.000Z,,500,,2027-07-18T00:07:29.000Z,2026-07-18T00:07:29.000Z,6000,,,,,,BCM Experience [July 2025] [25% one-time / No Entry Modal],,07-18-2026,,07-18-2026,07-18-2026,07-18-2026,07-18-2026,,07-18-2026,07-18-2027
Wg7I1lk_a14396f5e8b17cbc,1326510,,Students; Monthly,,,[name],[name],[name],I only needed SuperSummary for a short time,i_have_too_much_product_1528073051,Project ended or taking a break,project_stop,,Needs (SaaS),needs,10,don't need anything right now. will come back to the website if I need it. this is my preferred website.,,u_1fe4585762234f68,"its great, just dont need it right now. ",,,1,9.95,,Canceled,2026-07-18T01:47:54.000Z,2026-07-18T01:49:28.000Z,2026-07-18T01:49:28.000Z,,30.75,2026-07-18T01:49:28.000Z,cancel,Valid Cancel,monthly,2026-08-05T22:26:04.000Z,2026-08-05T22:26:04.000Z,9.95,9.95,9.95,Brightback,,,,,,,1326510,2025-09-16T02:08:19.000Z,,2025-09-16T02:08:21.000Z,,h_11d20e5ca0ebb2b6,,1,2026-07-05T22:26:04.000Z,USD,u_1fe4585762234f68,ACTIVE,h_3903ff3e09c4c507,[name],9.95,monthly,,2026-07-05T22:26:04.000Z,student,,1,monthly,2025-09-16T02:08:21.000Z,_UNKNOWN,995,MONTH,monthly,,College,[name],2026-08-05T22:26:04.000Z,,995,,2026-08-05T22:26:04.000Z,2025-09-16T02:08:21.000Z,995,[name],,https://www.supersummary.com/subscription,https://www.supersummary.com/subscription/confirming/cancel,,Student Experience [July 2025] [40% forever / Modal],,09-16-2025,,07-18-2026,07-05-2026,09-16-2025,09-16-2025,,09-16-2025,08-05-2026
Wg7I0gM_97eb87106d3a1fb6,1686673,,Students; fallback,,,[name],[name],[name],I only needed SuperSummary for a short time,i_have_too_much_product_1528073051,Project ended or taking a break,project_stop,,Needs (SaaS),needs,2,,,u_28060fc077dc2942,Make it cheaper,,,1,16.65,,Canceled,2026-07-18T00:42:26.000Z,2026-07-18T00:42:45.000Z,2026-07-18T00:42:45.000Z,,30.8,2026-07-18T00:42:45.000Z,cancel,Valid Cancel,monthly,2026-07-29T18:38:48.000Z,2026-07-29T18:38:48.000Z,16.65,16.65,16.65,Brightback,,,,,,,1686673,2026-06-29T18:38:45.000Z,,2026-06-29T18:38:48.000Z,,h_79dfa1b3c6be8f96,,1,2026-06-29T18:38:48.000Z,USD,u_28060fc077dc2942,ACTIVE,h_d32d8525626ae57f,[name],16.65,monthly_plus,,2026-06-29T18:38:48.000Z,student,,1,monthly_plus,2026-06-29T18:38:48.000Z,_UNKNOWN,1665,MONTH,monthly_plus,,Postgrad Program,[name],2026-07-29T18:38:48.000Z,,1665,,2026-07-29T18:38:48.000Z,2026-06-29T18:38:48.000Z,1665,[name],,https://www.supersummary.com/subscription,https://www.supersummary.com/subscription/confirming/cancel,,Student Experience [July 2025] [25% one-time / No Entry Modal],,06-29-2026,,07-18-2026,06-29-2026,06-29-2026,06-29-2026,,06-29-2026,07-29-2026
Wg7HMOO_87b5e44bdfc75868,16BdKzVMhkDS71Fbu,,Students; fallback,,,[name],[name],,I only needed SuperSummary for a short time,i_have_too_much_product_1528073051,Project ended or taking a break,project_stop,,Needs (SaaS),needs,3,,,u_62ac95bccfcfe111,,,,0,,,Canceled,2026-07-17T22:24:28.000Z,2026-07-17T22:24:57.000Z,2026-07-17T22:24:57.000Z,,30.9,2026-07-17T22:24:57.000Z,cancel,Valid Cancel,monthly,2026-08-16T11:17:02.000Z,2026-08-16T11:17:02.000Z,9.95,9.95,9.95,Brightback,,,,,,,16BdKzVMhkDS71Fbu,2026-06-16T11:16:58.000Z,,2026-06-16T11:17:02.000Z,,h_2c8c6e6c1b7970c6,,1,2026-06-16T11:17:02.000Z,USD,u_62ac95bccfcfe111,ACTIVE,h_e306b95324aa0bc8,[name],,,,2026-07-16T11:17:02.000Z,student,,1,monthly_essentials,2026-06-16T11:17:02.000Z,_UNKNOWN,995,MONTH,,,Postgrad Program,[name],2026-08-16T11:17:02.000Z,,995,,2026-08-16T11:17:02.000Z,2026-06-16T11:17:02.000Z,995,,,,,,Student Experience [July 2025] [25% one-time / No Entry Modal],,06-16-2026,,07-17-2026,06-16-2026,06-16-2026,06-16-2026,,06-16-2026,08-16-2026
Wg7HMEV_86ca5ecf16beab75,1604498,,Students; fallback,,,[name],[name],[name],I only needed SuperSummary for a short time,i_have_too_much_product_1528073051,Project ended or taking a break,project_stop,,Needs (SaaS),needs,1,No longer in school,,u_2202a2d769cb0384,,,,0,9.95,,Canceled,2026-07-17T22:14:45.000Z,2026-07-17T22:15:54.000Z,2026-07-17T22:15:54.000Z,,30.9,2026-07-17T22:15:54.000Z,cancel,Valid Cancel,monthly,2026-07-18T13:12:13.000Z,2026-07-18T13:12:13.000Z,9.95,9.95,9.95,Brightback,,,,,,,1604498,2026-04-18T13:12:10.000Z,,2026-04-18T13:12:13.000Z,,h_cc573dc37b71da3f,,1,2026-04-18T13:12:13.000Z,USD,u_2202a2d769cb0384,ACTIVE,h_17c4d97a33a11d94,[name],9.95,monthly_essentials,,2026-06-18T13:12:13.000Z,student,,1,monthly_essentials,2026-04-18T13:12:13.000Z,_UNKNOWN,995,MONTH,monthly_essentials,,Postgrad Program,[name],2026-07-18T13:12:13.000Z,,995,,2026-07-18T13:12:13.000Z,2026-04-18T13:12:13.000Z,995,[name],,https://www.supersummary.com/subscription,https://www.supersummary.com/subscription/confirming/cancel,,Student Experience [July 2025] [25% one-time / No Entry Modal],,04-18-2026,,07-17-2026,04-18-2026,04-18-2026,04-18-2026,,04-18-2026,07-18-2026
Wg7HLZQ_8c9bef7d3bbb411b,AzyiWYUyfl06yCOqy,,fallback,,,[name],[name],,I only needed SuperSummary for a short time,i_have_too_much_product_1528073051,Project ended or taking a break,project_stop,,Needs (SaaS),needs,5,,,u_69b2891b12192b9b,,,,0,,,Canceled,2026-07-17T21:35:28.000Z,2026-07-17T21:36:22.000Z,2026-07-17T21:36:22.000Z,,30.93,2026-07-17T21:36:22.000Z,cancel,Valid Cancel,monthly,2026-08-04T15:34:29.000Z,2026-08-04T15:34:29.000Z,16.65,16.65,16.65,Brightback,,,,,,,AzyiWYUyfl06yCOqy,2025-10-04T15:34:26.000Z,,2025-10-04T15:34:29.000Z,,h_8a90e0ccb5afebe4,,1,2025-10-04T15:34:29.000Z,USD,u_69b2891b12192b9b,ACTIVE,h_8833fd36be772ae8,[name],,,,2026-07-04T15:34:29.000Z,other,,1,monthly_plus,2025-10-04T15:34:29.000Z,_UNKNOWN,1665,MONTH,,,,[name],2026-08-04T15:34:29.000Z,,1665,,2026-08-04T15:34:29.000Z,2025-10-04T15:34:29.000Z,1665,,,,,,Default/Fallback [July 2025] [25% one time / No entry modal],,10-04-2025,,07-17-2026,10-04-2025,10-04-2025,10-04-2025,,10-04-2025,08-04-2026
Wg7HLco_b2149d002e6245b4,1038123,,Teachers; fallback,,,[name],[name],[name],I only needed SuperSummary for a short time,i_have_too_much_product_1528073051,Project ended or taking a break,project_stop,,Needs (SaaS),needs,3,The Internet,,u_2c33a4dc48be188e,"It's quite expensive and you have to do a whole year at one time, you should charge smaller amounts for people who just need help with one book",,,1,36.0,,Canceled,2026-07-17T21:38:55.000Z,2026-07-17T21:39:42.000Z,2026-07-17T21:39:42.000Z,,30.93,2026-07-17T21:39:42.000Z,cancel,Valid Cancel,annual,2027-07-13T00:07:33.000Z,2027-07-13T00:07:33.000Z,3.0,3.0,36.0,Brightback,,,,,,,1038123,2026-07-13T00:07:32.000Z,,2026-07-13T00:07:33.000Z,,h_3c67f408b23065c0,,1,2026-07-13T00:07:33.000Z,USD,u_2c33a4dc48be188e,ACTIVE,h_d56b058d686c84ca,[name],36.0,annual_essentials,,2026-07-13T00:07:33.000Z,teacher,,1,annual_essentials,2026-07-13T00:07:33.000Z,_UNKNOWN,3600,YEAR,annual_essentials,,Postgrad Program,[name],2027-07-13T00:07:33.000Z,,300,,2027-07-13T00:07:33.000Z,2026-07-13T00:07:33.000Z,3600,[name],,https://www.supersummary.com/subscription,https://www.supersummary.com/subscription/confirming/cancel,,Teacher Experience [July 2025] [40% one-time / Modal],,07-13-2026,,07-17-2026,07-13-2026,07-13-2026,07-13-2026,,07-13-2026,07-13-2027
Wg7HKU8_83f9b3c54f55ec8b,Azz1eoVPeWQ2e1yAJ,,Book Club Members; fallback,,,[name],[name],,I only needed SuperSummary for a short time,i_have_too_much_product_1528073051,Project ended or taking a break,project_stop,,Needs (SaaS),needs,5,,,u_d7322662d6ab8e2e,,,,0,,,Canceled,2026-07-17T20:30:11.000Z,2026-07-17T20:30:40.000Z,2026-07-17T20:30:40.000Z,,30.98,2026-07-17T20:30:40.000Z,cancel,Valid Cancel,annual,2027-07-17T17:30:03.000Z,2027-07-17T17:30:03.000Z,3.0,3.0,36.0,Brightback,,,,,,,Azz1eoVPeWQ2e1yAJ,2026-07-17T17:30:02.000Z,,2026-07-17T17:30:03.000Z,,h_4fd1eaa0e68c79d6,,1,2026-07-17T17:30:03.000Z,USD,u_d7322662d6ab8e2e,ACTIVE,h_fe62f609effd786c,[name],,,,2026-07-17T17:30:03.000Z,book_club_member,,1,annual_essentials,2026-07-17T17:30:03.000Z,_UNKNOWN,3600,YEAR,,,,[name],2027-07-17T17:30:03.000Z,,300,,2027-07-17T17:30:03.000Z,2026-07-17T17:30:03.000Z,3600,,,,,,BCM Experience [July 2025] [25% one-time / No Entry Modal],,07-17-2026,,07-17-2026,07-17-2026,07-17-2026,07-17-2026,,07-17-2026,07-17-2027
Wg7HJYq_b940dab190d4c340,Azymt5VNPTye72PFo,,Book Club Members; fallback,,,[name],[name],,I only needed SuperSummary for a short time,i_have_too_much_product_1528073051,Project ended or taking a break,project_stop,,Needs (SaaS),needs,5,N/A,,u_dfe72b78969d45a5,N/A,,,1,,,Canceled,2026-07-17T19:34:55.000Z,2026-07-17T19:35:27.000Z,2026-07-17T19:35:28.000Z,,31.01,2026-07-17T19:35:28.000Z,cancel,Valid Cancel,annual,2027-06-23T22:48:31.000Z,2027-06-23T22:48:31.000Z,3.0,3.0,36.0,Brightback,,,,,,,Azymt5VNPTye72PFo,2026-06-23T22:48:29.000Z,,2026-06-23T22:48:31.000Z,,h_14fa5dd669ae7828,,1,2026-06-23T22:48:31.000Z,USD,u_dfe72b78969d45a5,ACTIVE,h_3509412b4abe9879,[name],,,,2026-06-23T22:48:31.000Z,book_club_member,,1,annual_essentials,2026-06-23T22:48:31.000Z,_UNKNOWN,3600,YEAR,,,,[name],2027-06-23T22:48:31.000Z,,300,,2027-06-23T22:48:31.000Z,2026-06-23T22:48:31.000Z,3600,,,,,,BCM Experience [July 2025] [25% one-time / No Entry Modal],,06-23-2026,,07-17-2026,06-23-2026,06-23-2026,06-23-2026,,06-23-2026,06-23-2027
Wg7HJlZ_9ff5cdd43303357d,16BjleUU1hznHDLpg,,Students; Monthly,,,[name],[name],,I only needed SuperSummary for a short time,i_have_too_much_product_1528073051,Project ended or taking a break,project_stop,,Needs (SaaS),needs,7,,,u_acee175fbc11c1a4,,,,0,,,Canceled,2026-07-17T19:47:39.000Z,2026-07-17T19:48:03.000Z,2026-07-17T19:48:04.000Z,,31.01,2026-07-17T19:48:04.000Z,cancel,Valid Cancel,monthly,2026-08-13T16:45:14.000Z,2026-08-13T16:45:14.000Z,9.95,9.95,9.95,Brightback,,,,,,,16BjleUU1hznHDLpg,2024-11-13T16:45:10.000Z,,2024-11-13T16:45:14.000Z,,h_5c83087a46a1e593,,1,2024-11-13T16:45:14.000Z,USD,u_acee175fbc11c1a4,ACTIVE,h_be7df55b5695015f,[name],,,,2026-07-13T16:45:14.000Z,student,,1,monthly,2024-11-13T16:45:14.000Z,_UNKNOWN,995,MONTH,,,College,[name],2026-08-13T16:45:14.000Z,,995,,2026-08-13T16:45:14.000Z,2024-11-13T16:45:14.000Z,995,,,,,,Student Experience [July 2025] [40% forever / Modal],,11-13-2024,,07-17-2026,11-13-2024,11-13-2024,11-13-2024,,11-13-2024,08-13-2026
Wg7HJAb_b0b73af1fc4193a3,16CL6zVMpFxfo2MbJ,,Book Club Members; fallback,,,[name],[name],,I only needed SuperSummary for a short time,i_have_too_much_product_1528073051,Project ended or taking a break,project_stop,,Needs (SaaS),needs,6,,,u_8b628fe2853a05c6,,,,0,,,Canceled,2026-07-17T19:10:38.000Z,2026-07-17T19:10:52.000Z,2026-07-17T19:10:52.000Z,,31.03,2026-07-17T19:10:52.000Z,cancel,Valid Cancel,annual,2027-06-17T18:07:02.000Z,2027-06-17T18:07:02.000Z,5.0,5.0,60.0,Brightback,,,,,,,16CL6zVMpFxfo2MbJ,2026-06-17T18:05:39.000Z,,2026-06-17T18:07:02.000Z,,h_2dad6dcd38787cb5,,1,2026-06-17T18:07:02.000Z,USD,u_8b628fe2853a05c6,ACTIVE,h_8e623236b8a881ab,[name],,,,2026-06-17T18:07:02.000Z,book_club_member,,1,annual_plus,2026-06-17T18:07:02.000Z,_UNKNOWN,6000,YEAR,,,,[name],2027-06-17T18:07:02.000Z,,500,,2027-06-17T18:07:02.000Z,2026-06-17T18:07:02.000Z,6000,,,,,,BCM Experience [July 2025] [25% one-time / No Entry Modal],,06-17-2026,,07-17-2026,06-17-2026,06-17-2026,06-17-2026,,06-17-2026,06-17-2027
Wg7HGOH_a3d3aa2e1607be7b,2062,,fallback,,,[name],[name],[name],I only needed SuperSummary for a short time,i_have_too_much_product_1528073051,Project ended or taking a break,project_stop,,Needs (SaaS),needs,8,,,u_c5201c2f08662547,,,,0,16.65,,Canceled,2026-07-17T16:24:27.000Z,2026-07-17T16:25:14.000Z,2026-07-17T16:25:14.000Z,,31.15,2026-07-17T16:25:14.000Z,cancel,Valid Cancel,monthly,2026-08-13T16:35:58.000Z,2026-08-13T16:35:58.000Z,16.65,16.65,16.65,Brightback,,,,,,,2062,2020-08-07T16:55:38.000Z,,2026-07-13T16:35:58.000Z,,h_ab204db761397631,,1,2026-07-13T16:35:58.000Z,USD,u_c5201c2f08662547,ACTIVE,h_d285c132be5bd74d,[name],16.65,monthly_plus,,2026-07-13T16:35:58.000Z,other,,1,monthly_plus,2026-07-13T16:35:58.000Z,_UNKNOWN,1665,MONTH,monthly_plus,,,[name],2026-08-13T16:35:58.000Z,,1665,,2026-08-13T16:35:58.000Z,2026-07-13T16:35:58.000Z,1665,[name],,https://www.supersummary.com/subscription,https://www.supersummary.com/subscription/confirming/cancel,,Default/Fallback [July 2025] [25% one time / No entry modal],,07-13-2026,,07-17-2026,07-13-2026,07-13-2026,08-07-2020,,07-13-2026,08-13-2026
Wg7HGNu_b5d5173059e1d68a,389167,,Students; Annual,,,[name],[name],[name],I only needed SuperSummary for a short time,i_have_too_much_product_1528073051,Project ended or taking a break,project_stop,,Needs (SaaS),needs,6,,,u_88befb67de00a450,,,,0,36.0,,Canceled,2026-07-17T16:24:10.000Z,2026-07-17T16:24:52.000Z,2026-07-17T16:24:52.000Z,,31.15,2026-07-17T16:24:52.000Z,cancel,Valid Cancel,annual,2027-07-17T16:21:45.000Z,2027-07-17T16:21:45.000Z,3.0,3.0,36.0,Brightback,,,,,,,389167,2023-07-17T16:21:43.000Z,,2023-07-17T16:21:45.000Z,,h_d0f403b9fd4665c1,,1,2023-07-17T16:21:45.000Z,USD,u_88befb67de00a450,ACTIVE,h_9aeba0c54fbec031,[name],36.0,annual,,2026-07-17T16:21:45.000Z,student,,1,annual,2023-07-17T16:21:45.000Z,_UNKNOWN,3600,YEAR,annual,,Middle School,[name],2027-07-17T16:21:45.000Z,,300,,2027-07-17T16:21:45.000Z,2023-07-17T16:21:45.000Z,3600,[name],,https://www.supersummary.com/subscription,https://www.supersummary.com/subscription/confirming/cancel,,Student Experience [July 2025] [25% one-time / No Entry Modal],,07-17-2023,,07-17-2026,07-17-2023,07-17-2023,07-17-2023,,07-17-2023,07-17-2027
Wg7HGj5_a42fdfbbd52d9a76,1259708,,Book Club Members; fallback,,,[name],[name],[name],I only needed SuperSummary for a short time,i_have_too_much_product_1528073051,Project ended or taking a break,project_stop,,Needs (SaaS),needs,3,book club questions,,u_ffcc3caeca599dac,,,,0,36.0,,Canceled,2026-07-17T16:45:11.000Z,2026-07-17T16:46:07.000Z,2026-07-17T16:46:07.000Z,,31.13,2026-07-17T16:46:07.000Z,cancel,Valid Cancel,annual,2027-07-17T16:33:42.000Z,2027-07-17T16:33:42.000Z,3.0,3.0,36.0,Brightback,,,,,,,1259708,2026-07-17T16:33:39.000Z,,2026-07-17T16:33:42.000Z,,h_b16f7aa91edd08a0,,1,2026-07-17T16:33:42.000Z,USD,u_ffcc3caeca599dac,ACTIVE,h_d0800e0eca27e99a,[name],36.0,annual_essentials,,2026-07-17T16:33:42.000Z,book_club_member,,1,annual_essentials,2026-07-17T16:33:42.000Z,_UNKNOWN,3600,YEAR,annual_essentials,,,[name],2027-07-17T16:33:42.000Z,,300,,2027-07-17T16:33:42.000Z,2026-07-17T16:33:42.000Z,3600,[name],,https://www.supersummary.com/subscription,https://www.supersummary.com/subscription/confirming/cancel,,BCM Experience [July 2025] [25% one-time / No Entry Modal],,07-17-2026,,07-17-2026,07-17-2026,07-17-2026,07-17-2026,,07-17-2026,07-17-2027
Wg7HGEC_984559b8092cf211,AzZt1tVPGi8Jv1NXu,,Students; fallback,,,[name],[name],,I only needed SuperSummary for a short time,i_have_too_much_product_1528073051,Project ended or taking a break,project_stop,,Needs (SaaS),needs,7,,,u_b19675f0d973d5a0,,,,0,,,Canceled,2026-07-17T16:14:14.000Z,2026-07-17T16:14:57.000Z,2026-07-17T16:14:57.000Z,,31.15,2026-07-17T16:14:57.000Z,cancel,Valid Cancel,annual,2027-07-13T15:46:03.000Z,2027-07-13T15:46:03.000Z,3.0,3.0,36.0,Brightback,,,,,,,AzZt1tVPGi8Jv1NXu,2026-07-13T15:46:02.000Z,,2026-07-13T15:46:03.000Z,,h_b02add838629c5ce,,1,2026-07-13T15:46:03.000Z,USD,u_b19675f0d973d5a0,ACTIVE,h_214679c761f4e383,[name],,,,2026-07-13T15:46:03.000Z,student,,1,annual_essentials,2026-07-13T15:46:03.000Z,_UNKNOWN,3600,YEAR,,,College,[name],2027-07-13T15:46:03.000Z,,300,,2027-07-13T15:46:03.000Z,2026-07-13T15:46:03.000Z,3600,,,,,,Student Experience [July 2025] [25% one-time / No Entry Modal],,07-13-2026,,07-17-2026,07-13-2026,07-13-2026,07-13-2026,,07-13-2026,07-13-2027
Wg7HFou_b865dd60750d7f02,612145,,Book Club Members; Annual,,,[name],[name],[name],I only needed SuperSummary for a short time,i_have_too_much_product_1528073051,Project ended or taking a break,project_stop,,Needs (SaaS),needs,1,,,u_841673b8a9c5fbba,,,,0,36.0,,Canceled,2026-07-17T15:51:07.000Z,2026-07-17T15:51:31.000Z,2026-07-17T15:51:31.000Z,,31.17,2026-07-17T15:51:31.000Z,cancel,Valid Cancel,annual,2027-07-17T15:24:02.000Z,2027-07-17T15:24:02.000Z,3.0,3.0,36.0,Brightback,,,,,,,612145,2024-07-17T15:22:37.000Z,,2024-07-17T15:24:02.000Z,,h_c994660842034a28,,1,2024-07-17T15:24:02.000Z,USD,u_841673b8a9c5fbba,ACTIVE,h_cc5dca77d07caad3,[name],36.0,annual,,2026-07-17T15:24:02.000Z,book_club_member,,1,annual,2024-07-17T15:24:02.000Z,_UNKNOWN,3600,YEAR,annual,,,[name],2027-07-17T15:24:02.000Z,,300,,2027-07-17T15:24:02.000Z,2024-07-17T15:24:02.000Z,3600,[name],,https://www.supersummary.com/subscription,https://www.supersummary.com/subscription/confirming/cancel,,BCM Experience [July 2025] [25% one-time / No Entry Modal],,07-17-2024,,07-17-2026,07-17-2024,07-17-2024,07-17-2024,,07-17-2024,07-17-2027
Wg7HFnD_b8b9763d9510d575,1684218,,Students; fallback,,,[name],[name],[name],I only needed SuperSummary for a short time,i_have_too_much_product_1528073051,Project ended or taking a break,project_stop,,Needs (SaaS),needs,2,none,,u_2691d1a7f8bafb6a,none,,,1,16.65,,Canceled,2026-07-17T15:49:19.000Z,2026-07-17T15:49:50.000Z,2026-07-17T15:49:50.000Z,,31.17,2026-07-17T15:52:06.000Z,cancel,Valid Cancel,monthly,2026-07-25T21:49:58.000Z,2026-07-25T21:49:58.000Z,16.65,16.65,16.65,Brightback,,,,,,,1684218,2026-06-25T21:49:42.000Z,,2026-06-25T21:49:58.000Z,,h_ab12a58950fd8120,,1,2026-06-25T21:49:58.000Z,USD,u_2691d1a7f8bafb6a,ACTIVE,h_0dc039a4e3975d8d,[name],16.65,monthly_plus,,2026-06-25T21:49:58.000Z,student,,1,monthly_plus,2026-06-25T21:49:58.000Z,_UNKNOWN,1665,MONTH,monthly_plus,,other,[name],2026-07-25T21:49:58.000Z,,1665,,2026-07-25T21:49:58.000Z,2026-06-25T21:49:58.000Z,1665,[name],,https://www.supersummary.com/subscription,https://www.supersummary.com/subscription/confirming/cancel,,Student Experience [July 2025] [25% one-time / No Entry Modal],,06-25-2026,,07-17-2026,06-25-2026,06-25-2026,06-25-2026,,06-25-2026,07-25-2026
Wg7HDVb_b609ada5e85a33e1,16BlLtUImuI9B3D4g,,Book Club Members; Annual,,,[name],[name],,I only needed SuperSummary for a short time,i_have_too_much_product_1528073051,Project ended or taking a break,project_stop,,Needs (SaaS),needs,6,,,u_71ac5c1942bd0c68,,,,0,,,Canceled,2026-07-17T13:31:39.000Z,2026-07-17T13:32:01.000Z,2026-07-17T22:16:19.000Z,,31.27,2026-07-17T22:16:19.000Z,cancel,Valid Cancel,annual,2027-07-17T12:42:18.000Z,2027-07-17T12:42:18.000Z,3.0,3.0,36.0,Brightback,,,,,,,16BlLtUImuI9B3D4g,2024-07-17T12:42:17.000Z,,2024-07-17T12:42:18.000Z,,h_14772991a096b22d,,1,2024-07-17T12:42:18.000Z,USD,u_71ac5c1942bd0c68,ACTIVE,h_5e976e2fe4240b41,[name],,,,2026-07-17T12:42:18.000Z,book_club_member,,1,annual,2024-07-17T12:42:18.000Z,_UNKNOWN,3600,YEAR,,,,[name],2027-07-17T12:42:18.000Z,,300,,2027-07-17T12:42:18.000Z,2024-07-17T12:42:18.000Z,3600,,,,,,BCM Experience [July 2025] [25% one-time / No Entry Modal],,07-17-2024,,07-17-2026,07-17-2024,07-17-2024,07-17-2024,,07-17-2024,07-17-2027
Wg7HDFt_97b4bf840a0a76b3,6obISVPNqNqy1RPx,,fallback,,,[name],[name],,I only needed SuperSummary for a short time,i_have_too_much_product_1528073051,Project ended or taking a break,project_stop,,Needs (SaaS),needs,5,,,u_2af47d0f964fd95f,,,,0,,,Canceled,2026-07-17T13:15:58.000Z,2026-07-17T13:16:37.000Z,2026-07-17T13:16:37.000Z,,31.28,2026-07-17T13:16:37.000Z,cancel,Valid Cancel,annual,2027-07-14T21:02:44.000Z,2027-07-14T21:02:44.000Z,5.0,5.0,60.0,Brightback,,,,,,,6obISVPNqNqy1RPx,2026-07-14T21:02:41.000Z,,2026-07-14T21:02:44.000Z,,h_42675011059dd7b3,,1,2026-07-14T21:02:44.000Z,USD,u_2af47d0f964fd95f,ACTIVE,h_b8e886fc70dac7be,[name],,,,2026-07-14T21:02:44.000Z,other,,1,annual_plus,2026-07-14T21:02:44.000Z,_UNKNOWN,6000,YEAR,,,,[name],2027-07-14T21:02:44.000Z,,500,,2027-07-14T21:02:44.000Z,2026-07-14T21:02:44.000Z,6000,,,,,,Default/Fallback [July 2025] [25% one time / No entry modal],,07-14-2026,,07-17-2026,07-14-2026,07-14-2026,07-14-2026,,07-14-2026,07-14-2027
Wg7HBqu_9380a92b4ac2179b,AzqaeLUjVcIwLCxyL,,Book Club Members; Annual,,,[name],[name],,I only needed SuperSummary for a short time,i_have_too_much_product_1528073051,Project ended or taking a break,project_stop,,Needs (SaaS),needs,2,,,u_dbde39704076580b,,,,0,,,Canceled,2026-07-17T11:52:59.000Z,2026-07-17T11:53:11.000Z,2026-07-17T11:53:11.000Z,,31.33,2026-07-17T11:53:11.000Z,cancel,Valid Cancel,annual,2027-04-26T20:44:00.000Z,2027-04-26T20:44:00.000Z,3.0,3.0,36.0,Brightback,,,,,,,AzqaeLUjVcIwLCxyL,2021-01-14T15:40:41.000Z,,2025-04-26T20:44:00.000Z,,h_c5cca6ba1b2b74cb,,1,2025-04-26T20:44:00.000Z,USD,u_dbde39704076580b,ACTIVE,h_61c1edcaacc5807f,[name],,,,2026-04-26T20:44:00.000Z,book_club_member,,1,annual,2025-04-26T20:44:00.000Z,_UNKNOWN,3600,YEAR,,,,[name],2027-04-26T20:44:00.000Z,,300,,2027-04-26T20:44:00.000Z,2025-04-26T20:44:00.000Z,3600,,,,,,BCM Experience [July 2025] [25% one-time / No Entry Modal],,04-26-2025,,07-17-2026,04-26-2025,04-26-2025,01-14-2021,,04-26-2025,04-26-2027
Wg7HASS_8bf4cc055afef2c1,16BQhrVPX0YZUfEE,,Book Club Members; fallback,,,[name],[name],,I only needed SuperSummary for a short time,i_have_too_much_product_1528073051,Project ended or taking a break,project_stop,,Needs (SaaS),needs,5,,,u_1fc3da7fe3cd9668,,,,0,,,Canceled,2026-07-17T10:28:30.000Z,2026-07-17T10:29:15.000Z,2026-07-17T10:29:15.000Z,,31.39,2026-07-17T10:29:15.000Z,cancel,Valid Cancel,annual,2027-07-16T10:39:35.000Z,2027-07-16T10:39:35.000Z,3.0,3.0,36.0,Brightback,,,,,,,16BQhrVPX0YZUfEE,2026-07-16T10:39:34.000Z,,2026-07-16T10:39:35.000Z,,h_227ad42219aabbaf,,1,2026-07-16T10:39:35.000Z,USD,u_1fc3da7fe3cd9668,ACTIVE,h_edd782090226c181,[name],,,,2026-07-16T10:39:35.000Z,book_club_member,,1,annual_essentials,2026-07-16T10:39:35.000Z,_UNKNOWN,3600,YEAR,,,,[name],2027-07-16T10:39:35.000Z,,300,,2027-07-16T10:39:35.000Z,2026-07-16T10:39:35.000Z,3600,,,,,,BCM Experience [July 2025] [25% one-time / No Entry Modal],,07-16-2026,,07-17-2026,07-16-2026,07-16-2026,07-16-2026,,07-16-2026,07-16-2027
Wg7H9uC_8b47c5705deae4de,16CIJyVPaDaYh2Z1A,,Book Club Members; fallback,,,[name],[name],,I only needed SuperSummary for a short time,i_have_too_much_product_1528073051,Project ended or taking a break,project_stop,,Needs (SaaS),needs,5,N/A,,u_78cb98be9f90b547,,,,0,,,Canceled,2026-07-17T09:56:14.000Z,2026-07-17T09:56:35.000Z,2026-07-17T09:56:36.000Z,,31.42,2026-07-17T09:56:36.000Z,cancel,Valid Cancel,monthly,2026-08-16T23:50:10.000Z,2026-08-16T23:50:10.000Z,9.95,9.95,9.95,Brightback,,,,,,,16CIJyVPaDaYh2Z1A,2026-07-16T23:50:07.000Z,,2026-07-16T23:50:10.000Z,,h_5f7efcc6a33819b6,,1,2026-07-16T23:50:10.000Z,USD,u_78cb98be9f90b547,ACTIVE,h_826481ef6048ddf2,[name],,,,2026-07-16T23:50:10.000Z,book_club_member,,1,monthly_essentials,2026-07-16T23:50:10.000Z,_UNKNOWN,995,MONTH,,,,[name],2026-08-16T23:50:10.000Z,,995,,2026-08-16T23:50:10.000Z,2026-07-16T23:50:10.000Z,995,,,,,,BCM Experience [July 2025] [25% one-time / No Entry Modal],,07-16-2026,,07-17-2026,07-16-2026,07-16-2026,07-16-2026,,07-16-2026,08-16-2026
Wg7H9M3_93f8016846da3967,AzysrcVPcQmLKmoH,,Book Club Members; fallback,,,[name],[name],,I only needed SuperSummary for a short time,i_have_too_much_product_1528073051,Project ended or taking a break,project_stop,,Needs (SaaS),needs,10,,,u_b243a2991182577c,,,,0,,,Canceled,2026-07-17T09:22:06.000Z,2026-07-17T09:22:38.000Z,2026-07-17T09:22:38.000Z,,31.44,2026-07-17T09:22:38.000Z,cancel,Valid Cancel,annual,2027-07-17T08:55:07.000Z,2027-07-17T08:55:07.000Z,3.0,3.0,36.0,Brightback,,,,,,,AzysrcVPcQmLKmoH,2026-07-17T08:55:05.000Z,,2026-07-17T08:55:07.000Z,,h_f1b0b172fe9b3ac7,,1,2026-07-17T08:55:07.000Z,USD,u_b243a2991182577c,ACTIVE,h_f347dc9b710a3c56,[name],,,,2026-07-17T08:55:07.000Z,book_club_member,,1,annual_essentials,2026-07-17T08:55:07.000Z,_UNKNOWN,3600,YEAR,,,,[name],2027-07-17T08:55:07.000Z,,300,,2027-07-17T08:55:07.000Z,2026-07-17T08:55:07.000Z,3600,,,,,,BCM Experience [July 2025] [25% one-time / No Entry Modal],,07-17-2026,,07-17-2026,07-17-2026,07-17-2026,07-17-2026,,07-17-2026,07-17-2027
Wg7H9Dp_8f21df642fd99ec1,AzZp2CVPRS21h14Tq,,Students; fallback,,,[name],[name],,I only needed SuperSummary for a short time,i_have_too_much_product_1528073051,Project ended or taking a break,project_stop,,Needs (SaaS),needs,8,,,u_d1a9313f8a87a2d3,,,,0,,,Canceled,2026-07-17T09:14:01.000Z,2026-07-17T09:14:27.000Z,2026-07-17T09:14:27.000Z,,31.45,2026-07-17T09:14:27.000Z,cancel,Valid Cancel,monthly,2026-08-15T11:51:05.000Z,2026-08-15T11:51:05.000Z,16.65,16.65,16.65,Brightback,,,,,,,AzZp2CVPRS21h14Tq,2026-07-15T11:51:03.000Z,,2026-07-15T11:51:05.000Z,,h_f123f069c93c4133,,1,2026-07-15T11:51:05.000Z,USD,u_d1a9313f8a87a2d3,ACTIVE,h_94dcfb247df7456a,[name],,,,2026-07-15T11:51:05.000Z,student,,1,monthly_plus,2026-07-15T11:51:05.000Z,_UNKNOWN,1665,MONTH,,,College,[name],2026-08-15T11:51:05.000Z,,1665,,2026-08-15T11:51:05.000Z,2026-07-15T11:51:05.000Z,1665,,,,,,Student Experience [July 2025] [25% one-time / No Entry Modal],,07-15-2026,,07-17-2026,07-15-2026,07-15-2026,07-15-2026,,07-15-2026,08-15-2026
Wg7H78m_ba6e08fe2dfa9250,1696670,,Students; fallback,,,[name],[name],[name],I only needed SuperSummary for a short time,i_have_too_much_product_1528073051,Project ended or taking a break,project_stop,,Needs (SaaS),needs,4,,,u_04dc8c20a02b2baa,,,,0,9.95,,Canceled,2026-07-17T07:08:54.000Z,2026-07-17T07:09:25.000Z,2026-07-17T07:09:26.000Z,,31.53,2026-07-17T07:09:26.000Z,cancel,Valid Cancel,monthly,2026-08-14T03:46:28.000Z,2026-08-14T03:46:28.000Z,9.95,9.95,9.95,Brightback,,,,,,,1696670,2026-07-14T03:46:27.000Z,,2026-07-14T03:46:28.000Z,,h_5cb60ccbd516c45c,,1,2026-07-14T03:46:28.000Z,USD,u_04dc8c20a02b2baa,ACTIVE,h_7d70a325998f13f8,[name],9.95,monthly_essentials,,2026-07-14T03:46:28.000Z,student,,1,monthly_essentials,2026-07-14T03:46:28.000Z,_UNKNOWN,995,MONTH,monthly_essentials,,College,[name],2026-08-14T03:46:28.000Z,,995,,2026-08-14T03:46:28.000Z,2026-07-14T03:46:28.000Z,995,[name],,https://www.supersummary.com/subscription,https://www.supersummary.com/subscription/confirming/cancel,,Student Experience [July 2025] [25% one-time / No Entry Modal],,07-14-2026,,07-17-2026,07-14-2026,07-14-2026,07-14-2026,,07-14-2026,08-14-2026
Wg7H60T_bf8cffa8ac8f7981,736424,,fallback,,,[name],[name],[name],I only needed SuperSummary for a short time,i_have_too_much_product_1528073051,Project ended or taking a break,project_stop,,Needs (SaaS),needs,6,Nothing only needed it for a book ,,u_a2e37ecb4ebbcd45,A monthly cost ,,,1,36.0,,Canceled,2026-07-17T06:00:46.000Z,2026-07-17T06:02:11.000Z,2026-07-17T06:02:11.000Z,,31.58,2026-07-17T06:02:11.000Z,cancel,Valid Cancel,annual,2026-08-28T04:34:26.000Z,2026-08-28T04:34:26.000Z,3.0,3.0,36.0,Brightback,,,,,,,736424,2025-08-28T04:34:24.000Z,,2025-08-28T04:34:26.000Z,,h_8a37d6e51268568a,,1,2025-08-28T04:34:26.000Z,USD,u_a2e37ecb4ebbcd45,ACTIVE,h_dc895b03b1d811f4,[name],36.0,annual,,2025-08-28T04:34:26.000Z,other,,1,annual,2025-08-28T04:34:26.000Z,_UNKNOWN,3600,YEAR,annual,,,[name],2026-08-28T04:34:26.000Z,,300,,2026-08-28T04:34:26.000Z,2025-08-28T04:34:26.000Z,3600,[name],,https://www.supersummary.com/subscription,https://www.supersummary.com/subscription/confirming/cancel,,Default/Fallback [July 2025] [25% one time / No entry modal],,08-28-2025,,07-17-2026,08-28-2025,08-28-2025,08-28-2025,,08-28-2025,08-28-2026
Wg7H4jS_8fdd609e605fa99d,86008,,Parents; Annual,,,[name],[name],[name],I only needed SuperSummary for a short time,i_have_too_much_product_1528073051,Project ended or taking a break,project_stop,,Needs (SaaS),needs,7,,,u_50583bdea567a532,,,,0,36.0,,Canceled,2026-07-17T04:45:46.000Z,2026-07-17T04:46:26.000Z,2026-07-17T04:46:26.000Z,,31.63,2026-07-17T04:46:26.000Z,cancel,Valid Cancel,annual,2027-07-16T03:42:08.000Z,2027-07-16T03:42:08.000Z,3.0,3.0,36.0,Brightback,,,,,,,86008,2021-07-16T03:41:55.000Z,,2021-07-16T03:42:08.000Z,,h_cf8f52278cbb5347,,1,2021-07-16T03:42:08.000Z,USD,u_50583bdea567a532,ACTIVE,h_af5ec45e88159bb7,[name],36.0,annual,,2026-07-16T03:42:08.000Z,parent_of_student,,1,annual,2021-07-16T03:42:08.000Z,_UNKNOWN,3600,YEAR,annual,,High School,[name],2027-07-16T03:42:08.000Z,,300,,2027-07-16T03:42:08.000Z,2021-07-16T03:42:08.000Z,3600,[name],,https://www.supersummary.com/subscription,https://www.supersummary.com/subscription/confirming/cancel,,Parent Experience [July 2025] [25% one-time / Modal],,07-16-2021,,07-17-2026,07-16-2021,07-16-2021,07-16-2021,,07-16-2021,07-16-2027
Wg7H3ik_aad8e59cf479bdcb,Azq7ZMVPNpdHx1RHT,,Students; fallback,,,[name],[name],,I only needed SuperSummary for a short time,i_have_too_much_product_1528073051,Project ended or taking a break,project_stop,,Needs (SaaS),needs,8,,,u_02a1222dc7f625bc,,,,0,,,Canceled,2026-07-17T03:44:49.000Z,2026-07-17T03:45:32.000Z,2026-07-17T03:45:33.000Z,,31.67,2026-07-17T03:45:33.000Z,cancel,Valid Cancel,annual,2027-07-14T20:59:45.000Z,2027-07-14T20:59:45.000Z,3.75,3.75,60.0,Brightback,,,,,,,Azq7ZMVPNpdHx1RHT,2024-01-05T00:01:11.000Z,,2026-07-14T20:59:45.000Z,,h_f77c780b942ccc8c,,1,2026-07-14T20:59:45.000Z,USD,u_02a1222dc7f625bc,ACTIVE,h_56703b79b086a738,[name],,,,2026-07-14T20:59:45.000Z,student,,1,annual_plus,2026-07-14T20:59:45.000Z,_UNKNOWN,6000,YEAR,,nmTKUhkQCvq,College,[name],2027-07-14T20:59:45.000Z,,375,,2027-07-14T20:59:45.000Z,2026-07-14T20:59:45.000Z,6000,,,,,,Student Experience [July 2025] [25% one-time / No Entry Modal],,07-14-2026,,07-17-2026,07-14-2026,07-14-2026,01-05-2024,,07-14-2026,07-14-2027
Wg7H2rA_8a32d523edc2f717,1698144,,fallback,,,[name],[name],[name],I only needed SuperSummary for a short time,i_have_too_much_product_1528073051,Project ended or taking a break,project_stop,,Needs (SaaS),needs,7,,,u_7d26b8db89a219ff,Make it a lot cheaper. Or charge a few dollars for one citation.,,,1,36.0,,Canceled,2026-07-17T02:53:16.000Z,2026-07-17T02:55:05.000Z,2026-07-17T02:55:05.000Z,,31.71,2026-07-17T02:55:05.000Z,cancel,Valid Cancel,annual,2027-07-15T21:04:37.000Z,2027-07-15T21:04:37.000Z,3.0,3.0,36.0,Brightback,,,,,,,1698144,2026-07-15T21:04:36.000Z,,2026-07-15T21:04:37.000Z,,h_60c12ea867763d7c,,1,2026-07-15T21:04:37.000Z,USD,u_7d26b8db89a219ff,ACTIVE,h_d168059999b787c4,[name],36.0,annual_essentials,,2026-07-15T21:04:37.000Z,librarian,,1,annual_essentials,2026-07-15T21:04:37.000Z,_UNKNOWN,3600,YEAR,annual_essentials,,,[name],2027-07-15T21:04:37.000Z,,300,,2027-07-15T21:04:37.000Z,2026-07-15T21:04:37.000Z,3600,[name],,https://www.supersummary.com/subscription,https://www.supersummary.com/subscription/confirming/cancel,,Default/Fallback [July 2025] [25% one time / No entry modal],,07-15-2026,,07-17-2026,07-15-2026,07-15-2026,07-15-2026,,07-15-2026,07-15-2027
Wg7H24C_87645358947ce2d6,1301190,,Students; Annual,,,[name],[name],[name],I only needed SuperSummary for a short time,i_have_too_much_product_1528073051,Project ended or taking a break,project_stop,,Needs (SaaS),needs,5,,,u_1ff61fcb766b4c52,,,,0,36.0,,Canceled,2026-07-17T02:04:25.000Z,2026-07-17T02:04:55.000Z,2026-07-17T02:04:55.000Z,,31.74,2026-07-17T02:04:55.000Z,cancel,Valid Cancel,annual,2026-08-27T18:12:15.000Z,2026-08-27T18:12:15.000Z,3.0,3.0,36.0,Brightback,,,,,,,1301190,2025-08-27T18:12:14.000Z,,2025-08-27T18:12:15.000Z,,h_835b4ed1677b672f,,1,2025-08-27T18:12:15.000Z,USD,u_1ff61fcb766b4c52,ACTIVE,h_85260d5caceb4720,[name],36.0,annual,,2025-08-27T18:12:15.000Z,student,,1,annual,2025-08-27T18:12:15.000Z,_UNKNOWN,3600,YEAR,annual,,College,[name],2026-08-27T18:12:15.000Z,,300,,2026-08-27T18:12:15.000Z,2025-08-27T18:12:15.000Z,3600,[name],,https://www.supersummary.com/subscription,https://www.supersummary.com/subscription/confirming/cancel,,Student Experience [July 2025] [25% one-time / No Entry Modal],,08-27-2025,,07-17-2026,08-27-2025,08-27-2025,08-27-2025,,08-27-2025,08-27-2026
Wg7H21f_a35eb6306f4a8186,1696677,,Book Club Members; fallback,,,[name],[name],[name],I only needed SuperSummary for a short time,i_have_too_much_product_1528073051,Project ended or taking a break,project_stop,,Needs (SaaS),needs,3,,,u_9cb9a87105a4cbb4,"Just needed it for one book, thank you ",,,1,36.0,,Canceled,2026-07-17T02:01:48.000Z,2026-07-17T02:03:14.000Z,2026-07-17T02:03:14.000Z,,31.75,2026-07-17T02:03:14.000Z,cancel,Valid Cancel,annual,2027-07-14T04:07:42.000Z,2027-07-14T04:07:42.000Z,3.0,3.0,36.0,Brightback,,,,,,,1696677,2026-07-14T04:07:40.000Z,,2026-07-14T04:07:42.000Z,,h_2558adc60045ac68,,1,2026-07-14T04:07:42.000Z,USD,u_9cb9a87105a4cbb4,ACTIVE,h_9667c5ebeb5b4c74,[name],36.0,annual_essentials,,2026-07-14T04:07:42.000Z,book_club_member,,1,annual_essentials,2026-07-14T04:07:42.000Z,_UNKNOWN,3600,YEAR,annual_essentials,,,[name],2027-07-14T04:07:42.000Z,,300,,2027-07-14T04:07:42.000Z,2026-07-14T04:07:42.000Z,3600,[name],,https://www.supersummary.com/subscription,https://www.supersummary.com/subscription/confirming/cancel,,BCM Experience [July 2025] [25% one-time / No Entry Modal],,07-14-2026,,07-17-2026,07-14-2026,07-14-2026,07-14-2026,,07-14-2026,07-14-2027
Wg7H1te_aef8ca681cbd30f4,Azqek5UwyMGrh2G01,,Students; fallback,,,[name],[name],,I only needed SuperSummary for a short time,i_have_too_much_product_1528073051,Project ended or taking a break,project_stop,,Needs (SaaS),needs,2,,,u_2625c19e7b0510a8,,,,0,,,Canceled,2026-07-17T01:55:43.000Z,2026-07-17T01:56:12.000Z,2026-07-17T01:56:12.000Z,,31.75,2026-07-17T01:56:12.000Z,cancel,Valid Cancel,annual,2026-09-16T14:57:40.000Z,2026-09-16T14:57:40.000Z,5.0,5.0,60.0,Brightback,,,,,,,Azqek5UwyMGrh2G01,2025-09-16T14:57:37.000Z,,2025-09-16T14:57:40.000Z,,h_451b25b335923484,,1,2025-09-16T14:57:40.000Z,USD,u_2625c19e7b0510a8,ACTIVE,h_2f1850c8c80951ca,[name],,,,2025-09-16T14:57:40.000Z,student,,1,annual_plus,2025-09-16T14:57:40.000Z,_UNKNOWN,6000,YEAR,,,College,[name],2026-09-16T14:57:40.000Z,,500,,2026-09-16T14:57:40.000Z,2025-09-16T14:57:40.000Z,6000,,,,,,Student Experience [July 2025] [25% one-time / No Entry Modal],,09-16-2025,,07-17-2026,09-16-2025,09-16-2025,09-16-2025,,09-16-2025,09-16-2026
Wg7H12G_b406c57a510fd72b,1692149,,Book Club Members; fallback,,,[name],[name],[name],I only needed SuperSummary for a short time,i_have_too_much_product_1528073051,Project ended or taking a break,project_stop,,Needs (SaaS),needs,6,,,u_ff58715a52074a0b,,,,0,36.0,,Canceled,2026-07-17T01:02:22.000Z,2026-07-17T01:03:00.000Z,2026-07-17T01:03:21.000Z,,31.79,2026-07-17T01:03:21.000Z,cancel,Valid Cancel,annual,2027-07-08T00:37:12.000Z,2027-07-08T00:37:12.000Z,3.0,3.0,36.0,Brightback,,,,,,,1692149,2026-07-08T00:37:11.000Z,,2026-07-08T00:37:12.000Z,,h_eb01300321f13c32,,1,2026-07-08T00:37:12.000Z,USD,u_ff58715a52074a0b,ACTIVE,h_5fa071970f6a7fbf,[name],36.0,annual_essentials,,2026-07-08T00:37:12.000Z,book_club_member,,1,annual_essentials,2026-07-08T00:37:12.000Z,_UNKNOWN,3600,YEAR,annual_essentials,,,[name],2027-07-08T00:37:12.000Z,,300,,2027-07-08T00:37:12.000Z,2026-07-08T00:37:12.000Z,3600,[name],,https://www.supersummary.com/subscription,https://www.supersummary.com/subscription/confirming/cancel,,BCM Experience [July 2025] [25% one-time / No Entry Modal],,07-08-2026,,07-17-2026,07-08-2026,07-08-2026,07-08-2026,,07-08-2026,07-08-2027
Wg7GN8u_84eb3a61d03c0d3d,1698014,,fallback,,,[name],[name],[name],I only needed SuperSummary for a short time,i_have_too_much_product_1528073051,Project ended or taking a break,project_stop,,Needs (SaaS),needs,3,nothing,,u_d62737a6cb80baa9,"The book was confused me. I thought perhaps reading a summary would help. It didn't. I returned the book. Please honor the 7-day ""Money-Back Guarantee” .",,,1,36.0,,Canceled,2026-07-16T23:09:20.000Z,2026-07-16T23:16:13.000Z,2026-07-16T23:16:13.000Z,,31.87,2026-07-16T23:16:13.000Z,cancel,Valid Cancel,annual,2027-07-15T18:31:02.000Z,2027-07-15T18:31:02.000Z,3.0,3.0,36.0,Brightback,,,,,,,1698014,2026-07-15T18:31:00.000Z,,2026-07-15T18:31:02.000Z,,h_35431c69f9b73e99,,1,2026-07-15T18:31:02.000Z,USD,u_d62737a6cb80baa9,ACTIVE,h_90fa96b9cade3f0b,[name],36.0,annual_essentials,,2026-07-15T18:31:02.000Z,other,,1,annual_essentials,2026-07-15T18:31:02.000Z,_UNKNOWN,3600,YEAR,annual_essentials,,,[name],2027-07-15T18:31:02.000Z,,300,,2027-07-15T18:31:02.000Z,2026-07-15T18:31:02.000Z,3600,[name],,https://www.supersummary.com/subscription,https://www.supersummary.com/subscription/confirming/cancel,,Default/Fallback [July 2025] [25% one time / No entry modal],,07-15-2026,,07-16-2026,07-15-2026,07-15-2026,07-15-2026,,07-15-2026,07-15-2027
Wg7GMDv_912541bc146431d3,AzqgzbVPZD92o1u5A,,Students; fallback,,,[name],[name],,I only needed SuperSummary for a short time,i_have_too_much_product_1528073051,Project ended or taking a break,project_stop,,Needs (SaaS),needs,10,,,u_ae3fc920d3745ac3,,,,0,,,Canceled,2026-07-16T22:14:00.000Z,2026-07-16T22:14:16.000Z,2026-07-16T22:14:17.000Z,,31.9,2026-07-16T22:14:17.000Z,cancel,Valid Cancel,monthly,2026-08-16T19:42:08.000Z,2026-08-16T19:42:08.000Z,9.95,9.95,9.95,Brightback,,,,,,,AzqgzbVPZD92o1u5A,2026-06-10T20:29:03.000Z,,2026-07-16T19:42:08.000Z,,h_84220f84625bc9ec,,1,2026-07-16T19:42:08.000Z,USD,u_ae3fc920d3745ac3,ACTIVE,h_8c1be9eb8be25c90,[name],,,,2026-07-16T19:42:08.000Z,student,,1,monthly_essentials,2026-07-16T19:42:08.000Z,_UNKNOWN,995,MONTH,,,College,[name],2026-08-16T19:42:08.000Z,,995,,2026-08-16T19:42:08.000Z,2026-07-16T19:42:08.000Z,995,,,,,,Student Experience [July 2025] [25% one-time / No Entry Modal],,07-16-2026,,07-16-2026,07-16-2026,07-16-2026,06-10-2026,,07-16-2026,08-16-2026
Wg7GKtG_b72428e04edaf836,1692574,,Book Club Members; fallback,,,[name],[name],[name],I only needed SuperSummary for a short time,i_have_too_much_product_1528073051,Project ended or taking a break,project_stop,,Needs (SaaS),needs,6,,,u_48839b484a4871e0,,,,0,60.0,,Canceled,2026-07-16T20:55:27.000Z,2026-07-16T20:56:19.000Z,2026-07-16T20:56:19.000Z,,31.96,2026-07-16T20:56:19.000Z,cancel,Valid Cancel,annual,2027-07-08T16:15:23.000Z,2027-07-08T16:15:23.000Z,5.0,5.0,60.0,Brightback,,,,,,,1692574,2026-07-08T16:15:22.000Z,,2026-07-08T16:15:23.000Z,,h_4680ac0e60042964,,1,2026-07-08T16:15:23.000Z,USD,u_48839b484a4871e0,ACTIVE,h_7c9a74fc18ceee0a,[name],60.0,annual_plus,,2026-07-08T16:15:23.000Z,book_club_member,,1,annual_plus,2026-07-08T16:15:23.000Z,_UNKNOWN,6000,YEAR,annual_plus,,,[name],2027-07-08T16:15:23.000Z,,500,,2027-07-08T16:15:23.000Z,2026-07-08T16:15:23.000Z,6000,[name],,https://www.supersummary.com/subscription,https://www.supersummary.com/subscription/confirming/cancel,,BCM Experience [July 2025] [25% one-time / No Entry Modal],,07-08-2026,,07-16-2026,07-08-2026,07-08-2026,07-08-2026,,07-08-2026,07-08-2027
Wg7GJP3_bb115270eaf1aa0c,1691350,,Book Club Members; fallback,,,[name],[name],[name],I only needed SuperSummary for a short time,i_have_too_much_product_1528073051,Project ended or taking a break,project_stop,,Needs (SaaS),needs,7,,,u_dc60d7ed2384f6b7,,,,0,60.0,,Canceled,2026-07-16T19:25:11.000Z,2026-07-16T19:25:44.000Z,2026-07-16T19:25:44.000Z,,32.02,2026-07-16T19:25:44.000Z,cancel,Valid Cancel,annual,2027-07-07T02:18:11.000Z,2027-07-07T02:18:11.000Z,5.0,5.0,60.0,Brightback,,,,,,,1691350,2026-07-07T02:18:10.000Z,,2026-07-07T02:18:11.000Z,,h_a00eb15fa8328273,,1,2026-07-07T02:18:11.000Z,USD,u_dc60d7ed2384f6b7,ACTIVE,h_37c14a535d871c82,[name],60.0,annual_plus,,2026-07-07T02:18:11.000Z,book_club_member,,1,annual_plus,2026-07-07T02:18:11.000Z,_UNKNOWN,6000,YEAR,annual_plus,,,[name],2027-07-07T02:18:11.000Z,,500,,2027-07-07T02:18:11.000Z,2026-07-07T02:18:11.000Z,6000,[name],,https://www.supersummary.com/subscription,https://www.supersummary.com/subscription/confirming/cancel,,BCM Experience [July 2025] [25% one-time / No Entry Modal],,07-07-2026,,07-16-2026,07-07-2026,07-07-2026,07-07-2026,,07-07-2026,07-07-2027
Wg7GJMg_a23843dd6a973572,777993,,Students; Annual,,,[name],[name],[name],I only needed SuperSummary for a short time,i_have_too_much_product_1528073051,Project ended or taking a break,project_stop,,Needs (SaaS),needs,5,,,u_b7cc37fa020827ca,,,,0,36.0,,Canceled,2026-07-16T19:23:32.000Z,2026-07-16T19:23:46.000Z,2026-07-16T19:23:47.000Z,,32.02,2026-07-16T19:23:47.000Z,cancel,Valid Cancel,annual,2026-11-01T19:52:27.000Z,,3.0,3.0,36.0,Brightback,,,,,,,777993,2024-11-01T19:52:25.000Z,,2024-11-01T19:52:27.000Z,,h_6586c70f3ed7f6af,,1,2024-11-01T19:52:27.000Z,USD,u_b7cc37fa020827ca,NON_RENEWING,h_316b187a7ecd5ae6,[name],36.0,annual,,2025-11-01T19:52:27.000Z,student,,1,annual,2024-11-01T19:52:27.000Z,_UNKNOWN,3600,YEAR,annual,,College,[name],,,300,,2026-11-01T19:52:27.000Z,2024-11-01T19:52:27.000Z,3600,[name],,https://www.supersummary.com/subscription,https://www.supersummary.com/subscription/confirming/cancel,,Student Experience [July 2025] [25% one-time / No Entry Modal],,11-01-2024,,07-16-2026,11-01-2024,11-01-2024,11-01-2024,,11-01-2024,
Wg7GJLx_b9638129ec638cf1,6oqHiUSuIp4ZE8LA,,Students; Annual,,,[name],[name],,I only needed SuperSummary for a short time,i_have_too_much_product_1528073051,Project ended or taking a break,project_stop,,Needs (SaaS),needs,5,,,u_b7cc37fa020827ca,,,,0,,,Canceled,2026-07-16T19:22:04.000Z,2026-07-16T19:22:36.000Z,2026-07-16T19:22:37.000Z,,32.02,2026-07-16T19:22:37.000Z,cancel,Valid Cancel,annual,2026-11-01T19:52:27.000Z,2026-11-01T19:52:27.000Z,3.0,3.0,36.0,Brightback,,,,,,,6oqHiUSuIp4ZE8LA,2024-11-01T19:52:25.000Z,,2024-11-01T19:52:27.000Z,,h_6586c70f3ed7f6af,,1,2024-11-01T19:52:27.000Z,USD,u_b7cc37fa020827ca,ACTIVE,h_316b187a7ecd5ae6,[name],,,,2025-11-01T19:52:27.000Z,student,,1,annual,2024-11-01T19:52:27.000Z,_UNKNOWN,3600,YEAR,,,College,[name],2026-11-01T19:52:27.000Z,,300,,2026-11-01T19:52:27.000Z,2024-11-01T19:52:27.000Z,3600,,,,,,Student Experience [July 2025] [25% one-time / No Entry Modal],,11-01-2024,,07-16-2026,11-01-2024,11-01-2024,11-01-2024,,11-01-2024,11-01-2026
Wg7GJIE_b097cbfb152fb3de,611738,,Students; Annual,,,[name],[name],[name],I only needed SuperSummary for a short time,i_have_too_much_product_1528073051,Project ended or taking a break,project_stop,,Needs (SaaS),needs,5,,,u_3a7540ac8eb9412b,,,,0,36.0,,Canceled,2026-07-16T19:18:37.000Z,2026-07-16T19:19:00.000Z,2026-07-16T19:19:00.000Z,,32.03,2026-07-16T19:19:00.000Z,cancel,Valid Cancel,annual,2027-07-16T19:12:47.000Z,2027-07-16T19:12:47.000Z,3.0,3.0,36.0,Brightback,,,,,,,611738,2024-07-16T19:12:45.000Z,,2024-07-16T19:12:47.000Z,,h_30d0bf22240452fc,,1,2024-07-16T19:12:47.000Z,USD,u_3a7540ac8eb9412b,ACTIVE,h_28be049ec9552b12,[name],36.0,annual,,2026-07-16T19:12:47.000Z,student,,1,annual,2024-07-16T19:12:47.000Z,_UNKNOWN,3600,YEAR,annual,,College,[name],2027-07-16T19:12:47.000Z,,300,,2027-07-16T19:12:47.000Z,2024-07-16T19:12:47.000Z,3600,[name],,https://www.supersummary.com/subscription,https://www.supersummary.com/subscription/confirming/cancel,,Student Experience [July 2025] [25% one-time / No Entry Modal],,07-16-2024,,07-16-2026,07-16-2024,07-16-2024,07-16-2024,,07-16-2024,07-16-2027
Wg7GJDR_8fcb99a03eb31adb,1698249,,Book Club Members; fallback,,,[name],[name],[name],I only needed SuperSummary for a short time,i_have_too_much_product_1528073051,Project ended or taking a break,project_stop,,Needs (SaaS),needs,7,I don’t usually need a review of books but I needed to lead a book club discussion and I read the book months ago ,,u_6b324c322214c6ef,I don’t need it at this time. ,,,1,60.0,,Canceled,2026-07-16T19:13:33.000Z,2026-07-16T19:15:55.000Z,2026-07-16T19:51:28.000Z,,32.03,2026-07-16T19:51:28.000Z,cancel,Valid Cancel,annual,2027-07-16T00:11:28.000Z,2027-07-16T00:11:28.000Z,5.0,5.0,60.0,Brightback,,,,,,,1698249,2026-07-16T00:11:24.000Z,,2026-07-16T00:11:28.000Z,,h_01dfb67368ba4943,,1,2026-07-16T00:11:28.000Z,USD,u_6b324c322214c6ef,ACTIVE,h_2f856925e9b0beb8,[name],60.0,annual_plus,,2026-07-16T00:11:28.000Z,book_club_member,,1,annual_plus,2026-07-16T00:11:28.000Z,_UNKNOWN,6000,YEAR,annual_plus,,,[name],2027-07-16T00:11:28.000Z,,500,,2027-07-16T00:11:28.000Z,2026-07-16T00:11:28.000Z,6000,[name],,https://www.supersummary.com/subscription,https://www.supersummary.com/subscription/confirming/cancel,,BCM Experience [July 2025] [25% one-time / No Entry Modal],,07-16-2026,,07-16-2026,07-16-2026,07-16-2026,07-16-2026,,07-16-2026,07-16-2027
Wg7GJAr_ba5c73c0d55ebca6,1698711,,Book Club Members; fallback,,,[name],[name],[name],I only needed SuperSummary for a short time,i_have_too_much_product_1528073051,Project ended or taking a break,project_stop,,Needs (SaaS),needs,5,,,u_8bc40a735cf76cc7,,,,0,36.0,,Canceled,2026-07-16T19:11:00.000Z,2026-07-16T19:12:18.000Z,2026-07-16T19:12:18.000Z,,32.03,2026-07-16T19:12:18.000Z,cancel,Valid Cancel,annual,2027-07-16T17:16:38.000Z,2027-07-16T17:16:38.000Z,3.0,3.0,36.0,Brightback,,,,,,,1698711,2026-07-16T17:16:35.000Z,,2026-07-16T17:16:38.000Z,,h_ffa3a5c0f63e4abf,,1,2026-07-16T17:16:38.000Z,USD,u_8bc40a735cf76cc7,ACTIVE,h_99cbc89404d4f3c4,[name],36.0,annual_essentials,,2026-07-16T17:16:38.000Z,book_club_member,,1,annual_essentials,2026-07-16T17:16:38.000Z,_UNKNOWN,3600,YEAR,annual_essentials,,,[name],2027-07-16T17:16:38.000Z,,300,,2027-07-16T17:16:38.000Z,2026-07-16T17:16:38.000Z,3600,[name],,https://www.supersummary.com/subscription,https://www.supersummary.com/subscription/confirming/cancel,,BCM Experience [July 2025] [25% one-time / No Entry Modal],,07-16-2026,,07-16-2026,07-16-2026,07-16-2026,07-16-2026,,07-16-2026,07-16-2027
Wg7GIYN_b2cbdba78fd35cbd,1698761,,Students; fallback,,,[name],[name],[name],I only needed SuperSummary for a short time,i_have_too_much_product_1528073051,Project ended or taking a break,project_stop,,Needs (SaaS),needs,5,,,u_95992abfbe60e5da,,,,0,36.0,,Canceled,2026-07-16T18:34:25.000Z,2026-07-16T18:34:54.000Z,2026-07-16T18:34:54.000Z,,32.06,2026-07-16T18:34:54.000Z,cancel,Valid Cancel,annual,2027-07-16T18:30:27.000Z,2027-07-16T18:30:27.000Z,3.0,3.0,36.0,Brightback,,,,,,,1698761,2026-07-16T18:30:25.000Z,,2026-07-16T18:30:27.000Z,,h_0d47ab5fd49f31d8,,1,2026-07-16T18:30:27.000Z,USD,u_95992abfbe60e5da,ACTIVE,h_7a2112e6e48a7d75,[name],36.0,annual_essentials,,2026-07-16T18:30:27.000Z,student,,1,annual_essentials,2026-07-16T18:30:27.000Z,_UNKNOWN,3600,YEAR,annual_essentials,,College,[name],2027-07-16T18:30:27.000Z,,300,,2027-07-16T18:30:27.000Z,2026-07-16T18:30:27.000Z,3600,[name],,https://www.supersummary.com/subscription,https://www.supersummary.com/subscription/confirming/cancel,,Student Experience [July 2025] [25% one-time / No Entry Modal],,07-16-2026,,07-16-2026,07-16-2026,07-16-2026,07-16-2026,,07-16-2026,07-16-2027
Wg7GIoM_857cb5cf6e55dc72,16A6YOTjqfdCs3RK6,,Students; Annual,,,[name],[name],,I only needed SuperSummary for a short time,i_have_too_much_product_1528073051,Project ended or taking a break,project_stop,,Needs (SaaS),needs,5,Nothing,,u_49d033e19613f429,Na,,,1,,,Canceled,2026-07-16T18:50:27.000Z,2026-07-16T18:51:02.000Z,2026-07-16T18:51:02.000Z,,32.04,2026-07-16T18:51:02.000Z,cancel,Valid Cancel,annual,2027-07-13T01:18:21.000Z,2027-07-13T01:18:21.000Z,3.0,3.0,36.0,Brightback,,,,,,,16A6YOTjqfdCs3RK6,2023-07-13T01:18:19.000Z,,2023-07-13T01:18:21.000Z,,h_4d9ccfdc2ad78e0d,,1,2023-07-13T01:18:21.000Z,USD,u_49d033e19613f429,ACTIVE,h_f162200781ac7837,[name],,,,2026-07-13T01:18:21.000Z,student,,1,annual,2023-07-13T01:18:21.000Z,_UNKNOWN,3600,YEAR,,,College,[name],2027-07-13T01:18:21.000Z,,300,,2027-07-13T01:18:21.000Z,2023-07-13T01:18:21.000Z,3600,,,,,,Student Experience [July 2025] [25% one-time / No Entry Modal],,07-13-2023,,07-16-2026,07-13-2023,07-13-2023,07-13-2023,,07-13-2023,07-13-2027
Wg7GHfM_be48da595e966299,1695433,,fallback,,,[name],[name],[name],I only needed SuperSummary for a short time,i_have_too_much_product_1528073051,Project ended or taking a break,project_stop,,Needs (SaaS),needs,2,,,u_897121c67156ddc2,,,,0,36.0,,Canceled,2026-07-16T17:41:29.000Z,2026-07-16T17:41:55.000Z,2026-07-16T17:41:55.000Z,,32.09,2026-07-16T17:41:55.000Z,cancel,Valid Cancel,annual,2027-07-12T18:39:10.000Z,2027-07-12T18:39:10.000Z,3.0,3.0,36.0,Brightback,,,,,,,1695433,2026-07-12T18:39:08.000Z,,2026-07-12T18:39:10.000Z,,h_582aee08b6ac2ecd,,1,2026-07-12T18:39:10.000Z,USD,u_897121c67156ddc2,ACTIVE,h_99a2b8934f84d809,[name],36.0,annual_essentials,,2026-07-12T18:39:10.000Z,other,,1,annual_essentials,2026-07-12T18:39:10.000Z,_UNKNOWN,3600,YEAR,annual_essentials,,,[name],2027-07-12T18:39:10.000Z,,300,,2027-07-12T18:39:10.000Z,2026-07-12T18:39:10.000Z,3600,[name],,https://www.supersummary.com/subscription,https://www.supersummary.com/subscription/confirming/cancel,,Default/Fallback [July 2025] [25% one time / No entry modal],,07-12-2026,,07-16-2026,07-12-2026,07-12-2026,07-12-2026,,07-12-2026,07-12-2027
Wg7GFxq_8d9bd936bdaede95,1698609,,Book Club Members; fallback,,,[name],[name],[name],I only needed SuperSummary for a short time,i_have_too_much_product_1528073051,Project ended or taking a break,project_stop,,Needs (SaaS),needs,9,"I only needed to lead my Book Club 1 time this year, so I don't need it any longer. ",,u_422703018e44866b,Very good sight.  I am a retired speech pathologist and university faculty.  I appreciate your thought-provoking information and questions.  I just don't need this all year.  Have you thought of having a quick payment of questions and a certain number of pages from 1 book study?  How long is the billing cycle? ,,,1,36.0,,Canceled,2026-07-16T16:00:54.000Z,2026-07-16T16:04:15.000Z,2026-07-16T16:04:15.000Z,,32.16,2026-07-16T16:04:15.000Z,cancel,Valid Cancel,annual,2027-07-16T15:23:42.000Z,2027-07-16T15:23:42.000Z,3.0,3.0,36.0,Brightback,,,,,,,1698609,2026-07-16T15:23:39.000Z,,2026-07-16T15:23:42.000Z,,h_96546cacca796609,,1,2026-07-16T15:23:42.000Z,USD,u_422703018e44866b,ACTIVE,h_5be583ac59f8df10,[name],36.0,annual_essentials,,2026-07-16T15:23:42.000Z,book_club_member,,1,annual_essentials,2026-07-16T15:23:42.000Z,_UNKNOWN,3600,YEAR,annual_essentials,,,[name],2027-07-16T15:23:42.000Z,,300,,2027-07-16T15:23:42.000Z,2026-07-16T15:23:42.000Z,3600,[name],,https://www.supersummary.com/subscription,https://www.supersummary.com/subscription/confirming/cancel,,BCM Experience [July 2025] [25% one-time / No Entry Modal],,07-16-2026,,07-16-2026,07-16-2026,07-16-2026,07-16-2026,,07-16-2026,07-16-2027
Wg7GEVo_b5367711f4b5c979,1614529,,Students; fallback,,,[name],[name],[name],I only needed SuperSummary for a short time,i_have_too_much_product_1528073051,Project ended or taking a break,project_stop,,Needs (SaaS),needs,10,nothing,,u_d27830b03553b6d9,,,,0,9.95,,Canceled,2026-07-16T14:31:57.000Z,2026-07-16T14:32:23.000Z,2026-07-16T14:32:23.000Z,,32.22,2026-07-16T14:32:23.000Z,cancel,Valid Cancel,monthly,2026-08-15T22:44:18.000Z,2026-08-15T22:44:18.000Z,9.95,9.95,9.95,Brightback,,,,,,,1614529,2026-04-25T14:37:27.000Z,,2026-07-15T22:44:18.000Z,,h_bf1b68223e5b6f15,,1,2026-07-15T22:44:18.000Z,USD,u_d27830b03553b6d9,ACTIVE,h_1cfd0a86d8fd91ff,[name],9.95,monthly_essentials,,2026-07-15T22:44:18.000Z,student,,1,monthly_essentials,2026-07-15T22:44:18.000Z,_UNKNOWN,995,MONTH,monthly_essentials,,Postgrad Program,[name],2026-08-15T22:44:18.000Z,,995,,2026-08-15T22:44:18.000Z,2026-07-15T22:44:18.000Z,995,[name],,https://www.supersummary.com/subscription,https://www.supersummary.com/subscription/confirming/cancel,,Student Experience [July 2025] [25% one-time / No Entry Modal],,07-15-2026,,07-16-2026,07-15-2026,07-15-2026,04-25-2026,,07-15-2026,08-15-2026
Wg7GEpB_a2a258f76cd440a1,1684215,,Book Club Members; fallback,,,[name],[name],[name],I only needed SuperSummary for a short time,i_have_too_much_product_1528073051,Project ended or taking a break,project_stop,,Needs (SaaS),needs,5,,,u_082bc26b784a3399,,,,0,60.0,,Canceled,2026-07-16T14:51:35.000Z,2026-07-16T14:53:12.000Z,2026-07-16T14:53:12.000Z,,32.21,2026-07-16T14:53:12.000Z,cancel,Valid Cancel,annual,2027-07-07T11:02:12.000Z,2027-07-07T11:02:12.000Z,5.0,5.0,60.0,Brightback,,,,,,,1684215,2026-07-07T11:02:10.000Z,,2026-07-07T11:02:12.000Z,,h_7eea7f81b7e9d5e9,,1,2026-07-07T11:02:12.000Z,USD,u_082bc26b784a3399,ACTIVE,h_bd30ddd503cd5445,[name],60.0,annual_plus,,2026-07-07T11:02:12.000Z,book_club_member,,1,annual_plus,2026-07-07T11:02:12.000Z,_UNKNOWN,6000,YEAR,annual_plus,,,[name],2027-07-07T11:02:12.000Z,,500,,2027-07-07T11:02:12.000Z,2026-07-07T11:02:12.000Z,6000,[name],,https://www.supersummary.com/subscription,https://www.supersummary.com/subscription/confirming/cancel,,BCM Experience [July 2025] [25% one-time / No Entry Modal],,07-07-2026,,07-16-2026,07-07-2026,07-07-2026,07-07-2026,,07-07-2026,07-07-2027
Wg7GEOr_a0cf21d489016d4d,1265067,,Parents; Annual,,,[name],[name],[name],I only needed SuperSummary for a short time,i_have_too_much_product_1528073051,Project ended or taking a break,project_stop,,Needs (SaaS),needs,5,n/a,,u_6ea319b880119fca,n/a,,,1,36.0,,Canceled,2026-07-16T14:25:02.000Z,2026-07-16T14:25:55.000Z,2026-07-16T14:25:55.000Z,,32.23,2026-07-16T14:25:55.000Z,cancel,Valid Cancel,annual,2026-07-21T14:28:49.000Z,2026-07-21T14:28:49.000Z,3.0,3.0,36.0,Brightback,,,,,,,1265067,2025-07-21T14:28:46.000Z,,2025-07-21T14:28:49.000Z,,h_21223eaef84c50ff,,1,2025-07-21T14:28:49.000Z,USD,u_6ea319b880119fca,ACTIVE,h_8af0f90ee0dbd30c,[name],36.0,annual,,2025-07-21T14:28:49.000Z,parent_of_student,,1,annual,2025-07-21T14:28:49.000Z,_UNKNOWN,3600,YEAR,annual,,Middle School,[name],2026-07-21T14:28:49.000Z,,300,,2026-07-21T14:28:49.000Z,2025-07-21T14:28:49.000Z,3600,[name],,https://www.supersummary.com/subscription,https://www.supersummary.com/subscription/confirming/cancel,,Parent Experience [July 2025] [25% one-time / Modal],,07-21-2025,,07-16-2026,07-21-2025,07-21-2025,07-21-2025,,07-21-2025,07-21-2026
Wg7GDWq_af10d373dc1b0a6e,AzqJPpTW41P5u4QYy,,Teachers; Annual,,,[name],[name],,I only needed SuperSummary for a short time,i_have_too_much_product_1528073051,Project ended or taking a break,project_stop,,Needs (SaaS),needs,10,,,u_8a92ed1682de0eed,,,,0,,,Canceled,2026-07-16T13:32:59.000Z,2026-07-16T13:33:33.000Z,2026-07-16T13:33:33.000Z,,32.27,2026-07-16T13:33:33.000Z,cancel,Valid Cancel,annual,2027-02-16T21:22:02.000Z,2027-02-16T21:22:02.000Z,3.0,3.0,36.0,Brightback,,,,,,,AzqJPpTW41P5u4QYy,2023-02-16T21:22:01.000Z,,2023-02-16T21:22:02.000Z,,h_2277cb386149dce4,,1,2023-02-16T21:22:02.000Z,USD,u_8a92ed1682de0eed,ACTIVE,h_94c165df8bbd6e1c,[name],,,,2026-02-16T21:22:02.000Z,teacher,,1,annual,2023-02-16T21:22:02.000Z,_UNKNOWN,3600,YEAR,,,Middle School,[name],2027-02-16T21:22:02.000Z,,300,,2027-02-16T21:22:02.000Z,2023-02-16T21:22:02.000Z,3600,,,,,,Teacher Experience [July 2025] [40% one-time / Modal],,02-16-2023,,07-16-2026,02-16-2023,02-16-2023,02-16-2023,,02-16-2023,02-16-2027
Wg7GC8E_acffb4b27b865bb6,1694633,,Book Club Members; fallback,,,[name],[name],[name],I only needed SuperSummary for a short time,i_have_too_much_product_1528073051,Project ended or taking a break,project_stop,,Needs (SaaS),needs,7,,,u_1dad5cec0f12297c,,,,0,36.0,,Canceled,2026-07-16T12:08:26.000Z,2026-07-16T12:08:59.000Z,2026-07-16T12:08:59.000Z,,32.32,2026-07-16T12:08:59.000Z,cancel,Valid Cancel,annual,2027-07-11T13:10:24.000Z,2027-07-11T13:10:24.000Z,3.0,3.0,36.0,Brightback,,,,,,,1694633,2026-07-11T13:09:46.000Z,,2026-07-11T13:10:24.000Z,,h_cfb517b17092abcd,,1,2026-07-11T13:10:24.000Z,USD,u_1dad5cec0f12297c,ACTIVE,h_9f7debd126600086,[name],36.0,annual_essentials,,2026-07-11T13:10:24.000Z,book_club_member,,1,annual_essentials,2026-07-11T13:10:24.000Z,_UNKNOWN,3600,YEAR,annual_essentials,,,[name],2027-07-11T13:10:24.000Z,,300,,2027-07-11T13:10:24.000Z,2026-07-11T13:10:24.000Z,3600,[name],,https://www.supersummary.com/subscription,https://www.supersummary.com/subscription/confirming/cancel,,BCM Experience [July 2025] [25% one-time / No Entry Modal],,07-11-2026,,07-16-2026,07-11-2026,07-11-2026,07-11-2026,,07-11-2026,07-11-2027
Wg7G6D6_b0fdbedf628f1be6,1320451,,Students; fallback,,,[name],[name],[name],I only needed SuperSummary for a short time,i_have_too_much_product_1528073051,Project ended or taking a break,project_stop,,Needs (SaaS),needs,1,,,u_56d6d38a0292c068,,,,0,9.95,,Canceled,2026-07-16T06:13:10.000Z,2026-07-16T06:13:45.000Z,2026-07-16T06:13:45.000Z,,32.57,2026-07-16T06:13:45.000Z,cancel,Valid Cancel,monthly,2026-08-15T05:27:06.000Z,2026-08-15T05:27:06.000Z,9.95,9.95,9.95,Brightback,,,,,,,1320451,2025-09-11T07:05:04.000Z,,2026-04-15T05:27:06.000Z,,h_7076b6fa0a72f278,,1,2026-04-15T05:27:06.000Z,USD,u_56d6d38a0292c068,ACTIVE,h_4d899edd26677411,[name],9.95,monthly_essentials,,2026-07-15T05:27:06.000Z,student,,1,monthly_essentials,2026-04-15T05:27:06.000Z,_UNKNOWN,995,MONTH,monthly_essentials,,College,[name],2026-08-15T05:27:06.000Z,,995,,2026-08-15T05:27:06.000Z,2026-04-15T05:27:06.000Z,995,[name],,https://www.supersummary.com/subscription,https://www.supersummary.com/subscription/confirming/cancel,,Student Experience [July 2025] [25% one-time / No Entry Modal],,04-15-2026,,07-16-2026,04-15-2026,04-15-2026,09-11-2025,,04-15-2026,08-15-2026
Wg7G3vx_8ab335caca6d7913,Azq6ymVENEYLs1epi,,fallback,,,[name],[name],,I only needed SuperSummary for a short time,i_have_too_much_product_1528073051,Project ended or taking a break,project_stop,,Needs (SaaS),needs,5,,,u_4ca756a10f4d848e,,,,0,,,Canceled,2026-07-16T03:58:02.000Z,2026-07-16T03:58:36.000Z,2026-07-16T04:10:58.000Z,,32.66,2026-07-16T04:10:58.000Z,cancel,Valid Cancel,monthly,2026-07-20T03:14:47.000Z,2026-07-20T03:14:47.000Z,9.95,9.95,9.95,Brightback,,,,,,,Azq6ymVENEYLs1epi,2026-03-20T03:14:45.000Z,,2026-03-20T03:14:47.000Z,,h_7963505a7c2b61db,,1,2026-03-20T03:14:47.000Z,USD,u_4ca756a10f4d848e,ACTIVE,h_f5c08f6220faf2e0,[name],,,,2026-06-20T03:14:47.000Z,other,,1,monthly_essentials,2026-03-20T03:14:47.000Z,_UNKNOWN,995,MONTH,,,,[name],2026-07-20T03:14:47.000Z,,995,,2026-07-20T03:14:47.000Z,2026-03-20T03:14:47.000Z,995,,,,,,Default/Fallback [July 2025] [25% one time / No entry modal],,03-20-2026,,07-16-2026,03-20-2026,03-20-2026,03-20-2026,,03-20-2026,07-20-2026
Wg7G25s_81eff9c98e863d56,6okcQSpQ3bwN2kk,,Students; Annual,,,[name],[name],,I only needed SuperSummary for a short time,i_have_too_much_product_1528073051,Project ended or taking a break,project_stop,,Needs (SaaS),needs,5,Nothing,,u_48fb01a44c0ae462,,,,0,,,Canceled,2026-07-16T02:05:56.000Z,2026-07-16T02:06:19.000Z,2026-07-16T02:06:19.000Z,,32.74,2026-07-16T02:06:19.000Z,cancel,Valid Cancel,annual,2026-11-21T17:06:56.000Z,2026-11-21T17:06:56.000Z,3.0,3.0,36.0,Brightback,,,,,,,6okcQSpQ3bwN2kk,2021-11-21T17:06:55.000Z,,2021-11-21T17:06:56.000Z,,h_4921d0d530599f17,,1,2021-11-21T17:06:56.000Z,USD,u_48fb01a44c0ae462,ACTIVE,h_5322c91b4237c748,[name],,,,2025-11-21T17:06:56.000Z,student,,1,annual,2021-11-21T17:06:56.000Z,_UNKNOWN,3600,YEAR,,,High School,[name],2026-11-21T17:06:56.000Z,,300,,2026-11-21T17:06:56.000Z,2021-11-21T17:06:56.000Z,3600,,,,,,Student Experience [July 2025] [25% one-time / No Entry Modal],,11-21-2021,,07-16-2026,11-21-2021,11-21-2021,11-21-2021,,11-21-2021,11-21-2026
Wg7G1VU_9e9392e8d437ad10,AzqbvfVDyveGF2waJ,,Students; fallback,,,[name],[name],,I only needed SuperSummary for a short time,i_have_too_much_product_1528073051,Project ended or taking a break,project_stop,,Needs (SaaS),needs,6,Nothing,,u_07129d96ce87dc82,,,,0,,,Canceled,2026-07-16T01:31:35.000Z,2026-07-16T01:32:01.000Z,2026-07-16T01:32:01.000Z,,32.77,2026-07-16T01:32:01.000Z,cancel,Valid Cancel,monthly,2026-08-15T23:29:09.000Z,2026-08-15T23:29:09.000Z,9.95,9.95,9.95,Brightback,,,,,,,AzqbvfVDyveGF2waJ,2026-03-15T23:29:06.000Z,,2026-03-15T23:29:09.000Z,,h_be8916d356a6e440,,1,2026-03-15T23:29:09.000Z,USD,u_07129d96ce87dc82,ACTIVE,h_90e88b5633746bb7,[name],,,,2026-07-15T23:29:09.000Z,student,,1,monthly_essentials,2026-03-15T23:29:09.000Z,_UNKNOWN,995,MONTH,,,College,[name],2026-08-15T23:29:09.000Z,,995,,2026-08-15T23:29:09.000Z,2026-03-15T23:29:09.000Z,995,,,,,,Student Experience [July 2025] [25% one-time / No Entry Modal],,03-15-2026,,07-16-2026,03-15-2026,03-15-2026,03-15-2026,,03-15-2026,08-15-2026
Wg7G1e1_853c7796484d7d80,16CJvzV1JOgbV7ISk,,Teachers; fallback,,,[name],[name],,I only needed SuperSummary for a short time,i_have_too_much_product_1528073051,Project ended or taking a break,project_stop,,Needs (SaaS),needs,1,,,u_b8c30ddd9096c74d,,,,0,,,Canceled,2026-07-16T01:40:05.000Z,2026-07-16T01:41:39.000Z,2026-07-16T01:41:39.000Z,,32.76,2026-07-16T01:41:39.000Z,cancel,Valid Cancel,annual,2026-11-01T15:14:29.000Z,2026-11-01T15:14:29.000Z,5.0,5.0,60.0,Brightback,,,,,,,16CJvzV1JOgbV7ISk,2025-11-01T15:14:28.000Z,,2025-11-01T15:14:29.000Z,,h_289b6e242e4a0baf,,1,2025-11-01T15:14:29.000Z,USD,u_b8c30ddd9096c74d,ACTIVE,h_204405a14965a1c2,[name],,,,2025-11-01T15:14:29.000Z,teacher,,1,annual_plus,2025-11-01T15:14:29.000Z,_UNKNOWN,6000,YEAR,,,High School,[name],2026-11-01T15:14:29.000Z,,500,,2026-11-01T15:14:29.000Z,2025-11-01T15:14:29.000Z,6000,,,,,,Teacher Experience [July 2025] [40% one-time / Modal],,11-01-2025,,07-16-2026,11-01-2025,11-01-2025,11-01-2025,,11-01-2025,11-01-2026
Wg7G14w_ba35fb2f5e963e5b,AzqWZoVPUZumn2ucZ,,Book Club Members; fallback,,,[name],[name],,I only needed SuperSummary for a short time,i_have_too_much_product_1528073051,Project ended or taking a break,project_stop,,Needs (SaaS),needs,1,,,u_ba22e008368b1d85,,,,0,,,Canceled,2026-07-16T01:05:01.000Z,2026-07-16T01:05:28.000Z,2026-07-16T01:05:28.000Z,,32.78,2026-07-16T01:05:28.000Z,cancel,Valid Cancel,annual,2027-07-16T00:41:13.000Z,2027-07-16T00:41:13.000Z,3.0,3.0,36.0,Brightback,,,,,,,AzqWZoVPUZumn2ucZ,2026-07-16T00:41:12.000Z,,2026-07-16T00:41:13.000Z,,h_aa433b20bf046ac9,,1,2026-07-16T00:41:13.000Z,USD,u_ba22e008368b1d85,ACTIVE,h_c1e037b9189c88e0,[name],,,,2026-07-16T00:41:13.000Z,book_club_member,,1,annual_essentials,2026-07-16T00:41:13.000Z,_UNKNOWN,3600,YEAR,,,,[name],2027-07-16T00:41:13.000Z,,300,,2027-07-16T00:41:13.000Z,2026-07-16T00:41:13.000Z,3600,,,,,,BCM Experience [July 2025] [25% one-time / No Entry Modal],,07-16-2026,,07-16-2026,07-16-2026,07-16-2026,07-16-2026,,07-16-2026,07-16-2027
Wg7G0dm_b425ea284fc4add9,6oppsVORZ5Z27uMQ,,Students; fallback,,,[name],[name],,I only needed SuperSummary for a short time,i_have_too_much_product_1528073051,Project ended or taking a break,project_stop,,Needs (SaaS),needs,10,,,u_baf1044010d81cf9,,,,0,,,Canceled,2026-07-16T00:39:49.000Z,2026-07-16T00:40:31.000Z,2026-07-16T00:40:31.000Z,,32.8,2026-07-16T00:40:31.000Z,cancel,Valid Cancel,monthly,2026-08-04T21:50:15.000Z,2026-08-04T21:50:15.000Z,16.65,16.65,16.65,Brightback,,,,,,,6oppsVORZ5Z27uMQ,2026-07-04T21:48:53.000Z,,2026-07-04T21:50:15.000Z,,h_a5220eb7fcd92a40,,1,2026-07-04T21:50:15.000Z,USD,u_baf1044010d81cf9,ACTIVE,h_6d3ddb4048d8a3ac,[name],,,,2026-07-04T21:50:15.000Z,student,,1,monthly_plus,2026-07-04T21:50:15.000Z,_UNKNOWN,1665,MONTH,,,College,[name],2026-08-04T21:50:15.000Z,,1665,,2026-08-04T21:50:15.000Z,2026-07-04T21:50:15.000Z,1665,,,,,,Student Experience [July 2025] [25% one-time / No Entry Modal],,07-04-2026,,07-16-2026,07-04-2026,07-04-2026,07-04-2026,,07-04-2026,08-04-2026
Wg7FNL9_9cbc21d6e022e9d3,16A5PqVMKCVHZlBJ,,Students; fallback,,,[name],[name],,I only needed SuperSummary for a short time,i_have_too_much_product_1528073051,Project ended or taking a break,project_stop,,Needs (SaaS),needs,3,,,u_e74b39160acb88e8,,,,0,,,Canceled,2026-07-15T23:21:11.000Z,2026-07-15T23:21:53.000Z,2026-07-15T23:21:54.000Z,,32.86,2026-07-15T23:21:54.000Z,cancel,Valid Cancel,monthly,2026-08-12T10:38:52.000Z,2026-08-12T10:38:52.000Z,9.95,9.95,9.95,Brightback,,,,,,,16A5PqVMKCVHZlBJ,2026-06-12T10:36:57.000Z,,2026-06-12T10:38:52.000Z,,h_94be0cd8472c1499,,1,2026-06-12T10:38:52.000Z,USD,u_e74b39160acb88e8,ACTIVE,h_a985a26d9a480ab3,[name],,,,2026-07-12T10:38:52.000Z,student,,1,monthly_essentials,2026-06-12T10:38:52.000Z,_UNKNOWN,995,MONTH,,,High School,[name],2026-08-12T10:38:52.000Z,,995,,2026-08-12T10:38:52.000Z,2026-06-12T10:38:52.000Z,995,,,,,,Student Experience [July 2025] [25% one-time / No Entry Modal],,06-12-2026,,07-15-2026,06-12-2026,06-12-2026,06-12-2026,,06-12-2026,08-12-2026
Wg7FLt2_9b9170a78d60df70,16CaPYVGabPpW9VMy,,Book Club Members; fallback,,,[name],[name],,I only needed SuperSummary for a short time,i_have_too_much_product_1528073051,Project ended or taking a break,project_stop,,Needs (SaaS),needs,7,,,u_6a8e17bd828f871b,,,,0,,,Canceled,2026-07-15T21:55:04.000Z,2026-07-15T21:55:44.000Z,2026-07-15T21:55:44.000Z,,32.92,2026-07-15T21:55:44.000Z,cancel,Valid Cancel,annual,2027-04-12T15:04:53.000Z,2027-04-12T15:04:53.000Z,5.0,5.0,60.0,Brightback,,,,,,,16CaPYVGabPpW9VMy,2026-04-12T15:04:52.000Z,,2026-04-12T15:04:53.000Z,,h_a3d8c863e67da8db,,1,2026-04-12T15:04:53.000Z,USD,u_6a8e17bd828f871b,ACTIVE,h_0c263890d3a3f585,[name],,,,2026-04-12T15:04:53.000Z,book_club_member,,1,annual_plus,2026-04-12T15:04:53.000Z,_UNKNOWN,6000,YEAR,,,,[name],2027-04-12T15:04:53.000Z,,500,,2027-04-12T15:04:53.000Z,2026-04-12T15:04:53.000Z,6000,,,,,,BCM Experience [July 2025] [25% one-time / No Entry Modal],,04-12-2026,,07-15-2026,04-12-2026,04-12-2026,04-12-2026,,04-12-2026,04-12-2027
Wg7FLQj_ae626e0af302dc3c,987821,,Book Club Members; Annual,,,[name],[name],[name],I only needed SuperSummary for a short time,i_have_too_much_product_1528073051,Project ended or taking a break,project_stop,,Needs (SaaS),needs,6,,,u_19131100e68523c9,,,,0,36.0,,Canceled,2026-07-15T21:27:03.000Z,2026-07-15T21:27:52.000Z,2026-07-15T21:27:52.000Z,,32.94,2026-07-15T21:27:52.000Z,cancel,Valid Cancel,annual,2027-02-10T02:25:10.000Z,2027-02-10T02:25:10.000Z,3.0,3.0,36.0,Brightback,,,,,,,987821,2025-02-10T02:25:08.000Z,,2025-02-10T02:25:10.000Z,,h_e0f5121b8562bd0b,,1,2025-02-10T02:25:10.000Z,USD,u_19131100e68523c9,ACTIVE,h_9615279650025cf9,[name],36.0,annual,,2026-02-10T02:25:10.000Z,book_club_member,,1,annual,2025-02-10T02:25:10.000Z,_UNKNOWN,3600,YEAR,annual,,,[name],2027-02-10T02:25:10.000Z,,300,,2027-02-10T02:25:10.000Z,2025-02-10T02:25:10.000Z,3600,[name],,https://www.supersummary.com/subscription,https://www.supersummary.com/subscription/confirming/cancel,,BCM Experience [July 2025] [25% one-time / No Entry Modal],,02-10-2025,,07-15-2026,02-10-2025,02-10-2025,02-10-2025,,02-10-2025,02-10-2027
Wg7FKWT_9af1bc21bad85a5b,1698106,,Book Club Members; fallback,,,[name],[name],[name],I only needed SuperSummary for a short time,i_have_too_much_product_1528073051,Project ended or taking a break,project_stop,,Needs (SaaS),needs,7,,,u_c3d26306570c03f7,,,,0,36.0,,Canceled,2026-07-15T20:32:33.000Z,2026-07-15T20:33:24.000Z,2026-07-15T20:33:24.000Z,,32.97,2026-07-15T20:33:24.000Z,cancel,Valid Cancel,annual,2027-07-15T20:19:06.000Z,2027-07-15T20:19:06.000Z,3.0,3.0,36.0,Brightback,,,,,,,1698106,2026-07-15T20:19:03.000Z,,2026-07-15T20:19:06.000Z,,h_2ecfbc31bbb2e0be,,1,2026-07-15T20:19:06.000Z,USD,u_c3d26306570c03f7,ACTIVE,h_af9ae16c2b5219ff,[name],36.0,annual_essentials,,2026-07-15T20:19:06.000Z,book_club_member,,1,annual_essentials,2026-07-15T20:19:06.000Z,_UNKNOWN,3600,YEAR,annual_essentials,,,[name],2027-07-15T20:19:06.000Z,,300,,2027-07-15T20:19:06.000Z,2026-07-15T20:19:06.000Z,3600,[name],,https://www.supersummary.com/subscription,https://www.supersummary.com/subscription/confirming/cancel,,BCM Experience [July 2025] [25% one-time / No Entry Modal],,07-15-2026,,07-15-2026,07-15-2026,07-15-2026,07-15-2026,,07-15-2026,07-15-2027
Wg7FJNl_957a09441fe984e9,748037,,Students; fallback,,,[name],[name],[name],I only needed SuperSummary for a short time,i_have_too_much_product_1528073051,Project ended or taking a break,project_stop,,Needs (SaaS),needs,5,,,u_84324a5bf125e4a3,,,,0,16.65,,Canceled,2026-07-15T19:23:52.000Z,2026-07-15T19:24:16.000Z,2026-07-15T19:24:17.000Z,,33.02,2026-07-15T19:25:05.000Z,cancel,Valid Cancel,monthly,2026-08-15T19:22:30.000Z,2026-08-15T19:22:30.000Z,16.65,16.65,16.65,Brightback,,,,,,,748037,2024-10-21T20:12:02.000Z,,2026-07-15T19:22:30.000Z,,h_c9abe9ab20961f32,,1,2026-07-15T19:22:30.000Z,USD,u_84324a5bf125e4a3,ACTIVE,h_ec24e395b3cf12e6,[name],16.65,monthly_plus,,2026-07-15T19:22:30.000Z,student,,1,monthly_plus,2026-07-15T19:22:30.000Z,_UNKNOWN,1665,MONTH,monthly_plus,,College,[name],2026-08-15T19:22:30.000Z,,1665,,2026-08-15T19:22:30.000Z,2026-07-15T19:22:30.000Z,1665,[name],,https://www.supersummary.com/subscription,https://www.supersummary.com/subscription/confirming/cancel,,Student Experience [July 2025] [25% one-time / No Entry Modal],,07-15-2026,,07-15-2026,07-15-2026,07-15-2026,10-21-2024,,07-15-2026,08-15-2026
Wg7FISt_ade4fb7365147360,16BlKZUIcZVAn6Ac4,,fallback,,,[name],[name],,I only needed SuperSummary for a short time,i_have_too_much_product_1528073051,Project ended or taking a break,project_stop,,Needs (SaaS),needs,2,nothing,,u_d1e363a8a6323d47,I forgot what this site was,,,1,,,Canceled,2026-07-15T18:28:59.000Z,2026-07-15T18:29:31.000Z,2026-07-15T18:29:31.000Z,,33.06,2026-07-15T18:29:31.000Z,cancel,Valid Cancel,annual,2027-07-15T18:17:00.000Z,2027-07-15T18:17:00.000Z,3.0,3.0,36.0,Brightback,,,,,,,16BlKZUIcZVAn6Ac4,2024-07-15T18:16:58.000Z,,2024-07-15T18:17:00.000Z,,h_e26f396a33f82638,,1,2024-07-15T18:17:00.000Z,USD,u_d1e363a8a6323d47,ACTIVE,h_a88033db4af1b9aa,[name],,,,2026-07-15T18:17:00.000Z,other,,1,annual,2024-07-15T18:17:00.000Z,_UNKNOWN,3600,YEAR,,,,[name],2027-07-15T18:17:00.000Z,,300,,2027-07-15T18:17:00.000Z,2024-07-15T18:17:00.000Z,3600,,,,,,Default/Fallback [July 2025] [25% one time / No entry modal],,07-15-2024,,07-15-2026,07-15-2024,07-15-2024,07-15-2024,,07-15-2024,07-15-2027
Wg7FIoN_a6de5b17a723c782,1237154,,Book Club Members; fallback,,,[name],[name],[name],I only needed SuperSummary for a short time,i_have_too_much_product_1528073051,Project ended or taking a break,project_stop,,Needs (SaaS),needs,1,,,u_d1c93d796508e380,"needed more advanced version, which was unclear",,,1,36.0,,Canceled,2026-07-15T18:50:27.000Z,2026-07-15T18:51:05.000Z,2026-07-15T18:51:05.000Z,,33.04,2026-07-15T18:51:05.000Z,cancel,Valid Cancel,annual,2027-07-15T18:46:30.000Z,2027-07-15T18:46:30.000Z,2.25,2.25,36.0,Brightback,,,,,,,1237154,2026-07-15T18:46:28.000Z,,2026-07-15T18:46:30.000Z,,h_3f43673f3b3066dd,,1,2026-07-15T18:46:30.000Z,USD,u_d1c93d796508e380,ACTIVE,h_51562c5a94021a05,[name],36.0,annual_essentials,,2026-07-15T18:46:30.000Z,book_club_member,,1,annual_essentials,2026-07-15T18:46:30.000Z,_UNKNOWN,3600,YEAR,annual_essentials,nmTKUhkQCvq,,[name],2027-07-15T18:46:30.000Z,,225,,2027-07-15T18:46:30.000Z,2026-07-15T18:46:30.000Z,3600,[name],,https://www.supersummary.com/subscription,https://www.supersummary.com/subscription/confirming/cancel,,BCM Experience [July 2025] [25% one-time / No Entry Modal],,07-15-2026,,07-15-2026,07-15-2026,07-15-2026,07-15-2026,,07-15-2026,07-15-2027
Wg7FHOi_8cb9353316805c8e,611140,,fallback,,,[name],[name],[name],I only needed SuperSummary for a short time,i_have_too_much_product_1528073051,Project ended or taking a break,project_stop,,Needs (SaaS),needs,3,Nothing,,u_8fd83cbc246b4f46,You're doing great,,,1,36.0,,Canceled,2026-07-15T17:24:50.000Z,2026-07-15T17:25:29.000Z,2026-07-15T17:25:29.000Z,,33.1,2026-07-15T17:25:29.000Z,cancel,Valid Cancel,annual,2027-07-15T16:32:56.000Z,2027-07-15T16:32:56.000Z,3.0,3.0,36.0,Brightback,,,,1,36.0,2026-07-22T16:33:01.000Z,611140,2024-07-15T16:32:53.000Z,,2024-07-15T16:32:56.000Z,,h_e7b3865b42196bc3,,1,2024-07-15T16:32:56.000Z,USD,u_8fd83cbc246b4f46,ACTIVE,h_c9a8c447fd428877,[name],36.0,annual,,2026-07-15T16:32:56.000Z,librarian,,1,annual,2024-07-15T16:32:56.000Z,_UNKNOWN,3600,YEAR,annual,,,[name],2027-07-15T16:32:56.000Z,,300,,2027-07-15T16:32:56.000Z,2024-07-15T16:32:56.000Z,3600,[name],,https://www.supersummary.com/subscription,https://www.supersummary.com/subscription/confirming/cancel,,Default/Fallback [July 2025] [25% one time / No entry modal],,07-15-2024,,07-15-2026,07-15-2024,07-15-2024,07-15-2024,,07-15-2024,07-15-2027
Wg7FGZw_9877cfdd2e565466,1677489,,fallback,,,[name],[name],[name],I only needed SuperSummary for a short time,i_have_too_much_product_1528073051,Project ended or taking a break,project_stop,,Needs (SaaS),needs,5,,,u_576fd5807ec675a3,,,,0,16.65,,Canceled,2026-07-15T16:36:37.000Z,2026-07-15T16:37:01.000Z,2026-07-15T16:37:01.000Z,,33.14,2026-07-15T16:37:01.000Z,cancel,Valid Cancel,monthly,2026-07-17T13:28:32.000Z,2026-07-17T13:28:32.000Z,16.65,16.65,16.65,Brightback,,,,,,,1677489,2026-06-17T13:28:29.000Z,,2026-06-17T13:28:32.000Z,,h_59fbf75527fe54d7,,1,2026-06-17T13:28:32.000Z,USD,u_576fd5807ec675a3,ACTIVE,h_46b8cca2763c7086,[name],16.65,monthly_plus,,2026-06-17T13:28:32.000Z,librarian,,1,monthly_plus,2026-06-17T13:28:32.000Z,_UNKNOWN,1665,MONTH,monthly_plus,,,[name],2026-07-17T13:28:32.000Z,,1665,,2026-07-17T13:28:32.000Z,2026-06-17T13:28:32.000Z,1665,[name],,https://www.supersummary.com/subscription,https://www.supersummary.com/subscription/confirming/cancel,,Default/Fallback [July 2025] [25% one time / No entry modal],,06-17-2026,,07-15-2026,06-17-2026,06-17-2026,06-17-2026,,06-17-2026,07-17-2026
Wg7FFZc_be2e7bdf33dc49c1,16CTy5Utgi3LD2mwo,,Students; Monthly,,,[name],[name],,I only needed SuperSummary for a short time,i_have_too_much_product_1528073051,Project ended or taking a break,project_stop,,Needs (SaaS),needs,2,,,u_5ab95c0f800fd018,,,,0,,,Canceled,2026-07-15T15:35:42.000Z,2026-07-15T15:36:27.000Z,2026-07-15T15:36:27.000Z,,33.18,2026-07-15T15:36:27.000Z,cancel,Valid Cancel,monthly,2026-08-12T19:04:38.000Z,2026-08-12T19:04:38.000Z,9.95,9.95,9.95,Brightback,,,,,,,16CTy5Utgi3LD2mwo,2025-08-12T19:04:36.000Z,,2025-08-12T19:04:38.000Z,,h_07e32d6bc5d71b92,,1,2025-08-12T19:04:38.000Z,USD,u_5ab95c0f800fd018,ACTIVE,h_9c522ba1a98c7c0e,[name],,,,2026-07-12T19:04:38.000Z,student,,1,monthly,2025-08-12T19:04:38.000Z,_UNKNOWN,995,MONTH,,,High School,[name],2026-08-12T19:04:38.000Z,,995,,2026-08-12T19:04:38.000Z,2025-08-12T19:04:38.000Z,995,,,,,,Student Experience [July 2025] [40% forever / Modal],,08-12-2025,,07-15-2026,08-12-2025,08-12-2025,08-12-2025,,08-12-2025,08-12-2026
Wg7FFRB_90de213acf6976a5,AzZMrCTBZddMpyc8,,fallback,,,[name],[name],,I only needed SuperSummary for a short time,i_have_too_much_product_1528073051,Project ended or taking a break,project_stop,,Needs (SaaS),needs,4,,,u_77ceabbec09ed45c,,,,0,,,Canceled,2026-07-15T15:27:18.000Z,2026-07-15T15:28:21.000Z,2026-07-15T15:28:21.000Z,,33.19,2026-07-15T15:28:21.000Z,cancel,Valid Cancel,annual,2027-07-14T15:01:50.000Z,2027-07-14T15:01:50.000Z,3.0,3.0,36.0,Brightback,,,,,,,AzZMrCTBZddMpyc8,2022-07-14T15:01:49.000Z,,2022-07-14T15:01:50.000Z,,h_f617179e1f15e2bb,,1,2022-07-14T15:01:50.000Z,USD,u_77ceabbec09ed45c,ACTIVE,h_8c435166413179a2,[name],,,,2026-07-14T15:01:50.000Z,librarian,,1,annual,2022-07-14T15:01:50.000Z,_UNKNOWN,3600,YEAR,,,,[name],2027-07-14T15:01:50.000Z,,300,,2027-07-14T15:01:50.000Z,2022-07-14T15:01:50.000Z,3600,,,,,,Default/Fallback [July 2025] [25% one time / No entry modal],,07-14-2022,,07-15-2026,07-14-2022,07-14-2022,07-14-2022,,07-14-2022,07-14-2027
Wg7FFkv_9a43727e886650f2,AzqTq7VPSJOaU1iDM,,Teachers; fallback,,,[name],[name],,I only needed SuperSummary for a short time,i_have_too_much_product_1528073051,Project ended or taking a break,project_stop,,Needs (SaaS),needs,10,na ,,u_3dd3f10d184c8c18,na ,,,1,,,Canceled,2026-07-15T15:47:01.000Z,2026-07-15T15:47:33.000Z,2026-07-15T15:47:34.000Z,,33.17,2026-07-15T15:47:34.000Z,cancel,Valid Cancel,annual,2027-07-15T15:23:04.000Z,2027-07-15T15:23:04.000Z,5.0,5.0,60.0,Brightback,,,,,,,AzqTq7VPSJOaU1iDM,2026-07-15T15:23:02.000Z,,2026-07-15T15:23:04.000Z,,h_4ef75f27bf5fafe4,,1,2026-07-15T15:23:04.000Z,USD,u_3dd3f10d184c8c18,ACTIVE,h_193d3614710a0c0b,[name],,,,2026-07-15T15:23:04.000Z,teacher,,1,annual_plus,2026-07-15T15:23:04.000Z,_UNKNOWN,6000,YEAR,,,Middle School,[name],2027-07-15T15:23:04.000Z,,500,,2027-07-15T15:23:04.000Z,2026-07-15T15:23:04.000Z,6000,,,,,,Teacher Experience [July 2025] [40% one-time / Modal],,07-15-2026,,07-15-2026,07-15-2026,07-15-2026,07-15-2026,,07-15-2026,07-15-2027
Wg7FEvc_8a23322155f7aed4,1674400,,Students; fallback,,,[name],[name],[name],I only needed SuperSummary for a short time,i_have_too_much_product_1528073051,Project ended or taking a break,project_stop,,Needs (SaaS),needs,8,,,u_8e9d5ca18699c407,,,,0,9.95,,Canceled,2026-07-15T14:57:45.000Z,2026-07-15T14:58:17.000Z,2026-07-15T14:58:17.000Z,,33.21,2026-07-15T14:58:17.000Z,cancel,Valid Cancel,monthly,2026-08-14T06:52:11.000Z,2026-08-14T06:52:11.000Z,9.95,9.95,9.95,Brightback,,,,,,,1674400,2026-06-14T06:52:07.000Z,,2026-06-14T06:52:11.000Z,,h_225af4f7c09692a2,,1,2026-06-14T06:52:11.000Z,USD,u_8e9d5ca18699c407,ACTIVE,h_b6c659fe147865d1,[name],9.95,monthly_essentials,,2026-07-14T06:52:11.000Z,student,,1,monthly_essentials,2026-06-14T06:52:11.000Z,_UNKNOWN,995,MONTH,monthly_essentials,,High School,[name],2026-08-14T06:52:11.000Z,,995,,2026-08-14T06:52:11.000Z,2026-06-14T06:52:11.000Z,995,[name],,https://www.supersummary.com/subscription,https://www.supersummary.com/subscription/confirming/cancel,,Student Experience [July 2025] [25% one-time / No Entry Modal],,06-14-2026,,07-15-2026,06-14-2026,06-14-2026,06-14-2026,,06-14-2026,08-14-2026
Wg7FEui_bf735b32d1c72bfa,AzqO8YVGhYsQP2YQa,,Students; fallback,,,[name],[name],,I only needed SuperSummary for a short time,i_have_too_much_product_1528073051,Project ended or taking a break,project_stop,,Needs (SaaS),needs,2,,,u_5b08dd9dbf788112,,,,0,,,Canceled,2026-07-15T14:56:47.000Z,2026-07-15T14:57:04.000Z,2026-07-15T14:57:04.000Z,,33.21,2026-07-15T14:57:04.000Z,cancel,Valid Cancel,monthly,2026-08-13T19:38:43.000Z,2026-08-13T19:38:43.000Z,9.95,9.95,9.95,Brightback,,,,,,,AzqO8YVGhYsQP2YQa,2026-04-13T19:38:39.000Z,,2026-04-13T19:38:43.000Z,,h_4db16038d0a4f5c4,,1,2026-04-13T19:38:43.000Z,USD,u_5b08dd9dbf788112,ACTIVE,h_323cadc9d362ef49,[name],,,,2026-07-13T19:38:43.000Z,student,,1,monthly_essentials,2026-04-13T19:38:43.000Z,_UNKNOWN,995,MONTH,,,Postgrad Program,[name],2026-08-13T19:38:43.000Z,,995,,2026-08-13T19:38:43.000Z,2026-04-13T19:38:43.000Z,995,,,,,,Student Experience [July 2025] [25% one-time / No Entry Modal],,04-13-2026,,07-15-2026,04-13-2026,04-13-2026,04-13-2026,,04-13-2026,08-13-2026
Wg7FEqZ_97a73c5fd382446f,AzyoO0VJhUBRTKRF,,Students; fallback,,,[name],[name],,I only needed SuperSummary for a short time,i_have_too_much_product_1528073051,Project ended or taking a break,project_stop,,Needs (SaaS),needs,10,,,u_e14ec4f04053a78f,,,,0,,,Canceled,2026-07-15T14:52:41.000Z,2026-07-15T14:53:14.000Z,2026-07-15T14:53:14.000Z,,33.21,2026-07-15T14:53:14.000Z,cancel,Valid Cancel,monthly,2026-08-15T14:46:43.000Z,2026-08-15T14:46:43.000Z,16.65,16.65,16.65,Brightback,,,,,,,AzyoO0VJhUBRTKRF,2026-05-15T14:46:39.000Z,,2026-05-15T14:46:43.000Z,,h_3d0a48041508dffb,,1,2026-05-15T14:46:43.000Z,USD,u_e14ec4f04053a78f,ACTIVE,h_37ef4fb37018f59b,[name],,,,2026-07-15T14:46:43.000Z,student,,1,monthly_plus,2026-05-15T14:46:43.000Z,_UNKNOWN,1665,MONTH,,,College,[name],2026-08-15T14:46:43.000Z,,1665,,2026-08-15T14:46:43.000Z,2026-05-15T14:46:43.000Z,1665,,,,,,Student Experience [July 2025] [25% one-time / No Entry Modal],,05-15-2026,,07-15-2026,05-15-2026,05-15-2026,05-15-2026,,05-15-2026,08-15-2026
Wg7FEa0_9e80478db30260ac,1681836,,Students; fallback,,,[name],[name],[name],I only needed SuperSummary for a short time,i_have_too_much_product_1528073051,Project ended or taking a break,project_stop,,Needs (SaaS),needs,5,ai,,u_583d33589484b5ff,,,,0,9.95,,Canceled,2026-07-15T14:36:07.000Z,2026-07-15T14:37:02.000Z,2026-07-15T14:37:02.000Z,,33.22,2026-07-15T14:37:02.000Z,cancel,Valid Cancel,monthly,2026-07-23T01:29:55.000Z,2026-07-23T01:29:55.000Z,9.95,9.95,9.95,Brightback,,,,,,,1681836,2026-06-23T01:29:53.000Z,,2026-06-23T01:29:55.000Z,,h_864ca8cc2152cd73,,1,2026-06-23T01:29:55.000Z,USD,u_583d33589484b5ff,ACTIVE,h_6133c22e9dff3f7b,[name],9.95,monthly_essentials,,2026-06-23T01:29:55.000Z,student,,1,monthly_essentials,2026-06-23T01:29:55.000Z,_UNKNOWN,995,MONTH,monthly_essentials,,Postgrad Program,[name],2026-07-23T01:29:55.000Z,,995,,2026-07-23T01:29:55.000Z,2026-06-23T01:29:55.000Z,995,[name],,https://www.supersummary.com/subscription,https://www.supersummary.com/subscription/confirming/cancel,,Student Experience [July 2025] [25% one-time / No Entry Modal],,06-23-2026,,07-15-2026,06-23-2026,06-23-2026,06-23-2026,,06-23-2026,07-23-2026
Wg7FD0e_8989d23538bc54fd,1693304,,Teachers; fallback,,,[name],[name],[name],I only needed SuperSummary for a short time,i_have_too_much_product_1528073051,Project ended or taking a break,project_stop,,Needs (SaaS),needs,8,Podcasts,,u_2bcc9a6ae469f287,I like Super Summery. ,,,1,60.0,,Canceled,2026-07-15T13:00:58.000Z,2026-07-15T13:12:27.000Z,2026-07-22T04:52:10.000Z,,33.29,2026-07-22T04:52:10.000Z,cancel,Valid Cancel,annual,2027-07-09T13:38:29.000Z,2027-07-09T13:38:29.000Z,5.0,5.0,60.0,Brightback,,,,,,,1693304,2026-07-09T13:38:26.000Z,,2026-07-09T13:38:29.000Z,,h_2cd13f0079abc69c,,1,2026-07-09T13:38:29.000Z,USD,u_2bcc9a6ae469f287,ACTIVE,h_dcfd8c7ae0129d63,[name],60.0,annual_plus,,2026-07-09T13:38:29.000Z,teacher,,1,annual_plus,2026-07-09T13:38:29.000Z,_UNKNOWN,6000,YEAR,annual_plus,,other,[name],2027-07-09T13:38:29.000Z,,500,,2027-07-09T13:38:29.000Z,2026-07-09T13:38:29.000Z,6000,[name],,https://www.supersummary.com/subscription,https://www.supersummary.com/subscription/confirming/cancel,,Teacher Experience [July 2025] [40% one-time / Modal],,07-09-2026,,07-15-2026,07-09-2026,07-09-2026,07-09-2026,,07-09-2026,07-09-2027
Wg7FCEb_9ad853756aa68031,16A1CmVPRUSl21AeL,,Students; fallback,,,[name],[name],,I only needed SuperSummary for a short time,i_have_too_much_product_1528073051,Project ended or taking a break,project_stop,,Needs (SaaS),needs,4,,,u_7e037e34cd1463a2,,,,0,,,Canceled,2026-07-15T12:14:40.000Z,2026-07-15T12:15:08.000Z,2026-07-15T12:15:08.000Z,,33.32,2026-07-15T12:15:08.000Z,cancel,Valid Cancel,monthly,2026-08-15T12:00:45.000Z,2026-08-15T12:00:45.000Z,9.95,9.95,9.95,Brightback,,,,,,,16A1CmVPRUSl21AeL,2026-07-15T12:00:43.000Z,,2026-07-15T12:00:45.000Z,,h_a6e14273a190595a,,1,2026-07-15T12:00:45.000Z,USD,u_7e037e34cd1463a2,ACTIVE,h_39dc1a43011683bd,[name],,,,2026-07-15T12:00:45.000Z,student,,1,monthly_essentials,2026-07-15T12:00:45.000Z,_UNKNOWN,995,MONTH,,,College,[name],2026-08-15T12:00:45.000Z,,995,,2026-08-15T12:00:45.000Z,2026-07-15T12:00:45.000Z,995,,,,,,Student Experience [July 2025] [25% one-time / No Entry Modal],,07-15-2026,,07-15-2026,07-15-2026,07-15-2026,07-15-2026,,07-15-2026,08-15-2026
Wg7FBd8_aefb5c410f2424b2,1697697,,Students; fallback,,,[name],[name],[name],I only needed SuperSummary for a short time,i_have_too_much_product_1528073051,Project ended or taking a break,project_stop,,Needs (SaaS),needs,2,,,u_dacd861d105cd64a,,,,0,36.0,,Canceled,2026-07-15T11:39:18.000Z,2026-07-15T11:40:00.000Z,2026-07-15T11:40:00.000Z,,33.34,2026-07-15T11:40:00.000Z,cancel,Valid Cancel,annual,2027-07-15T11:35:42.000Z,2027-07-15T11:35:42.000Z,3.0,3.0,36.0,Brightback,,,,,,,1697697,2026-07-15T11:35:40.000Z,,2026-07-15T11:35:42.000Z,,h_6f3daf72b61fa4e7,,1,2026-07-15T11:35:42.000Z,USD,u_dacd861d105cd64a,ACTIVE,h_76f05a37330e4036,[name],36.0,annual_essentials,,2026-07-15T11:35:42.000Z,student,,1,annual_essentials,2026-07-15T11:35:42.000Z,_UNKNOWN,3600,YEAR,annual_essentials,,College,[name],2027-07-15T11:35:42.000Z,,300,,2027-07-15T11:35:42.000Z,2026-07-15T11:35:42.000Z,3600,[name],,https://www.supersummary.com/subscription,https://www.supersummary.com/subscription/confirming/cancel,,Student Experience [July 2025] [25% one-time / No Entry Modal],,07-15-2026,,07-15-2026,07-15-2026,07-15-2026,07-15-2026,,07-15-2026,07-15-2027
Wg7FBd4_b42d6a04f1731d24,Azq7ZMVPNyCGG1VDd,,Teachers; fallback,,,[name],[name],,I only needed SuperSummary for a short time,i_have_too_much_product_1528073051,Project ended or taking a break,project_stop,,Needs (SaaS),needs,5,,,u_21f1e11fb689a8d4,,,,0,,,Canceled,2026-07-15T11:39:08.000Z,2026-07-15T11:39:37.000Z,2026-07-15T11:39:37.000Z,,33.34,2026-07-15T11:39:37.000Z,cancel,Valid Cancel,annual,2027-07-14T21:33:46.000Z,2027-07-14T21:33:46.000Z,3.0,3.0,36.0,Brightback,,,,,,,Azq7ZMVPNyCGG1VDd,2022-10-11T21:40:48.000Z,,2026-07-14T21:33:46.000Z,,h_86cf76bef8200be9,,1,2026-07-14T21:33:46.000Z,USD,u_21f1e11fb689a8d4,ACTIVE,h_4cf90e5c7f8b84a8,[name],,,,2026-07-14T21:33:46.000Z,teacher,,1,annual_essentials,2026-07-14T21:33:46.000Z,_UNKNOWN,3600,YEAR,,,High School,[name],2027-07-14T21:33:46.000Z,,300,,2027-07-14T21:33:46.000Z,2026-07-14T21:33:46.000Z,3600,,,,,,Teacher Experience [July 2025] [40% one-time / Modal],,07-14-2026,,07-15-2026,07-14-2026,07-14-2026,10-11-2022,,07-14-2026,07-14-2027
Wg7FAdw_81be5f1958a4ef79,169yoiVPNwJsm1ToJ,,Book Club Members; fallback,,,[name],[name],,I only needed SuperSummary for a short time,i_have_too_much_product_1528073051,Project ended or taking a break,project_stop,,Needs (SaaS),needs,5,,,u_2934d72528b0fb63,,,,0,,,Canceled,2026-07-15T10:40:00.000Z,2026-07-15T10:40:18.000Z,2026-07-15T10:40:18.000Z,,33.39,2026-07-15T10:40:18.000Z,cancel,Valid Cancel,monthly,2026-08-14T21:26:19.000Z,2026-08-14T21:26:19.000Z,9.95,9.95,9.95,Brightback,,,,,,,169yoiVPNwJsm1ToJ,2023-07-07T20:05:23.000Z,,2026-07-14T21:26:19.000Z,,h_ba76fd13557ad9b5,,1,2026-07-14T21:26:19.000Z,USD,u_2934d72528b0fb63,ACTIVE,h_153ea744ea9254b8,[name],,,,2026-07-14T21:26:19.000Z,book_club_member,,1,monthly_essentials,2026-07-14T21:26:19.000Z,_UNKNOWN,995,MONTH,,,,[name],2026-08-14T21:26:19.000Z,,995,,2026-08-14T21:26:19.000Z,2026-07-14T21:26:19.000Z,995,,,,,,BCM Experience [July 2025] [25% one-time / No Entry Modal],,07-14-2026,,07-15-2026,07-14-2026,07-14-2026,07-07-2023,,07-14-2026,08-14-2026
Wg7F8AP_a05bb0a3f0af0a75,1696889,,Book Club Members; fallback,,,[name],[name],[name],I only needed SuperSummary for a short time,i_have_too_much_product_1528073051,Project ended or taking a break,project_stop,,Needs (SaaS),needs,5,Nothing,,u_28aa1a61b3777c7f,,,,0,16.65,,Canceled,2026-07-15T08:10:35.000Z,2026-07-15T08:11:08.000Z,2026-07-15T08:11:08.000Z,,33.49,2026-07-15T08:11:08.000Z,cancel,Valid Cancel,monthly,2026-08-14T13:33:54.000Z,2026-08-14T13:33:54.000Z,16.65,16.65,16.65,Brightback,,,,,,,1696889,2026-07-14T13:33:52.000Z,,2026-07-14T13:33:54.000Z,,h_d1f1e5cdba4be284,,1,2026-07-14T13:33:54.000Z,USD,u_28aa1a61b3777c7f,ACTIVE,h_001204af8f8721a0,[name],16.65,monthly_plus,,2026-07-14T13:33:54.000Z,book_club_member,,1,monthly_plus,2026-07-14T13:33:54.000Z,_UNKNOWN,1665,MONTH,monthly_plus,,,[name],2026-08-14T13:33:54.000Z,,1665,,2026-08-14T13:33:54.000Z,2026-07-14T13:33:54.000Z,1665,[name],,https://www.supersummary.com/subscription,https://www.supersummary.com/subscription/confirming/cancel,,BCM Experience [July 2025] [25% one-time / No Entry Modal],,07-14-2026,,07-15-2026,07-14-2026,07-14-2026,07-14-2026,,07-14-2026,08-14-2026
Wg7F60Z_9f4e69b33495c343,6oaykUIB5IMf9cdZ,,Teachers; Annual,,,[name],[name],,I only needed SuperSummary for a short time,i_have_too_much_product_1528073051,Project ended or taking a break,project_stop,,Needs (SaaS),needs,8,Na,,u_7a0ab7307dabf351,Na,,,1,,,Canceled,2026-07-15T06:00:39.000Z,2026-07-15T06:01:15.000Z,2026-07-15T06:01:15.000Z,,33.58,2026-07-15T06:01:15.000Z,cancel,Valid Cancel,annual,2027-07-11T01:27:40.000Z,2027-07-11T01:27:40.000Z,3.0,3.0,36.0,Brightback,,,,,,,6oaykUIB5IMf9cdZ,2024-07-11T01:27:37.000Z,,2024-07-11T01:27:40.000Z,,h_a04a5605b7c7c8a5,,1,2024-07-11T01:27:40.000Z,USD,u_7a0ab7307dabf351,ACTIVE,h_45964ecfb43d184e,[name],,,,2026-07-11T01:27:40.000Z,teacher,,1,annual,2024-07-11T01:27:40.000Z,_UNKNOWN,3600,YEAR,,,High School,[name],2027-07-11T01:27:40.000Z,,300,,2027-07-11T01:27:40.000Z,2024-07-11T01:27:40.000Z,3600,,,,,,Teacher Experience [July 2025] [40% one-time / Modal],,07-11-2024,,07-15-2026,07-11-2024,07-11-2024,07-11-2024,,07-11-2024,07-11-2027
Wg7F3cf_badd7e10d6abb05d,6oqqtVPPMXrD72m,,Book Club Members; fallback,,,[name],[name],,I only needed SuperSummary for a short time,i_have_too_much_product_1528073051,Project ended or taking a break,project_stop,,Needs (SaaS),needs,1,Read,,u_443c1b7f9112131b,,,,0,,,Canceled,2026-07-15T03:38:52.000Z,2026-07-15T03:39:40.000Z,2026-07-15T03:39:40.000Z,,33.68,2026-07-15T03:39:40.000Z,cancel,Valid Cancel,annual,2027-07-15T03:16:45.000Z,2027-07-15T03:16:45.000Z,3.0,3.0,36.0,Brightback,,,,,,,6oqqtVPPMXrD72m,2026-07-15T03:16:15.000Z,,2026-07-15T03:16:45.000Z,,h_a2e08b08fc666ee3,,1,2026-07-15T03:16:45.000Z,USD,u_443c1b7f9112131b,ACTIVE,h_f6fa9e6f97183409,[name],,,,2026-07-15T03:16:45.000Z,book_club_member,,1,annual_essentials,2026-07-15T03:16:45.000Z,_UNKNOWN,3600,YEAR,,,,[name],2027-07-15T03:16:45.000Z,,300,,2027-07-15T03:16:45.000Z,2026-07-15T03:16:45.000Z,3600,,,,,,BCM Experience [July 2025] [25% one-time / No Entry Modal],,07-15-2026,,07-15-2026,07-15-2026,07-15-2026,07-15-2026,,07-15-2026,07-15-2027
Wg7F3bP_9cd857037d4efb32,AzyoRLVMZx8bRUo,,Students; fallback,,,[name],[name],,I only needed SuperSummary for a short time,i_have_too_much_product_1528073051,Project ended or taking a break,project_stop,Expensive,Needs (SaaS),needs,1,,,u_6821641a9b4cb5f5,,,,0,,,Canceled,2026-07-15T03:37:28.000Z,2026-07-15T03:38:08.000Z,2026-07-15T03:38:08.000Z,,33.68,2026-07-15T03:38:08.000Z,cancel,Valid Cancel,monthly,2026-08-15T03:18:11.000Z,2026-08-15T03:18:11.000Z,9.95,9.95,9.95,Brightback,,,,,,,AzyoRLVMZx8bRUo,2026-06-15T03:18:09.000Z,,2026-06-15T03:18:11.000Z,,h_a9ac268dfeaa2378,,1,2026-06-15T03:18:11.000Z,USD,u_6821641a9b4cb5f5,ACTIVE,h_ca03fbe2eb82d1dc,[name],,,,2026-07-15T03:18:11.000Z,student,,1,monthly_essentials,2026-06-15T03:18:11.000Z,_UNKNOWN,995,MONTH,,,High School,[name],2026-08-15T03:18:11.000Z,,995,,2026-08-15T03:18:11.000Z,2026-06-15T03:18:11.000Z,995,,,,,,Student Experience [July 2025] [25% one-time / No Entry Modal],,06-15-2026,,07-15-2026,06-15-2026,06-15-2026,06-15-2026,,06-15-2026,08-15-2026
Wg7F2x8_930d428b8a8990ba,AzZuGfVNJvo6t2uuv,,Book Club Members; fallback,,,[name],[name],,I only needed SuperSummary for a short time,i_have_too_much_product_1528073051,Project ended or taking a break,project_stop,,Needs (SaaS),needs,8,,,u_26b45601a5fa5810,,,,0,,,Canceled,2026-07-15T02:59:09.000Z,2026-07-15T02:59:37.000Z,2026-07-15T02:59:38.000Z,,33.71,2026-07-15T02:59:38.000Z,cancel,Valid Cancel,monthly,2026-07-23T00:01:25.000Z,2026-07-23T00:01:25.000Z,9.95,9.95,9.95,Brightback,,,,,,,AzZuGfVNJvo6t2uuv,2026-06-23T00:01:24.000Z,,2026-06-23T00:01:25.000Z,,h_cfc82fcfd1ab2233,,1,2026-06-23T00:01:25.000Z,USD,u_26b45601a5fa5810,ACTIVE,h_82f91de8cb8d7c99,[name],,,,2026-06-23T00:01:25.000Z,book_club_member,,1,monthly_essentials,2026-06-23T00:01:25.000Z,_UNKNOWN,995,MONTH,,,,[name],2026-07-23T00:01:25.000Z,,995,,2026-07-23T00:01:25.000Z,2026-06-23T00:01:25.000Z,995,,,,,,BCM Experience [July 2025] [25% one-time / No Entry Modal],,06-23-2026,,07-15-2026,06-23-2026,06-23-2026,06-23-2026,,06-23-2026,07-23-2026
Wg7F2dd_b837f773e539c8dc,1696867,,fallback,,,[name],[name],[name],I only needed SuperSummary for a short time,i_have_too_much_product_1528073051,Project ended or taking a break,project_stop,,Needs (SaaS),needs,6,,,u_29795c674ac4cc56,,,,0,60.0,,Canceled,2026-07-15T02:39:44.000Z,2026-07-15T02:40:24.000Z,2026-07-15T02:40:24.000Z,,33.72,2026-07-15T02:40:24.000Z,cancel,Valid Cancel,annual,2027-07-14T12:59:22.000Z,2027-07-14T12:59:22.000Z,5.0,5.0,60.0,Brightback,,,,,,,1696867,2026-07-14T12:59:21.000Z,,2026-07-14T12:59:22.000Z,,h_2b657a765813e528,,1,2026-07-14T12:59:22.000Z,USD,u_29795c674ac4cc56,ACTIVE,h_48f4bdd686873a80,[name],60.0,annual_plus,,2026-07-14T12:59:22.000Z,other,,1,annual_plus,2026-07-14T12:59:22.000Z,_UNKNOWN,6000,YEAR,annual_plus,,,[name],2027-07-14T12:59:22.000Z,,500,,2027-07-14T12:59:22.000Z,2026-07-14T12:59:22.000Z,6000,[name],,https://www.supersummary.com/subscription,https://www.supersummary.com/subscription/confirming/cancel,,Default/Fallback [July 2025] [25% one time / No entry modal],,07-14-2026,,07-15-2026,07-14-2026,07-14-2026,07-14-2026,,07-14-2026,07-14-2027
Wg7F2Bc_b2058b3affbcc0a3,1697110,,Book Club Members; fallback,,,[name],[name],[name],I only needed SuperSummary for a short time,i_have_too_much_product_1528073051,Project ended or taking a break,project_stop,,Needs (SaaS),needs,6,,,u_6b581f3c5af66960,I can’t afford it right now,,,1,60.0,,Canceled,2026-07-15T02:11:46.000Z,2026-07-15T02:13:17.000Z,2026-07-15T02:13:17.000Z,,33.74,2026-07-15T02:13:17.000Z,cancel,Valid Cancel,annual,2027-07-14T17:34:38.000Z,2027-07-14T17:34:38.000Z,5.0,5.0,60.0,Brightback,,,,,,,1697110,2026-07-14T17:34:37.000Z,,2026-07-14T17:34:38.000Z,,h_20f93bfa45311590,,1,2026-07-14T17:34:38.000Z,USD,u_6b581f3c5af66960,ACTIVE,h_1aa5d1fde9a6a70e,[name],60.0,annual_plus,,2026-07-14T17:34:38.000Z,book_club_member,,1,annual_plus,2026-07-14T17:34:38.000Z,_UNKNOWN,6000,YEAR,annual_plus,,,[name],2027-07-14T17:34:38.000Z,,500,,2027-07-14T17:34:38.000Z,2026-07-14T17:34:38.000Z,6000,[name],,https://www.supersummary.com/subscription,https://www.supersummary.com/subscription/confirming/cancel,,BCM Experience [July 2025] [25% one-time / No Entry Modal],,07-14-2026,,07-15-2026,07-14-2026,07-14-2026,07-14-2026,,07-14-2026,07-14-2027
Wg7F23S_a7566d228631d623,421368,,Book Club Members; Annual,,,[name],[name],[name],I only needed SuperSummary for a short time,i_have_too_much_product_1528073051,Project ended or taking a break,project_stop,,Needs (SaaS),needs,1,,,u_40ff4099fefba5a7,,,,0,36.0,,Canceled,2026-07-15T02:03:54.000Z,2026-07-15T02:05:02.000Z,2026-07-15T02:05:28.000Z,,33.74,2026-07-15T02:05:28.000Z,cancel,Valid Cancel,annual,2026-09-26T16:58:44.000Z,2026-09-26T16:58:44.000Z,3.0,3.0,36.0,Brightback,,,,,,,421368,2023-09-26T16:58:42.000Z,,2023-09-26T16:58:44.000Z,,h_b71e7fbc734fba2b,,1,2023-09-26T16:58:44.000Z,USD,u_40ff4099fefba5a7,ACTIVE,h_fd045d10642554f3,[name],36.0,annual,,2025-09-26T16:58:44.000Z,book_club_member,,1,annual,2023-09-26T16:58:44.000Z,_UNKNOWN,3600,YEAR,annual,,,[name],2026-09-26T16:58:44.000Z,,300,,2026-09-26T16:58:44.000Z,2023-09-26T16:58:44.000Z,3600,[name],,https://www.supersummary.com/subscription,https://www.supersummary.com/subscription/confirming/cancel,,BCM Experience [July 2025] [25% one-time / No Entry Modal],,09-26-2023,,07-15-2026,09-26-2023,09-26-2023,09-26-2023,,09-26-2023,09-26-2026
Wg7F1JH_97d327d3ebe601a1,AzZwdjUn7rvY9eo7,,Students; Monthly,,,[name],[name],,I only needed SuperSummary for a short time,i_have_too_much_product_1528073051,Project ended or taking a break,project_stop,,Needs (SaaS),needs,1,Nothing,,u_9827b0b2cc83927b,,,,0,,,Canceled,2026-07-15T01:19:18.000Z,2026-07-15T01:19:51.000Z,2026-07-15T01:19:51.000Z,,33.77,2026-07-15T01:19:51.000Z,cancel,Valid Cancel,monthly,2026-08-04T05:11:03.000Z,2026-08-04T05:11:03.000Z,9.95,9.95,9.95,Brightback,,,,,,,AzZwdjUn7rvY9eo7,2025-06-04T05:11:01.000Z,,2025-06-04T05:11:03.000Z,,h_7fd72f6c453459d9,,1,2025-06-04T05:11:03.000Z,USD,u_9827b0b2cc83927b,ACTIVE,h_7549e4cbd4f7d558,[name],,,,2026-07-04T05:11:03.000Z,student,,1,monthly,2025-06-04T05:11:03.000Z,_UNKNOWN,995,MONTH,,,High School,[name],2026-08-04T05:11:03.000Z,,995,,2026-08-04T05:11:03.000Z,2025-06-04T05:11:03.000Z,995,,,,,,Student Experience [July 2025] [40% forever / Modal],,06-04-2025,,07-15-2026,06-04-2025,06-04-2025,06-04-2025,,06-04-2025,08-04-2026
Wg7F0X7_aa0fe99ab6fdd01c,169nMqVM62btP2uBd,,Students; fallback,,,[name],[name],,I only needed SuperSummary for a short time,i_have_too_much_product_1528073051,Project ended or taking a break,project_stop,,Needs (SaaS),needs,6,,,u_2092c398fd2b8bf6,,,,0,,,Canceled,2026-07-15T00:33:09.000Z,2026-07-15T00:33:47.000Z,2026-07-15T00:33:47.000Z,,33.81,2026-07-15T00:33:47.000Z,cancel,Valid Cancel,monthly,2026-08-10T00:31:45.000Z,2026-08-10T00:31:45.000Z,9.95,9.95,9.95,Brightback,,,,,,,169nMqVM62btP2uBd,2026-06-10T00:31:43.000Z,,2026-06-10T00:31:45.000Z,,h_4b9a1d6e7121c3a6,,1,2026-06-10T00:31:45.000Z,USD,u_2092c398fd2b8bf6,ACTIVE,h_48ba67dc8e71419e,[name],,,,2026-07-10T00:31:45.000Z,student,,1,monthly_essentials,2026-06-10T00:31:45.000Z,_UNKNOWN,995,MONTH,,,High School,[name],2026-08-10T00:31:45.000Z,,995,,2026-08-10T00:31:45.000Z,2026-06-10T00:31:45.000Z,995,,,,,,Student Experience [July 2025] [25% one-time / No Entry Modal],,06-10-2026,,07-15-2026,06-10-2026,06-10-2026,06-10-2026,,06-10-2026,08-10-2026
Wg7F0Gr_bfcd2025d0a92c3e,Azz7SwVPMk4B4pqg,,Students; fallback,,,[name],[name],,I only needed SuperSummary for a short time,i_have_too_much_product_1528073051,Project ended or taking a break,project_stop,,Needs (SaaS),needs,3,,,u_686ecb05a5a263aa,not AI,,,1,,,Canceled,2026-07-15T00:16:56.000Z,2026-07-15T00:17:23.000Z,2026-07-15T00:17:23.000Z,,33.82,2026-07-15T00:17:23.000Z,cancel,Valid Cancel,annual,2027-07-14T16:31:22.000Z,2027-07-14T16:31:22.000Z,3.0,3.0,36.0,Brightback,,,,,,,Azz7SwVPMk4B4pqg,2026-07-14T16:31:19.000Z,,2026-07-14T16:31:22.000Z,,h_d01bab61bc585947,,1,2026-07-14T16:31:22.000Z,USD,u_686ecb05a5a263aa,ACTIVE,h_63320f0bd89b5d44,[name],,,,2026-07-14T16:31:22.000Z,student,,1,annual_essentials,2026-07-14T16:31:22.000Z,_UNKNOWN,3600,YEAR,,,Middle School,[name],2027-07-14T16:31:22.000Z,,300,,2027-07-14T16:31:22.000Z,2026-07-14T16:31:22.000Z,3600,,,,,,Student Experience [July 2025] [25% one-time / No Entry Modal],,07-14-2026,,07-15-2026,07-14-2026,07-14-2026,07-14-2026,,07-14-2026,07-14-2027
Wg7F0d4_bd8f8eed13574766,16BfySV4MKhrNku1,,Students; Monthly,,,[name],[name],,I only needed SuperSummary for a short time,i_have_too_much_product_1528073051,Project ended or taking a break,project_stop,,Needs (SaaS),needs,9,,,u_d595a8cc3981ad7d,,,,0,,,Canceled,2026-07-15T00:39:06.000Z,2026-07-15T00:39:28.000Z,2026-07-15T00:39:28.000Z,,33.8,2026-07-15T00:39:28.000Z,cancel,Valid Cancel,monthly,2026-08-03T22:44:09.000Z,2026-08-03T22:44:09.000Z,9.95,9.95,9.95,Brightback,,,,,,,16BfySV4MKhrNku1,2023-03-01T17:58:06.000Z,,2025-12-03T22:44:09.000Z,,h_96f9db0af0363c20,,1,2025-12-03T22:44:09.000Z,USD,u_d595a8cc3981ad7d,ACTIVE,h_b75bb31db09015cc,[name],,,,2026-07-03T22:44:09.000Z,student,,1,monthly,2025-12-03T22:44:09.000Z,_UNKNOWN,995,MONTH,,,College,[name],2026-08-03T22:44:09.000Z,,995,,2026-08-03T22:44:09.000Z,2025-12-03T22:44:09.000Z,995,,,,,,Student Experience [July 2025] [40% forever / Modal],,12-03-2025,,07-15-2026,12-03-2025,12-03-2025,03-01-2023,,12-03-2025,08-03-2026
Wg7F098_8d6087d4ee0b1b7c,1641662,,Students; fallback,,,[name],[name],[name],I only needed SuperSummary for a short time,i_have_too_much_product_1528073051,Project ended or taking a break,project_stop,,Needs (SaaS),needs,10,,,u_3787750896a3a3b4,,,,0,9.95,,Canceled,2026-07-15T00:09:16.000Z,2026-07-15T00:09:52.000Z,2026-07-15T00:09:52.000Z,,33.82,2026-07-15T00:09:52.000Z,cancel,Valid Cancel,monthly,2026-08-14T23:11:22.000Z,2026-08-14T23:11:22.000Z,9.95,9.95,9.95,Brightback,,,,,,,1641662,2026-05-14T23:11:00.000Z,,2026-05-14T23:11:22.000Z,,h_f0b9566d3c1545ae,,1,2026-05-14T23:11:22.000Z,USD,u_3787750896a3a3b4,ACTIVE,h_0fd2f3233baf9602,[name],9.95,monthly_essentials,,2026-07-14T23:11:22.000Z,student,,1,monthly_essentials,2026-05-14T23:11:22.000Z,_UNKNOWN,995,MONTH,monthly_essentials,,High School,[name],2026-08-14T23:11:22.000Z,,995,,2026-08-14T23:11:22.000Z,2026-05-14T23:11:22.000Z,995,[name],,https://www.supersummary.com/subscription,https://www.supersummary.com/subscription/confirming/cancel,,Student Experience [July 2025] [25% one-time / No Entry Modal],,05-14-2026,,07-15-2026,05-14-2026,05-14-2026,05-14-2026,,05-14-2026,08-14-2026
Wg7ENvV_ab273bc1abfc7344,16BgTLUqkPOls6nOs,,Book Club Members; Monthly,,,[name],[name],,I only needed SuperSummary for a short time,i_have_too_much_product_1528073051,Project ended or taking a break,project_stop,,Needs (SaaS),needs,7,,,u_07456c9f0a7acbc5,,,,0,,,Canceled,2026-07-14T23:57:32.000Z,2026-07-14T23:57:48.000Z,2026-07-14T23:57:48.000Z,,33.83,2026-07-14T23:57:48.000Z,cancel,Valid Cancel,monthly,2026-08-10T14:32:53.000Z,2026-08-10T14:32:53.000Z,9.95,9.95,9.95,Brightback,,,,,,,16BgTLUqkPOls6nOs,2022-10-04T18:24:07.000Z,,2025-07-12T14:48:59.000Z,,h_a89eba78e4f2910e,,1,2026-07-10T14:32:53.000Z,USD,u_07456c9f0a7acbc5,ACTIVE,h_75902ef9e2680ba1,[name],,,,2026-07-10T14:32:53.000Z,book_club_member,,1,monthly,2025-07-12T14:48:59.000Z,_UNKNOWN,995,MONTH,,,,[name],2026-08-10T14:32:53.000Z,,995,,2026-08-10T14:32:53.000Z,2025-07-12T14:48:59.000Z,995,,,,,,BCM Experience [July 2025] [25% forever / No Entry Modal],,07-12-2025,,07-14-2026,07-10-2026,07-12-2025,10-04-2022,,07-12-2025,08-10-2026
Wg7EMcW_a97c8487436bdd50,AzZpY6VPNxkAg1UfO,,Teachers; fallback,,,[name],[name],,I only needed SuperSummary for a short time,i_have_too_much_product_1528073051,Project ended or taking a break,project_stop,,Needs (SaaS),needs,3,nothing,,u_54bb2a3a8a498db8,NA,,,1,,,Canceled,2026-07-14T22:38:35.000Z,2026-07-14T22:50:40.000Z,2026-07-14T22:50:41.000Z,,33.89,2026-07-14T22:50:41.000Z,cancel,Valid Cancel,annual,2027-07-14T21:31:58.000Z,2027-07-14T21:31:58.000Z,5.0,5.0,60.0,Brightback,,,,,,,AzZpY6VPNxkAg1UfO,2026-07-14T21:31:56.000Z,,2026-07-14T21:31:58.000Z,,h_4e69f6fc086d3585,,1,2026-07-14T21:31:58.000Z,USD,u_54bb2a3a8a498db8,ACTIVE,h_f98d6e001d8ced2a,[name],,,,2026-07-14T21:31:58.000Z,teacher,,1,annual_plus,2026-07-14T21:31:58.000Z,_UNKNOWN,6000,YEAR,,,Middle School,[name],2027-07-14T21:31:58.000Z,,500,,2027-07-14T21:31:58.000Z,2026-07-14T21:31:58.000Z,6000,,,,,,Teacher Experience [July 2025] [40% one-time / Modal],,07-14-2026,,07-14-2026,07-14-2026,07-14-2026,07-14-2026,,07-14-2026,07-14-2027
Wg7ELQV_8979fe99b0e6a887,1697333,,Students; fallback,,,[name],[name],[name],I only needed SuperSummary for a short time,i_have_too_much_product_1528073051,Project ended or taking a break,project_stop,,Needs (SaaS),needs,6,nothing,,u_2a5a7e4e7acd4c8e,ifk,,,1,36.0,,Canceled,2026-07-14T21:26:35.000Z,2026-07-14T21:26:59.000Z,2026-07-14T21:27:00.000Z,,33.94,2026-07-14T21:27:00.000Z,cancel,Valid Cancel,annual,2027-07-14T21:25:50.000Z,2027-07-14T21:25:50.000Z,3.0,3.0,36.0,Brightback,,,,,,,1697333,2026-07-14T21:25:48.000Z,,2026-07-14T21:25:50.000Z,,h_671335da4d27bade,,1,2026-07-14T21:25:50.000Z,USD,u_2a5a7e4e7acd4c8e,ACTIVE,h_51b0cc5d01acea68,[name],36.0,annual_essentials,,2026-07-14T21:25:50.000Z,student,,1,annual_essentials,2026-07-14T21:25:50.000Z,_UNKNOWN,3600,YEAR,annual_essentials,,College,[name],2027-07-14T21:25:50.000Z,,300,,2027-07-14T21:25:50.000Z,2026-07-14T21:25:50.000Z,3600,[name],,https://www.supersummary.com/subscription,https://www.supersummary.com/subscription/confirming/cancel,,Student Experience [July 2025] [25% one-time / No Entry Modal],,07-14-2026,,07-14-2026,07-14-2026,07-14-2026,07-14-2026,,07-14-2026,07-14-2027
Wg7EKGl_ba0c6f6cb7754def,6oa96VCB2w8p1wP5,,Students; fallback,,,[name],[name],,I only needed SuperSummary for a short time,i_have_too_much_product_1528073051,Project ended or taking a break,project_stop,,Needs (SaaS),needs,10,,,u_17dfc7e21606e4d4,Bzb,,,1,,,Canceled,2026-07-14T20:16:49.000Z,2026-07-14T20:17:08.000Z,2026-07-14T20:17:08.000Z,,33.98,2026-07-14T20:17:08.000Z,cancel,Valid Cancel,monthly,2026-08-14T20:13:57.000Z,2026-08-14T20:13:57.000Z,9.95,9.95,9.95,Brightback,,,,,,,6oa96VCB2w8p1wP5,2026-02-24T20:15:35.000Z,,2026-02-24T20:15:36.000Z,,h_f648db75757ae452,,1,2026-04-14T20:13:57.000Z,USD,u_17dfc7e21606e4d4,ACTIVE,h_7993b7fde7001f8f,[name],,,,2026-07-14T20:13:57.000Z,student,,1,monthly_essentials,2026-02-24T20:15:36.000Z,_UNKNOWN,995,MONTH,,,College,[name],2026-08-14T20:13:57.000Z,,995,,2026-08-14T20:13:57.000Z,2026-02-24T20:15:36.000Z,995,,,,,,Student Experience [July 2025] [25% one-time / No Entry Modal],,02-24-2026,,07-14-2026,04-14-2026,02-24-2026,02-24-2026,,02-24-2026,08-14-2026
Wg7EK4F_9bf042726fb0eaca,1641400,,Book Club Members; fallback,,,[name],[name],[name],I only needed SuperSummary for a short time,i_have_too_much_product_1528073051,Project ended or taking a break,project_stop,,Needs (SaaS),needs,1,Sparknotes,,u_355fcbfd99241047,Cheaper,,,1,9.95,,Canceled,2026-07-14T20:04:21.000Z,2026-07-14T20:04:37.000Z,2026-07-14T20:04:37.000Z,,33.99,2026-07-14T20:04:37.000Z,cancel,Valid Cancel,monthly,2026-08-14T19:36:58.000Z,,9.95,9.95,9.95,Brightback,,,,,,,1641400,2026-05-14T19:36:57.000Z,,2026-05-14T19:36:58.000Z,,h_1e8892bd57b0ecb2,,1,2026-05-14T19:36:58.000Z,USD,u_355fcbfd99241047,NON_RENEWING,h_d8645124f855404e,[name],9.95,monthly_essentials,,2026-07-14T19:36:58.000Z,book_club_member,,1,monthly_essentials,2026-05-14T19:36:58.000Z,_UNKNOWN,995,MONTH,monthly_essentials,,,[name],,,995,,2026-08-14T19:36:58.000Z,2026-05-14T19:36:58.000Z,995,[name],,https://www.supersummary.com/subscription,https://www.supersummary.com/subscription/confirming/cancel,,BCM Experience [July 2025] [25% one-time / No Entry Modal],,05-14-2026,,07-14-2026,05-14-2026,05-14-2026,05-14-2026,,05-14-2026,
Wg7EK0O_93b3d1d047d84344,1695585,,Book Club Members; fallback,,,[name],[name],[name],I only needed SuperSummary for a short time,i_have_too_much_product_1528073051,Project ended or taking a break,project_stop,,Needs (SaaS),needs,5,,,u_2911d3ff9d17b1b8,,,,0,60.0,,Canceled,2026-07-14T20:00:49.000Z,2026-07-14T20:01:32.000Z,2026-07-14T20:01:32.000Z,,34.0,2026-07-14T20:02:42.000Z,cancel,Valid Cancel,annual,2027-07-12T22:25:14.000Z,2027-07-12T22:25:14.000Z,5.0,5.0,60.0,Brightback,,,,,,,1695585,2026-07-12T22:24:18.000Z,,2026-07-12T22:25:14.000Z,,h_df5b087691645893,,1,2026-07-12T22:25:14.000Z,USD,u_2911d3ff9d17b1b8,ACTIVE,h_4b4756db2f6607f6,[name],60.0,annual_plus,,2026-07-12T22:25:14.000Z,book_club_member,,1,annual_plus,2026-07-12T22:25:14.000Z,_UNKNOWN,6000,YEAR,annual_plus,,,[name],2027-07-12T22:25:14.000Z,,500,,2027-07-12T22:25:14.000Z,2026-07-12T22:25:14.000Z,6000,[name],,https://www.supersummary.com/subscription,https://www.supersummary.com/subscription/confirming/cancel,,BCM Experience [July 2025] [25% one-time / No Entry Modal],,07-12-2026,,07-14-2026,07-12-2026,07-12-2026,07-12-2026,,07-12-2026,07-12-2027
Wg7EJvd_934a4e29d9ca6a5e,1648757,,Book Club Members; fallback,,,[name],[name],[name],I only needed SuperSummary for a short time,i_have_too_much_product_1528073051,Project ended or taking a break,project_stop,,Needs (SaaS),needs,9,,,u_7603acb7b3075bb8,,,,0,60.0,,Canceled,2026-07-14T19:57:52.000Z,2026-07-14T19:58:15.000Z,2026-07-14T19:58:15.000Z,,34.0,2026-07-14T19:58:51.000Z,cancel,Valid Cancel,annual,2027-05-20T15:28:32.000Z,2027-05-20T15:28:32.000Z,5.0,5.0,60.0,Brightback,,,,,,,1648757,2026-05-20T15:28:29.000Z,,2026-05-20T15:28:32.000Z,,h_a5f130029d904040,,1,2026-05-20T15:28:32.000Z,USD,u_7603acb7b3075bb8,ACTIVE,h_fad3941cd62b3202,[name],60.0,annual_plus,,2026-05-20T15:28:32.000Z,book_club_member,,1,annual_plus,2026-05-20T15:28:32.000Z,_UNKNOWN,6000,YEAR,annual_plus,,,[name],2027-05-20T15:28:32.000Z,,500,,2027-05-20T15:28:32.000Z,2026-05-20T15:28:32.000Z,6000,[name],,https://www.supersummary.com/subscription,https://www.supersummary.com/subscription/confirming/cancel,,BCM Experience [July 2025] [25% one-time / No Entry Modal],,05-20-2026,,07-14-2026,05-20-2026,05-20-2026,05-20-2026,,05-20-2026,05-20-2027
Wg7EJpx_9a82700f772e27a4,16A4kDVEv3LT722ir,,Book Club Members; fallback,,,[name],[name],,I only needed SuperSummary for a short time,i_have_too_much_product_1528073051,Project ended or taking a break,project_stop,,Needs (SaaS),needs,1,,,u_54696ad30752fc97,,,,0,,,Canceled,2026-07-14T19:52:02.000Z,2026-07-14T19:52:23.000Z,2026-07-14T19:52:24.000Z,,34.0,2026-07-14T19:52:24.000Z,cancel,Valid Cancel,monthly,2026-07-25T22:03:31.000Z,2026-07-25T22:03:31.000Z,16.65,16.65,16.65,Brightback,,,,,,,16A4kDVEv3LT722ir,2026-03-25T22:03:28.000Z,,2026-03-25T22:03:31.000Z,,h_d2854863103f2f73,,1,2026-03-25T22:03:31.000Z,USD,u_54696ad30752fc97,ACTIVE,h_94f1f025932265de,[name],,,,2026-06-25T22:03:31.000Z,book_club_member,,1,monthly_plus,2026-03-25T22:03:31.000Z,_UNKNOWN,1665,MONTH,,,,[name],2026-07-25T22:03:31.000Z,,1665,,2026-07-25T22:03:31.000Z,2026-03-25T22:03:31.000Z,1665,,,,,,BCM Experience [July 2025] [25% one-time / No Entry Modal],,03-25-2026,,07-14-2026,03-25-2026,03-25-2026,03-25-2026,,03-25-2026,07-25-2026
Wg7EJ8K_8fd91c24114cdc5b,1259302,,Students; Annual,,,[name],[name],[name],I only needed SuperSummary for a short time,i_have_too_much_product_1528073051,Project ended or taking a break,project_stop,,Needs (SaaS),needs,7,,,u_1acdf62450eee9f6,,,,0,36.0,,Canceled,2026-07-14T19:08:33.000Z,2026-07-14T19:09:16.000Z,2026-07-14T19:09:34.000Z,,34.03,2026-07-14T19:09:34.000Z,cancel,Valid Cancel,annual,2027-07-14T02:50:33.000Z,2027-07-14T02:50:33.000Z,3.0,3.0,36.0,Brightback,,,,,,,1259302,2025-07-14T02:50:32.000Z,,2025-07-14T02:50:33.000Z,,h_4a51dc5299789f16,,1,2025-07-14T02:50:33.000Z,USD,u_1acdf62450eee9f6,ACTIVE,h_d8c24f6d290448c0,[name],36.0,annual,,2026-07-14T02:50:33.000Z,student,,1,annual,2025-07-14T02:50:33.000Z,_UNKNOWN,3600,YEAR,annual,,College,[name],2027-07-14T02:50:33.000Z,,300,,2027-07-14T02:50:33.000Z,2025-07-14T02:50:33.000Z,3600,[name],,https://www.supersummary.com/subscription,https://www.supersummary.com/subscription/confirming/cancel,,Student Experience [July 2025] [25% one-time / No Entry Modal],,07-14-2025,,07-14-2026,07-14-2025,07-14-2025,07-14-2025,,07-14-2025,07-14-2027
Wg7EINK_b8ba3d0a376a91f3,AzqM1pVPN47nZ11Qk,,Book Club Members; fallback,,,[name],[name],,I only needed SuperSummary for a short time,i_have_too_much_product_1528073051,Project ended or taking a break,project_stop,,Needs (SaaS),needs,1,Nothing ,,u_3f8be4cd55baaeed,,,,0,,,Canceled,2026-07-14T18:23:21.000Z,2026-07-14T18:23:56.000Z,2026-07-14T18:23:56.000Z,,34.06,2026-07-14T18:23:56.000Z,cancel,Valid Cancel,annual,2027-07-14T17:51:02.000Z,2027-07-14T17:51:02.000Z,5.0,5.0,60.0,Brightback,,,,,,,AzqM1pVPN47nZ11Qk,2026-07-14T17:51:01.000Z,,2026-07-14T17:51:02.000Z,,h_8afea9693f88f95b,,1,2026-07-14T17:51:02.000Z,USD,u_3f8be4cd55baaeed,ACTIVE,h_514b7aecc0e556da,[name],,,,2026-07-14T17:51:02.000Z,book_club_member,,1,annual_plus,2026-07-14T17:51:02.000Z,_UNKNOWN,6000,YEAR,,,,[name],2027-07-14T17:51:02.000Z,,500,,2027-07-14T17:51:02.000Z,2026-07-14T17:51:02.000Z,6000,,,,,,BCM Experience [July 2025] [25% one-time / No Entry Modal],,07-14-2026,,07-14-2026,07-14-2026,07-14-2026,07-14-2026,,07-14-2026,07-14-2027
Wg7EIDA_a984eb993ae3dd56,298716,,Book Club Members; fallback,,,[name],[name],[name],I only needed SuperSummary for a short time,i_have_too_much_product_1528073051,Project ended or taking a break,project_stop,,Needs (SaaS),needs,1,General searches,,u_e868c03e7578b655,,,,0,60.0,,Canceled,2026-07-14T18:13:22.000Z,2026-07-14T18:14:51.000Z,2026-07-14T18:15:27.000Z,,34.07,2026-07-14T18:15:27.000Z,cancel,Valid Cancel,annual,2027-07-12T14:39:57.000Z,2027-07-12T14:39:57.000Z,5.0,5.0,60.0,Brightback,,,,,,,298716,2023-01-08T23:37:22.000Z,,2026-07-12T14:39:57.000Z,,h_8cfd42661bb15ba2,,1,2026-07-12T14:39:57.000Z,USD,u_e868c03e7578b655,ACTIVE,h_63fc3cfc75ea3883,[name],60.0,annual_plus,,2026-07-12T14:39:57.000Z,book_club_member,,1,annual_plus,2026-07-12T14:39:57.000Z,_UNKNOWN,6000,YEAR,annual_plus,,,[name],2027-07-12T14:39:57.000Z,,500,,2027-07-12T14:39:57.000Z,2026-07-12T14:39:57.000Z,6000,[name],,https://www.supersummary.com/subscription,https://www.supersummary.com/subscription/confirming/cancel,,BCM Experience [July 2025] [25% one-time / No Entry Modal],,07-12-2026,,07-14-2026,07-12-2026,07-12-2026,01-08-2023,,07-12-2026,07-12-2027
Wg7EICO_9cd9d2759a26f139,169ltIVMILbFu34kM,,fallback,,,[name],[name],,I only needed SuperSummary for a short time,i_have_too_much_product_1528073051,Project ended or taking a break,project_stop,,Needs (SaaS),needs,5,,,u_135e02aab4aaa3c5,,,,0,,,Canceled,2026-07-14T18:12:29.000Z,2026-07-14T18:12:55.000Z,2026-07-14T18:12:56.000Z,,34.07,2026-07-14T18:12:56.000Z,cancel,Valid Cancel,monthly,2026-08-12T03:02:27.000Z,2026-08-12T03:02:27.000Z,9.95,9.95,9.95,Brightback,,,,,,,169ltIVMILbFu34kM,2026-06-12T03:02:26.000Z,,2026-06-12T03:02:27.000Z,,h_c934aba6af8acc4d,,1,2026-06-12T03:02:27.000Z,USD,u_135e02aab4aaa3c5,ACTIVE,h_18e1adc34102aabc,[name],,,,2026-07-12T03:02:27.000Z,librarian,,1,monthly_essentials,2026-06-12T03:02:27.000Z,_UNKNOWN,995,MONTH,,,,[name],2026-08-12T03:02:27.000Z,,995,,2026-08-12T03:02:27.000Z,2026-06-12T03:02:27.000Z,995,,,,,,Default/Fallback [July 2025] [25% one time / No entry modal],,06-12-2026,,07-14-2026,06-12-2026,06-12-2026,06-12-2026,,06-12-2026,08-12-2026
Wg7EHws_b72ca1ee3e16b61e,Azyd8aVJES88m29Jz,,Students; fallback,,,[name],[name],,I only needed SuperSummary for a short time,i_have_too_much_product_1528073051,Project ended or taking a break,project_stop,,Needs (SaaS),needs,10,,,u_0dfb87cd0623fee5,No I thought it was really good,,,1,,,Canceled,2026-07-14T17:58:59.000Z,2026-07-14T17:59:55.000Z,2026-07-14T17:59:55.000Z,,34.08,2026-07-14T17:59:55.000Z,cancel,Valid Cancel,monthly,2026-08-10T15:36:40.000Z,2026-08-10T15:36:40.000Z,16.65,16.65,16.65,Brightback,,,,1,16.65,2026-07-15T15:36:50.000Z,Azyd8aVJES88m29Jz,2026-05-10T15:36:38.000Z,,2026-05-10T15:36:40.000Z,,h_fed8949a85656bee,,1,2026-05-10T15:36:40.000Z,USD,u_0dfb87cd0623fee5,ACTIVE,h_f0dbefa3194f039a,[name],,,,2026-07-10T15:36:40.000Z,student,,1,monthly_plus,2026-05-10T15:36:40.000Z,_UNKNOWN,1665,MONTH,,,High School,[name],2026-08-10T15:36:40.000Z,,1665,,2026-08-10T15:36:40.000Z,2026-05-10T15:36:40.000Z,1665,,,,,,Student Experience [July 2025] [25% one-time / No Entry Modal],,05-10-2026,,07-14-2026,05-10-2026,05-10-2026,05-10-2026,,05-10-2026,08-10-2026
Wg7EHFk_ba5e2fee6e8ddc81,1692287,,Book Club Members; fallback,,,[name],[name],[name],I only needed SuperSummary for a short time,i_have_too_much_product_1528073051,Project ended or taking a break,project_stop,,Needs (SaaS),needs,4,my own research,,u_71b25101037c198c,"I felt that the summary I got, We The People by Jill Lapore, left out some key points. I had listened to the book on Audible and wanted the summary for a reminder of what I read for a book group. There were some key themes I felt the summary left out. ",,,1,60.0,,Canceled,2026-07-14T17:15:51.000Z,2026-07-14T17:17:46.000Z,2026-07-14T17:17:46.000Z,,34.11,2026-07-14T17:17:46.000Z,cancel,Valid Cancel,annual,2027-07-08T17:39:53.000Z,2027-07-08T17:39:53.000Z,3.75,3.75,60.0,Brightback,,,,,,,1692287,2026-07-08T17:39:52.000Z,,2026-07-08T17:39:53.000Z,,h_f90ed23b1eba733f,,1,2026-07-08T17:39:53.000Z,USD,u_71b25101037c198c,ACTIVE,h_84d5303ae571142a,[name],60.0,annual_plus,,2026-07-08T17:39:53.000Z,book_club_member,,1,annual_plus,2026-07-08T17:39:53.000Z,_UNKNOWN,6000,YEAR,annual_plus,nmTKUhkQCvq,,[name],2027-07-08T17:39:53.000Z,,375,,2027-07-08T17:39:53.000Z,2026-07-08T17:39:53.000Z,6000,[name],,https://www.supersummary.com/subscription,https://www.supersummary.com/subscription/confirming/cancel,,BCM Experience [July 2025] [25% one-time / No Entry Modal],,07-08-2026,,07-14-2026,07-08-2026,07-08-2026,07-08-2026,,07-08-2026,07-08-2027
Wg7EH6V_968935098328e3e1,16CHCtVIidp6GVQA,,Students; fallback,,,[name],[name],,I only needed SuperSummary for a short time,i_have_too_much_product_1528073051,Project ended or taking a break,project_stop,,Needs (SaaS),needs,6,,,u_779427fe5cbe7a62,,,,0,,,Canceled,2026-07-14T17:06:33.000Z,2026-07-14T17:06:55.000Z,2026-07-14T17:06:56.000Z,,34.12,2026-07-14T17:06:56.000Z,cancel,Valid Cancel,monthly,2026-08-12T10:10:59.000Z,2026-08-12T10:10:59.000Z,9.95,9.95,9.95,Brightback,,,,,,,16CHCtVIidp6GVQA,2026-05-05T05:02:19.000Z,,2026-05-05T05:02:24.000Z,,h_a946bd5da38f74e3,,1,2026-06-12T10:10:59.000Z,USD,u_779427fe5cbe7a62,ACTIVE,h_463388d3c3e61b0e,[name],,,,2026-07-12T10:10:59.000Z,student,,1,monthly_essentials,2026-05-05T05:02:24.000Z,_UNKNOWN,995,MONTH,,,High School,[name],2026-08-12T10:10:59.000Z,,995,,2026-08-12T10:10:59.000Z,2026-05-05T05:02:24.000Z,995,,,,,,Student Experience [July 2025] [25% one-time / No Entry Modal],,05-05-2026,,07-14-2026,06-12-2026,05-05-2026,05-05-2026,,05-05-2026,08-12-2026
Wg7EGwQ_bb620af6493278e7,AzZvYlVJPAFSf1fVu,,Students; fallback,,,[name],[name],,I only needed SuperSummary for a short time,i_have_too_much_product_1528073051,Project ended or taking a break,project_stop,,Needs (SaaS),needs,5,,,u_b361b41f845a4147,,,,0,,,Canceled,2026-07-14T16:58:31.000Z,2026-07-14T16:58:54.000Z,2026-07-14T16:58:55.000Z,,34.12,2026-07-14T16:58:55.000Z,cancel,Valid Cancel,monthly,2026-08-12T11:34:38.000Z,2026-08-12T11:34:38.000Z,9.95,9.95,9.95,Brightback,,,,1,9.95,2026-07-19T11:34:42.000Z,AzZvYlVJPAFSf1fVu,2026-05-12T11:33:32.000Z,,2026-05-12T11:34:38.000Z,,h_15198b713737999f,,1,2026-05-12T11:34:38.000Z,USD,u_b361b41f845a4147,ACTIVE,h_cf9fa53980a0043e,[name],,,,2026-07-12T11:34:38.000Z,student,,1,monthly_essentials,2026-05-12T11:34:38.000Z,_UNKNOWN,995,MONTH,,,College,[name],2026-08-12T11:34:38.000Z,,995,,2026-08-12T11:34:38.000Z,2026-05-12T11:34:38.000Z,995,,,,,,Student Experience [July 2025] [25% one-time / No Entry Modal],,05-12-2026,,07-14-2026,05-12-2026,05-12-2026,05-12-2026,,05-12-2026,08-12-2026
Wg7EGKu_9b16e907540f1949,6obl9VK4CSud1Fv3,,Book Club Members; fallback,,,[name],[name],,I only needed SuperSummary for a short time,i_have_too_much_product_1528073051,Project ended or taking a break,project_stop,,Needs (SaaS),needs,5,,,u_fee413b0e064ce99,,,,0,,,Canceled,2026-07-14T16:20:58.000Z,2026-07-14T16:21:14.000Z,2026-07-14T16:21:15.000Z,,34.15,2026-07-14T16:21:15.000Z,cancel,Valid Cancel,monthly,2026-07-19T12:00:36.000Z,2026-07-19T12:00:36.000Z,16.65,16.65,16.65,Brightback,,,,,,,6obl9VK4CSud1Fv3,2026-05-19T12:00:34.000Z,,2026-05-19T12:00:36.000Z,,h_86550fbaa5bad9ad,,1,2026-05-19T12:00:36.000Z,USD,u_fee413b0e064ce99,ACTIVE,h_116186d604cef1aa,[name],,,,2026-06-19T12:00:36.000Z,book_club_member,,1,monthly_plus,2026-05-19T12:00:36.000Z,_UNKNOWN,1665,MONTH,,,,[name],2026-07-19T12:00:36.000Z,,1665,,2026-07-19T12:00:36.000Z,2026-05-19T12:00:36.000Z,1665,,,,,,BCM Experience [July 2025] [25% one-time / No Entry Modal],,05-19-2026,,07-14-2026,05-19-2026,05-19-2026,05-19-2026,,05-19-2026,07-19-2026
Wg7EFLK_a8b56f3fe8833373,615364,,fallback,,,[name],[name],[name],I only needed SuperSummary for a short time,i_have_too_much_product_1528073051,Project ended or taking a break,project_stop,,Needs (SaaS),needs,4,nothing,,u_2d274d0c315e45da,,,,0,36.0,,Canceled,2026-07-14T15:21:25.000Z,2026-07-14T15:21:57.000Z,2026-07-14T15:21:57.000Z,,34.19,2026-07-14T15:21:57.000Z,cancel,Valid Cancel,annual,2026-10-24T14:47:23.000Z,2026-10-24T14:47:23.000Z,3.0,3.0,36.0,Brightback,,,,,,,615364,2025-10-24T14:47:21.000Z,,2025-10-24T14:47:23.000Z,,h_0882b1f1b9106da0,,1,2025-10-24T14:47:23.000Z,USD,u_2d274d0c315e45da,ACTIVE,h_ddfa40f7e43d64f9,[name],36.0,annual,,2025-10-24T14:47:23.000Z,librarian,,1,annual,2025-10-24T14:47:23.000Z,_UNKNOWN,3600,YEAR,annual,,,[name],2026-10-24T14:47:23.000Z,,300,,2026-10-24T14:47:23.000Z,2025-10-24T14:47:23.000Z,3600,[name],,https://www.supersummary.com/subscription,https://www.supersummary.com/subscription/confirming/cancel,,Default/Fallback [July 2025] [25% one time / No entry modal],,10-24-2025,,07-14-2026,10-24-2025,10-24-2025,10-24-2025,,10-24-2025,10-24-2026
Wg7EEwd_a91ad09a33495c75,Azyy6nVMVptaj5sTS,,Students; fallback,,,[name],[name],,I only needed SuperSummary for a short time,i_have_too_much_product_1528073051,Project ended or taking a break,project_stop,,Needs (SaaS),needs,5,,,u_240837b635cd43d1,,,,0,,,Canceled,2026-07-14T14:58:43.000Z,2026-07-14T14:59:08.000Z,2026-07-14T14:59:08.000Z,,34.21,2026-07-14T14:59:08.000Z,cancel,Valid Cancel,monthly,2026-08-14T10:24:20.000Z,2026-08-14T10:24:20.000Z,9.95,9.95,9.95,Brightback,,,,1,9.95,2026-07-21T10:24:24.000Z,Azyy6nVMVptaj5sTS,2026-06-14T10:24:17.000Z,,2026-06-14T10:24:20.000Z,,h_bd2b34cb019be3bb,,1,2026-06-14T10:24:20.000Z,USD,u_240837b635cd43d1,ACTIVE,h_0604e71c6bac0b0e,[name],,,,2026-07-14T10:24:20.000Z,student,,1,monthly_essentials,2026-06-14T10:24:20.000Z,_UNKNOWN,995,MONTH,,,College,[name],2026-08-14T10:24:20.000Z,,995,,2026-08-14T10:24:20.000Z,2026-06-14T10:24:20.000Z,995,,,,,,Student Experience [July 2025] [25% one-time / No Entry Modal],,06-14-2026,,07-14-2026,06-14-2026,06-14-2026,06-14-2026,,06-14-2026,08-14-2026
Wg7EDQP_98a75db9d9359bfc,1671499,,Teachers; fallback,,,[name],[name],[name],I only needed SuperSummary for a short time,i_have_too_much_product_1528073051,Project ended or taking a break,project_stop,,Needs (SaaS),needs,5,,,u_8cbc9e72b6f6a163,,,,0,9.95,,Canceled,2026-07-14T13:26:31.000Z,2026-07-14T13:27:06.000Z,2026-07-14T13:27:07.000Z,,34.27,2026-07-14T13:28:58.000Z,cancel,Valid Cancel,monthly,2026-08-11T15:06:31.000Z,2026-08-11T15:06:31.000Z,9.95,9.95,9.95,Brightback,,,,,,,1671499,2026-06-11T15:06:28.000Z,,2026-06-11T15:06:31.000Z,,h_a7bca3c925bc0f8a,,1,2026-06-11T15:06:31.000Z,USD,u_8cbc9e72b6f6a163,ACTIVE,h_c0693e3125fb4ad0,[name],9.95,monthly_essentials,,2026-07-11T15:06:31.000Z,teacher,,1,monthly_essentials,2026-06-11T15:06:31.000Z,_UNKNOWN,995,MONTH,monthly_essentials,,other,[name],2026-08-11T15:06:31.000Z,,995,,2026-08-11T15:06:31.000Z,2026-06-11T15:06:31.000Z,995,[name],,https://www.supersummary.com/subscription,https://www.supersummary.com/subscription/confirming/cancel,,Teacher Experience [July 2025] [40% one-time / Modal],,06-11-2026,,07-14-2026,06-11-2026,06-11-2026,06-11-2026,,06-11-2026,08-11-2026
Wg7EDjo_921a6a4dbf7a846d,AzqGg8UrFqpRl4to9,,Book Club Members; Annual,,,[name],[name],,I only needed SuperSummary for a short time,i_have_too_much_product_1528073051,Project ended or taking a break,project_stop,,Needs (SaaS),needs,6,,,u_c6c43c4d65d6a097,,,,0,,,Canceled,2026-07-14T13:45:52.000Z,2026-07-14T13:46:16.000Z,2026-07-14T13:46:16.000Z,,34.26,2026-07-14T13:46:16.000Z,cancel,Valid Cancel,annual,2026-07-17T23:52:23.000Z,2026-07-17T23:52:23.000Z,3.0,3.0,36.0,Brightback,,,,,,,AzqGg8UrFqpRl4to9,2025-07-17T23:52:20.000Z,,2025-07-17T23:52:23.000Z,,h_d9dffae779b62d5e,,1,2025-07-17T23:52:23.000Z,USD,u_c6c43c4d65d6a097,ACTIVE,h_5d6e762d3fc473d4,[name],,,,2025-07-17T23:52:23.000Z,book_club_member,,1,annual,2025-07-17T23:52:23.000Z,_UNKNOWN,3600,YEAR,,,,[name],2026-07-17T23:52:23.000Z,,300,,2026-07-17T23:52:23.000Z,2025-07-17T23:52:23.000Z,3600,,,,,,BCM Experience [July 2025] [25% one-time / No Entry Modal],,07-17-2025,,07-14-2026,07-17-2025,07-17-2025,07-17-2025,,07-17-2025,07-17-2026
Wg7E8HV_ae53d4a36b6d9d0f,1133272,,Students; Annual,,,[name],[name],[name],I only needed SuperSummary for a short time,i_have_too_much_product_1528073051,Project ended or taking a break,project_stop,,Needs (SaaS),needs,8,,,u_21b88817e112b54c,,,,0,36.0,,Canceled,2026-07-14T08:17:36.000Z,2026-07-14T08:17:57.000Z,2026-07-14T08:17:57.000Z,,34.48,2026-07-14T08:17:57.000Z,cancel,Valid Cancel,annual,2027-04-15T09:36:26.000Z,2027-04-15T09:36:26.000Z,3.0,3.0,36.0,Brightback,,,,,,,1133272,2025-04-15T09:19:10.000Z,,2025-04-15T09:36:26.000Z,,h_f2bd1bbbb4fd8373,,1,2025-04-15T09:36:26.000Z,USD,u_21b88817e112b54c,ACTIVE,h_ed902fdf9270f2ba,[name],36.0,annual,,2026-04-15T09:36:26.000Z,student,,1,annual,2025-04-15T09:36:26.000Z,_UNKNOWN,3600,YEAR,annual,,High School,[name],2027-04-15T09:36:26.000Z,,300,,2027-04-15T09:36:26.000Z,2025-04-15T09:36:26.000Z,3600,[name],,https://www.supersummary.com/subscription,https://www.supersummary.com/subscription/confirming/cancel,,Student Experience [July 2025] [25% one-time / No Entry Modal],,04-15-2025,,07-14-2026,04-15-2025,04-15-2025,04-15-2025,,04-15-2025,04-15-2027
Wg7E5Ma_991535fddebe76da,1408991,,Students; fallback,,,[name],[name],[name],I only needed SuperSummary for a short time,i_have_too_much_product_1528073051,Project ended or taking a break,project_stop,,Needs (SaaS),needs,5,,,u_74599208a1af1cf8,,,,0,60.0,,Canceled,2026-07-14T05:22:55.000Z,2026-07-14T05:23:53.000Z,2026-07-14T05:23:53.000Z,,34.61,2026-07-14T05:23:53.000Z,cancel,Valid Cancel,annual,2026-11-16T19:55:18.000Z,2026-11-16T19:55:18.000Z,5.0,5.0,60.0,Brightback,,,,,,,1408991,2025-11-16T19:55:15.000Z,,2025-11-16T19:55:18.000Z,,h_4cc4b61bb23b484c,,1,2025-11-16T19:55:18.000Z,USD,u_74599208a1af1cf8,ACTIVE,h_9a5b1b16c4734c78,[name],60.0,annual_plus,,2025-11-16T19:55:18.000Z,student,,1,annual_plus,2025-11-16T19:55:18.000Z,_UNKNOWN,6000,YEAR,annual_plus,,College,[name],2026-11-16T19:55:18.000Z,,500,,2026-11-16T19:55:18.000Z,2025-11-16T19:55:18.000Z,6000,[name],,https://www.supersummary.com/subscription,https://www.supersummary.com/subscription/confirming/cancel,,Student Experience [July 2025] [25% one-time / No Entry Modal],,11-16-2025,,07-14-2026,11-16-2025,11-16-2025,11-16-2025,,11-16-2025,11-16-2026
Wg7E41O_a57ede7d67fc2e46,1172052,,Students; Monthly,,,[name],[name],[name],I only needed SuperSummary for a short time,i_have_too_much_product_1528073051,Project ended or taking a break,project_stop,,Needs (SaaS),needs,1,,,u_0a9ad603e5e5908c,,,,0,9.95,,Canceled,2026-07-14T04:01:28.000Z,2026-07-14T04:01:42.000Z,2026-07-14T04:01:42.000Z,,34.66,2026-07-14T04:01:42.000Z,cancel,Valid Cancel,monthly,2026-08-04T04:45:33.000Z,,9.95,9.95,9.95,Brightback,,,,,,,1172052,2025-05-04T04:45:30.000Z,,2025-05-04T04:45:33.000Z,,h_4b7847261ebfd0b6,,1,2025-05-04T04:45:33.000Z,USD,u_0a9ad603e5e5908c,NON_RENEWING,h_eba57a05b23bcc96,[name],9.95,monthly,,2026-07-04T04:45:33.000Z,student,,1,monthly,2025-05-04T04:45:33.000Z,_UNKNOWN,995,MONTH,monthly,,High School,[name],,,995,,2026-08-04T04:45:33.000Z,2025-05-04T04:45:33.000Z,995,[name],,https://www.supersummary.com/subscription,https://www.supersummary.com/subscription/confirming/cancel,,Student Experience [July 2025] [40% forever / Modal],,05-04-2025,,07-14-2026,05-04-2025,05-04-2025,05-04-2025,,05-04-2025,
Wg7E40n_a53adff52fecf7dc,AzqK7bUkCVDQREFPB,,Students; Monthly,,,[name],[name],,I only needed SuperSummary for a short time,i_have_too_much_product_1528073051,Project ended or taking a break,project_stop,,Needs (SaaS),needs,1,,,u_0a9ad603e5e5908c,,,,0,,,Canceled,2026-07-14T04:00:52.000Z,2026-07-14T04:01:19.000Z,2026-07-14T04:01:19.000Z,,34.66,2026-07-14T04:01:19.000Z,cancel,Valid Cancel,monthly,2026-08-04T04:45:33.000Z,2026-08-04T04:45:33.000Z,9.95,9.95,9.95,Brightback,,,,,,,AzqK7bUkCVDQREFPB,2025-05-04T04:45:30.000Z,,2025-05-04T04:45:33.000Z,,h_4b7847261ebfd0b6,,1,2025-05-04T04:45:33.000Z,USD,u_0a9ad603e5e5908c,ACTIVE,h_eba57a05b23bcc96,[name],,,,2026-07-04T04:45:33.000Z,student,,1,monthly,2025-05-04T04:45:33.000Z,_UNKNOWN,995,MONTH,,,High School,[name],2026-08-04T04:45:33.000Z,,995,,2026-08-04T04:45:33.000Z,2025-05-04T04:45:33.000Z,995,,,,,,Student Experience [July 2025] [40% forever / Modal],,05-04-2025,,07-14-2026,05-04-2025,05-04-2025,05-04-2025,,05-04-2025,08-04-2026
Wg7E3WA_a37efdc6956a5b54,16BWssVMm6toFNO4,,Students; fallback,,,[name],[name],,I only needed SuperSummary for a short time,i_have_too_much_product_1528073051,Project ended or taking a break,project_stop,,Needs (SaaS),needs,4,,,u_093a3d4c60f9ca76,,,,0,,,Canceled,2026-07-14T03:32:15.000Z,2026-07-14T03:33:05.000Z,2026-07-14T03:33:05.000Z,,34.68,2026-07-14T03:33:05.000Z,cancel,Valid Cancel,annual,2027-06-17T05:12:14.000Z,2027-06-17T05:12:14.000Z,3.0,3.0,36.0,Brightback,,,,,,,16BWssVMm6toFNO4,2026-06-17T05:12:12.000Z,,2026-06-17T05:12:14.000Z,,h_5928027b1b75a37a,,1,2026-06-17T05:12:14.000Z,USD,u_093a3d4c60f9ca76,ACTIVE,h_c1433c1778bab10e,[name],,,,2026-06-17T05:12:14.000Z,student,,1,annual_essentials,2026-06-17T05:12:14.000Z,_UNKNOWN,3600,YEAR,,,College,[name],2027-06-17T05:12:14.000Z,,300,,2027-06-17T05:12:14.000Z,2026-06-17T05:12:14.000Z,3600,,,,,,Student Experience [July 2025] [25% one-time / No Entry Modal],,06-17-2026,,07-14-2026,06-17-2026,06-17-2026,06-17-2026,,06-17-2026,06-17-2027
Wg7E2Wq_851bf7cca164fa95,1696447,,Book Club Members; fallback,,,[name],[name],[name],I only needed SuperSummary for a short time,i_have_too_much_product_1528073051,Project ended or taking a break,project_stop,,Needs (SaaS),needs,9,Essentials for 3.00 per month,,u_bf368d9b43432315,Not sure. I can’t spend the money ,,,1,36.0,,Canceled,2026-07-14T02:33:03.000Z,2026-07-14T02:36:15.000Z,2026-07-14T02:36:37.000Z,,34.72,2026-07-14T02:36:37.000Z,cancel,Valid Cancel,annual,2027-07-13T22:35:45.000Z,2027-07-13T22:35:45.000Z,3.0,3.0,36.0,Brightback,,,,,,,1696447,2026-07-13T22:35:43.000Z,,2026-07-13T22:35:45.000Z,,h_1c4c51eba278fb02,,1,2026-07-13T22:35:45.000Z,USD,u_bf368d9b43432315,ACTIVE,h_e735296171a521d3,[name],36.0,annual_essentials,,2026-07-13T22:35:45.000Z,book_club_member,,1,annual_essentials,2026-07-13T22:35:45.000Z,_UNKNOWN,3600,YEAR,annual_essentials,,,[name],2027-07-13T22:35:45.000Z,,300,,2027-07-13T22:35:45.000Z,2026-07-13T22:35:45.000Z,3600,[name],,https://www.supersummary.com/subscription,https://www.supersummary.com/subscription/confirming/cancel,,BCM Experience [July 2025] [25% one-time / No Entry Modal],,07-13-2026,,07-14-2026,07-13-2026,07-13-2026,07-13-2026,,07-13-2026,07-13-2027
Wg7E2bX_ade48d5271fd4bc9,1675884,,Students; fallback,,,[name],[name],[name],I only needed SuperSummary for a short time,i_have_too_much_product_1528073051,Project ended or taking a break,project_stop,,Needs (SaaS),needs,7,,,u_08ddb1068936b2cd,,,,0,16.65,,Canceled,2026-07-14T02:37:38.000Z,2026-07-14T02:37:55.000Z,2026-07-14T02:37:55.000Z,,34.72,2026-07-14T02:37:55.000Z,cancel,Valid Cancel,monthly,2026-07-15T20:14:35.000Z,2026-07-15T20:14:35.000Z,16.65,16.65,16.65,Brightback,,,,,,,1675884,2026-06-15T20:14:32.000Z,,2026-06-15T20:14:35.000Z,,h_0abe2f1994161ae1,,1,2026-06-15T20:14:35.000Z,USD,u_08ddb1068936b2cd,ACTIVE,h_dc01bc878d47ea96,[name],16.65,monthly_plus,,2026-06-15T20:14:35.000Z,student,,1,monthly_plus,2026-06-15T20:14:35.000Z,_UNKNOWN,1665,MONTH,monthly_plus,,College,[name],2026-07-15T20:14:35.000Z,,1665,,2026-07-15T20:14:35.000Z,2026-06-15T20:14:35.000Z,1665,[name],,https://www.supersummary.com/subscription,https://www.supersummary.com/subscription/confirming/cancel,,Student Experience [July 2025] [25% one-time / No Entry Modal],,06-15-2026,,07-14-2026,06-15-2026,06-15-2026,06-15-2026,,06-15-2026,07-15-2026
Wg7E1AN_84e996ea064d74a1,AzyrYDU9az3fO6gN1,,Students; Annual,,,[name],[name],,I only needed SuperSummary for a short time,i_have_too_much_product_1528073051,Project ended or taking a break,project_stop,,Needs (SaaS),needs,5,,,u_9727f68980b88961,,,,0,,,Canceled,2026-07-14T01:10:31.000Z,2026-07-14T01:11:00.000Z,2026-07-14T01:11:00.000Z,,34.78,2026-07-14T01:11:00.000Z,cancel,Valid Cancel,annual,2027-04-11T01:26:03.000Z,2027-04-11T01:26:03.000Z,3.0,3.0,36.0,Brightback,,,,,,,AzyrYDU9az3fO6gN1,2024-04-11T01:26:01.000Z,,2024-04-11T01:26:03.000Z,,h_52d0940a3ddf91fb,,1,2024-04-11T01:26:03.000Z,USD,u_9727f68980b88961,ACTIVE,h_de7d292850f845bf,[name],,,,2026-04-11T01:26:03.000Z,student,,1,annual,2024-04-11T01:26:03.000Z,_UNKNOWN,3600,YEAR,,,Middle School,[name],2027-04-11T01:26:03.000Z,,300,,2027-04-11T01:26:03.000Z,2024-04-11T01:26:03.000Z,3600,,,,,,Student Experience [July 2025] [25% one-time / No Entry Modal],,04-11-2024,,07-14-2026,04-11-2024,04-11-2024,04-11-2024,,04-11-2024,04-11-2027
Wg7DNer_b66302bcd8f00e55,Azz6jpVPBze5H45hW,,Book Club Members; fallback,,,[name],[name],,I only needed SuperSummary for a short time,i_have_too_much_product_1528073051,Project ended or taking a break,project_stop,,Needs (SaaS),needs,4,,,u_64113b5865b09dc6,,,,0,,,Canceled,2026-07-13T23:40:55.000Z,2026-07-13T23:41:02.000Z,2026-07-13T23:41:03.000Z,,34.84,2026-07-13T23:41:03.000Z,cancel,Valid Cancel,monthly,2026-08-12T20:24:15.000Z,2026-08-12T20:24:15.000Z,16.65,16.65,16.65,Brightback,,,,,,,Azz6jpVPBze5H45hW,2026-01-04T19:27:41.000Z,,2026-07-12T20:24:15.000Z,,h_3efdd1ae2eec05c7,,1,2026-07-12T20:24:15.000Z,USD,u_64113b5865b09dc6,ACTIVE,h_8de374f609fd1553,[name],,,,2026-07-12T20:24:15.000Z,book_club_member,,1,monthly_plus,2026-07-12T20:24:15.000Z,_UNKNOWN,1665,MONTH,,,,[name],2026-08-12T20:24:15.000Z,,1665,,2026-08-12T20:24:15.000Z,2026-07-12T20:24:15.000Z,1665,,,,,,BCM Experience [July 2025] [25% one-time / No Entry Modal],,07-12-2026,,07-13-2026,07-12-2026,07-12-2026,01-04-2026,,07-12-2026,08-12-2026
Wg7DLZd_ab3104f92c06990f,1691494,,Teachers; fallback,,,[name],[name],[name],I only needed SuperSummary for a short time,i_have_too_much_product_1528073051,Project ended or taking a break,project_stop,,Needs (SaaS),needs,2,Provided school resources,,u_3192b1fd056ff606,N/A,,,1,16.65,,Canceled,2026-07-13T21:35:43.000Z,2026-07-13T21:36:17.000Z,2026-07-13T21:36:18.000Z,,34.93,2026-07-13T21:36:18.000Z,cancel,Valid Cancel,monthly,2026-08-07T07:24:50.000Z,,16.65,16.65,16.65,Brightback,,,,,,,1691494,2026-07-07T07:20:39.000Z,,2026-07-07T07:20:40.000Z,,h_843331c37003bd08,,1,2026-07-07T07:20:40.000Z,USD,u_3192b1fd056ff606,NON_RENEWING,h_ca397c22abc0278b,[name],16.65,monthly_plus,,2026-07-07T07:24:50.000Z,teacher,,1,monthly_plus,2026-07-07T07:20:40.000Z,_UNKNOWN,1665,MONTH,monthly_plus,,High School,[name],,,1665,,2026-08-07T07:24:50.000Z,2026-07-07T07:20:40.000Z,1665,[name],,https://www.supersummary.com/subscription,https://www.supersummary.com/subscription/confirming/cancel,,Teacher Experience [July 2025] [40% one-time / Modal],,07-07-2026,,07-13-2026,07-07-2026,07-07-2026,07-07-2026,,07-07-2026,
Wg7DLY1_b4a8c4fd2ef92261,AzqMJOVOfZkPaXBf,,Teachers; fallback,,,[name],[name],,I only needed SuperSummary for a short time,i_have_too_much_product_1528073051,Project ended or taking a break,project_stop,,Needs (SaaS),needs,3,Provided school resources ,,u_3192b1fd056ff606,n/a,,,1,,,Canceled,2026-07-13T21:34:05.000Z,2026-07-13T21:35:30.000Z,2026-07-13T21:35:31.000Z,,34.93,2026-07-13T21:35:31.000Z,cancel,Valid Cancel,monthly,2026-08-07T07:24:50.000Z,2026-08-07T07:24:50.000Z,16.65,16.65,16.65,Brightback,,,,,,,AzqMJOVOfZkPaXBf,2026-07-07T07:20:39.000Z,,2026-07-07T07:20:40.000Z,,h_843331c37003bd08,,1,2026-07-07T07:20:40.000Z,USD,u_3192b1fd056ff606,ACTIVE,h_ca397c22abc0278b,[name],,,,2026-07-07T07:24:50.000Z,teacher,,1,monthly_plus,2026-07-07T07:20:40.000Z,_UNKNOWN,1665,MONTH,,,High School,[name],2026-08-07T07:24:50.000Z,,1665,,2026-08-07T07:24:50.000Z,2026-07-07T07:20:40.000Z,1665,,,,,,Teacher Experience [July 2025] [40% one-time / Modal],,07-07-2026,,07-13-2026,07-07-2026,07-07-2026,07-07-2026,,07-07-2026,08-07-2026
Wg7DLPH_9f103880b24b2504,1696378,,Book Club Members; fallback,,,[name],[name],[name],I only needed SuperSummary for a short time,i_have_too_much_product_1528073051,Project ended or taking a break,project_stop,,Needs (SaaS),needs,9,I dont know ,,u_790c358ee5b5addc,,,,0,36.0,,Canceled,2026-07-13T21:25:32.000Z,2026-07-13T21:27:33.000Z,2026-07-24T22:41:03.000Z,,34.94,2026-07-24T22:41:03.000Z,cancel,Valid Cancel,annual,2027-07-13T21:05:04.000Z,2027-07-13T21:05:04.000Z,3.0,3.0,36.0,Brightback,,,,,,,1696378,2026-07-13T21:01:08.000Z,,2026-07-13T21:05:04.000Z,,h_762cfa13f2faba0e,,1,2026-07-13T21:05:04.000Z,USD,u_790c358ee5b5addc,ACTIVE,h_bd132159c2609be8,[name],36.0,annual_essentials,,2026-07-13T21:05:04.000Z,book_club_member,,1,annual_essentials,2026-07-13T21:05:04.000Z,_UNKNOWN,3600,YEAR,annual_essentials,,,[name],2027-07-13T21:05:04.000Z,,300,,2027-07-13T21:05:04.000Z,2026-07-13T21:05:04.000Z,3600,[name],,https://www.supersummary.com/subscription,https://www.supersummary.com/subscription/confirming/cancel,,BCM Experience [July 2025] [25% one-time / No Entry Modal],,07-13-2026,,07-13-2026,07-13-2026,07-13-2026,07-13-2026,,07-13-2026,07-13-2027
Wg7DLNn_810415c26dc8d6de,621467,,Book Club Members; fallback,,,[name],[name],[name],I only needed SuperSummary for a short time,i_have_too_much_product_1528073051,Project ended or taking a break,project_stop,,Needs (SaaS),needs,8,,,u_3affafd490b31d3d,,,,0,36.0,,Canceled,2026-07-13T21:24:11.000Z,2026-07-13T21:25:07.000Z,2026-07-13T21:25:07.000Z,,34.94,2026-07-13T21:25:07.000Z,cancel,Valid Cancel,annual,2027-07-11T15:59:22.000Z,2027-07-11T15:59:22.000Z,2.25,2.25,36.0,Brightback,,,,,,,621467,2024-08-05T23:34:59.000Z,,2026-07-11T15:59:22.000Z,,h_2a2a3662de6808da,,1,2026-07-11T15:59:22.000Z,USD,u_3affafd490b31d3d,ACTIVE,h_3b6355a359c0fe63,[name],36.0,annual_essentials,,2026-07-11T15:59:22.000Z,book_club_member,,1,annual_essentials,2026-07-11T15:59:22.000Z,_UNKNOWN,3600,YEAR,annual_essentials,nmTKUhkQCvq,,[name],2027-07-11T15:59:22.000Z,,225,,2027-07-11T15:59:22.000Z,2026-07-11T15:59:22.000Z,3600,[name],,https://www.supersummary.com/subscription,https://www.supersummary.com/subscription/confirming/cancel,,BCM Experience [July 2025] [25% one-time / No Entry Modal],,07-11-2026,,07-13-2026,07-11-2026,07-11-2026,08-05-2024,,07-11-2026,07-11-2027
Wg7DLd5_bbafc5e871f6a520,169xk9U7UU6a553oz,,Book Club Members; Annual,,,[name],[name],,I only needed SuperSummary for a short time,i_have_too_much_product_1528073051,Project ended or taking a break,project_stop,,Needs (SaaS),needs,5,No longer active in my book club.,,u_f2038a8e527a5db5,,,,0,,,Canceled,2026-07-13T21:39:22.000Z,2026-07-13T21:42:25.000Z,2026-07-13T21:42:25.000Z,,34.93,2026-07-13T21:42:25.000Z,cancel,Valid Cancel,annual,2027-03-19T17:47:42.000Z,2027-03-19T17:47:42.000Z,3.0,3.0,36.0,Brightback,,,,,,,169xk9U7UU6a553oz,2024-03-19T17:47:40.000Z,,2024-03-19T17:47:42.000Z,,h_f937aba81c0e0bc0,,1,2024-03-19T17:47:42.000Z,USD,u_f2038a8e527a5db5,ACTIVE,h_457354571f90461e,[name],,,,2026-03-19T17:47:42.000Z,book_club_member,,1,annual,2024-03-19T17:47:42.000Z,_UNKNOWN,3600,YEAR,,,,[name],2027-03-19T17:47:42.000Z,,300,,2027-03-19T17:47:42.000Z,2024-03-19T17:47:42.000Z,3600,,,,,,BCM Experience [July 2025] [25% one-time / No Entry Modal],,03-19-2024,,07-13-2026,03-19-2024,03-19-2024,03-19-2024,,03-19-2024,03-19-2027
Wg7DKkT_bc9dfb8fed12144c,231106,,Teachers; Annual,,,[name],[name],[name],I only needed SuperSummary for a short time,i_have_too_much_product_1528073051,Project ended or taking a break,project_stop,,Needs (SaaS),needs,1,,,u_e6db791f8e2e3813,,,,0,36.0,,Canceled,2026-07-13T20:46:37.000Z,2026-07-13T20:47:04.000Z,2026-07-13T20:47:04.000Z,,34.96,2026-07-13T20:47:04.000Z,cancel,Valid Cancel,annual,2027-07-13T19:25:16.000Z,2027-07-13T19:25:16.000Z,3.0,3.0,36.0,Brightback,,,,,,,231106,2022-07-13T19:25:15.000Z,,2022-07-13T19:25:16.000Z,,h_48e228b6987e6818,,1,2022-07-13T19:25:16.000Z,USD,u_e6db791f8e2e3813,ACTIVE,h_ddab2770ba180ff0,[name],36.0,annual,,2026-07-13T19:25:16.000Z,teacher,,1,annual,2022-07-13T19:25:16.000Z,_UNKNOWN,3600,YEAR,annual,,High School,[name],2027-07-13T19:25:16.000Z,,300,,2027-07-13T19:25:16.000Z,2022-07-13T19:25:16.000Z,3600,[name],,https://www.supersummary.com/subscription,https://www.supersummary.com/subscription/confirming/cancel,,Teacher Experience [July 2025] [40% one-time / Modal],,07-13-2022,,07-13-2026,07-13-2022,07-13-2022,07-13-2022,,07-13-2022,07-13-2027
Wg7DKeI_807a01ed74ad8e0d,1690358,,Book Club Members; fallback,,,[name],[name],[name],I only needed SuperSummary for a short time,i_have_too_much_product_1528073051,Project ended or taking a break,project_stop,,Needs (SaaS),needs,6,,,u_cf6a7085e45dd9fa,,,,0,36.0,,Canceled,2026-07-13T20:40:25.000Z,2026-07-13T20:40:59.000Z,2026-07-13T20:40:59.000Z,,34.97,2026-07-13T20:40:59.000Z,cancel,Valid Cancel,annual,2027-07-05T19:21:44.000Z,2027-07-05T19:21:44.000Z,3.0,3.0,36.0,Brightback,,,,,,,1690358,2026-07-05T19:21:43.000Z,,2026-07-05T19:21:44.000Z,,h_857ead6e7746cb4a,,1,2026-07-05T19:21:44.000Z,USD,u_cf6a7085e45dd9fa,ACTIVE,h_85ae35b7bb643a9b,[name],36.0,annual_essentials,,2026-07-05T19:21:44.000Z,book_club_member,,1,annual_essentials,2026-07-05T19:21:44.000Z,_UNKNOWN,3600,YEAR,annual_essentials,,,[name],2027-07-05T19:21:44.000Z,,300,,2027-07-05T19:21:44.000Z,2026-07-05T19:21:44.000Z,3600,[name],,https://www.supersummary.com/subscription,https://www.supersummary.com/subscription/confirming/cancel,,BCM Experience [July 2025] [25% one-time / No Entry Modal],,07-05-2026,,07-13-2026,07-05-2026,07-05-2026,07-05-2026,,07-05-2026,07-05-2027
Wg7DKaE_ba90a3b9194efab4,AzZciAVPGXshS1M9k,,Book Club Members; fallback,,,[name],[name],,I only needed SuperSummary for a short time,i_have_too_much_product_1528073051,Project ended or taking a break,project_stop,,Needs (SaaS),needs,6,,,u_24ac8fae4d23be8f,,,,0,,,Canceled,2026-07-13T20:36:16.000Z,2026-07-13T20:36:36.000Z,2026-07-13T20:36:36.000Z,,34.97,2026-07-13T20:36:36.000Z,cancel,Valid Cancel,monthly,2026-08-13T15:05:20.000Z,2026-08-13T15:05:20.000Z,9.95,9.95,9.95,Brightback,,,,,,,AzZciAVPGXshS1M9k,2026-07-13T15:05:19.000Z,,2026-07-13T15:05:20.000Z,,h_17976ebd0108b74e,,1,2026-07-13T15:05:20.000Z,USD,u_24ac8fae4d23be8f,ACTIVE,h_0288a8a6fa8517e8,[name],,,,2026-07-13T15:05:20.000Z,book_club_member,,1,monthly_essentials,2026-07-13T15:05:20.000Z,_UNKNOWN,995,MONTH,,,,[name],2026-08-13T15:05:20.000Z,,995,,2026-08-13T15:05:20.000Z,2026-07-13T15:05:20.000Z,995,,,,,,BCM Experience [July 2025] [25% one-time / No Entry Modal],,07-13-2026,,07-13-2026,07-13-2026,07-13-2026,07-13-2026,,07-13-2026,08-13-2026
Wg7DK9D_9662ad1f4d5d85eb,1695667,,Students; fallback,,,[name],[name],[name],I only needed SuperSummary for a short time,i_have_too_much_product_1528073051,Project ended or taking a break,project_stop,,Needs (SaaS),needs,6,,,u_f1755f5ec3f845df,,,,0,16.65,,Canceled,2026-07-13T20:09:18.000Z,2026-07-13T20:09:39.000Z,2026-07-13T20:09:39.000Z,,34.99,2026-07-13T20:09:39.000Z,cancel,Valid Cancel,monthly,2026-08-13T00:31:32.000Z,2026-08-13T00:31:32.000Z,16.65,16.65,16.65,Brightback,,,,,,,1695667,2026-07-13T00:31:28.000Z,,2026-07-13T00:31:32.000Z,,h_763a121dbabb3bda,,1,2026-07-13T00:31:32.000Z,USD,u_f1755f5ec3f845df,ACTIVE,h_9526ca7a4eb5ddb6,[name],16.65,monthly_plus,,2026-07-13T00:31:32.000Z,student,,1,monthly_plus,2026-07-13T00:31:32.000Z,_UNKNOWN,1665,MONTH,monthly_plus,,College,[name],2026-08-13T00:31:32.000Z,,1665,,2026-08-13T00:31:32.000Z,2026-07-13T00:31:32.000Z,1665,[name],,https://www.supersummary.com/subscription,https://www.supersummary.com/subscription/confirming/cancel,,Student Experience [July 2025] [25% one-time / No Entry Modal],,07-13-2026,,07-13-2026,07-13-2026,07-13-2026,07-13-2026,,07-13-2026,08-13-2026
Wg7DJon_9150047af75cde5e,6okESVGhbXwp2ZYR,,Book Club Members; fallback,,,[name],[name],,I only needed SuperSummary for a short time,i_have_too_much_product_1528073051,Project ended or taking a break,project_stop,,Needs (SaaS),needs,3,,,u_4ce62e87ffc7be71,,,,0,,,Canceled,2026-07-13T19:50:51.000Z,2026-07-13T19:51:21.000Z,2026-07-13T19:51:21.000Z,,35.0,2026-07-13T19:51:21.000Z,cancel,Valid Cancel,monthly,2026-08-13T19:49:19.000Z,2026-08-13T19:49:19.000Z,16.65,16.65,16.65,Brightback,,,,1,16.65,2026-07-20T19:49:24.000Z,6okESVGhbXwp2ZYR,2026-04-13T19:49:16.000Z,,2026-04-13T19:49:19.000Z,,h_95f0efaea53f3757,,1,2026-04-13T19:49:19.000Z,USD,u_4ce62e87ffc7be71,ACTIVE,h_1e1cafc6dc8eb93d,[name],,,,2026-07-13T19:49:19.000Z,book_club_member,,1,monthly_plus,2026-04-13T19:49:19.000Z,_UNKNOWN,1665,MONTH,,,,[name],2026-08-13T19:49:19.000Z,,1665,,2026-08-13T19:49:19.000Z,2026-04-13T19:49:19.000Z,1665,,,,,,BCM Experience [July 2025] [25% one-time / No Entry Modal],,04-13-2026,,07-13-2026,04-13-2026,04-13-2026,04-13-2026,,04-13-2026,08-13-2026
Wg7DJFw_996c44b76e066a1e,1571950,,Students; fallback,,,[name],[name],[name],I only needed SuperSummary for a short time,i_have_too_much_product_1528073051,Project ended or taking a break,project_stop,,Needs (SaaS),needs,5,,,u_55ffc347767f7ee6,,,,0,9.95,,Canceled,2026-07-13T19:16:03.000Z,2026-07-13T19:16:26.000Z,2026-07-13T19:16:26.000Z,,35.03,2026-07-13T19:16:26.000Z,cancel,Valid Cancel,monthly,2026-07-24T18:03:51.000Z,2026-07-24T18:03:51.000Z,9.95,9.95,9.95,Brightback,,,,,,,1571950,2026-03-24T18:03:48.000Z,,2026-03-24T18:03:51.000Z,,h_539a77a3e34e2096,,1,2026-03-24T18:03:51.000Z,USD,u_55ffc347767f7ee6,ACTIVE,h_000116901e3311a2,[name],9.95,monthly_essentials,,2026-06-24T18:03:51.000Z,student,,1,monthly_essentials,2026-03-24T18:03:51.000Z,_UNKNOWN,995,MONTH,monthly_essentials,,College,[name],2026-07-24T18:03:51.000Z,,995,,2026-07-24T18:03:51.000Z,2026-03-24T18:03:51.000Z,995,[name],,https://www.supersummary.com/subscription,https://www.supersummary.com/subscription/confirming/cancel,,Student Experience [July 2025] [25% one-time / No Entry Modal],,03-24-2026,,07-13-2026,03-24-2026,03-24-2026,03-24-2026,,03-24-2026,07-24-2026
Wg7DJC6_9677c2646d017a6c,AzyZv1VPGjaDG1O0w,,Students; fallback,,,[name],[name],,I only needed SuperSummary for a short time,i_have_too_much_product_1528073051,Project ended or taking a break,project_stop,,Needs (SaaS),needs,1,,,u_169eece6c286c987,,,,0,,,Canceled,2026-07-13T19:12:12.000Z,2026-07-13T19:12:51.000Z,2026-07-13T19:12:51.000Z,,35.03,2026-07-13T19:12:51.000Z,cancel,Valid Cancel,monthly,2026-08-13T15:51:49.000Z,2026-08-13T15:51:49.000Z,9.95,9.95,9.95,Brightback,,,,,,,AzyZv1VPGjaDG1O0w,2026-07-13T15:51:46.000Z,,2026-07-13T15:51:49.000Z,,h_6df985e9f78e665c,,1,2026-07-13T15:51:49.000Z,USD,u_169eece6c286c987,ACTIVE,h_21c6df7a7f0381ec,[name],,,,2026-07-13T15:51:49.000Z,student,,1,monthly_essentials,2026-07-13T15:51:49.000Z,_UNKNOWN,995,MONTH,,,College,[name],2026-08-13T15:51:49.000Z,,995,,2026-08-13T15:51:49.000Z,2026-07-13T15:51:49.000Z,995,,,,,,Student Experience [July 2025] [25% one-time / No Entry Modal],,07-13-2026,,07-13-2026,07-13-2026,07-13-2026,07-13-2026,,07-13-2026,08-13-2026
Wg7DImG_9890ce013669273d,16BcBrVORpqzJ80JY,,Book Club Members; fallback,,,[name],[name],,I only needed SuperSummary for a short time,i_have_too_much_product_1528073051,Project ended or taking a break,project_stop,,Needs (SaaS),needs,7,,,u_b5e1a73532de5ecb,,,,0,,,Canceled,2026-07-13T18:48:20.000Z,2026-07-13T18:49:02.000Z,2026-07-13T18:49:02.000Z,,35.05,2026-07-13T18:49:02.000Z,cancel,Valid Cancel,monthly,2026-08-04T22:56:50.000Z,2026-08-04T22:56:50.000Z,9.95,9.95,9.95,Brightback,,,,,,,16BcBrVORpqzJ80JY,2026-07-04T22:56:47.000Z,,2026-07-04T22:56:50.000Z,,h_95c96980cb55d338,,1,2026-07-04T22:56:50.000Z,USD,u_b5e1a73532de5ecb,ACTIVE,h_fa9efa696bb48040,[name],,,,2026-07-04T22:56:50.000Z,book_club_member,,1,monthly_essentials,2026-07-04T22:56:50.000Z,_UNKNOWN,995,MONTH,,,,[name],2026-08-04T22:56:50.000Z,,995,,2026-08-04T22:56:50.000Z,2026-07-04T22:56:50.000Z,995,,,,,,BCM Experience [July 2025] [25% one-time / No Entry Modal],,07-04-2026,,07-13-2026,07-04-2026,07-04-2026,07-04-2026,,07-04-2026,08-04-2026
Wg7DI1J_81f4c060ffea0168,AzZmABVPHF2141hGa,,Teachers; fallback,,,[name],[name],,I only needed SuperSummary for a short time,i_have_too_much_product_1528073051,Project ended or taking a break,project_stop,,Needs (SaaS),needs,7,,,u_bc90b9f9d84b37aa,,,,0,,,Canceled,2026-07-13T18:01:21.000Z,2026-07-13T18:01:48.000Z,2026-07-13T18:01:49.000Z,,35.08,2026-07-13T18:01:49.000Z,cancel,Valid Cancel,monthly,2026-08-13T17:56:44.000Z,2026-08-13T17:56:44.000Z,16.65,16.65,16.65,Brightback,,,,,,,AzZmABVPHF2141hGa,2026-07-13T17:56:42.000Z,,2026-07-13T17:56:44.000Z,,h_40fb26a67939c147,,1,2026-07-13T17:56:44.000Z,USD,u_bc90b9f9d84b37aa,ACTIVE,h_ab8fd2c4a285db95,[name],,,,2026-07-13T17:56:44.000Z,teacher,,1,monthly_plus,2026-07-13T17:56:44.000Z,_UNKNOWN,1665,MONTH,,,Middle School,[name],2026-08-13T17:56:44.000Z,,1665,,2026-08-13T17:56:44.000Z,2026-07-13T17:56:44.000Z,1665,,,,,,Teacher Experience [July 2025] [40% one-time / Modal],,07-13-2026,,07-13-2026,07-13-2026,07-13-2026,07-13-2026,,07-13-2026,08-13-2026
Wg7DHv9_a970aa8311d648e0,169uNeVJQVwW32m8N,,fallback,,,[name],[name],,I only needed SuperSummary for a short time,i_have_too_much_product_1528073051,Project ended or taking a break,project_stop,,Needs (SaaS),needs,10,Nothing,,u_60906ead5b3fedef,,,,0,,,Canceled,2026-07-13T17:57:12.000Z,2026-07-13T17:58:15.000Z,2026-07-13T17:58:15.000Z,,35.08,2026-07-13T17:58:15.000Z,cancel,Valid Cancel,monthly,2026-08-12T17:07:04.000Z,2026-08-12T17:07:04.000Z,16.65,16.65,16.65,Brightback,,,,,,,169uNeVJQVwW32m8N,2024-05-26T08:18:18.000Z,,2026-05-12T17:07:04.000Z,,h_eecf05260f6ff124,,1,2026-05-12T17:07:04.000Z,USD,u_60906ead5b3fedef,ACTIVE,h_8b1c07cc75fca392,[name],,,,2026-07-12T17:07:04.000Z,other,,1,monthly_plus,2026-05-12T17:07:04.000Z,_UNKNOWN,1665,MONTH,,,,[name],2026-08-12T17:07:04.000Z,,1665,,2026-08-12T17:07:04.000Z,2026-05-12T17:07:04.000Z,1665,,,,,,Default/Fallback [July 2025] [25% one time / No entry modal],,05-12-2026,,07-13-2026,05-12-2026,05-12-2026,05-26-2024,,05-12-2026,08-12-2026
Wg7DHGB_88047df172b5d6c5,1691914,,Book Club Members; fallback,,,[name],[name],[name],I only needed SuperSummary for a short time,i_have_too_much_product_1528073051,Project ended or taking a break,project_stop,,Needs (SaaS),needs,10,Nothing ,,u_7a91bf3211a0f1c3,Experience was great!,,,1,36.0,,Canceled,2026-07-13T17:16:32.000Z,2026-07-13T17:17:49.000Z,2026-07-13T17:17:49.000Z,,35.11,2026-07-13T17:17:49.000Z,cancel,Valid Cancel,annual,2027-07-07T19:17:44.000Z,2027-07-07T19:17:44.000Z,3.0,3.0,36.0,Brightback,,,,,,,1691914,2026-07-07T19:11:12.000Z,,2026-07-07T19:17:44.000Z,,h_882301a67ddeb16e,,1,2026-07-07T19:17:44.000Z,USD,u_7a91bf3211a0f1c3,ACTIVE,h_bfd26785298c0061,[name],36.0,annual_essentials,,2026-07-07T19:17:44.000Z,book_club_member,,1,annual_essentials,2026-07-07T19:17:44.000Z,_UNKNOWN,3600,YEAR,annual_essentials,,,[name],2027-07-07T19:17:44.000Z,,300,,2027-07-07T19:17:44.000Z,2026-07-07T19:17:44.000Z,3600,[name],,https://www.supersummary.com/subscription,https://www.supersummary.com/subscription/confirming/cancel,,BCM Experience [July 2025] [25% one-time / No Entry Modal],,07-07-2026,,07-13-2026,07-07-2026,07-07-2026,07-07-2026,,07-07-2026,07-07-2027
Wg7DGu5_9cd9b7b1099f547e,16BmEaVPDXmbg4c65,,Students; fallback,,,[name],[name],,I only needed SuperSummary for a short time,i_have_too_much_product_1528073051,Project ended or taking a break,project_stop,,Needs (SaaS),needs,6,None,,u_f3c4d0ece7439a80,,,,0,,,Canceled,2026-07-13T16:56:08.000Z,2026-07-13T16:56:54.000Z,2026-07-13T16:56:54.000Z,,35.12,2026-07-13T16:56:54.000Z,cancel,Valid Cancel,annual,2027-07-13T02:46:07.000Z,2027-07-13T02:46:07.000Z,5.0,5.0,60.0,Brightback,,,,,,,16BmEaVPDXmbg4c65,2026-07-13T02:46:06.000Z,,2026-07-13T02:46:07.000Z,,h_145cc51ea7c10f9c,,1,2026-07-13T02:46:07.000Z,USD,u_f3c4d0ece7439a80,ACTIVE,h_183bc84b73312362,[name],,,,2026-07-13T02:46:07.000Z,student,,1,annual_plus,2026-07-13T02:46:07.000Z,_UNKNOWN,6000,YEAR,,,Postgrad Program,[name],2027-07-13T02:46:07.000Z,,500,,2027-07-13T02:46:07.000Z,2026-07-13T02:46:07.000Z,6000,,,,,,Student Experience [July 2025] [25% one-time / No Entry Modal],,07-13-2026,,07-13-2026,07-13-2026,07-13-2026,07-13-2026,,07-13-2026,07-13-2027
Wg7DGAe_a7b5714772a88e08,1696110,,fallback,,,[name],[name],[name],I only needed SuperSummary for a short time,i_have_too_much_product_1528073051,Project ended or taking a break,project_stop,,Needs (SaaS),needs,7,,,u_744a43b9fd394016,,,,0,36.0,,Canceled,2026-07-13T16:10:51.000Z,2026-07-13T16:11:38.000Z,2026-07-13T16:11:39.000Z,,35.16,2026-07-13T16:11:39.000Z,cancel,Valid Cancel,annual,2027-07-13T16:02:42.000Z,2027-07-13T16:02:42.000Z,3.0,3.0,36.0,Brightback,,,,,,,1696110,2026-07-13T16:02:40.000Z,,2026-07-13T16:02:42.000Z,,h_18a1fe09aba5df74,,1,2026-07-13T16:02:42.000Z,USD,u_744a43b9fd394016,ACTIVE,h_1f60165e1b01631e,[name],36.0,annual_essentials,,2026-07-13T16:02:42.000Z,other,,1,annual_essentials,2026-07-13T16:02:42.000Z,_UNKNOWN,3600,YEAR,annual_essentials,,,[name],2027-07-13T16:02:42.000Z,,300,,2027-07-13T16:02:42.000Z,2026-07-13T16:02:42.000Z,3600,[name],,https://www.supersummary.com/subscription,https://www.supersummary.com/subscription/confirming/cancel,,Default/Fallback [July 2025] [25% one time / No entry modal],,07-13-2026,,07-13-2026,07-13-2026,07-13-2026,07-13-2026,,07-13-2026,07-13-2027
Wg7DDr4_8564087dfd31be8a,775929,,Book Club Members; fallback,,,[name],[name],[name],I only needed SuperSummary for a short time,i_have_too_much_product_1528073051,Project ended or taking a break,project_stop,,Needs (SaaS),needs,3,local library,,u_9e845b9cebce5177,,,,0,60.0,,Canceled,2026-07-13T13:53:12.000Z,2026-07-13T13:54:18.000Z,2026-07-13T13:54:19.000Z,,35.25,2026-07-13T13:54:19.000Z,cancel,Valid Cancel,annual,2027-07-11T02:53:11.000Z,2027-07-11T02:53:11.000Z,5.0,5.0,60.0,Brightback,,,,,,,775929,2026-07-11T02:53:09.000Z,,2026-07-11T02:53:11.000Z,,h_fc94fc5ed4639a27,,1,2026-07-11T02:53:11.000Z,USD,u_9e845b9cebce5177,ACTIVE,h_25f47630de21820a,[name],60.0,annual_plus,,2026-07-11T02:53:11.000Z,book_club_member,,1,annual_plus,2026-07-11T02:53:11.000Z,_UNKNOWN,6000,YEAR,annual_plus,,,[name],2027-07-11T02:53:11.000Z,,500,,2027-07-11T02:53:11.000Z,2026-07-11T02:53:11.000Z,6000,[name],,https://www.supersummary.com/subscription,https://www.supersummary.com/subscription/confirming/cancel,,BCM Experience [July 2025] [25% one-time / No Entry Modal],,07-11-2026,,07-13-2026,07-11-2026,07-11-2026,07-11-2026,,07-11-2026,07-11-2027
Wg7DDkC_b94dc5655d5a717a,1691655,,Book Club Members; fallback,,,[name],[name],[name],I only needed SuperSummary for a short time,i_have_too_much_product_1528073051,Project ended or taking a break,project_stop,,Needs (SaaS),needs,1,,,u_82662dbe0ea43414,,,,0,36.0,,Canceled,2026-07-13T13:46:19.000Z,2026-07-13T13:46:42.000Z,2026-07-13T13:46:42.000Z,,35.26,2026-07-13T13:46:42.000Z,cancel,Valid Cancel,annual,2027-07-07T13:52:56.000Z,2027-07-07T13:52:56.000Z,3.0,3.0,36.0,Brightback,,,,,,,1691655,2026-07-07T13:52:55.000Z,,2026-07-07T13:52:56.000Z,,h_183ed958e1bf014e,,1,2026-07-07T13:52:56.000Z,USD,u_82662dbe0ea43414,ACTIVE,h_5a708212ac9835f4,[name],36.0,annual_essentials,,2026-07-07T13:52:56.000Z,book_club_member,,1,annual_essentials,2026-07-07T13:52:56.000Z,_UNKNOWN,3600,YEAR,annual_essentials,,,[name],2027-07-07T13:52:56.000Z,,300,,2027-07-07T13:52:56.000Z,2026-07-07T13:52:56.000Z,3600,[name],,https://www.supersummary.com/subscription,https://www.supersummary.com/subscription/confirming/cancel,,BCM Experience [July 2025] [25% one-time / No Entry Modal],,07-07-2026,,07-13-2026,07-07-2026,07-07-2026,07-07-2026,,07-07-2026,07-07-2027
Wg7DBGl_b881c32fe8da2b26,387422,,Book Club Members; Annual,,,[name],[name],[name],I only needed SuperSummary for a short time,i_have_too_much_product_1528073051,Project ended or taking a break,project_stop,,Needs (SaaS),needs,1,,,u_9b3c94e11e80e31a,,,,0,36.0,,Canceled,2026-07-13T11:17:07.000Z,2026-07-13T11:17:38.000Z,2026-07-13T11:17:39.000Z,,35.36,2026-07-13T11:17:39.000Z,cancel,Valid Cancel,annual,2026-07-13T12:58:28.000Z,2026-07-13T12:58:28.000Z,3.0,3.0,36.0,Brightback,,,,,,,387422,2023-07-10T13:52:52.000Z,,2023-07-10T13:52:53.000Z,,h_93c15dab2a19a75c,,1,2023-07-10T13:52:53.000Z,USD,u_9b3c94e11e80e31a,ACTIVE,h_cc58bd9d22587f2e,[name],36.0,annual,,2026-07-10T13:52:53.000Z,book_club_member,,1,annual,2023-07-10T13:52:53.000Z,_UNKNOWN,3600,YEAR,annual,,,[name],2027-07-10T13:52:53.000Z,,300,,2027-07-10T13:52:53.000Z,2023-07-10T13:52:53.000Z,3600,[name],,https://www.supersummary.com/subscription,https://www.supersummary.com/subscription/confirming/cancel,,BCM Experience [July 2025] [25% one-time / No Entry Modal],,07-10-2023,,07-13-2026,07-10-2023,07-10-2023,07-10-2023,,07-10-2023,07-10-2027
Wg7D7Qd_a62c3b2596e4e056,16CTKJTtRjmOnCKD2,,Book Club Members; Annual,,,[name],[name],,I only needed SuperSummary for a short time,i_have_too_much_product_1528073051,Project ended or taking a break,project_stop,,Needs (SaaS),needs,6,Internet,,u_8b1dbc1fe151bc8e,Cheaper,,,1,,,Canceled,2026-07-13T07:26:42.000Z,2026-07-13T07:27:10.000Z,2026-07-13T07:27:11.000Z,,35.52,2026-07-13T07:27:11.000Z,cancel,Valid Cancel,annual,2026-10-22T19:46:49.000Z,2026-10-22T19:46:49.000Z,3.0,3.0,36.0,Brightback,,,,,,,16CTKJTtRjmOnCKD2,2023-10-22T19:46:47.000Z,,2023-10-22T19:46:49.000Z,,h_cd03ae28bebe5556,,1,2023-10-22T19:46:49.000Z,USD,u_8b1dbc1fe151bc8e,ACTIVE,h_f06b9c9f90cd5301,[name],,,,2025-10-22T19:46:49.000Z,book_club_member,,1,annual,2023-10-22T19:46:49.000Z,_UNKNOWN,3600,YEAR,,,,[name],2026-10-22T19:46:49.000Z,,300,,2026-10-22T19:46:49.000Z,2023-10-22T19:46:49.000Z,3600,,,,,,BCM Experience [July 2025] [25% one-time / No Entry Modal],,10-22-2023,,07-13-2026,10-22-2023,10-22-2023,10-22-2023,,10-22-2023,10-22-2026
Wg7D66f_8daebcb4c803a849,Azz490VNvQEoxjtJ,,Book Club Members; fallback,,,[name],[name],,I only needed SuperSummary for a short time,i_have_too_much_product_1528073051,Project ended or taking a break,project_stop,,Needs (SaaS),needs,6,,,u_a23647daad255c83,,,,0,,,Canceled,2026-07-13T06:06:44.000Z,2026-07-13T06:07:03.000Z,2026-07-13T06:07:04.000Z,,35.58,2026-07-13T06:07:04.000Z,cancel,Valid Cancel,monthly,2026-07-29T09:54:22.000Z,2026-07-29T09:54:22.000Z,9.95,9.95,9.95,Brightback,,,,,,,Azz490VNvQEoxjtJ,2026-06-29T09:54:03.000Z,,2026-06-29T09:54:22.000Z,,h_ae8ceed8824f6a15,,1,2026-06-29T09:54:22.000Z,USD,u_a23647daad255c83,ACTIVE,h_e1565b26b59c2cc1,[name],,,,2026-06-29T09:54:22.000Z,book_club_member,,1,monthly_essentials,2026-06-29T09:54:22.000Z,_UNKNOWN,995,MONTH,,,,[name],2026-07-29T09:54:22.000Z,,995,,2026-07-29T09:54:22.000Z,2026-06-29T09:54:22.000Z,995,,,,,,BCM Experience [July 2025] [25% one-time / No Entry Modal],,06-29-2026,,07-13-2026,06-29-2026,06-29-2026,06-29-2026,,06-29-2026,07-29-2026
Wg7D5qs_b73ee26fa4b0b875,169kXkVPEBENz25k,,Book Club Members; fallback,,,[name],[name],,I only needed SuperSummary for a short time,i_have_too_much_product_1528073051,Project ended or taking a break,project_stop,,Needs (SaaS),needs,1,,,u_879cfb93cafcdcc6,,,,0,,,Canceled,2026-07-13T05:52:55.000Z,2026-07-13T05:53:24.000Z,2026-07-13T05:53:24.000Z,,35.58,2026-07-13T05:53:24.000Z,cancel,Valid Cancel,annual,2027-07-13T05:22:49.000Z,2027-07-13T05:22:49.000Z,3.0,3.0,36.0,Brightback,,,,,,,169kXkVPEBENz25k,2026-07-13T05:22:47.000Z,,2026-07-13T05:22:49.000Z,,h_b8348a608fd60b4e,,1,2026-07-13T05:22:49.000Z,USD,u_879cfb93cafcdcc6,ACTIVE,h_99f0322c3bc1d0ab,[name],,,,2026-07-13T05:22:49.000Z,book_club_member,,1,annual_essentials,2026-07-13T05:22:49.000Z,_UNKNOWN,3600,YEAR,,,,[name],2027-07-13T05:22:49.000Z,,300,,2027-07-13T05:22:49.000Z,2026-07-13T05:22:49.000Z,3600,,,,,,BCM Experience [July 2025] [25% one-time / No Entry Modal],,07-13-2026,,07-13-2026,07-13-2026,07-13-2026,07-13-2026,,07-13-2026,07-13-2027
Wg7D5OM_82b73ef863e1cfd2,1695759,,Book Club Members; fallback,,,[name],[name],[name],I only needed SuperSummary for a short time,i_have_too_much_product_1528073051,Project ended or taking a break,project_stop,,Needs (SaaS),needs,6,,,u_d80d731417851a95,,,,0,16.65,,Canceled,2026-07-13T05:24:32.000Z,2026-07-13T05:24:57.000Z,2026-07-13T05:24:58.000Z,,35.6,2026-07-13T05:24:58.000Z,cancel,Valid Cancel,monthly,2026-08-13T03:48:28.000Z,2026-08-13T03:48:28.000Z,16.65,16.65,16.65,Brightback,,,,,,,1695759,2026-07-13T03:47:35.000Z,,2026-07-13T03:48:28.000Z,,h_7eaea8fa7fd38ae5,,1,2026-07-13T03:48:28.000Z,USD,u_d80d731417851a95,ACTIVE,h_93537d363b400a56,[name],16.65,monthly_plus,,2026-07-13T03:48:28.000Z,book_club_member,,1,monthly_plus,2026-07-13T03:48:28.000Z,_UNKNOWN,1665,MONTH,monthly_plus,,,[name],2026-08-13T03:48:28.000Z,,1665,,2026-08-13T03:48:28.000Z,2026-07-13T03:48:28.000Z,1665,[name],,https://www.supersummary.com/subscription,https://www.supersummary.com/subscription/confirming/cancel,,BCM Experience [July 2025] [25% one-time / No Entry Modal],,07-13-2026,,07-13-2026,07-13-2026,07-13-2026,07-13-2026,,07-13-2026,08-13-2026
Wg7D2hs_b9e59694e129c84d,1693723,,Book Club Members; fallback,,,[name],[name],[name],I only needed SuperSummary for a short time,i_have_too_much_product_1528073051,Project ended or taking a break,project_stop,,Needs (SaaS),needs,3,nothing,,u_ea58a67bdd16b389,,,,0,36.0,,Canceled,2026-07-13T02:44:04.000Z,2026-07-13T02:44:45.000Z,2026-07-13T02:44:46.000Z,,35.72,2026-07-13T02:44:46.000Z,cancel,Valid Cancel,annual,2027-07-09T23:38:05.000Z,2027-07-09T23:38:05.000Z,3.0,3.0,36.0,Brightback,,,,,,,1693723,2026-07-09T23:38:03.000Z,,2026-07-09T23:38:05.000Z,,h_1db9d64e8da6eb7a,,1,2026-07-09T23:38:05.000Z,USD,u_ea58a67bdd16b389,ACTIVE,h_cc443f38bc00da3f,[name],36.0,annual_essentials,,2026-07-09T23:38:05.000Z,book_club_member,,1,annual_essentials,2026-07-09T23:38:05.000Z,_UNKNOWN,3600,YEAR,annual_essentials,,,[name],2027-07-09T23:38:05.000Z,,300,,2027-07-09T23:38:05.000Z,2026-07-09T23:38:05.000Z,3600,[name],,https://www.supersummary.com/subscription,https://www.supersummary.com/subscription/confirming/cancel,,BCM Experience [July 2025] [25% one-time / No Entry Modal],,07-09-2026,,07-13-2026,07-09-2026,07-09-2026,07-09-2026,,07-09-2026,07-09-2027
Wg7D1og_b34fb3806ba0c0a8,1694669,,Students; fallback,,,[name],[name],[name],I only needed SuperSummary for a short time,i_have_too_much_product_1528073051,Project ended or taking a break,project_stop,,Needs (SaaS),needs,6,not sure,,u_a4dc147bc06c194d,"nothing, it was great",,,1,60.0,,Canceled,2026-07-13T01:50:49.000Z,2026-07-13T01:51:23.000Z,2026-07-13T01:51:23.000Z,,35.75,2026-07-13T01:51:23.000Z,cancel,Valid Cancel,annual,2027-07-11T14:25:07.000Z,2027-07-11T14:25:07.000Z,5.0,5.0,60.0,Brightback,,,,,,,1694669,2026-07-11T14:25:04.000Z,,2026-07-11T14:25:07.000Z,,h_81117c485dc66423,,1,2026-07-11T14:25:07.000Z,USD,u_a4dc147bc06c194d,ACTIVE,h_3d5c42ca46f141ef,[name],60.0,annual_plus,,2026-07-11T14:25:07.000Z,student,,1,annual_plus,2026-07-11T14:25:07.000Z,_UNKNOWN,6000,YEAR,annual_plus,,Postgrad Program,[name],2027-07-11T14:25:07.000Z,,500,,2027-07-11T14:25:07.000Z,2026-07-11T14:25:07.000Z,6000,[name],,https://www.supersummary.com/subscription,https://www.supersummary.com/subscription/confirming/cancel,,Student Experience [July 2025] [25% one-time / No Entry Modal],,07-11-2026,,07-13-2026,07-11-2026,07-11-2026,07-11-2026,,07-11-2026,07-11-2027
Wg7D1j3_9ed95d52bd7d7932,AzqWkxVOmfaft1Fm8,,Book Club Members; fallback,,,[name],[name],,I only needed SuperSummary for a short time,i_have_too_much_product_1528073051,Project ended or taking a break,project_stop,,Needs (SaaS),needs,8,,,u_442d0d32e5f5b07c,,,,0,,,Canceled,2026-07-13T01:45:06.000Z,2026-07-13T01:49:48.000Z,2026-07-13T01:49:49.000Z,,35.76,2026-07-13T01:49:49.000Z,cancel,Valid Cancel,monthly,2026-08-08T12:27:47.000Z,2026-08-08T12:27:47.000Z,16.65,16.65,16.65,Brightback,,,,,,,AzqWkxVOmfaft1Fm8,2026-07-08T12:27:43.000Z,,2026-07-08T12:27:47.000Z,,h_67ad29bb352a61e5,,1,2026-07-08T12:27:47.000Z,USD,u_442d0d32e5f5b07c,ACTIVE,h_52db7b22c830c609,[name],,,,2026-07-08T12:27:47.000Z,book_club_member,,1,monthly_plus,2026-07-08T12:27:47.000Z,_UNKNOWN,1665,MONTH,,,,[name],2026-08-08T12:27:47.000Z,,1665,,2026-08-08T12:27:47.000Z,2026-07-08T12:27:47.000Z,1665,,,,,,BCM Experience [July 2025] [25% one-time / No Entry Modal],,07-08-2026,,07-13-2026,07-08-2026,07-08-2026,07-08-2026,,07-08-2026,08-08-2026
Wg7CNUG_8ba2d730aee9c8d1,AzqKnsVNJqAED2sMp,,Book Club Members; fallback,,,[name],[name],,I only needed SuperSummary for a short time,i_have_too_much_product_1528073051,Project ended or taking a break,project_stop,,Needs (SaaS),needs,3,,,u_0a25f60ecccb0212,,,,0,,,Canceled,2026-07-12T23:30:18.000Z,2026-07-12T23:30:34.000Z,2026-07-12T23:30:34.000Z,,35.85,2026-07-12T23:30:34.000Z,cancel,Valid Cancel,monthly,2026-07-22T23:39:01.000Z,2026-07-22T23:39:01.000Z,16.65,16.65,16.65,Brightback,,,,,,,AzqKnsVNJqAED2sMp,2026-06-22T23:38:59.000Z,,2026-06-22T23:39:01.000Z,,h_467214328400ddfe,,1,2026-06-22T23:39:01.000Z,USD,u_0a25f60ecccb0212,ACTIVE,h_3817630f8bfd165e,[name],,,,2026-06-22T23:39:01.000Z,book_club_member,,1,monthly_plus,2026-06-22T23:39:01.000Z,_UNKNOWN,1665,MONTH,,,,[name],2026-07-22T23:39:01.000Z,,1665,,2026-07-22T23:39:01.000Z,2026-06-22T23:39:01.000Z,1665,,,,,,BCM Experience [July 2025] [25% one-time / No Entry Modal],,06-22-2026,,07-12-2026,06-22-2026,06-22-2026,06-22-2026,,06-22-2026,07-22-2026
Wg7CN5u_98b569983322aa54,237092,,Book Club Members; Annual,,,[name],[name],[name],I only needed SuperSummary for a short time,i_have_too_much_product_1528073051,Project ended or taking a break,project_stop,,Needs (SaaS),needs,5,,,u_c009b39bc7135cd5,,,,0,36.0,,Canceled,2026-07-12T23:06:00.000Z,2026-07-12T23:07:03.000Z,2026-07-12T23:07:03.000Z,,35.87,2026-07-12T23:07:03.000Z,cancel,Valid Cancel,annual,2026-08-20T15:48:20.000Z,2026-08-20T15:48:20.000Z,3.0,3.0,36.0,Brightback,,,,,,,237092,2022-08-20T15:48:19.000Z,,2022-08-20T15:48:20.000Z,,h_145958a474bc6142,,1,2022-08-20T15:48:20.000Z,USD,u_c009b39bc7135cd5,ACTIVE,h_da79463cff8c1e4e,[name],36.0,annual,,2025-08-20T15:48:20.000Z,book_club_member,,1,annual,2022-08-20T15:48:20.000Z,_UNKNOWN,3600,YEAR,annual,,,[name],2026-08-20T15:48:20.000Z,,300,,2026-08-20T15:48:20.000Z,2022-08-20T15:48:20.000Z,3600,[name],,https://www.supersummary.com/subscription,https://www.supersummary.com/subscription/confirming/cancel,,BCM Experience [July 2025] [25% one-time / No Entry Modal],,08-20-2022,,07-12-2026,08-20-2022,08-20-2022,08-20-2022,,08-20-2022,08-20-2026
Wg7CMQp_ab154c5d74300527,1695580,,Teachers; fallback,,,[name],[name],[name],I only needed SuperSummary for a short time,i_have_too_much_product_1528073051,Project ended or taking a break,project_stop,,Needs (SaaS),needs,7,,,u_47fefe1cb5ad7be6,,,,0,16.65,,Canceled,2026-07-12T22:26:58.000Z,2026-07-12T22:27:32.000Z,2026-07-12T22:27:32.000Z,,35.89,2026-07-12T22:27:32.000Z,cancel,Valid Cancel,monthly,2026-08-12T22:18:29.000Z,2026-08-12T22:18:29.000Z,16.65,16.65,16.65,Brightback,,,,,,,1695580,2026-07-12T22:18:28.000Z,,2026-07-12T22:18:29.000Z,,h_52ec532d1afabd89,,1,2026-07-12T22:18:29.000Z,USD,u_47fefe1cb5ad7be6,ACTIVE,h_5e6b4a6b9821710a,[name],16.65,monthly_plus,,2026-07-12T22:18:29.000Z,teacher,,1,monthly_plus,2026-07-12T22:18:29.000Z,_UNKNOWN,1665,MONTH,monthly_plus,,High School,[name],2026-08-12T22:18:29.000Z,,1665,,2026-08-12T22:18:29.000Z,2026-07-12T22:18:29.000Z,1665,[name],,https://www.supersummary.com/subscription,https://www.supersummary.com/subscription/confirming/cancel,,Teacher Experience [July 2025] [40% one-time / Modal],,07-12-2026,,07-12-2026,07-12-2026,07-12-2026,07-12-2026,,07-12-2026,08-12-2026
Wg7CMb7_8b10ea3561547036,6or1EVOJwibC4e51,,Book Club Members; fallback,,,[name],[name],,I only needed SuperSummary for a short time,i_have_too_much_product_1528073051,Project ended or taking a break,project_stop,,Needs (SaaS),needs,3,,,u_b385522fae72ba14,,,,0,,,Canceled,2026-07-12T22:37:10.000Z,2026-07-12T22:37:34.000Z,2026-07-12T22:37:34.000Z,,35.89,2026-07-12T22:37:34.000Z,cancel,Valid Cancel,monthly,2026-08-03T14:33:55.000Z,2026-08-03T14:33:55.000Z,9.95,9.95,9.95,Brightback,,,,,,,6or1EVOJwibC4e51,2025-08-03T15:48:39.000Z,,2026-07-03T14:33:55.000Z,,h_9cb8d64d3c5246db,,1,2026-07-03T14:33:55.000Z,USD,u_b385522fae72ba14,ACTIVE,h_489fd181d6191161,[name],,,,2026-07-03T14:33:55.000Z,book_club_member,,1,monthly_essentials,2026-07-03T14:33:55.000Z,_UNKNOWN,995,MONTH,,,,[name],2026-08-03T14:33:55.000Z,,995,,2026-08-03T14:33:55.000Z,2026-07-03T14:33:55.000Z,995,,,,,,BCM Experience [July 2025] [25% one-time / No Entry Modal],,07-03-2026,,07-12-2026,07-03-2026,07-03-2026,08-03-2025,,07-03-2026,08-03-2026
Wg7CKmN_8620b85af87669bf,610009,,fallback,,,[name],[name],[name],I only needed SuperSummary for a short time,i_have_too_much_product_1528073051,Project ended or taking a break,project_stop,,Needs (SaaS),needs,5,,,u_62f417e78fd5f212,,,,0,36.0,,Canceled,2026-07-12T20:48:39.000Z,2026-07-12T20:49:32.000Z,2026-07-12T20:49:33.000Z,,35.96,2026-07-12T20:49:33.000Z,cancel,Valid Cancel,annual,2027-07-12T19:29:14.000Z,2027-07-12T19:29:14.000Z,3.0,3.0,36.0,Brightback,,,,,,,610009,2024-07-12T19:29:12.000Z,,2024-07-12T19:29:14.000Z,,h_5157e0802e34ce2d,,1,2024-07-12T19:29:14.000Z,USD,u_62f417e78fd5f212,ACTIVE,h_3aaee304eab16550,[name],36.0,annual,,2026-07-12T19:29:14.000Z,other,,1,annual,2024-07-12T19:29:14.000Z,_UNKNOWN,3600,YEAR,annual,,,[name],2027-07-12T19:29:14.000Z,,300,,2027-07-12T19:29:14.000Z,2024-07-12T19:29:14.000Z,3600,[name],,https://www.supersummary.com/subscription,https://www.supersummary.com/subscription/confirming/cancel,,Default/Fallback [July 2025] [25% one time / No entry modal],,07-12-2024,,07-12-2026,07-12-2024,07-12-2024,07-12-2024,,07-12-2024,07-12-2027
Wg7CJbR_925d57811065f6a6,1317014,,Students; Monthly,,,[name],[name],[name],I only needed SuperSummary for a short time,i_have_too_much_product_1528073051,Project ended or taking a break,project_stop,,Needs (SaaS),needs,1,,,u_ec4cc5b8fecc92bb,,,,0,9.95,,Canceled,2026-07-12T19:37:33.000Z,2026-07-12T19:37:55.000Z,2026-07-12T19:37:57.000Z,,36.01,2026-07-12T19:37:57.000Z,cancel,Valid Cancel,monthly,2026-08-09T02:27:08.000Z,2026-08-09T02:27:08.000Z,9.95,9.95,9.95,Brightback,,,,,,,1317014,2025-09-09T02:27:05.000Z,,2025-09-09T02:27:08.000Z,,h_958cc936ecf2840f,,1,2025-09-09T02:27:08.000Z,USD,u_ec4cc5b8fecc92bb,ACTIVE,h_3da4aed45d5ec0e1,[name],9.95,monthly,,2026-07-09T02:27:08.000Z,student,,1,monthly,2025-09-09T02:27:08.000Z,_UNKNOWN,995,MONTH,monthly,,High School,[name],2026-08-09T02:27:08.000Z,,995,,2026-08-09T02:27:08.000Z,2025-09-09T02:27:08.000Z,995,[name],,https://www.supersummary.com/subscription,https://www.supersummary.com/subscription/confirming/cancel,,Student Experience [July 2025] [40% forever / Modal],,09-09-2025,,07-12-2026,09-09-2025,09-09-2025,09-09-2025,,09-09-2025,08-09-2026
Wg7CJ0d_b6f838cda3792e24,AzqS7hUgToYYE8D5m,,Teachers; Annual,,,[name],[name],,I only needed SuperSummary for a short time,i_have_too_much_product_1528073051,Project ended or taking a break,project_stop,,Needs (SaaS),needs,6,,,u_e37fea65e4ac3226,i made suggestions for some of the books I'd like to see on your site.,,,1,,,Canceled,2026-07-12T19:00:47.000Z,2026-07-12T19:01:44.000Z,2026-07-12T19:01:44.000Z,,36.04,2026-07-12T19:01:44.000Z,cancel,Valid Cancel,annual,2027-03-25T17:53:29.000Z,2027-03-25T17:53:29.000Z,1.8,1.8,36.0,Brightback,,,,,,,AzqS7hUgToYYE8D5m,2025-03-25T17:53:26.000Z,,2025-03-25T17:53:29.000Z,,h_0773746ab0c88f1e,,1,2025-03-25T17:53:29.000Z,USD,u_e37fea65e4ac3226,ACTIVE,h_765b4389348b7027,[name],,,,2026-03-25T17:53:29.000Z,teacher,,1,annual,2025-03-25T17:53:29.000Z,_UNKNOWN,3600,YEAR,,7ldb9lCl3Zq,College,[name],2027-03-25T17:53:29.000Z,,180,,2027-03-25T17:53:29.000Z,2025-03-25T17:53:29.000Z,3600,,,,,,Teacher Experience [July 2025] [40% one-time / Modal],,03-25-2025,,07-12-2026,03-25-2025,03-25-2025,03-25-2025,,03-25-2025,03-25-2027
Wg7CIpu_a31b58d733f0e5b8,1695435,,Teachers; fallback,,,[name],[name],[name],I only needed SuperSummary for a short time,i_have_too_much_product_1528073051,Project ended or taking a break,project_stop,,Needs (SaaS),needs,7,teachers pay teacher,,u_8fa4b05edde44bab,nothing,,,1,60.0,,Canceled,2026-07-12T18:52:05.000Z,2026-07-12T18:53:30.000Z,2026-07-12T18:53:30.000Z,,36.04,2026-07-12T18:53:30.000Z,cancel,Valid Cancel,annual,2027-07-12T18:41:46.000Z,2027-07-12T18:41:46.000Z,5.0,5.0,60.0,Brightback,,,,,,,1695435,2026-07-12T18:41:45.000Z,,2026-07-12T18:41:46.000Z,,h_6cb96ef7e0ba9aa8,,1,2026-07-12T18:41:46.000Z,USD,u_8fa4b05edde44bab,ACTIVE,h_11ce0187f9b7a361,[name],60.0,annual_plus,,2026-07-12T18:41:46.000Z,teacher,,1,annual_plus,2026-07-12T18:41:46.000Z,_UNKNOWN,6000,YEAR,annual_plus,,High School,[name],2027-07-12T18:41:46.000Z,,500,,2027-07-12T18:41:46.000Z,2026-07-12T18:41:46.000Z,6000,[name],,https://www.supersummary.com/subscription,https://www.supersummary.com/subscription/confirming/cancel,,Teacher Experience [July 2025] [40% one-time / Modal],,07-12-2026,,07-12-2026,07-12-2026,07-12-2026,07-12-2026,,07-12-2026,07-12-2027
Wg7CI6P_966aed3a8f9e39e5,383664,,Book Club Members; Annual,,,[name],[name],[name],I only needed SuperSummary for a short time,i_have_too_much_product_1528073051,Project ended or taking a break,project_stop,,Needs (SaaS),needs,3,,,u_6231111872ff1b77,,,,0,36.0,,Canceled,2026-07-12T18:06:41.000Z,2026-07-12T18:07:22.000Z,2026-07-12T18:07:22.000Z,,36.08,2026-07-12T18:07:22.000Z,cancel,Valid Cancel,annual,2027-06-25T16:34:45.000Z,2027-06-25T16:34:45.000Z,3.0,3.0,36.0,Brightback,,,,,,,383664,2023-06-22T19:21:48.000Z,,2023-06-25T16:34:45.000Z,,h_52fe585eec571b99,,1,2023-06-25T16:34:45.000Z,USD,u_6231111872ff1b77,ACTIVE,h_8b23f17371a55d80,[name],36.0,annual,,2026-06-25T16:34:45.000Z,book_club_member,,1,annual,2023-06-25T16:34:45.000Z,_UNKNOWN,3600,YEAR,annual,,,[name],2027-06-25T16:34:45.000Z,,300,,2027-06-25T16:34:45.000Z,2023-06-25T16:34:45.000Z,3600,[name],,https://www.supersummary.com/subscription,https://www.supersummary.com/subscription/confirming/cancel,,BCM Experience [July 2025] [25% one-time / No Entry Modal],,06-25-2023,,07-12-2026,06-25-2023,06-25-2023,06-22-2023,,06-25-2023,06-25-2027
Wg7CH7w_89c4d1d435d9b100,Azydl6VOii4kq2Jif,,Book Club Members; fallback,,,[name],[name],,I only needed SuperSummary for a short time,i_have_too_much_product_1528073051,Project ended or taking a break,project_stop,,Needs (SaaS),needs,10,,,u_7dd0c50f1de0c8a3,,,,0,,,Canceled,2026-07-12T17:08:01.000Z,2026-07-12T17:08:20.000Z,2026-07-12T17:08:20.000Z,,36.12,2026-07-12T17:08:20.000Z,cancel,Valid Cancel,monthly,2026-08-07T20:12:34.000Z,2026-08-07T20:12:34.000Z,9.95,9.95,9.95,Brightback,,,,,,,Azydl6VOii4kq2Jif,2026-07-07T20:12:31.000Z,,2026-07-07T20:12:34.000Z,,h_6d7cea40689a74ad,,1,2026-07-07T20:12:34.000Z,USD,u_7dd0c50f1de0c8a3,ACTIVE,h_a746b9dd993cbb3a,[name],,,,2026-07-07T20:12:34.000Z,book_club_member,,1,monthly_essentials,2026-07-07T20:12:34.000Z,_UNKNOWN,995,MONTH,,,,[name],2026-08-07T20:12:34.000Z,,995,,2026-08-07T20:12:34.000Z,2026-07-07T20:12:34.000Z,995,,,,,,BCM Experience [July 2025] [25% one-time / No Entry Modal],,07-07-2026,,07-12-2026,07-07-2026,07-07-2026,07-07-2026,,07-07-2026,08-07-2026
Wg7CGxw_ba416aa9e4863892,388002,,Book Club Members; Annual,,,[name],[name],[name],I only needed SuperSummary for a short time,i_have_too_much_product_1528073051,Project ended or taking a break,project_stop,,Needs (SaaS),needs,5,,,u_0f7d76ec1a80b3d0,,,,0,36.0,,Canceled,2026-07-12T17:00:48.000Z,2026-07-12T17:01:27.000Z,2026-07-12T17:01:27.000Z,,36.12,2026-07-12T17:01:27.000Z,cancel,Valid Cancel,annual,2027-07-12T15:31:22.000Z,2027-07-12T15:31:22.000Z,3.0,3.0,36.0,Brightback,,,,,,,388002,2023-07-12T15:31:19.000Z,,2023-07-12T15:31:22.000Z,,h_381c8af7cb2f29a7,,1,2023-07-12T15:31:22.000Z,USD,u_0f7d76ec1a80b3d0,ACTIVE,h_93f0e8f8c32bddfa,[name],36.0,annual,,2026-07-12T15:31:22.000Z,book_club_member,,1,annual,2023-07-12T15:31:22.000Z,_UNKNOWN,3600,YEAR,annual,,,[name],2027-07-12T15:31:22.000Z,,300,,2027-07-12T15:31:22.000Z,2023-07-12T15:31:22.000Z,3600,[name],,https://www.supersummary.com/subscription,https://www.supersummary.com/subscription/confirming/cancel,,BCM Experience [July 2025] [25% one-time / No Entry Modal],,07-12-2023,,07-12-2026,07-12-2023,07-12-2023,07-12-2023,,07-12-2023,07-12-2027
Wg7CGlo_93ecb8e92f819097,1257758,,Book Club Members; Annual,,,[name],[name],[name],I only needed SuperSummary for a short time,i_have_too_much_product_1528073051,Project ended or taking a break,project_stop,,Needs (SaaS),needs,4,Idk,,u_a90b32cb7b372838,Idk,,,1,36.0,,Canceled,2026-07-12T16:48:03.000Z,2026-07-12T16:49:15.000Z,2026-07-12T16:49:15.000Z,,36.13,2026-07-12T16:49:15.000Z,cancel,Valid Cancel,annual,2027-07-11T18:25:21.000Z,2027-07-11T18:25:21.000Z,3.0,3.0,36.0,Brightback,,,,,,,1257758,2025-07-11T18:25:19.000Z,,2025-07-11T18:25:21.000Z,,h_64eddaef1fc01669,,1,2025-07-11T18:25:21.000Z,USD,u_a90b32cb7b372838,ACTIVE,h_19d5aa8f56f569ab,[name],36.0,annual,,2026-07-11T18:25:21.000Z,book_club_member,,1,annual,2025-07-11T18:25:21.000Z,_UNKNOWN,3600,YEAR,annual,,,[name],2027-07-11T18:25:21.000Z,,300,,2027-07-11T18:25:21.000Z,2025-07-11T18:25:21.000Z,3600,[name],,https://www.supersummary.com/subscription,https://www.supersummary.com/subscription/confirming/cancel,,BCM Experience [July 2025] [25% one-time / No Entry Modal],,07-11-2025,,07-12-2026,07-11-2025,07-11-2025,07-11-2025,,07-11-2025,07-11-2027
Wg7CGKP_9709267d2f76cfb6,AzZaGdVPASdhA3J2I,,Students; fallback,,,[name],[name],,I only needed SuperSummary for a short time,i_have_too_much_product_1528073051,Project ended or taking a break,project_stop,,Needs (SaaS),needs,3,,,u_c13e1e53432ddc67,,,,0,,,Canceled,2026-07-12T16:20:30.000Z,2026-07-12T16:21:00.000Z,2026-07-12T16:21:00.000Z,,36.15,2026-07-12T16:21:00.000Z,cancel,Valid Cancel,monthly,2026-08-12T14:06:53.000Z,2026-08-12T14:06:53.000Z,9.95,9.95,9.95,Brightback,,,,,,,AzZaGdVPASdhA3J2I,2026-07-12T14:06:51.000Z,,2026-07-12T14:06:53.000Z,,h_2bd9d1ca221d8e75,,1,2026-07-12T14:06:53.000Z,USD,u_c13e1e53432ddc67,ACTIVE,h_2d66cd481a9c0220,[name],,,,2026-07-12T14:06:53.000Z,student,,1,monthly_essentials,2026-07-12T14:06:53.000Z,_UNKNOWN,995,MONTH,,,High School,[name],2026-08-12T14:06:53.000Z,,995,,2026-08-12T14:06:53.000Z,2026-07-12T14:06:53.000Z,995,,,,,,Student Experience [July 2025] [25% one-time / No Entry Modal],,07-12-2026,,07-12-2026,07-12-2026,07-12-2026,07-12-2026,,07-12-2026,08-12-2026
Wg7CGIu_87578677e07971a8,1695138,,Book Club Members; fallback,,,[name],[name],[name],I only needed SuperSummary for a short time,i_have_too_much_product_1528073051,Project ended or taking a break,project_stop,,Needs (SaaS),needs,3,,,u_9ed90bcf889c5d5f,,,,0,36.0,,Canceled,2026-07-12T16:19:09.000Z,2026-07-12T16:20:11.000Z,2026-07-12T16:20:11.000Z,,36.15,2026-07-12T16:20:11.000Z,cancel,Valid Cancel,annual,2027-07-12T08:20:27.000Z,2027-07-12T08:20:27.000Z,3.0,3.0,36.0,Brightback,,,,,,,1695138,2026-07-12T08:20:25.000Z,,2026-07-12T08:20:27.000Z,,h_c9e4f3ce633291c6,,1,2026-07-12T08:20:27.000Z,USD,u_9ed90bcf889c5d5f,ACTIVE,h_ce74d3a41e270cb2,[name],36.0,annual_essentials,,2026-07-12T08:20:27.000Z,book_club_member,,1,annual_essentials,2026-07-12T08:20:27.000Z,_UNKNOWN,3600,YEAR,annual_essentials,,,[name],2027-07-12T08:20:27.000Z,,300,,2027-07-12T08:20:27.000Z,2026-07-12T08:20:27.000Z,3600,[name],,https://www.supersummary.com/subscription,https://www.supersummary.com/subscription/confirming/cancel,,BCM Experience [July 2025] [25% one-time / No Entry Modal],,07-12-2026,,07-12-2026,07-12-2026,07-12-2026,07-12-2026,,07-12-2026,07-12-2027
Wg7CGC7_9a0bc85000962b5e,Azq8ubUxSVxGS1fXm,,Students; Monthly,,,[name],[name],,I only needed SuperSummary for a short time,i_have_too_much_product_1528073051,Project ended or taking a break,project_stop,,Needs (SaaS),needs,1,"Nothing, I’m done with school",,u_2c4cb8bd5dc1692a,By making cancelling less fucking annoying,,,1,,,Canceled,2026-07-12T16:12:10.000Z,2026-07-12T16:13:00.000Z,2026-07-12T16:13:00.000Z,,36.15,2026-07-12T16:13:00.000Z,cancel,Valid Cancel,monthly,2026-07-21T18:44:18.000Z,2026-07-21T18:44:18.000Z,9.95,9.95,9.95,Brightback,,,,,,,Azq8ubUxSVxGS1fXm,2020-10-09T19:41:27.000Z,,2025-09-21T18:44:18.000Z,,h_1f3f0892b07857a6,,1,2025-09-21T18:44:18.000Z,USD,u_2c4cb8bd5dc1692a,ACTIVE,h_79de9bf3971daf4f,[name],,,,2026-06-21T18:44:18.000Z,student,,1,monthly,2025-09-21T18:44:18.000Z,_UNKNOWN,995,MONTH,,,College,[name],2026-07-21T18:44:18.000Z,,995,,2026-07-21T18:44:18.000Z,2025-09-21T18:44:18.000Z,995,,,,,,Student Experience [July 2025] [40% forever / Modal],,09-21-2025,,07-12-2026,09-21-2025,09-21-2025,10-09-2020,,09-21-2025,07-21-2026
Wg7CG50_b38569e4b66d7e78,16CXc6VN0I0101LhV,,Students; fallback,,,[name],[name],,I only needed SuperSummary for a short time,i_have_too_much_product_1528073051,Project ended or taking a break,project_stop,,Needs (SaaS),needs,8,,,u_d74090447435708d,,,,0,,,Canceled,2026-07-12T16:05:04.000Z,2026-07-12T16:05:27.000Z,2026-07-12T16:05:27.000Z,,36.16,2026-07-12T16:05:27.000Z,cancel,Valid Cancel,monthly,2026-07-19T15:24:08.000Z,2026-07-19T15:24:08.000Z,16.65,16.65,16.65,Brightback,,,,,,,16CXc6VN0I0101LhV,2026-06-19T15:24:05.000Z,,2026-06-19T15:24:08.000Z,,h_b3096c1063424173,,1,2026-06-19T15:24:08.000Z,USD,u_d74090447435708d,ACTIVE,h_eae2e17631b44440,[name],,,,2026-06-19T15:24:08.000Z,student,,1,monthly_plus,2026-06-19T15:24:08.000Z,_UNKNOWN,1665,MONTH,,,College,[name],2026-07-19T15:24:08.000Z,,1665,,2026-07-19T15:24:08.000Z,2026-06-19T15:24:08.000Z,1665,,,,,,Student Experience [July 2025] [25% one-time / No Entry Modal],,06-19-2026,,07-12-2026,06-19-2026,06-19-2026,06-19-2026,,06-19-2026,07-19-2026
Wg7CFUw_9c6b5f5e995fc5a4,1257284,,Parents; Annual,,,[name],[name],[name],I only needed SuperSummary for a short time,i_have_too_much_product_1528073051,Project ended or taking a break,project_stop,,Needs (SaaS),needs,2,,,u_06c64ecfa3ab0f03,,,,0,36.0,,Canceled,2026-07-12T15:31:04.000Z,2026-07-12T15:31:21.000Z,2026-07-12T15:31:21.000Z,,36.18,2026-07-12T15:31:21.000Z,cancel,Valid Cancel,annual,2027-07-10T22:50:07.000Z,2027-07-10T22:50:07.000Z,3.0,3.0,36.0,Brightback,,,,,,,1257284,2025-07-10T22:50:05.000Z,,2025-07-10T22:50:07.000Z,,h_0725a9aef7e88ce0,,1,2025-07-10T22:50:07.000Z,USD,u_06c64ecfa3ab0f03,ACTIVE,h_6a1ac782599e2cc1,[name],36.0,annual,,2026-07-10T22:50:07.000Z,parent_of_student,,1,annual,2025-07-10T22:50:07.000Z,_UNKNOWN,3600,YEAR,annual,,Middle School,[name],2027-07-10T22:50:07.000Z,,300,,2027-07-10T22:50:07.000Z,2025-07-10T22:50:07.000Z,3600,[name],,https://www.supersummary.com/subscription,https://www.supersummary.com/subscription/confirming/cancel,,Parent Experience [July 2025] [25% one-time / Modal],,07-10-2025,,07-12-2026,07-10-2025,07-10-2025,07-10-2025,,07-10-2025,07-10-2027
Wg7CEOp_ba8ca8168e0fdb47,6om51VO0sQ9Y3t9V,,Students; fallback,,,[name],[name],,I only needed SuperSummary for a short time,i_have_too_much_product_1528073051,Project ended or taking a break,project_stop,,Needs (SaaS),needs,3,,,u_a06a7300d6ce58ce,,,,0,,,Canceled,2026-07-12T14:25:00.000Z,2026-07-12T14:25:16.000Z,2026-07-12T14:25:17.000Z,,36.23,2026-07-12T14:25:17.000Z,cancel,Valid Cancel,monthly,2026-07-30T08:17:41.000Z,2026-07-30T08:17:41.000Z,9.95,9.95,9.95,Brightback,,,,,,,6om51VO0sQ9Y3t9V,2026-06-30T08:17:39.000Z,,2026-06-30T08:17:41.000Z,,h_3e44131f345aa5d6,,1,2026-06-30T08:17:41.000Z,USD,u_a06a7300d6ce58ce,ACTIVE,h_1b2f292f4c7849e6,[name],,,,2026-06-30T08:17:41.000Z,student,,1,monthly_essentials,2026-06-30T08:17:41.000Z,_UNKNOWN,995,MONTH,,,College,[name],2026-07-30T08:17:41.000Z,,995,,2026-07-30T08:17:41.000Z,2026-06-30T08:17:41.000Z,995,,,,,,Student Experience [July 2025] [25% one-time / No Entry Modal],,06-30-2026,,07-12-2026,06-30-2026,06-30-2026,06-30-2026,,06-30-2026,07-30-2026
Wg7CBvF_8207c3a9949c9b4a,1695188,,Teachers; fallback,,,[name],[name],[name],I only needed SuperSummary for a short time,i_have_too_much_product_1528073051,Project ended or taking a break,project_stop,,Needs (SaaS),needs,8,,,u_c65cf3beff2dbd56,,,,0,16.65,,Canceled,2026-07-12T11:57:22.000Z,2026-07-12T11:57:57.000Z,2026-07-12T11:57:57.000Z,,36.33,2026-07-12T11:57:57.000Z,cancel,Valid Cancel,monthly,2026-08-12T11:51:27.000Z,2026-08-12T11:51:27.000Z,16.65,16.65,16.65,Brightback,,,,,,,1695188,2026-07-12T11:51:14.000Z,,2026-07-12T11:51:27.000Z,,h_befb30960481dfd2,,1,2026-07-12T11:51:27.000Z,USD,u_c65cf3beff2dbd56,ACTIVE,h_8452d1b5b1cda7f6,[name],16.65,monthly_plus,,2026-07-12T11:51:27.000Z,teacher,,1,monthly_plus,2026-07-12T11:51:27.000Z,_UNKNOWN,1665,MONTH,monthly_plus,,High School,[name],2026-08-12T11:51:27.000Z,,1665,,2026-08-12T11:51:27.000Z,2026-07-12T11:51:27.000Z,1665,[name],,https://www.supersummary.com/subscription,https://www.supersummary.com/subscription/confirming/cancel,,Teacher Experience [July 2025] [40% one-time / Modal],,07-12-2026,,07-12-2026,07-12-2026,07-12-2026,07-12-2026,,07-12-2026,08-12-2026
Wg7CBcv_8648534b030b0274,1691715,,Book Club Members; fallback,,,[name],[name],[name],I only needed SuperSummary for a short time,i_have_too_much_product_1528073051,Project ended or taking a break,project_stop,,Needs (SaaS),needs,7,Ai,,u_c72ea5fa78ce7e7b,,,,0,60.0,,Canceled,2026-07-12T11:39:15.000Z,2026-07-12T11:40:51.000Z,2026-07-12T11:40:51.000Z,,36.34,2026-07-12T11:40:51.000Z,cancel,Valid Cancel,annual,2027-07-07T15:11:34.000Z,2027-07-07T15:11:34.000Z,5.0,5.0,60.0,Brightback,,,,,,,1691715,2026-07-07T15:11:32.000Z,,2026-07-07T15:11:34.000Z,,h_6b06111339217740,,1,2026-07-07T15:11:34.000Z,USD,u_c72ea5fa78ce7e7b,ACTIVE,h_0741a782a4b43962,[name],60.0,annual_plus,,2026-07-07T15:11:34.000Z,book_club_member,,1,annual_plus,2026-07-07T15:11:34.000Z,_UNKNOWN,6000,YEAR,annual_plus,,,[name],2027-07-07T15:11:34.000Z,,500,,2027-07-07T15:11:34.000Z,2026-07-07T15:11:34.000Z,6000,[name],,https://www.supersummary.com/subscription,https://www.supersummary.com/subscription/confirming/cancel,,BCM Experience [July 2025] [25% one-time / No Entry Modal],,07-07-2026,,07-12-2026,07-07-2026,07-07-2026,07-07-2026,,07-07-2026,07-07-2027
Wg7CB8D_b896a7efeabd80c3,AzqKeeVP9iS4Z1OIs,,fallback,,,[name],[name],,I only needed SuperSummary for a short time,i_have_too_much_product_1528073051,Project ended or taking a break,project_stop,,Needs (SaaS),needs,1,,,u_78caf1e9bd73d1a5,,,,0,,,Canceled,2026-07-12T11:08:16.000Z,2026-07-12T11:08:37.000Z,2026-07-12T11:08:37.000Z,,36.37,2026-07-12T11:08:37.000Z,cancel,Valid Cancel,annual,2027-07-12T11:03:25.000Z,2027-07-12T11:03:25.000Z,3.0,3.0,36.0,Brightback,,,,,,,AzqKeeVP9iS4Z1OIs,2026-07-12T11:03:23.000Z,,2026-07-12T11:03:25.000Z,,h_5f426995a083f498,,1,2026-07-12T11:03:25.000Z,USD,u_78caf1e9bd73d1a5,ACTIVE,h_e9192f3f4f663435,[name],,,,2026-07-12T11:03:25.000Z,other,,1,annual_essentials,2026-07-12T11:03:25.000Z,_UNKNOWN,3600,YEAR,,,,[name],2027-07-12T11:03:25.000Z,,300,,2027-07-12T11:03:25.000Z,2026-07-12T11:03:25.000Z,3600,,,,,,Default/Fallback [July 2025] [25% one time / No entry modal],,07-12-2026,,07-12-2026,07-12-2026,07-12-2026,07-12-2026,,07-12-2026,07-12-2027
Wg7C3qc_83565887b2933310,16BWTaVI2ajrP4JUS,,Parents; fallback,,,[name],[name],,I only needed SuperSummary for a short time,i_have_too_much_product_1528073051,Project ended or taking a break,project_stop,,Needs (SaaS),needs,2,,,u_be3c8588029ae8e5,,,,0,,,Canceled,2026-07-12T03:52:44.000Z,2026-07-12T03:53:25.000Z,2026-07-12T03:53:26.000Z,,36.67,2026-07-12T03:53:26.000Z,cancel,Valid Cancel,annual,2027-04-28T00:26:42.000Z,2027-04-28T00:26:42.000Z,5.0,5.0,60.0,Brightback,,,,,,,16BWTaVI2ajrP4JUS,2026-04-28T00:26:40.000Z,,2026-04-28T00:26:42.000Z,,h_d5c1ebcac21f4cbb,,1,2026-04-28T00:26:42.000Z,USD,u_be3c8588029ae8e5,ACTIVE,h_b844ae3ccc9f6276,[name],,,,2026-04-28T00:26:42.000Z,parent_of_student,,1,annual_plus,2026-04-28T00:26:42.000Z,_UNKNOWN,6000,YEAR,,,High School,[name],2027-04-28T00:26:42.000Z,,500,,2027-04-28T00:26:42.000Z,2026-04-28T00:26:42.000Z,6000,,,,,,Parent Experience [July 2025] [25% one-time / No Entry Modal],,04-28-2026,,07-12-2026,04-28-2026,04-28-2026,04-28-2026,,04-28-2026,04-28-2027
Wg7C3F6_b6ba098723f1a228,1695058,,Teachers; fallback,,,[name],[name],[name],I only needed SuperSummary for a short time,i_have_too_much_product_1528073051,Project ended or taking a break,project_stop,,Needs (SaaS),needs,5,,,u_8ac8dd8ba3e1499a,Can't afford it right now ,,,1,60.0,,Canceled,2026-07-12T03:15:35.000Z,2026-07-12T03:16:42.000Z,2026-07-12T03:16:42.000Z,,36.69,2026-07-12T03:16:42.000Z,cancel,Valid Cancel,annual,2027-07-12T03:08:05.000Z,2027-07-12T03:08:05.000Z,5.0,5.0,60.0,Brightback,,,,,,,1695058,2026-07-12T03:08:04.000Z,,2026-07-12T03:08:05.000Z,,h_9671a9a8189201a4,,1,2026-07-12T03:08:05.000Z,USD,u_8ac8dd8ba3e1499a,ACTIVE,h_67ea7a77b49d0689,[name],60.0,annual_plus,,2026-07-12T03:08:05.000Z,teacher,,1,annual_plus,2026-07-12T03:08:05.000Z,_UNKNOWN,6000,YEAR,annual_plus,,other,[name],2027-07-12T03:08:05.000Z,,500,,2027-07-12T03:08:05.000Z,2026-07-12T03:08:05.000Z,6000,[name],,https://www.supersummary.com/subscription,https://www.supersummary.com/subscription/confirming/cancel,,Teacher Experience [July 2025] [40% one-time / Modal],,07-12-2026,,07-12-2026,07-12-2026,07-12-2026,07-12-2026,,07-12-2026,07-12-2027
Wg7C0X0_bd664cd9e835e563,388527,,Book Club Members; Annual,,,[name],[name],[name],I only needed SuperSummary for a short time,i_have_too_much_product_1528073051,Project ended or taking a break,project_stop,,Needs (SaaS),needs,7,Not applicable.,,u_3181529b7f7dc0d7,Not applicable.,,,1,36.0,,Canceled,2026-07-12T00:33:12.000Z,2026-07-12T00:34:56.000Z,2026-07-12T00:34:56.000Z,,36.81,2026-07-12T00:34:56.000Z,cancel,Valid Cancel,annual,2026-07-14T17:28:38.000Z,2026-07-14T17:28:38.000Z,3.0,3.0,36.0,Brightback,,,,,,,388527,2023-07-14T17:28:36.000Z,,2023-07-14T17:28:38.000Z,,h_eb6cefa54d16c057,,1,2023-07-14T17:28:38.000Z,USD,u_3181529b7f7dc0d7,ACTIVE,h_e2ee6502b57780ab,[name],36.0,annual,,2025-07-14T17:28:38.000Z,book_club_member,,1,annual,2023-07-14T17:28:38.000Z,_UNKNOWN,3600,YEAR,annual,,,[name],2026-07-14T17:28:38.000Z,,300,,2026-07-14T17:28:38.000Z,2023-07-14T17:28:38.000Z,3600,[name],,https://www.supersummary.com/subscription,https://www.supersummary.com/subscription/confirming/cancel,,BCM Experience [July 2025] [25% one-time / No Entry Modal],,07-14-2023,,07-12-2026,07-14-2023,07-14-2023,07-14-2023,,07-14-2023,07-14-2026
Wg7BNbM_92ed46107dd211fd,1691348,,Teachers; fallback,,,[name],[name],[name],I only needed SuperSummary for a short time,i_have_too_much_product_1528073051,Project ended or taking a break,project_stop,,Needs (SaaS),needs,10,,,u_4bddb0262f752c2a,,,,0,60.0,,Canceled,2026-07-11T23:37:50.000Z,2026-07-11T23:38:19.000Z,2026-07-11T23:38:20.000Z,,36.85,2026-07-11T23:38:20.000Z,cancel,Valid Cancel,annual,2027-07-07T02:14:02.000Z,2027-07-07T02:14:02.000Z,5.0,5.0,60.0,Brightback,,,,,,,1691348,2026-07-07T02:13:58.000Z,,2026-07-07T02:14:02.000Z,,h_e68f10c3becb55ec,,1,2026-07-07T02:14:02.000Z,USD,u_4bddb0262f752c2a,ACTIVE,h_a4bab0476a1188c0,[name],60.0,annual_plus,,2026-07-07T02:14:02.000Z,teacher,,1,annual_plus,2026-07-07T02:14:02.000Z,_UNKNOWN,6000,YEAR,annual_plus,,High School,[name],2027-07-07T02:14:02.000Z,,500,,2027-07-07T02:14:02.000Z,2026-07-07T02:14:02.000Z,6000,[name],,https://www.supersummary.com/subscription,https://www.supersummary.com/subscription/confirming/cancel,,Teacher Experience [July 2025] [40% one-time / Modal],,07-07-2026,,07-11-2026,07-07-2026,07-07-2026,07-07-2026,,07-07-2026,07-07-2027
Wg7BLO9_88a2a09eeeb681ac,752650,,Students; Annual,,,[name],[name],[name],I only needed SuperSummary for a short time,i_have_too_much_product_1528073051,Project ended or taking a break,project_stop,,Needs (SaaS),needs,1,nothing,,u_4e540233fdcb06d8,,,,0,36.0,,Canceled,2026-07-11T21:24:24.000Z,2026-07-11T21:25:24.000Z,2026-07-11T21:25:24.000Z,,36.94,2026-07-11T21:25:24.000Z,cancel,Valid Cancel,annual,2026-10-23T03:35:24.000Z,2026-10-23T03:35:24.000Z,3.0,3.0,36.0,Brightback,,,,,,,752650,2024-10-23T03:35:21.000Z,,2024-10-23T03:35:24.000Z,,h_4bc27fa02dbb1e20,,1,2024-10-23T03:35:24.000Z,USD,u_4e540233fdcb06d8,ACTIVE,h_6e7c8a56635a8844,[name],36.0,annual,,2025-10-23T03:35:24.000Z,student,,1,annual,2024-10-23T03:35:24.000Z,_UNKNOWN,3600,YEAR,annual,,College,[name],2026-10-23T03:35:24.000Z,,300,,2026-10-23T03:35:24.000Z,2024-10-23T03:35:24.000Z,3600,[name],,https://www.supersummary.com/subscription,https://www.supersummary.com/subscription/confirming/cancel,,Student Experience [July 2025] [25% one-time / No Entry Modal],,10-23-2024,,07-11-2026,10-23-2024,10-23-2024,10-23-2024,,10-23-2024,10-23-2026
Wg7BKrH_b4f784d9f62908a2,169xHXVIzXjVe4Ddl,,Students; fallback,,,[name],[name],,I only needed SuperSummary for a short time,i_have_too_much_product_1528073051,Project ended or taking a break,project_stop,,Needs (SaaS),needs,7,,,u_451ec7d9b73fa502,,,,0,,,Canceled,2026-07-11T20:53:31.000Z,2026-07-11T20:54:25.000Z,2026-07-11T20:54:25.000Z,,36.96,2026-07-11T20:54:25.000Z,cancel,Valid Cancel,monthly,2026-08-08T02:24:50.000Z,2026-08-08T02:24:50.000Z,9.95,9.95,9.95,Brightback,,,,,,,169xHXVIzXjVe4Ddl,2026-05-08T02:24:48.000Z,,2026-05-08T02:24:50.000Z,,h_fe57f9bf75e7dbd9,,1,2026-05-08T02:24:50.000Z,USD,u_451ec7d9b73fa502,ACTIVE,h_7fe2a00e6f317f9b,[name],,,,2026-07-08T02:24:50.000Z,student,,1,monthly_essentials,2026-05-08T02:24:50.000Z,_UNKNOWN,995,MONTH,,,High School,[name],2026-08-08T02:24:50.000Z,,995,,2026-08-08T02:24:50.000Z,2026-05-08T02:24:50.000Z,995,,,,,,Student Experience [July 2025] [25% one-time / No Entry Modal],,05-08-2026,,07-11-2026,05-08-2026,05-08-2026,05-08-2026,,05-08-2026,08-08-2026
Wg7BKhR_977516853627948f,169nYLVLZ9dBF2Gkd,,Book Club Members; fallback,,,[name],[name],,I only needed SuperSummary for a short time,i_have_too_much_product_1528073051,Project ended or taking a break,project_stop,,Needs (SaaS),needs,5,,,u_587e7b13bb1b3c60,,,,0,,,Canceled,2026-07-11T20:43:31.000Z,2026-07-11T20:43:58.000Z,2026-07-11T20:43:59.000Z,,36.97,2026-07-11T20:43:59.000Z,cancel,Valid Cancel,monthly,2026-08-04T09:32:39.000Z,2026-08-04T09:32:39.000Z,9.95,9.95,9.95,Brightback,,,,,,,169nYLVLZ9dBF2Gkd,2026-06-04T09:32:38.000Z,,2026-06-04T09:32:39.000Z,,h_18a8674738044886,,1,2026-06-04T09:32:39.000Z,USD,u_587e7b13bb1b3c60,ACTIVE,h_c5fe08813ba6224e,[name],,,,2026-07-04T09:32:39.000Z,book_club_member,,1,monthly_essentials,2026-06-04T09:32:39.000Z,_UNKNOWN,995,MONTH,,,,[name],2026-08-04T09:32:39.000Z,,995,,2026-08-04T09:32:39.000Z,2026-06-04T09:32:39.000Z,995,,,,,,BCM Experience [July 2025] [25% one-time / No Entry Modal],,06-04-2026,,07-11-2026,06-04-2026,06-04-2026,06-04-2026,,06-04-2026,08-04-2026
Wg7BKee_aa333922b5488993,169xDzVDahTzx3Br3,,Teachers; fallback,,,[name],[name],,I only needed SuperSummary for a short time,i_have_too_much_product_1528073051,Project ended or taking a break,project_stop,,Needs (SaaS),needs,4,,,u_5bcebfb21574e916,,,,0,,,Canceled,2026-07-11T20:40:44.000Z,2026-07-11T20:41:32.000Z,2026-07-11T20:41:33.000Z,,36.97,2026-07-11T20:41:33.000Z,cancel,Valid Cancel,monthly,2026-08-11T20:02:21.000Z,2026-08-11T20:02:21.000Z,9.95,9.95,9.95,Brightback,,,,,,,169xDzVDahTzx3Br3,2026-03-11T20:02:19.000Z,,2026-03-11T20:02:21.000Z,,h_1ac966f92d6d407f,,1,2026-03-11T20:02:21.000Z,USD,u_5bcebfb21574e916,ACTIVE,h_c6e6705f5fa724ef,[name],,,,2026-07-11T20:02:21.000Z,teacher,,1,monthly_essentials,2026-03-11T20:02:21.000Z,_UNKNOWN,995,MONTH,,,College,[name],2026-08-11T20:02:21.000Z,,995,,2026-08-11T20:02:21.000Z,2026-03-11T20:02:21.000Z,995,,,,,,Teacher Experience [July 2025] [40% one-time / Modal],,03-11-2026,,07-11-2026,03-11-2026,03-11-2026,03-11-2026,,03-11-2026,08-11-2026
Wg7BJvr_8ef39948aad3e3cc,1694868,,Parents; fallback,,,[name],[name],[name],I only needed SuperSummary for a short time,i_have_too_much_product_1528073051,Project ended or taking a break,project_stop,,Needs (SaaS),needs,1,,,u_2f05298be531ea87,N/A,,,1,9.95,,Canceled,2026-07-11T19:57:59.000Z,2026-07-11T19:58:23.000Z,2026-07-11T19:58:23.000Z,,37.0,2026-07-11T19:58:23.000Z,cancel,Valid Cancel,monthly,2026-08-11T19:54:21.000Z,2026-08-11T19:54:21.000Z,9.95,9.95,9.95,Brightback,,,,,,,1694868,2026-07-11T19:54:20.000Z,,2026-07-11T19:54:21.000Z,,h_1bb636bc28dd274c,,1,2026-07-11T19:54:21.000Z,USD,u_2f05298be531ea87,ACTIVE,h_c836508bf98e4fd4,[name],9.95,monthly_essentials,,2026-07-11T19:54:21.000Z,parent_of_student,,1,monthly_essentials,2026-07-11T19:54:21.000Z,_UNKNOWN,995,MONTH,monthly_essentials,,College,[name],2026-08-11T19:54:21.000Z,,995,,2026-08-11T19:54:21.000Z,2026-07-11T19:54:21.000Z,995,[name],,https://www.supersummary.com/subscription,https://www.supersummary.com/subscription/confirming/cancel,,Parent Experience [July 2025] [25% one-time / No Entry Modal],,07-11-2026,,07-11-2026,07-11-2026,07-11-2026,07-11-2026,,07-11-2026,08-11-2026
Wg7BJVJ_93814f45b0d1bd72,AzZqmVUidiQPK47gO,,Students; Annual,,,[name],[name],,I only needed SuperSummary for a short time,i_have_too_much_product_1528073051,Project ended or taking a break,project_stop,,Needs (SaaS),needs,4,Nothing,,u_16a2b8770e852fe5,Nothing,,,1,,,Canceled,2026-07-11T19:31:21.000Z,2026-07-11T19:31:41.000Z,2026-07-11T19:31:41.000Z,,37.02,2026-07-11T19:31:41.000Z,cancel,Valid Cancel,annual,2027-04-17T15:29:37.000Z,2027-04-17T15:29:37.000Z,3.0,3.0,36.0,Brightback,,,,,,,AzZqmVUidiQPK47gO,2025-04-17T15:26:28.000Z,,2025-04-17T15:29:37.000Z,,h_33398eb59ba9a9e4,,1,2025-04-17T15:29:37.000Z,USD,u_16a2b8770e852fe5,ACTIVE,h_b67055a4b73290e7,[name],,,,2026-04-17T15:29:37.000Z,student,,1,annual,2025-04-17T15:29:37.000Z,_UNKNOWN,3600,YEAR,,,College,[name],2027-04-17T15:29:37.000Z,,300,,2027-04-17T15:29:37.000Z,2025-04-17T15:29:37.000Z,3600,,,,,,Student Experience [July 2025] [25% one-time / No Entry Modal],,04-17-2025,,07-11-2026,04-17-2025,04-17-2025,04-17-2025,,04-17-2025,04-17-2027
Wg7BI3W_9708e25662a03658,16CchHVP5XiEf1GAg,,Students; fallback,,,[name],[name],,I only needed SuperSummary for a short time,i_have_too_much_product_1528073051,Project ended or taking a break,project_stop,,Needs (SaaS),needs,5,,,u_635e4983747ddc6d,,,,0,,,Canceled,2026-07-11T18:03:36.000Z,2026-07-11T18:04:00.000Z,2026-07-11T18:04:01.000Z,,37.08,2026-07-11T18:04:01.000Z,cancel,Valid Cancel,monthly,2026-08-11T17:55:40.000Z,2026-08-11T17:55:40.000Z,9.95,9.95,9.95,Brightback,,,,,,,16CchHVP5XiEf1GAg,2026-07-11T17:55:38.000Z,,2026-07-11T17:55:40.000Z,,h_81f3037e4638d53d,,1,2026-07-11T17:55:40.000Z,USD,u_635e4983747ddc6d,ACTIVE,h_0697423ecc95aa40,[name],,,,2026-07-11T17:55:40.000Z,student,,1,monthly_essentials,2026-07-11T17:55:40.000Z,_UNKNOWN,995,MONTH,,,College,[name],2026-08-11T17:55:40.000Z,,995,,2026-08-11T17:55:40.000Z,2026-07-11T17:55:40.000Z,995,,,,,,Student Experience [July 2025] [25% one-time / No Entry Modal],,07-11-2026,,07-11-2026,07-11-2026,07-11-2026,07-11-2026,,07-11-2026,08-11-2026
Wg7BHES_bd3b0d53bf7f506d,1461271,,Teachers; fallback,,,[name],[name],[name],I only needed SuperSummary for a short time,i_have_too_much_product_1528073051,Project ended or taking a break,project_stop,,Needs (SaaS),needs,8,,,u_722f412aa7d06c1d,,,,0,36.0,,Canceled,2026-07-11T17:14:31.000Z,2026-07-11T17:15:52.000Z,2026-07-11T17:15:52.000Z,,37.11,2026-07-11T17:15:52.000Z,cancel,Valid Cancel,annual,2027-01-06T07:17:23.000Z,2027-01-06T07:17:23.000Z,3.0,3.0,36.0,Brightback,,,,,,,1461271,2026-01-06T07:17:21.000Z,,2026-01-06T07:17:23.000Z,,h_55c864527a9201b1,,1,2026-01-06T07:17:23.000Z,USD,u_722f412aa7d06c1d,ACTIVE,h_3e2abd5546ae65d7,[name],36.0,annual_essentials,,2026-01-06T07:17:23.000Z,teacher,,1,annual_essentials,2026-01-06T07:17:23.000Z,_UNKNOWN,3600,YEAR,annual_essentials,,College,[name],2027-01-06T07:17:23.000Z,,300,,2027-01-06T07:17:23.000Z,2026-01-06T07:17:23.000Z,3600,[name],,https://www.supersummary.com/subscription,https://www.supersummary.com/subscription/confirming/cancel,,Teacher Experience [July 2025] [40% one-time / Modal],,01-06-2026,,07-11-2026,01-06-2026,01-06-2026,01-06-2026,,01-06-2026,01-06-2027
Wg7BGnJ_9e537a5217a68a09,AzZaGdVP589Nf13AK,,Parents; fallback,,,[name],[name],,I only needed SuperSummary for a short time,i_have_too_much_product_1528073051,Project ended or taking a break,project_stop,,Needs (SaaS),needs,1,Nothing,,u_22b81faec866e792,,,,0,,,Canceled,2026-07-11T16:49:21.000Z,2026-07-11T16:49:58.000Z,2026-07-11T16:49:59.000Z,,37.13,2026-07-11T16:49:59.000Z,cancel,Valid Cancel,annual,2027-07-11T16:14:08.000Z,2027-07-11T16:14:08.000Z,3.0,3.0,36.0,Brightback,,,,,,,AzZaGdVP589Nf13AK,2026-07-11T16:14:06.000Z,,2026-07-11T16:14:08.000Z,,h_8781850bdb9fc83e,,1,2026-07-11T16:14:08.000Z,USD,u_22b81faec866e792,ACTIVE,h_0c1f5ccad8f4c400,[name],,,,2026-07-11T16:14:08.000Z,parent_of_student,,1,annual_essentials,2026-07-11T16:14:08.000Z,_UNKNOWN,3600,YEAR,,,High School,[name],2027-07-11T16:14:08.000Z,,300,,2027-07-11T16:14:08.000Z,2026-07-11T16:14:08.000Z,3600,,,,,,Parent Experience [July 2025] [25% one-time / No Entry Modal],,07-11-2026,,07-11-2026,07-11-2026,07-11-2026,07-11-2026,,07-11-2026,07-11-2027
Wg7BGFX_ac43ecf3dce42561,AzqWhdUzFT4qP2Ovw,,Students; Monthly,,,[name],[name],,I only needed SuperSummary for a short time,i_have_too_much_product_1528073051,Project ended or taking a break,project_stop,,Needs (SaaS),needs,1,,,u_5383a568ee9e37fa,,,,0,,,Canceled,2026-07-11T16:15:34.000Z,2026-07-11T16:16:07.000Z,2026-07-11T16:16:07.000Z,,37.15,2026-07-11T16:16:07.000Z,cancel,Valid Cancel,monthly,2026-08-10T18:09:05.000Z,2026-08-10T18:09:05.000Z,9.95,9.95,9.95,Brightback,,,,,,,AzqWhdUzFT4qP2Ovw,2025-10-10T18:09:01.000Z,,2025-10-10T18:09:05.000Z,,h_faf95eebdd7fde57,,1,2025-10-10T18:09:05.000Z,USD,u_5383a568ee9e37fa,ACTIVE,h_4538c61290f66499,[name],,,,2026-07-10T18:09:05.000Z,student,,1,monthly,2025-10-10T18:09:05.000Z,_UNKNOWN,995,MONTH,,,other,[name],2026-08-10T18:09:05.000Z,,995,,2026-08-10T18:09:05.000Z,2025-10-10T18:09:05.000Z,995,,,,,,Student Experience [July 2025] [40% forever / Modal],,10-10-2025,,07-11-2026,10-10-2025,10-10-2025,10-10-2025,,10-10-2025,08-10-2026
Wg7BGCw_b32b54574688c590,AzylTOVJKRGJr2pCd,,Book Club Members; fallback,,,[name],[name],,I only needed SuperSummary for a short time,i_have_too_much_product_1528073051,Project ended or taking a break,project_stop,,Needs (SaaS),needs,4,,,u_6655014d427b2a25,,,,0,,,Canceled,2026-07-11T16:13:01.000Z,2026-07-11T16:13:14.000Z,2026-07-11T16:13:14.000Z,,37.15,2026-07-11T16:13:14.000Z,cancel,Valid Cancel,monthly,2026-08-11T16:10:51.000Z,2026-08-11T16:10:51.000Z,7.46,7.46,9.95,Brightback,,,,,,,AzylTOVJKRGJr2pCd,2026-05-11T16:10:49.000Z,,2026-05-11T16:10:51.000Z,,h_6ad9e44b43cfe1a1,,1,2026-05-11T16:10:51.000Z,USD,u_6655014d427b2a25,ACTIVE,h_54d0746c3db20cf2,[name],,,,2026-07-11T16:10:51.000Z,book_club_member,,1,monthly_essentials,2026-05-11T16:10:51.000Z,_UNKNOWN,995,MONTH,,nmTKUhkQCvq,,[name],2026-08-11T16:10:51.000Z,,746,,2026-08-11T16:10:51.000Z,2026-05-11T16:10:51.000Z,995,,,,,,BCM Experience [July 2025] [25% one-time / No Entry Modal],,05-11-2026,,07-11-2026,05-11-2026,05-11-2026,05-11-2026,,05-11-2026,08-11-2026
Wg7BEXl_a19306b909b8ba21,AzqKnsVNHb8wW1RPe,,Students; fallback,,,[name],[name],,I only needed SuperSummary for a short time,i_have_too_much_product_1528073051,Project ended or taking a break,project_stop,,Needs (SaaS),needs,5,,,u_2ce481ef5dc0070d,,,,0,,,Canceled,2026-07-11T14:33:51.000Z,2026-07-11T14:34:08.000Z,2026-07-11T14:34:09.000Z,,37.22,2026-07-11T14:34:09.000Z,cancel,Valid Cancel,monthly,2026-07-22T14:26:48.000Z,2026-07-22T14:26:48.000Z,9.95,9.95,9.95,Brightback,,,,,,,AzqKnsVNHb8wW1RPe,2026-06-22T14:26:45.000Z,,2026-06-22T14:26:48.000Z,,h_2249219326cf9076,,1,2026-06-22T14:26:48.000Z,USD,u_2ce481ef5dc0070d,ACTIVE,h_199b998c47bbafe5,[name],,,,2026-06-22T14:26:48.000Z,student,,1,monthly_essentials,2026-06-22T14:26:48.000Z,_UNKNOWN,995,MONTH,,,Postgrad Program,[name],2026-07-22T14:26:48.000Z,,995,,2026-07-22T14:26:48.000Z,2026-06-22T14:26:48.000Z,995,,,,,,Student Experience [July 2025] [25% one-time / No Entry Modal],,06-22-2026,,07-11-2026,06-22-2026,06-22-2026,06-22-2026,,06-22-2026,07-22-2026
Wg7BD8h_bd0e2fb40077cb4e,16CZIeVP1j6EZ2ruo,,Book Club Members; fallback,,,[name],[name],,I only needed SuperSummary for a short time,i_have_too_much_product_1528073051,Project ended or taking a break,project_stop,,Needs (SaaS),needs,6,,,u_508cf473d13a317a,,,,0,,,Canceled,2026-07-11T13:08:53.000Z,2026-07-11T13:11:41.000Z,2026-07-11T13:11:42.000Z,,37.28,2026-07-11T13:11:42.000Z,cancel,Valid Cancel,annual,2027-07-11T02:15:48.000Z,2027-07-11T02:15:48.000Z,5.0,5.0,60.0,Brightback,,,,,,,16CZIeVP1j6EZ2ruo,2026-07-11T02:08:49.000Z,,2026-07-11T02:15:48.000Z,,h_0b0dfd4cf3efd367,,1,2026-07-11T02:15:48.000Z,USD,u_508cf473d13a317a,ACTIVE,h_3d5f1161df93b918,[name],,,,2026-07-11T02:15:48.000Z,book_club_member,,1,annual_plus,2026-07-11T02:15:48.000Z,_UNKNOWN,6000,YEAR,,,,[name],2027-07-11T02:15:48.000Z,,500,,2027-07-11T02:15:48.000Z,2026-07-11T02:15:48.000Z,6000,,,,,,BCM Experience [July 2025] [25% one-time / No Entry Modal],,07-11-2026,,07-11-2026,07-11-2026,07-11-2026,07-11-2026,,07-11-2026,07-11-2027
Wg7B9uB_93fde0b831aa02b6,1694272,,Book Club Members; fallback,,,[name],[name],[name],I only needed SuperSummary for a short time,i_have_too_much_product_1528073051,Project ended or taking a break,project_stop,,Needs (SaaS),needs,6,,,u_ca5ec7c49cc954c5,,,,0,36.0,,Canceled,2026-07-11T09:56:18.000Z,2026-07-11T09:57:00.000Z,2026-07-25T22:55:11.000Z,,37.42,2026-07-25T22:55:11.000Z,cancel,Valid Cancel,annual,2027-07-10T20:32:56.000Z,2027-07-10T20:32:56.000Z,3.0,3.0,36.0,Brightback,,,,,,,1694272,2026-07-10T20:32:54.000Z,,2026-07-10T20:32:56.000Z,,h_4a0260299899323e,,1,2026-07-10T20:32:56.000Z,USD,u_ca5ec7c49cc954c5,ACTIVE,h_692966f906fe6fd1,[name],36.0,annual_essentials,,2026-07-10T20:32:56.000Z,book_club_member,,1,annual_essentials,2026-07-10T20:32:56.000Z,_UNKNOWN,3600,YEAR,annual_essentials,,,[name],2027-07-10T20:32:56.000Z,,300,,2027-07-10T20:32:56.000Z,2026-07-10T20:32:56.000Z,3600,[name],,https://www.supersummary.com/subscription,https://www.supersummary.com/subscription/confirming/cancel,,BCM Experience [July 2025] [25% one-time / No Entry Modal],,07-10-2026,,07-11-2026,07-10-2026,07-10-2026,07-10-2026,,07-10-2026,07-10-2027
Wg7B970_ae423703b4d95f5a,1690164,,Book Club Members; fallback,,,[name],[name],[name],I only needed SuperSummary for a short time,i_have_too_much_product_1528073051,Project ended or taking a break,project_stop,,Needs (SaaS),needs,5,,,u_6fe6755c8b4f80b5,,,,0,9.95,,Canceled,2026-07-11T09:07:13.000Z,2026-07-11T09:08:59.000Z,2026-07-11T09:08:59.000Z,,37.45,2026-07-11T09:08:59.000Z,cancel,Valid Cancel,monthly,2026-08-05T13:35:29.000Z,2026-08-05T13:35:29.000Z,9.95,9.95,9.95,Brightback,,,,,,,1690164,2026-07-05T13:35:26.000Z,,2026-07-05T13:35:29.000Z,,h_7d7494a04a704981,,1,2026-07-05T13:35:29.000Z,USD,u_6fe6755c8b4f80b5,ACTIVE,h_2817f2e0331b4e29,[name],9.95,monthly_essentials,,2026-07-05T13:35:29.000Z,book_club_member,,1,monthly_essentials,2026-07-05T13:35:29.000Z,_UNKNOWN,995,MONTH,monthly_essentials,,,[name],2026-08-05T13:35:29.000Z,,995,,2026-08-05T13:35:29.000Z,2026-07-05T13:35:29.000Z,995,[name],,https://www.supersummary.com/subscription,https://www.supersummary.com/subscription/confirming/cancel,,BCM Experience [July 2025] [25% one-time / No Entry Modal],,07-05-2026,,07-11-2026,07-05-2026,07-05-2026,07-05-2026,,07-05-2026,08-05-2026
Wg7B8kJ_b4be4922ec231da3,892023,,Students; Monthly,,,[name],[name],[name],I only needed SuperSummary for a short time,i_have_too_much_product_1528073051,Project ended or taking a break,project_stop,,Needs (SaaS),needs,4,,,u_87eabd53085a7193,,,,0,9.95,,Canceled,2026-07-11T08:46:57.000Z,2026-07-11T08:47:13.000Z,2026-07-11T08:47:13.000Z,,37.46,2026-07-11T08:47:43.000Z,cancel,Valid Cancel,monthly,2026-07-17T10:17:19.000Z,2026-07-17T10:17:19.000Z,9.95,9.95,9.95,Brightback,,,,,,,892023,2024-12-17T10:17:17.000Z,,2024-12-17T10:17:19.000Z,,h_c37594cfc3ee4762,,1,2024-12-17T10:17:19.000Z,USD,u_87eabd53085a7193,ACTIVE,h_fd11251cc3078fe6,[name],9.95,monthly,,2026-06-17T10:17:19.000Z,student,,1,monthly,2024-12-17T10:17:19.000Z,_UNKNOWN,995,MONTH,monthly,,College,[name],2026-07-17T10:17:19.000Z,,995,,2026-07-17T10:17:19.000Z,2024-12-17T10:17:19.000Z,995,[name],,https://www.supersummary.com/subscription,https://www.supersummary.com/subscription/confirming/cancel,,Student Experience [July 2025] [40% forever / Modal],,12-17-2024,,07-11-2026,12-17-2024,12-17-2024,12-17-2024,,12-17-2024,07-17-2026
Wg7B7BV_9072a1ae4a69c0bf,1690123,,Students; fallback,,,[name],[name],[name],I only needed SuperSummary for a short time,i_have_too_much_product_1528073051,Project ended or taking a break,project_stop,,Needs (SaaS),needs,3,my brain,,u_958f82a20b3d56b9,make it cheaper or free for students,,,1,16.65,,Canceled,2026-07-11T07:11:39.000Z,2026-07-11T07:12:50.000Z,2026-07-11T07:12:50.000Z,,37.53,2026-07-11T07:12:50.000Z,cancel,Valid Cancel,monthly,2026-08-05T11:37:34.000Z,2026-08-05T11:37:34.000Z,16.65,16.65,16.65,Brightback,,,,,,,1690123,2026-07-05T11:37:32.000Z,,2026-07-05T11:37:34.000Z,,h_0dda708a430b5e6c,,1,2026-07-05T11:37:34.000Z,USD,u_958f82a20b3d56b9,ACTIVE,h_3d21f106f16603c2,[name],16.65,monthly_plus,,2026-07-05T11:37:34.000Z,student,,1,monthly_plus,2026-07-05T11:37:34.000Z,_UNKNOWN,1665,MONTH,monthly_plus,,College,[name],2026-08-05T11:37:34.000Z,,1665,,2026-08-05T11:37:34.000Z,2026-07-05T11:37:34.000Z,1665,[name],,https://www.supersummary.com/subscription,https://www.supersummary.com/subscription/confirming/cancel,,Student Experience [July 2025] [25% one-time / No Entry Modal],,07-05-2026,,07-11-2026,07-05-2026,07-05-2026,07-05-2026,,07-05-2026,08-05-2026
Wg7B6Kr_9aa906590d592386,16CbzWUpqWLgPA4w0,,Teachers; Annual,,,[name],[name],,I only needed SuperSummary for a short time,i_have_too_much_product_1528073051,Project ended or taking a break,project_stop,,Needs (SaaS),needs,3,,,u_941a4970485d670e,,,,0,,,Canceled,2026-07-11T06:21:00.000Z,2026-07-11T06:22:25.000Z,2026-07-11T06:22:26.000Z,,37.57,2026-07-11T06:22:26.000Z,cancel,Valid Cancel,annual,2027-07-03T01:25:21.000Z,2027-07-03T01:25:21.000Z,3.0,3.0,36.0,Brightback,,,,,,,16CbzWUpqWLgPA4w0,2025-07-03T01:25:17.000Z,,2025-07-03T01:25:21.000Z,,h_5ff16b75d6f7d70c,,1,2025-07-03T01:25:21.000Z,USD,u_941a4970485d670e,ACTIVE,h_a1dc42d420693f67,[name],,,,2026-07-03T01:25:21.000Z,teacher,,1,annual,2025-07-03T01:25:21.000Z,_UNKNOWN,3600,YEAR,,,High School,[name],2027-07-03T01:25:21.000Z,,300,,2027-07-03T01:25:21.000Z,2025-07-03T01:25:21.000Z,3600,,,,,,Teacher Experience [July 2025] [40% one-time / Modal],,07-03-2025,,07-11-2026,07-03-2025,07-03-2025,07-03-2025,,07-03-2025,07-03-2027
Wg7B53P_8b9868fbed026a97,1257422,,Parents; Annual,,,[name],[name],[name],I only needed SuperSummary for a short time,i_have_too_much_product_1528073051,Project ended or taking a break,project_stop,,Needs (SaaS),needs,5,,,u_04df871e68e68bee,,,,0,36.0,,Canceled,2026-07-11T05:03:35.000Z,2026-07-11T05:04:03.000Z,2026-07-11T05:04:03.000Z,,37.62,2026-07-11T05:04:03.000Z,cancel,Valid Cancel,annual,2027-07-11T04:35:13.000Z,2027-07-11T04:35:13.000Z,3.0,3.0,36.0,Brightback,,,,,,,1257422,2025-07-11T04:35:12.000Z,,2025-07-11T04:35:13.000Z,,h_0c6f2e372bd11607,,1,2025-07-11T04:35:13.000Z,USD,u_04df871e68e68bee,ACTIVE,h_178f63c9b7d06dbb,[name],36.0,annual,,2026-07-11T04:35:13.000Z,parent_of_student,,1,annual,2025-07-11T04:35:13.000Z,_UNKNOWN,3600,YEAR,annual,,High School,[name],2027-07-11T04:35:13.000Z,,300,,2027-07-11T04:35:13.000Z,2025-07-11T04:35:13.000Z,3600,[name],,https://www.supersummary.com/subscription,https://www.supersummary.com/subscription/confirming/cancel,,Parent Experience [July 2025] [25% one-time / Modal],,07-11-2025,,07-11-2026,07-11-2025,07-11-2025,07-11-2025,,07-11-2025,07-11-2027
Wg7B3WW_9a665ef34795fbb3,Azz490VO4C9BU66CN,,Students; fallback,,,[name],[name],,I only needed SuperSummary for a short time,i_have_too_much_product_1528073051,Project ended or taking a break,project_stop,,Needs (SaaS),needs,3,,,u_7fcb23a4b1d7e3e7,,,,0,,,Canceled,2026-07-11T03:32:36.000Z,2026-07-11T03:33:42.000Z,2026-07-11T03:33:42.000Z,,37.68,2026-07-11T03:33:42.000Z,cancel,Valid Cancel,monthly,2026-07-30T21:54:51.000Z,2026-07-30T21:54:51.000Z,16.65,16.65,16.65,Brightback,,,,,,,Azz490VO4C9BU66CN,2026-06-30T21:54:49.000Z,,2026-06-30T21:54:51.000Z,,h_024993a27b3690b0,,1,2026-06-30T21:54:51.000Z,USD,u_7fcb23a4b1d7e3e7,ACTIVE,h_1a854d33ad7ab5c5,[name],,,,2026-06-30T21:54:51.000Z,student,,1,monthly_plus,2026-06-30T21:54:51.000Z,_UNKNOWN,1665,MONTH,,,College,[name],2026-07-30T21:54:51.000Z,,1665,,2026-07-30T21:54:51.000Z,2026-06-30T21:54:51.000Z,1665,,,,,,Student Experience [July 2025] [25% one-time / No Entry Modal],,06-30-2026,,07-11-2026,06-30-2026,06-30-2026,06-30-2026,,06-30-2026,07-30-2026
Wg7B2Y5_83eead091703a363,1688751,,Students; fallback,,,[name],[name],[name],I only needed SuperSummary for a short time,i_have_too_much_product_1528073051,Project ended or taking a break,project_stop,,Needs (SaaS),needs,3,,,u_479df4fc6436f167,,,,0,16.65,,Canceled,2026-07-11T02:34:16.000Z,2026-07-11T02:34:41.000Z,2026-07-11T02:34:42.000Z,,37.72,2026-07-11T02:34:42.000Z,cancel,Valid Cancel,monthly,2026-08-02T18:09:00.000Z,2026-08-02T18:09:00.000Z,16.65,16.65,16.65,Brightback,,,,,,,1688751,2026-07-02T18:08:58.000Z,,2026-07-02T18:09:00.000Z,,h_eb1465f650871e60,,1,2026-07-02T18:09:00.000Z,USD,u_479df4fc6436f167,ACTIVE,h_8fd75c37c87d205d,[name],16.65,monthly_plus,,2026-07-02T18:09:00.000Z,student,,1,monthly_plus,2026-07-02T18:09:00.000Z,_UNKNOWN,1665,MONTH,monthly_plus,,College,[name],2026-08-02T18:09:00.000Z,,1665,,2026-08-02T18:09:00.000Z,2026-07-02T18:09:00.000Z,1665,[name],,https://www.supersummary.com/subscription,https://www.supersummary.com/subscription/confirming/cancel,,Student Experience [July 2025] [25% one-time / No Entry Modal],,07-02-2026,,07-11-2026,07-02-2026,07-02-2026,07-02-2026,,07-02-2026,08-02-2026
Wg7ANMM_a65426f99ff7c05e,1692637,,Book Club Members; fallback,,,[name],[name],[name],I only needed SuperSummary for a short time,i_have_too_much_product_1528073051,Project ended or taking a break,project_stop,,Needs (SaaS),needs,3,,,u_d48b66b405d9ab69,,,,0,9.95,,Canceled,2026-07-10T23:22:26.000Z,2026-07-10T23:22:45.000Z,2026-07-10T23:22:45.000Z,,37.86,2026-07-10T23:23:04.000Z,cancel,Valid Cancel,monthly,2026-08-08T17:26:54.000Z,2026-08-08T17:26:54.000Z,9.95,9.95,9.95,Brightback,,,,,,,1692637,2026-07-08T17:26:53.000Z,,2026-07-08T17:26:54.000Z,,h_dd2672cb024676fa,,1,2026-07-08T17:26:54.000Z,USD,u_d48b66b405d9ab69,ACTIVE,h_4e4b666330277b8c,[name],9.95,monthly_essentials,,2026-07-08T17:26:54.000Z,book_club_member,,1,monthly_essentials,2026-07-08T17:26:54.000Z,_UNKNOWN,995,MONTH,monthly_essentials,,,[name],2026-08-08T17:26:54.000Z,,995,,2026-08-08T17:26:54.000Z,2026-07-08T17:26:54.000Z,995,[name],,https://www.supersummary.com/subscription,https://www.supersummary.com/subscription/confirming/cancel,,BCM Experience [July 2025] [25% one-time / No Entry Modal],,07-08-2026,,07-10-2026,07-08-2026,07-08-2026,07-08-2026,,07-08-2026,08-08-2026
Wg7ANi0_af2540209afc2338,1668941,,Book Club Members; fallback,,,[name],[name],[name],I only needed SuperSummary for a short time,i_have_too_much_product_1528073051,Project ended or taking a break,project_stop,,Needs (SaaS),needs,6,,,u_f851568522fbe5d6,,,,0,60.0,,Canceled,2026-07-10T23:44:16.000Z,2026-07-10T23:44:49.000Z,2026-07-10T23:44:49.000Z,,37.84,2026-07-10T23:44:49.000Z,cancel,Valid Cancel,annual,2027-06-08T18:21:36.000Z,2027-06-08T18:21:36.000Z,5.0,5.0,60.0,Brightback,,,,,,,1668941,2026-06-08T18:21:35.000Z,,2026-06-08T18:21:36.000Z,,h_b06b3fabd2ed6b73,,1,2026-06-08T18:21:36.000Z,USD,u_f851568522fbe5d6,ACTIVE,h_817eecbfa1b99dd6,[name],60.0,annual_plus,,2026-06-08T18:21:36.000Z,book_club_member,,1,annual_plus,2026-06-08T18:21:36.000Z,_UNKNOWN,6000,YEAR,annual_plus,,,[name],2027-06-08T18:21:36.000Z,,500,,2027-06-08T18:21:36.000Z,2026-06-08T18:21:36.000Z,6000,[name],,https://www.supersummary.com/subscription,https://www.supersummary.com/subscription/confirming/cancel,,BCM Experience [July 2025] [25% one-time / No Entry Modal],,06-08-2026,,07-10-2026,06-08-2026,06-08-2026,06-08-2026,,06-08-2026,06-08-2027
Wg7AN2v_aa611e7a6ba566db,16BgZbVP0Tj6L2Jre,,fallback,,,[name],[name],,I only needed SuperSummary for a short time,i_have_too_much_product_1528073051,Project ended or taking a break,project_stop,,Needs (SaaS),needs,5,,,u_52bda257a5f8dd24,,,,0,,,Canceled,2026-07-10T23:03:01.000Z,2026-07-10T23:03:26.000Z,2026-07-10T23:03:26.000Z,,37.87,2026-07-10T23:03:26.000Z,cancel,Valid Cancel,annual,2027-07-10T21:08:28.000Z,2027-07-10T21:08:28.000Z,3.0,3.0,36.0,Brightback,,,,,,,16BgZbVP0Tj6L2Jre,2026-07-10T21:08:25.000Z,,2026-07-10T21:08:28.000Z,,h_4ba02189c41b48f6,,1,2026-07-10T21:08:28.000Z,USD,u_52bda257a5f8dd24,ACTIVE,h_b5e196be6241b809,[name],,,,2026-07-10T21:08:28.000Z,other,,1,annual_essentials,2026-07-10T21:08:28.000Z,_UNKNOWN,3600,YEAR,,,,[name],2027-07-10T21:08:28.000Z,,300,,2027-07-10T21:08:28.000Z,2026-07-10T21:08:28.000Z,3600,,,,,,Default/Fallback [July 2025] [25% one time / No entry modal],,07-10-2026,,07-10-2026,07-10-2026,07-10-2026,07-10-2026,,07-10-2026,07-10-2027
Wg7AMH9_b582aaadb5076d86,1692743,,Book Club Members; fallback,,,[name],[name],[name],I only needed SuperSummary for a short time,i_have_too_much_product_1528073051,Project ended or taking a break,project_stop,,Needs (SaaS),needs,5,,,u_eb233ce548f2dbfd,,,,0,9.95,,Canceled,2026-07-10T22:17:16.000Z,2026-07-10T22:17:36.000Z,2026-07-10T22:17:36.000Z,,37.9,2026-07-10T22:17:36.000Z,cancel,Valid Cancel,monthly,2026-08-08T19:43:20.000Z,2026-08-08T19:43:20.000Z,9.95,9.95,9.95,Brightback,,,,,,,1692743,2026-07-08T19:43:17.000Z,,2026-07-08T19:43:20.000Z,,h_d58b1bdf966c3cc0,,1,2026-07-08T19:43:20.000Z,USD,u_eb233ce548f2dbfd,ACTIVE,h_05b08021181fe766,[name],9.95,monthly_essentials,,2026-07-08T19:43:20.000Z,book_club_member,,1,monthly_essentials,2026-07-08T19:43:20.000Z,_UNKNOWN,995,MONTH,monthly_essentials,,,[name],2026-08-08T19:43:20.000Z,,995,,2026-08-08T19:43:20.000Z,2026-07-08T19:43:20.000Z,995,[name],,https://www.supersummary.com/subscription,https://www.supersummary.com/subscription/confirming/cancel,,BCM Experience [July 2025] [25% one-time / No Entry Modal],,07-08-2026,,07-10-2026,07-08-2026,07-08-2026,07-08-2026,,07-08-2026,08-08-2026
Wg7AMF3_8381f3e1035ce001,92402,,fallback,,,[name],[name],[name],I only needed SuperSummary for a short time,i_have_too_much_product_1528073051,Project ended or taking a break,project_stop,,Needs (SaaS),needs,10,,,u_4915c3f86ad99d29,,,,0,9.95,,Canceled,2026-07-10T22:15:12.000Z,2026-07-10T22:15:39.000Z,2026-07-10T22:15:40.000Z,,37.9,2026-07-10T22:15:40.000Z,cancel,Valid Cancel,monthly,2026-08-04T21:31:52.000Z,2026-08-04T21:31:52.000Z,9.95,9.95,9.95,Brightback,,,,,,,92402,2021-09-06T19:06:06.000Z,,2022-04-06T00:40:27.000Z,,h_973eefc7d5c152e9,,1,2026-07-04T21:31:52.000Z,USD,u_4915c3f86ad99d29,ACTIVE,h_ba69ac04a4ca6ddf,[name],9.95,monthly,,2026-07-04T21:31:52.000Z,other,,1,monthly,2022-04-06T00:40:27.000Z,_UNKNOWN,995,MONTH,monthly,,,[name],2026-08-04T21:31:52.000Z,,995,,2026-08-04T21:31:52.000Z,2022-04-06T00:40:27.000Z,995,[name],,https://www.supersummary.com/subscription,https://www.supersummary.com/subscription/confirming/cancel,,Default/Fallback [July 2025] [25% one time / No entry modal],,04-06-2022,,07-10-2026,07-04-2026,04-06-2022,09-06-2021,,04-06-2022,08-04-2026
Wg7AKeK_a1ad446ad53bdcb0,1694236,,Book Club Members; fallback,,,[name],[name],[name],I only needed SuperSummary for a short time,i_have_too_much_product_1528073051,Project ended or taking a break,project_stop,,Needs (SaaS),needs,5,,,u_44b3184e44a741af,,,,0,60.0,,Canceled,2026-07-10T20:40:27.000Z,2026-07-10T20:41:26.000Z,2026-07-10T20:41:26.000Z,,37.97,2026-07-10T20:41:37.000Z,cancel,Valid Cancel,annual,2027-07-10T19:24:00.000Z,2027-07-10T19:24:00.000Z,5.0,5.0,60.0,Brightback,,,,,,,1694236,2026-07-10T19:23:59.000Z,,2026-07-10T19:24:00.000Z,,h_41e54d654b8e5db3,,1,2026-07-10T19:24:00.000Z,USD,u_44b3184e44a741af,ACTIVE,h_e7da3845b48a8781,[name],60.0,annual_plus,,2026-07-10T19:24:00.000Z,book_club_member,,1,annual_plus,2026-07-10T19:24:00.000Z,_UNKNOWN,6000,YEAR,annual_plus,,,[name],2027-07-10T19:24:00.000Z,,500,,2027-07-10T19:24:00.000Z,2026-07-10T19:24:00.000Z,6000,[name],,https://www.supersummary.com/subscription,https://www.supersummary.com/subscription/confirming/cancel,,BCM Experience [July 2025] [25% one-time / No Entry Modal],,07-10-2026,,07-10-2026,07-10-2026,07-10-2026,07-10-2026,,07-10-2026,07-10-2027
Wg7AKdh_b474beadf2dd9eb9,1257192,,fallback,,,[name],[name],[name],I only needed SuperSummary for a short time,i_have_too_much_product_1528073051,Project ended or taking a break,project_stop,,Needs (SaaS),needs,2,,,u_393d21280ce64479,,,,0,36.0,,Canceled,2026-07-10T20:39:48.000Z,2026-07-10T20:40:13.000Z,2026-07-10T20:40:13.000Z,,37.97,2026-07-10T20:40:13.000Z,cancel,Valid Cancel,annual,2027-07-10T20:28:56.000Z,2027-07-10T20:28:56.000Z,3.0,3.0,36.0,Brightback,,,,,,,1257192,2025-07-10T20:28:54.000Z,,2025-07-10T20:28:56.000Z,,h_eb2cc786a5a3badb,,1,2025-07-10T20:28:56.000Z,USD,u_393d21280ce64479,ACTIVE,h_f511cff3e0f2e665,[name],36.0,annual,,2026-07-10T20:28:56.000Z,other,,1,annual,2025-07-10T20:28:56.000Z,_UNKNOWN,3600,YEAR,annual,,,[name],2027-07-10T20:28:56.000Z,,300,,2027-07-10T20:28:56.000Z,2025-07-10T20:28:56.000Z,3600,[name],,https://www.supersummary.com/subscription,https://www.supersummary.com/subscription/confirming/cancel,,Default/Fallback [July 2025] [25% one time / No entry modal],,07-10-2025,,07-10-2026,07-10-2025,07-10-2025,07-10-2025,,07-10-2025,07-10-2027
Wg7AK9J_92a5abc919095839,AzZvk1VO6ViAV7XrY,,Parents; fallback,,,[name],[name],,I only needed SuperSummary for a short time,i_have_too_much_product_1528073051,Project ended or taking a break,project_stop,,Needs (SaaS),needs,1,Nothing,,u_9f8359b1d612ac4f,,,,0,,,Canceled,2026-07-10T20:09:20.000Z,2026-07-10T20:09:48.000Z,2026-07-10T20:09:48.000Z,,37.99,2026-07-10T20:09:48.000Z,cancel,Valid Cancel,annual,2027-07-01T07:25:07.000Z,2027-07-01T07:25:07.000Z,3.75,3.75,60.0,Brightback,,,,,,,AzZvk1VO6ViAV7XrY,2026-07-01T07:25:04.000Z,,2026-07-01T07:25:07.000Z,,h_19f3086233a9c0f1,,1,2026-07-01T07:25:07.000Z,USD,u_9f8359b1d612ac4f,ACTIVE,h_d05bfa5faac40e96,[name],,,,2026-07-01T07:25:07.000Z,parent_of_student,,1,annual_plus,2026-07-01T07:25:07.000Z,_UNKNOWN,6000,YEAR,,nmTKUhkQCvq,Middle School,[name],2027-07-01T07:25:07.000Z,,375,,2027-07-01T07:25:07.000Z,2026-07-01T07:25:07.000Z,6000,,,,,,Parent Experience [July 2025] [25% one-time / No Entry Modal],,07-01-2026,,07-10-2026,07-01-2026,07-01-2026,07-01-2026,,07-01-2026,07-01-2027
Wg7AGT8_8e698364923adc4e,1554773,,Book Club Members; fallback,,,[name],[name],[name],I only needed SuperSummary for a short time,i_have_too_much_product_1528073051,Project ended or taking a break,project_stop,,Needs (SaaS),needs,3,,,u_67cb269f9dd7c888,,,,0,60.0,,Canceled,2026-07-10T16:29:22.000Z,2026-07-10T16:30:20.000Z,2026-07-10T16:30:20.000Z,,38.14,2026-07-10T16:30:20.000Z,cancel,Valid Cancel,annual,2027-07-10T16:14:35.000Z,2027-07-10T16:14:35.000Z,5.0,5.0,60.0,Brightback,,,,,,,1554773,2026-07-10T16:14:33.000Z,,2026-07-10T16:14:35.000Z,,h_d493c12e9d699302,,1,2026-07-10T16:14:35.000Z,USD,u_67cb269f9dd7c888,ACTIVE,h_9d71707f55f1af4e,[name],60.0,annual_plus,,2026-07-10T16:14:35.000Z,book_club_member,,1,annual_plus,2026-07-10T16:14:35.000Z,_UNKNOWN,6000,YEAR,annual_plus,,,[name],2027-07-10T16:14:35.000Z,,500,,2027-07-10T16:14:35.000Z,2026-07-10T16:14:35.000Z,6000,[name],,https://www.supersummary.com/subscription,https://www.supersummary.com/subscription/confirming/cancel,,BCM Experience [July 2025] [25% one-time / No Entry Modal],,07-10-2026,,07-10-2026,07-10-2026,07-10-2026,07-10-2026,,07-10-2026,07-10-2027
Wg7AGg7_a6ae151e5ac98acf,16CWuuV26i7RPBj8V,,Students; Monthly,,,[name],[name],,I only needed SuperSummary for a short time,i_have_too_much_product_1528073051,Project ended or taking a break,project_stop,,Needs (SaaS),needs,5,,,u_aca3f19318a107b8,,,,0,,,Canceled,2026-07-10T16:42:08.000Z,2026-07-10T16:42:45.000Z,2026-07-10T16:42:45.000Z,,38.13,2026-07-10T16:42:45.000Z,cancel,Valid Cancel,monthly,2026-08-10T01:39:01.000Z,2026-08-10T01:39:01.000Z,9.95,9.95,9.95,Brightback,,,,,,,16CWuuV26i7RPBj8V,2025-11-10T01:38:59.000Z,,2025-11-10T01:39:01.000Z,,h_1065b8caedb6a03e,,1,2025-11-10T01:39:01.000Z,USD,u_aca3f19318a107b8,ACTIVE,h_16f2c3eb2dad8377,[name],,,,2026-07-10T01:39:01.000Z,student,,1,monthly,2025-11-10T01:39:01.000Z,_UNKNOWN,995,MONTH,,,College,[name],2026-08-10T01:39:01.000Z,,995,,2026-08-10T01:39:01.000Z,2025-11-10T01:39:01.000Z,995,,,,,,Student Experience [July 2025] [40% forever / Modal],,11-10-2025,,07-10-2026,11-10-2025,11-10-2025,11-10-2025,,11-10-2025,08-10-2026
Wg7AGf0_b43cc20e8cfed148,1607412,,fallback,,,[name],[name],[name],I only needed SuperSummary for a short time,i_have_too_much_product_1528073051,Project ended or taking a break,project_stop,,Needs (SaaS),needs,5,Nothing,,u_bc803eab503ef379,,,,0,60.0,,Canceled,2026-07-10T16:41:11.000Z,2026-07-10T16:41:45.000Z,2026-07-10T16:41:45.000Z,,38.13,2026-07-10T16:41:45.000Z,cancel,Valid Cancel,annual,2027-04-20T18:48:41.000Z,2027-04-20T18:48:41.000Z,5.0,5.0,60.0,Brightback,,,,,,,1607412,2026-04-20T18:48:39.000Z,,2026-04-20T18:48:41.000Z,,h_401ceb32a34ceae1,,1,2026-04-20T18:48:41.000Z,USD,u_bc803eab503ef379,ACTIVE,h_088908c7acfbdbac,[name],60.0,annual_plus,,2026-04-20T18:48:41.000Z,other,,1,annual_plus,2026-04-20T18:48:41.000Z,_UNKNOWN,6000,YEAR,annual_plus,,,[name],2027-04-20T18:48:41.000Z,,500,,2027-04-20T18:48:41.000Z,2026-04-20T18:48:41.000Z,6000,[name],,https://www.supersummary.com/subscription,https://www.supersummary.com/subscription/confirming/cancel,,Default/Fallback [July 2025] [25% one time / No entry modal],,04-20-2026,,07-10-2026,04-20-2026,04-20-2026,04-20-2026,,04-20-2026,04-20-2027
Wg7AFI2_b946a20915617595,1693316,,Book Club Members; fallback,,,[name],[name],[name],I only needed SuperSummary for a short time,i_have_too_much_product_1528073051,Project ended or taking a break,project_stop,,Needs (SaaS),needs,1,free online sources,,u_abd95679149f09c2,"nothing wrong, just needed help since i was hosting book club",,,1,36.0,,Canceled,2026-07-10T15:18:09.000Z,2026-07-10T15:19:19.000Z,2026-07-10T15:19:19.000Z,,38.19,2026-07-10T15:19:19.000Z,cancel,Valid Cancel,annual,2027-07-09T13:55:45.000Z,2027-07-09T13:55:45.000Z,3.0,3.0,36.0,Brightback,,,,,,,1693316,2026-07-09T13:55:43.000Z,,2026-07-09T13:55:45.000Z,,h_2e11ffad1d110712,,1,2026-07-09T13:55:45.000Z,USD,u_abd95679149f09c2,ACTIVE,h_5f821794f5533e65,[name],36.0,annual_essentials,,2026-07-09T13:55:45.000Z,book_club_member,,1,annual_essentials,2026-07-09T13:55:45.000Z,_UNKNOWN,3600,YEAR,annual_essentials,,,[name],2027-07-09T13:55:45.000Z,,300,,2027-07-09T13:55:45.000Z,2026-07-09T13:55:45.000Z,3600,[name],,https://www.supersummary.com/subscription,https://www.supersummary.com/subscription/confirming/cancel,,BCM Experience [July 2025] [25% one-time / No Entry Modal],,07-09-2026,,07-10-2026,07-09-2026,07-09-2026,07-09-2026,,07-09-2026,07-09-2027
Wg7AEUL_bf0b948414c831bc,338890,,Students; Annual,,,[name],[name],[name],I only needed SuperSummary for a short time,i_have_too_much_product_1528073051,Project ended or taking a break,project_stop,,Needs (SaaS),needs,1,,,u_8545ec38e20a1240,,,,0,36.0,,Canceled,2026-07-10T14:30:31.000Z,2026-07-10T14:31:25.000Z,2026-07-10T14:31:25.000Z,,38.23,2026-07-10T14:31:25.000Z,cancel,Valid Cancel,annual,2027-03-28T14:48:46.000Z,2027-03-28T14:48:46.000Z,3.0,3.0,36.0,Brightback,,,,,,,338890,2023-03-28T14:48:44.000Z,,2023-03-28T14:48:46.000Z,,h_ef7ec903342dd0d5,,1,2023-03-28T14:48:46.000Z,USD,u_8545ec38e20a1240,ACTIVE,h_90f599a0aea9bd5d,[name],36.0,annual,,2026-03-28T14:48:46.000Z,student,,1,annual,2023-03-28T14:48:46.000Z,_UNKNOWN,3600,YEAR,annual,,other,[name],2027-03-28T14:48:46.000Z,,300,,2027-03-28T14:48:46.000Z,2023-03-28T14:48:46.000Z,3600,[name],,https://www.supersummary.com/subscription,https://www.supersummary.com/subscription/confirming/cancel,,Student Experience [July 2025] [25% one-time / No Entry Modal],,03-28-2023,,07-10-2026,03-28-2023,03-28-2023,03-28-2023,,03-28-2023,03-28-2027
Wg7AEEn_8fbd131effb17cd0,1267192,,Book Club Members; Annual,,,[name],[name],[name],I only needed SuperSummary for a short time,i_have_too_much_product_1528073051,Project ended or taking a break,project_stop,,Needs (SaaS),needs,5,Nothing,,u_1b4cac9274e5d2cb,The experience was great. I just have no need for it now. ,,,1,36.0,,Canceled,2026-07-10T14:15:02.000Z,2026-07-10T14:16:52.000Z,2026-07-10T14:16:52.000Z,,38.24,2026-07-10T14:16:52.000Z,cancel,Valid Cancel,annual,2026-07-23T22:34:23.000Z,2026-07-23T22:34:23.000Z,3.0,3.0,36.0,Brightback,,,,,,,1267192,2025-07-23T22:34:19.000Z,,2025-07-23T22:34:23.000Z,,h_89619df11d0540d7,,1,2025-07-23T22:34:23.000Z,USD,u_1b4cac9274e5d2cb,ACTIVE,h_6fb20bd26fe200c2,[name],36.0,annual,,2025-07-23T22:34:23.000Z,book_club_member,,1,annual,2025-07-23T22:34:23.000Z,_UNKNOWN,3600,YEAR,annual,,,[name],2026-07-23T22:34:23.000Z,,300,,2026-07-23T22:34:23.000Z,2025-07-23T22:34:23.000Z,3600,[name],,https://www.supersummary.com/subscription,https://www.supersummary.com/subscription/confirming/cancel,,BCM Experience [July 2025] [25% one-time / No Entry Modal],,07-23-2025,,07-10-2026,07-23-2025,07-23-2025,07-23-2025,,07-23-2025,07-23-2026
Wg7AEC6_8149d4f673b03d6a,16BSYXUynD8Ml3iSk,,fallback,,,[name],[name],,I only needed SuperSummary for a short time,i_have_too_much_product_1528073051,Project ended or taking a break,project_stop,,Needs (SaaS),needs,10,Nothing,,u_6588fc91f25381bd,Great Experience,,,1,,,Canceled,2026-07-10T14:12:13.000Z,2026-07-10T14:13:31.000Z,2026-07-10T14:13:31.000Z,,38.24,2026-07-10T14:13:31.000Z,cancel,Valid Cancel,annual,2026-10-05T22:10:08.000Z,2026-10-05T22:10:08.000Z,3.0,3.0,36.0,Brightback,,,,,,,16BSYXUynD8Ml3iSk,2025-10-05T22:10:05.000Z,,2025-10-05T22:10:08.000Z,,h_e93592cf1a741ae6,,1,2025-10-05T22:10:08.000Z,USD,u_6588fc91f25381bd,ACTIVE,h_d29c1bff7d4736e9,[name],,,,2025-10-05T22:10:08.000Z,other,,1,annual,2025-10-05T22:10:08.000Z,_UNKNOWN,3600,YEAR,,,,[name],2026-10-05T22:10:08.000Z,,300,,2026-10-05T22:10:08.000Z,2025-10-05T22:10:08.000Z,3600,,,,,,Default/Fallback [July 2025] [25% one time / No entry modal],,10-05-2025,,07-10-2026,10-05-2025,10-05-2025,10-05-2025,,10-05-2025,10-05-2026
Wg7ADoS_834d823dbe4f8fb6,6oqG2UQSVGEyN0iZ,,Students; Monthly,,,[name],[name],,I only needed SuperSummary for a short time,i_have_too_much_product_1528073051,Project ended or taking a break,project_stop,,Needs (SaaS),needs,7,nothing,,u_f0ed529f2853b2c2,short subscriptions,,,1,,,Canceled,2026-07-10T13:50:32.000Z,2026-07-10T13:51:11.000Z,2026-07-10T13:51:11.000Z,,38.25,2026-07-10T13:51:11.000Z,cancel,Valid Cancel,monthly,2026-08-06T20:48:29.000Z,2026-08-06T20:48:29.000Z,9.95,9.95,9.95,Brightback,,,,,,,6oqG2UQSVGEyN0iZ,2024-10-06T20:48:27.000Z,,2024-10-06T20:48:29.000Z,,h_0f60d12429ffda1d,,1,2024-10-06T20:48:29.000Z,USD,u_f0ed529f2853b2c2,ACTIVE,h_6b50fa8b6a90ea3b,[name],,,,2026-07-06T20:48:29.000Z,student,,1,monthly,2024-10-06T20:48:29.000Z,_UNKNOWN,995,MONTH,,,High School,[name],2026-08-06T20:48:29.000Z,,995,,2026-08-06T20:48:29.000Z,2024-10-06T20:48:29.000Z,995,,,,,,Student Experience [July 2025] [40% forever / Modal],,10-06-2024,,07-10-2026,10-06-2024,10-06-2024,10-06-2024,,10-06-2024,08-06-2026
Wg7ADoL_9c2c2f7eb71ccc25,16CGWHUI49aiF7prB,,fallback,,,[name],[name],,I only needed SuperSummary for a short time,i_have_too_much_product_1528073051,Project ended or taking a break,project_stop,,Needs (SaaS),needs,1,Nothing,,u_3707fd894a67254d,Didn’t need it ,,,1,,,Canceled,2026-07-10T13:50:26.000Z,2026-07-10T13:52:13.000Z,2026-07-10T13:52:13.000Z,,38.25,2026-07-10T13:52:13.000Z,cancel,Valid Cancel,annual,2027-07-09T21:00:49.000Z,2027-07-09T21:00:49.000Z,3.0,3.0,36.0,Brightback,,,,,,,16CGWHUI49aiF7prB,2024-07-09T21:00:47.000Z,,2024-07-09T21:00:49.000Z,,h_a28437a697ad5256,,1,2024-07-09T21:00:49.000Z,USD,u_3707fd894a67254d,ACTIVE,h_c562d6d06f37b1e0,[name],,,,2026-07-09T21:00:49.000Z,librarian,,1,annual,2024-07-09T21:00:49.000Z,_UNKNOWN,3600,YEAR,,,,[name],2027-07-09T21:00:49.000Z,,300,,2027-07-09T21:00:49.000Z,2024-07-09T21:00:49.000Z,3600,,,,,,Default/Fallback [July 2025] [25% one time / No entry modal],,07-09-2024,,07-10-2026,07-09-2024,07-09-2024,07-09-2024,,07-09-2024,07-09-2027
Wg7ACe5_916f8cc9868eaf03,16CV75TjbWKmroff,,Parents; Annual,,,[name],[name],,I only needed SuperSummary for a short time,i_have_too_much_product_1528073051,Project ended or taking a break,project_stop,,Needs (SaaS),needs,7,Unlikely to need,,u_c5fe6c76c0dad319,,,,0,,,Canceled,2026-07-10T12:40:10.000Z,2026-07-10T12:40:48.000Z,2026-07-10T12:40:48.000Z,,38.3,2026-07-10T12:40:48.000Z,cancel,Valid Cancel,annual,2027-07-10T11:07:20.000Z,2027-07-10T11:07:20.000Z,3.0,3.0,36.0,Brightback,,,,,,,16CV75TjbWKmroff,2023-07-10T11:07:18.000Z,,2023-07-10T11:07:20.000Z,,h_fb6c7d4a099094d9,,1,2023-07-10T11:07:20.000Z,USD,u_c5fe6c76c0dad319,ACTIVE,h_bbcae34f551d6fdd,[name],,,,2026-07-10T11:07:20.000Z,parent_of_student,,1,annual,2023-07-10T11:07:20.000Z,_UNKNOWN,3600,YEAR,,,High School,[name],2027-07-10T11:07:20.000Z,,300,,2027-07-10T11:07:20.000Z,2023-07-10T11:07:20.000Z,3600,,,,,,Parent Experience [July 2025] [25% one-time / Modal],,07-10-2023,,07-10-2026,07-10-2023,07-10-2023,07-10-2023,,07-10-2023,07-10-2027
Wg7A9Jk_9d1f562e2c2d606a,169z8CVOh9Ayq1KDM,,Book Club Members; fallback,,,[name],[name],,I only needed SuperSummary for a short time,i_have_too_much_product_1528073051,Project ended or taking a break,project_stop,,Needs (SaaS),needs,8,Nothing for the moment,,u_6c03ef37bf676f56,,,,0,,,Canceled,2026-07-10T09:19:50.000Z,2026-07-10T09:20:42.000Z,2026-07-10T09:20:42.000Z,,38.44,2026-07-10T09:20:42.000Z,cancel,Valid Cancel,monthly,2026-08-07T13:47:40.000Z,2026-08-07T13:47:40.000Z,9.95,9.95,9.95,Brightback,,,,,,,169z8CVOh9Ayq1KDM,2026-07-07T13:47:38.000Z,,2026-07-07T13:47:40.000Z,,h_267d9d6c744dd211,,1,2026-07-07T13:47:40.000Z,USD,u_6c03ef37bf676f56,ACTIVE,h_0e98386eb9a39aa2,[name],,,,2026-07-07T13:47:40.000Z,book_club_member,,1,monthly_essentials,2026-07-07T13:47:40.000Z,_UNKNOWN,995,MONTH,,,,[name],2026-08-07T13:47:40.000Z,,995,,2026-08-07T13:47:40.000Z,2026-07-07T13:47:40.000Z,995,,,,,,BCM Experience [July 2025] [25% one-time / No Entry Modal],,07-07-2026,,07-10-2026,07-07-2026,07-07-2026,07-07-2026,,07-07-2026,08-07-2026
Wg7A97f_8f67d254621ab0e2,16BYPPUqW8W9jISJ,,Book Club Members; Annual,,,[name],[name],,I only needed SuperSummary for a short time,i_have_too_much_product_1528073051,Project ended or taking a break,project_stop,,Needs (SaaS),needs,5,,,u_69808cdb4d2a459e,,,,0,,,Canceled,2026-07-10T09:07:49.000Z,2026-07-10T09:09:18.000Z,2026-07-10T09:09:19.000Z,,38.45,2026-07-10T09:09:19.000Z,cancel,Valid Cancel,annual,2027-07-10T04:14:07.000Z,2027-07-10T04:14:07.000Z,3.0,3.0,36.0,Brightback,,,,,,,16BYPPUqW8W9jISJ,2025-07-10T04:14:04.000Z,,2025-07-10T04:14:07.000Z,,h_19781e5d77a37613,,1,2025-07-10T04:14:07.000Z,USD,u_69808cdb4d2a459e,ACTIVE,h_f861c875ee04f981,[name],,,,2026-07-10T04:14:07.000Z,book_club_member,,1,annual,2025-07-10T04:14:07.000Z,_UNKNOWN,3600,YEAR,,,,[name],2027-07-10T04:14:07.000Z,,300,,2027-07-10T04:14:07.000Z,2025-07-10T04:14:07.000Z,3600,,,,,,BCM Experience [July 2025] [25% one-time / No Entry Modal],,07-10-2025,,07-10-2026,07-10-2025,07-10-2025,07-10-2025,,07-10-2025,07-10-2027
Wg7A67q_99eb884fc3526eac,1692222,,Students; fallback,,,[name],[name],[name],I only needed SuperSummary for a short time,i_have_too_much_product_1528073051,Project ended or taking a break,project_stop,,Needs (SaaS),needs,6,,,u_565732001e88871f,,,,0,16.65,,Canceled,2026-07-10T06:08:16.000Z,2026-07-10T06:08:45.000Z,2026-07-10T06:08:45.000Z,,38.57,2026-07-10T06:08:45.000Z,cancel,Valid Cancel,monthly,2026-08-08T02:59:03.000Z,2026-08-08T02:59:03.000Z,16.65,16.65,16.65,Brightback,,,,,,,1692222,2026-07-08T02:59:01.000Z,,2026-07-08T02:59:03.000Z,,h_ea11dd591efe6dcd,,1,2026-07-08T02:59:03.000Z,USD,u_565732001e88871f,ACTIVE,h_783d299d3b0a58b8,[name],16.65,monthly_plus,,2026-07-08T02:59:03.000Z,student,,1,monthly_plus,2026-07-08T02:59:03.000Z,_UNKNOWN,1665,MONTH,monthly_plus,,College,[name],2026-08-08T02:59:03.000Z,,1665,,2026-08-08T02:59:03.000Z,2026-07-08T02:59:03.000Z,1665,[name],,https://www.supersummary.com/subscription,https://www.supersummary.com/subscription/confirming/cancel,,Student Experience [July 2025] [25% one-time / No Entry Modal],,07-08-2026,,07-10-2026,07-08-2026,07-08-2026,07-08-2026,,07-08-2026,08-08-2026
Wg7A65v_bc6884f520de9e95,1689821,,Students; fallback,,,[name],[name],[name],I only needed SuperSummary for a short time,i_have_too_much_product_1528073051,Project ended or taking a break,project_stop,,Needs (SaaS),needs,7,,,u_158b73f49c0e761a,,,,0,60.0,,Canceled,2026-07-10T06:06:03.000Z,2026-07-10T06:06:44.000Z,2026-07-10T06:06:44.000Z,,38.58,2026-07-10T06:07:12.000Z,cancel,Valid Cancel,annual,2027-07-04T18:17:22.000Z,2027-07-04T18:17:22.000Z,5.0,5.0,60.0,Brightback,,,,,,,1689821,2026-07-04T18:17:20.000Z,,2026-07-04T18:17:22.000Z,,h_402940f592ee9099,,1,2026-07-04T18:17:22.000Z,USD,u_158b73f49c0e761a,ACTIVE,h_66b6b98565aaad7e,[name],60.0,annual_plus,,2026-07-04T18:17:22.000Z,student,,1,annual_plus,2026-07-04T18:17:22.000Z,_UNKNOWN,6000,YEAR,annual_plus,,other,[name],2027-07-04T18:17:22.000Z,,500,,2027-07-04T18:17:22.000Z,2026-07-04T18:17:22.000Z,6000,[name],,https://www.supersummary.com/subscription,https://www.supersummary.com/subscription/confirming/cancel,,Student Experience [July 2025] [25% one-time / No Entry Modal],,07-04-2026,,07-10-2026,07-04-2026,07-04-2026,07-04-2026,,07-04-2026,07-04-2027
Wg7A626_94aa74c7e9bfeba6,16CUgBVFYTOLY6ZQt,,Students; fallback,,,[name],[name],,I only needed SuperSummary for a short time,i_have_too_much_product_1528073051,Project ended or taking a break,project_stop,,Needs (SaaS),needs,1,Nothing,,u_876336b3b927d059,N/A,,,1,,,Canceled,2026-07-10T06:02:09.000Z,2026-07-10T06:02:34.000Z,2026-07-10T06:02:34.000Z,,38.58,2026-07-10T06:02:34.000Z,cancel,Valid Cancel,monthly,2026-08-01T15:51:36.000Z,2026-08-01T15:51:36.000Z,9.95,9.95,9.95,Brightback,,,,,,,16CUgBVFYTOLY6ZQt,2026-04-01T15:51:33.000Z,,2026-04-01T15:51:36.000Z,,h_a238d6615a607826,,1,2026-04-01T15:51:36.000Z,USD,u_876336b3b927d059,ACTIVE,h_f69e0a3d1717e41e,[name],,,,2026-07-01T15:51:36.000Z,student,,1,monthly_essentials,2026-04-01T15:51:36.000Z,_UNKNOWN,995,MONTH,,,College,[name],2026-08-01T15:51:36.000Z,,995,,2026-08-01T15:51:36.000Z,2026-04-01T15:51:36.000Z,995,,,,,,Student Experience [July 2025] [25% one-time / No Entry Modal],,04-01-2026,,07-10-2026,04-01-2026,04-01-2026,04-01-2026,,04-01-2026,08-01-2026
Wg7A5uH_9ac6cad4a20b42ed,Azz479VN5Hers3W7Z,,Book Club Members; fallback,,,[name],[name],,I only needed SuperSummary for a short time,i_have_too_much_product_1528073051,Project ended or taking a break,project_stop,,Needs (SaaS),needs,1,Search engine,,u_805f3f729e65d51f,IDK,,,1,,,Canceled,2026-07-10T05:56:25.000Z,2026-07-10T05:57:31.000Z,2026-07-10T05:57:31.000Z,,38.58,2026-07-10T05:57:31.000Z,cancel,Valid Cancel,annual,2027-06-20T11:54:08.000Z,2027-06-20T11:54:08.000Z,3.0,3.0,36.0,Brightback,,,,,,,Azz479VN5Hers3W7Z,2026-06-20T11:54:07.000Z,,2026-06-20T11:54:08.000Z,,h_4c8c0a396930ad80,,1,2026-06-20T11:54:08.000Z,USD,u_805f3f729e65d51f,ACTIVE,h_2f0e8b114beaa870,[name],,,,2026-06-20T11:54:08.000Z,book_club_member,,1,annual_essentials,2026-06-20T11:54:08.000Z,_UNKNOWN,3600,YEAR,,,,[name],2027-06-20T11:54:08.000Z,,300,,2027-06-20T11:54:08.000Z,2026-06-20T11:54:08.000Z,3600,,,,,,BCM Experience [July 2025] [25% one-time / No Entry Modal],,06-20-2026,,07-10-2026,06-20-2026,06-20-2026,06-20-2026,,06-20-2026,06-20-2027
Wg7A5QV_ba750e7af2dcb62c,16CZs7VOvmk3E2n5n,,Students; fallback,,,[name],[name],,I only needed SuperSummary for a short time,i_have_too_much_product_1528073051,Project ended or taking a break,project_stop,,Needs (SaaS),needs,6,,,u_2030fa34050c9725,"Everything is fine, im just poor",,,1,,,Canceled,2026-07-10T05:26:34.000Z,2026-07-10T05:28:53.000Z,2026-07-10T05:28:53.000Z,,38.6,2026-07-10T05:28:53.000Z,cancel,Valid Cancel,annual,2027-07-10T01:52:39.000Z,2027-07-10T01:52:39.000Z,3.0,3.0,36.0,Brightback,,,,,,,16CZs7VOvmk3E2n5n,2026-07-10T01:52:36.000Z,,2026-07-10T01:52:39.000Z,,h_4b178b9e4ea80dd5,,1,2026-07-10T01:52:39.000Z,USD,u_2030fa34050c9725,ACTIVE,h_8814ccb30a639fc1,[name],,,,2026-07-10T01:52:39.000Z,student,,1,annual_essentials,2026-07-10T01:52:39.000Z,_UNKNOWN,3600,YEAR,,,High School,[name],2027-07-10T01:52:39.000Z,,300,,2027-07-10T01:52:39.000Z,2026-07-10T01:52:39.000Z,3600,,,,,,Student Experience [July 2025] [25% one-time / No Entry Modal],,07-10-2026,,07-10-2026,07-10-2026,07-10-2026,07-10-2026,,07-10-2026,07-10-2027
Wg7A35o_94dea6eecf46b90a,AzZdSEVGGEIHG3XCU,,Students; fallback,,,[name],[name],,I only needed SuperSummary for a short time,i_have_too_much_product_1528073051,Project ended or taking a break,project_stop,,Needs (SaaS),needs,6,,,u_e0d396f1d1feacf9,,,,0,,,Canceled,2026-07-10T03:05:52.000Z,2026-07-10T03:10:33.000Z,2026-07-10T03:10:34.000Z,,38.7,2026-07-10T03:10:34.000Z,cancel,Valid Cancel,monthly,2026-08-09T03:27:36.000Z,2026-08-09T03:27:36.000Z,16.65,16.65,16.65,Brightback,,,,,,,AzZdSEVGGEIHG3XCU,2026-04-09T03:27:33.000Z,,2026-04-09T03:27:36.000Z,,h_e4753145aa84a41c,,1,2026-04-09T03:27:36.000Z,USD,u_e0d396f1d1feacf9,ACTIVE,h_4ed5da63a870b408,[name],,,,2026-07-09T03:27:36.000Z,student,,1,monthly_plus,2026-04-09T03:27:36.000Z,_UNKNOWN,1665,MONTH,,,College,[name],2026-08-09T03:27:36.000Z,,1665,,2026-08-09T03:27:36.000Z,2026-04-09T03:27:36.000Z,1665,,,,,,Student Experience [July 2025] [25% one-time / No Entry Modal],,04-09-2026,,07-10-2026,04-09-2026,04-09-2026,04-09-2026,,04-09-2026,08-09-2026
Wg7A21f_9ba837c3c00491c2,1480432,,Parents; fallback,,,[name],[name],[name],I only needed SuperSummary for a short time,i_have_too_much_product_1528073051,Project ended or taking a break,project_stop,,Needs (SaaS),needs,6,,,u_a07c4a605f0d4655,,,,0,60.0,,Canceled,2026-07-10T02:01:51.000Z,2026-07-10T02:02:15.000Z,2026-07-10T02:02:15.000Z,,38.75,2026-07-10T02:02:15.000Z,cancel,Valid Cancel,annual,2027-01-20T17:07:04.000Z,2027-01-20T17:07:04.000Z,5.0,5.0,60.0,Brightback,,,,,,,1480432,2026-01-20T17:07:01.000Z,,2026-01-20T17:07:04.000Z,,h_7908cc8daafeb423,,1,2026-01-20T17:07:04.000Z,USD,u_a07c4a605f0d4655,ACTIVE,h_f29cbc8aaffcb13a,[name],60.0,annual_plus,,2026-01-20T17:07:04.000Z,parent_of_student,,1,annual_plus,2026-01-20T17:07:04.000Z,_UNKNOWN,6000,YEAR,annual_plus,,High School,[name],2027-01-20T17:07:04.000Z,,500,,2027-01-20T17:07:04.000Z,2026-01-20T17:07:04.000Z,6000,[name],,https://www.supersummary.com/subscription,https://www.supersummary.com/subscription/confirming/cancel,,Parent Experience [July 2025] [25% one-time / No Entry Modal],,01-20-2026,,07-10-2026,01-20-2026,01-20-2026,01-20-2026,,01-20-2026,01-20-2027
Wg7A1KX_8d322fa6d2e285a0,387113,,Book Club Members; Annual,,,[name],[name],[name],I only needed SuperSummary for a short time,i_have_too_much_product_1528073051,Project ended or taking a break,project_stop,,Needs (SaaS),needs,5,,,u_387149587772f629,,,,0,36.0,,Canceled,2026-07-10T01:20:36.000Z,2026-07-10T01:21:03.000Z,2026-07-10T01:21:03.000Z,,38.77,2026-07-10T01:21:03.000Z,cancel,Valid Cancel,annual,2027-07-09T10:09:34.000Z,2027-07-09T10:09:34.000Z,3.0,3.0,36.0,Brightback,,,,,,,387113,2023-07-09T10:09:33.000Z,,2023-07-09T10:09:34.000Z,,h_e03660c41514fddd,,1,2023-07-09T10:09:34.000Z,USD,u_387149587772f629,ACTIVE,h_5d3a5b812d885a86,[name],36.0,annual,,2026-07-09T10:09:34.000Z,book_club_member,,1,annual,2023-07-09T10:09:34.000Z,_UNKNOWN,3600,YEAR,annual,,,[name],2027-07-09T10:09:34.000Z,,300,,2027-07-09T10:09:34.000Z,2023-07-09T10:09:34.000Z,3600,[name],,https://www.supersummary.com/subscription,https://www.supersummary.com/subscription/confirming/cancel,,BCM Experience [July 2025] [25% one-time / No Entry Modal],,07-09-2023,,07-10-2026,07-09-2023,07-09-2023,07-09-2023,,07-09-2023,07-09-2027
Wg7A0VA_8fbad06dffdb1598,6orO8TB8NcpV7TCU,,fallback,,,[name],[name],,I only needed SuperSummary for a short time,i_have_too_much_product_1528073051,Project ended or taking a break,project_stop,,Needs (SaaS),needs,7,,,u_6fa3f687afb0e0c1,,,,0,,,Canceled,2026-07-10T00:31:12.000Z,2026-07-10T00:31:44.000Z,2026-07-10T00:31:45.000Z,,38.81,2026-07-10T00:31:45.000Z,cancel,Valid Cancel,annual,2027-07-09T23:08:54.000Z,2027-07-09T23:08:54.000Z,3.0,3.0,36.0,Brightback,,,,,,,6orO8TB8NcpV7TCU,2022-07-09T23:08:52.000Z,,2022-07-09T23:08:54.000Z,,h_574dd9a93254a6e6,,1,2022-07-09T23:08:54.000Z,USD,u_6fa3f687afb0e0c1,ACTIVE,h_cc8c8f9f821e1047,[name],,,,2026-07-09T23:08:54.000Z,other,,1,annual,2022-07-09T23:08:54.000Z,_UNKNOWN,3600,YEAR,,,,[name],2027-07-09T23:08:54.000Z,,300,,2027-07-09T23:08:54.000Z,2022-07-09T23:08:54.000Z,3600,,,,,,Default/Fallback [July 2025] [25% one time / No entry modal],,07-09-2022,,07-10-2026,07-09-2022,07-09-2022,07-09-2022,,07-09-2022,07-09-2027
Wg7A09H_8525f52a49eb1148,1692973,,Teachers; fallback,,,[name],[name],[name],I only needed SuperSummary for a short time,i_have_too_much_product_1528073051,Project ended or taking a break,project_stop,,Needs (SaaS),needs,5,nothing. i don't need english materials anymore. my situation changed.,,u_63cc1adc72227eb1,my leaving has nothing to do with your service. it has to do with my profession.,,,1,60.0,,Canceled,2026-07-10T00:09:26.000Z,2026-07-10T00:10:52.000Z,2026-07-10T00:10:52.000Z,,38.82,2026-07-10T00:10:52.000Z,cancel,Valid Cancel,annual,2027-07-09T00:26:12.000Z,2027-07-09T00:26:12.000Z,5.0,5.0,60.0,Brightback,,,,,,,1692973,2026-07-09T00:26:09.000Z,,2026-07-09T00:26:12.000Z,,h_d38d8a802344dd2e,,1,2026-07-09T00:26:12.000Z,USD,u_63cc1adc72227eb1,ACTIVE,h_d826d461d68735f1,[name],60.0,annual_plus,,2026-07-09T00:26:12.000Z,teacher,,1,annual_plus,2026-07-09T00:26:12.000Z,_UNKNOWN,6000,YEAR,annual_plus,,High School,[name],2027-07-09T00:26:12.000Z,,500,,2027-07-09T00:26:12.000Z,2026-07-09T00:26:12.000Z,6000,[name],,https://www.supersummary.com/subscription,https://www.supersummary.com/subscription/confirming/cancel,,Teacher Experience [July 2025] [40% one-time / Modal],,07-09-2026,,07-10-2026,07-09-2026,07-09-2026,07-09-2026,,07-09-2026,07-09-2027
Wg79MTI_ab7856513d95f5d2,1693407,,Teachers; fallback,,,[name],[name],[name],I only needed SuperSummary for a short time,i_have_too_much_product_1528073051,Project ended or taking a break,project_stop,,Needs (SaaS),needs,8,,,u_8a1560bf25fdb30a,,,,0,60.0,,Canceled,2026-07-09T22:29:26.000Z,2026-07-09T22:29:59.000Z,2026-07-09T22:29:59.000Z,,38.89,2026-07-09T22:29:59.000Z,cancel,Valid Cancel,annual,2027-07-09T15:45:42.000Z,2027-07-09T15:45:42.000Z,5.0,5.0,60.0,Brightback,,,,,,,1693407,2026-07-09T15:45:39.000Z,,2026-07-09T15:45:42.000Z,,h_18716c99b56e3a83,,1,2026-07-09T15:45:42.000Z,USD,u_8a1560bf25fdb30a,ACTIVE,h_1f8a20746f610f2f,[name],60.0,annual_plus,,2026-07-09T15:45:42.000Z,teacher,,1,annual_plus,2026-07-09T15:45:42.000Z,_UNKNOWN,6000,YEAR,annual_plus,,Middle School,[name],2027-07-09T15:45:42.000Z,,500,,2027-07-09T15:45:42.000Z,2026-07-09T15:45:42.000Z,6000,[name],,https://www.supersummary.com/subscription,https://www.supersummary.com/subscription/confirming/cancel,,Teacher Experience [July 2025] [40% one-time / Modal],,07-09-2026,,07-09-2026,07-09-2026,07-09-2026,07-09-2026,,07-09-2026,07-09-2027
Wg79MLV_ad26cfb0fd141602,1634146,,Parents; fallback,,,[name],[name],[name],I only needed SuperSummary for a short time,i_have_too_much_product_1528073051,Project ended or taking a break,project_stop,,Needs (SaaS),needs,10,,,u_e3a52f55280e8163,,,,0,9.95,,Canceled,2026-07-09T22:21:36.000Z,2026-07-09T22:22:07.000Z,2026-07-09T22:22:07.000Z,,38.9,2026-07-09T22:22:07.000Z,cancel,Valid Cancel,monthly,2026-08-09T22:15:34.000Z,2026-08-09T22:15:34.000Z,9.95,9.95,9.95,Brightback,,,,,,,1634146,2026-05-09T22:15:32.000Z,,2026-05-09T22:15:34.000Z,,h_7ce0834de29b7b50,,1,2026-05-09T22:15:34.000Z,USD,u_e3a52f55280e8163,ACTIVE,h_ea5112366295fa4c,[name],9.95,monthly_essentials,,2026-07-09T22:15:34.000Z,parent_of_student,,1,monthly_essentials,2026-05-09T22:15:34.000Z,_UNKNOWN,995,MONTH,monthly_essentials,,Middle School,[name],2026-08-09T22:15:34.000Z,,995,,2026-08-09T22:15:34.000Z,2026-05-09T22:15:34.000Z,995,[name],,https://www.supersummary.com/subscription,https://www.supersummary.com/subscription/confirming/cancel,,Parent Experience [July 2025] [25% one-time / No Entry Modal],,05-09-2026,,07-09-2026,05-09-2026,05-09-2026,05-09-2026,,05-09-2026,08-09-2026
Wg79MLl_b6c2f0dd70c066fd,AzyoqHVOuup6u2ZxJ,,Students; fallback,,,[name],[name],,I only needed SuperSummary for a short time,i_have_too_much_product_1528073051,Project ended or taking a break,project_stop,,Needs (SaaS),needs,4,Nothing,,u_e3feeeac7bf4a366,,,,0,,,Canceled,2026-07-09T22:21:51.000Z,2026-07-09T22:22:13.000Z,2026-07-09T22:22:13.000Z,,38.9,2026-07-09T22:22:13.000Z,cancel,Valid Cancel,monthly,2026-08-09T22:18:28.000Z,2026-08-09T22:18:28.000Z,16.65,16.65,16.65,Brightback,,,,,,,AzyoqHVOuup6u2ZxJ,2026-07-09T22:18:26.000Z,,2026-07-09T22:18:28.000Z,,h_c269cf72813eea2d,,1,2026-07-09T22:18:28.000Z,USD,u_e3feeeac7bf4a366,ACTIVE,h_529f2f825e4aebac,[name],,,,2026-07-09T22:18:28.000Z,student,,1,monthly_plus,2026-07-09T22:18:28.000Z,_UNKNOWN,1665,MONTH,,,Postgrad Program,[name],2026-08-09T22:18:28.000Z,,1665,,2026-08-09T22:18:28.000Z,2026-07-09T22:18:28.000Z,1665,,,,,,Student Experience [July 2025] [25% one-time / No Entry Modal],,07-09-2026,,07-09-2026,07-09-2026,07-09-2026,07-09-2026,,07-09-2026,08-09-2026
Wg79M1o_9e587f879b409bb0,AzqaaoUhghQwN2ktG,,Teachers; Annual,,,[name],[name],,I only needed SuperSummary for a short time,i_have_too_much_product_1528073051,Project ended or taking a break,project_stop,,Needs (SaaS),needs,1,,,u_8fff3f4cc75cb274,,,,0,,,Canceled,2026-07-09T22:01:56.000Z,2026-07-09T22:02:24.000Z,2026-07-09T22:02:24.000Z,,38.91,2026-07-09T22:02:24.000Z,cancel,Valid Cancel,annual,2027-04-07T13:15:37.000Z,2027-04-07T13:15:37.000Z,3.0,3.0,36.0,Brightback,,,,,,,AzqaaoUhghQwN2ktG,2025-04-07T13:15:34.000Z,,2025-04-07T13:15:37.000Z,,h_bc8282252341d0c3,,1,2025-04-07T13:15:37.000Z,USD,u_8fff3f4cc75cb274,ACTIVE,h_e95411a56ba396f9,[name],,,,2026-04-07T13:15:37.000Z,teacher,,1,annual,2025-04-07T13:15:37.000Z,_UNKNOWN,3600,YEAR,,,other,[name],2027-04-07T13:15:37.000Z,,300,,2027-04-07T13:15:37.000Z,2025-04-07T13:15:37.000Z,3600,,,,,,Teacher Experience [July 2025] [40% one-time / Modal],,04-07-2025,,07-09-2026,04-07-2025,04-07-2025,04-07-2025,,04-07-2025,04-07-2027
Wg79LhG_b0bf074cb96461bc,Azz1tTVMcxeQr1at9,,Book Club Members; fallback,,,[name],[name],,I only needed SuperSummary for a short time,i_have_too_much_product_1528073051,Project ended or taking a break,project_stop,,Needs (SaaS),needs,8,,,u_3083f7ad27f8ae74,,,,0,,,Canceled,2026-07-09T21:43:20.000Z,2026-07-09T21:44:08.000Z,2026-07-09T21:44:08.000Z,,38.92,2026-07-09T21:44:08.000Z,cancel,Valid Cancel,monthly,2026-07-15T15:39:02.000Z,2026-07-15T15:39:02.000Z,9.95,9.95,9.95,Brightback,,,,,,,Azz1tTVMcxeQr1at9,2026-06-15T15:38:54.000Z,,2026-06-15T15:39:02.000Z,,h_c0863e7dcce5686c,,1,2026-06-15T15:39:02.000Z,USD,u_3083f7ad27f8ae74,ACTIVE,h_2af699ceabbe43fb,[name],,,,2026-06-15T15:39:02.000Z,book_club_member,,1,monthly_essentials,2026-06-15T15:39:02.000Z,_UNKNOWN,995,MONTH,,,,[name],2026-07-15T15:39:02.000Z,,995,,2026-07-15T15:39:02.000Z,2026-06-15T15:39:02.000Z,995,,,,,,BCM Experience [July 2025] [25% one-time / No Entry Modal],,06-15-2026,,07-09-2026,06-15-2026,06-15-2026,06-15-2026,,06-15-2026,07-15-2026
Wg79LeE_a5aee84084a155e1,AzyrKuUyCho1L21Hf,,Students; Monthly,,,[name],[name],,I only needed SuperSummary for a short time,i_have_too_much_product_1528073051,Project ended or taking a break,project_stop,,Needs (SaaS),needs,3,,,u_e54735cb28db57ef,,,,0,,,Canceled,2026-07-09T21:40:18.000Z,2026-07-09T21:40:37.000Z,2026-07-09T21:40:37.000Z,,38.93,2026-07-09T21:40:37.000Z,cancel,Valid Cancel,monthly,2026-07-29T16:19:53.000Z,2026-07-29T16:19:53.000Z,9.95,9.95,9.95,Brightback,,,,,,,AzyrKuUyCho1L21Hf,2025-09-29T16:19:51.000Z,,2025-09-29T16:19:53.000Z,,h_ad84314445acf1a5,,1,2025-09-29T16:19:53.000Z,USD,u_e54735cb28db57ef,ACTIVE,h_1f5a1f9fe74da296,[name],,,,2026-06-29T16:19:53.000Z,student,,1,monthly,2025-09-29T16:19:53.000Z,_UNKNOWN,995,MONTH,,,College,[name],2026-07-29T16:19:53.000Z,,995,,2026-07-29T16:19:53.000Z,2025-09-29T16:19:53.000Z,995,,,,,,Student Experience [July 2025] [40% forever / Modal],,09-29-2025,,07-09-2026,09-29-2025,09-29-2025,09-29-2025,,09-29-2025,07-29-2026
Wg79KHP_adb55ac76ba09fed,516021,,Parents; fallback,,,[name],[name],[name],I only needed SuperSummary for a short time,i_have_too_much_product_1528073051,Project ended or taking a break,project_stop,,Needs (SaaS),needs,4,,,u_240da9cf3316033d,,,,0,39.0,,Canceled,2026-07-09T20:17:39.000Z,2026-07-09T20:18:21.000Z,2026-07-09T20:18:22.000Z,,38.98,2026-07-09T20:18:22.000Z,cancel,Valid Cancel,annual,2026-11-24T09:05:49.000Z,2026-11-24T09:05:49.000Z,3.25,3.25,39.0,Brightback,,,,,,,516021,2024-03-19T15:54:16.000Z,,2024-03-19T15:54:18.000Z,,h_65966b8eb981f446,,1,2025-11-24T09:05:49.000Z,USD,u_240da9cf3316033d,ACTIVE,h_0b29ef444525e431,[name],39.0,annual_39,,2025-11-24T09:05:49.000Z,parent_of_student,,1,annual_39,2024-03-19T15:54:18.000Z,_UNKNOWN,3900,YEAR,annual_39,,High School,[name],2026-11-24T09:05:49.000Z,,325,,2026-11-24T09:05:49.000Z,2024-03-19T15:54:18.000Z,3900,[name],,https://www.supersummary.com/subscription,https://www.supersummary.com/subscription/confirming/cancel,,Parent Experience [July 2025] [25% one-time / No Entry Modal],,03-19-2024,,07-09-2026,11-24-2025,03-19-2024,03-19-2024,,03-19-2024,11-24-2026
Wg79K60_84a020325a73aa60,AzZQerVCuxe5Z1TZQ,,Book Club Members; fallback,,,[name],[name],,I only needed SuperSummary for a short time,i_have_too_much_product_1528073051,Project ended or taking a break,project_stop,,Needs (SaaS),needs,7,,,u_08a1f2a9a0e6adda,,,,0,,,Canceled,2026-07-09T20:06:08.000Z,2026-07-09T20:07:08.000Z,2026-07-09T20:07:08.000Z,,38.99,2026-07-09T20:07:08.000Z,cancel,Valid Cancel,annual,2027-03-04T16:43:07.000Z,2027-03-04T16:43:07.000Z,5.0,5.0,60.0,Brightback,,,,,,,AzZQerVCuxe5Z1TZQ,2026-03-04T16:43:04.000Z,,2026-03-04T16:43:07.000Z,,h_82139b838f5748a2,,1,2026-03-04T16:43:07.000Z,USD,u_08a1f2a9a0e6adda,ACTIVE,h_7c1608798b62b6dd,[name],,,,2026-03-04T16:43:07.000Z,book_club_member,,1,annual_plus,2026-03-04T16:43:07.000Z,_UNKNOWN,6000,YEAR,,,,[name],2027-03-04T16:43:07.000Z,,500,,2027-03-04T16:43:07.000Z,2026-03-04T16:43:07.000Z,6000,,,,,,BCM Experience [July 2025] [25% one-time / No Entry Modal],,03-04-2026,,07-09-2026,03-04-2026,03-04-2026,03-04-2026,,03-04-2026,03-04-2027
Wg79K49_8b4b023d1ed6b5a2,386996,,Students; Annual,,,[name],[name],[name],I only needed SuperSummary for a short time,i_have_too_much_product_1528073051,Project ended or taking a break,project_stop,,Needs (SaaS),needs,1,,,u_10b69a06fb70e115,,,,0,36.0,,Canceled,2026-07-09T20:04:25.000Z,2026-07-09T20:04:55.000Z,2026-07-21T00:06:20.000Z,,38.99,2026-07-21T00:06:20.000Z,cancel,Valid Cancel,annual,2027-07-08T19:12:03.000Z,2027-07-08T19:12:03.000Z,3.0,3.0,36.0,Brightback,,,,,,,386996,2023-07-08T19:12:02.000Z,,2023-07-08T19:12:03.000Z,,h_147ab24825a537e4,,1,2023-07-08T19:12:03.000Z,USD,u_10b69a06fb70e115,ACTIVE,h_686bee07e676cf7d,[name],36.0,annual,,2026-07-08T19:12:03.000Z,student,,1,annual,2023-07-08T19:12:03.000Z,_UNKNOWN,3600,YEAR,annual,,High School,[name],2027-07-08T19:12:03.000Z,,300,,2027-07-08T19:12:03.000Z,2023-07-08T19:12:03.000Z,3600,[name],,https://www.supersummary.com/subscription,https://www.supersummary.com/subscription/confirming/cancel,,Student Experience [July 2025] [25% one-time / No Entry Modal],,07-08-2023,,07-09-2026,07-08-2023,07-08-2023,07-08-2023,,07-08-2023,07-08-2027
Wg79JWw_b4277f2f8bd6a7a7,1693555,,Book Club Members; fallback,,,[name],[name],[name],I only needed SuperSummary for a short time,i_have_too_much_product_1528073051,Project ended or taking a break,project_stop,,Needs (SaaS),needs,7,,,u_14f8a84d8a0a41ee,,,,0,36.0,,Canceled,2026-07-09T19:33:07.000Z,2026-07-09T19:33:38.000Z,2026-07-09T19:33:38.000Z,,39.02,2026-07-09T19:33:38.000Z,cancel,Valid Cancel,annual,2027-07-09T18:59:01.000Z,2027-07-09T18:59:01.000Z,3.0,3.0,36.0,Brightback,,,,,,,1693555,2026-07-09T18:58:59.000Z,,2026-07-09T18:59:01.000Z,,h_5c67bd65dd53ed8f,,1,2026-07-09T18:59:01.000Z,USD,u_14f8a84d8a0a41ee,ACTIVE,h_041b8b1897278343,[name],36.0,annual_essentials,,2026-07-09T18:59:01.000Z,book_club_member,,1,annual_essentials,2026-07-09T18:59:01.000Z,_UNKNOWN,3600,YEAR,annual_essentials,,,[name],2027-07-09T18:59:01.000Z,,300,,2027-07-09T18:59:01.000Z,2026-07-09T18:59:01.000Z,3600,[name],,https://www.supersummary.com/subscription,https://www.supersummary.com/subscription/confirming/cancel,,BCM Experience [July 2025] [25% one-time / No Entry Modal],,07-09-2026,,07-09-2026,07-09-2026,07-09-2026,07-09-2026,,07-09-2026,07-09-2027
Wg79JSS_8cb6d27722adc494,169nH5VM4nkIt2Cgk,,Book Club Members; fallback,,,[name],[name],,I only needed SuperSummary for a short time,i_have_too_much_product_1528073051,Project ended or taking a break,project_stop,,Needs (SaaS),needs,8,,,u_7c39bda9dd54eb93,,,,0,,,Canceled,2026-07-09T19:28:32.000Z,2026-07-09T19:28:54.000Z,2026-07-09T19:28:54.000Z,,39.02,2026-07-09T19:28:54.000Z,cancel,Valid Cancel,monthly,2026-08-09T19:26:26.000Z,2026-08-09T19:26:26.000Z,9.95,9.95,9.95,Brightback,,,,,,,169nH5VM4nkIt2Cgk,2025-03-09T02:30:49.000Z,,2026-06-09T19:26:26.000Z,,h_5050331df19dce1d,,1,2026-06-09T19:26:26.000Z,USD,u_7c39bda9dd54eb93,ACTIVE,h_a69ef3b6729ddb08,[name],,,,2026-07-09T19:26:26.000Z,book_club_member,,1,monthly_essentials,2026-06-09T19:26:26.000Z,_UNKNOWN,995,MONTH,,,,[name],2026-08-09T19:26:26.000Z,,995,,2026-08-09T19:26:26.000Z,2026-06-09T19:26:26.000Z,995,,,,,,BCM Experience [July 2025] [25% one-time / No Entry Modal],,06-09-2026,,07-09-2026,06-09-2026,06-09-2026,03-09-2025,,06-09-2026,08-09-2026
Wg79H68_a24401caa9f86933,1692744,,Book Club Members; fallback,,,[name],[name],[name],I only needed SuperSummary for a short time,i_have_too_much_product_1528073051,Project ended or taking a break,project_stop,,Needs (SaaS),needs,4,,,u_ac047ee5cbb03f4f,"Initial charges were ambiguous and misleading. I only wanted a short subscription, but I was charged $60 for a whole year. ",,,1,60.0,,Canceled,2026-07-09T17:06:26.000Z,2026-07-09T17:08:43.000Z,2026-07-09T17:08:43.000Z,,39.12,2026-07-09T17:08:43.000Z,cancel,Valid Cancel,annual,2027-07-08T19:35:06.000Z,2027-07-08T19:35:06.000Z,5.0,5.0,60.0,Brightback,,,,,,,1692744,2026-07-08T19:35:04.000Z,,2026-07-08T19:35:06.000Z,,h_f9797041d395f3eb,,1,2026-07-08T19:35:06.000Z,USD,u_ac047ee5cbb03f4f,ACTIVE,h_edd3e1ac7718be88,[name],60.0,annual_plus,,2026-07-08T19:35:06.000Z,book_club_member,,1,annual_plus,2026-07-08T19:35:06.000Z,_UNKNOWN,6000,YEAR,annual_plus,,,[name],2027-07-08T19:35:06.000Z,,500,,2027-07-08T19:35:06.000Z,2026-07-08T19:35:06.000Z,6000,[name],,https://www.supersummary.com/subscription,https://www.supersummary.com/subscription/confirming/cancel,,BCM Experience [July 2025] [25% one-time / No Entry Modal],,07-08-2026,,07-09-2026,07-08-2026,07-08-2026,07-08-2026,,07-08-2026,07-08-2027
Wg79Ga1_8108aec9105eb664,1169905,,Book Club Members; fallback,,,[name],[name],[name],I only needed SuperSummary for a short time,i_have_too_much_product_1528073051,Project ended or taking a break,project_stop,,Needs (SaaS),needs,3,Undecided,,u_94575e0583e87e6e,I don't have any suggestions.,,,1,60.0,,Canceled,2026-07-09T16:36:06.000Z,2026-07-09T16:37:13.000Z,2026-07-09T16:37:13.000Z,,39.14,2026-07-09T16:37:13.000Z,cancel,Valid Cancel,annual,2027-07-05T17:40:40.000Z,2027-07-05T17:40:40.000Z,5.0,5.0,60.0,Brightback,,,,,,,1169905,2026-07-05T17:40:38.000Z,,2026-07-05T17:40:40.000Z,,h_3bc3ab40d0dc787d,,1,2026-07-05T17:40:40.000Z,USD,u_94575e0583e87e6e,ACTIVE,h_b470a1c61548569a,[name],60.0,annual_plus,,2026-07-05T17:40:40.000Z,book_club_member,,1,annual_plus,2026-07-05T17:40:40.000Z,_UNKNOWN,6000,YEAR,annual_plus,,,[name],2027-07-05T17:40:40.000Z,,500,,2027-07-05T17:40:40.000Z,2026-07-05T17:40:40.000Z,6000,[name],,https://www.supersummary.com/subscription,https://www.supersummary.com/subscription/confirming/cancel,,BCM Experience [July 2025] [25% one-time / No Entry Modal],,07-05-2026,,07-09-2026,07-05-2026,07-05-2026,07-05-2026,,07-05-2026,07-05-2027
Wg79FPO_be7e237fe79f0219,384092,,Students; Annual,,,[name],[name],[name],I only needed SuperSummary for a short time,i_have_too_much_product_1528073051,Project ended or taking a break,project_stop,,Needs (SaaS),needs,1,no longer in school ,,u_5799aef422bd9d5e,"nothing! had a great time while i needed it, but graduated last year. ",,,1,36.0,,Canceled,2026-07-09T15:25:56.000Z,2026-07-09T15:26:47.000Z,2026-07-09T15:26:47.000Z,,39.19,2026-07-09T15:26:47.000Z,cancel,Valid Cancel,annual,2027-06-24T22:52:50.000Z,2027-06-24T22:52:50.000Z,3.0,3.0,36.0,Brightback,,,,,,,384092,2023-06-24T22:52:48.000Z,,2023-06-24T22:52:50.000Z,,h_a502fdc092ff681b,,1,2023-06-24T22:52:50.000Z,USD,u_5799aef422bd9d5e,ACTIVE,h_aed433700f49a011,[name],36.0,annual,,2026-06-24T22:52:50.000Z,student,,1,annual,2023-06-24T22:52:50.000Z,_UNKNOWN,3600,YEAR,annual,,College,[name],2027-06-24T22:52:50.000Z,,300,,2027-06-24T22:52:50.000Z,2023-06-24T22:52:50.000Z,3600,[name],,https://www.supersummary.com/subscription,https://www.supersummary.com/subscription/confirming/cancel,,Student Experience [July 2025] [25% one-time / No Entry Modal],,06-24-2023,,07-09-2026,06-24-2023,06-24-2023,06-24-2023,,06-24-2023,06-24-2027
Wg79F59_b5e47b454ba74ed7,1604905,,Students; fallback,,,[name],[name],[name],I only needed SuperSummary for a short time,i_have_too_much_product_1528073051,Project ended or taking a break,project_stop,,Needs (SaaS),needs,10,,,u_29d500c7932262b7,,,,0,60.0,,Canceled,2026-07-09T15:05:15.000Z,2026-07-09T15:05:30.000Z,2026-07-09T15:05:30.000Z,,39.2,2026-07-09T15:05:30.000Z,cancel,Valid Cancel,annual,2027-04-18T22:50:34.000Z,,5.0,5.0,60.0,Brightback,,,,,,,1604905,2026-04-18T22:50:32.000Z,,2026-04-18T22:50:34.000Z,,h_4f95ca14cee0ad2a,,1,2026-04-18T22:50:34.000Z,USD,u_29d500c7932262b7,NON_RENEWING,h_fe7ce9e319ce64ba,[name],60.0,annual_plus,,2026-04-18T22:50:34.000Z,student,,1,annual_plus,2026-04-18T22:50:34.000Z,_UNKNOWN,6000,YEAR,annual_plus,,High School,[name],,,500,,2027-04-18T22:50:34.000Z,2026-04-18T22:50:34.000Z,6000,[name],,https://www.supersummary.com/subscription,https://www.supersummary.com/subscription/confirming/cancel,,Student Experience [July 2025] [25% one-time / No Entry Modal],,04-18-2026,,07-09-2026,04-18-2026,04-18-2026,04-18-2026,,04-18-2026,
Wg79F3t_8af2333f3ec658fe,16BifVVHBZo0K850K,,Students; fallback,,,[name],[name],,I only needed SuperSummary for a short time,i_have_too_much_product_1528073051,Project ended or taking a break,project_stop,,Needs (SaaS),needs,10,,,u_29d500c7932262b7,,,,0,,,Canceled,2026-07-09T15:04:01.000Z,2026-07-09T15:05:01.000Z,2026-07-09T15:05:01.000Z,,39.2,2026-07-09T15:05:01.000Z,cancel,Valid Cancel,annual,2027-04-18T22:50:34.000Z,2027-04-18T22:50:34.000Z,5.0,5.0,60.0,Brightback,,,,,,,16BifVVHBZo0K850K,2026-04-18T22:50:32.000Z,,2026-04-18T22:50:34.000Z,,h_4f95ca14cee0ad2a,,1,2026-04-18T22:50:34.000Z,USD,u_29d500c7932262b7,ACTIVE,h_fe7ce9e319ce64ba,[name],,,,2026-04-18T22:50:34.000Z,student,,1,annual_plus,2026-04-18T22:50:34.000Z,_UNKNOWN,6000,YEAR,,,High School,[name],2027-04-18T22:50:34.000Z,,500,,2027-04-18T22:50:34.000Z,2026-04-18T22:50:34.000Z,6000,,,,,,Student Experience [July 2025] [25% one-time / No Entry Modal],,04-18-2026,,07-09-2026,04-18-2026,04-18-2026,04-18-2026,,04-18-2026,04-18-2027
Wg79EM6_9c25143a56e193a5,169nFuUjrhjItYS7,,Students; Monthly,,,[name],[name],,I only needed SuperSummary for a short time,i_have_too_much_product_1528073051,Project ended or taking a break,project_stop,,Needs (SaaS),needs,1,,,u_e73fa1cad93e739e,,,,0,,,Canceled,2026-07-09T14:22:09.000Z,2026-07-09T14:22:30.000Z,2026-07-09T14:22:30.000Z,,39.23,2026-07-09T14:22:30.000Z,cancel,Valid Cancel,monthly,2026-07-30T15:23:33.000Z,2026-07-30T15:23:33.000Z,9.95,9.95,9.95,Brightback,,,,,,,169nFuUjrhjItYS7,2025-04-30T15:23:31.000Z,,2025-04-30T15:23:33.000Z,,h_a147c5a7421790e1,,1,2025-04-30T15:23:33.000Z,USD,u_e73fa1cad93e739e,ACTIVE,h_0c480271e8a78599,[name],,,,2026-06-30T15:23:33.000Z,student,,1,monthly,2025-04-30T15:23:33.000Z,_UNKNOWN,995,MONTH,,,College,[name],2026-07-30T15:23:33.000Z,,995,,2026-07-30T15:23:33.000Z,2025-04-30T15:23:33.000Z,995,,,,,,Student Experience [July 2025] [40% forever / Modal],,04-30-2025,,07-09-2026,04-30-2025,04-30-2025,04-30-2025,,04-30-2025,07-30-2026
Wg79DlK_8596c88a33444013,608544,,Teachers; Annual,,,[name],[name],[name],I only needed SuperSummary for a short time,i_have_too_much_product_1528073051,Project ended or taking a break,project_stop,,Needs (SaaS),needs,5,,,u_93e7d4fca3be70d8,,,,0,36.0,,Canceled,2026-07-09T13:47:30.000Z,2026-07-09T13:48:04.000Z,2026-07-09T13:48:04.000Z,,39.26,2026-07-09T13:48:04.000Z,cancel,Valid Cancel,annual,2027-07-09T13:36:25.000Z,2027-07-09T13:36:25.000Z,3.0,3.0,36.0,Brightback,,,,,,,608544,2024-07-09T13:36:23.000Z,,2024-07-09T13:36:25.000Z,,h_993ebd67671e10c5,,1,2024-07-09T13:36:25.000Z,USD,u_93e7d4fca3be70d8,ACTIVE,h_c34446e99e6bdb32,[name],36.0,annual,,2026-07-09T13:36:25.000Z,teacher,,1,annual,2024-07-09T13:36:25.000Z,_UNKNOWN,3600,YEAR,annual,,High School,[name],2027-07-09T13:36:25.000Z,,300,,2027-07-09T13:36:25.000Z,2024-07-09T13:36:25.000Z,3600,[name],,https://www.supersummary.com/subscription,https://www.supersummary.com/subscription/confirming/cancel,,Teacher Experience [July 2025] [40% one-time / Modal],,07-09-2024,,07-09-2026,07-09-2024,07-09-2024,07-09-2024,,07-09-2024,07-09-2027
Wg79Dea_b0ad409be50c2a43,1671682,,Book Club Members; fallback,,,[name],[name],[name],I only needed SuperSummary for a short time,i_have_too_much_product_1528073051,Project ended or taking a break,project_stop,,Needs (SaaS),needs,6,nothing,,u_b3e8158b60dae81f,"great information but only needed it for a few books, not every month",,,1,60.0,,Canceled,2026-07-09T13:40:53.000Z,2026-07-09T13:42:16.000Z,2026-07-09T13:42:17.000Z,,39.26,2026-07-09T13:42:17.000Z,cancel,Valid Cancel,annual,2027-06-10T23:26:29.000Z,2027-06-10T23:26:29.000Z,5.0,5.0,60.0,Brightback,,,,,,,1671682,2026-06-10T23:26:27.000Z,,2026-06-10T23:26:29.000Z,,h_3c819fcb687086ec,,1,2026-06-10T23:26:29.000Z,USD,u_b3e8158b60dae81f,ACTIVE,h_0dda307488ea3df3,[name],60.0,annual_plus,,2026-06-10T23:26:29.000Z,book_club_member,,1,annual_plus,2026-06-10T23:26:29.000Z,_UNKNOWN,6000,YEAR,annual_plus,,,[name],2027-06-10T23:26:29.000Z,,500,,2027-06-10T23:26:29.000Z,2026-06-10T23:26:29.000Z,6000,[name],,https://www.supersummary.com/subscription,https://www.supersummary.com/subscription/confirming/cancel,,BCM Experience [July 2025] [25% one-time / No Entry Modal],,06-10-2026,,07-09-2026,06-10-2026,06-10-2026,06-10-2026,,06-10-2026,06-10-2027
Wg79DBZ_8f8f989e082a6027,1506767,,Parents; fallback,,,[name],[name],[name],I only needed SuperSummary for a short time,i_have_too_much_product_1528073051,Project ended or taking a break,project_stop,,Needs (SaaS),needs,6,,,u_f23bf123c49b631c,,,,0,16.65,,Canceled,2026-07-09T13:11:44.000Z,2026-07-09T13:12:20.000Z,2026-07-09T13:12:20.000Z,,39.28,2026-07-09T13:12:20.000Z,cancel,Valid Cancel,monthly,2026-08-08T15:38:19.000Z,2026-08-08T15:38:19.000Z,16.65,16.65,16.65,Brightback,,,,,,,1506767,2026-02-08T15:38:15.000Z,,2026-02-08T15:38:19.000Z,,h_4d0ad15a0062c0e9,,1,2026-02-08T15:38:19.000Z,USD,u_f23bf123c49b631c,ACTIVE,h_354dacaa5e57aae8,[name],16.65,monthly_plus,,2026-07-08T15:38:19.000Z,parent_of_student,,1,monthly_plus,2026-02-08T15:38:19.000Z,_UNKNOWN,1665,MONTH,monthly_plus,,High School,[name],2026-08-08T15:38:19.000Z,,1665,,2026-08-08T15:38:19.000Z,2026-02-08T15:38:19.000Z,1665,[name],,https://www.supersummary.com/subscription,https://www.supersummary.com/subscription/confirming/cancel,,Parent Experience [July 2025] [25% one-time / No Entry Modal],,02-08-2026,,07-09-2026,02-08-2026,02-08-2026,02-08-2026,,02-08-2026,08-08-2026
Wg7961V_89ee4028a789f42a,AzypZOVOq5ExN3ElM,,Students; fallback,,,[name],[name],,I only needed SuperSummary for a short time,i_have_too_much_product_1528073051,Project ended or taking a break,project_stop,,Needs (SaaS),needs,6,,,u_1f11d1e8b09f79c0,,,,0,,,Canceled,2026-07-09T06:01:41.000Z,2026-07-09T06:01:48.000Z,2026-07-09T06:01:48.000Z,,39.58,2026-07-09T06:01:48.000Z,cancel,Valid Cancel,monthly,2026-08-09T02:28:29.000Z,2026-08-09T02:28:29.000Z,9.95,9.95,9.95,Brightback,,,,,,,AzypZOVOq5ExN3ElM,2026-07-09T02:28:27.000Z,,2026-07-09T02:28:29.000Z,,h_afc14eae24fd8245,,1,2026-07-09T02:28:29.000Z,USD,u_1f11d1e8b09f79c0,ACTIVE,h_8b07ad6e18064042,[name],,,,2026-07-09T02:28:29.000Z,student,,1,monthly_essentials,2026-07-09T02:28:29.000Z,_UNKNOWN,995,MONTH,,,College,[name],2026-08-09T02:28:29.000Z,,995,,2026-08-09T02:28:29.000Z,2026-07-09T02:28:29.000Z,995,,,,,,Student Experience [July 2025] [25% one-time / No Entry Modal],,07-09-2026,,07-09-2026,07-09-2026,07-09-2026,07-09-2026,,07-09-2026,08-09-2026
Wg7959b_b66d670f14ce4fc4,AzZTlAVGgBOPX1cJP,,Parents; fallback,,,[name],[name],,I only needed SuperSummary for a short time,i_have_too_much_product_1528073051,Project ended or taking a break,project_stop,,Needs (SaaS),needs,8,,,u_c2687f0478d7c895,,,,0,,,Canceled,2026-07-09T05:09:40.000Z,2026-07-09T05:10:13.000Z,2026-07-09T05:10:13.000Z,,39.61,2026-07-09T05:10:13.000Z,cancel,Valid Cancel,monthly,2026-07-13T13:59:09.000Z,2026-07-13T13:59:09.000Z,16.65,16.65,16.65,Brightback,,,,,,,AzZTlAVGgBOPX1cJP,2026-04-13T13:59:03.000Z,,2026-04-13T13:59:09.000Z,,h_e29b30c07cabce53,,1,2026-04-13T13:59:09.000Z,USD,u_c2687f0478d7c895,ACTIVE,h_f051b78048122fa7,[name],,,,2026-06-13T13:59:09.000Z,parent_of_student,,1,monthly_plus,2026-04-13T13:59:09.000Z,_UNKNOWN,1665,MONTH,,,High School,[name],2026-07-13T13:59:09.000Z,,1665,,2026-07-13T13:59:09.000Z,2026-04-13T13:59:09.000Z,1665,,,,,,Parent Experience [July 2025] [25% one-time / No Entry Modal],,04-13-2026,,07-09-2026,04-13-2026,04-13-2026,04-13-2026,,04-13-2026,07-13-2026
Wg793gF_adf53ea1697b10b5,AzywqVVOpo9wt2rrO,,Students; fallback,,,[name],[name],,I only needed SuperSummary for a short time,i_have_too_much_product_1528073051,Project ended or taking a break,project_stop,,Needs (SaaS),needs,10,,,u_0362de08078c499d,,,,0,,,Canceled,2026-07-09T03:42:18.000Z,2026-07-09T03:42:48.000Z,2026-07-09T03:42:48.000Z,,39.68,2026-07-09T03:42:48.000Z,cancel,Valid Cancel,monthly,2026-08-09T01:20:38.000Z,2026-08-09T01:20:38.000Z,9.95,9.95,9.95,Brightback,,,,,,,AzywqVVOpo9wt2rrO,2026-07-09T01:20:37.000Z,,2026-07-09T01:20:38.000Z,,h_dc2ca1a4902b2686,,1,2026-07-09T01:20:38.000Z,USD,u_0362de08078c499d,ACTIVE,h_df6dc4694bd1ff59,[name],,,,2026-07-09T01:20:38.000Z,student,,1,monthly_essentials,2026-07-09T01:20:38.000Z,_UNKNOWN,995,MONTH,,,Postgrad Program,[name],2026-08-09T01:20:38.000Z,,995,,2026-08-09T01:20:38.000Z,2026-07-09T01:20:38.000Z,995,,,,,,Student Experience [July 2025] [25% one-time / No Entry Modal],,07-09-2026,,07-09-2026,07-09-2026,07-09-2026,07-09-2026,,07-09-2026,08-09-2026
Wg792Qi_a60acbcffc937881,AzyUr7VOGXtCg2nnx,,Book Club Members; fallback,,,[name],[name],,I only needed SuperSummary for a short time,i_have_too_much_product_1528073051,Project ended or taking a break,project_stop,,Needs (SaaS),needs,5,,,u_f1e52fef54d205bf,,,,0,,,Canceled,2026-07-09T02:26:50.000Z,2026-07-09T02:27:34.000Z,2026-07-09T02:27:34.000Z,,39.73,2026-07-09T02:27:34.000Z,cancel,Valid Cancel,annual,2027-07-03T00:36:29.000Z,2027-07-03T00:36:29.000Z,3.0,3.0,36.0,Brightback,,,,,,,AzyUr7VOGXtCg2nnx,2026-07-03T00:36:28.000Z,,2026-07-03T00:36:29.000Z,,h_0c1f2dd3aa25b39e,,1,2026-07-03T00:36:29.000Z,USD,u_f1e52fef54d205bf,ACTIVE,h_822a77be5538206e,[name],,,,2026-07-03T00:36:29.000Z,book_club_member,,1,annual_essentials,2026-07-03T00:36:29.000Z,_UNKNOWN,3600,YEAR,,,,[name],2027-07-03T00:36:29.000Z,,300,,2027-07-03T00:36:29.000Z,2026-07-03T00:36:29.000Z,3600,,,,,,BCM Experience [July 2025] [25% one-time / No Entry Modal],,07-03-2026,,07-09-2026,07-03-2026,07-03-2026,07-03-2026,,07-03-2026,07-03-2027
Wg791dS_a7ef4e548780acc4,685442,,Parents; Monthly,,,[name],[name],[name],I only needed SuperSummary for a short time,i_have_too_much_product_1528073051,Project ended or taking a break,project_stop,,Needs (SaaS),needs,10,,,u_0b47cf426c95e185,,,,0,9.95,,Canceled,2026-07-09T01:39:42.000Z,2026-07-09T01:40:10.000Z,2026-07-09T01:40:11.000Z,,39.76,2026-07-09T01:40:11.000Z,cancel,Valid Cancel,monthly,2026-07-27T00:54:15.000Z,2026-07-27T00:54:15.000Z,9.95,9.95,9.95,Brightback,,,,,,,685442,2024-09-27T00:54:13.000Z,,2024-09-27T00:54:15.000Z,,h_05cbb122e881084b,,1,2024-09-27T00:54:15.000Z,USD,u_0b47cf426c95e185,ACTIVE,h_1f4bab8bc963c79f,[name],9.95,monthly,,2026-06-27T00:54:15.000Z,parent_of_student,,1,monthly,2024-09-27T00:54:15.000Z,_UNKNOWN,995,MONTH,monthly,,Middle School,[name],2026-07-27T00:54:15.000Z,,995,,2026-07-27T00:54:15.000Z,2024-09-27T00:54:15.000Z,995,[name],,https://www.supersummary.com/subscription,https://www.supersummary.com/subscription/confirming/cancel,,Parent Experience [July 2025] [40% forever / No entry modal],,09-27-2024,,07-09-2026,09-27-2024,09-27-2024,09-27-2024,,09-27-2024,07-27-2026
Wg790s4_b072ecc735a9b084,230200,,Students; Annual,,,[name],[name],[name],I only needed SuperSummary for a short time,i_have_too_much_product_1528073051,Project ended or taking a break,project_stop,,Needs (SaaS),needs,5,,,u_2f1b70b546a943c0,,,,0,36.0,,Canceled,2026-07-09T00:54:12.000Z,2026-07-09T00:54:45.000Z,2026-07-09T00:54:45.000Z,,39.79,2026-07-09T00:54:45.000Z,cancel,Valid Cancel,annual,2027-07-07T12:15:40.000Z,2027-07-07T12:15:40.000Z,3.0,3.0,36.0,Brightback,,,,,,,230200,2022-07-07T12:15:39.000Z,,2022-07-07T12:15:40.000Z,,h_7421fe2f053668b5,,1,2022-07-07T12:15:40.000Z,USD,u_2f1b70b546a943c0,ACTIVE,h_1b0400f0a21f2ae5,[name],36.0,annual,,2026-07-07T12:15:40.000Z,student,,1,annual,2022-07-07T12:15:40.000Z,_UNKNOWN,3600,YEAR,annual,,Middle School,[name],2027-07-07T12:15:40.000Z,,300,,2027-07-07T12:15:40.000Z,2022-07-07T12:15:40.000Z,3600,[name],,https://www.supersummary.com/subscription,https://www.supersummary.com/subscription/confirming/cancel,,Student Experience [July 2025] [25% one-time / No Entry Modal],,07-07-2022,,07-09-2026,07-07-2022,07-07-2022,07-07-2022,,07-07-2022,07-07-2027
Wg790rt_9bb9467cbee2e0cb,AzqMa9VOpHvEJ2cCU,,Teachers; fallback,,,[name],[name],,I only needed SuperSummary for a short time,i_have_too_much_product_1528073051,Project ended or taking a break,project_stop,,Needs (SaaS),needs,9,,,u_bb70484237ddc3c9,,,,0,,,Canceled,2026-07-09T00:53:59.000Z,2026-07-09T00:54:46.000Z,2026-07-09T00:54:47.000Z,,39.79,2026-07-09T00:54:47.000Z,cancel,Valid Cancel,monthly,2026-08-08T23:12:35.000Z,2026-08-08T23:12:35.000Z,9.95,9.95,9.95,Brightback,,,,,,,AzqMa9VOpHvEJ2cCU,2026-07-08T23:12:34.000Z,,2026-07-08T23:12:35.000Z,,h_8d2f1c388f505566,,1,2026-07-08T23:12:35.000Z,USD,u_bb70484237ddc3c9,ACTIVE,h_e2647858a82b2576,[name],,,,2026-07-08T23:12:35.000Z,teacher,,1,monthly_essentials,2026-07-08T23:12:35.000Z,_UNKNOWN,995,MONTH,,,College,[name],2026-08-08T23:12:35.000Z,,995,,2026-08-08T23:12:35.000Z,2026-07-08T23:12:35.000Z,995,,,,,,Teacher Experience [July 2025] [40% one-time / Modal],,07-08-2026,,07-09-2026,07-08-2026,07-08-2026,07-08-2026,,07-08-2026,08-08-2026
Wg790oq_a1cbadebf4c709ba,1691233,,Book Club Members; fallback,,,[name],[name],[name],I only needed SuperSummary for a short time,i_have_too_much_product_1528073051,Project ended or taking a break,project_stop,,Needs (SaaS),needs,1,,,u_2c78358041b880b6,,,,0,36.0,,Canceled,2026-07-09T00:50:59.000Z,2026-07-09T00:51:21.000Z,2026-07-09T00:51:21.000Z,,39.79,2026-07-09T00:51:21.000Z,cancel,Valid Cancel,annual,2027-07-06T23:04:30.000Z,2027-07-06T23:04:30.000Z,3.0,3.0,36.0,Brightback,,,,,,,1691233,2026-07-06T23:04:29.000Z,,2026-07-06T23:04:30.000Z,,h_35d62ec5bce71435,,1,2026-07-06T23:04:30.000Z,USD,u_2c78358041b880b6,ACTIVE,h_d8223a9b9d38d6d0,[name],36.0,annual_essentials,,2026-07-06T23:04:30.000Z,book_club_member,,1,annual_essentials,2026-07-06T23:04:30.000Z,_UNKNOWN,3600,YEAR,annual_essentials,,,[name],2027-07-06T23:04:30.000Z,,300,,2027-07-06T23:04:30.000Z,2026-07-06T23:04:30.000Z,3600,[name],,https://www.supersummary.com/subscription,https://www.supersummary.com/subscription/confirming/cancel,,BCM Experience [July 2025] [25% one-time / No Entry Modal],,07-06-2026,,07-09-2026,07-06-2026,07-06-2026,07-06-2026,,07-06-2026,07-06-2027
Wg78MPJ_9be4c7f8d09ad191,AzZcpUVOAc6WrA1ID,,Book Club Members; fallback,,,[name],[name],,I only needed SuperSummary for a short time,i_have_too_much_product_1528073051,Project ended or taking a break,project_stop,,Needs (SaaS),needs,7,,,u_9ea1f3c6038dbbb4,,,,0,,,Canceled,2026-07-08T22:25:23.000Z,2026-07-08T22:26:00.000Z,2026-07-08T22:26:00.000Z,,39.9,2026-07-08T22:26:00.000Z,cancel,Valid Cancel,monthly,2026-08-02T00:15:36.000Z,2026-08-02T00:15:36.000Z,16.65,16.65,16.65,Brightback,,,,,,,AzZcpUVOAc6WrA1ID,2026-07-02T00:15:32.000Z,,2026-07-02T00:15:36.000Z,,h_147084a4ad36e8c0,,1,2026-07-02T00:15:36.000Z,USD,u_9ea1f3c6038dbbb4,ACTIVE,h_5a03ff4add0af612,[name],,,,2026-07-02T00:15:36.000Z,book_club_member,,1,monthly_plus,2026-07-02T00:15:36.000Z,_UNKNOWN,1665,MONTH,,,,[name],2026-08-02T00:15:36.000Z,,1665,,2026-08-02T00:15:36.000Z,2026-07-02T00:15:36.000Z,1665,,,,,,BCM Experience [July 2025] [25% one-time / No Entry Modal],,07-02-2026,,07-08-2026,07-02-2026,07-02-2026,07-02-2026,,07-02-2026,08-02-2026
Wg78Mgi_bc13b5f39761a91a,815231,,Parents; Annual,,,[name],[name],[name],I only needed SuperSummary for a short time,i_have_too_much_product_1528073051,Project ended or taking a break,project_stop,,Needs (SaaS),needs,5,NIL,,u_d874c240d44ba115,NIL,,,1,36.0,,Canceled,2026-07-08T22:42:57.000Z,2026-07-08T22:43:43.000Z,2026-07-08T22:43:43.000Z,,39.88,2026-07-08T22:43:43.000Z,cancel,Valid Cancel,annual,2027-07-08T00:55:32.000Z,2027-07-08T00:55:32.000Z,3.0,3.0,36.0,Brightback,,,,,,,815231,2025-07-08T00:55:29.000Z,,2025-07-08T00:55:32.000Z,,h_0d522b3abc895fbe,,1,2025-07-08T00:55:32.000Z,USD,u_d874c240d44ba115,ACTIVE,h_ec41d163198c92ea,[name],36.0,annual,,2026-07-08T00:55:32.000Z,parent_of_student,,1,annual,2025-07-08T00:55:32.000Z,_UNKNOWN,3600,YEAR,annual,,Middle School,[name],2027-07-08T00:55:32.000Z,,300,,2027-07-08T00:55:32.000Z,2025-07-08T00:55:32.000Z,3600,[name],,https://www.supersummary.com/subscription,https://www.supersummary.com/subscription/confirming/cancel,,Parent Experience [July 2025] [25% one-time / Modal],,07-08-2025,,07-08-2026,07-08-2025,07-08-2025,07-08-2025,,07-08-2025,07-08-2027
Wg78M56_b26f04b419bcd7ce,Azq9bVTjSUL0x1uN6,,Students; Annual,,,[name],[name],,I only needed SuperSummary for a short time,i_have_too_much_product_1528073051,Project ended or taking a break,project_stop,,Needs (SaaS),needs,1,,,u_bc6bb837ca2b1a53,,,,0,,,Canceled,2026-07-08T22:05:09.000Z,2026-07-08T22:05:53.000Z,2026-07-08T22:05:53.000Z,,39.91,2026-07-08T22:05:53.000Z,cancel,Valid Cancel,annual,2027-07-08T22:02:57.000Z,2027-07-08T22:02:57.000Z,3.0,3.0,36.0,Brightback,,,,,,,Azq9bVTjSUL0x1uN6,2023-07-08T22:02:54.000Z,,2023-07-08T22:02:57.000Z,,h_de3004ea2e9b8384,,1,2023-07-08T22:02:57.000Z,USD,u_bc6bb837ca2b1a53,ACTIVE,h_7273dba9c40e7128,[name],,,,2026-07-08T22:02:57.000Z,student,,1,annual,2023-07-08T22:02:57.000Z,_UNKNOWN,3600,YEAR,,,College,[name],2027-07-08T22:02:57.000Z,,300,,2027-07-08T22:02:57.000Z,2023-07-08T22:02:57.000Z,3600,,,,,,Student Experience [July 2025] [25% one-time / No Entry Modal],,07-08-2023,,07-08-2026,07-08-2023,07-08-2023,07-08-2023,,07-08-2023,07-08-2027
Wg78M24_89a5af05f973c3f9,AzyxglUqOlgKf5HHq,,Teachers; Annual,,,[name],[name],,I only needed SuperSummary for a short time,i_have_too_much_product_1528073051,Project ended or taking a break,project_stop,,Needs (SaaS),needs,10,,,u_6a9ce524818a7586,,,,0,,,Canceled,2026-07-08T22:02:10.000Z,2026-07-08T22:02:56.000Z,2026-07-08T22:02:56.000Z,,39.91,2026-07-08T22:02:56.000Z,cancel,Valid Cancel,annual,2027-07-08T21:59:31.000Z,2027-07-08T21:59:31.000Z,3.0,3.0,36.0,Brightback,,,,,,,AzyxglUqOlgKf5HHq,2022-01-18T02:38:38.000Z,,2025-07-08T21:59:31.000Z,,h_7eb715ba0482e837,,1,2025-07-08T21:59:31.000Z,USD,u_6a9ce524818a7586,ACTIVE,h_b95d067cfe0beb6d,[name],,,,2026-07-08T21:59:31.000Z,teacher,,1,annual,2025-07-08T21:59:31.000Z,_UNKNOWN,3600,YEAR,,,High School,[name],2027-07-08T21:59:31.000Z,,300,,2027-07-08T21:59:31.000Z,2025-07-08T21:59:31.000Z,3600,,,,,,Teacher Experience [July 2025] [40% one-time / Modal],,07-08-2025,,07-08-2026,07-08-2025,07-08-2025,01-18-2022,,07-08-2025,07-08-2027
Wg78LN5_abac5e06e23e7d48,16CTv2VOgskdl1GY1,,Students; fallback,,,[name],[name],,I only needed SuperSummary for a short time,i_have_too_much_product_1528073051,Project ended or taking a break,project_stop,,Needs (SaaS),needs,5,N/a,,u_06f2b5e859205739,N/a,,,1,,,Canceled,2026-07-08T21:23:09.000Z,2026-07-08T21:23:49.000Z,2026-07-08T21:23:49.000Z,,39.94,2026-07-08T21:23:49.000Z,cancel,Valid Cancel,monthly,2026-08-07T12:42:26.000Z,2026-08-07T12:42:26.000Z,9.95,9.95,9.95,Brightback,,,,,,,16CTv2VOgskdl1GY1,2026-07-07T12:42:23.000Z,,2026-07-07T12:42:26.000Z,,h_cc88ac7617bcb5eb,,1,2026-07-07T12:42:26.000Z,USD,u_06f2b5e859205739,ACTIVE,h_2aa8b9b23f4c33a6,[name],,,,2026-07-07T12:42:26.000Z,student,,1,monthly_essentials,2026-07-07T12:42:26.000Z,_UNKNOWN,995,MONTH,,,Postgrad Program,[name],2026-08-07T12:42:26.000Z,,995,,2026-08-07T12:42:26.000Z,2026-07-07T12:42:26.000Z,995,,,,,,Student Experience [July 2025] [25% one-time / No Entry Modal],,07-07-2026,,07-08-2026,07-07-2026,07-07-2026,07-07-2026,,07-07-2026,08-07-2026
Wg78LHa_b4d7f87111f713e0,16CVFoVOoVmRW2QYZ,,Students; fallback,,,[name],[name],,I only needed SuperSummary for a short time,i_have_too_much_product_1528073051,Project ended or taking a break,project_stop,,Needs (SaaS),needs,5,,,u_037c474604a42dfc,,,,0,,,Canceled,2026-07-08T21:17:40.000Z,2026-07-08T21:17:59.000Z,2026-07-08T21:17:59.000Z,,39.94,2026-07-08T21:17:59.000Z,cancel,Valid Cancel,monthly,2026-08-08T20:01:22.000Z,2026-08-08T20:01:22.000Z,16.65,16.65,16.65,Brightback,,,,,,,16CVFoVOoVmRW2QYZ,2026-07-08T20:01:20.000Z,,2026-07-08T20:01:22.000Z,,h_fcfa4a9403b86568,,1,2026-07-08T20:01:22.000Z,USD,u_037c474604a42dfc,ACTIVE,h_c0f834e98234b08b,[name],,,,2026-07-08T20:01:22.000Z,student,,1,monthly_plus,2026-07-08T20:01:22.000Z,_UNKNOWN,1665,MONTH,,,College,[name],2026-08-08T20:01:22.000Z,,1665,,2026-08-08T20:01:22.000Z,2026-07-08T20:01:22.000Z,1665,,,,,,Student Experience [July 2025] [25% one-time / No Entry Modal],,07-08-2026,,07-08-2026,07-08-2026,07-08-2026,07-08-2026,,07-08-2026,08-08-2026
Wg78LCE_9952a8aba5988b4e,AzqclLVOonPou2aPS,,Students; fallback,,,[name],[name],,I only needed SuperSummary for a short time,i_have_too_much_product_1528073051,Project ended or taking a break,project_stop,,Needs (SaaS),needs,9,,,u_03e8e39c4dc784a5,,,,0,,,Canceled,2026-07-08T21:12:18.000Z,2026-07-08T21:12:33.000Z,2026-07-08T21:12:33.000Z,,39.95,2026-07-08T21:12:33.000Z,cancel,Valid Cancel,monthly,2026-08-08T21:11:25.000Z,2026-08-08T21:11:25.000Z,16.65,16.65,16.65,Brightback,,,,,,,AzqclLVOonPou2aPS,2026-07-08T21:11:22.000Z,,2026-07-08T21:11:25.000Z,,h_49f80f81f3a799bf,,1,2026-07-08T21:11:25.000Z,USD,u_03e8e39c4dc784a5,ACTIVE,h_55f891e12209d0d1,[name],,,,2026-07-08T21:11:25.000Z,student,,1,monthly_plus,2026-07-08T21:11:25.000Z,_UNKNOWN,1665,MONTH,,,Postgrad Program,[name],2026-08-08T21:11:25.000Z,,1665,,2026-08-08T21:11:25.000Z,2026-07-08T21:11:25.000Z,1665,,,,,,Student Experience [July 2025] [25% one-time / No Entry Modal],,07-08-2026,,07-08-2026,07-08-2026,07-08-2026,07-08-2026,,07-08-2026,08-08-2026
Wg78L8j_ab79fba1bc8df510,16CW7KVO97XC89upc,,Teachers; fallback,,,[name],[name],,I only needed SuperSummary for a short time,i_have_too_much_product_1528073051,Project ended or taking a break,project_stop,,Needs (SaaS),needs,10,,,u_a756f3a26eb95633,,,,0,,,Canceled,2026-07-08T21:08:49.000Z,2026-07-08T21:09:32.000Z,2026-07-08T21:09:32.000Z,,39.95,2026-07-08T21:09:32.000Z,cancel,Valid Cancel,monthly,2026-08-01T18:07:54.000Z,2026-08-01T18:07:54.000Z,9.95,9.95,9.95,Brightback,,,,,,,16CW7KVO97XC89upc,2026-07-01T18:07:52.000Z,,2026-07-01T18:07:54.000Z,,h_3454f32d629a185d,,1,2026-07-01T18:07:54.000Z,USD,u_a756f3a26eb95633,ACTIVE,h_4f514e49da4a009b,[name],,,,2026-07-01T18:07:54.000Z,teacher,,1,monthly_essentials,2026-07-01T18:07:54.000Z,_UNKNOWN,995,MONTH,,,Postgrad Program,[name],2026-08-01T18:07:54.000Z,,995,,2026-08-01T18:07:54.000Z,2026-07-01T18:07:54.000Z,995,,,,,,Teacher Experience [July 2025] [40% one-time / Modal],,07-01-2026,,07-08-2026,07-01-2026,07-01-2026,07-01-2026,,07-01-2026,08-01-2026
Wg78KqI_80906b24b072b4b3,1678295,,fallback,,,[name],[name],[name],I only needed SuperSummary for a short time,i_have_too_much_product_1528073051,Project ended or taking a break,project_stop,,Needs (SaaS),needs,3,,,u_6fc15477f378dbe9,,,,0,9.95,,Canceled,2026-07-08T20:52:26.000Z,2026-07-08T20:53:09.000Z,2026-07-08T20:53:09.000Z,,39.96,2026-07-08T20:53:09.000Z,cancel,Valid Cancel,monthly,2026-07-18T06:17:09.000Z,2026-07-18T06:17:09.000Z,9.95,9.95,9.95,Brightback,,,,,,,1678295,2026-06-18T06:17:06.000Z,,2026-06-18T06:17:09.000Z,,h_84f01df5bd6f96c8,,1,2026-06-18T06:17:09.000Z,USD,u_6fc15477f378dbe9,ACTIVE,h_2c3333aa6ceee890,[name],9.95,monthly_essentials,,2026-06-18T06:17:09.000Z,librarian,,1,monthly_essentials,2026-06-18T06:17:09.000Z,_UNKNOWN,995,MONTH,monthly_essentials,,,[name],2026-07-18T06:17:09.000Z,,995,,2026-07-18T06:17:09.000Z,2026-06-18T06:17:09.000Z,995,[name],,https://www.supersummary.com/subscription,https://www.supersummary.com/subscription/confirming/cancel,,Default/Fallback [July 2025] [25% one time / No entry modal],,06-18-2026,,07-08-2026,06-18-2026,06-18-2026,06-18-2026,,06-18-2026,07-18-2026
Wg78KqB_b4598ca7cbb7992f,AzZrlGVMGKqtF26nu,,Book Club Members; fallback,,,[name],[name],,I only needed SuperSummary for a short time,i_have_too_much_product_1528073051,Project ended or taking a break,project_stop,,Needs (SaaS),needs,1,,,u_1e631ad9f674ac2a,,,,0,,,Canceled,2026-07-08T20:52:12.000Z,2026-07-08T20:52:29.000Z,2026-07-08T20:52:29.000Z,,39.96,2026-07-08T20:52:29.000Z,cancel,Valid Cancel,annual,2027-06-11T18:46:56.000Z,2027-06-11T18:46:56.000Z,5.0,5.0,60.0,Brightback,,,,,,,AzZrlGVMGKqtF26nu,2024-07-05T00:07:07.000Z,,2026-06-11T18:46:56.000Z,,h_be84706727fccd95,,1,2026-06-11T18:46:56.000Z,USD,u_1e631ad9f674ac2a,ACTIVE,h_3e04f79e24f88a3e,[name],,,,2026-06-11T18:46:56.000Z,book_club_member,,1,annual_plus,2026-06-11T18:46:56.000Z,_UNKNOWN,6000,YEAR,,,,[name],2027-06-11T18:46:56.000Z,,500,,2027-06-11T18:46:56.000Z,2026-06-11T18:46:56.000Z,6000,,,,,,BCM Experience [July 2025] [25% one-time / No Entry Modal],,06-11-2026,,07-08-2026,06-11-2026,06-11-2026,07-05-2024,,06-11-2026,06-11-2027
Wg78Km9_8335c97265ade3c5,1613106,,Students; fallback,,,[name],[name],[name],I only needed SuperSummary for a short time,i_have_too_much_product_1528073051,Project ended or taking a break,project_stop,,Needs (SaaS),needs,3,,,u_493e5c6ec6b9e0bd,,,,0,36.0,,Canceled,2026-07-08T20:48:21.000Z,2026-07-08T20:48:44.000Z,2026-07-08T20:48:45.000Z,,39.96,2026-07-08T20:48:45.000Z,cancel,Valid Cancel,annual,2027-04-24T03:36:48.000Z,2027-04-24T03:36:48.000Z,3.0,3.0,36.0,Brightback,,,,,,,1613106,2026-04-24T03:36:43.000Z,,2026-04-24T03:36:48.000Z,,h_e3c494dd4c110cec,,1,2026-04-24T03:36:48.000Z,USD,u_493e5c6ec6b9e0bd,ACTIVE,h_ebfdcc7bcd7e5154,[name],36.0,annual_essentials,,2026-04-24T03:36:48.000Z,student,,1,annual_essentials,2026-04-24T03:36:48.000Z,_UNKNOWN,3600,YEAR,annual_essentials,,College,[name],2027-04-24T03:36:48.000Z,,300,,2027-04-24T03:36:48.000Z,2026-04-24T03:36:48.000Z,3600,[name],,https://www.supersummary.com/subscription,https://www.supersummary.com/subscription/confirming/cancel,,Student Experience [July 2025] [25% one-time / No Entry Modal],,04-24-2026,,07-08-2026,04-24-2026,04-24-2026,04-24-2026,,04-24-2026,04-24-2027
Wg78Kfn_a43fd8f3a63d1240,1672749,,Teachers; fallback,,,[name],[name],[name],I only needed SuperSummary for a short time,i_have_too_much_product_1528073051,Project ended or taking a break,project_stop,,Needs (SaaS),needs,5,,,u_d651b4450fd5a3f0,,,,0,16.65,,Canceled,2026-07-08T20:41:55.000Z,2026-07-08T20:42:33.000Z,2026-07-08T20:42:33.000Z,,39.97,2026-07-08T20:42:33.000Z,cancel,Valid Cancel,monthly,2026-07-11T23:04:56.000Z,2026-07-11T23:04:56.000Z,16.65,16.65,16.65,Brightback,,,,,,,1672749,2026-06-11T23:04:53.000Z,,2026-06-11T23:04:56.000Z,,h_4e62207af22447d1,,1,2026-06-11T23:04:56.000Z,USD,u_d651b4450fd5a3f0,ACTIVE,h_3033cc99d6b660fa,[name],16.65,monthly_plus,,2026-06-11T23:04:56.000Z,teacher,,1,monthly_plus,2026-06-11T23:04:56.000Z,_UNKNOWN,1665,MONTH,monthly_plus,,College,[name],2026-07-11T23:04:56.000Z,,1665,,2026-07-11T23:04:56.000Z,2026-06-11T23:04:56.000Z,1665,[name],,https://www.supersummary.com/subscription,https://www.supersummary.com/subscription/confirming/cancel,,Teacher Experience [July 2025] [40% one-time / Modal],,06-11-2026,,07-08-2026,06-11-2026,06-11-2026,06-11-2026,,06-11-2026,07-11-2026
Wg78Kbu_8d70fc8ff209defa,1690233,,fallback,,,[name],[name],[name],I only needed SuperSummary for a short time,i_have_too_much_product_1528073051,Project ended or taking a break,project_stop,,Needs (SaaS),needs,10,,,u_a13bb1181b76aee3,,,,0,16.65,,Canceled,2026-07-08T20:38:04.000Z,2026-07-08T20:38:47.000Z,2026-07-08T20:38:48.000Z,,39.97,2026-07-08T20:38:48.000Z,cancel,Valid Cancel,monthly,2026-08-05T15:47:23.000Z,2026-08-05T15:47:23.000Z,16.65,16.65,16.65,Brightback,,,,,,,1690233,2026-07-05T15:47:22.000Z,,2026-07-05T15:47:23.000Z,,h_bc309922d1704ff7,,1,2026-07-05T15:47:23.000Z,USD,u_a13bb1181b76aee3,ACTIVE,h_e95786464da5faa3,[name],16.65,monthly_plus,,2026-07-05T15:47:23.000Z,other,,1,monthly_plus,2026-07-05T15:47:23.000Z,_UNKNOWN,1665,MONTH,monthly_plus,,,[name],2026-08-05T15:47:23.000Z,,1665,,2026-08-05T15:47:23.000Z,2026-07-05T15:47:23.000Z,1665,[name],,https://www.supersummary.com/subscription,https://www.supersummary.com/subscription/confirming/cancel,,Default/Fallback [July 2025] [25% one time / No entry modal],,07-05-2026,,07-08-2026,07-05-2026,07-05-2026,07-05-2026,,07-05-2026,08-05-2026
Wg78JTK_89d459041a24adb9,1689368,,Students; fallback,,,[name],[name],[name],I only needed SuperSummary for a short time,i_have_too_much_product_1528073051,Project ended or taking a break,project_stop,,Needs (SaaS),needs,5,The Book,,u_e5ce665c6b11633c,,,,0,16.65,,Canceled,2026-07-08T19:29:28.000Z,2026-07-08T19:29:52.000Z,2026-07-08T19:29:52.000Z,,40.02,2026-07-08T19:29:52.000Z,cancel,Valid Cancel,monthly,2026-08-03T19:21:02.000Z,,16.65,16.65,16.65,Brightback,,,,,,,1689368,2026-07-03T19:20:59.000Z,,2026-07-03T19:21:02.000Z,,h_89bbf45684f59078,,1,2026-07-03T19:21:02.000Z,USD,u_e5ce665c6b11633c,NON_RENEWING,h_b4f93814d38a099d,[name],16.65,monthly_plus,,2026-07-03T19:21:02.000Z,student,,1,monthly_plus,2026-07-03T19:21:02.000Z,_UNKNOWN,1665,MONTH,monthly_plus,,College,[name],,,1665,,2026-08-03T19:21:02.000Z,2026-07-03T19:21:02.000Z,1665,[name],,https://www.supersummary.com/subscription,https://www.supersummary.com/subscription/confirming/cancel,,Student Experience [July 2025] [25% one-time / No Entry Modal],,07-03-2026,,07-08-2026,07-03-2026,07-03-2026,07-03-2026,,07-03-2026,
Wg78JfM_b7512013d074b015,AzZL7WVOk9Yrl331z,,fallback,,,[name],[name],,I only needed SuperSummary for a short time,i_have_too_much_product_1528073051,Project ended or taking a break,project_stop,,Needs (SaaS),needs,8,,,u_5e4b452deee348d1,,,,0,,,Canceled,2026-07-08T19:41:26.000Z,2026-07-08T19:42:15.000Z,2026-07-08T19:42:16.000Z,,40.01,2026-07-08T19:42:16.000Z,cancel,Valid Cancel,monthly,2026-08-08T02:08:01.000Z,2026-08-08T02:08:01.000Z,9.95,9.95,9.95,Brightback,,,,,,,AzZL7WVOk9Yrl331z,2026-07-08T02:07:59.000Z,,2026-07-08T02:08:01.000Z,,h_ebcb0703ae87ba63,,1,2026-07-08T02:08:01.000Z,USD,u_5e4b452deee348d1,ACTIVE,h_2e1a8b0a68a3328f,[name],,,,2026-07-08T02:08:01.000Z,other,,1,monthly_essentials,2026-07-08T02:08:01.000Z,_UNKNOWN,995,MONTH,,,,[name],2026-08-08T02:08:01.000Z,,995,,2026-08-08T02:08:01.000Z,2026-07-08T02:08:01.000Z,995,,,,,,Default/Fallback [July 2025] [25% one time / No entry modal],,07-08-2026,,07-08-2026,07-08-2026,07-08-2026,07-08-2026,,07-08-2026,08-08-2026
Wg78J2F_bf9985e22b65454d,354473,,Students; Annual,,,[name],[name],[name],I only needed SuperSummary for a short time,i_have_too_much_product_1528073051,Project ended or taking a break,project_stop,,Needs (SaaS),needs,5,,,u_668ecfbaa56b4f73,,,,0,36.0,,Canceled,2026-07-08T19:02:30.000Z,2026-07-08T19:03:17.000Z,2026-07-08T19:03:18.000Z,,40.04,2026-07-08T19:03:18.000Z,cancel,Valid Cancel,annual,2027-04-23T15:04:26.000Z,2027-04-23T15:04:26.000Z,3.0,3.0,36.0,Brightback,,,,,,,354473,2023-04-23T15:04:24.000Z,,2023-04-23T15:04:26.000Z,,h_73774265514aae6c,,1,2023-04-23T15:04:26.000Z,USD,u_668ecfbaa56b4f73,ACTIVE,h_8ce117c154010680,[name],36.0,annual,,2026-04-23T15:04:26.000Z,student,,1,annual,2023-04-23T15:04:26.000Z,_UNKNOWN,3600,YEAR,annual,,College,[name],2027-04-23T15:04:26.000Z,,300,,2027-04-23T15:04:26.000Z,2023-04-23T15:04:26.000Z,3600,[name],,https://www.supersummary.com/subscription,https://www.supersummary.com/subscription/confirming/cancel,,Student Experience [July 2025] [25% one-time / No Entry Modal],,04-23-2023,,07-08-2026,04-23-2023,04-23-2023,04-23-2023,,04-23-2023,04-23-2027
Wg78J09_9d62bc92bb933d95,1638633,,Students; fallback,,,[name],[name],[name],I only needed SuperSummary for a short time,i_have_too_much_product_1528073051,Project ended or taking a break,project_stop,,Needs (SaaS),needs,10,spark notes,,u_f2030ffcd73dec9b,,,,0,9.95,,Canceled,2026-07-08T19:00:17.000Z,2026-07-08T19:00:52.000Z,2026-07-08T19:00:52.000Z,,40.04,2026-07-08T19:00:52.000Z,cancel,Valid Cancel,monthly,2026-07-13T01:09:13.000Z,2026-07-13T01:09:13.000Z,9.95,9.95,9.95,Brightback,,,,,,,1638633,2026-05-13T01:08:57.000Z,,2026-05-13T01:09:13.000Z,,h_a0f7ba0bb569476d,,1,2026-05-13T01:09:13.000Z,USD,u_f2030ffcd73dec9b,ACTIVE,h_a4ba6a0d099f59f2,[name],9.95,monthly_essentials,,2026-06-13T01:09:13.000Z,student,,1,monthly_essentials,2026-05-13T01:09:13.000Z,_UNKNOWN,995,MONTH,monthly_essentials,,High School,[name],2026-07-13T01:09:13.000Z,,995,,2026-07-13T01:09:13.000Z,2026-05-13T01:09:13.000Z,995,[name],,https://www.supersummary.com/subscription,https://www.supersummary.com/subscription/confirming/cancel,,Student Experience [July 2025] [25% one-time / No Entry Modal],,05-13-2026,,07-08-2026,05-13-2026,05-13-2026,05-13-2026,,05-13-2026,07-13-2026
Wg78IxP_a3a8047621ed3c76,1692012,,Students; fallback,,,[name],[name],[name],I only needed SuperSummary for a short time,i_have_too_much_product_1528073051,Project ended or taking a break,project_stop,,Needs (SaaS),needs,2,,,u_3f2ae0b87fe8e43c,,,,0,36.0,,Canceled,2026-07-08T18:59:29.000Z,2026-07-08T18:59:50.000Z,2026-07-08T18:59:51.000Z,,40.04,2026-07-08T18:59:51.000Z,cancel,Valid Cancel,annual,2027-07-07T21:46:11.000Z,2027-07-07T21:46:11.000Z,3.0,3.0,36.0,Brightback,,,,,,,1692012,2026-07-07T21:46:10.000Z,,2026-07-07T21:46:11.000Z,,h_628c56dae69e63d0,,1,2026-07-07T21:46:11.000Z,USD,u_3f2ae0b87fe8e43c,ACTIVE,h_9a0e56cb1d38354d,[name],36.0,annual_essentials,,2026-07-07T21:46:11.000Z,student,,1,annual_essentials,2026-07-07T21:46:11.000Z,_UNKNOWN,3600,YEAR,annual_essentials,,College,[name],2027-07-07T21:46:11.000Z,,300,,2027-07-07T21:46:11.000Z,2026-07-07T21:46:11.000Z,3600,[name],,https://www.supersummary.com/subscription,https://www.supersummary.com/subscription/confirming/cancel,,Student Experience [July 2025] [25% one-time / No Entry Modal],,07-07-2026,,07-08-2026,07-07-2026,07-07-2026,07-07-2026,,07-07-2026,07-07-2027
Wg78HlL_865c49797bf0b975,1692634,,fallback,,,[name],[name],[name],I only needed SuperSummary for a short time,i_have_too_much_product_1528073051,Project ended or taking a break,project_stop,,Needs (SaaS),needs,4,other,,u_3a2739a85f4a959b,,,,0,36.0,,Canceled,2026-07-08T17:47:29.000Z,2026-07-08T17:47:58.000Z,2026-07-08T17:47:58.000Z,,40.09,2026-07-08T17:47:58.000Z,cancel,Valid Cancel,annual,2027-07-08T17:25:50.000Z,2027-07-08T17:25:50.000Z,3.0,3.0,36.0,Brightback,,,,,,,1692634,2026-07-08T17:25:48.000Z,,2026-07-08T17:25:50.000Z,,h_087ee9b0ee85c511,,1,2026-07-08T17:25:50.000Z,USD,u_3a2739a85f4a959b,ACTIVE,h_d311374ab19ae344,[name],36.0,annual_essentials,,2026-07-08T17:25:50.000Z,other,,1,annual_essentials,2026-07-08T17:25:50.000Z,_UNKNOWN,3600,YEAR,annual_essentials,,,[name],2027-07-08T17:25:50.000Z,,300,,2027-07-08T17:25:50.000Z,2026-07-08T17:25:50.000Z,3600,[name],,https://www.supersummary.com/subscription,https://www.supersummary.com/subscription/confirming/cancel,,Default/Fallback [July 2025] [25% one time / No entry modal],,07-08-2026,,07-08-2026,07-08-2026,07-08-2026,07-08-2026,,07-08-2026,07-08-2027
Wg78H7i_844e218412ba5dc1,6or1EVOb5dgRBxVW,,Students; fallback,,,[name],[name],,I only needed SuperSummary for a short time,i_have_too_much_product_1528073051,Project ended or taking a break,project_stop,,Needs (SaaS),needs,10,,,u_d5d94a52f62df26a,,,,0,,,Canceled,2026-07-08T17:07:47.000Z,2026-07-08T17:08:09.000Z,2026-07-08T17:08:09.000Z,,40.12,2026-07-08T17:08:09.000Z,cancel,Valid Cancel,monthly,2026-08-06T12:55:59.000Z,2026-08-06T12:55:59.000Z,16.65,16.65,16.65,Brightback,,,,,,,6or1EVOb5dgRBxVW,2026-07-06T12:55:56.000Z,,2026-07-06T12:55:59.000Z,,h_2cc84e783e218dd4,,1,2026-07-06T12:55:59.000Z,USD,u_d5d94a52f62df26a,ACTIVE,h_c05aab4c06f2ffbf,[name],,,,2026-07-06T12:55:59.000Z,student,,1,monthly_plus,2026-07-06T12:55:59.000Z,_UNKNOWN,1665,MONTH,,,Postgrad Program,[name],2026-08-06T12:55:59.000Z,,1665,,2026-08-06T12:55:59.000Z,2026-07-06T12:55:59.000Z,1665,,,,,,Student Experience [July 2025] [25% one-time / No Entry Modal],,07-06-2026,,07-08-2026,07-06-2026,07-06-2026,07-06-2026,,07-06-2026,08-06-2026
Wg78H3F_bade7a9304254779,1692588,,Students; fallback,,,[name],[name],[name],I only needed SuperSummary for a short time,i_have_too_much_product_1528073051,Project ended or taking a break,project_stop,,Needs (SaaS),needs,3,ugyftdgh,,u_db89de1e122e0c39,hgfhgjk,,,1,36.0,,Canceled,2026-07-08T17:03:19.000Z,2026-07-08T17:03:58.000Z,2026-07-08T17:03:58.000Z,,40.12,2026-07-08T17:03:58.000Z,cancel,Valid Cancel,annual,2027-07-08T16:28:35.000Z,2027-07-08T16:28:35.000Z,3.0,3.0,36.0,Brightback,,,,,,,1692588,2026-07-08T16:28:32.000Z,,2026-07-08T16:28:35.000Z,,h_f044e5094efc3547,,1,2026-07-08T16:28:35.000Z,USD,u_db89de1e122e0c39,ACTIVE,h_34f2535983a8ec4b,[name],36.0,annual_essentials,,2026-07-08T16:28:35.000Z,student,,1,annual_essentials,2026-07-08T16:28:35.000Z,_UNKNOWN,3600,YEAR,annual_essentials,,Postgrad Program,[name],2027-07-08T16:28:35.000Z,,300,,2027-07-08T16:28:35.000Z,2026-07-08T16:28:35.000Z,3600,[name],,https://www.supersummary.com/subscription,https://www.supersummary.com/subscription/confirming/cancel,,Student Experience [July 2025] [25% one-time / No Entry Modal],,07-08-2026,,07-08-2026,07-08-2026,07-08-2026,07-08-2026,,07-08-2026,07-08-2027
Wg78Gtf_b2fcbedc15860848,1247117,,Teachers; Annual,,,[name],[name],[name],I only needed SuperSummary for a short time,i_have_too_much_product_1528073051,Project ended or taking a break,project_stop,,Needs (SaaS),needs,9,,,u_951bb458687c6ebd,,,,0,36.0,,Canceled,2026-07-08T16:56:23.000Z,2026-07-08T16:57:33.000Z,2026-07-08T16:57:33.000Z,,40.12,2026-07-08T16:57:33.000Z,cancel,Valid Cancel,annual,2027-06-26T19:03:35.000Z,2027-06-26T19:03:35.000Z,3.0,3.0,36.0,Brightback,,,,,,,1247117,2025-06-26T19:03:33.000Z,,2025-06-26T19:03:35.000Z,,h_e13fa53178c8b5d9,,1,2025-06-26T19:03:35.000Z,USD,u_951bb458687c6ebd,ACTIVE,h_8bc5953912f0eafe,[name],36.0,annual,,2026-06-26T19:03:35.000Z,teacher,,1,annual,2025-06-26T19:03:35.000Z,_UNKNOWN,3600,YEAR,annual,,other,[name],2027-06-26T19:03:35.000Z,,300,,2027-06-26T19:03:35.000Z,2025-06-26T19:03:35.000Z,3600,[name],,https://www.supersummary.com/subscription,https://www.supersummary.com/subscription/confirming/cancel,,Teacher Experience [July 2025] [40% one-time / Modal],,06-26-2025,,07-08-2026,06-26-2025,06-26-2025,06-26-2025,,06-26-2025,06-26-2027
Wg78FXh_bde648ade9e94032,16CJeMVNfCdPMt36,,Book Club Members; fallback,,,[name],[name],,I only needed SuperSummary for a short time,i_have_too_much_product_1528073051,Project ended or taking a break,project_stop,,Needs (SaaS),needs,9,,,u_fa96119c12e814a1,,,,0,,,Canceled,2026-07-08T15:33:46.000Z,2026-07-08T15:34:27.000Z,2026-07-08T15:34:27.000Z,,40.18,2026-07-08T15:34:27.000Z,cancel,Valid Cancel,annual,2027-06-26T15:19:59.000Z,2027-06-26T15:19:59.000Z,3.0,3.0,36.0,Brightback,,,,,,,16CJeMVNfCdPMt36,2026-06-26T15:19:56.000Z,,2026-06-26T15:19:59.000Z,,h_5ffed8a82ce24115,,1,2026-06-26T15:19:59.000Z,USD,u_fa96119c12e814a1,ACTIVE,h_4084a8c041efd023,[name],,,,2026-06-26T15:19:59.000Z,book_club_member,,1,annual_essentials,2026-06-26T15:19:59.000Z,_UNKNOWN,3600,YEAR,,,,[name],2027-06-26T15:19:59.000Z,,300,,2027-06-26T15:19:59.000Z,2026-06-26T15:19:59.000Z,3600,,,,,,BCM Experience [July 2025] [25% one-time / No Entry Modal],,06-26-2026,,07-08-2026,06-26-2026,06-26-2026,06-26-2026,,06-26-2026,06-26-2027
Wg78FQT_9bf80541338f4864,562907,,Students; Annual,,,[name],[name],[name],I only needed SuperSummary for a short time,i_have_too_much_product_1528073051,Project ended or taking a break,project_stop,,Needs (SaaS),needs,5,,,u_20f2d019407900af,,,,0,36.0,,Canceled,2026-07-08T15:26:44.000Z,2026-07-08T15:27:05.000Z,2026-07-08T15:27:05.000Z,,40.19,2026-07-08T15:27:05.000Z,cancel,Valid Cancel,annual,2027-05-07T23:34:10.000Z,2027-05-07T23:34:10.000Z,3.0,3.0,36.0,Brightback,,,,,,,562907,2024-05-07T23:34:07.000Z,,2024-05-07T23:34:10.000Z,,h_0bef9c84ecc1ef98,,1,2024-05-07T23:34:10.000Z,USD,u_20f2d019407900af,ACTIVE,h_944594648141d0aa,[name],36.0,annual,,2026-05-07T23:34:10.000Z,student,,1,annual,2024-05-07T23:34:10.000Z,_UNKNOWN,3600,YEAR,annual,,College,[name],2027-05-07T23:34:10.000Z,,300,,2027-05-07T23:34:10.000Z,2024-05-07T23:34:10.000Z,3600,[name],,https://www.supersummary.com/subscription,https://www.supersummary.com/subscription/confirming/cancel,,Student Experience [July 2025] [25% one-time / No Entry Modal],,05-07-2024,,07-08-2026,05-07-2024,05-07-2024,05-07-2024,,05-07-2024,05-07-2027
Wg78FG5_bceda5d28a91a6d7,1690807,,Book Club Members; fallback,,,[name],[name],[name],I only needed SuperSummary for a short time,i_have_too_much_product_1528073051,Project ended or taking a break,project_stop,,Needs (SaaS),needs,6,nothing,,u_739c28b3c050581b,,,,0,36.0,,Canceled,2026-07-08T15:16:12.000Z,2026-07-08T15:16:55.000Z,2026-07-08T15:16:55.000Z,,40.19,2026-07-08T15:16:55.000Z,cancel,Valid Cancel,annual,2027-07-06T13:09:27.000Z,2027-07-06T13:09:27.000Z,3.0,3.0,36.0,Brightback,,,,,,,1690807,2026-07-06T13:09:25.000Z,,2026-07-06T13:09:27.000Z,,h_f50f4ea0e639f76b,,1,2026-07-06T13:09:27.000Z,USD,u_739c28b3c050581b,ACTIVE,h_dd27b19bd669a425,[name],36.0,annual_essentials,,2026-07-06T13:09:27.000Z,book_club_member,,1,annual_essentials,2026-07-06T13:09:27.000Z,_UNKNOWN,3600,YEAR,annual_essentials,,,[name],2027-07-06T13:09:27.000Z,,300,,2027-07-06T13:09:27.000Z,2026-07-06T13:09:27.000Z,3600,[name],,https://www.supersummary.com/subscription,https://www.supersummary.com/subscription/confirming/cancel,,BCM Experience [July 2025] [25% one-time / No Entry Modal],,07-06-2026,,07-08-2026,07-06-2026,07-06-2026,07-06-2026,,07-06-2026,07-06-2027
Wg78Faj_ac944beca643abc2,AzqWkxVOnQanW1mDZ,,Book Club Members; fallback,,,[name],[name],,I only needed SuperSummary for a short time,i_have_too_much_product_1528073051,Project ended or taking a break,project_stop,,Needs (SaaS),needs,1,,,u_1166197843681bd9,,,,0,,,Canceled,2026-07-08T15:36:48.000Z,2026-07-08T15:37:04.000Z,2026-07-08T15:37:05.000Z,,40.18,2026-07-08T15:37:05.000Z,cancel,Valid Cancel,annual,2027-07-08T15:34:29.000Z,2027-07-08T15:34:29.000Z,3.0,3.0,36.0,Brightback,,,,,,,AzqWkxVOnQanW1mDZ,2026-07-08T15:34:27.000Z,,2026-07-08T15:34:29.000Z,,h_e61209055533a997,,1,2026-07-08T15:34:29.000Z,USD,u_1166197843681bd9,ACTIVE,h_1469d0f421f6b2be,[name],,,,2026-07-08T15:34:29.000Z,book_club_member,,1,annual_essentials,2026-07-08T15:34:29.000Z,_UNKNOWN,3600,YEAR,,,,[name],2027-07-08T15:34:29.000Z,,300,,2027-07-08T15:34:29.000Z,2026-07-08T15:34:29.000Z,3600,,,,,,BCM Experience [July 2025] [25% one-time / No Entry Modal],,07-08-2026,,07-08-2026,07-08-2026,07-08-2026,07-08-2026,,07-08-2026,07-08-2027
Wg78E65_ac2220a9efca31c5,1678551,,Students; fallback,,,[name],[name],[name],I only needed SuperSummary for a short time,i_have_too_much_product_1528073051,Project ended or taking a break,project_stop,,Needs (SaaS),needs,2,,,u_da91208ccd43423b,,,,0,9.95,,Canceled,2026-07-08T14:06:14.000Z,2026-07-08T14:06:34.000Z,2026-07-08T14:06:34.000Z,,40.24,2026-07-08T14:06:34.000Z,cancel,Valid Cancel,monthly,2026-07-18T15:04:17.000Z,2026-07-18T15:04:17.000Z,9.95,9.95,9.95,Brightback,,,,,,,1678551,2026-06-18T15:04:16.000Z,,2026-06-18T15:04:17.000Z,,h_5baca0c68ecb3887,,1,2026-06-18T15:04:17.000Z,USD,u_da91208ccd43423b,ACTIVE,h_848d4d8428331fe7,[name],9.95,monthly_essentials,,2026-06-18T15:04:17.000Z,student,,1,monthly_essentials,2026-06-18T15:04:17.000Z,_UNKNOWN,995,MONTH,monthly_essentials,,College,[name],2026-07-18T15:04:17.000Z,,995,,2026-07-18T15:04:17.000Z,2026-06-18T15:04:17.000Z,995,[name],,https://www.supersummary.com/subscription,https://www.supersummary.com/subscription/confirming/cancel,,Student Experience [July 2025] [25% one-time / No Entry Modal],,06-18-2026,,07-08-2026,06-18-2026,06-18-2026,06-18-2026,,06-18-2026,07-18-2026
Wg78DpG_9fd43fb63294e38a,329717,,Book Club Members; fallback,,,[name],[name],[name],I only needed SuperSummary for a short time,i_have_too_much_product_1528073051,Project ended or taking a break,project_stop,,Needs (SaaS),needs,5,,,u_30cc2b32e208c7e1,,,,0,9.95,,Canceled,2026-07-08T13:51:33.000Z,2026-07-08T13:51:55.000Z,2026-07-08T13:51:55.000Z,,40.25,2026-07-08T13:51:55.000Z,cancel,Valid Cancel,monthly,2026-08-05T15:01:11.000Z,2026-08-05T15:01:11.000Z,9.95,9.95,9.95,Brightback,,,,,,,329717,2026-07-05T15:01:07.000Z,,2026-07-05T15:01:11.000Z,,h_9a0ab37d874d65db,,1,2026-07-05T15:01:11.000Z,USD,u_30cc2b32e208c7e1,ACTIVE,h_5497a7903009f746,[name],9.95,monthly_essentials,,2026-07-05T15:01:11.000Z,book_club_member,,1,monthly_essentials,2026-07-05T15:01:11.000Z,_UNKNOWN,995,MONTH,monthly_essentials,,,[name],2026-08-05T15:01:11.000Z,,995,,2026-08-05T15:01:11.000Z,2026-07-05T15:01:11.000Z,995,[name],,https://www.supersummary.com/subscription,https://www.supersummary.com/subscription/confirming/cancel,,BCM Experience [July 2025] [25% one-time / No Entry Modal],,07-05-2026,,07-08-2026,07-05-2026,07-05-2026,07-05-2026,,07-05-2026,08-05-2026
Wg78Dc5_83d4b8cc9069befe,1512683,,Parents; fallback,,,[name],[name],[name],I only needed SuperSummary for a short time,i_have_too_much_product_1528073051,Project ended or taking a break,project_stop,,Needs (SaaS),needs,7,,,u_dbfbccc7bc74d0f5,,,,0,16.65,,Canceled,2026-07-08T13:38:11.000Z,2026-07-08T13:38:41.000Z,2026-07-08T13:38:41.000Z,,40.26,2026-07-08T13:38:41.000Z,cancel,Valid Cancel,monthly,2026-08-05T17:18:38.000Z,2026-08-05T17:18:38.000Z,16.65,16.65,16.65,Brightback,,,,,,,1512683,2026-02-11T20:29:24.000Z,,2026-02-11T20:29:27.000Z,,h_d8e2e478b39b8393,,1,2026-05-05T17:18:38.000Z,USD,u_dbfbccc7bc74d0f5,ACTIVE,h_90c6472b72bb38df,[name],16.65,monthly_plus,,2026-07-05T17:18:38.000Z,parent_of_student,,1,monthly_plus,2026-02-11T20:29:27.000Z,_UNKNOWN,1665,MONTH,monthly_plus,,Middle School,[name],2026-08-05T17:18:38.000Z,,1665,,2026-08-05T17:18:38.000Z,2026-02-11T20:29:27.000Z,1665,[name],,https://www.supersummary.com/subscription,https://www.supersummary.com/subscription/confirming/cancel,,Parent Experience [July 2025] [25% one-time / No Entry Modal],,02-11-2026,,07-08-2026,05-05-2026,02-11-2026,02-11-2026,,02-11-2026,08-05-2026
Wg78C9u_b8ea175d0de64d31,1690238,,fallback,,,[name],[name],[name],I only needed SuperSummary for a short time,i_have_too_much_product_1528073051,Project ended or taking a break,project_stop,,Needs (SaaS),needs,5,,,u_56ad5f14aa7db7b3,,,,0,16.65,,Canceled,2026-07-08T12:10:04.000Z,2026-07-08T12:10:24.000Z,2026-07-08T12:10:24.000Z,,40.32,2026-07-08T12:10:24.000Z,cancel,Valid Cancel,monthly,2026-08-05T16:00:06.000Z,2026-08-05T16:00:06.000Z,16.65,16.65,16.65,Brightback,,,,,,,1690238,2026-07-05T16:00:03.000Z,,2026-07-05T16:00:06.000Z,,h_d2869e14a30ee33b,,1,2026-07-05T16:00:06.000Z,USD,u_56ad5f14aa7db7b3,ACTIVE,h_958eb8a9c829442f,[name],16.65,monthly_plus,,2026-07-05T16:00:06.000Z,other,,1,monthly_plus,2026-07-05T16:00:06.000Z,_UNKNOWN,1665,MONTH,monthly_plus,,,[name],2026-08-05T16:00:06.000Z,,1665,,2026-08-05T16:00:06.000Z,2026-07-05T16:00:06.000Z,1665,[name],,https://www.supersummary.com/subscription,https://www.supersummary.com/subscription/confirming/cancel,,Default/Fallback [July 2025] [25% one time / No entry modal],,07-05-2026,,07-08-2026,07-05-2026,07-05-2026,07-05-2026,,07-05-2026,08-05-2026
Wg78BQh_a132594fbf2e94ce,16BY7BUqHbTGE2NHf,,Book Club Members; Annual,,,[name],[name],,I only needed SuperSummary for a short time,i_have_too_much_product_1528073051,Project ended or taking a break,project_stop,,Needs (SaaS),needs,1,read,,u_82731b89d2f13efe,,,,0,,,Canceled,2026-07-08T11:26:47.000Z,2026-07-08T11:27:38.000Z,2026-07-08T11:27:38.000Z,,40.35,2026-07-08T11:27:38.000Z,cancel,Valid Cancel,annual,2027-07-07T16:35:03.000Z,2027-07-07T16:35:03.000Z,3.0,3.0,36.0,Brightback,,,,,,,16BY7BUqHbTGE2NHf,2025-07-07T16:34:59.000Z,,2025-07-07T16:35:03.000Z,,h_c93ca3360e4b6ed9,,1,2025-07-07T16:35:03.000Z,USD,u_82731b89d2f13efe,ACTIVE,h_799b6612f713f7e6,[name],,,,2026-07-07T16:35:03.000Z,book_club_member,,1,annual,2025-07-07T16:35:03.000Z,_UNKNOWN,3600,YEAR,,,,[name],2027-07-07T16:35:03.000Z,,300,,2027-07-07T16:35:03.000Z,2025-07-07T16:35:03.000Z,3600,,,,,,BCM Experience [July 2025] [25% one-time / No Entry Modal],,07-07-2025,,07-08-2026,07-07-2025,07-07-2025,07-07-2025,,07-07-2025,07-07-2027
Wg78AZ0_a72928cddb795316,1692304,,Teachers; fallback,,,[name],[name],[name],I only needed SuperSummary for a short time,i_have_too_much_product_1528073051,Project ended or taking a break,project_stop,,Needs (SaaS),needs,4,Google,,u_f4e17bfe50f067dd,,,,0,60.0,,Canceled,2026-07-08T10:35:45.000Z,2026-07-08T10:37:21.000Z,2026-07-08T10:37:22.000Z,,40.39,2026-07-08T10:37:22.000Z,cancel,Valid Cancel,annual,2027-07-08T05:51:06.000Z,2027-07-08T05:51:06.000Z,5.0,5.0,60.0,Brightback,,,,,,,1692304,2026-07-08T05:51:04.000Z,,2026-07-08T05:51:06.000Z,,h_90d947c87b0064a2,,1,2026-07-08T05:51:06.000Z,USD,u_f4e17bfe50f067dd,ACTIVE,h_fac083b6bc046982,[name],60.0,annual_plus,,2026-07-08T05:51:06.000Z,teacher,,1,annual_plus,2026-07-08T05:51:06.000Z,_UNKNOWN,6000,YEAR,annual_plus,,High School,[name],2027-07-08T05:51:06.000Z,,500,,2027-07-08T05:51:06.000Z,2026-07-08T05:51:06.000Z,6000,[name],,https://www.supersummary.com/subscription,https://www.supersummary.com/subscription/confirming/cancel,,Teacher Experience [July 2025] [40% one-time / Modal],,07-08-2026,,07-08-2026,07-08-2026,07-08-2026,07-08-2026,,07-08-2026,07-08-2027
Wg785tI_b53abba89ecd4c02,1692111,,Students; fallback,,,[name],[name],[name],I only needed SuperSummary for a short time,i_have_too_much_product_1528073051,Project ended or taking a break,project_stop,,Needs (SaaS),needs,3,m,,u_4497936a552c576a,m,,,1,9.95,,Canceled,2026-07-08T05:55:29.000Z,2026-07-08T05:56:11.000Z,2026-07-12T21:57:24.000Z,,40.58,2026-07-12T21:57:24.000Z,cancel,Valid Cancel,monthly,2026-08-07T23:45:06.000Z,2026-08-07T23:45:06.000Z,9.95,9.95,9.95,Brightback,,,,,,,1692111,2026-07-07T23:45:03.000Z,,2026-07-07T23:45:06.000Z,,h_cd603523fe75b297,,1,2026-07-07T23:45:06.000Z,USD,u_4497936a552c576a,ACTIVE,h_4e32c562c35ef156,[name],9.95,monthly_essentials,,2026-07-07T23:45:06.000Z,student,,1,monthly_essentials,2026-07-07T23:45:06.000Z,_UNKNOWN,995,MONTH,monthly_essentials,,College,[name],2026-08-07T23:45:06.000Z,,995,,2026-08-07T23:45:06.000Z,2026-07-07T23:45:06.000Z,995,[name],,https://www.supersummary.com/subscription,https://www.supersummary.com/subscription/confirming/cancel,,Student Experience [July 2025] [25% one-time / No Entry Modal],,07-07-2026,,07-08-2026,07-07-2026,07-07-2026,07-07-2026,,07-07-2026,08-07-2026
Wg784GF_8802c484337ea6b2,AzqakxVNJJLON2Obx,,fallback,,,[name],[name],,I only needed SuperSummary for a short time,i_have_too_much_product_1528073051,Project ended or taking a break,project_stop,,Needs (SaaS),needs,5,Ai and free resources ,,u_8765f756b7544558,,,,0,,,Canceled,2026-07-08T04:16:16.000Z,2026-07-08T04:16:34.000Z,2026-07-08T04:16:35.000Z,,40.65,2026-07-08T04:16:35.000Z,cancel,Valid Cancel,monthly,2026-07-22T21:28:39.000Z,2026-07-22T21:28:39.000Z,16.65,16.65,16.65,Brightback,,,,,,,AzqakxVNJJLON2Obx,2026-06-22T21:28:36.000Z,,2026-06-22T21:28:39.000Z,,h_343cf2926774b353,,1,2026-06-22T21:28:39.000Z,USD,u_8765f756b7544558,ACTIVE,h_93708daa40086382,[name],,,,2026-06-22T21:28:39.000Z,other,,1,monthly_plus,2026-06-22T21:28:39.000Z,_UNKNOWN,1665,MONTH,,,,[name],2026-07-22T21:28:39.000Z,,1665,,2026-07-22T21:28:39.000Z,2026-06-22T21:28:39.000Z,1665,,,,,,Default/Fallback [July 2025] [25% one time / No entry modal],,06-22-2026,,07-08-2026,06-22-2026,06-22-2026,06-22-2026,,06-22-2026,07-22-2026
Wg783JG_a817112ea0948f3e,AzZuG7UcB8Vrh8TBJ,,Students; Monthly,,,[name],[name],,I only needed SuperSummary for a short time,i_have_too_much_product_1528073051,Project ended or taking a break,project_stop,,Needs (SaaS),needs,4,idk,,u_ee19ccce947e95d9,idk,,,1,,,Canceled,2026-07-08T03:19:18.000Z,2026-07-08T03:19:57.000Z,2026-07-23T01:00:03.000Z,,40.69,2026-07-23T01:00:03.000Z,cancel,Valid Cancel,monthly,2026-08-08T03:18:03.000Z,2026-08-08T03:18:03.000Z,9.95,9.95,9.95,Brightback,,,,,,,AzZuG7UcB8Vrh8TBJ,2025-02-08T03:00:35.000Z,,2025-02-08T03:18:03.000Z,,h_e080b26a59381bd3,,1,2025-02-08T03:18:03.000Z,USD,u_ee19ccce947e95d9,ACTIVE,h_3a34a0eda07137d0,[name],,,,2026-07-08T03:18:03.000Z,student,,1,monthly,2025-02-08T03:18:03.000Z,_UNKNOWN,995,MONTH,,,College,[name],2026-08-08T03:18:03.000Z,,995,,2026-08-08T03:18:03.000Z,2025-02-08T03:18:03.000Z,995,,,,,,Student Experience [July 2025] [40% forever / Modal],,02-08-2025,,07-08-2026,02-08-2025,02-08-2025,02-08-2025,,02-08-2025,08-08-2026
Wg781uR_81d9dfefa6af42b3,1662930,,Students; fallback,,,[name],[name],[name],I only needed SuperSummary for a short time,i_have_too_much_product_1528073051,Project ended or taking a break,project_stop,,Needs (SaaS),needs,8,,,u_e9210cd72fe85dd2,,,,0,16.65,,Canceled,2026-07-08T01:56:32.000Z,2026-07-08T01:56:53.000Z,2026-07-08T01:56:53.000Z,,40.75,2026-07-08T01:56:53.000Z,cancel,Valid Cancel,monthly,2026-08-02T15:47:48.000Z,2026-08-02T15:47:48.000Z,16.65,16.65,16.65,Brightback,,,,,,,1662930,2026-06-02T15:47:45.000Z,,2026-06-02T15:47:48.000Z,,h_03f7903ce931f3a2,,1,2026-06-02T15:47:48.000Z,USD,u_e9210cd72fe85dd2,ACTIVE,h_648dbf54ef039942,[name],16.65,monthly_plus,,2026-07-02T15:47:48.000Z,student,,1,monthly_plus,2026-06-02T15:47:48.000Z,_UNKNOWN,1665,MONTH,monthly_plus,,High School,[name],2026-08-02T15:47:48.000Z,,1665,,2026-08-02T15:47:48.000Z,2026-06-02T15:47:48.000Z,1665,[name],,https://www.supersummary.com/subscription,https://www.supersummary.com/subscription/confirming/cancel,,Student Experience [July 2025] [25% one-time / No Entry Modal],,06-02-2026,,07-08-2026,06-02-2026,06-02-2026,06-02-2026,,06-02-2026,08-02-2026
Wg781tC_9357943c32437928,1622742,,Teachers; fallback,,,[name],[name],[name],I only needed SuperSummary for a short time,i_have_too_much_product_1528073051,Project ended or taking a break,project_stop,,Needs (SaaS),needs,3,nothing it's no longer applicable to my needs,,u_b03e2251dfef7c59,you couldn't i dont need it,,,1,36.0,,Canceled,2026-07-08T01:55:22.000Z,2026-07-08T01:56:04.000Z,2026-07-08T01:56:04.000Z,,40.75,2026-07-08T01:56:04.000Z,cancel,Valid Cancel,annual,2027-04-30T23:03:36.000Z,2027-04-30T23:03:36.000Z,3.0,3.0,36.0,Brightback,,,,,,,1622742,2026-04-30T23:03:31.000Z,,2026-04-30T23:03:36.000Z,,h_cdae01d7a7af03ca,,1,2026-04-30T23:03:36.000Z,USD,u_b03e2251dfef7c59,ACTIVE,h_5e21ec044aaef7ef,[name],36.0,annual_essentials,,2026-04-30T23:03:36.000Z,teacher,,1,annual_essentials,2026-04-30T23:03:36.000Z,_UNKNOWN,3600,YEAR,annual_essentials,,Postgrad Program,[name],2027-04-30T23:03:36.000Z,,300,,2027-04-30T23:03:36.000Z,2026-04-30T23:03:36.000Z,3600,[name],,https://www.supersummary.com/subscription,https://www.supersummary.com/subscription/confirming/cancel,,Teacher Experience [July 2025] [40% one-time / Modal],,04-30-2026,,07-08-2026,04-30-2026,04-30-2026,04-30-2026,,04-30-2026,04-30-2027
Wg7811e_94100a65ff28573b,AzyV8nVOjQzi32eVY,,Students; fallback,,,[name],[name],,I only needed SuperSummary for a short time,i_have_too_much_product_1528073051,Project ended or taking a break,project_stop,,Needs (SaaS),needs,1,,,u_d74387c792ed9e65,,,,0,,,Canceled,2026-07-08T01:01:43.000Z,2026-07-08T01:02:08.000Z,2026-07-08T01:02:08.000Z,,40.79,2026-07-08T01:02:08.000Z,cancel,Valid Cancel,monthly,2026-08-07T23:10:59.000Z,2026-08-07T23:10:59.000Z,9.95,9.95,9.95,Brightback,,,,,,,AzyV8nVOjQzi32eVY,2026-07-07T23:10:58.000Z,,2026-07-07T23:10:59.000Z,,h_2dafa0c497716d51,,1,2026-07-07T23:10:59.000Z,USD,u_d74387c792ed9e65,ACTIVE,h_c9454e6d4653ecfe,[name],,,,2026-07-07T23:10:59.000Z,student,,1,monthly_essentials,2026-07-07T23:10:59.000Z,_UNKNOWN,995,MONTH,,,High School,[name],2026-08-07T23:10:59.000Z,,995,,2026-08-07T23:10:59.000Z,2026-07-07T23:10:59.000Z,995,,,,,,Student Experience [July 2025] [25% one-time / No Entry Modal],,07-07-2026,,07-08-2026,07-07-2026,07-07-2026,07-07-2026,,07-07-2026,08-07-2026
Wg7810k_9b04a118b218288c,16BQ3qV4v7ByA2jAO,,Students; fallback,,,[name],[name],,I only needed SuperSummary for a short time,i_have_too_much_product_1528073051,Project ended or taking a break,project_stop,,Needs (SaaS),needs,1,,,u_a89de74641f737b4,,,,0,,,Canceled,2026-07-08T01:00:50.000Z,2026-07-08T01:01:14.000Z,2026-07-08T01:01:14.000Z,,40.79,2026-07-08T01:01:14.000Z,cancel,Valid Cancel,monthly,2026-07-09T21:29:59.000Z,2026-07-09T21:29:59.000Z,9.95,9.95,9.95,Brightback,,,,,,,16BQ3qV4v7ByA2jAO,2025-12-09T21:29:58.000Z,,2025-12-09T21:29:59.000Z,,h_dc897e580a2f20fe,,1,2025-12-09T21:29:59.000Z,USD,u_a89de74641f737b4,ACTIVE,h_310e784360181c4d,[name],,,,2026-06-09T21:29:59.000Z,student,,1,monthly_essentials,2025-12-09T21:29:59.000Z,_UNKNOWN,995,MONTH,,,College,[name],2026-07-09T21:29:59.000Z,,995,,2026-07-09T21:29:59.000Z,2025-12-09T21:29:59.000Z,995,,,,,,Student Experience [July 2025] [25% one-time / No Entry Modal],,12-09-2025,,07-08-2026,12-09-2025,12-09-2025,12-09-2025,,12-09-2025,07-09-2026
Wg780sH_b5db798745102de5,1383402,,Parents; fallback,,,[name],[name],[name],I only needed SuperSummary for a short time,i_have_too_much_product_1528073051,Project ended or taking a break,project_stop,,Needs (SaaS),needs,4,,,u_248682d603f53535,,,,0,9.95,,Canceled,2026-07-08T00:54:22.000Z,2026-07-08T00:54:47.000Z,2026-07-08T00:54:47.000Z,,40.79,2026-07-08T00:54:47.000Z,cancel,Valid Cancel,monthly,2026-07-18T00:02:25.000Z,2026-07-18T00:02:25.000Z,9.95,9.95,9.95,Brightback,,,,,,,1383402,2025-10-31T02:00:30.000Z,,2026-03-18T00:02:25.000Z,,h_cb482b54f5489718,,1,2026-03-18T00:02:25.000Z,USD,u_248682d603f53535,ACTIVE,h_8816c36e3a70e82a,[name],9.95,monthly_essentials,,2026-06-18T00:02:25.000Z,parent_of_student,,1,monthly_essentials,2026-03-18T00:02:25.000Z,_UNKNOWN,995,MONTH,monthly_essentials,,Middle School,[name],2026-07-18T00:02:25.000Z,,995,,2026-07-18T00:02:25.000Z,2026-03-18T00:02:25.000Z,995,[name],,https://www.supersummary.com/subscription,https://www.supersummary.com/subscription/confirming/cancel,,Parent Experience [July 2025] [25% one-time / No Entry Modal],,03-18-2026,,07-08-2026,03-18-2026,03-18-2026,10-31-2025,,03-18-2026,07-18-2026
Wg780AI_a6861b10b2d830f7,1229318,,fallback,,,[name],[name],[name],I only needed SuperSummary for a short time,i_have_too_much_product_1528073051,Project ended or taking a break,project_stop,,Needs (SaaS),needs,5,,,u_868e60dc66dbd12a,,,,0,36.0,,Canceled,2026-07-08T00:11:45.000Z,2026-07-08T00:12:16.000Z,2026-07-08T00:12:16.000Z,,40.82,2026-07-08T00:12:16.000Z,cancel,Valid Cancel,annual,2027-06-08T01:51:24.000Z,2027-06-08T01:51:24.000Z,3.0,3.0,36.0,Brightback,,,,,,,1229318,2025-06-08T01:51:22.000Z,,2025-06-08T01:51:24.000Z,,h_57deffe03c9f79af,,1,2025-06-08T01:51:24.000Z,USD,u_868e60dc66dbd12a,ACTIVE,h_06cf3d8e6b27fb61,[name],36.0,annual,,2026-06-08T01:51:24.000Z,other,,1,annual,2025-06-08T01:51:24.000Z,_UNKNOWN,3600,YEAR,annual,,,[name],2027-06-08T01:51:24.000Z,,300,,2027-06-08T01:51:24.000Z,2025-06-08T01:51:24.000Z,3600,[name],,https://www.supersummary.com/subscription,https://www.supersummary.com/subscription/confirming/cancel,,Default/Fallback [July 2025] [25% one time / No entry modal],,06-08-2025,,07-08-2026,06-08-2025,06-08-2025,06-08-2025,,06-08-2025,06-08-2027
Wg77NwU_97e3110c000b81d7,AzqhNPVMjqLdK2obG,,fallback,,,[name],[name],,I only needed SuperSummary for a short time,i_have_too_much_product_1528073051,Project ended or taking a break,project_stop,,Needs (SaaS),needs,9,,,u_76c23659e347f4d7,,,,0,,,Canceled,2026-07-07T23:58:34.000Z,2026-07-07T23:59:07.000Z,2026-07-07T23:59:07.000Z,,40.83,2026-07-07T23:59:07.000Z,cancel,Valid Cancel,monthly,2026-07-16T19:53:56.000Z,2026-07-16T19:53:56.000Z,16.65,16.65,16.65,Brightback,,,,,,,AzqhNPVMjqLdK2obG,2026-06-16T19:53:55.000Z,,2026-06-16T19:53:56.000Z,,h_2ce6ebda31764bbe,,1,2026-06-16T19:53:56.000Z,USD,u_76c23659e347f4d7,ACTIVE,h_e293cb10f9b819e0,[name],,,,2026-06-16T19:53:56.000Z,librarian,,1,monthly_plus,2026-06-16T19:53:56.000Z,_UNKNOWN,1665,MONTH,,,,[name],2026-07-16T19:53:56.000Z,,1665,,2026-07-16T19:53:56.000Z,2026-06-16T19:53:56.000Z,1665,,,,,,Default/Fallback [July 2025] [25% one time / No entry modal],,06-16-2026,,07-07-2026,06-16-2026,06-16-2026,06-16-2026,,06-16-2026,07-16-2026
Wg77NwE_845553bff9fda5ac,AzZnEiUA2ri8W5e5D,,Students; Monthly,,,[name],[name],,I only needed SuperSummary for a short time,i_have_too_much_product_1528073051,Project ended or taking a break,project_stop,,Needs (SaaS),needs,3,,,u_f26ad648ddd8dfbb,,,,0,,,Canceled,2026-07-07T23:58:16.000Z,2026-07-07T23:58:49.000Z,2026-07-07T23:58:49.000Z,,40.83,2026-07-07T23:58:49.000Z,cancel,Valid Cancel,monthly,2026-08-07T20:50:24.000Z,2026-08-07T20:50:24.000Z,9.95,9.95,9.95,Brightback,,,,,,,AzZnEiUA2ri8W5e5D,2024-04-15T19:52:26.000Z,,2024-04-15T19:52:29.000Z,,h_a4679f1444e915d9,,1,2024-04-15T19:52:29.000Z,USD,u_f26ad648ddd8dfbb,ACTIVE,h_692d6926a71cad8e,[name],,,,2026-07-07T20:50:24.000Z,student,,1,monthly,2024-04-15T19:52:29.000Z,_UNKNOWN,995,MONTH,,,College,[name],2026-08-07T20:50:24.000Z,,995,,2026-08-07T20:50:24.000Z,2024-04-15T19:52:29.000Z,995,,,,,,Student Experience [July 2025] [40% forever / Modal],,04-15-2024,,07-07-2026,04-15-2024,04-15-2024,04-15-2024,,04-15-2024,08-07-2026
Wg77NIG_baf4c33c383b2316,Azz6QOVCtVbvL4Aek,,Students; fallback,,,[name],[name],,I only needed SuperSummary for a short time,i_have_too_much_product_1528073051,Project ended or taking a break,project_stop,,Needs (SaaS),needs,1,,,u_e6f64de28a437f93,,,,0,,,Canceled,2026-07-07T23:18:22.000Z,2026-07-07T23:18:50.000Z,2026-07-07T23:18:50.000Z,,40.86,2026-07-07T23:18:50.000Z,cancel,Valid Cancel,monthly,2026-08-04T10:45:29.000Z,2026-08-04T10:45:29.000Z,9.95,9.95,9.95,Brightback,,,,,,,Azz6QOVCtVbvL4Aek,2026-03-04T10:45:25.000Z,,2026-03-04T10:45:29.000Z,,h_aca66ce52f4a2085,,1,2026-03-04T10:45:29.000Z,USD,u_e6f64de28a437f93,ACTIVE,h_10e8214aa85594d5,[name],,,,2026-07-04T10:45:29.000Z,student,,1,monthly_essentials,2026-03-04T10:45:29.000Z,_UNKNOWN,995,MONTH,,,College,[name],2026-08-04T10:45:29.000Z,,995,,2026-08-04T10:45:29.000Z,2026-03-04T10:45:29.000Z,995,,,,,,Student Experience [July 2025] [25% one-time / No Entry Modal],,03-04-2026,,07-07-2026,03-04-2026,03-04-2026,03-04-2026,,03-04-2026,08-04-2026
Wg77MLl_882db2a6feeb6b12,16COJlVNZCgwt1VKo,,Book Club Members; fallback,,,[name],[name],,I only needed SuperSummary for a short time,i_have_too_much_product_1528073051,Project ended or taking a break,project_stop,,Needs (SaaS),needs,5,Nothing ,,u_f0b5712cbca9bbfc,I only needed it for a single book.,,,1,,,Canceled,2026-07-07T22:21:49.000Z,2026-07-07T22:22:57.000Z,2026-07-07T22:22:58.000Z,,40.9,2026-07-07T22:22:58.000Z,cancel,Valid Cancel,monthly,2026-07-25T14:42:35.000Z,2026-07-25T14:42:35.000Z,9.95,9.95,9.95,Brightback,,,,,,,16COJlVNZCgwt1VKo,2026-06-25T14:42:33.000Z,,2026-06-25T14:42:35.000Z,,h_ab01c333b4f650f2,,1,2026-06-25T14:42:35.000Z,USD,u_f0b5712cbca9bbfc,ACTIVE,h_476481e07f0ec11e,[name],,,,2026-06-25T14:42:35.000Z,book_club_member,,1,monthly_essentials,2026-06-25T14:42:35.000Z,_UNKNOWN,995,MONTH,,,,[name],2026-07-25T14:42:35.000Z,,995,,2026-07-25T14:42:35.000Z,2026-06-25T14:42:35.000Z,995,,,,,,BCM Experience [July 2025] [25% one-time / No Entry Modal],,06-25-2026,,07-07-2026,06-25-2026,06-25-2026,06-25-2026,,06-25-2026,07-25-2026
Wg77Lsj_959b4eedbffd066a,1269784,,Teachers; fallback,,,[name],[name],[name],I only needed SuperSummary for a short time,i_have_too_much_product_1528073051,Project ended or taking a break,project_stop,,Needs (SaaS),needs,5,,,u_dfd1a66c209e9e29,,,,0,16.65,,Canceled,2026-07-07T21:54:50.000Z,2026-07-07T21:55:24.000Z,2026-07-07T21:55:24.000Z,,40.92,2026-07-07T21:55:24.000Z,cancel,Valid Cancel,monthly,2026-07-28T19:25:18.000Z,2026-07-28T19:25:18.000Z,16.65,16.65,16.65,Brightback,,,,,,,1269784,2026-05-28T19:25:15.000Z,,2026-05-28T19:25:18.000Z,,h_4ec3a3b2db0af85f,,1,2026-05-28T19:25:18.000Z,USD,u_dfd1a66c209e9e29,ACTIVE,h_d7a4bcb97f1667ce,[name],16.65,monthly_plus,,2026-06-28T19:25:18.000Z,teacher,,1,monthly_plus,2026-05-28T19:25:18.000Z,_UNKNOWN,1665,MONTH,monthly_plus,,other,[name],2026-07-28T19:25:18.000Z,,1665,,2026-07-28T19:25:18.000Z,2026-05-28T19:25:18.000Z,1665,[name],,https://www.supersummary.com/subscription,https://www.supersummary.com/subscription/confirming/cancel,,Teacher Experience [July 2025] [40% one-time / Modal],,05-28-2026,,07-07-2026,05-28-2026,05-28-2026,05-28-2026,,05-28-2026,07-28-2026
Wg77Lim_b88de8441291a90c,1692035,,Students; fallback,,,[name],[name],[name],I only needed SuperSummary for a short time,i_have_too_much_product_1528073051,Project ended or taking a break,project_stop,,Needs (SaaS),needs,6,,,u_7b528b4e365ac65a,,,,0,16.65,,Canceled,2026-07-07T21:44:54.000Z,2026-07-07T21:45:22.000Z,2026-07-07T21:45:22.000Z,,40.92,2026-07-07T21:45:22.000Z,cancel,Valid Cancel,monthly,2026-08-07T21:44:12.000Z,2026-08-07T21:44:12.000Z,16.65,16.65,16.65,Brightback,,,,,,,1692035,2026-07-07T21:44:11.000Z,,2026-07-07T21:44:12.000Z,,h_397c3aa853b011a3,,1,2026-07-07T21:44:12.000Z,USD,u_7b528b4e365ac65a,ACTIVE,h_7cad3e3b31716d5d,[name],16.65,monthly_plus,,2026-07-07T21:44:12.000Z,student,,1,monthly_plus,2026-07-07T21:44:12.000Z,_UNKNOWN,1665,MONTH,monthly_plus,,College,[name],2026-08-07T21:44:12.000Z,,1665,,2026-08-07T21:44:12.000Z,2026-07-07T21:44:12.000Z,1665,[name],,https://www.supersummary.com/subscription,https://www.supersummary.com/subscription/confirming/cancel,,Student Experience [July 2025] [25% one-time / No Entry Modal],,07-07-2026,,07-07-2026,07-07-2026,07-07-2026,07-07-2026,,07-07-2026,08-07-2026
Wg77KVd_9ee4f6d38eb07cad,AzqFN2VOiak5o2Qua,,Students; fallback,,,[name],[name],,I only needed SuperSummary for a short time,i_have_too_much_product_1528073051,Project ended or taking a break,project_stop,,Needs (SaaS),needs,10,This was my last class,,u_eed2a9788e3921f6,offered a free trial ,,,1,,,Canceled,2026-07-07T20:31:47.000Z,2026-07-07T20:32:53.000Z,2026-07-07T20:32:53.000Z,,40.97,2026-07-07T20:32:53.000Z,cancel,Valid Cancel,annual,2026-07-08T06:17:01.000Z,2026-07-08T06:17:01.000Z,5.0,5.0,60.0,Brightback,,,,,,,AzqFN2VOiak5o2Qua,2026-07-07T19:43:25.000Z,,2026-07-07T19:43:26.000Z,,h_40afc4d343bffa80,,1,2026-07-07T19:43:26.000Z,USD,u_eed2a9788e3921f6,ACTIVE,h_064d81ddf020fdee,[name],,,,2026-07-07T19:43:26.000Z,student,,1,annual_plus,2026-07-07T19:43:26.000Z,_UNKNOWN,6000,YEAR,,,Postgrad Program,[name],2027-07-07T19:43:26.000Z,,500,,2027-07-07T19:43:26.000Z,2026-07-07T19:43:26.000Z,6000,,,,,,Student Experience [July 2025] [25% one-time / No Entry Modal],,07-07-2026,,07-07-2026,07-07-2026,07-07-2026,07-07-2026,,07-07-2026,07-07-2027
Wg77Kpb_b2d1d224feb3bd2a,16BYghVOirTJn2aPD,,Students; fallback,,,[name],[name],,I only needed SuperSummary for a short time,i_have_too_much_product_1528073051,Project ended or taking a break,project_stop,,Needs (SaaS),needs,4,Litcharts ,,u_8dd5df6e3419c306,,,,0,,,Canceled,2026-07-07T20:51:41.000Z,2026-07-07T20:52:23.000Z,2026-07-07T20:52:24.000Z,,40.96,2026-07-07T20:52:24.000Z,cancel,Valid Cancel,annual,2027-07-07T20:49:53.000Z,2027-07-07T20:49:53.000Z,5.0,5.0,60.0,Brightback,,,,,,,16BYghVOirTJn2aPD,2025-03-29T15:18:22.000Z,,2026-07-07T20:49:53.000Z,,h_e50b090b3c1ffb74,,1,2026-07-07T20:49:53.000Z,USD,u_8dd5df6e3419c306,ACTIVE,h_6eef18840a474627,[name],,,,2026-07-07T20:49:53.000Z,student,,1,annual_plus,2026-07-07T20:49:53.000Z,_UNKNOWN,6000,YEAR,,,High School,[name],2027-07-07T20:49:53.000Z,,500,,2027-07-07T20:49:53.000Z,2026-07-07T20:49:53.000Z,6000,,,,,,Student Experience [July 2025] [25% one-time / No Entry Modal],,07-07-2026,,07-07-2026,07-07-2026,07-07-2026,03-29-2025,,07-07-2026,07-07-2027
Wg77IIY_8ac585536ef7e8ec,AzZNKMUqHo7po2hTz,,Book Club Members; Annual,,,[name],[name],,I only needed SuperSummary for a short time,i_have_too_much_product_1528073051,Project ended or taking a break,project_stop,,Needs (SaaS),needs,5,,,u_c02f7e5eab75896c,,,,0,,,Canceled,2026-07-07T18:18:37.000Z,2026-07-07T18:19:03.000Z,2026-07-07T18:19:03.000Z,,41.07,2026-07-07T18:19:03.000Z,cancel,Valid Cancel,annual,2027-07-07T17:25:19.000Z,2027-07-07T17:25:19.000Z,3.0,3.0,36.0,Brightback,,,,,,,AzZNKMUqHo7po2hTz,2025-07-07T17:25:16.000Z,,2025-07-07T17:25:19.000Z,,h_610aef470d5bd13d,,1,2025-07-07T17:25:19.000Z,USD,u_c02f7e5eab75896c,ACTIVE,h_5dcea85234016fd7,[name],,,,2026-07-07T17:25:19.000Z,book_club_member,,1,annual,2025-07-07T17:25:19.000Z,_UNKNOWN,3600,YEAR,,,,[name],2027-07-07T17:25:19.000Z,,300,,2027-07-07T17:25:19.000Z,2025-07-07T17:25:19.000Z,3600,,,,,,BCM Experience [July 2025] [25% one-time / No Entry Modal],,07-07-2025,,07-07-2026,07-07-2025,07-07-2025,07-07-2025,,07-07-2025,07-07-2027
Wg77HUk_9dbb8aa231235586,1677810,,Book Club Members; fallback,,,[name],[name],[name],I only needed SuperSummary for a short time,i_have_too_much_product_1528073051,Project ended or taking a break,project_stop,,Needs (SaaS),needs,5,,,u_a59005c84c51c954,,,,0,9.95,,Canceled,2026-07-07T17:30:59.000Z,2026-07-07T17:32:45.000Z,2026-07-07T17:33:18.000Z,,41.1,2026-07-07T17:33:18.000Z,cancel,Valid Cancel,monthly,2026-07-17T18:30:03.000Z,2026-07-17T18:30:03.000Z,9.95,9.95,9.95,Brightback,,,,,,,1677810,2026-06-17T18:30:00.000Z,,2026-06-17T18:30:03.000Z,,h_e2adfe0e33bc70dc,,1,2026-06-17T18:30:03.000Z,USD,u_a59005c84c51c954,ACTIVE,h_b7f1c5213ccc6e49,[name],9.95,monthly_essentials,,2026-06-17T18:30:03.000Z,book_club_member,,1,monthly_essentials,2026-06-17T18:30:03.000Z,_UNKNOWN,995,MONTH,monthly_essentials,,,[name],2026-07-17T18:30:03.000Z,,995,,2026-07-17T18:30:03.000Z,2026-06-17T18:30:03.000Z,995,[name],,https://www.supersummary.com/subscription,https://www.supersummary.com/subscription/confirming/cancel,,BCM Experience [July 2025] [25% one-time / No Entry Modal],,06-17-2026,,07-07-2026,06-17-2026,06-17-2026,06-17-2026,,06-17-2026,07-17-2026
Wg77Fl8_bcbe75b140963ed4,1691748,,Students; fallback,,,[name],[name],[name],I only needed SuperSummary for a short time,i_have_too_much_product_1528073051,Project ended or taking a break,project_stop,,Needs (SaaS),needs,5,,,u_88eb00ada081259e,,,,0,36.0,,Canceled,2026-07-07T15:47:11.000Z,2026-07-07T15:47:24.000Z,2026-07-07T15:47:24.000Z,,41.17,2026-07-07T15:47:24.000Z,cancel,Valid Cancel,annual,2027-07-07T15:45:28.000Z,2027-07-07T15:45:28.000Z,3.0,3.0,36.0,Brightback,,,,,,,1691748,2026-07-07T15:45:26.000Z,,2026-07-07T15:45:28.000Z,,h_ca63882be57ce64a,,1,2026-07-07T15:45:28.000Z,USD,u_88eb00ada081259e,ACTIVE,h_a10bb9beb28d29db,[name],36.0,annual_essentials,,2026-07-07T15:45:28.000Z,student,,1,annual_essentials,2026-07-07T15:45:28.000Z,_UNKNOWN,3600,YEAR,annual_essentials,,College,[name],2027-07-07T15:45:28.000Z,,300,,2027-07-07T15:45:28.000Z,2026-07-07T15:45:28.000Z,3600,[name],,https://www.supersummary.com/subscription,https://www.supersummary.com/subscription/confirming/cancel,,Student Experience [July 2025] [25% one-time / No Entry Modal],,07-07-2026,,07-07-2026,07-07-2026,07-07-2026,07-07-2026,,07-07-2026,07-07-2027
Wg77EVU_9baa91b32cf55d37,1691663,,Parents; fallback,,,[name],[name],[name],I only needed SuperSummary for a short time,i_have_too_much_product_1528073051,Project ended or taking a break,project_stop,,Needs (SaaS),needs,6,,,u_aaf3482b7bb5df2e,,,,0,36.0,,Canceled,2026-07-07T14:31:36.000Z,2026-07-07T14:32:00.000Z,2026-07-07T14:32:00.000Z,,41.22,2026-07-07T14:32:00.000Z,cancel,Valid Cancel,annual,2027-07-07T14:06:12.000Z,2027-07-07T14:06:12.000Z,3.0,3.0,36.0,Brightback,,,,,,,1691663,2026-07-07T14:06:09.000Z,,2026-07-07T14:06:12.000Z,,h_5f437931102590d5,,1,2026-07-07T14:06:12.000Z,USD,u_aaf3482b7bb5df2e,ACTIVE,h_f7977ea31e0b54e5,[name],36.0,annual_essentials,,2026-07-07T14:06:12.000Z,parent_of_student,,1,annual_essentials,2026-07-07T14:06:12.000Z,_UNKNOWN,3600,YEAR,annual_essentials,,other,[name],2027-07-07T14:06:12.000Z,,300,,2027-07-07T14:06:12.000Z,2026-07-07T14:06:12.000Z,3600,[name],,https://www.supersummary.com/subscription,https://www.supersummary.com/subscription/confirming/cancel,,Parent Experience [July 2025] [25% one-time / No Entry Modal],,07-07-2026,,07-07-2026,07-07-2026,07-07-2026,07-07-2026,,07-07-2026,07-07-2027
Wg77DLm_8787cae9bfa1d406,1600025,,Parents; fallback,,,[name],[name],[name],I only needed SuperSummary for a short time,i_have_too_much_product_1528073051,Project ended or taking a break,project_stop,,Needs (SaaS),needs,10,none,,u_5c15771b67dcad69,you were great help,,,1,36.0,,Canceled,2026-07-07T13:22:07.000Z,2026-07-07T13:24:13.000Z,2026-07-07T13:25:48.000Z,,41.27,2026-07-07T13:25:48.000Z,cancel,Valid Cancel,annual,2027-04-15T04:11:25.000Z,2027-04-15T04:11:25.000Z,3.0,3.0,36.0,Brightback,,,,,,,1600025,2026-04-15T04:11:22.000Z,,2026-04-15T04:11:25.000Z,,h_d54baf175704c35c,,1,2026-04-15T04:11:25.000Z,USD,u_5c15771b67dcad69,ACTIVE,h_7327bdb9fb774697,[name],36.0,annual_essentials,,2026-04-15T04:11:25.000Z,parent_of_student,,1,annual_essentials,2026-04-15T04:11:25.000Z,_UNKNOWN,3600,YEAR,annual_essentials,,College,[name],2027-04-15T04:11:25.000Z,,300,,2027-04-15T04:11:25.000Z,2026-04-15T04:11:25.000Z,3600,[name],,https://www.supersummary.com/subscription,https://www.supersummary.com/subscription/confirming/cancel,,Parent Experience [July 2025] [25% one-time / No Entry Modal],,04-15-2026,,07-07-2026,04-15-2026,04-15-2026,04-15-2026,,04-15-2026,04-15-2027
Wg77DK2_ae655827b6a93034,AzytJcVOdcjm5Ca1u,,Parents; fallback,,,[name],[name],,I only needed SuperSummary for a short time,i_have_too_much_product_1528073051,Project ended or taking a break,project_stop,,Needs (SaaS),needs,5,,,u_1e6968e46a07177e,,,,0,,,Canceled,2026-07-07T13:20:07.000Z,2026-07-07T13:20:44.000Z,2026-07-07T13:20:45.000Z,,41.27,2026-07-07T13:20:45.000Z,cancel,Valid Cancel,annual,2027-07-06T23:20:00.000Z,2027-07-06T23:20:00.000Z,5.0,5.0,60.0,Brightback,,,,,,,AzytJcVOdcjm5Ca1u,2026-07-06T23:19:58.000Z,,2026-07-06T23:20:00.000Z,,h_49dd23d91554ff40,,1,2026-07-06T23:20:00.000Z,USD,u_1e6968e46a07177e,ACTIVE,h_ac3d06c061fc51e2,[name],,,,2026-07-06T23:20:00.000Z,parent_of_student,,1,annual_plus,2026-07-06T23:20:00.000Z,_UNKNOWN,6000,YEAR,,,Postgrad Program,[name],2027-07-06T23:20:00.000Z,,500,,2027-07-06T23:20:00.000Z,2026-07-06T23:20:00.000Z,6000,,,,,,Parent Experience [July 2025] [25% one-time / No Entry Modal],,07-06-2026,,07-07-2026,07-06-2026,07-06-2026,07-06-2026,,07-06-2026,07-06-2027
Wg77CT3_b9fa961024451520,1631250,,Students; fallback,,,[name],[name],[name],I only needed SuperSummary for a short time,i_have_too_much_product_1528073051,Project ended or taking a break,project_stop,,Needs (SaaS),needs,5,Nothing,,u_c00db9be4b409aef,,,,0,9.95,,Canceled,2026-07-07T12:29:08.000Z,2026-07-07T12:29:36.000Z,2026-07-13T20:02:51.000Z,,41.31,2026-07-13T20:02:51.000Z,cancel,Valid Cancel,monthly,2026-08-07T11:35:31.000Z,2026-08-07T11:35:31.000Z,9.95,9.95,9.95,Brightback,,,,,,,1631250,2026-05-07T11:35:29.000Z,,2026-05-07T11:35:31.000Z,,h_be1d7a491f3a1d0c,,1,2026-05-07T11:35:31.000Z,USD,u_c00db9be4b409aef,ACTIVE,h_0e6264cb13658356,[name],9.95,monthly_essentials,,2026-07-07T11:35:31.000Z,student,,1,monthly_essentials,2026-05-07T11:35:31.000Z,_UNKNOWN,995,MONTH,monthly_essentials,,Postgrad Program,[name],2026-08-07T11:35:31.000Z,,995,,2026-08-07T11:35:31.000Z,2026-05-07T11:35:31.000Z,995,[name],,https://www.supersummary.com/subscription,https://www.supersummary.com/subscription/confirming/cancel,,Student Experience [July 2025] [25% one-time / No Entry Modal],,05-07-2026,,07-07-2026,05-07-2026,05-07-2026,05-07-2026,,05-07-2026,08-07-2026
Wg77CKg_9446e5fb0aebdab3,AzysC5VCp0JTj1opy,,Teachers; fallback,,,[name],[name],,I only needed SuperSummary for a short time,i_have_too_much_product_1528073051,Project ended or taking a break,project_stop,,Needs (SaaS),needs,6,,,u_7f8fa9ea28955b51,,,,0,,,Canceled,2026-07-07T12:20:44.000Z,2026-07-07T12:21:32.000Z,2026-07-07T12:21:32.000Z,,41.32,2026-07-07T12:21:32.000Z,cancel,Valid Cancel,monthly,2026-08-03T16:16:05.000Z,2026-08-03T16:16:05.000Z,9.95,9.95,9.95,Brightback,,,,,,,AzysC5VCp0JTj1opy,2026-03-03T16:16:03.000Z,,2026-03-03T16:16:05.000Z,,h_1e662eb2ed931feb,,1,2026-03-03T16:16:05.000Z,USD,u_7f8fa9ea28955b51,ACTIVE,h_af26dd4a6af9a5d4,[name],,,,2026-07-03T16:16:05.000Z,teacher,,1,monthly_essentials,2026-03-03T16:16:05.000Z,_UNKNOWN,995,MONTH,,,College,[name],2026-08-03T16:16:05.000Z,,995,,2026-08-03T16:16:05.000Z,2026-03-03T16:16:05.000Z,995,,,,,,Teacher Experience [July 2025] [40% one-time / Modal],,03-03-2026,,07-07-2026,03-03-2026,03-03-2026,03-03-2026,,03-03-2026,08-03-2026
Wg77CIn_8da3f06813b139a6,AzZZUqVOVjz5C9YXp,,Students; fallback,,,[name],[name],,I only needed SuperSummary for a short time,i_have_too_much_product_1528073051,Project ended or taking a break,project_stop,,Needs (SaaS),needs,5,,,u_e59462ece8634d85,,,,0,,,Canceled,2026-07-07T12:18:57.000Z,2026-07-07T12:19:19.000Z,2026-07-07T12:19:19.000Z,,41.32,2026-07-07T12:19:19.000Z,cancel,Valid Cancel,monthly,2026-08-05T14:58:37.000Z,2026-08-05T14:58:37.000Z,16.65,16.65,16.65,Brightback,,,,,,,AzZZUqVOVjz5C9YXp,2026-07-05T14:58:33.000Z,,2026-07-05T14:58:37.000Z,,h_c5293f1e26582d9d,,1,2026-07-05T14:58:37.000Z,USD,u_e59462ece8634d85,ACTIVE,h_0b9a2951ec216e40,[name],,,,2026-07-05T14:58:37.000Z,student,,1,monthly_plus,2026-07-05T14:58:37.000Z,_UNKNOWN,1665,MONTH,,,High School,[name],2026-08-05T14:58:37.000Z,,1665,,2026-08-05T14:58:37.000Z,2026-07-05T14:58:37.000Z,1665,,,,,,Student Experience [July 2025] [25% one-time / No Entry Modal],,07-05-2026,,07-07-2026,07-05-2026,07-05-2026,07-05-2026,,07-05-2026,08-05-2026
Wg77CD6_94dd66e9560c0a35,1489447,,Students; fallback,,,[name],[name],[name],I only needed SuperSummary for a short time,i_have_too_much_product_1528073051,Project ended or taking a break,project_stop,,Needs (SaaS),needs,1,,,u_9c28793e9134e73f,,,,0,16.65,,Canceled,2026-07-07T12:13:11.000Z,2026-07-07T12:13:47.000Z,2026-07-07T12:13:47.000Z,,41.32,2026-07-07T12:13:47.000Z,cancel,Valid Cancel,monthly,2026-07-10T23:21:32.000Z,2026-07-10T23:21:32.000Z,16.65,16.65,16.65,Brightback,,,,,,,1489447,2026-02-10T23:21:29.000Z,,2026-02-10T23:21:32.000Z,,h_c7de0f60f754a39f,,1,2026-02-10T23:21:32.000Z,USD,u_9c28793e9134e73f,ACTIVE,h_74e0298d396bb374,[name],16.65,monthly_plus,,2026-06-10T23:21:32.000Z,student,,1,monthly_plus,2026-02-10T23:21:32.000Z,_UNKNOWN,1665,MONTH,monthly_plus,,College,[name],2026-07-10T23:21:32.000Z,,1665,,2026-07-10T23:21:32.000Z,2026-02-10T23:21:32.000Z,1665,[name],,https://www.supersummary.com/subscription,https://www.supersummary.com/subscription/confirming/cancel,,Student Experience [July 2025] [25% one-time / No Entry Modal],,02-10-2026,,07-07-2026,02-10-2026,02-10-2026,02-10-2026,,02-10-2026,07-10-2026
Wg779EJ_9ed0689d2ae26317,169xvYUNV0wkH2FkV,,Teachers; Annual,,,[name],[name],,I only needed SuperSummary for a short time,i_have_too_much_product_1528073051,Project ended or taking a break,project_stop,,Needs (SaaS),needs,5,,,u_3f7d1d6a140813eb,,,,0,,,Canceled,2026-07-07T09:14:32.000Z,2026-07-07T09:15:15.000Z,2026-07-07T09:15:15.000Z,,41.44,2026-07-07T09:15:15.000Z,cancel,Valid Cancel,annual,2026-09-05T11:40:14.000Z,2026-09-05T11:40:14.000Z,3.0,3.0,36.0,Brightback,,,,,,,169xvYUNV0wkH2FkV,2024-09-05T11:40:12.000Z,,2024-09-05T11:40:14.000Z,,h_8d330f7a899e602a,,1,2024-09-05T11:40:14.000Z,USD,u_3f7d1d6a140813eb,ACTIVE,h_c1cba7ccb4348ee8,[name],,,,2025-09-05T11:40:14.000Z,teacher,,1,annual,2024-09-05T11:40:14.000Z,_UNKNOWN,3600,YEAR,,,Middle School,[name],2026-09-05T11:40:14.000Z,,300,,2026-09-05T11:40:14.000Z,2024-09-05T11:40:14.000Z,3600,,,,,,Teacher Experience [July 2025] [40% one-time / Modal],,09-05-2024,,07-07-2026,09-05-2024,09-05-2024,09-05-2024,,09-05-2024,09-05-2026
Wg775me_b4e66d93576ce401,6om66VOfBVVHNSX,,Students; fallback,,,[name],[name],,I only needed SuperSummary for a short time,i_have_too_much_product_1528073051,Project ended or taking a break,project_stop,,Needs (SaaS),needs,10,,,u_482f0a950cbb3e98,,,,0,,,Canceled,2026-07-07T05:48:42.000Z,2026-07-07T05:49:00.000Z,2026-07-07T05:49:00.000Z,,41.59,2026-07-07T05:49:00.000Z,cancel,Valid Cancel,monthly,2026-08-07T05:44:23.000Z,2026-08-07T05:44:23.000Z,16.65,16.65,16.65,Brightback,,,,,,,6om66VOfBVVHNSX,2026-07-07T05:44:21.000Z,,2026-07-07T05:44:23.000Z,,h_d2ba0396cc2c93ba,,1,2026-07-07T05:44:23.000Z,USD,u_482f0a950cbb3e98,ACTIVE,h_09447e56a11da58c,[name],,,,2026-07-07T05:44:23.000Z,student,,1,monthly_plus,2026-07-07T05:44:23.000Z,_UNKNOWN,1665,MONTH,,,College,[name],2026-08-07T05:44:23.000Z,,1665,,2026-08-07T05:44:23.000Z,2026-07-07T05:44:23.000Z,1665,,,,,,Student Experience [July 2025] [25% one-time / No Entry Modal],,07-07-2026,,07-07-2026,07-07-2026,07-07-2026,07-07-2026,,07-07-2026,08-07-2026
Wg774U1_9b3c99428bfc9fc6,AzqYiHVG4YjKB3e1g,,Book Club Members; fallback,,,[name],[name],,I only needed SuperSummary for a short time,i_have_too_much_product_1528073051,Project ended or taking a break,project_stop,,Needs (SaaS),needs,3,,,u_54f4f643b0384c33,,,,0,,,Canceled,2026-07-07T04:30:02.000Z,2026-07-07T04:30:19.000Z,2026-07-07T04:30:19.000Z,,41.64,2026-07-07T04:30:19.000Z,cancel,Valid Cancel,monthly,2026-08-07T03:33:31.000Z,2026-08-07T03:33:31.000Z,16.65,16.65,16.65,Brightback,,,,,,,AzqYiHVG4YjKB3e1g,2026-04-07T03:33:29.000Z,,2026-04-07T03:33:31.000Z,,h_a9b85b835eb9ff67,,1,2026-04-07T03:33:31.000Z,USD,u_54f4f643b0384c33,ACTIVE,h_5f3a577ad478e648,[name],,,,2026-07-07T03:33:31.000Z,book_club_member,,1,monthly_plus,2026-04-07T03:33:31.000Z,_UNKNOWN,1665,MONTH,,,,[name],2026-08-07T03:33:31.000Z,,1665,,2026-08-07T03:33:31.000Z,2026-04-07T03:33:31.000Z,1665,,,,,,BCM Experience [July 2025] [25% one-time / No Entry Modal],,04-07-2026,,07-07-2026,04-07-2026,04-07-2026,04-07-2026,,04-07-2026,08-07-2026
Wg7745A_bb20c93e94e175af,1687082,,Students; fallback,,,[name],[name],[name],I only needed SuperSummary for a short time,i_have_too_much_product_1528073051,Project ended or taking a break,project_stop,,Needs (SaaS),needs,1,nothing,,u_6631f0f9759dbc5c,,,,0,36.0,,Canceled,2026-07-07T04:05:26.000Z,2026-07-07T04:05:49.000Z,2026-07-07T04:05:49.000Z,,41.66,2026-07-07T04:05:49.000Z,cancel,Valid Cancel,annual,2027-06-30T06:11:48.000Z,2027-06-30T06:11:48.000Z,3.0,3.0,36.0,Brightback,,,,,,,1687082,2026-06-30T06:11:47.000Z,,2026-06-30T06:11:48.000Z,,h_13795885758f8ad4,,1,2026-06-30T06:11:48.000Z,USD,u_6631f0f9759dbc5c,ACTIVE,h_290e44f820db9cf7,[name],36.0,annual_essentials,,2026-06-30T06:11:48.000Z,student,,1,annual_essentials,2026-06-30T06:11:48.000Z,_UNKNOWN,3600,YEAR,annual_essentials,,College,[name],2027-06-30T06:11:48.000Z,,300,,2027-06-30T06:11:48.000Z,2026-06-30T06:11:48.000Z,3600,[name],,https://www.supersummary.com/subscription,https://www.supersummary.com/subscription/confirming/cancel,,Student Experience [July 2025] [25% one-time / No Entry Modal],,06-30-2026,,07-07-2026,06-30-2026,06-30-2026,06-30-2026,,06-30-2026,06-30-2027
Wg773OY_90e9736ed02b3b82,6oaoYV7aElUj96t,,Book Club Members; fallback,,,[name],[name],,I only needed SuperSummary for a short time,i_have_too_much_product_1528073051,Project ended or taking a break,project_stop,,Needs (SaaS),needs,5,,,u_fa96d267927e448d,,,,0,,,Canceled,2026-07-07T03:25:39.000Z,2026-07-07T03:27:24.000Z,2026-07-07T03:27:24.000Z,,41.69,2026-07-07T03:27:24.000Z,cancel,Valid Cancel,monthly,2026-08-07T03:15:00.000Z,2026-08-07T03:15:00.000Z,16.65,16.65,16.65,Brightback,,,,,,,6oaoYV7aElUj96t,2026-01-07T03:14:58.000Z,,2026-01-07T03:15:00.000Z,,h_7a6e3ab06c2eed4b,,1,2026-01-07T03:15:00.000Z,USD,u_fa96d267927e448d,ACTIVE,h_7672abbda5320310,[name],,,,2026-07-07T03:15:00.000Z,book_club_member,,1,monthly_plus,2026-01-07T03:15:00.000Z,_UNKNOWN,1665,MONTH,,,,[name],2026-08-07T03:15:00.000Z,,1665,,2026-08-07T03:15:00.000Z,2026-01-07T03:15:00.000Z,1665,,,,,,BCM Experience [July 2025] [25% one-time / No Entry Modal],,01-07-2026,,07-07-2026,01-07-2026,01-07-2026,01-07-2026,,01-07-2026,08-07-2026
Wg76Nrf_947f6c552af5b1d8,AzqJJRTcIjP2sIFqN,,Students; Annual,,,[name],[name],,I only needed SuperSummary for a short time,i_have_too_much_product_1528073051,Project ended or taking a break,project_stop,,Needs (SaaS),needs,3,,,u_fb259e13c8689cf0,,,,0,,,Canceled,2026-07-06T23:53:46.000Z,2026-07-06T23:54:14.000Z,2026-07-06T23:54:14.000Z,,41.83,2026-07-06T23:54:14.000Z,cancel,Valid Cancel,annual,2027-04-24T00:37:54.000Z,2027-04-24T00:37:54.000Z,3.0,3.0,36.0,Brightback,,,,,,,AzqJJRTcIjP2sIFqN,2023-04-24T00:37:53.000Z,,2023-04-24T00:37:54.000Z,,h_d1b97ad76a41818e,,1,2023-04-24T00:37:54.000Z,USD,u_fb259e13c8689cf0,ACTIVE,h_af0a52ff98600c71,[name],,,,2026-04-24T00:37:54.000Z,student,,1,annual,2023-04-24T00:37:54.000Z,_UNKNOWN,3600,YEAR,,,High School,[name],2027-04-24T00:37:54.000Z,,300,,2027-04-24T00:37:54.000Z,2023-04-24T00:37:54.000Z,3600,,,,,,Student Experience [July 2025] [25% one-time / No Entry Modal],,04-24-2023,,07-06-2026,04-24-2023,04-24-2023,04-24-2023,,04-24-2023,04-24-2027
Wg76NIb_ac70e318f06da356,1691201,,Students; fallback,,,[name],[name],[name],I only needed SuperSummary for a short time,i_have_too_much_product_1528073051,Project ended or taking a break,project_stop,,Needs (SaaS),needs,2,,,u_6b5a20fe69ff6266,,,,0,36.0,,Canceled,2026-07-06T23:18:44.000Z,2026-07-06T23:19:12.000Z,2026-07-06T23:19:13.000Z,,41.86,2026-07-06T23:19:13.000Z,cancel,Valid Cancel,annual,2027-07-06T22:19:06.000Z,2027-07-06T22:19:06.000Z,3.0,3.0,36.0,Brightback,,,,,,,1691201,2026-07-06T22:19:03.000Z,,2026-07-06T22:19:06.000Z,,h_e9d72d6929a99fde,,1,2026-07-06T22:19:06.000Z,USD,u_6b5a20fe69ff6266,ACTIVE,h_a062dc8903d0cd0e,[name],36.0,annual_essentials,,2026-07-06T22:19:06.000Z,student,,1,annual_essentials,2026-07-06T22:19:06.000Z,_UNKNOWN,3600,YEAR,annual_essentials,,Postgrad Program,[name],2027-07-06T22:19:06.000Z,,300,,2027-07-06T22:19:06.000Z,2026-07-06T22:19:06.000Z,3600,[name],,https://www.supersummary.com/subscription,https://www.supersummary.com/subscription/confirming/cancel,,Student Experience [July 2025] [25% one-time / No Entry Modal],,07-06-2026,,07-06-2026,07-06-2026,07-06-2026,07-06-2026,,07-06-2026,07-06-2027
Wg76N2Y_a92ea1d3519a0044,1507034,,Book Club Members; fallback,,,[name],[name],[name],I only needed SuperSummary for a short time,i_have_too_much_product_1528073051,Project ended or taking a break,project_stop,,Needs (SaaS),needs,7,reading the book in full as well as using Audible app as well as feedback from local book clubs,,u_8e91a79c2998b3e4,My experience was good and I may return one day if needed.,,,1,60.0,,Canceled,2026-07-06T23:02:55.000Z,2026-07-06T23:06:00.000Z,2026-07-06T23:06:00.000Z,,41.87,2026-07-06T23:06:00.000Z,cancel,Valid Cancel,annual,2027-02-08T19:47:38.000Z,2027-02-08T19:47:38.000Z,5.0,5.0,60.0,Brightback,,,,,,,1507034,2026-02-08T19:47:35.000Z,,2026-02-08T19:47:38.000Z,,h_02a90568c508f221,,1,2026-02-08T19:47:38.000Z,USD,u_8e91a79c2998b3e4,ACTIVE,h_9f0108ea1de61e9e,[name],60.0,annual_plus,,2026-02-08T19:47:38.000Z,book_club_member,,1,annual_plus,2026-02-08T19:47:38.000Z,_UNKNOWN,6000,YEAR,annual_plus,,,[name],2027-02-08T19:47:38.000Z,,500,,2027-02-08T19:47:38.000Z,2026-02-08T19:47:38.000Z,6000,[name],,https://www.supersummary.com/subscription,https://www.supersummary.com/subscription/confirming/cancel,,BCM Experience [July 2025] [25% one-time / No Entry Modal],,02-08-2026,,07-06-2026,02-08-2026,02-08-2026,02-08-2026,,02-08-2026,02-08-2027
Wg76MYu_8efc98b6801533db,1685166,,Students; fallback,,,[name],[name],[name],I only needed SuperSummary for a short time,i_have_too_much_product_1528073051,Project ended or taking a break,project_stop,,Needs (SaaS),needs,6,,,u_4774df34d710212e,,,,0,9.95,,Canceled,2026-07-06T22:35:02.000Z,2026-07-06T22:35:35.000Z,2026-07-06T22:35:35.000Z,,41.89,2026-07-06T22:35:35.000Z,cancel,Valid Cancel,monthly,2026-07-27T11:54:13.000Z,2026-07-27T11:54:13.000Z,9.95,9.95,9.95,Brightback,,,,,,,1685166,2026-06-27T11:54:11.000Z,,2026-06-27T11:54:13.000Z,,h_d0486ce351740f1d,,1,2026-06-27T11:54:13.000Z,USD,u_4774df34d710212e,ACTIVE,h_0bd07af86daa4b2d,[name],9.95,monthly_essentials,,2026-06-27T11:54:13.000Z,student,,1,monthly_essentials,2026-06-27T11:54:13.000Z,_UNKNOWN,995,MONTH,monthly_essentials,,College,[name],2026-07-27T11:54:13.000Z,,995,,2026-07-27T11:54:13.000Z,2026-06-27T11:54:13.000Z,995,[name],,https://www.supersummary.com/subscription,https://www.supersummary.com/subscription/confirming/cancel,,Student Experience [July 2025] [25% one-time / No Entry Modal],,06-27-2026,,07-06-2026,06-27-2026,06-27-2026,06-27-2026,,06-27-2026,07-27-2026
Wg76LAp_96cef1003d0b60a3,1163335,,Book Club Members; Annual,,,[name],[name],[name],I only needed SuperSummary for a short time,i_have_too_much_product_1528073051,Project ended or taking a break,project_stop,,Needs (SaaS),needs,7,,,u_4700a70339ff70ec,be free,,,1,36.0,,Canceled,2026-07-06T21:11:00.000Z,2026-07-06T21:11:49.000Z,2026-07-06T21:11:49.000Z,,41.95,2026-07-06T21:11:49.000Z,cancel,Valid Cancel,annual,2027-04-29T21:55:50.000Z,2027-04-29T21:55:50.000Z,3.0,3.0,36.0,Brightback,,,,,,,1163335,2025-04-29T21:55:48.000Z,,2025-04-29T21:55:50.000Z,,h_3f33f1f906cf32b8,,1,2025-04-29T21:55:50.000Z,USD,u_4700a70339ff70ec,ACTIVE,h_13007167a6292a32,[name],36.0,annual,,2026-04-29T21:55:50.000Z,book_club_member,,1,annual,2025-04-29T21:55:50.000Z,_UNKNOWN,3600,YEAR,annual,,,[name],2027-04-29T21:55:50.000Z,,300,,2027-04-29T21:55:50.000Z,2025-04-29T21:55:50.000Z,3600,[name],,https://www.supersummary.com/subscription,https://www.supersummary.com/subscription/confirming/cancel,,BCM Experience [July 2025] [25% one-time / No Entry Modal],,04-29-2025,,07-06-2026,04-29-2025,04-29-2025,04-29-2025,,04-29-2025,04-29-2027
Wg76KTB_89d80c6549c1ca0b,555151,,Parents; Monthly,,,[name],[name],[name],I only needed SuperSummary for a short time,i_have_too_much_product_1528073051,Project ended or taking a break,project_stop,,Needs (SaaS),needs,5,,,u_d88a5e5a7a94491e,,,,0,9.95,,Canceled,2026-07-06T20:29:32.000Z,2026-07-06T20:30:00.000Z,2026-07-06T20:30:00.000Z,,41.98,2026-07-06T20:30:00.000Z,cancel,Valid Cancel,monthly,2026-08-01T20:00:37.000Z,2026-08-01T20:00:37.000Z,9.95,9.95,9.95,Brightback,,,,,,,555151,2024-05-01T20:00:35.000Z,,2024-05-01T20:00:37.000Z,,h_8b2ccfbbd2e1064e,,1,2024-05-01T20:00:37.000Z,USD,u_d88a5e5a7a94491e,ACTIVE,h_b0b67c8cb32eb69d,[name],9.95,monthly,,2026-07-01T20:00:37.000Z,parent_of_student,,1,monthly,2024-05-01T20:00:37.000Z,_UNKNOWN,995,MONTH,monthly,,Middle School,[name],2026-08-01T20:00:37.000Z,,995,,2026-08-01T20:00:37.000Z,2024-05-01T20:00:37.000Z,995,[name],,https://www.supersummary.com/subscription,https://www.supersummary.com/subscription/confirming/cancel,,Parent Experience [July 2025] [40% forever / No entry modal],,05-01-2024,,07-06-2026,05-01-2024,05-01-2024,05-01-2024,,05-01-2024,08-01-2026
Wg76KpF_8c6636d127309cfa,1588220,,Book Club Members; fallback,,,[name],[name],[name],I only needed SuperSummary for a short time,i_have_too_much_product_1528073051,Project ended or taking a break,project_stop,,Needs (SaaS),needs,4,,,u_128d44ffbfc03458,,,,0,60.0,,Canceled,2026-07-06T20:51:29.000Z,2026-07-06T20:52:08.000Z,2026-07-06T20:52:09.000Z,,41.96,2026-07-06T20:52:09.000Z,cancel,Valid Cancel,annual,2027-04-06T22:00:36.000Z,2027-04-06T22:00:36.000Z,5.0,5.0,60.0,Brightback,,,,,,,1588220,2026-04-06T22:00:34.000Z,,2026-04-06T22:00:36.000Z,,h_dece8b8cbaa3e2c1,,1,2026-04-06T22:00:36.000Z,USD,u_128d44ffbfc03458,ACTIVE,h_47614f549bd41e63,[name],60.0,annual_plus,,2026-04-06T22:00:36.000Z,book_club_member,,1,annual_plus,2026-04-06T22:00:36.000Z,_UNKNOWN,6000,YEAR,annual_plus,,,[name],2027-04-06T22:00:36.000Z,,500,,2027-04-06T22:00:36.000Z,2026-04-06T22:00:36.000Z,6000,[name],,https://www.supersummary.com/subscription,https://www.supersummary.com/subscription/confirming/cancel,,BCM Experience [July 2025] [25% one-time / No Entry Modal],,04-06-2026,,07-06-2026,04-06-2026,04-06-2026,04-06-2026,,04-06-2026,04-06-2027
Wg76KOx_9d8ad90a3b0c8dc2,AzZfLDVJQ8ZDO2dzq,,Students; fallback,,,[name],[name],,I only needed SuperSummary for a short time,i_have_too_much_product_1528073051,Project ended or taking a break,project_stop,,Needs (SaaS),needs,10,,,u_f2ad9fc7a798a501,,,,0,,,Canceled,2026-07-06T20:25:16.000Z,2026-07-06T20:25:56.000Z,2026-07-06T20:25:57.000Z,,41.98,2026-07-06T20:25:57.000Z,cancel,Valid Cancel,monthly,2026-07-12T15:34:13.000Z,2026-07-12T15:34:13.000Z,16.65,16.65,16.65,Brightback,,,,,,,AzZfLDVJQ8ZDO2dzq,2026-05-12T15:34:11.000Z,,2026-05-12T15:34:13.000Z,,h_4785af0a98136c5a,,1,2026-05-12T15:34:13.000Z,USD,u_f2ad9fc7a798a501,ACTIVE,h_f16fc499ed13f317,[name],,,,2026-06-12T15:34:13.000Z,student,,1,monthly_plus,2026-05-12T15:34:13.000Z,_UNKNOWN,1665,MONTH,,,Postgrad Program,[name],2026-07-12T15:34:13.000Z,,1665,,2026-07-12T15:34:13.000Z,2026-05-12T15:34:13.000Z,1665,,,,,,Student Experience [July 2025] [25% one-time / No Entry Modal],,05-12-2026,,07-06-2026,05-12-2026,05-12-2026,05-12-2026,,05-12-2026,07-12-2026
Wg76JZt_9f9e94d3e8d679b4,6oqEPUHlvfMY6XKp,,Teachers; Annual,,,[name],[name],,I only needed SuperSummary for a short time,i_have_too_much_product_1528073051,Project ended or taking a break,project_stop,,Needs (SaaS),needs,3,My own research when needed,,u_44ff0258fcbdccfb,,,,0,,,Canceled,2026-07-06T19:36:00.000Z,2026-07-06T19:36:47.000Z,2026-07-06T19:36:47.000Z,,42.01,2026-07-06T19:36:47.000Z,cancel,Valid Cancel,annual,2027-07-06T18:12:37.000Z,2027-07-06T18:12:37.000Z,3.0,3.0,36.0,Brightback,,,,,,,6oqEPUHlvfMY6XKp,2024-07-06T18:12:35.000Z,,2024-07-06T18:12:37.000Z,,h_7ffc2375d4856f7d,,1,2024-07-06T18:12:37.000Z,USD,u_44ff0258fcbdccfb,ACTIVE,h_073cd67dea82eeb7,[name],,,,2026-07-06T18:12:37.000Z,teacher,,1,annual,2024-07-06T18:12:37.000Z,_UNKNOWN,3600,YEAR,,,College,[name],2027-07-06T18:12:37.000Z,,300,,2027-07-06T18:12:37.000Z,2024-07-06T18:12:37.000Z,3600,,,,,,Teacher Experience [July 2025] [40% one-time / Modal],,07-06-2024,,07-06-2026,07-06-2024,07-06-2024,07-06-2024,,07-06-2024,07-06-2027
Wg76JNx_95e4f0ee3beb1af7,AzysLjVMvvooY2TYb,,Book Club Members; fallback,,,[name],[name],,I only needed SuperSummary for a short time,i_have_too_much_product_1528073051,Project ended or taking a break,project_stop,,Needs (SaaS),needs,7,,,u_8fd4b91072123a5b,,,,0,,,Canceled,2026-07-06T19:24:00.000Z,2026-07-06T19:24:31.000Z,2026-07-27T12:53:47.000Z,,42.02,2026-07-27T12:53:47.000Z,cancel,Valid Cancel,monthly,2026-07-18T21:30:56.000Z,2026-07-18T21:30:56.000Z,16.65,16.65,16.65,Brightback,,,,,,,AzysLjVMvvooY2TYb,2026-06-18T21:30:55.000Z,,2026-06-18T21:30:56.000Z,,h_c0160c1d6cdc7ed4,,1,2026-06-18T21:30:56.000Z,USD,u_8fd4b91072123a5b,ACTIVE,h_135826c7ee28e8c0,[name],,,,2026-06-18T21:30:56.000Z,book_club_member,,1,monthly_plus,2026-06-18T21:30:56.000Z,_UNKNOWN,1665,MONTH,,,,[name],2026-07-18T21:30:56.000Z,,1665,,2026-07-18T21:30:56.000Z,2026-06-18T21:30:56.000Z,1665,,,,,,BCM Experience [July 2025] [25% one-time / No Entry Modal],,06-18-2026,,07-06-2026,06-18-2026,06-18-2026,06-18-2026,,06-18-2026,07-18-2026
Wg76JgN_a58c8490d0ef49b5,1690832,,fallback,,,[name],[name],[name],I only needed SuperSummary for a short time,i_have_too_much_product_1528073051,Project ended or taking a break,project_stop,,Needs (SaaS),needs,5,I will keep my own notes on the book. And use Google as needed.,,u_ad0cf3df745b6117,,,,0,60.0,,Canceled,2026-07-06T19:42:57.000Z,2026-07-06T19:44:33.000Z,2026-07-06T19:44:33.000Z,,42.01,2026-07-06T19:44:33.000Z,cancel,Valid Cancel,annual,2027-07-06T13:38:34.000Z,2027-07-06T13:38:34.000Z,5.0,5.0,60.0,Brightback,,,,,,,1690832,2026-07-06T13:38:32.000Z,,2026-07-06T13:38:34.000Z,,h_a4dbe52ef1eff0df,,1,2026-07-06T13:38:34.000Z,USD,u_ad0cf3df745b6117,ACTIVE,h_37f70c8dbd37e1bc,[name],60.0,annual_plus,,2026-07-06T13:38:34.000Z,other,,1,annual_plus,2026-07-06T13:38:34.000Z,_UNKNOWN,6000,YEAR,annual_plus,,,[name],2027-07-06T13:38:34.000Z,,500,,2027-07-06T13:38:34.000Z,2026-07-06T13:38:34.000Z,6000,[name],,https://www.supersummary.com/subscription,https://www.supersummary.com/subscription/confirming/cancel,,Default/Fallback [July 2025] [25% one time / No entry modal],,07-06-2026,,07-06-2026,07-06-2026,07-06-2026,07-06-2026,,07-06-2026,07-06-2027
Wg76IWl_9c8768e88e4126ba,1687409,,Book Club Members; fallback,,,[name],[name],[name],I only needed SuperSummary for a short time,i_have_too_much_product_1528073051,Project ended or taking a break,project_stop,,Needs (SaaS),needs,10,,,u_355a07e13380b222,,,,0,36.0,,Canceled,2026-07-06T18:32:56.000Z,2026-07-06T18:33:32.000Z,2026-07-06T18:33:32.000Z,,42.06,2026-07-06T18:33:32.000Z,cancel,Valid Cancel,annual,2027-06-30T18:05:38.000Z,2027-06-30T18:05:38.000Z,3.0,3.0,36.0,Brightback,,,,,,,1687409,2026-06-30T18:05:36.000Z,,2026-06-30T18:05:38.000Z,,h_f7448c2687fb9e8b,,1,2026-06-30T18:05:38.000Z,USD,u_355a07e13380b222,ACTIVE,h_857d427fbf1062f1,[name],36.0,annual_essentials,,2026-06-30T18:05:38.000Z,book_club_member,,1,annual_essentials,2026-06-30T18:05:38.000Z,_UNKNOWN,3600,YEAR,annual_essentials,,,[name],2027-06-30T18:05:38.000Z,,300,,2027-06-30T18:05:38.000Z,2026-06-30T18:05:38.000Z,3600,[name],,https://www.supersummary.com/subscription,https://www.supersummary.com/subscription/confirming/cancel,,BCM Experience [July 2025] [25% one-time / No Entry Modal],,06-30-2026,,07-06-2026,06-30-2026,06-30-2026,06-30-2026,,06-30-2026,06-30-2027
Wg76Iw6_aec04b8aa4ee3c6f,508868,,Book Club Members; Annual,,,[name],[name],[name],I only needed SuperSummary for a short time,i_have_too_much_product_1528073051,Project ended or taking a break,project_stop,,Needs (SaaS),needs,4,N/A,,u_548055edc8324da6,Make it less expensive,,,1,36.0,,Canceled,2026-07-06T18:59:18.000Z,2026-07-06T19:00:28.000Z,2026-07-06T19:00:28.000Z,,42.04,2026-07-06T19:00:28.000Z,cancel,Valid Cancel,annual,2027-06-09T16:19:29.000Z,2027-06-09T16:19:29.000Z,3.0,3.0,36.0,Brightback,,,,,,,508868,2024-03-07T18:22:36.000Z,,2025-06-09T16:19:29.000Z,,h_3d8c38632ee0d1b3,,1,2025-06-09T16:19:29.000Z,USD,u_548055edc8324da6,ACTIVE,h_a6a2f276e7c2ba44,[name],36.0,annual,,2026-06-09T16:19:29.000Z,book_club_member,,1,annual,2025-06-09T16:19:29.000Z,_UNKNOWN,3600,YEAR,annual,,,[name],2027-06-09T16:19:29.000Z,,300,,2027-06-09T16:19:29.000Z,2025-06-09T16:19:29.000Z,3600,[name],,https://www.supersummary.com/subscription,https://www.supersummary.com/subscription/confirming/cancel,,BCM Experience [July 2025] [25% one-time / No Entry Modal],,06-09-2025,,07-06-2026,06-09-2025,06-09-2025,03-07-2024,,06-09-2025,06-09-2027
Wg76IVt_ae3e27459989bc1d,169w1aVG2LkVi2HxS,,Students; fallback,,,[name],[name],,I only needed SuperSummary for a short time,i_have_too_much_product_1528073051,Project ended or taking a break,project_stop,,Needs (SaaS),needs,1,,,u_86284a44952a9a3e,,,,0,,,Canceled,2026-07-06T18:31:57.000Z,2026-07-06T18:32:08.000Z,2026-07-06T18:32:08.000Z,,42.06,2026-07-06T18:32:08.000Z,cancel,Valid Cancel,monthly,2026-08-06T18:29:24.000Z,2026-08-06T18:29:24.000Z,16.65,16.65,16.65,Brightback,,,,,,,169w1aVG2LkVi2HxS,2026-04-06T18:29:23.000Z,,2026-04-06T18:29:24.000Z,,h_012091f8d8d27d84,,1,2026-04-06T18:29:24.000Z,USD,u_86284a44952a9a3e,ACTIVE,h_7a3841f3bde688d5,[name],,,,2026-07-06T18:29:24.000Z,student,,1,monthly_plus,2026-04-06T18:29:24.000Z,_UNKNOWN,1665,MONTH,,,Postgrad Program,[name],2026-08-06T18:29:24.000Z,,1665,,2026-08-06T18:29:24.000Z,2026-04-06T18:29:24.000Z,1665,,,,,,Student Experience [July 2025] [25% one-time / No Entry Modal],,04-06-2026,,07-06-2026,04-06-2026,04-06-2026,04-06-2026,,04-06-2026,08-06-2026
Wg76ITO_84c608d0d298cddb,AzZLBcVLmzhCX3QaD,,fallback,,,[name],[name],,I only needed SuperSummary for a short time,i_have_too_much_product_1528073051,Project ended or taking a break,project_stop,,Needs (SaaS),needs,9,Nothing,,u_983379287adab430,,,,0,,,Canceled,2026-07-06T18:29:26.000Z,2026-07-06T18:30:02.000Z,2026-07-06T18:30:02.000Z,,42.06,2026-07-06T18:30:02.000Z,cancel,Valid Cancel,monthly,2026-08-06T18:21:00.000Z,2026-08-06T18:21:00.000Z,9.95,9.95,9.95,Brightback,,,,,,,AzZLBcVLmzhCX3QaD,2025-08-09T19:50:08.000Z,,2026-06-06T18:21:00.000Z,,h_88f36268a295a2e1,,1,2026-06-06T18:21:00.000Z,USD,u_983379287adab430,ACTIVE,h_6f16452159e39537,[name],,,,2026-07-06T18:21:00.000Z,other,,1,monthly_essentials,2026-06-06T18:21:00.000Z,_UNKNOWN,995,MONTH,,,,[name],2026-08-06T18:21:00.000Z,,995,,2026-08-06T18:21:00.000Z,2026-06-06T18:21:00.000Z,995,,,,,,Default/Fallback [July 2025] [25% one time / No entry modal],,06-06-2026,,07-06-2026,06-06-2026,06-06-2026,08-09-2025,,06-06-2026,08-06-2026
Wg76HmY_9dc4eb3229472ce2,Azqei1UoOu1443sA9,,Parents; fallback,,,[name],[name],,I only needed SuperSummary for a short time,i_have_too_much_product_1528073051,Project ended or taking a break,project_stop,,Needs (SaaS),needs,10,,,u_a70d41df12d0fccb,,,,0,,,Canceled,2026-07-06T17:48:39.000Z,2026-07-06T17:49:23.000Z,2026-07-06T17:49:23.000Z,,42.09,2026-07-06T17:49:23.000Z,cancel,Valid Cancel,monthly,2026-08-05T18:40:33.000Z,2026-08-05T18:40:33.000Z,13.32,13.32,16.65,Brightback,,,,,,,Azqei1UoOu1443sA9,2023-06-17T18:00:15.000Z,,2025-06-17T17:34:51.000Z,,h_8d5d28eb3a52b710,,1,2026-06-05T18:40:33.000Z,USD,u_a70d41df12d0fccb,ACTIVE,h_ce1b86731728454e,[name],,,,2026-07-05T18:40:33.000Z,parent_of_student,,1,monthly_plus,2025-06-17T17:34:51.000Z,_UNKNOWN,1665,MONTH,,LEGACY_MIGRATION_20,other,[name],2026-08-05T18:40:33.000Z,,1332,,2026-08-05T18:40:33.000Z,2025-06-17T17:34:51.000Z,1665,,,,,,Parent Experience [July 2025] [25% one-time / No Entry Modal],,06-17-2025,,07-06-2026,06-05-2026,06-17-2025,06-17-2023,,06-17-2025,08-05-2026
Wg76HKv_9434c04040867ec5,16A2e3UryJozg2Nru,,Teachers; Annual,,,[name],[name],,I only needed SuperSummary for a short time,i_have_too_much_product_1528073051,Project ended or taking a break,project_stop,,Needs (SaaS),needs,5,,,u_81f6b22b29503011,,,,0,,,Canceled,2026-07-06T17:21:03.000Z,2026-07-06T17:21:55.000Z,2026-07-06T17:21:55.000Z,,42.11,2026-07-06T17:21:55.000Z,cancel,Valid Cancel,annual,2026-07-25T14:23:32.000Z,2026-07-25T14:23:32.000Z,3.0,3.0,36.0,Brightback,,,,,,,16A2e3UryJozg2Nru,2025-07-25T14:23:29.000Z,,2025-07-25T14:23:32.000Z,,h_dd39f935b564f0b5,,1,2025-07-25T14:23:32.000Z,USD,u_81f6b22b29503011,ACTIVE,h_5f177d423b249021,[name],,,,2025-07-25T14:23:32.000Z,teacher,,1,annual,2025-07-25T14:23:32.000Z,_UNKNOWN,3600,YEAR,,,College,[name],2026-07-25T14:23:32.000Z,,300,,2026-07-25T14:23:32.000Z,2025-07-25T14:23:32.000Z,3600,,,,,,Teacher Experience [July 2025] [40% one-time / Modal],,07-25-2025,,07-06-2026,07-25-2025,07-25-2025,07-25-2025,,07-25-2025,07-25-2026
Wg76GqV_b6442abc6e7713d6,1673362,,Book Club Members; fallback,,,[name],[name],[name],I only needed SuperSummary for a short time,i_have_too_much_product_1528073051,Project ended or taking a break,project_stop,,Needs (SaaS),needs,8,,,u_2badc1280a8c373a,,,,0,16.65,,Canceled,2026-07-06T16:52:41.000Z,2026-07-06T16:53:00.000Z,2026-07-06T16:53:00.000Z,,42.13,2026-07-06T16:53:00.000Z,cancel,Valid Cancel,monthly,2026-07-12T17:35:14.000Z,2026-07-12T17:35:14.000Z,16.65,16.65,16.65,Brightback,,,,,,,1673362,2026-06-12T17:35:13.000Z,,2026-06-12T17:35:14.000Z,,h_27d8017f602f30a9,,1,2026-06-12T17:35:14.000Z,USD,u_2badc1280a8c373a,ACTIVE,h_c5aa0c930823c5d5,[name],16.65,monthly_plus,,2026-06-12T17:35:14.000Z,book_club_member,,1,monthly_plus,2026-06-12T17:35:14.000Z,_UNKNOWN,1665,MONTH,monthly_plus,,,[name],2026-07-12T17:35:14.000Z,,1665,,2026-07-12T17:35:14.000Z,2026-06-12T17:35:14.000Z,1665,[name],,https://www.supersummary.com/subscription,https://www.supersummary.com/subscription/confirming/cancel,,BCM Experience [July 2025] [25% one-time / No Entry Modal],,06-12-2026,,07-06-2026,06-12-2026,06-12-2026,06-12-2026,,06-12-2026,07-12-2026
Wg76GP3_b29fabd7cee75903,1261716,,Book Club Members; Annual,,,[name],[name],[name],I only needed SuperSummary for a short time,i_have_too_much_product_1528073051,Project ended or taking a break,project_stop,,Needs (SaaS),needs,9,,,u_18f8adc9dc461560,,,,0,36.0,,Canceled,2026-07-06T16:25:16.000Z,2026-07-06T16:25:40.000Z,2026-07-06T16:25:40.000Z,,42.15,2026-07-06T16:25:40.000Z,cancel,Valid Cancel,annual,2026-07-16T18:53:12.000Z,2026-07-16T18:53:12.000Z,2.25,2.25,36.0,Brightback,,,,,,,1261716,2025-07-16T18:53:10.000Z,,2025-07-16T18:53:12.000Z,,h_06fb4e26be8838b5,,1,2025-07-16T18:53:12.000Z,USD,u_18f8adc9dc461560,ACTIVE,h_c108144f1dea3b99,[name],36.0,annual,,2025-07-16T18:53:12.000Z,book_club_member,,1,annual,2025-07-16T18:53:12.000Z,_UNKNOWN,3600,YEAR,annual,nmTKUhkQCvq,,[name],2026-07-16T18:53:12.000Z,,225,,2026-07-16T18:53:12.000Z,2025-07-16T18:53:12.000Z,3600,[name],,https://www.supersummary.com/subscription,https://www.supersummary.com/subscription/confirming/cancel,,BCM Experience [July 2025] [25% one-time / No Entry Modal],,07-16-2025,,07-06-2026,07-16-2025,07-16-2025,07-16-2025,,07-16-2025,07-16-2026
Wg76Fwp_85c31f9575f78499,AzyfiuTK5OVDp1Zon,,Students; Monthly,,,[name],[name],,I only needed SuperSummary for a short time,i_have_too_much_product_1528073051,Project ended or taking a break,project_stop,,Needs (SaaS),needs,1,,,u_2d73fe1cf98fec4d,,,,0,,,Canceled,2026-07-06T15:58:55.000Z,2026-07-06T15:59:22.000Z,2026-07-06T15:59:22.000Z,,42.16,2026-07-06T15:59:22.000Z,cancel,Valid Cancel,monthly,2026-07-12T21:13:30.000Z,2026-07-12T21:13:30.000Z,9.95,9.95,9.95,Brightback,,,,,,,AzyfiuTK5OVDp1Zon,2022-10-12T21:13:28.000Z,,2022-10-12T21:13:30.000Z,,h_c89a0919d3d8f233,,1,2022-10-12T21:13:30.000Z,USD,u_2d73fe1cf98fec4d,ACTIVE,h_9feeb27a8f0f88df,[name],,,,2026-06-12T21:13:30.000Z,student,,1,monthly,2022-10-12T21:13:30.000Z,_UNKNOWN,995,MONTH,,,College,[name],2026-07-12T21:13:30.000Z,,995,,2026-07-12T21:13:30.000Z,2022-10-12T21:13:30.000Z,995,,,,,,Student Experience [July 2025] [40% forever / Modal],,10-12-2022,,07-06-2026,10-12-2022,10-12-2022,10-12-2022,,10-12-2022,07-12-2026
Wg76Ftu_a349a4fee90a6b80,AzZLcMUqBGkKOCzhH,,Students; Annual,,,[name],[name],,I only needed SuperSummary for a short time,i_have_too_much_product_1528073051,Project ended or taking a break,project_stop,,Needs (SaaS),needs,7,,,u_73da1d3a55819442,,,,0,,,Canceled,2026-07-06T15:56:01.000Z,2026-07-06T15:56:43.000Z,2026-07-06T15:56:43.000Z,,42.17,2026-07-06T15:56:43.000Z,cancel,Valid Cancel,annual,2027-07-06T14:35:05.000Z,2027-07-06T14:35:05.000Z,3.0,3.0,36.0,Brightback,,,,,,,AzZLcMUqBGkKOCzhH,2025-07-06T14:35:03.000Z,,2025-07-06T14:35:05.000Z,,h_3641d758d373fbd4,,1,2025-07-06T14:35:05.000Z,USD,u_73da1d3a55819442,ACTIVE,h_6aee02094514915d,[name],,,,2026-07-06T14:35:05.000Z,student,,1,annual,2025-07-06T14:35:05.000Z,_UNKNOWN,3600,YEAR,,,College,[name],2027-07-06T14:35:05.000Z,,300,,2027-07-06T14:35:05.000Z,2025-07-06T14:35:05.000Z,3600,,,,,,Student Experience [July 2025] [25% one-time / No Entry Modal],,07-06-2025,,07-06-2026,07-06-2025,07-06-2025,07-06-2025,,07-06-2025,07-06-2027
Wg76F1o_91c42489c771fc26,16CN2qVAHrOFE3xzD,,Students; fallback,,,[name],[name],,I only needed SuperSummary for a short time,i_have_too_much_product_1528073051,Project ended or taking a break,project_stop,,Needs (SaaS),needs,6,,,u_78c01c8df98507e3,,,,0,,,Canceled,2026-07-06T15:01:51.000Z,2026-07-06T15:02:09.000Z,2026-07-06T15:02:09.000Z,,42.2,2026-07-06T15:02:09.000Z,cancel,Valid Cancel,monthly,2026-08-04T19:15:53.000Z,2026-08-04T19:15:53.000Z,9.95,9.95,9.95,Brightback,,,,,,,16CN2qVAHrOFE3xzD,2026-02-04T19:15:50.000Z,,2026-02-04T19:15:53.000Z,,h_cbd03b3db01dbcef,,1,2026-02-04T19:15:53.000Z,USD,u_78c01c8df98507e3,ACTIVE,h_083a27b8c3390790,[name],,,,2026-07-04T19:15:53.000Z,student,,1,monthly_essentials,2026-02-04T19:15:53.000Z,_UNKNOWN,995,MONTH,,,College,[name],2026-08-04T19:15:53.000Z,,995,,2026-08-04T19:15:53.000Z,2026-02-04T19:15:53.000Z,995,,,,,,Student Experience [July 2025] [25% one-time / No Entry Modal],,02-04-2026,,07-06-2026,02-04-2026,02-04-2026,02-04-2026,,02-04-2026,08-04-2026
Wg76DwV_8feb4e599044941a,AzqYJvUgkG6b02xdE,,Teachers; Monthly,,,[name],[name],,I only needed SuperSummary for a short time,i_have_too_much_product_1528073051,Project ended or taking a break,project_stop,,Needs (SaaS),needs,10,,,u_b1e1f80e4ba0e76f,,,,0,,,Canceled,2026-07-06T13:58:33.000Z,2026-07-06T13:59:00.000Z,2026-07-06T13:59:01.000Z,,42.25,2026-07-06T13:59:01.000Z,cancel,Valid Cancel,monthly,2026-07-28T13:23:16.000Z,2026-07-28T13:23:16.000Z,9.95,9.95,9.95,Brightback,,,,,,,AzqYJvUgkG6b02xdE,2025-03-28T13:23:14.000Z,,2025-03-28T13:23:16.000Z,,h_58126e1dc765a826,,1,2025-03-28T13:23:16.000Z,USD,u_b1e1f80e4ba0e76f,ACTIVE,h_4ff889de64f22585,[name],,,,2026-06-28T13:23:16.000Z,teacher,,1,monthly,2025-03-28T13:23:16.000Z,_UNKNOWN,995,MONTH,,,other,[name],2026-07-28T13:23:16.000Z,,995,,2026-07-28T13:23:16.000Z,2025-03-28T13:23:16.000Z,995,,,,,,Teacher Experience [July 2025] [40% forever / No entry modal],,03-28-2025,,07-06-2026,03-28-2025,03-28-2025,03-28-2025,,03-28-2025,07-28-2026
Wg76Deb_86df90d56429a589,1667487,,Teachers; fallback,,,[name],[name],[name],I only needed SuperSummary for a short time,i_have_too_much_product_1528073051,Project ended or taking a break,project_stop,,Needs (SaaS),needs,7,,,u_97b69bd08f50e625,,,,0,16.65,,Canceled,2026-07-06T13:40:44.000Z,2026-07-06T13:41:37.000Z,2026-07-06T13:41:38.000Z,,42.26,2026-07-06T13:41:38.000Z,cancel,Valid Cancel,monthly,2026-08-02T11:53:27.000Z,2026-08-02T11:53:27.000Z,16.65,16.65,16.65,Brightback,,,,,,,1667487,2026-06-07T11:09:07.000Z,,2026-06-07T11:09:10.000Z,,h_96dd613455dc2c0a,,1,2026-07-02T11:53:27.000Z,USD,u_97b69bd08f50e625,ACTIVE,h_7194b423ed4e128b,[name],16.65,monthly_plus,,2026-07-02T11:53:27.000Z,teacher,,1,monthly_plus,2026-06-07T11:09:10.000Z,_UNKNOWN,1665,MONTH,monthly_plus,,High School,[name],2026-08-02T11:53:27.000Z,,1665,,2026-08-02T11:53:27.000Z,2026-06-07T11:09:10.000Z,1665,[name],,https://www.supersummary.com/subscription,https://www.supersummary.com/subscription/confirming/cancel,,Teacher Experience [July 2025] [40% one-time / Modal],,06-07-2026,,07-06-2026,07-02-2026,06-07-2026,06-07-2026,,06-07-2026,08-02-2026
Wg76BLW_9ff292327243969b,1665994,,fallback,,,[name],[name],[name],I only needed SuperSummary for a short time,i_have_too_much_product_1528073051,Project ended or taking a break,project_stop,,Needs (SaaS),needs,4,,,u_9269b7ebcf85eaac,,,,0,36.0,,Canceled,2026-07-06T11:21:42.000Z,2026-07-06T11:22:16.000Z,2026-07-06T11:22:16.000Z,,42.36,2026-07-06T11:22:16.000Z,cancel,Valid Cancel,annual,2027-06-05T11:12:45.000Z,2027-06-05T11:12:45.000Z,3.0,3.0,36.0,Brightback,,,,,,,1665994,2026-06-05T11:12:43.000Z,,2026-06-05T11:12:45.000Z,,h_e4ec8ea525b31491,,1,2026-06-05T11:12:45.000Z,USD,u_9269b7ebcf85eaac,ACTIVE,h_adb10c31659836f5,[name],36.0,annual_essentials,,2026-06-05T11:12:45.000Z,other,,1,annual_essentials,2026-06-05T11:12:45.000Z,_UNKNOWN,3600,YEAR,annual_essentials,,,[name],2027-06-05T11:12:45.000Z,,300,,2027-06-05T11:12:45.000Z,2026-06-05T11:12:45.000Z,3600,[name],,https://www.supersummary.com/subscription,https://www.supersummary.com/subscription/confirming/cancel,,Default/Fallback [July 2025] [25% one time / No entry modal],,06-05-2026,,07-06-2026,06-05-2026,06-05-2026,06-05-2026,,06-05-2026,06-05-2027
Wg7648S_9fe6c76fca71672b,1690642,,Book Club Members; fallback,,,[name],[name],[name],I only needed SuperSummary for a short time,i_have_too_much_product_1528073051,Project ended or taking a break,project_stop,,Needs (SaaS),needs,5,,,u_d45a928f8aee968b,,,,0,60.0,,Canceled,2026-07-06T04:08:34.000Z,2026-07-06T04:08:58.000Z,2026-07-06T04:08:58.000Z,,42.66,2026-07-06T04:08:58.000Z,cancel,Valid Cancel,annual,2027-07-06T03:58:19.000Z,2027-07-06T03:58:19.000Z,5.0,5.0,60.0,Brightback,,,,,,,1690642,2026-07-06T03:58:17.000Z,,2026-07-06T03:58:19.000Z,,h_4c60f6bb70e64073,,1,2026-07-06T03:58:19.000Z,USD,u_d45a928f8aee968b,ACTIVE,h_df6df15d1eb07b63,[name],60.0,annual_plus,,2026-07-06T03:58:19.000Z,book_club_member,,1,annual_plus,2026-07-06T03:58:19.000Z,_UNKNOWN,6000,YEAR,annual_plus,,,[name],2027-07-06T03:58:19.000Z,,500,,2027-07-06T03:58:19.000Z,2026-07-06T03:58:19.000Z,6000,[name],,https://www.supersummary.com/subscription,https://www.supersummary.com/subscription/confirming/cancel,,BCM Experience [July 2025] [25% one-time / No Entry Modal],,07-06-2026,,07-06-2026,07-06-2026,07-06-2026,07-06-2026,,07-06-2026,07-06-2027
Wg7644t_a783827061d30d41,1686131,,Book Club Members; fallback,,,[name],[name],[name],I only needed SuperSummary for a short time,i_have_too_much_product_1528073051,Project ended or taking a break,project_stop,,Needs (SaaS),needs,9,,,u_4af7bbcce0f35687,,,,0,9.95,,Canceled,2026-07-06T04:04:59.000Z,2026-07-06T04:05:20.000Z,2026-07-06T04:05:21.000Z,,42.66,2026-07-06T04:05:21.000Z,cancel,Valid Cancel,monthly,2026-08-04T06:07:08.000Z,2026-08-04T06:07:08.000Z,9.95,9.95,9.95,Brightback,,,,,,,1686131,2026-07-04T06:06:48.000Z,,2026-07-04T06:07:08.000Z,,h_ac4a1e0faf95acf9,,1,2026-07-04T06:07:08.000Z,USD,u_4af7bbcce0f35687,ACTIVE,h_b7e259fdbefa30ce,[name],9.95,monthly_essentials,,2026-07-04T06:07:08.000Z,book_club_member,,1,monthly_essentials,2026-07-04T06:07:08.000Z,_UNKNOWN,995,MONTH,monthly_essentials,,,[name],2026-08-04T06:07:08.000Z,,995,,2026-08-04T06:07:08.000Z,2026-07-04T06:07:08.000Z,995,[name],,https://www.supersummary.com/subscription,https://www.supersummary.com/subscription/confirming/cancel,,BCM Experience [July 2025] [25% one-time / No Entry Modal],,07-04-2026,,07-06-2026,07-04-2026,07-04-2026,07-04-2026,,07-04-2026,08-04-2026
Wg763IQ_b54546fdcc964647,AzZnnEVFEBate375c,,Students; fallback,,,[name],[name],,I only needed SuperSummary for a short time,i_have_too_much_product_1528073051,Project ended or taking a break,project_stop,,Needs (SaaS),needs,7,,,u_e6e4178680452d04,,,,0,,,Canceled,2026-07-06T03:18:35.000Z,2026-07-06T03:19:18.000Z,2026-07-06T03:19:18.000Z,,42.69,2026-07-06T03:19:18.000Z,cancel,Valid Cancel,monthly,2026-07-29T04:35:27.000Z,2026-07-29T04:35:27.000Z,9.95,9.95,9.95,Brightback,,,,,,,AzZnnEVFEBate375c,2026-03-29T04:35:25.000Z,,2026-03-29T04:35:27.000Z,,h_bc3cf8a3eb6bcb4c,,1,2026-03-29T04:35:27.000Z,USD,u_e6e4178680452d04,ACTIVE,h_500586a69aeac1ed,[name],,,,2026-06-29T04:35:27.000Z,student,,1,monthly_essentials,2026-03-29T04:35:27.000Z,_UNKNOWN,995,MONTH,,,High School,[name],2026-07-29T04:35:27.000Z,,995,,2026-07-29T04:35:27.000Z,2026-03-29T04:35:27.000Z,995,,,,,,Student Experience [July 2025] [25% one-time / No Entry Modal],,03-29-2026,,07-06-2026,03-29-2026,03-29-2026,03-29-2026,,03-29-2026,07-29-2026
Wg763aq_bfad89fb7712f9b0,AzyWBBVOYkEE0A49s,,Students; fallback,,,[name],[name],,I only needed SuperSummary for a short time,i_have_too_much_product_1528073051,Project ended or taking a break,project_stop,,Needs (SaaS),needs,4,Nothing,,u_bd2883fb7eda8645,Cheaper,,,1,,,Canceled,2026-07-06T03:36:56.000Z,2026-07-06T03:37:26.000Z,2026-07-06T03:37:26.000Z,,42.68,2026-07-06T03:37:26.000Z,cancel,Valid Cancel,monthly,2026-08-06T03:18:24.000Z,2026-08-06T03:18:24.000Z,16.65,16.65,16.65,Brightback,,,,,,,AzyWBBVOYkEE0A49s,2026-07-06T03:18:21.000Z,,2026-07-06T03:18:24.000Z,,h_fb2a37a7db8b9dfe,,1,2026-07-06T03:18:24.000Z,USD,u_bd2883fb7eda8645,ACTIVE,h_df913987d3d7037e,[name],,,,2026-07-06T03:18:24.000Z,student,,1,monthly_plus,2026-07-06T03:18:24.000Z,_UNKNOWN,1665,MONTH,,,College,[name],2026-08-06T03:18:24.000Z,,1665,,2026-08-06T03:18:24.000Z,2026-07-06T03:18:24.000Z,1665,,,,,,Student Experience [July 2025] [25% one-time / No Entry Modal],,07-06-2026,,07-06-2026,07-06-2026,07-06-2026,07-06-2026,,07-06-2026,08-06-2026
Wg761ZS_8f6256e349b5f5a6,1312932,,Teachers; fallback,,,[name],[name],[name],I only needed SuperSummary for a short time,i_have_too_much_product_1528073051,Project ended or taking a break,project_stop,,Needs (SaaS),needs,5,,,u_e37d24875f65765d,,,,0,16.65,,Canceled,2026-07-06T01:35:34.000Z,2026-07-06T01:35:57.000Z,2026-07-06T01:35:57.000Z,,42.76,2026-07-06T01:35:57.000Z,cancel,Valid Cancel,monthly,2026-08-05T23:56:52.000Z,2026-08-05T23:56:52.000Z,16.65,16.65,16.65,Brightback,,,,,,,1312932,2025-09-05T23:56:50.000Z,,2025-09-05T23:56:52.000Z,,h_cef28dbab87ab20b,,1,2025-09-05T23:56:52.000Z,USD,u_e37d24875f65765d,ACTIVE,h_0c2d38e169d3c9c8,[name],16.65,monthly_plus,,2026-07-05T23:56:52.000Z,teacher,,1,monthly_plus,2025-09-05T23:56:52.000Z,_UNKNOWN,1665,MONTH,monthly_plus,,Middle School,[name],2026-08-05T23:56:52.000Z,,1665,,2026-08-05T23:56:52.000Z,2025-09-05T23:56:52.000Z,1665,[name],,https://www.supersummary.com/subscription,https://www.supersummary.com/subscription/confirming/cancel,,Teacher Experience [July 2025] [40% one-time / Modal],,09-05-2025,,07-06-2026,09-05-2025,09-05-2025,09-05-2025,,09-05-2025,08-05-2026
Wg761ne_81ea065395e3f466,1688992,,Book Club Members; fallback,,,[name],[name],[name],I only needed SuperSummary for a short time,i_have_too_much_product_1528073051,Project ended or taking a break,project_stop,,Needs (SaaS),needs,1,,,u_f00b6c32d4c4d4d8,,,,0,36.0,,Canceled,2026-07-06T01:49:44.000Z,2026-07-06T01:50:23.000Z,2026-07-06T01:50:23.000Z,,42.75,2026-07-06T01:50:23.000Z,cancel,Valid Cancel,annual,2027-07-03T00:42:44.000Z,2027-07-03T00:42:44.000Z,3.0,3.0,36.0,Brightback,,,,,,,1688992,2026-07-03T00:42:43.000Z,,2026-07-03T00:42:44.000Z,,h_7bc99e4023ad67a8,,1,2026-07-03T00:42:44.000Z,USD,u_f00b6c32d4c4d4d8,ACTIVE,h_e7ffa801aa212dad,[name],36.0,annual_essentials,,2026-07-03T00:42:44.000Z,book_club_member,,1,annual_essentials,2026-07-03T00:42:44.000Z,_UNKNOWN,3600,YEAR,annual_essentials,,,[name],2027-07-03T00:42:44.000Z,,300,,2027-07-03T00:42:44.000Z,2026-07-03T00:42:44.000Z,3600,[name],,https://www.supersummary.com/subscription,https://www.supersummary.com/subscription/confirming/cancel,,BCM Experience [July 2025] [25% one-time / No Entry Modal],,07-03-2026,,07-06-2026,07-03-2026,07-03-2026,07-03-2026,,07-03-2026,07-03-2027
Wg760Aw_b7337307c744abd6,AzyWBBVOEHRbT1bJT,,Book Club Members; fallback,,,[name],[name],,I only needed SuperSummary for a short time,i_have_too_much_product_1528073051,Project ended or taking a break,project_stop,,Needs (SaaS),needs,8,,,u_2ceeb1bf7868a8d2,,,,0,,,Canceled,2026-07-06T00:10:59.000Z,2026-07-06T00:11:20.000Z,2026-07-06T00:11:20.000Z,,42.82,2026-07-06T00:11:20.000Z,cancel,Valid Cancel,monthly,2026-08-02T15:18:37.000Z,2026-08-02T15:18:37.000Z,9.95,9.95,9.95,Brightback,,,,,,,AzyWBBVOEHRbT1bJT,2026-07-02T15:18:36.000Z,,2026-07-02T15:18:37.000Z,,h_a8f988f239a10fe0,,1,2026-07-02T15:18:37.000Z,USD,u_2ceeb1bf7868a8d2,ACTIVE,h_c842de7b17c32ffb,[name],,,,2026-07-02T15:18:37.000Z,book_club_member,,1,monthly_essentials,2026-07-02T15:18:37.000Z,_UNKNOWN,995,MONTH,,,,[name],2026-08-02T15:18:37.000Z,,995,,2026-08-02T15:18:37.000Z,2026-07-02T15:18:37.000Z,995,,,,,,BCM Experience [July 2025] [25% one-time / No Entry Modal],,07-02-2026,,07-06-2026,07-02-2026,07-02-2026,07-02-2026,,07-02-2026,08-02-2026
Wg75MQ2_b8d8c5f56a3b1372,1690425,,Teachers; fallback,,,[name],[name],[name],I only needed SuperSummary for a short time,i_have_too_much_product_1528073051,Project ended or taking a break,project_stop,,Needs (SaaS),needs,10,,,u_b11c283fe4e3b11e,,,,0,60.0,,Canceled,2026-07-05T23:59:06.000Z,2026-07-05T23:59:51.000Z,2026-07-05T23:59:51.000Z,,42.83,2026-07-05T23:59:51.000Z,cancel,Valid Cancel,annual,2027-07-05T21:58:55.000Z,2027-07-05T21:58:55.000Z,5.0,5.0,60.0,Brightback,,,,,,,1690425,2026-07-05T21:58:53.000Z,,2026-07-05T21:58:55.000Z,,h_b7d76c946461e658,,1,2026-07-05T21:58:55.000Z,USD,u_b11c283fe4e3b11e,ACTIVE,h_914168cb6bb48313,[name],60.0,annual_plus,,2026-07-05T21:58:55.000Z,teacher,,1,annual_plus,2026-07-05T21:58:55.000Z,_UNKNOWN,6000,YEAR,annual_plus,,Middle School,[name],2027-07-05T21:58:55.000Z,,500,,2027-07-05T21:58:55.000Z,2026-07-05T21:58:55.000Z,6000,[name],,https://www.supersummary.com/subscription,https://www.supersummary.com/subscription/confirming/cancel,,Teacher Experience [July 2025] [40% one-time / Modal],,07-05-2026,,07-05-2026,07-05-2026,07-05-2026,07-05-2026,,07-05-2026,07-05-2027
Wg75LxB_8a39273ba7a2a4e9,16BaEZVDUGko52qyc,,Book Club Members; fallback,,,[name],[name],,I only needed SuperSummary for a short time,i_have_too_much_product_1528073051,Project ended or taking a break,project_stop,,Needs (SaaS),needs,2,,,u_75d6731fed2c5cf1,,,,0,,,Canceled,2026-07-05T21:59:12.000Z,2026-07-05T21:59:54.000Z,2026-07-05T21:59:54.000Z,,42.91,2026-07-05T21:59:54.000Z,cancel,Valid Cancel,annual,2027-03-10T17:38:33.000Z,2027-03-10T17:38:33.000Z,3.75,3.75,60.0,Brightback,,,,,,,16BaEZVDUGko52qyc,2026-03-10T17:38:31.000Z,,2026-03-10T17:38:33.000Z,,h_7f16f5ef6c5627e5,,1,2026-03-10T17:38:33.000Z,USD,u_75d6731fed2c5cf1,ACTIVE,h_6d4289ab1d508f7e,[name],,,,2026-03-10T17:38:33.000Z,book_club_member,,1,annual_plus,2026-03-10T17:38:33.000Z,_UNKNOWN,6000,YEAR,,nmTKUhkQCvq,,[name],2027-03-10T17:38:33.000Z,,375,,2027-03-10T17:38:33.000Z,2026-03-10T17:38:33.000Z,6000,,,,,,BCM Experience [July 2025] [25% one-time / No Entry Modal],,03-10-2026,,07-05-2026,03-10-2026,03-10-2026,03-10-2026,,03-10-2026,03-10-2027
Wg75JYi_a9134ce2064ffe47,AzZt9bUoCoZHx6WWK,,Book Club Members; Annual,,,[name],[name],,I only needed SuperSummary for a short time,i_have_too_much_product_1528073051,Project ended or taking a break,project_stop,,Needs (SaaS),needs,3,,,u_61ce9ae274dd308a,,,,0,,,Canceled,2026-07-05T19:34:46.000Z,2026-07-05T19:35:21.000Z,2026-07-05T19:35:21.000Z,,43.01,2026-07-05T19:35:21.000Z,cancel,Valid Cancel,annual,2027-06-15T15:57:57.000Z,2027-06-15T15:57:57.000Z,3.0,3.0,36.0,Brightback,,,,,,,AzZt9bUoCoZHx6WWK,2025-06-15T15:57:55.000Z,,2025-06-15T15:57:57.000Z,,h_776becfa671a6772,,1,2025-06-15T15:57:57.000Z,USD,u_61ce9ae274dd308a,ACTIVE,h_914aabcc65a31e17,[name],,,,2026-06-15T15:57:57.000Z,book_club_member,,1,annual,2025-06-15T15:57:57.000Z,_UNKNOWN,3600,YEAR,,,,[name],2027-06-15T15:57:57.000Z,,300,,2027-06-15T15:57:57.000Z,2025-06-15T15:57:57.000Z,3600,,,,,,BCM Experience [July 2025] [25% one-time / No Entry Modal],,06-15-2025,,07-05-2026,06-15-2025,06-15-2025,06-15-2025,,06-15-2025,06-15-2027
Wg75JQg_99a4117cbfbfa1d6,1654306,,Parents; fallback,,,[name],[name],[name],I only needed SuperSummary for a short time,i_have_too_much_product_1528073051,Project ended or taking a break,project_stop,,Needs (SaaS),needs,10,,,u_91ccbde2a43e379a,,,,0,16.65,,Canceled,2026-07-05T19:26:51.000Z,2026-07-05T19:27:14.000Z,2026-07-05T19:27:15.000Z,,43.02,2026-07-05T19:27:15.000Z,cancel,Valid Cancel,monthly,2026-07-25T22:46:46.000Z,2026-07-25T22:46:46.000Z,16.65,16.65,16.65,Brightback,,,,,,,1654306,2026-05-25T22:46:44.000Z,,2026-05-25T22:46:46.000Z,,h_ba732080ee431338,,1,2026-05-25T22:46:46.000Z,USD,u_91ccbde2a43e379a,ACTIVE,h_2c2a52b91e56eec1,[name],16.65,monthly_plus,,2026-06-25T22:46:46.000Z,parent_of_student,,1,monthly_plus,2026-05-25T22:46:46.000Z,_UNKNOWN,1665,MONTH,monthly_plus,,Middle School,[name],2026-07-25T22:46:46.000Z,,1665,,2026-07-25T22:46:46.000Z,2026-05-25T22:46:46.000Z,1665,[name],,https://www.supersummary.com/subscription,https://www.supersummary.com/subscription/confirming/cancel,,Parent Experience [July 2025] [25% one-time / No Entry Modal],,05-25-2026,,07-05-2026,05-25-2026,05-25-2026,05-25-2026,,05-25-2026,07-25-2026
Wg75JNP_8ee0e39ebf34237d,1689649,,Students; fallback,,,[name],[name],[name],I only needed SuperSummary for a short time,i_have_too_much_product_1528073051,Project ended or taking a break,project_stop,,Needs (SaaS),needs,4,,,u_e48c85826c813404,,,,0,36.0,,Canceled,2026-07-05T19:23:40.000Z,2026-07-05T19:24:01.000Z,2026-07-05T19:24:01.000Z,,43.02,2026-07-05T19:24:01.000Z,cancel,Valid Cancel,annual,2027-07-04T11:10:55.000Z,2027-07-04T11:10:55.000Z,3.0,3.0,36.0,Brightback,,,,,,,1689649,2026-07-04T11:10:52.000Z,,2026-07-04T11:10:55.000Z,,h_1d240bcb26d7bb2d,,1,2026-07-04T11:10:55.000Z,USD,u_e48c85826c813404,ACTIVE,h_5c545c4140c5b300,[name],36.0,annual_essentials,,2026-07-04T11:10:55.000Z,student,,1,annual_essentials,2026-07-04T11:10:55.000Z,_UNKNOWN,3600,YEAR,annual_essentials,,High School,[name],2027-07-04T11:10:55.000Z,,300,,2027-07-04T11:10:55.000Z,2026-07-04T11:10:55.000Z,3600,[name],,https://www.supersummary.com/subscription,https://www.supersummary.com/subscription/confirming/cancel,,Student Experience [July 2025] [25% one-time / No Entry Modal],,07-04-2026,,07-05-2026,07-04-2026,07-04-2026,07-04-2026,,07-04-2026,07-04-2027
Wg75J1R_8523fee1ed1c930a,1689765,,Students; fallback,,,[name],[name],[name],I only needed SuperSummary for a short time,i_have_too_much_product_1528073051,Project ended or taking a break,project_stop,,Needs (SaaS),needs,8,,,u_80b281f8ad3dcd17,,,,0,36.0,,Canceled,2026-07-05T19:01:33.000Z,2026-07-05T19:01:55.000Z,2026-07-05T19:01:55.000Z,,43.04,2026-07-05T19:02:23.000Z,cancel,Valid Cancel,annual,2027-07-04T16:25:46.000Z,2027-07-04T16:25:46.000Z,3.0,3.0,36.0,Brightback,,,,,,,1689765,2026-07-04T16:25:44.000Z,,2026-07-04T16:25:46.000Z,,h_7007b915f2982217,,1,2026-07-04T16:25:46.000Z,USD,u_80b281f8ad3dcd17,ACTIVE,h_958679b16e63fcaf,[name],36.0,annual_essentials,,2026-07-04T16:25:46.000Z,student,,1,annual_essentials,2026-07-04T16:25:46.000Z,_UNKNOWN,3600,YEAR,annual_essentials,,College,[name],2027-07-04T16:25:46.000Z,,300,,2027-07-04T16:25:46.000Z,2026-07-04T16:25:46.000Z,3600,[name],,https://www.supersummary.com/subscription,https://www.supersummary.com/subscription/confirming/cancel,,Student Experience [July 2025] [25% one-time / No Entry Modal],,07-04-2026,,07-05-2026,07-04-2026,07-04-2026,07-04-2026,,07-04-2026,07-04-2027
Wg75ITV_a0ec000aad32d0a0,169obVVMjLuPf2SwY,,Students; fallback,,,[name],[name],,I only needed SuperSummary for a short time,i_have_too_much_product_1528073051,Project ended or taking a break,project_stop,,Needs (SaaS),needs,9,,,u_f55a2945625bb5d1,,,,0,,,Canceled,2026-07-05T18:30:10.000Z,2026-07-05T18:30:37.000Z,2026-07-05T18:30:38.000Z,,43.06,2026-07-05T18:30:38.000Z,cancel,Valid Cancel,annual,2027-06-16T17:53:02.000Z,2027-06-16T17:53:02.000Z,5.0,5.0,60.0,Brightback,,,,,,,169obVVMjLuPf2SwY,2026-06-16T17:53:00.000Z,,2026-06-16T17:53:02.000Z,,h_19e1f04d66c3fa43,,1,2026-06-16T17:53:02.000Z,USD,u_f55a2945625bb5d1,ACTIVE,h_a97438835f9fc75c,[name],,,,2026-06-16T17:53:02.000Z,student,,1,annual_plus,2026-06-16T17:53:02.000Z,_UNKNOWN,6000,YEAR,,,High School,[name],2027-06-16T17:53:02.000Z,,500,,2027-06-16T17:53:02.000Z,2026-06-16T17:53:02.000Z,6000,,,,,,Student Experience [July 2025] [25% one-time / No Entry Modal],,06-16-2026,,07-05-2026,06-16-2026,06-16-2026,06-16-2026,,06-16-2026,06-16-2027
Wg75HBZ_b2dcc28b5c0f8feb,16CJqvVD0t9YQ2MKg,,Students; fallback,,,[name],[name],,I only needed SuperSummary for a short time,i_have_too_much_product_1528073051,Project ended or taking a break,project_stop,,Needs (SaaS),needs,5,,,u_0e96338226657f08,,,,0,,,Canceled,2026-07-05T17:11:43.000Z,2026-07-05T17:12:01.000Z,2026-07-05T17:12:02.000Z,,43.11,2026-07-05T17:12:02.000Z,cancel,Valid Cancel,monthly,2026-08-05T17:02:54.000Z,2026-08-05T17:02:54.000Z,16.65,16.65,16.65,Brightback,,,,,,,16CJqvVD0t9YQ2MKg,2026-03-05T17:02:53.000Z,,2026-03-05T17:02:54.000Z,,h_4e3691ebd79477be,,1,2026-03-05T17:02:54.000Z,USD,u_0e96338226657f08,ACTIVE,h_a5238f7454bb63d8,[name],,,,2026-07-05T17:02:54.000Z,student,,1,monthly_plus,2026-03-05T17:02:54.000Z,_UNKNOWN,1665,MONTH,,,High School,[name],2026-08-05T17:02:54.000Z,,1665,,2026-08-05T17:02:54.000Z,2026-03-05T17:02:54.000Z,1665,,,,,,Student Experience [July 2025] [25% one-time / No Entry Modal],,03-05-2026,,07-05-2026,03-05-2026,03-05-2026,03-05-2026,,03-05-2026,08-05-2026
Wg75Gls_a1095a99a73cc2d3,1243357,,Book Club Members; Annual,,,[name],[name],[name],I only needed SuperSummary for a short time,i_have_too_much_product_1528073051,Project ended or taking a break,project_stop,,Needs (SaaS),needs,5,,,u_561b8b08786d94a2,,,,0,36.0,,Canceled,2026-07-05T16:48:23.000Z,2026-07-05T16:50:05.000Z,2026-07-05T16:50:05.000Z,,43.13,2026-07-05T16:50:05.000Z,cancel,Valid Cancel,annual,2027-06-22T19:28:29.000Z,2027-06-22T19:28:29.000Z,3.0,3.0,36.0,Brightback,,,,,,,1243357,2025-06-22T19:28:27.000Z,,2025-06-22T19:28:29.000Z,,h_209a297e01c88052,,1,2025-06-22T19:28:29.000Z,USD,u_561b8b08786d94a2,ACTIVE,h_e39debe76783856b,[name],36.0,annual,,2026-06-22T19:28:29.000Z,book_club_member,,1,annual,2025-06-22T19:28:29.000Z,_UNKNOWN,3600,YEAR,annual,,,[name],2027-06-22T19:28:29.000Z,,300,,2027-06-22T19:28:29.000Z,2025-06-22T19:28:29.000Z,3600,[name],,https://www.supersummary.com/subscription,https://www.supersummary.com/subscription/confirming/cancel,,BCM Experience [July 2025] [25% one-time / No Entry Modal],,06-22-2025,,07-05-2026,06-22-2025,06-22-2025,06-22-2025,,06-22-2025,06-22-2027
Wg75FXF_ac6f159b42acd218,606950,,fallback,,,[name],[name],[name],I only needed SuperSummary for a short time,i_have_too_much_product_1528073051,Project ended or taking a break,project_stop,,Needs (SaaS),needs,5,,,u_33e1a534261e0dfb,,,,0,36.0,,Canceled,2026-07-05T15:33:47.000Z,2026-07-05T15:33:58.000Z,2026-07-05T15:33:58.000Z,,43.18,2026-07-05T15:33:58.000Z,cancel,Valid Cancel,annual,2027-07-05T15:10:55.000Z,,3.0,3.0,36.0,Brightback,,,,,,,606950,2024-07-05T15:10:53.000Z,,2024-07-05T15:10:55.000Z,,h_dd4d7d3208a42b90,,1,2024-07-05T15:10:55.000Z,USD,u_33e1a534261e0dfb,NON_RENEWING,h_12bc9992615e2fb1,[name],36.0,annual,,2026-07-05T15:10:55.000Z,other,,1,annual,2024-07-05T15:10:55.000Z,_UNKNOWN,3600,YEAR,annual,,,[name],,,300,,2027-07-05T15:10:55.000Z,2024-07-05T15:10:55.000Z,3600,[name],,https://www.supersummary.com/subscription,https://www.supersummary.com/subscription/confirming/cancel,,Default/Fallback [July 2025] [25% one time / No entry modal],,07-05-2024,,07-05-2026,07-05-2024,07-05-2024,07-05-2024,,07-05-2024,
Wg75FWg_a06041f29eb0a913,6oqHbUHfLOgZ1Rc4,,fallback,,,[name],[name],,I only needed SuperSummary for a short time,i_have_too_much_product_1528073051,Project ended or taking a break,project_stop,,Needs (SaaS),needs,5,,,u_33e1a534261e0dfb,,,,0,,,Canceled,2026-07-05T15:32:46.000Z,2026-07-05T15:33:07.000Z,2026-07-05T15:33:07.000Z,,43.18,2026-07-05T15:33:07.000Z,cancel,Valid Cancel,annual,2027-07-05T15:10:55.000Z,2027-07-05T15:10:55.000Z,3.0,3.0,36.0,Brightback,,,,,,,6oqHbUHfLOgZ1Rc4,2024-07-05T15:10:53.000Z,,2024-07-05T15:10:55.000Z,,h_dd4d7d3208a42b90,,1,2024-07-05T15:10:55.000Z,USD,u_33e1a534261e0dfb,ACTIVE,h_12bc9992615e2fb1,[name],,,,2026-07-05T15:10:55.000Z,other,,1,annual,2024-07-05T15:10:55.000Z,_UNKNOWN,3600,YEAR,,,,[name],2027-07-05T15:10:55.000Z,,300,,2027-07-05T15:10:55.000Z,2024-07-05T15:10:55.000Z,3600,,,,,,Default/Fallback [July 2025] [25% one time / No entry modal],,07-05-2024,,07-05-2026,07-05-2024,07-05-2024,07-05-2024,,07-05-2024,07-05-2027
Wg75F7d_9500cba6a075b4bd,385993,,Parents; Annual,,,[name],[name],[name],I only needed SuperSummary for a short time,i_have_too_much_product_1528073051,Project ended or taking a break,project_stop,,Needs (SaaS),needs,3,,,u_189324bfff31bb19,,,,0,36.0,,Canceled,2026-07-05T15:07:56.000Z,2026-07-05T15:09:10.000Z,2026-07-05T15:09:10.000Z,,43.2,2026-07-05T15:09:10.000Z,cancel,Valid Cancel,annual,2027-07-03T20:40:42.000Z,2027-07-03T20:40:42.000Z,3.0,3.0,36.0,Brightback,,,,,,,385993,2023-07-03T20:40:40.000Z,,2023-07-03T20:40:42.000Z,,h_15a14126b3895e4d,,1,2023-07-03T20:40:42.000Z,USD,u_189324bfff31bb19,ACTIVE,h_2e9d1fa9bb49a7af,[name],36.0,annual,,2026-07-03T20:40:42.000Z,parent_of_student,,1,annual,2023-07-03T20:40:42.000Z,_UNKNOWN,3600,YEAR,annual,,Middle School,[name],2027-07-03T20:40:42.000Z,,300,,2027-07-03T20:40:42.000Z,2023-07-03T20:40:42.000Z,3600,[name],,https://www.supersummary.com/subscription,https://www.supersummary.com/subscription/confirming/cancel,,Parent Experience [July 2025] [25% one-time / Modal],,07-03-2023,,07-05-2026,07-03-2023,07-03-2023,07-03-2023,,07-03-2023,07-03-2027
Wg75Epi_afc159f3468ea954,1657803,,Book Club Members; fallback,,,[name],[name],[name],I only needed SuperSummary for a short time,i_have_too_much_product_1528073051,Project ended or taking a break,project_stop,,Needs (SaaS),needs,5,,,u_0baaf4192076c426,Good site but too expensive for my limited use ,,,1,36.0,,Canceled,2026-07-05T14:51:52.000Z,2026-07-05T14:53:14.000Z,2026-07-05T14:53:15.000Z,,43.21,2026-07-05T14:53:15.000Z,cancel,Valid Cancel,annual,2027-05-28T14:39:28.000Z,2027-05-28T14:39:28.000Z,3.0,3.0,36.0,Brightback,,,,,,,1657803,2026-05-28T14:39:26.000Z,,2026-05-28T14:39:28.000Z,,h_6e679c96463657d2,,1,2026-05-28T14:39:28.000Z,USD,u_0baaf4192076c426,ACTIVE,h_068cd774daddee7e,[name],36.0,annual_essentials,,2026-05-28T14:39:28.000Z,book_club_member,,1,annual_essentials,2026-05-28T14:39:28.000Z,_UNKNOWN,3600,YEAR,annual_essentials,,,[name],2027-05-28T14:39:28.000Z,,300,,2027-05-28T14:39:28.000Z,2026-05-28T14:39:28.000Z,3600,[name],,https://www.supersummary.com/subscription,https://www.supersummary.com/subscription/confirming/cancel,,BCM Experience [July 2025] [25% one-time / No Entry Modal],,05-28-2026,,07-05-2026,05-28-2026,05-28-2026,05-28-2026,,05-28-2026,05-28-2027
Wg75Dx7_97f7148122d6631e,169jw4VOHSv463R0h,,fallback,,,[name],[name],,I only needed SuperSummary for a short time,i_have_too_much_product_1528073051,Project ended or taking a break,project_stop,,Needs (SaaS),needs,1,,,u_1975c646073122a3,,,,0,,,Canceled,2026-07-05T13:59:12.000Z,2026-07-05T13:59:50.000Z,2026-07-05T13:59:51.000Z,,43.25,2026-07-05T13:59:51.000Z,cancel,Valid Cancel,annual,2027-07-03T04:23:01.000Z,2027-07-03T04:23:01.000Z,3.0,3.0,36.0,Brightback,,,,,,,169jw4VOHSv463R0h,2026-07-03T04:22:59.000Z,,2026-07-03T04:23:01.000Z,,h_9496d390b75d9f7c,,1,2026-07-03T04:23:01.000Z,USD,u_1975c646073122a3,ACTIVE,h_8033edaa3fb1a2df,[name],,,,2026-07-03T04:23:01.000Z,other,,1,annual_essentials,2026-07-03T04:23:01.000Z,_UNKNOWN,3600,YEAR,,,,[name],2027-07-03T04:23:01.000Z,,300,,2027-07-03T04:23:01.000Z,2026-07-03T04:23:01.000Z,3600,,,,,,Default/Fallback [July 2025] [25% one time / No entry modal],,07-03-2026,,07-05-2026,07-03-2026,07-03-2026,07-03-2026,,07-03-2026,07-03-2027
Wg75DoN_b1ffe984324b4bc6,1686439,,Book Club Members; fallback,,,[name],[name],[name],I only needed SuperSummary for a short time,i_have_too_much_product_1528073051,Project ended or taking a break,project_stop,,Needs (SaaS),needs,5,Just my own attention and memory,,u_f6d59d855e84da29,It’s quite OK AS as it is!,,,1,36.0,,Canceled,2026-07-05T13:50:59.000Z,2026-07-05T13:53:49.000Z,2026-07-05T13:53:49.000Z,,43.25,2026-07-05T13:53:49.000Z,cancel,Valid Cancel,annual,2027-06-29T13:18:30.000Z,2027-06-29T13:18:30.000Z,3.0,3.0,36.0,Brightback,,,,,,,1686439,2026-06-29T13:18:28.000Z,,2026-06-29T13:18:30.000Z,,h_993a12ae50e361e0,,1,2026-06-29T13:18:30.000Z,USD,u_f6d59d855e84da29,ACTIVE,h_50cde156c00f23f5,[name],36.0,annual_essentials,,2026-06-29T13:18:30.000Z,book_club_member,,1,annual_essentials,2026-06-29T13:18:30.000Z,_UNKNOWN,3600,YEAR,annual_essentials,,,[name],2027-06-29T13:18:30.000Z,,300,,2027-06-29T13:18:30.000Z,2026-06-29T13:18:30.000Z,3600,[name],,https://www.supersummary.com/subscription,https://www.supersummary.com/subscription/confirming/cancel,,BCM Experience [July 2025] [25% one-time / No Entry Modal],,06-29-2026,,07-05-2026,06-29-2026,06-29-2026,06-29-2026,,06-29-2026,06-29-2027
Wg75CQm_89954b67f92ee868,1690113,,Students; fallback,,,[name],[name],[name],I only needed SuperSummary for a short time,i_have_too_much_product_1528073051,Project ended or taking a break,project_stop,,Needs (SaaS),needs,3,,,u_cfa2bc3c3f5be06e,,,,0,60.0,,Canceled,2026-07-05T12:26:57.000Z,2026-07-05T12:28:06.000Z,2026-07-05T12:28:07.000Z,,43.31,2026-07-05T12:28:07.000Z,cancel,Valid Cancel,annual,2027-07-05T12:13:33.000Z,,3.75,3.75,60.0,Brightback,,,,,,,1690113,2026-07-05T12:13:31.000Z,,2026-07-05T12:13:33.000Z,,h_60970ce206f62006,,1,2026-07-05T12:13:33.000Z,USD,u_cfa2bc3c3f5be06e,NON_RENEWING,h_0eb154c568dfe525,[name],60.0,annual_plus,,2026-07-05T12:13:33.000Z,student,,1,annual_plus,2026-07-05T12:13:33.000Z,_UNKNOWN,6000,YEAR,annual_plus,nmTKUhkQCvq,College,[name],,,375,,2027-07-05T12:13:33.000Z,2026-07-05T12:13:33.000Z,6000,[name],,https://www.supersummary.com/subscription,https://www.supersummary.com/subscription/confirming/cancel,,Student Experience [July 2025] [25% one-time / No Entry Modal],,07-05-2026,,07-05-2026,07-05-2026,07-05-2026,07-05-2026,,07-05-2026,
Wg75CPn_a6c6e3c08e7d1d54,AzyiQXVOV4Qd98b9m,,Students; fallback,,,[name],[name],,I only needed SuperSummary for a short time,i_have_too_much_product_1528073051,Project ended or taking a break,project_stop,,Needs (SaaS),needs,3,,,u_cfa2bc3c3f5be06e,,,,0,,,Canceled,2026-07-05T12:26:00.000Z,2026-07-05T12:26:40.000Z,2026-07-05T12:26:41.000Z,,43.31,2026-07-05T12:26:41.000Z,cancel,Valid Cancel,annual,2027-07-05T12:13:33.000Z,2027-07-05T12:13:33.000Z,3.75,3.75,60.0,Brightback,,,,,,,AzyiQXVOV4Qd98b9m,2026-07-05T12:13:31.000Z,,2026-07-05T12:13:33.000Z,,h_60970ce206f62006,,1,2026-07-05T12:13:33.000Z,USD,u_cfa2bc3c3f5be06e,ACTIVE,h_0eb154c568dfe525,[name],,,,2026-07-05T12:13:33.000Z,student,,1,annual_plus,2026-07-05T12:13:33.000Z,_UNKNOWN,6000,YEAR,,nmTKUhkQCvq,College,[name],2027-07-05T12:13:33.000Z,,375,,2027-07-05T12:13:33.000Z,2026-07-05T12:13:33.000Z,6000,,,,,,Student Experience [July 2025] [25% one-time / No Entry Modal],,07-05-2026,,07-05-2026,07-05-2026,07-05-2026,07-05-2026,,07-05-2026,07-05-2027
Wg753JT_9947aafc635392c2,AzqaxbVLUtj9p6KL,,Students; fallback,,,[name],[name],,I only needed SuperSummary for a short time,i_have_too_much_product_1528073051,Project ended or taking a break,project_stop,,Needs (SaaS),needs,1,,,u_bbcebdbea39fc39c,,,,0,,,Canceled,2026-07-05T03:19:31.000Z,2026-07-05T03:19:48.000Z,2026-07-05T03:19:48.000Z,,43.69,2026-07-05T03:19:48.000Z,cancel,Valid Cancel,monthly,2026-08-03T16:04:24.000Z,2026-08-03T16:04:24.000Z,9.95,9.95,9.95,Brightback,,,,,,,AzqaxbVLUtj9p6KL,2026-06-03T16:04:22.000Z,,2026-06-03T16:04:24.000Z,,h_188ad49d4a062e61,,1,2026-06-03T16:04:24.000Z,USD,u_bbcebdbea39fc39c,ACTIVE,h_0cd93793cfec68d7,[name],,,,2026-07-03T16:04:24.000Z,student,,1,monthly_essentials,2026-06-03T16:04:24.000Z,_UNKNOWN,995,MONTH,,,High School,[name],2026-08-03T16:04:24.000Z,,995,,2026-08-03T16:04:24.000Z,2026-06-03T16:04:24.000Z,995,,,,,,Student Experience [July 2025] [25% one-time / No Entry Modal],,06-03-2026,,07-05-2026,06-03-2026,06-03-2026,06-03-2026,,06-03-2026,08-03-2026
Wg753ho_8af607e99ec288f4,1689854,,Students; fallback,,,[name],[name],[name],I only needed SuperSummary for a short time,i_have_too_much_product_1528073051,Project ended or taking a break,project_stop,,Needs (SaaS),needs,1,nothing ,,u_493301ea4115aa82,nothing ,,,1,36.0,,Canceled,2026-07-05T03:43:56.000Z,2026-07-05T03:44:26.000Z,2026-07-05T03:44:26.000Z,,43.67,2026-07-05T03:44:26.000Z,cancel,Valid Cancel,annual,2027-07-04T19:17:42.000Z,2027-07-04T19:17:42.000Z,3.0,3.0,36.0,Brightback,,,,,,,1689854,2026-07-04T19:17:39.000Z,,2026-07-04T19:17:42.000Z,,h_2fa10d8638796f49,,1,2026-07-04T19:17:42.000Z,USD,u_493301ea4115aa82,ACTIVE,h_c10bb6b9a640f365,[name],36.0,annual_essentials,,2026-07-04T19:17:42.000Z,student,,1,annual_essentials,2026-07-04T19:17:42.000Z,_UNKNOWN,3600,YEAR,annual_essentials,,Postgrad Program,[name],2027-07-04T19:17:42.000Z,,300,,2027-07-04T19:17:42.000Z,2026-07-04T19:17:42.000Z,3600,[name],,https://www.supersummary.com/subscription,https://www.supersummary.com/subscription/confirming/cancel,,Student Experience [July 2025] [25% one-time / No Entry Modal],,07-04-2026,,07-05-2026,07-04-2026,07-04-2026,07-04-2026,,07-04-2026,07-04-2027
Wg752Yp_8789276fca197b32,16CL4KVNJVBee2guk,,fallback,,,[name],[name],,I only needed SuperSummary for a short time,i_have_too_much_product_1528073051,Project ended or taking a break,project_stop,,Needs (SaaS),needs,5,,,u_f6c53f5dc077447f,,,,0,,,Canceled,2026-07-05T02:34:52.000Z,2026-07-05T02:35:07.000Z,2026-07-05T02:35:07.000Z,,43.72,2026-07-05T02:35:07.000Z,cancel,Valid Cancel,annual,2027-06-22T22:15:41.000Z,2027-06-22T22:15:41.000Z,3.0,3.0,36.0,Brightback,,,,,,,16CL4KVNJVBee2guk,2026-06-22T22:15:11.000Z,,2026-06-22T22:15:41.000Z,,h_40a983eac28fa2ec,,1,2026-06-22T22:15:41.000Z,USD,u_f6c53f5dc077447f,ACTIVE,h_7878a3edaef7cbcb,[name],,,,2026-06-22T22:15:41.000Z,other,,1,annual_essentials,2026-06-22T22:15:41.000Z,_UNKNOWN,3600,YEAR,,,,[name],2027-06-22T22:15:41.000Z,,300,,2027-06-22T22:15:41.000Z,2026-06-22T22:15:41.000Z,3600,,,,,,Default/Fallback [July 2025] [25% one time / No entry modal],,06-22-2026,,07-05-2026,06-22-2026,06-22-2026,06-22-2026,,06-22-2026,06-22-2027
Wg752Al_a3edd33518f60839,AzqTZdVOSTvOA8J4q,,Book Club Members; fallback,,,[name],[name],,I only needed SuperSummary for a short time,i_have_too_much_product_1528073051,Project ended or taking a break,project_stop,,Needs (SaaS),needs,7,,,u_a323c90eef50dbc7,,,,0,,,Canceled,2026-07-05T02:10:49.000Z,2026-07-05T02:11:11.000Z,2026-07-05T02:11:11.000Z,,43.74,2026-07-05T02:11:11.000Z,cancel,Valid Cancel,annual,2027-07-05T01:36:00.000Z,2027-07-05T01:36:00.000Z,3.0,3.0,36.0,Brightback,,,,,,,AzqTZdVOSTvOA8J4q,2026-07-05T01:35:58.000Z,,2026-07-05T01:36:00.000Z,,h_f011b713f40ed14e,,1,2026-07-05T01:36:00.000Z,USD,u_a323c90eef50dbc7,ACTIVE,h_b3ab0e7d1c1fa0b7,[name],,,,2026-07-05T01:36:00.000Z,book_club_member,,1,annual_essentials,2026-07-05T01:36:00.000Z,_UNKNOWN,3600,YEAR,,,,[name],2027-07-05T01:36:00.000Z,,300,,2027-07-05T01:36:00.000Z,2026-07-05T01:36:00.000Z,3600,,,,,,BCM Experience [July 2025] [25% one-time / No Entry Modal],,07-05-2026,,07-05-2026,07-05-2026,07-05-2026,07-05-2026,,07-05-2026,07-05-2027
Wg74Jh6_9f49b48905dd235c,AzZQerVCvgZpl23SJ,,Students; fallback,,,[name],[name],,I only needed SuperSummary for a short time,i_have_too_much_product_1528073051,Project ended or taking a break,project_stop,,Needs (SaaS),needs,1,,,u_ef170f903365836d,,,,0,,,Canceled,2026-07-04T19:43:08.000Z,2026-07-04T19:43:33.000Z,2026-07-04T19:43:33.000Z,,44.01,2026-07-04T19:43:33.000Z,cancel,Valid Cancel,monthly,2026-08-04T19:41:35.000Z,2026-08-04T19:41:35.000Z,9.95,9.95,9.95,Brightback,,,,,,,AzZQerVCvgZpl23SJ,2026-03-04T19:41:31.000Z,,2026-03-04T19:41:35.000Z,,h_dc56ca49b3f724b5,,1,2026-03-04T19:41:35.000Z,USD,u_ef170f903365836d,ACTIVE,h_ee13157cb0b92879,[name],,,,2026-07-04T19:41:35.000Z,student,,1,monthly_essentials,2026-03-04T19:41:35.000Z,_UNKNOWN,995,MONTH,,,College,[name],2026-08-04T19:41:35.000Z,,995,,2026-08-04T19:41:35.000Z,2026-03-04T19:41:35.000Z,995,,,,,,Student Experience [July 2025] [25% one-time / No Entry Modal],,03-04-2026,,07-04-2026,03-04-2026,03-04-2026,03-04-2026,,03-04-2026,08-04-2026
Wg74Idf_8d5794e27ee7b7a9,1625769,,Parents; fallback,,,[name],[name],[name],I only needed SuperSummary for a short time,i_have_too_much_product_1528073051,Project ended or taking a break,project_stop,,Needs (SaaS),needs,5,,,u_f915c35791bce161,,,,0,16.65,,Canceled,2026-07-04T18:40:02.000Z,2026-07-04T18:41:13.000Z,2026-07-04T18:41:13.000Z,,44.05,2026-07-04T18:41:13.000Z,cancel,Valid Cancel,monthly,2026-08-03T23:55:06.000Z,2026-08-03T23:55:06.000Z,16.65,16.65,16.65,Brightback,,,,,,,1625769,2026-05-03T23:55:03.000Z,,2026-05-03T23:55:06.000Z,,h_f23b54a192e48843,,1,2026-05-03T23:55:06.000Z,USD,u_f915c35791bce161,ACTIVE,h_132f4e638c225241,[name],16.65,monthly_plus,,2026-07-03T23:55:06.000Z,parent_of_student,,1,monthly_plus,2026-05-03T23:55:06.000Z,_UNKNOWN,1665,MONTH,monthly_plus,,Middle School,[name],2026-08-03T23:55:06.000Z,,1665,,2026-08-03T23:55:06.000Z,2026-05-03T23:55:06.000Z,1665,[name],,https://www.supersummary.com/subscription,https://www.supersummary.com/subscription/confirming/cancel,,Parent Experience [July 2025] [25% one-time / No Entry Modal],,05-03-2026,,07-04-2026,05-03-2026,05-03-2026,05-03-2026,,05-03-2026,08-03-2026
Wg74H5W_9c563eb188801fba,AzZLeAUput7I3Ez7L,,Students; Annual,,,[name],[name],,I only needed SuperSummary for a short time,i_have_too_much_product_1528073051,Project ended or taking a break,project_stop,,Needs (SaaS),needs,5,Nothing ,,u_8f448f67044c8380,,,,0,,,Canceled,2026-07-04T17:05:34.000Z,2026-07-04T17:06:12.000Z,2026-07-13T04:17:38.000Z,,44.12,2026-07-13T04:17:38.000Z,cancel,Valid Cancel,annual,2027-07-03T19:20:52.000Z,2027-07-03T19:20:52.000Z,3.0,3.0,36.0,Brightback,,,,,,,AzZLeAUput7I3Ez7L,2025-07-03T19:20:49.000Z,,2025-07-03T19:20:52.000Z,,h_9daabd775c663a34,,1,2025-07-03T19:20:52.000Z,USD,u_8f448f67044c8380,ACTIVE,h_bc19f00ae98f9268,[name],,,,2026-07-03T19:20:52.000Z,student,,1,annual,2025-07-03T19:20:52.000Z,_UNKNOWN,3600,YEAR,,,College,[name],2027-07-03T19:20:52.000Z,,300,,2027-07-03T19:20:52.000Z,2025-07-03T19:20:52.000Z,3600,,,,,,Student Experience [July 2025] [25% one-time / No Entry Modal],,07-03-2025,,07-04-2026,07-03-2025,07-03-2025,07-03-2025,,07-03-2025,07-03-2027
Wg74Esc_a919d69ce10f02e9,377501,,Book Club Members; Annual,,,[name],[name],[name],I only needed SuperSummary for a short time,i_have_too_much_product_1528073051,Project ended or taking a break,project_stop,,Needs (SaaS),needs,7,,,u_9b010557f56fef2e,,,,0,36.0,,Canceled,2026-07-04T14:55:06.000Z,2026-07-04T14:56:16.000Z,2026-07-04T14:56:17.000Z,,44.21,2026-07-04T14:56:17.000Z,cancel,Valid Cancel,annual,2027-06-02T16:59:11.000Z,2027-06-02T16:59:11.000Z,3.0,3.0,36.0,Brightback,,,,,,,377501,2023-06-02T16:59:09.000Z,,2023-06-02T16:59:11.000Z,,h_69dd9bcf1076bb85,,1,2023-06-02T16:59:11.000Z,USD,u_9b010557f56fef2e,ACTIVE,h_85d2bbda7280927a,[name],36.0,annual,,2026-06-02T16:59:11.000Z,book_club_member,,1,annual,2023-06-02T16:59:11.000Z,_UNKNOWN,3600,YEAR,annual,,,[name],2027-06-02T16:59:11.000Z,,300,,2027-06-02T16:59:11.000Z,2023-06-02T16:59:11.000Z,3600,[name],,https://www.supersummary.com/subscription,https://www.supersummary.com/subscription/confirming/cancel,,BCM Experience [July 2025] [25% one-time / No Entry Modal],,06-02-2023,,07-04-2026,06-02-2023,06-02-2023,06-02-2023,,06-02-2023,06-02-2027
Wg74EEw_9d67c2f68cc7c90e,310915,,Teachers; Annual,,,[name],[name],[name],I only needed SuperSummary for a short time,i_have_too_much_product_1528073051,Project ended or taking a break,project_stop,,Needs (SaaS),needs,5,,,u_93693d8ea94fb070,,,,0,36.0,,Canceled,2026-07-04T14:15:11.000Z,2026-07-04T14:16:03.000Z,2026-07-04T14:16:04.000Z,,44.24,2026-07-04T14:16:04.000Z,cancel,Valid Cancel,annual,2027-06-18T05:38:34.000Z,2027-06-18T05:38:34.000Z,3.0,3.0,36.0,Brightback,,,,,,,310915,2023-07-28T11:27:06.000Z,,2025-06-18T05:38:34.000Z,,h_a962032e7978a1f3,,1,2025-06-18T05:38:34.000Z,USD,u_93693d8ea94fb070,ACTIVE,h_c8bf0e064b242261,[name],36.0,annual,,2026-06-18T05:38:34.000Z,teacher,,1,annual,2025-06-18T05:38:34.000Z,_UNKNOWN,3600,YEAR,annual,,College,[name],2027-06-18T05:38:34.000Z,,300,,2027-06-18T05:38:34.000Z,2025-06-18T05:38:34.000Z,3600,[name],,https://www.supersummary.com/subscription,https://www.supersummary.com/subscription/confirming/cancel,,Teacher Experience [July 2025] [40% one-time / Modal],,06-18-2025,,07-04-2026,06-18-2025,06-18-2025,07-28-2023,,06-18-2025,06-18-2027
Wg74E5k_8d54f2d9fe396e8c,6oqi0TixihKQ1QSi,,Students; Annual,,,[name],[name],,I only needed SuperSummary for a short time,i_have_too_much_product_1528073051,Project ended or taking a break,project_stop,,Needs (SaaS),needs,8,,,u_5f50553ebafefcd2,,,,0,,,Canceled,2026-07-04T14:05:48.000Z,2026-07-04T14:06:12.000Z,2026-07-04T14:06:12.000Z,,44.24,2026-07-04T14:06:12.000Z,cancel,Valid Cancel,annual,2027-07-03T15:45:33.000Z,2027-07-03T15:45:33.000Z,3.0,3.0,36.0,Brightback,,,,,,,6oqi0TixihKQ1QSi,2023-07-03T15:45:31.000Z,,2023-07-03T15:45:33.000Z,,h_9a535478adacca94,,1,2023-07-03T15:45:33.000Z,USD,u_5f50553ebafefcd2,ACTIVE,h_2124d411b3422ee9,[name],,,,2026-07-03T15:45:33.000Z,student,,1,annual,2023-07-03T15:45:33.000Z,_UNKNOWN,3600,YEAR,,,High School,[name],2027-07-03T15:45:33.000Z,,300,,2027-07-03T15:45:33.000Z,2023-07-03T15:45:33.000Z,3600,,,,,,Student Experience [July 2025] [25% one-time / No Entry Modal],,07-03-2023,,07-04-2026,07-03-2023,07-03-2023,07-03-2023,,07-03-2023,07-03-2027
Wg74AiS_bc5cb8be7643afff,1681187,,Teachers; fallback,,,[name],[name],[name],I only needed SuperSummary for a short time,i_have_too_much_product_1528073051,Project ended or taking a break,project_stop,,Needs (SaaS),needs,6,,,u_da938dec08f2aff3,"Camp of the saints summary is overtly anti rightwing, overtly leftist. Still useful, but shameless to inject such personal politics in a summary.",,,1,9.95,,Canceled,2026-07-04T10:44:36.000Z,2026-07-04T10:46:45.000Z,2026-07-04T10:46:46.000Z,,44.38,2026-07-04T10:46:46.000Z,cancel,Valid Cancel,monthly,2026-07-22T11:14:51.000Z,2026-07-22T11:14:51.000Z,9.95,9.95,9.95,Brightback,,,,,,,1681187,2026-06-22T11:14:49.000Z,,2026-06-22T11:14:51.000Z,,h_a4fa10676051a7c1,,1,2026-06-22T11:14:51.000Z,USD,u_da938dec08f2aff3,ACTIVE,h_d4d9a0e326d200d6,[name],9.95,monthly_essentials,,2026-06-22T11:14:51.000Z,teacher,,1,monthly_essentials,2026-06-22T11:14:51.000Z,_UNKNOWN,995,MONTH,monthly_essentials,,High School,[name],2026-07-22T11:14:51.000Z,,995,,2026-07-22T11:14:51.000Z,2026-06-22T11:14:51.000Z,995,[name],,https://www.supersummary.com/subscription,https://www.supersummary.com/subscription/confirming/cancel,,Teacher Experience [July 2025] [40% one-time / Modal],,06-22-2026,,07-04-2026,06-22-2026,06-22-2026,06-22-2026,,06-22-2026,07-22-2026
Wg741WS_a064b5d3664f3d1e,1602663,,Students; fallback,,,[name],[name],[name],I only needed SuperSummary for a short time,i_have_too_much_product_1528073051,Project ended or taking a break,project_stop,,Needs (SaaS),needs,3,Nothing.,,u_b44e79b87ab4768a,N/A,,,1,9.95,,Canceled,2026-07-04T01:32:36.000Z,2026-07-04T01:33:15.000Z,2026-07-04T01:33:15.000Z,,44.77,2026-07-04T01:34:26.000Z,cancel,Valid Cancel,monthly,2026-07-16T19:52:00.000Z,2026-07-16T19:52:00.000Z,9.95,9.95,9.95,Brightback,,,,,,,1602663,2026-04-16T19:51:57.000Z,,2026-04-16T19:52:00.000Z,,h_6042342636a03801,,1,2026-04-16T19:52:00.000Z,USD,u_b44e79b87ab4768a,ACTIVE,h_dfd8826415a3a24f,[name],9.95,monthly_essentials,,2026-06-16T19:52:00.000Z,student,,1,monthly_essentials,2026-04-16T19:52:00.000Z,_UNKNOWN,995,MONTH,monthly_essentials,,College,[name],2026-07-16T19:52:00.000Z,,995,,2026-07-16T19:52:00.000Z,2026-04-16T19:52:00.000Z,995,[name],,https://www.supersummary.com/subscription,https://www.supersummary.com/subscription/confirming/cancel,,Student Experience [July 2025] [25% one-time / No Entry Modal],,04-16-2026,,07-04-2026,04-16-2026,04-16-2026,04-16-2026,,04-16-2026,07-16-2026
Wg740cN_b622bb96de57bf1b,1247160,,Students; Annual,,,[name],[name],[name],I only needed SuperSummary for a short time,i_have_too_much_product_1528073051,Project ended or taking a break,project_stop,,Needs (SaaS),needs,5,,,u_134ed1948ad331c2,,,,0,36.0,,Canceled,2026-07-04T00:38:31.000Z,2026-07-04T00:38:43.000Z,2026-07-04T00:38:43.000Z,,44.8,2026-07-04T00:38:43.000Z,cancel,Valid Cancel,annual,2027-06-26T20:00:41.000Z,2027-06-26T20:00:41.000Z,3.0,3.0,36.0,Brightback,,,,,,,1247160,2025-06-26T19:58:14.000Z,,2025-06-26T20:00:41.000Z,,h_097bf8fa6578bd96,,1,2025-06-26T20:00:41.000Z,USD,u_134ed1948ad331c2,ACTIVE,h_19c2e40a6a2caf47,[name],36.0,annual,,2026-06-26T20:00:41.000Z,student,,1,annual,2025-06-26T20:00:41.000Z,_UNKNOWN,3600,YEAR,annual,,Postgrad Program,[name],2027-06-26T20:00:41.000Z,,300,,2027-06-26T20:00:41.000Z,2025-06-26T20:00:41.000Z,3600,[name],,https://www.supersummary.com/subscription,https://www.supersummary.com/subscription/confirming/cancel,,Student Experience [July 2025] [25% one-time / No Entry Modal],,06-26-2025,,07-04-2026,06-26-2025,06-26-2025,06-26-2025,,06-26-2025,06-26-2027
Wg7407Q_a392de7348005dee,169jw4VOM5sme5ftj,,Book Club Members; fallback,,,[name],[name],,I only needed SuperSummary for a short time,i_have_too_much_product_1528073051,Project ended or taking a break,project_stop,,Needs (SaaS),needs,2,,,u_9259aa7678042708,,,,0,,,Canceled,2026-07-04T00:07:27.000Z,2026-07-04T00:08:06.000Z,2026-07-04T00:08:34.000Z,,44.82,2026-07-04T00:08:34.000Z,cancel,Valid Cancel,annual,2027-07-03T23:22:52.000Z,2027-07-03T23:22:52.000Z,3.0,3.0,36.0,Brightback,,,,,,,169jw4VOM5sme5ftj,2026-07-03T23:22:51.000Z,,2026-07-03T23:22:52.000Z,,h_c37ea388807de4b9,,1,2026-07-03T23:22:52.000Z,USD,u_9259aa7678042708,ACTIVE,h_a7042ac7a1bbc8d0,[name],,,,2026-07-03T23:22:52.000Z,book_club_member,,1,annual_essentials,2026-07-03T23:22:52.000Z,_UNKNOWN,3600,YEAR,,,,[name],2027-07-03T23:22:52.000Z,,300,,2027-07-03T23:22:52.000Z,2026-07-03T23:22:52.000Z,3600,,,,,,BCM Experience [July 2025] [25% one-time / No Entry Modal],,07-03-2026,,07-04-2026,07-03-2026,07-03-2026,07-03-2026,,07-03-2026,07-03-2027
Wg73NgZ_bbdcec9bc0fc2b20,1578432,,Book Club Members; fallback,,,[name],[name],[name],I only needed SuperSummary for a short time,i_have_too_much_product_1528073051,Project ended or taking a break,project_stop,,Needs (SaaS),needs,6,,,u_2d62b5c1183ecf11,,,,0,9.95,,Canceled,2026-07-03T23:42:52.000Z,2026-07-03T23:43:36.000Z,2026-07-03T23:43:36.000Z,,44.84,2026-07-03T23:43:36.000Z,cancel,Valid Cancel,monthly,2026-07-29T14:27:25.000Z,2026-07-29T14:27:25.000Z,9.95,9.95,9.95,Brightback,,,,,,,1578432,2026-03-29T14:27:23.000Z,,2026-03-29T14:27:25.000Z,,h_e78ced2ec64f42a2,,1,2026-03-29T14:27:25.000Z,USD,u_2d62b5c1183ecf11,ACTIVE,h_1fc5e321da181ec2,[name],9.95,monthly_essentials,,2026-06-29T14:27:25.000Z,book_club_member,,1,monthly_essentials,2026-03-29T14:27:25.000Z,_UNKNOWN,995,MONTH,monthly_essentials,,,[name],2026-07-29T14:27:25.000Z,,995,,2026-07-29T14:27:25.000Z,2026-03-29T14:27:25.000Z,995,[name],,https://www.supersummary.com/subscription,https://www.supersummary.com/subscription/confirming/cancel,,BCM Experience [July 2025] [25% one-time / No Entry Modal],,03-29-2026,,07-03-2026,03-29-2026,03-29-2026,03-29-2026,,03-29-2026,07-29-2026
Wg73Lua_83375a0c585e22e4,Azqk1mVOL3KRL4sOU,,Book Club Members; fallback,,,[name],[name],,I only needed SuperSummary for a short time,i_have_too_much_product_1528073051,Project ended or taking a break,project_stop,,Needs (SaaS),needs,6,,,u_6cb904a2ed998cc5,,,,0,,,Canceled,2026-07-03T21:56:39.000Z,2026-07-03T21:57:25.000Z,2026-07-03T21:57:25.000Z,,44.92,2026-07-03T21:57:25.000Z,cancel,Valid Cancel,monthly,2026-08-03T19:06:27.000Z,2026-08-03T19:06:27.000Z,9.95,9.95,9.95,Brightback,,,,,,,Azqk1mVOL3KRL4sOU,2025-05-09T20:30:52.000Z,,2026-07-03T19:06:27.000Z,,h_1e5611b2b79111c2,,1,2026-07-03T19:06:27.000Z,USD,u_6cb904a2ed998cc5,ACTIVE,h_2686abadcd23c802,[name],,,,2026-07-03T19:06:27.000Z,book_club_member,,1,monthly_essentials,2026-07-03T19:06:27.000Z,_UNKNOWN,995,MONTH,,,,[name],2026-08-03T19:06:27.000Z,,995,,2026-08-03T19:06:27.000Z,2026-07-03T19:06:27.000Z,995,,,,,,BCM Experience [July 2025] [25% one-time / No Entry Modal],,07-03-2026,,07-03-2026,07-03-2026,07-03-2026,05-09-2025,,07-03-2026,08-03-2026
Wg73JeQ_8b7b73b8b2353155,AzqKJsUgkBHDF2nBJ,,Teachers; Monthly,,,[name],[name],,I only needed SuperSummary for a short time,i_have_too_much_product_1528073051,Project ended or taking a break,project_stop,,Needs (SaaS),needs,3,Nothing I don't need it,,u_d0345ec1bac648d1,This subscription should probably be cheaper,,,1,,,Canceled,2026-07-03T19:40:31.000Z,2026-07-03T19:41:06.000Z,2026-07-03T19:41:06.000Z,,45.01,2026-07-03T19:41:06.000Z,cancel,Valid Cancel,monthly,2026-07-28T13:04:05.000Z,2026-07-28T13:04:05.000Z,9.95,9.95,9.95,Brightback,,,,,,,AzqKJsUgkBHDF2nBJ,2025-03-28T13:04:04.000Z,,2025-03-28T13:04:05.000Z,,h_e7bcc28781e29b9f,,1,2025-03-28T13:04:05.000Z,USD,u_d0345ec1bac648d1,ACTIVE,h_b00b7bad1df62dd9,[name],,,,2026-06-28T13:04:05.000Z,teacher,,1,monthly,2025-03-28T13:04:05.000Z,_UNKNOWN,995,MONTH,,,High School,[name],2026-07-28T13:04:05.000Z,,995,,2026-07-28T13:04:05.000Z,2025-03-28T13:04:05.000Z,995,,,,,,Teacher Experience [July 2025] [40% forever / No entry modal],,03-28-2025,,07-03-2026,03-28-2025,03-28-2025,03-28-2025,,03-28-2025,07-28-2026
Wg73J2H_a795d13f4984fda3,AzyvyHVO9rLe6AOLR,,Students; fallback,,,[name],[name],,I only needed SuperSummary for a short time,i_have_too_much_product_1528073051,Project ended or taking a break,project_stop,,Needs (SaaS),needs,6,,,u_bba2dd83e7a0feda,I needed page sources,,,1,,,Canceled,2026-07-03T19:02:20.000Z,2026-07-03T19:03:14.000Z,2026-07-03T19:03:14.000Z,,45.04,2026-07-03T19:03:14.000Z,cancel,Valid Cancel,annual,2027-07-01T21:09:52.000Z,2027-07-01T21:09:52.000Z,5.0,5.0,60.0,Brightback,,,,,,,AzyvyHVO9rLe6AOLR,2026-07-01T21:09:51.000Z,,2026-07-01T21:09:52.000Z,,h_e64d278399f2b534,,1,2026-07-01T21:09:52.000Z,USD,u_bba2dd83e7a0feda,ACTIVE,h_4625167296fdf16b,[name],,,,2026-07-01T21:09:52.000Z,student,,1,annual_plus,2026-07-01T21:09:52.000Z,_UNKNOWN,6000,YEAR,,,College,[name],2027-07-01T21:09:52.000Z,,500,,2027-07-01T21:09:52.000Z,2026-07-01T21:09:52.000Z,6000,,,,,,Student Experience [July 2025] [25% one-time / No Entry Modal],,07-01-2026,,07-03-2026,07-01-2026,07-01-2026,07-01-2026,,07-01-2026,07-01-2027
Wg73IAC_918c1acb9ff125d6,AzZNTlVIIb4AzTyJ,,Students; fallback,,,[name],[name],,I only needed SuperSummary for a short time,i_have_too_much_product_1528073051,Project ended or taking a break,project_stop,,Needs (SaaS),needs,10,,,u_2245a3e8eb8faa53,,,,0,,,Canceled,2026-07-03T18:10:17.000Z,2026-07-03T18:10:35.000Z,2026-07-03T18:10:35.000Z,,45.07,2026-07-03T18:10:35.000Z,cancel,Valid Cancel,monthly,2026-07-30T18:08:22.000Z,2026-07-30T18:08:22.000Z,16.65,16.65,16.65,Brightback,,,,,,,AzZNTlVIIb4AzTyJ,2026-04-30T18:08:20.000Z,,2026-04-30T18:08:22.000Z,,h_bd311776b9e0d2c0,,1,2026-04-30T18:08:22.000Z,USD,u_2245a3e8eb8faa53,ACTIVE,h_0b00a8858f051d0f,[name],,,,2026-06-30T18:08:22.000Z,student,,1,monthly_plus,2026-04-30T18:08:22.000Z,_UNKNOWN,1665,MONTH,,,Postgrad Program,[name],2026-07-30T18:08:22.000Z,,1665,,2026-07-30T18:08:22.000Z,2026-04-30T18:08:22.000Z,1665,,,,,,Student Experience [July 2025] [25% one-time / No Entry Modal],,04-30-2026,,07-03-2026,04-30-2026,04-30-2026,04-30-2026,,04-30-2026,07-30-2026
Wg73Hf2_b6b46e82a96be3ec,1679410,,Students; fallback,,,[name],[name],[name],I only needed SuperSummary for a short time,i_have_too_much_product_1528073051,Project ended or taking a break,project_stop,,Needs (SaaS),needs,7,,,u_8f1dc6e47ad8c8b1,,,,0,16.65,,Canceled,2026-07-03T17:41:11.000Z,2026-07-03T17:41:46.000Z,2026-07-03T17:41:47.000Z,,45.09,2026-07-03T17:41:47.000Z,cancel,Valid Cancel,monthly,2026-07-19T19:25:14.000Z,2026-07-19T19:25:14.000Z,16.65,16.65,16.65,Brightback,,,,,,,1679410,2026-06-19T19:25:13.000Z,,2026-06-19T19:25:14.000Z,,h_8982633ede8d6869,,1,2026-06-19T19:25:14.000Z,USD,u_8f1dc6e47ad8c8b1,ACTIVE,h_be0ca3ca0b1e4d3e,[name],16.65,monthly_plus,,2026-06-19T19:25:14.000Z,student,,1,monthly_plus,2026-06-19T19:25:14.000Z,_UNKNOWN,1665,MONTH,monthly_plus,,College,[name],2026-07-19T19:25:14.000Z,,1665,,2026-07-19T19:25:14.000Z,2026-06-19T19:25:14.000Z,1665,[name],,https://www.supersummary.com/subscription,https://www.supersummary.com/subscription/confirming/cancel,,Student Experience [July 2025] [25% one-time / No Entry Modal],,06-19-2026,,07-03-2026,06-19-2026,06-19-2026,06-19-2026,,06-19-2026,07-19-2026
Wg73FTr_af652f27900f406a,386284,,Teachers; Annual,,,[name],[name],[name],I only needed SuperSummary for a short time,i_have_too_much_product_1528073051,Project ended or taking a break,project_stop,,Needs (SaaS),needs,8,,,u_72fad33e9e18f4d9,,,,0,36.0,,Canceled,2026-07-03T15:30:11.000Z,2026-07-03T15:31:18.000Z,2026-07-03T15:31:18.000Z,,45.18,2026-07-03T20:49:33.000Z,cancel,Valid Cancel,annual,2026-07-10T16:07:18.000Z,,3.0,3.0,36.0,Brightback,,,,,,,386284,2023-07-05T13:40:19.000Z,,2025-07-10T16:07:18.000Z,,h_1c3345d8f58d2e64,,1,2025-07-10T16:07:18.000Z,USD,u_72fad33e9e18f4d9,ACTIVE,h_aeac55ba4d4005e3,[name],36.0,annual,,2025-07-10T16:07:18.000Z,teacher,,1,annual,2025-07-10T16:07:18.000Z,_UNKNOWN,3600,YEAR,annual,,High School,[name],2026-07-10T16:07:18.000Z,,300,,2026-07-10T16:07:18.000Z,2025-07-10T16:07:18.000Z,3600,[name],,https://www.supersummary.com/subscription,https://www.supersummary.com/subscription/confirming/cancel,,Teacher Experience [July 2025] [40% one-time / Modal],,07-10-2025,,07-03-2026,07-10-2025,07-10-2025,07-05-2023,,07-10-2025,07-10-2026
Wg73FI4_a73d0218fd27da2f,1686017,,Teachers; fallback,,,[name],[name],[name],I only needed SuperSummary for a short time,i_have_too_much_product_1528073051,Project ended or taking a break,project_stop,,Needs (SaaS),needs,4,,,u_111b16ae1d5b9a4b,,,,0,60.0,,Canceled,2026-07-03T15:18:20.000Z,2026-07-03T15:18:46.000Z,2026-07-03T15:18:46.000Z,,45.19,2026-07-03T15:19:13.000Z,cancel,Valid Cancel,annual,2027-06-28T20:23:19.000Z,2027-06-28T20:23:19.000Z,5.0,5.0,60.0,Brightback,,,,,,,1686017,2026-06-28T20:23:17.000Z,,2026-06-28T20:23:19.000Z,,h_4c9095bde9cc5a47,,1,2026-06-28T20:23:19.000Z,USD,u_111b16ae1d5b9a4b,ACTIVE,h_e6d58ecfe248cbd1,[name],60.0,annual_plus,,2026-06-28T20:23:19.000Z,teacher,,1,annual_plus,2026-06-28T20:23:19.000Z,_UNKNOWN,6000,YEAR,annual_plus,,High School,[name],2027-06-28T20:23:19.000Z,,500,,2027-06-28T20:23:19.000Z,2026-06-28T20:23:19.000Z,6000,[name],,https://www.supersummary.com/subscription,https://www.supersummary.com/subscription/confirming/cancel,,Teacher Experience [July 2025] [40% one-time / Modal],,06-28-2026,,07-03-2026,06-28-2026,06-28-2026,06-28-2026,,06-28-2026,06-28-2027
Wg73FHq_9903e50627147ded,169xW4UftpvfU3VMm,,fallback,,,[name],[name],,I only needed SuperSummary for a short time,i_have_too_much_product_1528073051,Project ended or taking a break,project_stop,,Needs (SaaS),needs,9,,,u_c8f077bde4d23c42,,,,0,,,Canceled,2026-07-03T15:17:55.000Z,2026-07-03T15:18:31.000Z,2026-07-03T15:18:32.000Z,,45.19,2026-07-03T15:18:32.000Z,cancel,Valid Cancel,monthly,2026-07-19T14:13:08.000Z,2026-07-19T14:13:08.000Z,9.95,9.95,9.95,Brightback,,,,,,,169xW4UftpvfU3VMm,2025-03-19T14:13:07.000Z,,2025-03-19T14:13:08.000Z,,h_3101bc52c051682f,,1,2025-03-19T14:13:08.000Z,USD,u_c8f077bde4d23c42,ACTIVE,h_72b2917ca42a1841,[name],,,,2026-06-19T14:13:08.000Z,other,,1,monthly,2025-03-19T14:13:08.000Z,_UNKNOWN,995,MONTH,,,,[name],2026-07-19T14:13:08.000Z,,995,,2026-07-19T14:13:08.000Z,2025-03-19T14:13:08.000Z,995,,,,,,Default/Fallback [July 2025] [25% one time / No entry modal],,03-19-2025,,07-03-2026,03-19-2025,03-19-2025,03-19-2025,,03-19-2025,07-19-2026
Wg73FbM_acfa3628f027fafc,1687286,,Students; fallback,,,[name],[name],[name],I only needed SuperSummary for a short time,i_have_too_much_product_1528073051,Project ended or taking a break,project_stop,,Needs (SaaS),needs,8,,,u_ee40383e06c20da7,,,,0,36.0,,Canceled,2026-07-03T15:37:35.000Z,2026-07-03T15:38:09.000Z,2026-07-03T15:38:10.000Z,,45.18,2026-07-03T15:38:10.000Z,cancel,Valid Cancel,annual,2027-06-30T15:13:35.000Z,2027-06-30T15:13:35.000Z,3.0,3.0,36.0,Brightback,,,,,,,1687286,2026-06-30T15:13:33.000Z,,2026-06-30T15:13:35.000Z,,h_217f49888f633b3b,,1,2026-06-30T15:13:35.000Z,USD,u_ee40383e06c20da7,ACTIVE,h_b7da170d9b4c3eef,[name],36.0,annual_essentials,,2026-06-30T15:13:35.000Z,student,,1,annual_essentials,2026-06-30T15:13:35.000Z,_UNKNOWN,3600,YEAR,annual_essentials,,High School,[name],2027-06-30T15:13:35.000Z,,300,,2027-06-30T15:13:35.000Z,2026-06-30T15:13:35.000Z,3600,[name],,https://www.supersummary.com/subscription,https://www.supersummary.com/subscription/confirming/cancel,,Student Experience [July 2025] [25% one-time / No Entry Modal],,06-30-2026,,07-03-2026,06-30-2026,06-30-2026,06-30-2026,,06-30-2026,06-30-2027
Wg73F7L_8fdeb55defef7737,245693,,Parents; Annual,,,[name],[name],[name],I only needed SuperSummary for a short time,i_have_too_much_product_1528073051,Project ended or taking a break,project_stop,,Needs (SaaS),needs,8,,,u_84bd932f3531598a,,,,0,36.0,,Canceled,2026-07-03T15:07:40.000Z,2026-07-03T15:08:08.000Z,2026-07-03T15:08:08.000Z,,45.2,2026-07-03T15:08:08.000Z,cancel,Valid Cancel,annual,2026-09-13T21:03:21.000Z,2026-09-13T21:03:21.000Z,3.0,3.0,36.0,Brightback,,,,,,,245693,2022-09-13T21:03:20.000Z,,2022-09-13T21:03:21.000Z,,h_c55ed0f65a4c7430,,1,2022-09-13T21:03:21.000Z,USD,u_84bd932f3531598a,ACTIVE,h_3ba0005b91ef454f,[name],36.0,annual,,2025-09-13T21:03:21.000Z,parent_of_student,,1,annual,2022-09-13T21:03:21.000Z,_UNKNOWN,3600,YEAR,annual,,High School,[name],2026-09-13T21:03:21.000Z,,300,,2026-09-13T21:03:21.000Z,2022-09-13T21:03:21.000Z,3600,[name],,https://www.supersummary.com/subscription,https://www.supersummary.com/subscription/confirming/cancel,,Parent Experience [July 2025] [25% one-time / Modal],,09-13-2022,,07-03-2026,09-13-2022,09-13-2022,09-13-2022,,09-13-2022,09-13-2026
Wg73F6R_8b6599e463a7bfa4,1688586,,Book Club Members; fallback,,,[name],[name],[name],I only needed SuperSummary for a short time,i_have_too_much_product_1528073051,Project ended or taking a break,project_stop,,Needs (SaaS),needs,7,Nothing,,u_4000e5de254fc9de,N/A,,,1,36.0,,Canceled,2026-07-03T15:07:00.000Z,2026-07-03T15:07:57.000Z,2026-07-03T15:07:57.000Z,,45.2,2026-07-03T15:07:57.000Z,cancel,Valid Cancel,annual,2027-07-02T12:00:36.000Z,2027-07-02T12:00:36.000Z,3.0,3.0,36.0,Brightback,,,,,,,1688586,2026-07-02T12:00:34.000Z,,2026-07-02T12:00:36.000Z,,h_b154b92736f8b325,,1,2026-07-02T12:00:36.000Z,USD,u_4000e5de254fc9de,ACTIVE,h_3c34bdae6b8b158f,[name],36.0,annual_essentials,,2026-07-02T12:00:36.000Z,book_club_member,,1,annual_essentials,2026-07-02T12:00:36.000Z,_UNKNOWN,3600,YEAR,annual_essentials,,,[name],2027-07-02T12:00:36.000Z,,300,,2027-07-02T12:00:36.000Z,2026-07-02T12:00:36.000Z,3600,[name],,https://www.supersummary.com/subscription,https://www.supersummary.com/subscription/confirming/cancel,,BCM Experience [July 2025] [25% one-time / No Entry Modal],,07-02-2026,,07-03-2026,07-02-2026,07-02-2026,07-02-2026,,07-02-2026,07-02-2027
Wg73Erv_989344a185ae372f,169y3KSqOod1Bu1,,Students; Annual,,,[name],[name],,I only needed SuperSummary for a short time,i_have_too_much_product_1528073051,Project ended or taking a break,project_stop,,Needs (SaaS),needs,10,,,u_241842dc2841ae91,,,,0,,,Canceled,2026-07-03T14:54:04.000Z,2026-07-03T14:54:21.000Z,2026-07-03T14:54:22.000Z,,45.21,2026-07-03T14:54:22.000Z,cancel,Valid Cancel,annual,2026-12-02T02:30:02.000Z,2026-12-02T02:30:02.000Z,3.0,3.0,36.0,Brightback,,,,,,,169y3KSqOod1Bu1,2021-12-02T02:30:00.000Z,,2021-12-02T02:30:02.000Z,,h_8aaeb6bd728e4959,,1,2021-12-02T02:30:02.000Z,USD,u_241842dc2841ae91,ACTIVE,h_9ce1241a737f4ade,[name],,,,2025-12-02T02:30:02.000Z,student,,1,annual,2021-12-02T02:30:02.000Z,_UNKNOWN,3600,YEAR,,,Postgrad Program,[name],2026-12-02T02:30:02.000Z,,300,,2026-12-02T02:30:02.000Z,2021-12-02T02:30:02.000Z,3600,,,,,,Student Experience [July 2025] [25% one-time / No Entry Modal],,12-02-2021,,07-03-2026,12-02-2021,12-02-2021,12-02-2021,,12-02-2021,12-02-2026
Wg73EnB_90ed39850d79a47e,1689236,,fallback,,,[name],[name],[name],I only needed SuperSummary for a short time,i_have_too_much_product_1528073051,Project ended or taking a break,project_stop,,Needs (SaaS),needs,10,,,u_60f22e7d24903153,No suggestions ,,,1,60.0,,Canceled,2026-07-03T14:49:20.000Z,2026-07-03T14:49:56.000Z,2026-07-03T14:49:57.000Z,,45.21,2026-07-03T14:49:57.000Z,cancel,Valid Cancel,annual,2027-07-03T14:45:33.000Z,2027-07-03T14:45:33.000Z,5.0,5.0,60.0,Brightback,,,,,,,1689236,2026-07-03T14:45:31.000Z,,2026-07-03T14:45:33.000Z,,h_b8b3a1cf7edc8be1,,1,2026-07-03T14:45:33.000Z,USD,u_60f22e7d24903153,ACTIVE,h_ba2fa31b285109ea,[name],60.0,annual_plus,,2026-07-03T14:45:33.000Z,other,,1,annual_plus,2026-07-03T14:45:33.000Z,_UNKNOWN,6000,YEAR,annual_plus,,,[name],2027-07-03T14:45:33.000Z,,500,,2027-07-03T14:45:33.000Z,2026-07-03T14:45:33.000Z,6000,[name],,https://www.supersummary.com/subscription,https://www.supersummary.com/subscription/confirming/cancel,,Default/Fallback [July 2025] [25% one time / No entry modal],,07-03-2026,,07-03-2026,07-03-2026,07-03-2026,07-03-2026,,07-03-2026,07-03-2027
Wg73E7D_9b6d39f70c334a98,401191,,Book Club Members; Annual,,,[name],[name],[name],I only needed SuperSummary for a short time,i_have_too_much_product_1528073051,Project ended or taking a break,project_stop,,Needs (SaaS),needs,3,,,u_e32d73a038328bb8,,,,0,36.0,,Canceled,2026-07-03T14:07:29.000Z,2026-07-03T14:08:15.000Z,2026-07-03T14:08:15.000Z,,45.24,2026-07-03T14:08:15.000Z,cancel,Valid Cancel,annual,2026-08-24T12:50:09.000Z,2026-08-24T12:50:09.000Z,3.0,3.0,36.0,Brightback,,,,,,,401191,2023-08-24T12:50:08.000Z,,2023-08-24T12:50:09.000Z,,h_3fb9a225349a5244,,1,2023-08-24T12:50:09.000Z,USD,u_e32d73a038328bb8,ACTIVE,h_cd3603f9b7c2ddd8,[name],36.0,annual,,2025-08-24T12:50:09.000Z,book_club_member,,1,annual,2023-08-24T12:50:09.000Z,_UNKNOWN,3600,YEAR,annual,,,[name],2026-08-24T12:50:09.000Z,,300,,2026-08-24T12:50:09.000Z,2023-08-24T12:50:09.000Z,3600,[name],,https://www.supersummary.com/subscription,https://www.supersummary.com/subscription/confirming/cancel,,BCM Experience [July 2025] [25% one-time / No Entry Modal],,08-24-2023,,07-03-2026,08-24-2023,08-24-2023,08-24-2023,,08-24-2023,08-24-2026
Wg73D9a_8cc9a083948b5cb4,AzqVS4UmWJRkx4IT3,,Parents; Annual,,,[name],[name],,I only needed SuperSummary for a short time,i_have_too_much_product_1528073051,Project ended or taking a break,project_stop,,Needs (SaaS),needs,8,,,u_62890095606c2f19,,,,0,,,Canceled,2026-07-03T13:09:42.000Z,2026-07-03T13:10:13.000Z,2026-07-03T13:10:13.000Z,,45.28,2026-07-03T13:10:13.000Z,cancel,Valid Cancel,annual,2027-05-28T19:02:01.000Z,2027-05-28T19:02:01.000Z,3.0,3.0,36.0,Brightback,,,,,,,AzqVS4UmWJRkx4IT3,2025-05-28T19:01:57.000Z,,2025-05-28T19:02:01.000Z,,h_ab74802491559d22,,1,2025-05-28T19:02:01.000Z,USD,u_62890095606c2f19,ACTIVE,h_2368e0b15717ec51,[name],,,,2026-05-28T19:02:01.000Z,parent_of_student,,1,annual,2025-05-28T19:02:01.000Z,_UNKNOWN,3600,YEAR,,,High School,[name],2027-05-28T19:02:01.000Z,,300,,2027-05-28T19:02:01.000Z,2025-05-28T19:02:01.000Z,3600,,,,,,Parent Experience [July 2025] [25% one-time / Modal],,05-28-2025,,07-03-2026,05-28-2025,05-28-2025,05-28-2025,,05-28-2025,05-28-2027
Wg73BZw_a5502d94215de324,16BYPPUqYn9yM2da5,,Book Club Members; Annual,,,[name],[name],,I only needed SuperSummary for a short time,i_have_too_much_product_1528073051,Project ended or taking a break,project_stop,,Needs (SaaS),needs,10,,,u_fec5a9b595083742,,,,0,,,Canceled,2026-07-03T11:36:01.000Z,2026-07-03T11:36:48.000Z,2026-07-03T11:36:48.000Z,,45.35,2026-07-03T11:36:48.000Z,cancel,Valid Cancel,annual,2026-07-10T15:08:06.000Z,2026-07-10T15:08:06.000Z,3.0,3.0,36.0,Brightback,,,,,,,16BYPPUqYn9yM2da5,2025-07-10T15:08:04.000Z,,2025-07-10T15:08:06.000Z,,h_fa323a30ae24ae74,,1,2025-07-10T15:08:06.000Z,USD,u_fec5a9b595083742,ACTIVE,h_1a251fa197fe0a50,[name],,,,2025-07-10T15:08:06.000Z,book_club_member,,1,annual,2025-07-10T15:08:06.000Z,_UNKNOWN,3600,YEAR,,,,[name],2026-07-10T15:08:06.000Z,,300,,2026-07-10T15:08:06.000Z,2025-07-10T15:08:06.000Z,3600,,,,,,BCM Experience [July 2025] [25% one-time / No Entry Modal],,07-10-2025,,07-03-2026,07-10-2025,07-10-2025,07-10-2025,,07-10-2025,07-10-2026
Wg732xV_a7608218c88c5f10,1685952,,Students; fallback,,,[name],[name],[name],I only needed SuperSummary for a short time,i_have_too_much_product_1528073051,Project ended or taking a break,project_stop,,Needs (SaaS),needs,1,,,u_8fe18784229757eb,,,,0,36.0,,Canceled,2026-07-03T02:59:39.000Z,2026-07-03T03:00:10.000Z,2026-07-03T03:00:31.000Z,,45.71,2026-07-03T03:00:31.000Z,cancel,Valid Cancel,annual,2027-06-28T18:42:17.000Z,2027-06-28T18:42:17.000Z,3.0,3.0,36.0,Brightback,,,,,,,1685952,2026-06-28T18:42:15.000Z,,2026-06-28T18:42:17.000Z,,h_e4168d9dc2c50077,,1,2026-06-28T18:42:17.000Z,USD,u_8fe18784229757eb,ACTIVE,h_bf8371ee5b5b9832,[name],36.0,annual_essentials,,2026-06-28T18:42:17.000Z,student,,1,annual_essentials,2026-06-28T18:42:17.000Z,_UNKNOWN,3600,YEAR,annual_essentials,,Postgrad Program,[name],2027-06-28T18:42:17.000Z,,300,,2027-06-28T18:42:17.000Z,2026-06-28T18:42:17.000Z,3600,[name],,https://www.supersummary.com/subscription,https://www.supersummary.com/subscription/confirming/cancel,,Student Experience [July 2025] [25% one-time / No Entry Modal],,06-28-2026,,07-03-2026,06-28-2026,06-28-2026,06-28-2026,,06-28-2026,06-28-2027
Wg731P7_99baa7c4250a1f69,1407978,,Students; Monthly,,,[name],[name],[name],I only needed SuperSummary for a short time,i_have_too_much_product_1528073051,Project ended or taking a break,project_stop,,Needs (SaaS),needs,1,Nothing ,,u_454b6324bb20c1a6,,,,0,9.95,,Canceled,2026-07-03T01:25:21.000Z,2026-07-03T01:25:52.000Z,2026-07-03T01:25:52.000Z,,45.77,2026-07-03T01:25:52.000Z,cancel,Valid Cancel,monthly,2026-08-02T00:03:08.000Z,2026-08-02T00:03:08.000Z,9.95,9.95,9.95,Brightback,,,,,,,1407978,2025-11-15T17:23:48.000Z,,2025-12-02T00:03:08.000Z,,h_af6d06e58588b53e,,1,2025-12-02T00:03:08.000Z,USD,u_454b6324bb20c1a6,ACTIVE,h_fe3199a89b6dc827,[name],9.95,monthly,,2026-07-02T00:03:08.000Z,student,,1,monthly,2025-12-02T00:03:08.000Z,_UNKNOWN,995,MONTH,monthly,,College,[name],2026-08-02T00:03:08.000Z,,995,,2026-08-02T00:03:08.000Z,2025-12-02T00:03:08.000Z,995,[name],,https://www.supersummary.com/subscription,https://www.supersummary.com/subscription/confirming/cancel,,Student Experience [July 2025] [40% forever / Modal],,12-02-2025,,07-03-2026,12-02-2025,12-02-2025,11-15-2025,,12-02-2025,08-02-2026
Wg72NKO_bacb4e5486aff959,1688936,,Students; fallback,,,[name],[name],[name],I only needed SuperSummary for a short time,i_have_too_much_product_1528073051,Project ended or taking a break,project_stop,,Needs (SaaS),needs,8,notes,,u_156d660a73ef0ec7,,,,0,16.65,,Canceled,2026-07-02T23:20:33.000Z,2026-07-02T23:21:24.000Z,2026-07-02T23:21:24.000Z,,45.86,2026-07-02T23:21:24.000Z,cancel,Valid Cancel,monthly,2026-08-02T23:16:22.000Z,2026-08-02T23:16:22.000Z,16.65,16.65,16.65,Brightback,,,,,,,1688936,2026-07-02T23:16:20.000Z,,2026-07-02T23:16:22.000Z,,h_a49d97bc6816b5a7,,1,2026-07-02T23:16:22.000Z,USD,u_156d660a73ef0ec7,ACTIVE,h_fd27cb5af96583c0,[name],16.65,monthly_plus,,2026-07-02T23:16:22.000Z,student,,1,monthly_plus,2026-07-02T23:16:22.000Z,_UNKNOWN,1665,MONTH,monthly_plus,,College,[name],2026-08-02T23:16:22.000Z,,1665,,2026-08-02T23:16:22.000Z,2026-07-02T23:16:22.000Z,1665,[name],,https://www.supersummary.com/subscription,https://www.supersummary.com/subscription/confirming/cancel,,Student Experience [July 2025] [25% one-time / No Entry Modal],,07-02-2026,,07-02-2026,07-02-2026,07-02-2026,07-02-2026,,07-02-2026,08-02-2026
Wg72L2B_b61ee4f18638ed8b,AzZbUVVEVw99J1UZg,,Teachers; fallback,,,[name],[name],,I only needed SuperSummary for a short time,i_have_too_much_product_1528073051,Project ended or taking a break,project_stop,,Needs (SaaS),needs,3,,,u_bde912224d8c0b46,,,,0,,,Canceled,2026-07-02T21:02:17.000Z,2026-07-02T21:02:42.000Z,2026-07-02T21:02:42.000Z,,45.95,2026-07-02T21:02:42.000Z,cancel,Valid Cancel,monthly,2026-07-21T14:58:07.000Z,2026-07-21T14:58:07.000Z,9.95,9.95,9.95,Brightback,,,,,,,AzZbUVVEVw99J1UZg,2026-03-21T14:58:05.000Z,,2026-03-21T14:58:07.000Z,,h_ce6f545ab221f6ee,,1,2026-03-21T14:58:07.000Z,USD,u_bde912224d8c0b46,ACTIVE,h_b4ba8f93b91978b5,[name],,,,2026-06-21T14:58:07.000Z,teacher,,1,monthly_essentials,2026-03-21T14:58:07.000Z,_UNKNOWN,995,MONTH,,,Middle School,[name],2026-07-21T14:58:07.000Z,,995,,2026-07-21T14:58:07.000Z,2026-03-21T14:58:07.000Z,995,,,,,,Teacher Experience [July 2025] [40% one-time / Modal],,03-21-2026,,07-02-2026,03-21-2026,03-21-2026,03-21-2026,,03-21-2026,07-21-2026
Wg72KSs_a7e04aa05453e1c6,1544023,,Students; fallback,,,[name],[name],[name],I only needed SuperSummary for a short time,i_have_too_much_product_1528073051,Project ended or taking a break,project_stop,,Needs (SaaS),needs,9,,,u_98cd23ae86d6a7ca,,,,0,9.95,,Canceled,2026-07-02T20:28:57.000Z,2026-07-02T20:29:29.000Z,2026-07-02T20:29:30.000Z,,45.98,2026-07-02T20:29:30.000Z,cancel,Valid Cancel,monthly,2026-08-02T20:25:00.000Z,2026-08-02T20:25:00.000Z,7.46,7.46,9.95,Brightback,,,,,,,1544023,2026-04-02T20:24:57.000Z,,2026-04-02T20:25:00.000Z,,h_af4bfd7401d9b7ec,,1,2026-04-02T20:25:00.000Z,USD,u_98cd23ae86d6a7ca,ACTIVE,h_e0f2d69040dbdd8b,[name],9.95,monthly_essentials,,2026-07-02T20:25:00.000Z,student,,1,monthly_essentials,2026-04-02T20:25:00.000Z,_UNKNOWN,995,MONTH,monthly_essentials,nmTKUhkQCvq,College,[name],2026-08-02T20:25:00.000Z,,746,,2026-08-02T20:25:00.000Z,2026-04-02T20:25:00.000Z,995,[name],,https://www.supersummary.com/subscription,https://www.supersummary.com/subscription/confirming/cancel,,Student Experience [July 2025] [25% one-time / No Entry Modal],,04-02-2026,,07-02-2026,04-02-2026,04-02-2026,04-02-2026,,04-02-2026,08-02-2026
Wg72KqE_a607cf5fcd876eb3,1684334,,Students; fallback,,,[name],[name],[name],I only needed SuperSummary for a short time,i_have_too_much_product_1528073051,Project ended or taking a break,project_stop,,Needs (SaaS),needs,3,Nothubg,,u_e494b893ed962c9a,Nothing,,,1,36.0,,Canceled,2026-07-02T20:52:17.000Z,2026-07-02T20:52:38.000Z,2026-07-02T20:52:38.000Z,,45.96,2026-07-02T20:53:19.000Z,cancel,Valid Cancel,annual,2027-06-26T08:16:16.000Z,2027-06-26T08:16:16.000Z,3.0,3.0,36.0,Brightback,,,,,,,1684334,2026-06-26T08:16:14.000Z,,2026-06-26T08:16:16.000Z,,h_9f9c6b4a574cf004,,1,2026-06-26T08:16:16.000Z,USD,u_e494b893ed962c9a,ACTIVE,h_466dd93c090a2bf6,[name],36.0,annual_essentials,,2026-06-26T08:16:16.000Z,student,,1,annual_essentials,2026-06-26T08:16:16.000Z,_UNKNOWN,3600,YEAR,annual_essentials,,College,[name],2027-06-26T08:16:16.000Z,,300,,2027-06-26T08:16:16.000Z,2026-06-26T08:16:16.000Z,3600,[name],,https://www.supersummary.com/subscription,https://www.supersummary.com/subscription/confirming/cancel,,Student Experience [July 2025] [25% one-time / No Entry Modal],,06-26-2026,,07-02-2026,06-26-2026,06-26-2026,06-26-2026,,06-26-2026,06-26-2027
Wg72KnD_86bbd84371f816ba,AzqWPCUgmWP8N6S2M,,Parents; Annual,,,[name],[name],,I only needed SuperSummary for a short time,i_have_too_much_product_1528073051,Project ended or taking a break,project_stop,,Needs (SaaS),needs,1,,,u_d6a6fa8841e02265,,,,0,,,Canceled,2026-07-02T20:49:16.000Z,2026-07-02T20:49:48.000Z,2026-07-02T20:49:48.000Z,,45.96,2026-07-02T20:49:48.000Z,cancel,Valid Cancel,annual,2027-03-28T22:40:33.000Z,2027-03-28T22:40:33.000Z,3.0,3.0,36.0,Brightback,,,,,,,AzqWPCUgmWP8N6S2M,2023-04-13T19:44:53.000Z,,2025-03-28T22:40:33.000Z,,h_fdd7c273b2d9ade3,,1,2025-03-28T22:40:33.000Z,USD,u_d6a6fa8841e02265,ACTIVE,h_b3884aee84f26c77,[name],,,,2026-03-28T22:40:33.000Z,parent_of_student,,1,annual,2025-03-28T22:40:33.000Z,_UNKNOWN,3600,YEAR,,,other,[name],2027-03-28T22:40:33.000Z,,300,,2027-03-28T22:40:33.000Z,2025-03-28T22:40:33.000Z,3600,,,,,,Parent Experience [July 2025] [25% one-time / Modal],,03-28-2025,,07-02-2026,03-28-2025,03-28-2025,04-13-2023,,03-28-2025,03-28-2027
Wg72JDD_b60e806800661fde,981828,,Students; Annual,,,[name],[name],[name],I only needed SuperSummary for a short time,i_have_too_much_product_1528073051,Project ended or taking a break,project_stop,,Needs (SaaS),needs,5,,,u_cac4761d1158b678,send me to school,,,1,36.0,,Canceled,2026-07-02T19:13:20.000Z,2026-07-02T19:13:43.000Z,2026-07-02T19:13:43.000Z,,46.03,2026-07-02T19:14:25.000Z,cancel,Valid Cancel,annual,2027-02-06T20:34:40.000Z,2027-02-06T20:34:40.000Z,3.0,3.0,36.0,Brightback,,,,,,,981828,2025-02-06T20:34:38.000Z,,2025-02-06T20:34:40.000Z,,h_0c9c21d871bc0ee4,,1,2025-02-06T20:34:40.000Z,USD,u_cac4761d1158b678,ACTIVE,h_a18d2a3cb0c7b87c,[name],36.0,annual,,2026-02-06T20:34:40.000Z,student,,1,annual,2025-02-06T20:34:40.000Z,_UNKNOWN,3600,YEAR,annual,,Postgrad Program,[name],2027-02-06T20:34:40.000Z,,300,,2027-02-06T20:34:40.000Z,2025-02-06T20:34:40.000Z,3600,[name],,https://www.supersummary.com/subscription,https://www.supersummary.com/subscription/confirming/cancel,,Student Experience [July 2025] [25% one-time / No Entry Modal],,02-06-2025,,07-02-2026,02-06-2025,02-06-2025,02-06-2025,,02-06-2025,02-06-2027
Wg72IEQ_b4aac0808911fe1b,Azyo1eV2eAMJs6ZPp,,Students; fallback,,,[name],[name],,I only needed SuperSummary for a short time,i_have_too_much_product_1528073051,Project ended or taking a break,project_stop,,Needs (SaaS),needs,10,,,u_5ac6ce4337577751,,,,0,,,Canceled,2026-07-02T18:14:41.000Z,2026-07-02T18:15:11.000Z,2026-07-02T18:15:12.000Z,,46.07,2026-07-02T18:15:12.000Z,cancel,Valid Cancel,annual,2026-11-15T18:58:11.000Z,2026-11-15T18:58:11.000Z,5.0,5.0,60.0,Brightback,,,,,,,Azyo1eV2eAMJs6ZPp,2025-11-15T18:58:08.000Z,,2025-11-15T18:58:11.000Z,,h_97ed950fe16e6388,,1,2025-11-15T18:58:11.000Z,USD,u_5ac6ce4337577751,ACTIVE,h_254b07d512b75e2d,[name],,,,2025-11-15T18:58:11.000Z,student,,1,annual_plus,2025-11-15T18:58:11.000Z,_UNKNOWN,6000,YEAR,,,High School,[name],2026-11-15T18:58:11.000Z,,500,,2026-11-15T18:58:11.000Z,2025-11-15T18:58:11.000Z,6000,,,,,,Student Experience [July 2025] [25% one-time / No Entry Modal],,11-15-2025,,07-02-2026,11-15-2025,11-15-2025,11-15-2025,,11-15-2025,11-15-2026
Wg72Hvo_b227c63469683680,6om3OVO9cj20AD9t,,Book Club Members; fallback,,,[name],[name],,I only needed SuperSummary for a short time,i_have_too_much_product_1528073051,Project ended or taking a break,project_stop,,Needs (SaaS),needs,5,,,u_be7c0be7516d7f48,,,,0,,,Canceled,2026-07-02T17:57:53.000Z,2026-07-02T17:58:20.000Z,2026-07-02T17:58:21.000Z,,46.08,2026-07-02T17:58:21.000Z,cancel,Valid Cancel,annual,2027-07-01T20:11:47.000Z,2027-07-01T20:11:47.000Z,3.0,3.0,36.0,Brightback,,,,,,,6om3OVO9cj20AD9t,2026-07-01T20:11:44.000Z,,2026-07-01T20:11:47.000Z,,h_98562177caac996b,,1,2026-07-01T20:11:47.000Z,USD,u_be7c0be7516d7f48,ACTIVE,h_7255eb2db612a895,[name],,,,2026-07-01T20:11:47.000Z,book_club_member,,1,annual_essentials,2026-07-01T20:11:47.000Z,_UNKNOWN,3600,YEAR,,,,[name],2027-07-01T20:11:47.000Z,,300,,2027-07-01T20:11:47.000Z,2026-07-01T20:11:47.000Z,3600,,,,,,BCM Experience [July 2025] [25% one-time / No Entry Modal],,07-01-2026,,07-02-2026,07-01-2026,07-01-2026,07-01-2026,,07-01-2026,07-01-2027
Wg72HF5_9ac94ae7e6e9c744,1249932,,Teachers; Annual,,,[name],[name],[name],I only needed SuperSummary for a short time,i_have_too_much_product_1528073051,Project ended or taking a break,project_stop,,Needs (SaaS),needs,5,,,u_92dbbc56b817c248,,,,0,36.0,,Canceled,2026-07-02T17:15:22.000Z,2026-07-02T17:15:53.000Z,2026-07-02T17:15:53.000Z,,46.11,2026-07-02T17:15:53.000Z,cancel,Valid Cancel,annual,2027-06-30T19:30:55.000Z,2027-06-30T19:30:55.000Z,3.0,3.0,36.0,Brightback,,,,,,,1249932,2025-06-30T19:30:53.000Z,,2025-06-30T19:30:55.000Z,,h_b0599174ff6fcfe3,,1,2025-06-30T19:30:55.000Z,USD,u_92dbbc56b817c248,ACTIVE,h_35ed1becbe664fbe,[name],36.0,annual,,2026-06-30T19:30:55.000Z,teacher,,1,annual,2025-06-30T19:30:55.000Z,_UNKNOWN,3600,YEAR,annual,,other,[name],2027-06-30T19:30:55.000Z,,300,,2027-06-30T19:30:55.000Z,2025-06-30T19:30:55.000Z,3600,[name],,https://www.supersummary.com/subscription,https://www.supersummary.com/subscription/confirming/cancel,,Teacher Experience [July 2025] [40% one-time / Modal],,06-30-2025,,07-02-2026,06-30-2025,06-30-2025,06-30-2025,,06-30-2025,06-30-2027
Wg72H6t_9d8107c4c161bc88,16CM35VMPXctn3EFr,,Students; fallback,,,[name],[name],,I only needed SuperSummary for a short time,i_have_too_much_product_1528073051,Project ended or taking a break,project_stop,,Needs (SaaS),needs,10,,,u_3951ac347b1de563,,,,0,,,Canceled,2026-07-02T17:07:00.000Z,2026-07-02T17:07:54.000Z,2026-07-02T17:07:55.000Z,,46.12,2026-07-02T17:07:55.000Z,cancel,Valid Cancel,monthly,2026-07-13T08:34:08.000Z,2026-07-13T08:34:08.000Z,16.65,16.65,16.65,Brightback,,,,,,,16CM35VMPXctn3EFr,2026-06-13T08:33:59.000Z,,2026-06-13T08:34:08.000Z,,h_a18099c9a4198cab,,1,2026-06-13T08:34:08.000Z,USD,u_3951ac347b1de563,ACTIVE,h_e5e74ef5aa7acdf4,[name],,,,2026-06-13T08:34:08.000Z,student,,1,monthly_plus,2026-06-13T08:34:08.000Z,_UNKNOWN,1665,MONTH,,,High School,[name],2026-07-13T08:34:08.000Z,,1665,,2026-07-13T08:34:08.000Z,2026-06-13T08:34:08.000Z,1665,,,,,,Student Experience [July 2025] [25% one-time / No Entry Modal],,06-13-2026,,07-02-2026,06-13-2026,06-13-2026,06-13-2026,,06-13-2026,07-13-2026
Wg72H4u_b5b5312985f5f47c,1688288,,Book Club Members; fallback,,,[name],[name],[name],I only needed SuperSummary for a short time,i_have_too_much_product_1528073051,Project ended or taking a break,project_stop,,Needs (SaaS),needs,8,,,u_e0cf280183bd3e99,,,,0,60.0,,Canceled,2026-07-02T17:05:08.000Z,2026-07-02T17:06:51.000Z,2026-07-02T17:06:52.000Z,,46.12,2026-07-02T17:06:52.000Z,cancel,Valid Cancel,annual,2027-07-01T21:41:20.000Z,2027-07-01T21:41:20.000Z,5.0,5.0,60.0,Brightback,,,,,,,1688288,2026-07-01T21:41:18.000Z,,2026-07-01T21:41:20.000Z,,h_ea9d26666317984a,,1,2026-07-01T21:41:20.000Z,USD,u_e0cf280183bd3e99,ACTIVE,h_246af72f0f191f4e,[name],60.0,annual_plus,,2026-07-01T21:41:20.000Z,book_club_member,,1,annual_plus,2026-07-01T21:41:20.000Z,_UNKNOWN,6000,YEAR,annual_plus,,,[name],2027-07-01T21:41:20.000Z,,500,,2027-07-01T21:41:20.000Z,2026-07-01T21:41:20.000Z,6000,[name],,https://www.supersummary.com/subscription,https://www.supersummary.com/subscription/confirming/cancel,,BCM Experience [July 2025] [25% one-time / No Entry Modal],,07-01-2026,,07-02-2026,07-01-2026,07-01-2026,07-01-2026,,07-01-2026,07-01-2027
Wg72H3e_9650ee3fef8fb842,1686886,,fallback,,,[name],[name],[name],I only needed SuperSummary for a short time,i_have_too_much_product_1528073051,Project ended or taking a break,project_stop,,Needs (SaaS),needs,6,My brain...?,,u_75b53c2f6aebc43e,Not at all.  You guys are great,,,1,36.0,,Canceled,2026-07-02T17:03:45.000Z,2026-07-02T17:04:35.000Z,2026-07-02T17:04:35.000Z,,46.12,2026-07-02T17:06:28.000Z,cancel,Valid Cancel,annual,2027-06-29T23:11:24.000Z,2027-06-29T23:11:24.000Z,3.0,3.0,36.0,Brightback,,,,,,,1686886,2026-06-29T23:11:22.000Z,,2026-06-29T23:11:24.000Z,,h_220c37ddb38bd17e,,1,2026-06-29T23:11:24.000Z,USD,u_75b53c2f6aebc43e,ACTIVE,h_df415b9b1633ae92,[name],36.0,annual_essentials,,2026-06-29T23:11:24.000Z,other,,1,annual_essentials,2026-06-29T23:11:24.000Z,_UNKNOWN,3600,YEAR,annual_essentials,,,[name],2027-06-29T23:11:24.000Z,,300,,2027-06-29T23:11:24.000Z,2026-06-29T23:11:24.000Z,3600,[name],,https://www.supersummary.com/subscription,https://www.supersummary.com/subscription/confirming/cancel,,Default/Fallback [July 2025] [25% one time / No entry modal],,06-29-2026,,07-02-2026,06-29-2026,06-29-2026,06-29-2026,,06-29-2026,06-29-2027
Wg72Gc5_9d9eeb55e708d9fc,1688638,,Teachers; fallback,,,[name],[name],[name],I only needed SuperSummary for a short time,i_have_too_much_product_1528073051,Project ended or taking a break,project_stop,,Needs (SaaS),needs,10,,,u_084550b8db303a37,,,,0,36.0,,Canceled,2026-07-02T16:38:11.000Z,2026-07-02T16:38:25.000Z,2026-07-02T16:38:26.000Z,,46.14,2026-07-02T16:38:26.000Z,cancel,Valid Cancel,annual,2027-07-02T14:09:59.000Z,,3.0,3.0,36.0,Brightback,,,,,,,1688638,2026-07-02T14:09:58.000Z,,2026-07-02T14:09:59.000Z,,h_10e13e1d14a1dc0f,,1,2026-07-02T14:09:59.000Z,USD,u_084550b8db303a37,NON_RENEWING,h_555284f4210c1783,[name],36.0,annual_essentials,,2026-07-02T14:09:59.000Z,teacher,,1,annual_essentials,2026-07-02T14:09:59.000Z,_UNKNOWN,3600,YEAR,annual_essentials,,Middle School,[name],,,300,,2027-07-02T14:09:59.000Z,2026-07-02T14:09:59.000Z,3600,[name],,https://www.supersummary.com/subscription,https://www.supersummary.com/subscription/confirming/cancel,,Teacher Experience [July 2025] [40% one-time / Modal],,07-02-2026,,07-02-2026,07-02-2026,07-02-2026,07-02-2026,,07-02-2026,
Wg72G6a_bf85f37752016209,1683030,,Students; fallback,,,[name],[name],[name],I only needed SuperSummary for a short time,i_have_too_much_product_1528073051,Project ended or taking a break,project_stop,,Needs (SaaS),needs,6,,,u_e4aab0b5152c235a,,,,0,16.65,,Canceled,2026-07-02T16:06:43.000Z,2026-07-02T16:07:11.000Z,2026-07-02T16:07:12.000Z,,46.16,2026-07-02T16:07:12.000Z,cancel,Valid Cancel,monthly,2026-07-24T13:23:31.000Z,2026-07-24T13:23:31.000Z,16.65,16.65,16.65,Brightback,,,,,,,1683030,2026-06-24T13:23:27.000Z,,2026-06-24T13:23:31.000Z,,h_6e40b407d045a9b0,,1,2026-06-24T13:23:31.000Z,USD,u_e4aab0b5152c235a,ACTIVE,h_e6fd705296346b0e,[name],16.65,monthly_plus,,2026-06-24T13:23:31.000Z,student,,1,monthly_plus,2026-06-24T13:23:31.000Z,_UNKNOWN,1665,MONTH,monthly_plus,,High School,[name],2026-07-24T13:23:31.000Z,,1665,,2026-07-24T13:23:31.000Z,2026-06-24T13:23:31.000Z,1665,[name],,https://www.supersummary.com/subscription,https://www.supersummary.com/subscription/confirming/cancel,,Student Experience [July 2025] [25% one-time / No Entry Modal],,06-24-2026,,07-02-2026,06-24-2026,06-24-2026,06-24-2026,,06-24-2026,07-24-2026
Wg72FXa_95393ed58a99a3a5,1667549,,Students; fallback,,,[name],[name],[name],I only needed SuperSummary for a short time,i_have_too_much_product_1528073051,Project ended or taking a break,project_stop,,Needs (SaaS),needs,3,Nothing ,,u_a4be72d31581c05a,Was amazing no change,,,1,60.0,,Canceled,2026-07-02T15:33:47.000Z,2026-07-02T15:35:10.000Z,2026-07-02T15:35:10.000Z,,46.18,2026-07-02T15:42:07.000Z,cancel,Valid Cancel,annual,2027-06-07T20:24:08.000Z,2027-06-07T20:24:08.000Z,5.0,5.0,60.0,Brightback,,,,,,,1667549,2026-06-07T20:24:06.000Z,,2026-06-07T20:24:08.000Z,,h_5a2b4b7a7a5bc88a,,1,2026-06-07T20:24:08.000Z,USD,u_a4be72d31581c05a,ACTIVE,h_c06e913b0d624342,[name],60.0,annual_plus,,2026-06-07T20:24:08.000Z,student,,1,annual_plus,2026-06-07T20:24:08.000Z,_UNKNOWN,6000,YEAR,annual_plus,,High School,[name],2027-06-07T20:24:08.000Z,,500,,2027-06-07T20:24:08.000Z,2026-06-07T20:24:08.000Z,6000,[name],,https://www.supersummary.com/subscription,https://www.supersummary.com/subscription/confirming/cancel,,Student Experience [July 2025] [25% one-time / No Entry Modal],,06-07-2026,,07-02-2026,06-07-2026,06-07-2026,06-07-2026,,06-07-2026,06-07-2027
Wg72FSY_932b5210997b02e8,647450,,Students; Annual,,,[name],[name],[name],I only needed SuperSummary for a short time,i_have_too_much_product_1528073051,Project ended or taking a break,project_stop,,Needs (SaaS),needs,6,,,u_69cdc7fd6427ff7e,,,,0,36.0,,Canceled,2026-07-02T15:29:17.000Z,2026-07-02T15:30:03.000Z,2026-07-02T15:30:03.000Z,,46.18,2026-07-02T15:30:03.000Z,cancel,Valid Cancel,annual,2027-07-02T14:53:02.000Z,2027-07-02T14:53:02.000Z,3.0,3.0,36.0,Brightback,,,,,,,647450,2025-07-02T14:53:01.000Z,,2025-07-02T14:53:02.000Z,,h_bc3386d76f8cc504,,1,2025-07-02T14:53:02.000Z,USD,u_69cdc7fd6427ff7e,ACTIVE,h_55b47614336f7bed,[name],36.0,annual,,2026-07-02T14:53:02.000Z,student,,1,annual,2025-07-02T14:53:02.000Z,_UNKNOWN,3600,YEAR,annual,,Postgrad Program,[name],2027-07-02T14:53:02.000Z,,300,,2027-07-02T14:53:02.000Z,2025-07-02T14:53:02.000Z,3600,[name],,https://www.supersummary.com/subscription,https://www.supersummary.com/subscription/confirming/cancel,,Student Experience [July 2025] [25% one-time / No Entry Modal],,07-02-2025,,07-02-2026,07-02-2025,07-02-2025,07-02-2025,,07-02-2025,07-02-2027
Wg72FiH_8fd733c7011c9f60,1469224,,fallback,,,[name],[name],[name],I only needed SuperSummary for a short time,i_have_too_much_product_1528073051,Project ended or taking a break,project_stop,,Needs (SaaS),needs,6,,,u_39061daea0dd6478,,,,0,60.0,,Canceled,2026-07-02T15:44:25.000Z,2026-07-02T15:45:02.000Z,2026-07-02T15:45:02.000Z,,46.17,2026-07-02T15:45:02.000Z,cancel,Valid Cancel,annual,2027-01-12T12:50:11.000Z,2027-01-12T12:50:11.000Z,5.0,5.0,60.0,Brightback,,,,,,,1469224,2026-01-12T12:50:08.000Z,,2026-01-12T12:50:11.000Z,,h_f8b80ce1b7be5bfe,,1,2026-01-12T12:50:11.000Z,USD,u_39061daea0dd6478,ACTIVE,h_bfad8b943b9fd2bb,[name],60.0,annual_plus,,2026-01-12T12:50:11.000Z,other,,1,annual_plus,2026-01-12T12:50:11.000Z,_UNKNOWN,6000,YEAR,annual_plus,,,[name],2027-01-12T12:50:11.000Z,,500,,2027-01-12T12:50:11.000Z,2026-01-12T12:50:11.000Z,6000,[name],,https://www.supersummary.com/subscription,https://www.supersummary.com/subscription/confirming/cancel,,Default/Fallback [July 2025] [25% one time / No entry modal],,01-12-2026,,07-02-2026,01-12-2026,01-12-2026,01-12-2026,,01-12-2026,01-12-2027
Wg72FeJ_838b5c9e3c7c31eb,16BXsmVLtLDhh5khk,,Students; fallback,,,[name],[name],,I only needed SuperSummary for a short time,i_have_too_much_product_1528073051,Project ended or taking a break,project_stop,,Needs (SaaS),needs,3,,,u_a4be72d31581c05a,,,,0,,,Canceled,2026-07-02T15:40:22.000Z,2026-07-02T15:40:47.000Z,2026-07-02T15:40:48.000Z,,46.18,2026-07-02T15:41:42.000Z,cancel,Valid Cancel,annual,2027-06-07T20:24:08.000Z,2027-06-07T20:24:08.000Z,5.0,5.0,60.0,Brightback,,,,,,,16BXsmVLtLDhh5khk,2026-06-07T20:24:06.000Z,,2026-06-07T20:24:08.000Z,,h_5a2b4b7a7a5bc88a,,1,2026-06-07T20:24:08.000Z,USD,u_a4be72d31581c05a,ACTIVE,h_c06e913b0d624342,[name],,,,2026-06-07T20:24:08.000Z,student,,1,annual_plus,2026-06-07T20:24:08.000Z,_UNKNOWN,6000,YEAR,,,High School,[name],2027-06-07T20:24:08.000Z,,500,,2027-06-07T20:24:08.000Z,2026-06-07T20:24:08.000Z,6000,,,,,,Student Experience [July 2025] [25% one-time / No Entry Modal],,06-07-2026,,07-02-2026,06-07-2026,06-07-2026,06-07-2026,,06-07-2026,06-07-2027
Wg72FE0_b3640ed3c897ab59,AzybWlUyJuJxq9Hk7,,Students; Annual,,,[name],[name],,I only needed SuperSummary for a short time,i_have_too_much_product_1528073051,Project ended or taking a break,project_stop,,Needs (SaaS),needs,1,,,u_db8be4e1539e7598,,,,0,,,Canceled,2026-07-02T15:14:05.000Z,2026-07-02T15:14:38.000Z,2026-07-02T15:14:39.000Z,,46.2,2026-07-02T15:14:39.000Z,cancel,Valid Cancel,annual,2026-09-30T21:53:30.000Z,2026-09-30T21:53:30.000Z,3.0,3.0,36.0,Brightback,,,,,,,AzybWlUyJuJxq9Hk7,2025-09-30T21:53:11.000Z,,2025-09-30T21:53:30.000Z,,h_7529a2972fd5ffb7,,1,2025-09-30T21:53:30.000Z,USD,u_db8be4e1539e7598,ACTIVE,h_52a4649e75100fa4,[name],,,,2025-09-30T21:53:30.000Z,student,,1,annual,2025-09-30T21:53:30.000Z,_UNKNOWN,3600,YEAR,,,College,[name],2026-09-30T21:53:30.000Z,,300,,2026-09-30T21:53:30.000Z,2025-09-30T21:53:30.000Z,3600,,,,,,Student Experience [July 2025] [25% one-time / No Entry Modal],,09-30-2025,,07-02-2026,09-30-2025,09-30-2025,09-30-2025,,09-30-2025,09-30-2026
Wg72FBR_957553c4a48892ed,16A6dhTiJdnss4hZs,,Book Club Members; Annual,,,[name],[name],,I only needed SuperSummary for a short time,i_have_too_much_product_1528073051,Project ended or taking a break,project_stop,,Needs (SaaS),needs,10,,,u_7cb3920b3acfb9e1,,,,0,,,Canceled,2026-07-02T15:11:32.000Z,2026-07-02T15:12:12.000Z,2026-07-02T15:12:12.000Z,,46.2,2026-07-02T15:12:12.000Z,cancel,Valid Cancel,annual,2027-06-26T19:15:13.000Z,2027-06-26T19:15:13.000Z,3.0,3.0,36.0,Brightback,,,,,,,16A6dhTiJdnss4hZs,2023-06-26T19:15:11.000Z,,2023-06-26T19:15:13.000Z,,h_1a403acf1e6bb682,,1,2023-06-26T19:15:13.000Z,USD,u_7cb3920b3acfb9e1,ACTIVE,h_d8c73209a38eb476,[name],,,,2026-06-26T19:15:13.000Z,book_club_member,,1,annual,2023-06-26T19:15:13.000Z,_UNKNOWN,3600,YEAR,,,,[name],2027-06-26T19:15:13.000Z,,300,,2027-06-26T19:15:13.000Z,2023-06-26T19:15:13.000Z,3600,,,,,,BCM Experience [July 2025] [25% one-time / No Entry Modal],,06-26-2023,,07-02-2026,06-26-2023,06-26-2023,06-26-2023,,06-26-2023,06-26-2027
Wg72E1e_abd03d151610589a,1111769,,Book Club Members; Annual,,,[name],[name],[name],I only needed SuperSummary for a short time,i_have_too_much_product_1528073051,Project ended or taking a break,project_stop,,Needs (SaaS),needs,4,,,u_2273b532213aef24,,,,0,36.0,,Canceled,2026-07-02T14:01:59.000Z,2026-07-02T14:02:24.000Z,2026-07-02T14:02:24.000Z,,46.25,2026-07-02T14:02:24.000Z,cancel,Valid Cancel,annual,2027-06-27T00:22:09.000Z,2027-06-27T00:22:09.000Z,3.0,3.0,36.0,Brightback,,,,,,,1111769,2025-06-27T00:22:06.000Z,,2025-06-27T00:22:09.000Z,,h_0f3bfa08c15ed140,,1,2025-06-27T00:22:09.000Z,USD,u_2273b532213aef24,ACTIVE,h_d375eb0ba1074d6d,[name],36.0,annual,,2026-06-27T00:22:09.000Z,book_club_member,,1,annual,2025-06-27T00:22:09.000Z,_UNKNOWN,3600,YEAR,annual,,,[name],2027-06-27T00:22:09.000Z,,300,,2027-06-27T00:22:09.000Z,2025-06-27T00:22:09.000Z,3600,[name],,https://www.supersummary.com/subscription,https://www.supersummary.com/subscription/confirming/cancel,,BCM Experience [July 2025] [25% one-time / No Entry Modal],,06-27-2025,,07-02-2026,06-27-2025,06-27-2025,06-27-2025,,06-27-2025,06-27-2027
Wg72DGc_8b67f390a79bb416,AzyqX2VLITyql1PVy,,Students; fallback,,,[name],[name],,I only needed SuperSummary for a short time,i_have_too_much_product_1528073051,Project ended or taking a break,project_stop,,Needs (SaaS),needs,5,,,u_9af6ccb0c8f8ae86,,,,0,,,Canceled,2026-07-02T13:16:41.000Z,2026-07-02T13:17:08.000Z,2026-07-02T13:17:08.000Z,,46.28,2026-07-02T13:17:08.000Z,cancel,Valid Cancel,monthly,2026-08-01T13:06:52.000Z,2026-08-01T13:06:52.000Z,9.95,9.95,9.95,Brightback,,,,,,,AzyqX2VLITyql1PVy,2026-06-01T13:06:50.000Z,,2026-06-01T13:06:52.000Z,,h_ad42ce7251635f13,,1,2026-06-01T13:06:52.000Z,USD,u_9af6ccb0c8f8ae86,ACTIVE,h_0362737f0ec914c8,[name],,,,2026-07-01T13:06:52.000Z,student,,1,monthly_essentials,2026-06-01T13:06:52.000Z,_UNKNOWN,995,MONTH,,,Postgrad Program,[name],2026-08-01T13:06:52.000Z,,995,,2026-08-01T13:06:52.000Z,2026-06-01T13:06:52.000Z,995,,,,,,Student Experience [July 2025] [25% one-time / No Entry Modal],,06-01-2026,,07-02-2026,06-01-2026,06-01-2026,06-01-2026,,06-01-2026,08-01-2026
Wg72DFC_87457345e3048098,16BgpnUHLmA8pVA5S,,Students; Annual,,,[name],[name],,I only needed SuperSummary for a short time,i_have_too_much_product_1528073051,Project ended or taking a break,project_stop,,Needs (SaaS),needs,1,,,u_b014d814aaa68bc9,,,,0,,,Canceled,2026-07-02T13:15:15.000Z,2026-07-02T13:15:43.000Z,2026-07-02T13:15:44.000Z,,46.28,2026-07-02T13:15:44.000Z,cancel,Valid Cancel,annual,2027-07-02T06:51:47.000Z,2027-07-02T06:51:47.000Z,3.0,3.0,36.0,Brightback,,,,,,,16BgpnUHLmA8pVA5S,2024-07-02T06:51:45.000Z,,2024-07-02T06:51:47.000Z,,h_1b8dadf3f8e73163,,1,2024-07-02T06:51:47.000Z,USD,u_b014d814aaa68bc9,ACTIVE,h_a051a8b1a5cbe3bd,[name],,,,2026-07-02T06:51:47.000Z,student,,1,annual,2024-07-02T06:51:47.000Z,_UNKNOWN,3600,YEAR,,,Postgrad Program,[name],2027-07-02T06:51:47.000Z,,300,,2027-07-02T06:51:47.000Z,2024-07-02T06:51:47.000Z,3600,,,,,,Student Experience [July 2025] [25% one-time / No Entry Modal],,07-02-2024,,07-02-2026,07-02-2024,07-02-2024,07-02-2024,,07-02-2024,07-02-2027
Wg72CZo_8288250be725581a,16CG8CVCgdAroWWn,,Students; fallback,,,[name],[name],,I only needed SuperSummary for a short time,i_have_too_much_product_1528073051,Project ended or taking a break,project_stop,,Needs (SaaS),needs,6,,,u_fb5ebe567f905925,,,,0,,,Canceled,2026-07-02T12:35:54.000Z,2026-07-02T12:36:36.000Z,2026-07-02T12:36:36.000Z,,46.3,2026-07-02T12:36:36.000Z,cancel,Valid Cancel,monthly,2026-08-02T05:53:59.000Z,2026-08-02T05:53:59.000Z,16.65,16.65,16.65,Brightback,,,,1,16.65,2026-07-03T05:54:04.000Z,16CG8CVCgdAroWWn,2026-03-02T05:53:58.000Z,,2026-03-02T05:53:59.000Z,,h_5b4ab758f49cdf2c,,1,2026-03-02T05:53:59.000Z,USD,u_fb5ebe567f905925,ACTIVE,h_56c3eac11bed5892,[name],,,,2026-07-02T05:53:59.000Z,student,,1,monthly_plus,2026-03-02T05:53:59.000Z,_UNKNOWN,1665,MONTH,,,High School,[name],2026-08-02T05:53:59.000Z,,1665,,2026-08-02T05:53:59.000Z,2026-03-02T05:53:59.000Z,1665,,,,,,Student Experience [July 2025] [25% one-time / No Entry Modal],,03-02-2026,,07-02-2026,03-02-2026,03-02-2026,03-02-2026,,03-02-2026,08-02-2026
Wg729xn_b57efb64768d8897,1688556,,Students; fallback,,,[name],[name],[name],I only needed SuperSummary for a short time,i_have_too_much_product_1528073051,Project ended or taking a break,project_stop,,Needs (SaaS),needs,1,academic articles,,u_58dfc2c363cb2cb2,,,,0,36.0,,Canceled,2026-07-02T09:59:58.000Z,2026-07-02T10:00:47.000Z,2026-07-02T10:00:47.000Z,,46.41,2026-07-02T10:00:47.000Z,cancel,Valid Cancel,annual,2027-07-02T09:54:06.000Z,2027-07-02T09:54:06.000Z,3.0,3.0,36.0,Brightback,,,,,,,1688556,2026-07-02T09:54:04.000Z,,2026-07-02T09:54:06.000Z,,h_eb29762705ed53d7,,1,2026-07-02T09:54:06.000Z,USD,u_58dfc2c363cb2cb2,ACTIVE,h_bfc38231704d529f,[name],36.0,annual_essentials,,2026-07-02T09:54:06.000Z,student,,1,annual_essentials,2026-07-02T09:54:06.000Z,_UNKNOWN,3600,YEAR,annual_essentials,,College,[name],2027-07-02T09:54:06.000Z,,300,,2027-07-02T09:54:06.000Z,2026-07-02T09:54:06.000Z,3600,[name],,https://www.supersummary.com/subscription,https://www.supersummary.com/subscription/confirming/cancel,,Student Experience [July 2025] [25% one-time / No Entry Modal],,07-02-2026,,07-02-2026,07-02-2026,07-02-2026,07-02-2026,,07-02-2026,07-02-2027
Wg7268l_a79db2ab4268ce76,197337,,Students; Monthly,,,[name],[name],[name],I only needed SuperSummary for a short time,i_have_too_much_product_1528073051,Project ended or taking a break,project_stop,,Needs (SaaS),needs,4,online textbooks,,u_46db912554ba56c5,,,,0,9.95,,Canceled,2026-07-02T06:09:00.000Z,2026-07-02T06:09:24.000Z,2026-07-02T06:09:25.000Z,,46.57,2026-07-02T06:09:25.000Z,cancel,Valid Cancel,monthly,2026-08-01T08:34:24.000Z,,9.95,9.95,9.95,Brightback,,,,,,,197337,2022-05-01T08:34:23.000Z,,2022-05-01T08:34:24.000Z,,h_bd1beaed1c4652df,,1,2022-05-01T08:34:24.000Z,USD,u_46db912554ba56c5,NON_RENEWING,h_a4b9fc1f5cba668e,[name],9.95,monthly,,2026-07-01T08:34:24.000Z,student,,1,monthly,2022-05-01T08:34:24.000Z,_UNKNOWN,995,MONTH,monthly,,College,[name],,,995,,2026-08-01T08:34:24.000Z,2022-05-01T08:34:24.000Z,995,[name],,https://www.supersummary.com/subscription,https://www.supersummary.com/subscription/confirming/cancel,,Student Experience [July 2025] [40% forever / Modal],,05-01-2022,,07-02-2026,05-01-2022,05-01-2022,05-01-2022,,05-01-2022,
Wg725bl_aefedea889f1200d,1680675,,Book Club Members; fallback,,,[name],[name],[name],I only needed SuperSummary for a short time,i_have_too_much_product_1528073051,Project ended or taking a break,project_stop,,Needs (SaaS),needs,5,,,u_2e5ed00927fa860a,,,,0,36.0,,Canceled,2026-07-02T05:37:57.000Z,2026-07-02T05:38:31.000Z,2026-07-02T05:38:31.000Z,,46.6,2026-07-02T05:38:31.000Z,cancel,Valid Cancel,annual,2027-06-21T18:49:39.000Z,2027-06-21T18:49:39.000Z,3.0,3.0,36.0,Brightback,,,,,,,1680675,2026-06-21T18:49:37.000Z,,2026-06-21T18:49:39.000Z,,h_6dba9d5cb2a6b424,,1,2026-06-21T18:49:39.000Z,USD,u_2e5ed00927fa860a,ACTIVE,h_586497d822e8c1b3,[name],36.0,annual_essentials,,2026-06-21T18:49:39.000Z,book_club_member,,1,annual_essentials,2026-06-21T18:49:39.000Z,_UNKNOWN,3600,YEAR,annual_essentials,,,[name],2027-06-21T18:49:39.000Z,,300,,2027-06-21T18:49:39.000Z,2026-06-21T18:49:39.000Z,3600,[name],,https://www.supersummary.com/subscription,https://www.supersummary.com/subscription/confirming/cancel,,BCM Experience [July 2025] [25% one-time / No Entry Modal],,06-21-2026,,07-02-2026,06-21-2026,06-21-2026,06-21-2026,,06-21-2026,06-21-2027
Wg724ua_a60f4e10c10d590c,1297295,,Students; Annual,,,[name],[name],[name],I only needed SuperSummary for a short time,i_have_too_much_product_1528073051,Project ended or taking a break,project_stop,,Needs (SaaS),needs,7,,,u_bf5b7dbef4b2c093,,,,0,36.0,,Canceled,2026-07-02T04:56:58.000Z,2026-07-02T04:57:36.000Z,2026-07-02T04:57:36.000Z,,46.62,2026-07-02T04:57:36.000Z,cancel,Valid Cancel,annual,2026-08-24T22:48:37.000Z,2026-08-24T22:48:37.000Z,3.0,3.0,36.0,Brightback,,,,,,,1297295,2025-08-24T22:48:34.000Z,,2025-08-24T22:48:37.000Z,,h_2a7fc5b873367cbc,,1,2025-08-24T22:48:37.000Z,USD,u_bf5b7dbef4b2c093,ACTIVE,h_0e97621922136218,[name],36.0,annual,,2025-08-24T22:48:37.000Z,student,,1,annual,2025-08-24T22:48:37.000Z,_UNKNOWN,3600,YEAR,annual,,College,[name],2026-08-24T22:48:37.000Z,,300,,2026-08-24T22:48:37.000Z,2025-08-24T22:48:37.000Z,3600,[name],,https://www.supersummary.com/subscription,https://www.supersummary.com/subscription/confirming/cancel,,Student Experience [July 2025] [25% one-time / No Entry Modal],,08-24-2025,,07-02-2026,08-24-2025,08-24-2025,08-24-2025,,08-24-2025,08-24-2026
Wg723rI_b6f5d5e876b88fcd,1661611,,Book Club Members; fallback,,,[name],[name],[name],I only needed SuperSummary for a short time,i_have_too_much_product_1528073051,Project ended or taking a break,project_stop,,Needs (SaaS),needs,2,Amazon reviews,,u_5346f859fd45735c,allow me to print info on my subscription,,,1,36.0,,Canceled,2026-07-02T03:53:30.000Z,2026-07-02T03:56:03.000Z,2026-07-02T03:56:15.000Z,,46.67,2026-07-02T03:56:15.000Z,cancel,Valid Cancel,annual,2027-06-01T14:52:42.000Z,2027-06-01T14:52:42.000Z,3.0,3.0,36.0,Brightback,,,,,,,1661611,2026-06-01T14:52:40.000Z,,2026-06-01T14:52:42.000Z,,h_c01fc5999f5f56c7,,1,2026-06-01T14:52:42.000Z,USD,u_5346f859fd45735c,ACTIVE,h_85efbf69d035d14b,[name],36.0,annual_essentials,,2026-06-01T14:52:42.000Z,book_club_member,,1,annual_essentials,2026-06-01T14:52:42.000Z,_UNKNOWN,3600,YEAR,annual_essentials,,,[name],2027-06-01T14:52:42.000Z,,300,,2027-06-01T14:52:42.000Z,2026-06-01T14:52:42.000Z,3600,[name],,https://www.supersummary.com/subscription,https://www.supersummary.com/subscription/confirming/cancel,,BCM Experience [July 2025] [25% one-time / No Entry Modal],,06-01-2026,,07-02-2026,06-01-2026,06-01-2026,06-01-2026,,06-01-2026,06-01-2027
Wg723kL_96674e3870b34c4c,16A06pV9qCcOW40DF,,Teachers; fallback,,,[name],[name],,I only needed SuperSummary for a short time,i_have_too_much_product_1528073051,Project ended or taking a break,project_stop,,Needs (SaaS),needs,10,,,u_6c3941965d07ec01,,,,0,,,Canceled,2026-07-02T03:46:27.000Z,2026-07-02T03:46:52.000Z,2026-07-02T03:46:52.000Z,,46.67,2026-07-02T03:46:52.000Z,cancel,Valid Cancel,monthly,2026-07-31T01:44:35.000Z,2026-07-31T01:44:35.000Z,16.65,16.65,16.65,Brightback,,,,1,16.65,2026-07-07T01:44:39.000Z,16A06pV9qCcOW40DF,2026-01-31T01:44:31.000Z,,2026-01-31T01:44:35.000Z,,h_5ca970780135d70b,,1,2026-01-31T01:44:35.000Z,USD,u_6c3941965d07ec01,ACTIVE,h_e4d355fdc99675c4,[name],,,,2026-06-30T01:44:35.000Z,teacher,,1,monthly_plus,2026-01-31T01:44:35.000Z,_UNKNOWN,1665,MONTH,,,Middle School,[name],2026-07-31T01:44:35.000Z,,1665,,2026-07-31T01:44:35.000Z,2026-01-31T01:44:35.000Z,1665,,,,,,Teacher Experience [July 2025] [40% one-time / Modal],,01-31-2026,,07-02-2026,01-31-2026,01-31-2026,01-31-2026,,01-31-2026,07-31-2026
Wg723jd_b5cc7cf7a27f4dd9,1688451,,fallback,,,[name],[name],[name],I only needed SuperSummary for a short time,i_have_too_much_product_1528073051,Project ended or taking a break,project_stop,,Needs (SaaS),needs,6,,,u_04dc4b95682686fe,,,,0,9.95,,Canceled,2026-07-02T03:45:47.000Z,2026-07-02T03:46:19.000Z,2026-07-02T03:46:20.000Z,,46.67,2026-07-02T03:46:20.000Z,cancel,Valid Cancel,monthly,2026-08-02T03:08:06.000Z,2026-08-02T03:08:06.000Z,9.95,9.95,9.95,Brightback,,,,,,,1688451,2026-07-02T03:08:03.000Z,,2026-07-02T03:08:06.000Z,,h_29fbed8fc8e592e6,,1,2026-07-02T03:08:06.000Z,USD,u_04dc4b95682686fe,ACTIVE,h_519e4598468479cf,[name],9.95,monthly_essentials,,2026-07-02T03:08:06.000Z,other,,1,monthly_essentials,2026-07-02T03:08:06.000Z,_UNKNOWN,995,MONTH,monthly_essentials,,,[name],2026-08-02T03:08:06.000Z,,995,,2026-08-02T03:08:06.000Z,2026-07-02T03:08:06.000Z,995,[name],,https://www.supersummary.com/subscription,https://www.supersummary.com/subscription/confirming/cancel,,Default/Fallback [July 2025] [25% one time / No entry modal],,07-02-2026,,07-02-2026,07-02-2026,07-02-2026,07-02-2026,,07-02-2026,08-02-2026
Wg723gl_b337d7439cb63557,AzyqYiVMpWUF92XgT,,Students; fallback,,,[name],[name],,I only needed SuperSummary for a short time,i_have_too_much_product_1528073051,Project ended or taking a break,project_stop,,Needs (SaaS),needs,7,,,u_5f43a4299ac49f6f,,,,0,,,Canceled,2026-07-02T03:42:51.000Z,2026-07-02T03:43:41.000Z,2026-07-02T03:43:41.000Z,,46.68,2026-07-02T03:43:41.000Z,cancel,Valid Cancel,annual,2027-06-17T19:12:41.000Z,2027-06-17T19:12:41.000Z,5.0,5.0,60.0,Brightback,,,,,,,AzyqYiVMpWUF92XgT,2026-06-17T19:12:39.000Z,,2026-06-17T19:12:41.000Z,,h_1189b310e14bb9a6,,1,2026-06-17T19:12:41.000Z,USD,u_5f43a4299ac49f6f,ACTIVE,h_946961d2d02d61b3,[name],,,,2026-06-17T19:12:41.000Z,student,,1,annual_plus,2026-06-17T19:12:41.000Z,_UNKNOWN,6000,YEAR,,,College,[name],2027-06-17T19:12:41.000Z,,500,,2027-06-17T19:12:41.000Z,2026-06-17T19:12:41.000Z,6000,,,,,,Student Experience [July 2025] [25% one-time / No Entry Modal],,06-17-2026,,07-02-2026,06-17-2026,06-17-2026,06-17-2026,,06-17-2026,06-17-2027
Wg7217O_ab76cd7c468994a0,AzqHaIV755TIU2M8f,,Teachers; fallback,,,[name],[name],,I only needed SuperSummary for a short time,i_have_too_much_product_1528073051,Project ended or taking a break,project_stop,,Needs (SaaS),needs,9,,,u_374a003501b46332,,,,0,,,Canceled,2026-07-02T01:07:31.000Z,2026-07-02T01:08:27.000Z,2026-07-02T01:08:27.000Z,,46.78,2026-07-02T01:08:27.000Z,cancel,Valid Cancel,monthly,2026-08-01T19:23:38.000Z,2026-08-01T19:23:38.000Z,16.65,16.65,16.65,Brightback,,,,,,,AzqHaIV755TIU2M8f,2026-01-01T19:23:36.000Z,,2026-01-01T19:23:38.000Z,,h_ace382d196b069d1,,1,2026-01-01T19:23:38.000Z,USD,u_374a003501b46332,ACTIVE,h_7b79850fa19a4fae,[name],,,,2026-07-01T19:23:38.000Z,teacher,,1,monthly_plus,2026-01-01T19:23:38.000Z,_UNKNOWN,1665,MONTH,,,Middle School,[name],2026-08-01T19:23:38.000Z,,1665,,2026-08-01T19:23:38.000Z,2026-01-01T19:23:38.000Z,1665,,,,,,Teacher Experience [July 2025] [40% one-time / Modal],,01-01-2026,,07-02-2026,01-01-2026,01-01-2026,01-01-2026,,01-01-2026,08-01-2026
Wg720V0_bc7a12a516742ec0,765184,,Students; Annual,,,[name],[name],[name],I only needed SuperSummary for a short time,i_have_too_much_product_1528073051,Project ended or taking a break,project_stop,,Needs (SaaS),needs,2,,,u_2008a55f02e60a62,,,,0,36.0,,Canceled,2026-07-02T00:31:34.000Z,2026-07-02T00:32:13.000Z,2026-07-02T00:32:14.000Z,,46.81,2026-07-02T00:32:14.000Z,cancel,Valid Cancel,annual,2026-10-28T12:40:51.000Z,,3.0,3.0,36.0,Brightback,,,,,,,765184,2024-10-28T12:40:49.000Z,,2024-10-28T12:40:51.000Z,,h_ab19f07fe20ce7e4,,1,2024-10-28T12:40:51.000Z,USD,u_2008a55f02e60a62,NON_RENEWING,h_d794e864c895b12f,[name],36.0,annual,,2025-10-28T12:40:51.000Z,student,,1,annual,2024-10-28T12:40:51.000Z,_UNKNOWN,3600,YEAR,annual,,College,[name],,,300,,2026-10-28T12:40:51.000Z,2024-10-28T12:40:51.000Z,3600,[name],,https://www.supersummary.com/subscription,https://www.supersummary.com/subscription/confirming/cancel,,Student Experience [July 2025] [25% one-time / No Entry Modal],,10-28-2024,,07-02-2026,10-28-2024,10-28-2024,10-28-2024,,10-28-2024,
Wg720U7_9e22d0483c597661,169xTeUSVA3rW49O,,Students; Annual,,,[name],[name],,I only needed SuperSummary for a short time,i_have_too_much_product_1528073051,Project ended or taking a break,project_stop,,Needs (SaaS),needs,2,,,u_2008a55f02e60a62,,,,0,,,Canceled,2026-07-02T00:30:17.000Z,2026-07-02T00:30:51.000Z,2026-07-02T00:30:51.000Z,,46.81,2026-07-02T00:30:51.000Z,cancel,Valid Cancel,annual,2026-10-28T12:40:51.000Z,2026-10-28T12:40:51.000Z,3.0,3.0,36.0,Brightback,,,,,,,169xTeUSVA3rW49O,2024-10-28T12:40:49.000Z,,2024-10-28T12:40:51.000Z,,h_ab19f07fe20ce7e4,,1,2024-10-28T12:40:51.000Z,USD,u_2008a55f02e60a62,ACTIVE,h_d794e864c895b12f,[name],,,,2025-10-28T12:40:51.000Z,student,,1,annual,2024-10-28T12:40:51.000Z,_UNKNOWN,3600,YEAR,,,College,[name],2026-10-28T12:40:51.000Z,,300,,2026-10-28T12:40:51.000Z,2024-10-28T12:40:51.000Z,3600,,,,,,Student Experience [July 2025] [25% one-time / No Entry Modal],,10-28-2024,,07-02-2026,10-28-2024,10-28-2024,10-28-2024,,10-28-2024,10-28-2026
Wg720l4_a9208c2f71993ed7,16BQVgUrytEVJ32eM,,Teachers; Annual,,,[name],[name],,I only needed SuperSummary for a short time,i_have_too_much_product_1528073051,Project ended or taking a break,project_stop,,Needs (SaaS),needs,3,Hhh,,u_b83ddc088d7f2573,I am less likely to return now since you made it so difficult to cancel. ,,,1,,,Canceled,2026-07-02T00:47:38.000Z,2026-07-02T00:48:53.000Z,2026-07-17T10:18:10.000Z,,46.8,2026-07-17T10:18:10.000Z,cancel,Valid Cancel,annual,2026-07-25T16:44:11.000Z,2026-07-25T16:44:11.000Z,3.0,3.0,36.0,Brightback,,,,,,,16BQVgUrytEVJ32eM,2025-07-25T16:44:10.000Z,,2025-07-25T16:44:11.000Z,,h_2f7c77f74162c7d9,,1,2025-07-25T16:44:11.000Z,USD,u_b83ddc088d7f2573,ACTIVE,h_8501a051a82d9622,[name],,,,2025-07-25T16:44:11.000Z,teacher,,1,annual,2025-07-25T16:44:11.000Z,_UNKNOWN,3600,YEAR,,,High School,[name],2026-07-25T16:44:11.000Z,,300,,2026-07-25T16:44:11.000Z,2025-07-25T16:44:11.000Z,3600,,,,,,Teacher Experience [July 2025] [40% one-time / Modal],,07-25-2025,,07-02-2026,07-25-2025,07-25-2025,07-25-2025,,07-25-2025,07-25-2026
Wg71MHo_b8482917103de1c7,6olgtVCelRXCA5wF,,Teachers; fallback,,,[name],[name],,I only needed SuperSummary for a short time,i_have_too_much_product_1528073051,Project ended or taking a break,project_stop,,Needs (SaaS),needs,5,,,u_bc3ab681992fcf48,,,,0,,,Canceled,2026-07-01T22:18:01.000Z,2026-07-01T22:18:34.000Z,2026-07-01T22:18:35.000Z,,46.9,2026-07-01T22:18:35.000Z,cancel,Valid Cancel,monthly,2026-08-01T22:14:17.000Z,2026-08-01T22:14:17.000Z,16.65,16.65,16.65,Brightback,,,,,,,6olgtVCelRXCA5wF,2026-03-01T22:14:14.000Z,,2026-03-01T22:14:17.000Z,,h_e61e56bbe90da1f3,,1,2026-03-01T22:14:17.000Z,USD,u_bc3ab681992fcf48,ACTIVE,h_67d83fb5be8a34f1,[name],,,,2026-07-01T22:14:17.000Z,teacher,,1,monthly_plus,2026-03-01T22:14:17.000Z,_UNKNOWN,1665,MONTH,,,Middle School,[name],2026-08-01T22:14:17.000Z,,1665,,2026-08-01T22:14:17.000Z,2026-03-01T22:14:17.000Z,1665,,,,,,Teacher Experience [July 2025] [40% one-time / Modal],,03-01-2026,,07-01-2026,03-01-2026,03-01-2026,03-01-2026,,03-01-2026,08-01-2026
Wg71MAw_a7badc3144ed324f,1266294,,Teachers; Monthly,,,[name],[name],[name],I only needed SuperSummary for a short time,i_have_too_much_product_1528073051,Project ended or taking a break,project_stop,,Needs (SaaS),needs,5,none,,u_e13f8f66e64245a4,n/a,,,1,9.95,,Canceled,2026-07-01T22:11:08.000Z,2026-07-01T22:11:30.000Z,2026-07-01T22:11:31.000Z,,46.91,2026-07-01T22:11:31.000Z,cancel,Valid Cancel,monthly,2026-07-16T00:29:29.000Z,,9.95,9.95,9.95,Brightback,,,,,,,1266294,2025-07-22T21:14:34.000Z,,2025-07-22T21:14:37.000Z,,h_6f42c1cb4d4a7611,,1,2026-04-16T00:29:29.000Z,USD,u_e13f8f66e64245a4,NON_RENEWING,h_1e8ff268e2cfc066,[name],9.95,monthly,,2026-06-16T00:29:29.000Z,teacher,,1,monthly,2025-07-22T21:14:37.000Z,_UNKNOWN,995,MONTH,monthly,,other,[name],,,995,,2026-07-16T00:29:29.000Z,2025-07-22T21:14:37.000Z,995,[name],,https://www.supersummary.com/subscription,https://www.supersummary.com/subscription/confirming/cancel,,Teacher Experience [July 2025] [40% forever / No entry modal],,07-22-2025,,07-01-2026,04-16-2026,07-22-2025,07-22-2025,,07-22-2025,
Wg71MaC_b0165cb9af1375b6,AzywlaUUujruV8QTC,,Students; Annual,,,[name],[name],,I only needed SuperSummary for a short time,i_have_too_much_product_1528073051,Project ended or taking a break,project_stop,,Needs (SaaS),needs,9,Finished school,,u_2e5d49d8d237db87,,,,0,,,Canceled,2026-07-01T22:36:14.000Z,2026-07-01T22:36:49.000Z,2026-07-01T22:36:49.000Z,,46.89,2026-07-01T22:36:49.000Z,cancel,Valid Cancel,annual,2026-11-23T02:37:39.000Z,2026-11-23T02:37:39.000Z,3.0,3.0,36.0,Brightback,,,,,,,AzywlaUUujruV8QTC,2024-11-23T02:37:35.000Z,,2024-11-23T02:37:39.000Z,,h_4904464ee1f06f2b,,1,2024-11-23T02:37:39.000Z,USD,u_2e5d49d8d237db87,ACTIVE,h_c5b501a2cf776472,[name],,,,2025-11-23T02:37:39.000Z,student,,1,annual,2024-11-23T02:37:39.000Z,_UNKNOWN,3600,YEAR,,,College,[name],2026-11-23T02:37:39.000Z,,300,,2026-11-23T02:37:39.000Z,2024-11-23T02:37:39.000Z,3600,,,,,,Student Experience [July 2025] [25% one-time / No Entry Modal],,11-23-2024,,07-01-2026,11-23-2024,11-23-2024,11-23-2024,,11-23-2024,11-23-2026
Wg71MAA_9dd8422ce62646d6,16CUxSUriRjrh2I96,,Teachers; Monthly,,,[name],[name],,I only needed SuperSummary for a short time,i_have_too_much_product_1528073051,Project ended or taking a break,project_stop,,Needs (SaaS),needs,5,none,,u_e13f8f66e64245a4,n/a,,,1,,,Canceled,2026-07-01T22:10:15.000Z,2026-07-01T22:10:49.000Z,2026-07-01T22:10:50.000Z,,46.91,2026-07-01T22:10:50.000Z,cancel,Valid Cancel,monthly,2026-07-16T00:29:29.000Z,2026-07-16T00:29:29.000Z,9.95,9.95,9.95,Brightback,,,,,,,16CUxSUriRjrh2I96,2025-07-22T21:14:34.000Z,,2025-07-22T21:14:37.000Z,,h_6f42c1cb4d4a7611,,1,2026-04-16T00:29:29.000Z,USD,u_e13f8f66e64245a4,ACTIVE,h_1e8ff268e2cfc066,[name],,,,2026-06-16T00:29:29.000Z,teacher,,1,monthly,2025-07-22T21:14:37.000Z,_UNKNOWN,995,MONTH,,,other,[name],2026-07-16T00:29:29.000Z,,995,,2026-07-16T00:29:29.000Z,2025-07-22T21:14:37.000Z,995,,,,,,Teacher Experience [July 2025] [40% forever / No entry modal],,07-22-2025,,07-01-2026,04-16-2026,07-22-2025,07-22-2025,,07-22-2025,07-16-2026
Wg71M7L_96da71bf68e58028,16BiSYVC5X2ht2HXF,,Students; fallback,,,[name],[name],,I only needed SuperSummary for a short time,i_have_too_much_product_1528073051,Project ended or taking a break,project_stop,,Needs (SaaS),needs,5,,,u_bb69038238762020,,,,0,,,Canceled,2026-07-01T22:07:26.000Z,2026-07-01T22:07:49.000Z,2026-07-01T22:07:49.000Z,,46.91,2026-07-01T22:07:49.000Z,cancel,Valid Cancel,monthly,2026-07-23T21:37:34.000Z,2026-07-23T21:37:34.000Z,9.95,9.95,9.95,Brightback,,,,1,9.95,2026-07-02T21:37:36.000Z,16BiSYVC5X2ht2HXF,2025-10-26T15:26:33.000Z,,2026-02-23T21:37:34.000Z,,h_49c62faf083e7b34,,1,2026-02-23T21:37:34.000Z,USD,u_bb69038238762020,ACTIVE,h_7a369482dde938ef,[name],,,,2026-06-23T21:37:34.000Z,student,,1,monthly_essentials,2026-02-23T21:37:34.000Z,_UNKNOWN,995,MONTH,,,College,[name],2026-07-23T21:37:34.000Z,,995,,2026-07-23T21:37:34.000Z,2026-02-23T21:37:34.000Z,995,,,,,,Student Experience [July 2025] [25% one-time / No Entry Modal],,02-23-2026,,07-01-2026,02-23-2026,02-23-2026,10-26-2025,,02-23-2026,07-23-2026
Wg71LxQ_bca84b6bdd8a8006,169sebVL8wT3f4thT,,Book Club Members; fallback,,,[name],[name],,I only needed SuperSummary for a short time,i_have_too_much_product_1528073051,Project ended or taking a break,project_stop,,Needs (SaaS),needs,6,,,u_97fd79c522637472,,,,0,,,Canceled,2026-07-01T21:59:28.000Z,2026-07-01T22:00:05.000Z,2026-07-01T22:00:05.000Z,,46.91,2026-07-01T22:00:05.000Z,cancel,Valid Cancel,monthly,2026-07-30T21:57:18.000Z,2026-07-30T21:57:18.000Z,9.95,9.95,9.95,Brightback,,,,,,,169sebVL8wT3f4thT,2026-05-30T21:57:16.000Z,,2026-05-30T21:57:18.000Z,,h_fee0dd5088ded331,,1,2026-05-30T21:57:18.000Z,USD,u_97fd79c522637472,ACTIVE,h_843567633b9781be,[name],,,,2026-06-30T21:57:18.000Z,book_club_member,,1,monthly_essentials,2026-05-30T21:57:18.000Z,_UNKNOWN,995,MONTH,,,,[name],2026-07-30T21:57:18.000Z,,995,,2026-07-30T21:57:18.000Z,2026-05-30T21:57:18.000Z,995,,,,,,BCM Experience [July 2025] [25% one-time / No Entry Modal],,05-30-2026,,07-01-2026,05-30-2026,05-30-2026,05-30-2026,,05-30-2026,07-30-2026
Wg71LrE_bfdea13327c641aa,6oq67V2YAAQv2i8M,,Students; Annual,,,[name],[name],,I only needed SuperSummary for a short time,i_have_too_much_product_1528073051,Project ended or taking a break,project_stop,,Needs (SaaS),needs,6,Nothing,,u_dc491bf59757231d,Nothing ,,,1,,,Canceled,2026-07-01T21:53:18.000Z,2026-07-01T21:54:20.000Z,2026-07-01T21:54:20.000Z,,46.92,2026-07-01T21:54:20.000Z,cancel,Valid Cancel,annual,2026-11-14T18:19:47.000Z,2026-11-14T18:19:47.000Z,3.0,3.0,36.0,Brightback,,,,,,,6oq67V2YAAQv2i8M,2025-11-14T18:19:45.000Z,,2025-11-14T18:19:47.000Z,,h_c7fee2a08b9665a9,,1,2025-11-14T18:19:47.000Z,USD,u_dc491bf59757231d,ACTIVE,h_3cfe160ca2bae353,[name],,,,2025-11-14T18:19:47.000Z,student,,1,annual,2025-11-14T18:19:47.000Z,_UNKNOWN,3600,YEAR,,,High School,[name],2026-11-14T18:19:47.000Z,,300,,2026-11-14T18:19:47.000Z,2025-11-14T18:19:47.000Z,3600,,,,,,Student Experience [July 2025] [25% one-time / No Entry Modal],,11-14-2025,,07-01-2026,11-14-2025,11-14-2025,11-14-2025,,11-14-2025,11-14-2026
Wg71LKE_b38aabe951140f33,AzqFB8UzkrAZX6W2,,Students; Monthly,,,[name],[name],,I only needed SuperSummary for a short time,i_have_too_much_product_1528073051,Project ended or taking a break,project_stop,,Needs (SaaS),needs,5,,,u_1e4c517472bd07b3,,,,0,,,Canceled,2026-07-01T21:20:16.000Z,2026-07-01T21:20:50.000Z,2026-07-01T21:20:50.000Z,,46.94,2026-07-01T21:20:50.000Z,cancel,Valid Cancel,monthly,2026-07-16T02:59:13.000Z,2026-07-16T02:59:13.000Z,9.95,9.95,9.95,Brightback,,,,,,,AzqFB8UzkrAZX6W2,2025-10-16T02:59:11.000Z,,2025-10-16T02:59:13.000Z,,h_068ba99c22f8068b,,1,2025-10-16T02:59:13.000Z,USD,u_1e4c517472bd07b3,ACTIVE,h_96e710b7ddeabe7f,[name],,,,2026-06-16T02:59:13.000Z,student,,1,monthly,2025-10-16T02:59:13.000Z,_UNKNOWN,995,MONTH,,,College,[name],2026-07-16T02:59:13.000Z,,995,,2026-07-16T02:59:13.000Z,2025-10-16T02:59:13.000Z,995,,,,,,Student Experience [July 2025] [40% forever / Modal],,10-16-2025,,07-01-2026,10-16-2025,10-16-2025,10-16-2025,,10-16-2025,07-16-2026
Wg71LJD_99c38e5766671816,871253,,Parents; Annual,,,[name],[name],[name],I only needed SuperSummary for a short time,i_have_too_much_product_1528073051,Project ended or taking a break,project_stop,,Needs (SaaS),needs,6,I will not replace it as I will more concentrate on biology books and less literature analysis. ,,u_12ee6d9cc6227456,Your summaries and analysis were great and extremely helpful. So thanks a lot. ,,,1,36.0,,Canceled,2026-07-01T21:19:35.000Z,2026-07-01T21:21:42.000Z,2026-07-01T21:21:43.000Z,,46.94,2026-07-01T21:21:43.000Z,cancel,Valid Cancel,annual,2026-12-09T03:55:00.000Z,2026-12-09T03:55:00.000Z,3.0,3.0,36.0,Brightback,,,,,,,871253,2024-12-09T03:54:57.000Z,,2024-12-09T03:55:00.000Z,,h_8423a7bc3a3aaf50,,1,2024-12-09T03:55:00.000Z,USD,u_12ee6d9cc6227456,ACTIVE,h_ccdda7b9033f28d2,[name],36.0,annual,,2025-12-09T03:55:00.000Z,parent_of_student,,1,annual,2024-12-09T03:55:00.000Z,_UNKNOWN,3600,YEAR,annual,,High School,[name],2026-12-09T03:55:00.000Z,,300,,2026-12-09T03:55:00.000Z,2024-12-09T03:55:00.000Z,3600,[name],,https://www.supersummary.com/subscription,https://www.supersummary.com/subscription/confirming/cancel,,Parent Experience [July 2025] [25% one-time / Modal],,12-09-2024,,07-01-2026,12-09-2024,12-09-2024,12-09-2024,,12-09-2024,12-09-2026
Wg71LDB_8949e2e00b32a9ef,AzqVZOU9e8vDz3Tvc,,Book Club Members; Annual,,,[name],[name],,I only needed SuperSummary for a short time,i_have_too_much_product_1528073051,Project ended or taking a break,project_stop,,Needs (SaaS),needs,5,,,u_569ae3b44bc34545,,,,0,,,Canceled,2026-07-01T21:13:13.000Z,2026-07-01T21:13:39.000Z,2026-07-01T21:13:39.000Z,,46.95,2026-07-01T21:13:39.000Z,cancel,Valid Cancel,annual,2027-04-11T14:24:03.000Z,2027-04-11T14:24:03.000Z,3.0,3.0,36.0,Brightback,,,,,,,AzqVZOU9e8vDz3Tvc,2024-04-11T14:24:00.000Z,,2024-04-11T14:24:03.000Z,,h_27b14dadd34fd1c5,,1,2024-04-11T14:24:03.000Z,USD,u_569ae3b44bc34545,ACTIVE,h_a1e402b30a6c6e8e,[name],,,,2026-04-11T14:24:03.000Z,book_club_member,,1,annual,2024-04-11T14:24:03.000Z,_UNKNOWN,3600,YEAR,,,,[name],2027-04-11T14:24:03.000Z,,300,,2027-04-11T14:24:03.000Z,2024-04-11T14:24:03.000Z,3600,,,,,,BCM Experience [July 2025] [25% one-time / No Entry Modal],,04-11-2024,,07-01-2026,04-11-2024,04-11-2024,04-11-2024,,04-11-2024,04-11-2027
Wg71L5P_97277f5ef66179af,16CJNxVO9oKRe9bOu,,Book Club Members; fallback,,,[name],[name],,I only needed SuperSummary for a short time,i_have_too_much_product_1528073051,Project ended or taking a break,project_stop,,Needs (SaaS),needs,5,,,u_a8ef4aa45718b730,,,,0,,,Canceled,2026-07-01T21:05:27.000Z,2026-07-01T21:05:42.000Z,2026-07-01T21:05:42.000Z,,46.95,2026-07-01T21:05:42.000Z,cancel,Valid Cancel,annual,2027-07-01T20:57:53.000Z,2027-07-01T20:57:53.000Z,3.0,3.0,36.0,Brightback,,,,,,,16CJNxVO9oKRe9bOu,2026-07-01T20:57:50.000Z,,2026-07-01T20:57:53.000Z,,h_528f75c61832d28d,,1,2026-07-01T20:57:53.000Z,USD,u_a8ef4aa45718b730,ACTIVE,h_427456204bc7aa6e,[name],,,,2026-07-01T20:57:53.000Z,book_club_member,,1,annual_essentials,2026-07-01T20:57:53.000Z,_UNKNOWN,3600,YEAR,,,,[name],2027-07-01T20:57:53.000Z,,300,,2027-07-01T20:57:53.000Z,2026-07-01T20:57:53.000Z,3600,,,,,,BCM Experience [July 2025] [25% one-time / No Entry Modal],,07-01-2026,,07-01-2026,07-01-2026,07-01-2026,07-01-2026,,07-01-2026,07-01-2027
Wg71IgX_b69d9e2b1a1c4720,AzZqV5UqZdi6f3WXT,,fallback,,,[name],[name],,I only needed SuperSummary for a short time,i_have_too_much_product_1528073051,Project ended or taking a break,project_stop,,Needs (SaaS),needs,5,,,u_70921b7c5e879551,,,,0,,,Canceled,2026-07-01T18:42:39.000Z,2026-07-01T18:43:48.000Z,2026-07-01T18:43:48.000Z,,47.05,2026-07-01T18:43:48.000Z,cancel,Valid Cancel,annual,2026-07-10T18:36:50.000Z,2026-07-10T18:36:50.000Z,3.0,3.0,36.0,Brightback,,,,,,,AzZqV5UqZdi6f3WXT,2025-07-10T18:36:49.000Z,,2025-07-10T18:36:50.000Z,,h_e36e7c845f681308,,1,2025-07-10T18:36:50.000Z,USD,u_70921b7c5e879551,ACTIVE,h_510f3786a8899f6b,[name],,,,2025-07-10T18:36:50.000Z,other,,1,annual,2025-07-10T18:36:50.000Z,_UNKNOWN,3600,YEAR,,,,[name],2026-07-10T18:36:50.000Z,,300,,2026-07-10T18:36:50.000Z,2025-07-10T18:36:50.000Z,3600,,,,,,Default/Fallback [July 2025] [25% one time / No entry modal],,07-10-2025,,07-01-2026,07-10-2025,07-10-2025,07-10-2025,,07-10-2025,07-10-2026
Wg71GxJ_8a7949ef263f279e,AzZoxJUqMcdCD2YiG,,Book Club Members; Annual,,,[name],[name],,I only needed SuperSummary for a short time,i_have_too_much_product_1528073051,Project ended or taking a break,project_stop,,Needs (SaaS),needs,5,N/a,,u_d10a6871e9f5447c,,,,0,,,Canceled,2026-07-01T16:59:22.000Z,2026-07-01T16:59:45.000Z,2026-07-01T16:59:45.000Z,,47.12,2026-07-01T16:59:45.000Z,cancel,Valid Cancel,annual,2026-07-08T13:11:01.000Z,2026-07-08T13:11:01.000Z,3.0,3.0,36.0,Brightback,,,,,,,AzZoxJUqMcdCD2YiG,2025-02-21T05:22:08.000Z,,2025-07-08T13:11:01.000Z,,h_9b86a22bfaf554fa,,1,2025-07-08T13:11:01.000Z,USD,u_d10a6871e9f5447c,ACTIVE,h_c4867c9e5e9e1d20,[name],,,,2025-07-08T13:11:01.000Z,book_club_member,,1,annual,2025-07-08T13:11:01.000Z,_UNKNOWN,3600,YEAR,,,,[name],2026-07-08T13:11:01.000Z,,300,,2026-07-08T13:11:01.000Z,2025-07-08T13:11:01.000Z,3600,,,,,,BCM Experience [July 2025] [25% one-time / No Entry Modal],,07-08-2025,,07-01-2026,07-08-2025,07-08-2025,02-21-2025,,07-08-2025,07-08-2026
Wg71GrF_bac2138c42904242,16BZP9V45hQfC9ENL,,Book Club Members; fallback,,,[name],[name],,I only needed SuperSummary for a short time,i_have_too_much_product_1528073051,Project ended or taking a break,project_stop,,Needs (SaaS),needs,5,,,u_b8f1493eb31f4b38,,,,0,,,Canceled,2026-07-01T16:53:20.000Z,2026-07-01T16:53:43.000Z,2026-07-01T16:53:43.000Z,,47.13,2026-07-01T16:53:43.000Z,cancel,Valid Cancel,monthly,2026-08-01T02:27:46.000Z,2026-08-01T02:27:46.000Z,9.95,9.95,9.95,Brightback,,,,,,,16BZP9V45hQfC9ENL,2025-12-01T02:27:44.000Z,,2025-12-01T02:27:46.000Z,,h_6137cf40204970fc,,1,2025-12-01T02:27:46.000Z,USD,u_b8f1493eb31f4b38,ACTIVE,h_db48848c97b6b377,[name],,,,2026-07-01T02:27:46.000Z,book_club_member,,1,monthly_essentials,2025-12-01T02:27:46.000Z,_UNKNOWN,995,MONTH,,,,[name],2026-08-01T02:27:46.000Z,,995,,2026-08-01T02:27:46.000Z,2025-12-01T02:27:46.000Z,995,,,,,,BCM Experience [July 2025] [25% one-time / No Entry Modal],,12-01-2025,,07-01-2026,12-01-2025,12-01-2025,12-01-2025,,12-01-2025,08-01-2026
Wg71GfD_ab62d67d421b1666,6olyFV0xu53b4IhO,,fallback,,,[name],[name],,I only needed SuperSummary for a short time,i_have_too_much_product_1528073051,Project ended or taking a break,project_stop,,Needs (SaaS),needs,5,,,u_b254077e9f29f729,,,,0,,,Canceled,2026-07-01T16:41:17.000Z,2026-07-01T16:41:40.000Z,2026-07-01T16:41:40.000Z,,47.13,2026-07-01T16:41:40.000Z,cancel,Valid Cancel,monthly,2026-07-28T23:01:12.000Z,2026-07-28T23:01:12.000Z,9.95,9.95,9.95,Brightback,,,,,,,6olyFV0xu53b4IhO,2025-10-28T23:01:08.000Z,,2025-10-28T23:01:12.000Z,,h_7149a489b21800df,,1,2025-10-28T23:01:12.000Z,USD,u_b254077e9f29f729,ACTIVE,h_3c069b9923b52b18,[name],,,,2026-06-28T23:01:12.000Z,other,,1,monthly,2025-10-28T23:01:12.000Z,_UNKNOWN,995,MONTH,,,,[name],2026-07-28T23:01:12.000Z,,995,,2026-07-28T23:01:12.000Z,2025-10-28T23:01:12.000Z,995,,,,,,Default/Fallback [July 2025] [25% one time / No entry modal],,10-28-2025,,07-01-2026,10-28-2025,10-28-2025,10-28-2025,,10-28-2025,07-28-2026
Wg71Fwm_9776207d25de8c96,AzyqBZVNwmLOr1gdb,,Book Club Members; fallback,,,[name],[name],,I only needed SuperSummary for a short time,i_have_too_much_product_1528073051,Project ended or taking a break,project_stop,,Needs (SaaS),needs,1,,,u_14ed1971767e5b08,,,,0,,,Canceled,2026-07-01T15:58:52.000Z,2026-07-01T15:59:16.000Z,2026-07-01T15:59:17.000Z,,47.16,2026-07-01T15:59:17.000Z,cancel,Valid Cancel,monthly,2026-07-29T15:28:27.000Z,2026-07-29T15:28:27.000Z,9.95,9.95,9.95,Brightback,,,,,,,AzyqBZVNwmLOr1gdb,2026-06-29T15:28:25.000Z,,2026-06-29T15:28:27.000Z,,h_b656ffb37baa20be,,1,2026-06-29T15:28:27.000Z,USD,u_14ed1971767e5b08,ACTIVE,h_a0cd6a278ea341f1,[name],,,,2026-06-29T15:28:27.000Z,book_club_member,,1,monthly_essentials,2026-06-29T15:28:27.000Z,_UNKNOWN,995,MONTH,,,,[name],2026-07-29T15:28:27.000Z,,995,,2026-07-29T15:28:27.000Z,2026-06-29T15:28:27.000Z,995,,,,,,BCM Experience [July 2025] [25% one-time / No Entry Modal],,06-29-2026,,07-01-2026,06-29-2026,06-29-2026,06-29-2026,,06-29-2026,07-29-2026
Wg71FpV_975ed4e7c4a6b168,Azyj6oVMx7X782opA,,Book Club Members; fallback,,,[name],[name],,I only needed SuperSummary for a short time,i_have_too_much_product_1528073051,Project ended or taking a break,project_stop,,Needs (SaaS),needs,1,,,u_8a209a9bd52adf18,,,,0,,,Canceled,2026-07-01T15:51:35.000Z,2026-07-01T15:52:16.000Z,2026-07-01T15:52:16.000Z,,47.17,2026-07-01T15:52:16.000Z,cancel,Valid Cancel,monthly,2026-07-19T02:23:44.000Z,2026-07-19T02:23:44.000Z,9.95,9.95,9.95,Brightback,,,,,,,Azyj6oVMx7X782opA,2026-06-19T02:23:43.000Z,,2026-06-19T02:23:44.000Z,,h_6f853d242992b325,,1,2026-06-19T02:23:44.000Z,USD,u_8a209a9bd52adf18,ACTIVE,h_262ec47dd74ada64,[name],,,,2026-06-19T02:23:44.000Z,book_club_member,,1,monthly_essentials,2026-06-19T02:23:44.000Z,_UNKNOWN,995,MONTH,,,,[name],2026-07-19T02:23:44.000Z,,995,,2026-07-19T02:23:44.000Z,2026-06-19T02:23:44.000Z,995,,,,,,BCM Experience [July 2025] [25% one-time / No Entry Modal],,06-19-2026,,07-01-2026,06-19-2026,06-19-2026,06-19-2026,,06-19-2026,07-19-2026
Wg71Fn9_87418b0a0927bb71,1687207,,fallback,,,[name],[name],[name],I only needed SuperSummary for a short time,i_have_too_much_product_1528073051,Project ended or taking a break,project_stop,,Needs (SaaS),needs,3,Don't plan on using another app like this,,u_c3972f1c7901ae5f,Can't think of any way.  ,,,1,60.0,,Canceled,2026-07-01T15:49:30.000Z,2026-07-01T15:50:44.000Z,2026-07-01T15:50:44.000Z,,47.17,2026-07-01T15:50:44.000Z,cancel,Valid Cancel,annual,2027-06-30T12:54:52.000Z,2027-06-30T12:54:52.000Z,5.0,5.0,60.0,Brightback,,,,,,,1687207,2026-06-30T12:54:51.000Z,,2026-06-30T12:54:52.000Z,,h_79684f0ca2c1b7d2,,1,2026-06-30T12:54:52.000Z,USD,u_c3972f1c7901ae5f,ACTIVE,h_481ae40ecba9fdb1,[name],60.0,annual_plus,,2026-06-30T12:54:52.000Z,other,,1,annual_plus,2026-06-30T12:54:52.000Z,_UNKNOWN,6000,YEAR,annual_plus,,,[name],2027-06-30T12:54:52.000Z,,500,,2027-06-30T12:54:52.000Z,2026-06-30T12:54:52.000Z,6000,[name],,https://www.supersummary.com/subscription,https://www.supersummary.com/subscription/confirming/cancel,,Default/Fallback [July 2025] [25% one time / No entry modal],,06-30-2026,,07-01-2026,06-30-2026,06-30-2026,06-30-2026,,06-30-2026,06-30-2027
Wg71FeW_b0238dd7c5b43e21,6oqPuUHI15EfO4eI,,Book Club Members; Annual,,,[name],[name],,I only needed SuperSummary for a short time,i_have_too_much_product_1528073051,Project ended or taking a break,project_stop,,Needs (SaaS),needs,5,,,u_8b81b7cd61de816b,,,,0,,,Canceled,2026-07-01T15:40:34.000Z,2026-07-01T15:41:08.000Z,2026-07-01T15:41:09.000Z,,47.18,2026-07-01T15:41:09.000Z,cancel,Valid Cancel,annual,2027-07-01T15:25:58.000Z,2027-07-01T15:25:58.000Z,3.0,3.0,36.0,Brightback,,,,,,,6oqPuUHI15EfO4eI,2024-07-01T15:25:56.000Z,,2024-07-01T15:25:58.000Z,,h_ccadc344cf3da657,,1,2024-07-01T15:25:58.000Z,USD,u_8b81b7cd61de816b,ACTIVE,h_36d2c25e7fd1c72d,[name],,,,2026-07-01T15:25:58.000Z,book_club_member,,1,annual,2024-07-01T15:25:58.000Z,_UNKNOWN,3600,YEAR,,,,[name],2027-07-01T15:25:58.000Z,,300,,2027-07-01T15:25:58.000Z,2024-07-01T15:25:58.000Z,3600,,,,,,BCM Experience [July 2025] [25% one-time / No Entry Modal],,07-01-2024,,07-01-2026,07-01-2024,07-01-2024,07-01-2024,,07-01-2024,07-01-2027
Wg71Ewg_9720b9211647f58f,AzZS9pVNTraJV1oI8,,fallback,,,[name],[name],,I only needed SuperSummary for a short time,i_have_too_much_product_1528073051,Project ended or taking a break,project_stop,,Needs (SaaS),needs,8,,,u_cace0ffd12794a99,,,,0,,,Canceled,2026-07-01T14:58:45.000Z,2026-07-01T14:59:25.000Z,2026-07-01T14:59:25.000Z,,47.21,2026-07-01T14:59:25.000Z,cancel,Valid Cancel,annual,2027-06-24T16:47:22.000Z,2027-06-24T16:47:22.000Z,3.0,3.0,36.0,Brightback,,,,,,,AzZS9pVNTraJV1oI8,2026-06-24T16:47:21.000Z,,2026-06-24T16:47:22.000Z,,h_abf7b3ff0ed3a877,,1,2026-06-24T16:47:22.000Z,USD,u_cace0ffd12794a99,ACTIVE,h_98e4ec334e3ad530,[name],,,,2026-06-24T16:47:22.000Z,other,,1,annual_essentials,2026-06-24T16:47:22.000Z,_UNKNOWN,3600,YEAR,,,,[name],2027-06-24T16:47:22.000Z,,300,,2027-06-24T16:47:22.000Z,2026-06-24T16:47:22.000Z,3600,,,,,,Default/Fallback [July 2025] [25% one time / No entry modal],,06-24-2026,,07-01-2026,06-24-2026,06-24-2026,06-24-2026,,06-24-2026,06-24-2027
Wg71EwF_a6bd7b2c0657f342,1687460,,Students; fallback,,,[name],[name],[name],I only needed SuperSummary for a short time,i_have_too_much_product_1528073051,Project ended or taking a break,project_stop,,Needs (SaaS),needs,4,,,u_4d5529b718bac0c0,,,,0,60.0,,Canceled,2026-07-01T14:58:41.000Z,2026-07-01T14:59:37.000Z,2026-07-01T14:59:38.000Z,,47.21,2026-07-01T14:59:38.000Z,cancel,Valid Cancel,annual,2027-06-30T19:07:44.000Z,2027-06-30T19:07:44.000Z,5.0,5.0,60.0,Brightback,,,,,,,1687460,2026-06-30T18:58:10.000Z,,2026-06-30T19:07:44.000Z,,h_4a30e1c85a6e4b20,,1,2026-06-30T19:07:44.000Z,USD,u_4d5529b718bac0c0,ACTIVE,h_1fa110752cf8b8bb,[name],60.0,annual_plus,,2026-06-30T19:07:44.000Z,student,,1,annual_plus,2026-06-30T19:07:44.000Z,_UNKNOWN,6000,YEAR,annual_plus,,Postgrad Program,[name],2027-06-30T19:07:44.000Z,,500,,2027-06-30T19:07:44.000Z,2026-06-30T19:07:44.000Z,6000,[name],,https://www.supersummary.com/subscription,https://www.supersummary.com/subscription/confirming/cancel,,Student Experience [July 2025] [25% one-time / No Entry Modal],,06-30-2026,,07-01-2026,06-30-2026,06-30-2026,06-30-2026,,06-30-2026,06-30-2027
Wg71EHb_882d7c553c4e6b88,1257976,,fallback,,,[name],[name],[name],I only needed SuperSummary for a short time,i_have_too_much_product_1528073051,Project ended or taking a break,project_stop,,Needs (SaaS),needs,6,,,u_2e1ab0fc5d22581e,,,,0,36.0,,Canceled,2026-07-01T14:18:11.000Z,2026-07-01T14:18:42.000Z,2026-07-01T14:18:42.000Z,,47.23,2026-07-01T14:18:42.000Z,cancel,Valid Cancel,annual,2026-07-12T02:21:09.000Z,2026-07-12T02:21:09.000Z,3.0,3.0,36.0,Brightback,,,,,,,1257976,2025-07-12T02:21:07.000Z,,2025-07-12T02:21:09.000Z,,h_6fbaa0e3f0a56a37,,1,2025-07-12T02:21:09.000Z,USD,u_2e1ab0fc5d22581e,ACTIVE,h_d96e36cf31f7dfd9,[name],36.0,annual,,2025-07-12T02:21:09.000Z,other,,1,annual,2025-07-12T02:21:09.000Z,_UNKNOWN,3600,YEAR,annual,,,[name],2026-07-12T02:21:09.000Z,,300,,2026-07-12T02:21:09.000Z,2025-07-12T02:21:09.000Z,3600,[name],,https://www.supersummary.com/subscription,https://www.supersummary.com/subscription/confirming/cancel,,Default/Fallback [July 2025] [25% one time / No entry modal],,07-12-2025,,07-01-2026,07-12-2025,07-12-2025,07-12-2025,,07-12-2025,07-12-2026
Wg71E70_8ed2069db6a79d84,1310363,,fallback,,,[name],[name],[name],I only needed SuperSummary for a short time,i_have_too_much_product_1528073051,Project ended or taking a break,project_stop,,Needs (SaaS),needs,8,,,u_d423c8be3bf853e3,,,,0,16.65,,Canceled,2026-07-01T14:07:06.000Z,2026-07-01T14:07:38.000Z,2026-07-01T14:07:39.000Z,,47.24,2026-07-01T14:07:39.000Z,cancel,Valid Cancel,monthly,2026-07-04T02:05:22.000Z,2026-07-04T02:05:22.000Z,16.65,16.65,16.65,Brightback,,,,,,,1310363,2025-09-04T02:05:21.000Z,,2025-09-04T02:05:22.000Z,,h_3c4b2a49a0de5fac,,1,2025-09-04T02:05:22.000Z,USD,u_d423c8be3bf853e3,ACTIVE,h_f33574bbf4c31bf9,[name],16.65,monthly_plus,,2026-06-04T02:05:22.000Z,librarian,,1,monthly_plus,2025-09-04T02:05:22.000Z,_UNKNOWN,1665,MONTH,monthly_plus,,,[name],2026-07-04T02:05:22.000Z,,1665,,2026-07-04T02:05:22.000Z,2025-09-04T02:05:22.000Z,1665,[name],,https://www.supersummary.com/subscription,https://www.supersummary.com/subscription/confirming/cancel,,Default/Fallback [July 2025] [25% one time / No entry modal],,09-04-2025,,07-01-2026,09-04-2025,09-04-2025,09-04-2025,,09-04-2025,07-04-2026
Wg71E4m_b5f3c6fe380fe3d4,Azz3nJUyqfm1562vx,,Students; Annual,,,[name],[name],,I only needed SuperSummary for a short time,i_have_too_much_product_1528073051,Project ended or taking a break,project_stop,,Needs (SaaS),needs,7,,,u_32a2c57c0d5a2e60,,,,0,,,Canceled,2026-07-01T14:05:06.000Z,2026-07-01T14:05:41.000Z,2026-07-01T14:05:42.000Z,,47.24,2026-07-01T14:05:42.000Z,cancel,Valid Cancel,annual,2026-10-06T12:22:42.000Z,2026-10-06T12:22:42.000Z,3.0,3.0,36.0,Brightback,,,,,,,Azz3nJUyqfm1562vx,2025-10-06T12:22:40.000Z,,2025-10-06T12:22:42.000Z,,h_3bd5e1686ed18c53,,1,2025-10-06T12:22:42.000Z,USD,u_32a2c57c0d5a2e60,ACTIVE,h_ff61dbc18c8f0aaf,[name],,,,2025-10-06T12:22:42.000Z,student,,1,annual,2025-10-06T12:22:42.000Z,_UNKNOWN,3600,YEAR,,,other,[name],2026-10-06T12:22:42.000Z,,300,,2026-10-06T12:22:42.000Z,2025-10-06T12:22:42.000Z,3600,,,,,,Student Experience [July 2025] [25% one-time / No Entry Modal],,10-06-2025,,07-01-2026,10-06-2025,10-06-2025,10-06-2025,,10-06-2025,10-06-2026
Wg71DTe_a62dd9dba1395751,1685094,,Students; fallback,,,[name],[name],[name],I only needed SuperSummary for a short time,i_have_too_much_product_1528073051,Project ended or taking a break,project_stop,,Needs (SaaS),needs,10,"Nothing, just finished my last semester of college, when I come back I will definitely use this!",,u_9fe57ef856d09e5e,Having more book options! ,,,1,9.95,,Canceled,2026-07-01T13:29:46.000Z,2026-07-01T13:30:54.000Z,2026-07-01T13:30:55.000Z,,47.27,2026-07-01T13:30:55.000Z,cancel,Valid Cancel,monthly,2026-07-27T07:17:02.000Z,2026-07-27T07:17:02.000Z,9.95,9.95,9.95,Brightback,,,,,,,1685094,2026-06-27T07:17:00.000Z,,2026-06-27T07:17:02.000Z,,h_16165e7df890ea14,,1,2026-06-27T07:17:02.000Z,USD,u_9fe57ef856d09e5e,ACTIVE,h_a6a6b61d505db969,[name],9.95,monthly_essentials,,2026-06-27T07:17:02.000Z,student,,1,monthly_essentials,2026-06-27T07:17:02.000Z,_UNKNOWN,995,MONTH,monthly_essentials,,College,[name],2026-07-27T07:17:02.000Z,,995,,2026-07-27T07:17:02.000Z,2026-06-27T07:17:02.000Z,995,[name],,https://www.supersummary.com/subscription,https://www.supersummary.com/subscription/confirming/cancel,,Student Experience [July 2025] [25% one-time / No Entry Modal],,06-27-2026,,07-01-2026,06-27-2026,06-27-2026,06-27-2026,,06-27-2026,07-27-2026
Wg71CUp_b855bab888d0be6b,16BRI7UphVBxC4n7e,,Students; Annual,,,[name],[name],,I only needed SuperSummary for a short time,i_have_too_much_product_1528073051,Project ended or taking a break,project_stop,,Needs (SaaS),needs,5,,,u_4fb00d727bf40dfe,,,,0,,,Canceled,2026-07-01T12:30:53.000Z,2026-07-01T12:31:08.000Z,2026-07-01T12:31:09.000Z,,47.31,2026-07-01T12:31:09.000Z,cancel,Valid Cancel,annual,2027-07-01T12:24:18.000Z,2027-07-01T12:24:18.000Z,3.0,3.0,36.0,Brightback,,,,,,,16BRI7UphVBxC4n7e,2025-07-01T12:24:16.000Z,,2025-07-01T12:24:18.000Z,,h_b38907736bee93a6,,1,2025-07-01T12:24:18.000Z,USD,u_4fb00d727bf40dfe,ACTIVE,h_3d742633304ad65c,[name],,,,2026-07-01T12:24:18.000Z,student,,1,annual,2025-07-01T12:24:18.000Z,_UNKNOWN,3600,YEAR,,,Postgrad Program,[name],2027-07-01T12:24:18.000Z,,300,,2027-07-01T12:24:18.000Z,2025-07-01T12:24:18.000Z,3600,,,,,,Student Experience [July 2025] [25% one-time / No Entry Modal],,07-01-2025,,07-01-2026,07-01-2025,07-01-2025,07-01-2025,,07-01-2025,07-01-2027
Wg71CRT_bfef338cd1dc35df,6oZYeVO7jcoJ8zNJ,,fallback,,,[name],[name],,I only needed SuperSummary for a short time,i_have_too_much_product_1528073051,Project ended or taking a break,project_stop,,Needs (SaaS),needs,6,H,,u_0e1a4ec153a7a673,F,,,1,,,Canceled,2026-07-01T12:27:35.000Z,2026-07-01T12:28:17.000Z,2026-07-01T12:28:18.000Z,,47.31,2026-07-01T12:28:18.000Z,cancel,Valid Cancel,monthly,2026-08-01T12:26:39.000Z,2026-08-01T12:26:39.000Z,9.95,9.95,9.95,Brightback,,,,,,,6oZYeVO7jcoJ8zNJ,2023-10-04T08:55:10.000Z,,2026-07-01T12:26:39.000Z,,h_85b4c751b05f4dbe,,1,2026-07-01T12:26:39.000Z,USD,u_0e1a4ec153a7a673,ACTIVE,h_b255d10df04d67d2,[name],,,,2026-07-01T12:26:39.000Z,librarian,,1,monthly_essentials,2026-07-01T12:26:39.000Z,_UNKNOWN,995,MONTH,,,,[name],2026-08-01T12:26:39.000Z,,995,,2026-08-01T12:26:39.000Z,2026-07-01T12:26:39.000Z,995,,,,,,Default/Fallback [July 2025] [25% one time / No entry modal],,07-01-2026,,07-01-2026,07-01-2026,07-01-2026,10-04-2023,,07-01-2026,08-01-2026
Wg71Cod_aa2b64634bdb6448,AzyvyHVO3Al1D5qNv,,Book Club Members; fallback,,,[name],[name],,I only needed SuperSummary for a short time,i_have_too_much_product_1528073051,Project ended or taking a break,project_stop,,Needs (SaaS),needs,5,,,u_6049ee94088b54f4,,,,0,,,Canceled,2026-07-01T12:50:47.000Z,2026-07-01T12:51:50.000Z,2026-07-01T12:51:50.000Z,,47.29,2026-07-01T12:51:50.000Z,cancel,Valid Cancel,monthly,2026-07-30T17:43:04.000Z,2026-07-30T17:43:04.000Z,9.95,9.95,9.95,Brightback,,,,,,,AzyvyHVO3Al1D5qNv,2025-10-30T19:40:52.000Z,,2026-06-30T17:43:04.000Z,,h_d39c1ea5d163f9dc,,1,2026-06-30T17:43:04.000Z,USD,u_6049ee94088b54f4,ACTIVE,h_e671378999e470e2,[name],,,,2026-06-30T17:43:04.000Z,book_club_member,,1,monthly_essentials,2026-06-30T17:43:04.000Z,_UNKNOWN,995,MONTH,,,,[name],2026-07-30T17:43:04.000Z,,995,,2026-07-30T17:43:04.000Z,2026-06-30T17:43:04.000Z,995,,,,,,BCM Experience [July 2025] [25% one-time / No Entry Modal],,06-30-2026,,07-01-2026,06-30-2026,06-30-2026,10-30-2025,,06-30-2026,07-30-2026
Wg71CMO_af4732f15a87232b,Azz81rVMswSwzp0f,,Students; fallback,,,[name],[name],,I only needed SuperSummary for a short time,i_have_too_much_product_1528073051,Project ended or taking a break,project_stop,,Needs (SaaS),needs,3,,,u_bc4e5b1059689c78,,,,0,,,Canceled,2026-07-01T12:22:29.000Z,2026-07-01T12:23:02.000Z,2026-07-01T12:23:03.000Z,,47.31,2026-07-01T12:23:03.000Z,cancel,Valid Cancel,monthly,2026-07-18T09:14:41.000Z,2026-07-18T09:14:41.000Z,9.95,9.95,9.95,Brightback,,,,,,,Azz81rVMswSwzp0f,2026-06-18T09:14:26.000Z,,2026-06-18T09:14:41.000Z,,h_b954cea8f8b4268c,,1,2026-06-18T09:14:41.000Z,USD,u_bc4e5b1059689c78,ACTIVE,h_2dd793f25848af2e,[name],,,,2026-06-18T09:14:41.000Z,student,,1,monthly_essentials,2026-06-18T09:14:41.000Z,_UNKNOWN,995,MONTH,,,High School,[name],2026-07-18T09:14:41.000Z,,995,,2026-07-18T09:14:41.000Z,2026-06-18T09:14:41.000Z,995,,,,,,Student Experience [July 2025] [25% one-time / No Entry Modal],,06-18-2026,,07-01-2026,06-18-2026,06-18-2026,06-18-2026,,06-18-2026,07-18-2026
Wg71Cbj_b7b46e048f0a2fa8,489327,,Book Club Members; Annual,,,[name],[name],[name],I only needed SuperSummary for a short time,i_have_too_much_product_1528073051,Project ended or taking a break,project_stop,,Needs (SaaS),needs,5,,,u_f9ffce435285dff2,,,,0,36.0,,Canceled,2026-07-01T12:37:56.000Z,2026-07-01T12:38:38.000Z,2026-07-16T01:57:00.000Z,,47.3,2026-07-16T01:57:00.000Z,cancel,Valid Cancel,annual,2027-02-06T04:28:23.000Z,2027-02-06T04:28:23.000Z,3.0,3.0,36.0,Brightback,,,,,,,489327,2024-02-06T04:28:19.000Z,,2024-02-06T04:28:23.000Z,,h_fb3f30b265906d87,,1,2024-02-06T04:28:23.000Z,USD,u_f9ffce435285dff2,ACTIVE,h_1e676a8e3de63eb4,[name],36.0,annual,,2026-02-06T04:28:23.000Z,book_club_member,,1,annual,2024-02-06T04:28:23.000Z,_UNKNOWN,3600,YEAR,annual,,,[name],2027-02-06T04:28:23.000Z,,300,,2027-02-06T04:28:23.000Z,2024-02-06T04:28:23.000Z,3600,[name],,https://www.supersummary.com/subscription,https://www.supersummary.com/subscription/confirming/cancel,,BCM Experience [July 2025] [25% one-time / No Entry Modal],,02-06-2024,,07-01-2026,02-06-2024,02-06-2024,02-06-2024,,02-06-2024,02-06-2027
Wg71Bxk_80c07677b721517c,169p6sVCdsa7d9SU9,,Students; fallback,,,[name],[name],,I only needed SuperSummary for a short time,i_have_too_much_product_1528073051,Project ended or taking a break,project_stop,,Needs (SaaS),needs,1,,,u_6771d2d0190f25f3,,,,0,,,Canceled,2026-07-01T11:59:52.000Z,2026-07-01T12:00:15.000Z,2026-07-01T12:00:16.000Z,,47.33,2026-07-01T12:00:16.000Z,cancel,Valid Cancel,monthly,2026-07-01T18:36:22.000Z,2026-07-01T18:36:24.000Z,9.95,9.95,9.95,Brightback,,,,,,,169p6sVCdsa7d9SU9,2026-03-01T18:29:51.000Z,,2026-03-01T18:36:22.000Z,,h_09c2fa4a4ada4597,,1,2026-03-01T18:36:22.000Z,USD,u_6771d2d0190f25f3,ACTIVE,h_1d515cd0a8da583b,[name],,,,2026-06-01T18:36:22.000Z,student,,1,monthly_essentials,2026-03-01T18:36:22.000Z,_UNKNOWN,995,MONTH,,,Postgrad Program,[name],2026-07-01T18:36:22.000Z,,995,,2026-07-01T18:36:22.000Z,2026-03-01T18:36:22.000Z,995,,,,,,Student Experience [July 2025] [25% one-time / No Entry Modal],,03-01-2026,,07-01-2026,03-01-2026,03-01-2026,03-01-2026,,03-01-2026,07-01-2026
Wg71B1e_a11295032ef9fcb0,1378952,,Book Club Members; fallback,,,[name],[name],[name],I only needed SuperSummary for a short time,i_have_too_much_product_1528073051,Project ended or taking a break,project_stop,,Needs (SaaS),needs,9,,,u_561c7d9af730ccf1,,,,0,16.65,,Canceled,2026-07-01T11:02:12.000Z,2026-07-01T11:03:59.000Z,2026-07-01T11:04:15.000Z,,47.37,2026-07-01T11:04:15.000Z,cancel,Valid Cancel,monthly,2026-07-15T10:34:36.000Z,2026-07-15T10:34:36.000Z,16.65,16.65,16.65,Brightback,,,,,,,1378952,2025-10-25T14:50:29.000Z,,2025-10-25T14:50:30.000Z,,h_5b592b7ae86d9f2a,,1,2026-02-15T10:34:36.000Z,USD,u_561c7d9af730ccf1,ACTIVE,h_983dd227e1d64637,[name],16.65,monthly_plus,,2026-06-15T10:34:36.000Z,book_club_member,,1,monthly_plus,2025-10-25T14:50:30.000Z,_UNKNOWN,1665,MONTH,monthly_plus,,,[name],2026-07-15T10:34:36.000Z,,1665,,2026-07-15T10:34:36.000Z,2025-10-25T14:50:30.000Z,1665,[name],,https://www.supersummary.com/subscription,https://www.supersummary.com/subscription/confirming/cancel,,BCM Experience [July 2025] [25% one-time / No Entry Modal],,10-25-2025,,07-01-2026,02-15-2026,10-25-2025,10-25-2025,,10-25-2025,07-15-2026
Wg71Aru_8265d362309cfedb,1681811,,Students; fallback,,,[name],[name],[name],I only needed SuperSummary for a short time,i_have_too_much_product_1528073051,Project ended or taking a break,project_stop,,Needs (SaaS),needs,10,don't need it for the rest of the summer but will sign up again when needed,,u_e049995c4db46dee,it was good. would have liked a few more quotes from books but otherwise happy,,,1,16.65,,Canceled,2026-07-01T10:54:09.000Z,2026-07-01T10:55:08.000Z,2026-07-01T10:55:08.000Z,,47.38,2026-07-01T10:55:08.000Z,cancel,Valid Cancel,monthly,2026-07-23T00:41:19.000Z,2026-07-23T00:41:19.000Z,16.65,16.65,16.65,Brightback,,,,,,,1681811,2026-06-23T00:41:15.000Z,,2026-06-23T00:41:19.000Z,,h_47745272aa7da629,,1,2026-06-23T00:41:19.000Z,USD,u_e049995c4db46dee,ACTIVE,h_5d1fac00667663cf,[name],16.65,monthly_plus,,2026-06-23T00:41:19.000Z,student,,1,monthly_plus,2026-06-23T00:41:19.000Z,_UNKNOWN,1665,MONTH,monthly_plus,,College,[name],2026-07-23T00:41:19.000Z,,1665,,2026-07-23T00:41:19.000Z,2026-06-23T00:41:19.000Z,1665,[name],,https://www.supersummary.com/subscription,https://www.supersummary.com/subscription/confirming/cancel,,Student Experience [July 2025] [25% one-time / No Entry Modal],,06-23-2026,,07-01-2026,06-23-2026,06-23-2026,06-23-2026,,06-23-2026,07-23-2026
Wg71Ap1_b4da7027f1ea4795,1673091,,Students; fallback,,,[name],[name],[name],I only needed SuperSummary for a short time,i_have_too_much_product_1528073051,Project ended or taking a break,project_stop,,Needs (SaaS),needs,1,Nothing,,u_beb729490c2cdf18,N/A,,,1,36.0,,Canceled,2026-07-01T10:51:49.000Z,2026-07-01T10:52:32.000Z,2026-07-01T10:52:32.000Z,,47.38,2026-07-01T10:52:32.000Z,cancel,Valid Cancel,annual,2027-06-12T10:33:14.000Z,2027-06-12T10:33:14.000Z,3.0,3.0,36.0,Brightback,,,,,,,1673091,2026-06-12T10:33:13.000Z,,2026-06-12T10:33:14.000Z,,h_30ec699c71864134,,1,2026-06-12T10:33:14.000Z,USD,u_beb729490c2cdf18,ACTIVE,h_0534ed8c8504ee13,[name],36.0,annual_essentials,,2026-06-12T10:33:14.000Z,student,,1,annual_essentials,2026-06-12T10:33:14.000Z,_UNKNOWN,3600,YEAR,annual_essentials,,High School,[name],2027-06-12T10:33:14.000Z,,300,,2027-06-12T10:33:14.000Z,2026-06-12T10:33:14.000Z,3600,[name],,https://www.supersummary.com/subscription,https://www.supersummary.com/subscription/confirming/cancel,,Student Experience [July 2025] [25% one-time / No Entry Modal],,06-12-2026,,07-01-2026,06-12-2026,06-12-2026,06-12-2026,,06-12-2026,06-12-2027
Wg71AlY_8714af5fdc6379d6,16BjbuUrrusj11hwW,,Book Club Members; Annual,,,[name],[name],,I only needed SuperSummary for a short time,i_have_too_much_product_1528073051,Project ended or taking a break,project_stop,,Needs (SaaS),needs,3,Myself,,u_633a690ab21c839f,The service is fine.,,,1,,,Canceled,2026-07-01T10:47:40.000Z,2026-07-01T10:48:34.000Z,2026-07-01T10:48:34.000Z,,47.38,2026-07-01T10:48:34.000Z,cancel,Valid Cancel,annual,2026-07-24T12:06:50.000Z,2026-07-24T12:06:50.000Z,3.0,3.0,36.0,Brightback,,,,,,,16BjbuUrrusj11hwW,2025-07-24T12:06:48.000Z,,2025-07-24T12:06:50.000Z,,h_d05c5379e62cab8e,,1,2025-07-24T12:06:50.000Z,USD,u_633a690ab21c839f,ACTIVE,h_45c0c915309c7bc1,[name],,,,2025-07-24T12:06:50.000Z,book_club_member,,1,annual,2025-07-24T12:06:50.000Z,_UNKNOWN,3600,YEAR,,,,[name],2026-07-24T12:06:50.000Z,,300,,2026-07-24T12:06:50.000Z,2025-07-24T12:06:50.000Z,3600,,,,,,BCM Experience [July 2025] [25% one-time / No Entry Modal],,07-24-2025,,07-01-2026,07-24-2025,07-24-2025,07-24-2025,,07-24-2025,07-24-2026
Wg717lJ_b8e5b0c45733e199,AzysLjVMwVJRX2iP3,,Teachers; fallback,,,[name],[name],,I only needed SuperSummary for a short time,i_have_too_much_product_1528073051,Project ended or taking a break,project_stop,,Needs (SaaS),needs,4,,,u_f6a21c4e7c10ce6d,,,,0,,,Canceled,2026-07-01T07:47:22.000Z,2026-07-01T07:47:56.000Z,2026-07-01T07:47:56.000Z,,47.51,2026-07-01T07:47:56.000Z,cancel,Valid Cancel,monthly,2026-07-18T23:51:55.000Z,2026-07-18T23:51:55.000Z,9.95,9.95,9.95,Brightback,,,,,,,AzysLjVMwVJRX2iP3,2026-06-18T23:51:54.000Z,,2026-06-18T23:51:55.000Z,,h_9416e34920c1072b,,1,2026-06-18T23:51:55.000Z,USD,u_f6a21c4e7c10ce6d,ACTIVE,h_72e45b453453efe3,[name],,,,2026-06-18T23:51:55.000Z,teacher,,1,monthly_essentials,2026-06-18T23:51:55.000Z,_UNKNOWN,995,MONTH,,,College,[name],2026-07-18T23:51:55.000Z,,995,,2026-07-18T23:51:55.000Z,2026-06-18T23:51:55.000Z,995,,,,,,Teacher Experience [July 2025] [40% one-time / Modal],,06-18-2026,,07-01-2026,06-18-2026,06-18-2026,06-18-2026,,06-18-2026,07-18-2026
Wg717HO_928378b0b8747732,16CG6qVLMUc9SPhl,,Book Club Members; fallback,,,[name],[name],,I only needed SuperSummary for a short time,i_have_too_much_product_1528073051,Project ended or taking a break,project_stop,,Needs (SaaS),needs,7,Nothing,,u_89dd80311c6b37fb,Ok,,,1,,,Canceled,2026-07-01T07:17:28.000Z,2026-07-01T07:18:27.000Z,2026-07-01T07:18:28.000Z,,47.53,2026-07-01T07:18:28.000Z,cancel,Valid Cancel,monthly,2026-07-02T05:34:28.000Z,2026-07-02T05:34:28.000Z,9.95,9.95,9.95,Brightback,,,,,,,16CG6qVLMUc9SPhl,2026-06-02T05:34:26.000Z,,2026-06-02T05:34:28.000Z,,h_2683374245280e76,,1,2026-06-02T05:34:28.000Z,USD,u_89dd80311c6b37fb,ACTIVE,h_013c025626a40ab6,[name],,,,2026-06-02T05:34:28.000Z,book_club_member,,1,monthly_essentials,2026-06-02T05:34:28.000Z,_UNKNOWN,995,MONTH,,,,[name],2026-07-02T05:34:28.000Z,,995,,2026-07-02T05:34:28.000Z,2026-06-02T05:34:28.000Z,995,,,,,,BCM Experience [July 2025] [25% one-time / No Entry Modal],,06-02-2026,,07-01-2026,06-02-2026,06-02-2026,06-02-2026,,06-02-2026,07-02-2026
Wg717Gq_9c88dbdb89c11592,16CJouVMdIPVc1gfi,,Students; fallback,,,[name],[name],,I only needed SuperSummary for a short time,i_have_too_much_product_1528073051,Project ended or taking a break,project_stop,,Needs (SaaS),needs,10,,,u_53465560217d6041,,,,0,,,Canceled,2026-07-01T07:16:57.000Z,2026-07-01T07:17:22.000Z,2026-07-01T07:17:22.000Z,,47.53,2026-07-01T07:17:22.000Z,cancel,Valid Cancel,monthly,2026-07-15T17:01:30.000Z,2026-07-15T17:01:30.000Z,9.95,9.95,9.95,Brightback,,,,,,,16CJouVMdIPVc1gfi,2026-06-15T17:01:28.000Z,,2026-06-15T17:01:30.000Z,,h_9d3f981d71021b56,,1,2026-06-15T17:01:30.000Z,USD,u_53465560217d6041,ACTIVE,h_5faa399812f2a22e,[name],,,,2026-06-15T17:01:30.000Z,student,,1,monthly_essentials,2026-06-15T17:01:30.000Z,_UNKNOWN,995,MONTH,,,College,[name],2026-07-15T17:01:30.000Z,,995,,2026-07-15T17:01:30.000Z,2026-06-15T17:01:30.000Z,995,,,,,,Student Experience [July 2025] [25% one-time / No Entry Modal],,06-15-2026,,07-01-2026,06-15-2026,06-15-2026,06-15-2026,,06-15-2026,07-15-2026
Wg715sf_91eb8e0b33d7b711,498551,,Book Club Members; fallback,,,[name],[name],[name],I only needed SuperSummary for a short time,i_have_too_much_product_1528073051,Project ended or taking a break,project_stop,,Needs (SaaS),needs,3,,,u_21c5c7f1886ed15c,,,,0,9.95,,Canceled,2026-07-01T05:54:45.000Z,2026-07-01T05:55:15.000Z,2026-07-01T05:55:15.000Z,,47.58,2026-07-01T05:55:15.000Z,cancel,Valid Cancel,monthly,2026-07-25T02:56:52.000Z,2026-07-25T02:56:52.000Z,9.95,9.95,9.95,Brightback,,,,,,,498551,2024-02-21T21:27:56.000Z,,2026-06-25T02:56:52.000Z,,h_a3a1bf3b1c0b109b,,1,2026-06-25T02:56:52.000Z,USD,u_21c5c7f1886ed15c,ACTIVE,h_1455fef481c8f9cb,[name],9.95,monthly_essentials,,2026-06-25T02:56:52.000Z,book_club_member,,1,monthly_essentials,2026-06-25T02:56:52.000Z,_UNKNOWN,995,MONTH,monthly_essentials,,,[name],2026-07-25T02:56:52.000Z,,995,,2026-07-25T02:56:52.000Z,2026-06-25T02:56:52.000Z,995,[name],,https://www.supersummary.com/subscription,https://www.supersummary.com/subscription/confirming/cancel,,BCM Experience [July 2025] [25% one-time / No Entry Modal],,06-25-2026,,07-01-2026,06-25-2026,06-25-2026,02-21-2024,,06-25-2026,07-25-2026
Wg715c3_baa298f7a05f2ba1,16CYQ9UpfZLTY4Mvs,,Book Club Members; Annual,,,[name],[name],,I only needed SuperSummary for a short time,i_have_too_much_product_1528073051,Project ended or taking a break,project_stop,,Needs (SaaS),needs,8,Nothing,,u_0d5d6680bf499b1b,More books,,,1,,,Canceled,2026-07-01T05:38:09.000Z,2026-07-01T05:38:55.000Z,2026-07-01T05:38:55.000Z,,47.6,2026-07-01T05:38:55.000Z,cancel,Valid Cancel,annual,2027-07-01T04:28:15.000Z,2027-07-01T04:28:15.000Z,3.0,3.0,36.0,Brightback,,,,,,,16CYQ9UpfZLTY4Mvs,2025-07-01T04:28:13.000Z,,2025-07-01T04:28:15.000Z,,h_54d69c32a3c90976,,1,2025-07-01T04:28:15.000Z,USD,u_0d5d6680bf499b1b,ACTIVE,h_f26acc6a9f21bd20,[name],,,,2026-07-01T04:28:15.000Z,book_club_member,,1,annual,2025-07-01T04:28:15.000Z,_UNKNOWN,3600,YEAR,,,,[name],2027-07-01T04:28:15.000Z,,300,,2027-07-01T04:28:15.000Z,2025-07-01T04:28:15.000Z,3600,,,,,,BCM Experience [July 2025] [25% one-time / No Entry Modal],,07-01-2025,,07-01-2026,07-01-2025,07-01-2025,07-01-2025,,07-01-2025,07-01-2027
Wg714Nk_b9593b9ca03764e0,1687529,,Book Club Members; fallback,,,[name],[name],[name],I only needed SuperSummary for a short time,i_have_too_much_product_1528073051,Project ended or taking a break,project_stop,,Needs (SaaS),needs,8,Read the book,,u_8748586c74f93ba0,Great experience,,,1,9.95,,Canceled,2026-07-01T04:23:53.000Z,2026-07-01T04:24:58.000Z,2026-07-01T04:24:58.000Z,,47.65,2026-07-01T04:24:58.000Z,cancel,Valid Cancel,monthly,2026-07-30T20:33:00.000Z,2026-07-30T20:33:00.000Z,9.95,9.95,9.95,Brightback,,,,,,,1687529,2026-06-30T20:32:59.000Z,,2026-06-30T20:33:00.000Z,,h_59ca33cc075f6f13,,1,2026-06-30T20:33:00.000Z,USD,u_8748586c74f93ba0,ACTIVE,h_43e50a17da3d2592,[name],9.95,monthly_essentials,,2026-06-30T20:33:00.000Z,book_club_member,,1,monthly_essentials,2026-06-30T20:33:00.000Z,_UNKNOWN,995,MONTH,monthly_essentials,,,[name],2026-07-30T20:33:00.000Z,,995,,2026-07-30T20:33:00.000Z,2026-06-30T20:33:00.000Z,995,[name],,https://www.supersummary.com/subscription,https://www.supersummary.com/subscription/confirming/cancel,,BCM Experience [July 2025] [25% one-time / No Entry Modal],,06-30-2026,,07-01-2026,06-30-2026,06-30-2026,06-30-2026,,06-30-2026,07-30-2026
Wg7147O_bceeca07c51f4ac0,1418673,,Parents; fallback,,,[name],[name],[name],I only needed SuperSummary for a short time,i_have_too_much_product_1528073051,Project ended or taking a break,project_stop,,Needs (SaaS),needs,5,,,u_b1b05449e65804c4,,,,0,9.95,,Canceled,2026-07-01T04:07:31.000Z,2026-07-01T04:08:01.000Z,2026-07-01T04:08:01.000Z,,47.66,2026-07-01T04:08:01.000Z,cancel,Valid Cancel,monthly,2026-07-23T02:58:15.000Z,2026-07-23T02:58:15.000Z,9.95,9.95,9.95,Brightback,,,,,,,1418673,2025-11-23T02:58:12.000Z,,2025-11-23T02:58:15.000Z,,h_e59f0851961848b1,,1,2025-11-23T02:58:15.000Z,USD,u_b1b05449e65804c4,ACTIVE,h_65c9e6c56f20542e,[name],9.95,monthly_essentials,,2026-06-23T02:58:15.000Z,parent_of_student,,1,monthly_essentials,2025-11-23T02:58:15.000Z,_UNKNOWN,995,MONTH,monthly_essentials,,High School,[name],2026-07-23T02:58:15.000Z,,995,,2026-07-23T02:58:15.000Z,2025-11-23T02:58:15.000Z,995,[name],,https://www.supersummary.com/subscription,https://www.supersummary.com/subscription/confirming/cancel,,Parent Experience [July 2025] [25% one-time / No Entry Modal],,11-23-2025,,07-01-2026,11-23-2025,11-23-2025,11-23-2025,,11-23-2025,07-23-2026
Wg713cH_94347a892a8bb4c2,1687031,,Book Club Members; fallback,,,[name],[name],[name],I only needed SuperSummary for a short time,i_have_too_much_product_1528073051,Project ended or taking a break,project_stop,,Needs (SaaS),needs,6,,,u_c048b3e9881479e2,,,,0,60.0,,Canceled,2026-07-01T03:38:26.000Z,2026-07-01T03:39:12.000Z,2026-07-01T03:39:12.000Z,,47.68,2026-07-01T03:40:06.000Z,cancel,Valid Cancel,annual,2027-06-30T03:25:57.000Z,2027-06-30T03:25:57.000Z,5.0,5.0,60.0,Brightback,,,,,,,1687031,2026-06-30T03:25:55.000Z,,2026-06-30T03:25:57.000Z,,h_e24b21b05b0447bf,,1,2026-06-30T03:25:57.000Z,USD,u_c048b3e9881479e2,ACTIVE,h_76f9456c2ff40965,[name],60.0,annual_plus,,2026-06-30T03:25:57.000Z,book_club_member,,1,annual_plus,2026-06-30T03:25:57.000Z,_UNKNOWN,6000,YEAR,annual_plus,,,[name],2027-06-30T03:25:57.000Z,,500,,2027-06-30T03:25:57.000Z,2026-06-30T03:25:57.000Z,6000,[name],,https://www.supersummary.com/subscription,https://www.supersummary.com/subscription/confirming/cancel,,BCM Experience [July 2025] [25% one-time / No Entry Modal],,06-30-2026,,07-01-2026,06-30-2026,06-30-2026,06-30-2026,,06-30-2026,06-30-2027
Wg7138Q_9b7b6b2ed7cff1a9,6om3OVO5S2EN7PE0,,Book Club Members; fallback,,,[name],[name],,I only needed SuperSummary for a short time,i_have_too_much_product_1528073051,Project ended or taking a break,project_stop,,Needs (SaaS),needs,7,google,,u_1ea1bfa009d543d5,make it cheaper,,,1,,,Canceled,2026-07-01T03:08:32.000Z,2026-07-01T03:09:17.000Z,2026-07-01T03:09:17.000Z,,47.7,2026-07-01T03:09:17.000Z,cancel,Valid Cancel,monthly,2026-08-01T03:04:14.000Z,2026-08-01T03:04:14.000Z,16.65,16.65,16.65,Brightback,,,,,,,6om3OVO5S2EN7PE0,2026-07-01T03:04:10.000Z,,2026-07-01T03:04:14.000Z,,h_e77bf4d786a9ce72,,1,2026-07-01T03:04:14.000Z,USD,u_1ea1bfa009d543d5,ACTIVE,h_8088d135dcabdb22,[name],,,,2026-07-01T03:04:14.000Z,book_club_member,,1,monthly_plus,2026-07-01T03:04:14.000Z,_UNKNOWN,1665,MONTH,,,,[name],2026-08-01T03:04:14.000Z,,1665,,2026-08-01T03:04:14.000Z,2026-07-01T03:04:14.000Z,1665,,,,,,BCM Experience [July 2025] [25% one-time / No Entry Modal],,07-01-2026,,07-01-2026,07-01-2026,07-01-2026,07-01-2026,,07-01-2026,08-01-2026
Wg712T6_a75859b4f1e57d1d,Azqc7QVO3QZrG5ZX4,,Book Club Members; fallback,,,[name],[name],,I only needed SuperSummary for a short time,i_have_too_much_product_1528073051,Project ended or taking a break,project_stop,,Needs (SaaS),needs,3,,,u_b08d4327e66ed015,,,,0,,,Canceled,2026-07-01T02:29:07.000Z,2026-07-01T02:29:53.000Z,2026-07-01T02:29:54.000Z,,47.73,2026-07-01T02:29:54.000Z,cancel,Valid Cancel,monthly,2026-07-30T18:45:54.000Z,2026-07-30T18:45:54.000Z,9.95,9.95,9.95,Brightback,,,,,,,Azqc7QVO3QZrG5ZX4,2026-06-30T18:45:51.000Z,,2026-06-30T18:45:54.000Z,,h_33e0970d36292ae4,,1,2026-06-30T18:45:54.000Z,USD,u_b08d4327e66ed015,ACTIVE,h_07355be5a81bb1a6,[name],,,,2026-06-30T18:45:54.000Z,book_club_member,,1,monthly_essentials,2026-06-30T18:45:54.000Z,_UNKNOWN,995,MONTH,,,,[name],2026-07-30T18:45:54.000Z,,995,,2026-07-30T18:45:54.000Z,2026-06-30T18:45:54.000Z,995,,,,,,BCM Experience [July 2025] [25% one-time / No Entry Modal],,06-30-2026,,07-01-2026,06-30-2026,06-30-2026,06-30-2026,,06-30-2026,07-30-2026
Wg711sI_9e0ad03e37325e32,16CYLnVKnfQwFPXw,,fallback,,,[name],[name],,I only needed SuperSummary for a short time,i_have_too_much_product_1528073051,Project ended or taking a break,project_stop,,Needs (SaaS),needs,1,,,u_281a7a1c39cca401,,,,0,,,Canceled,2026-07-01T01:54:21.000Z,2026-07-01T01:54:47.000Z,2026-07-01T01:54:47.000Z,,47.75,2026-07-01T01:54:47.000Z,cancel,Valid Cancel,monthly,2026-07-27T06:37:55.000Z,2026-07-27T06:37:55.000Z,9.95,9.95,9.95,Brightback,,,,,,,16CYLnVKnfQwFPXw,2026-05-27T06:37:53.000Z,,2026-05-27T06:37:55.000Z,,h_88b55cd39ffd53a4,,1,2026-05-27T06:37:55.000Z,USD,u_281a7a1c39cca401,ACTIVE,h_77e8395fc59f4f77,[name],,,,2026-06-27T06:37:55.000Z,other,,1,monthly_essentials,2026-05-27T06:37:55.000Z,_UNKNOWN,995,MONTH,,,,[name],2026-07-27T06:37:55.000Z,,995,,2026-07-27T06:37:55.000Z,2026-05-27T06:37:55.000Z,995,,,,,,Default/Fallback [July 2025] [25% one time / No entry modal],,05-27-2026,,07-01-2026,05-27-2026,05-27-2026,05-27-2026,,05-27-2026,07-27-2026
Wg711Kp_81c66fbd039cc8e0,1687018,,Students; fallback,,,[name],[name],[name],I only needed SuperSummary for a short time,i_have_too_much_product_1528073051,Project ended or taking a break,project_stop,,Needs (SaaS),needs,9,,,u_26ffe09621f9b998,,,,0,36.0,,Canceled,2026-07-01T01:20:57.000Z,2026-07-01T01:21:33.000Z,2026-07-01T01:21:33.000Z,,47.77,2026-07-01T01:21:33.000Z,cancel,Valid Cancel,annual,2027-06-30T02:49:47.000Z,2027-06-30T02:49:47.000Z,3.0,3.0,36.0,Brightback,,,,,,,1687018,2026-06-30T02:49:45.000Z,,2026-06-30T02:49:47.000Z,,h_55ee953ce5d84f77,,1,2026-06-30T02:49:47.000Z,USD,u_26ffe09621f9b998,ACTIVE,h_fdba92131b453e10,[name],36.0,annual_essentials,,2026-06-30T02:49:47.000Z,student,,1,annual_essentials,2026-06-30T02:49:47.000Z,_UNKNOWN,3600,YEAR,annual_essentials,,College,[name],2027-06-30T02:49:47.000Z,,300,,2027-06-30T02:49:47.000Z,2026-06-30T02:49:47.000Z,3600,[name],,https://www.supersummary.com/subscription,https://www.supersummary.com/subscription/confirming/cancel,,Student Experience [July 2025] [25% one-time / No Entry Modal],,06-30-2026,,07-01-2026,06-30-2026,06-30-2026,06-30-2026,,06-30-2026,06-30-2027
Wg710wY_b07a402715a43d29,AzyvyHVO4f0776vJ0,,Students; fallback,,,[name],[name],,I only needed SuperSummary for a short time,i_have_too_much_product_1528073051,Project ended or taking a break,project_stop,,Needs (SaaS),needs,5,,,u_8b147c577ee3bda0,,,,0,,,Canceled,2026-07-01T00:58:39.000Z,2026-07-01T00:59:13.000Z,2026-07-01T00:59:13.000Z,,47.79,2026-07-01T00:59:13.000Z,cancel,Valid Cancel,monthly,2026-07-30T23:49:28.000Z,2026-07-30T23:49:28.000Z,9.95,9.95,9.95,Brightback,,,,,,,AzyvyHVO4f0776vJ0,2026-06-30T23:49:27.000Z,,2026-06-30T23:49:28.000Z,,h_2ded2add037d858f,,1,2026-06-30T23:49:28.000Z,USD,u_8b147c577ee3bda0,ACTIVE,h_65b7760592441fb1,[name],,,,2026-06-30T23:49:28.000Z,student,,1,monthly_essentials,2026-06-30T23:49:28.000Z,_UNKNOWN,995,MONTH,,,College,[name],2026-07-30T23:49:28.000Z,,995,,2026-07-30T23:49:28.000Z,2026-06-30T23:49:28.000Z,995,,,,,,Student Experience [July 2025] [25% one-time / No Entry Modal],,06-30-2026,,07-01-2026,06-30-2026,06-30-2026,06-30-2026,,06-30-2026,07-30-2026
