exit_session_id,id,language,Audiences Names,acceptedOffers,deflectType,ownerFirstName,ownerLastName,ownerFullName,reason,reasonId,bbkReason,bbkReasonId,reasonOther,bbkCategory,bbkCategoryId,returnLikelihood,competitor,competitionOther,email,details,drilldown_modal_feedback,free_text_modal_feedback,has_details,value,company,last_action,startTime,Cancel date,endTime,Save date,age,lastActiveDate,status,validation_status,billing_interval,sub_renewal_date,sub_expired_date,mrr,billing_mrr,billing_price,source,repurchases,repurchases_revenue,repurchases_first_date,winbacks,winbacks_revenue,winbacks_first_date,internal_id,Customer Create Date,Customer Payment Method State,First Purchase Date,Country,Subscription ID,Coupon Codes,Interval Length,Subscription Activation Date,Subscription Currency,Owner Email,Subscription Status,Billing ID,Owner Last Name,Contract Value,Product ID,Subscription Trial Start Date,Subscription Current Period Start,Customer Audience,State,Quantity,Plan ID,Subscription Start Date,Customer Type,Plan Amount,Plan Interval,Product Name,Coupon IDs,Customer Grade Level,Owner First Name,Subscription Next Billing Date,Subscription Product Family ID,Subscription MRR,Subscription Trial End Date,Subscription Current Period End,Subscription Create Date,Subscription Unit Amount,Owner Full Name,Organization Name,Save return URL,Cancel confirmation URL,Legacy Retention Experiment,Page attributed,Subscription Trial Start Date UTC,First Purchase Date UTC,Subscription Trial End Date UTC,Cancel date UTC,Subscription Activation Date UTC,Subscription Create Date UTC,Customer Create Date UTC,Save date UTC,Subscription Start Date UTC,Subscription Next Billing Date UTC
Wg7VM6c_90b924edc95459df,230343,,Students; Annual,,,[name],[name],[name],I didn’t expect to be charged,i_didnt_expect_to_be_charged_2010816994,Not ready to commit to annual membership,not_ready_to_commit_to_annual_membership,,Pricing (Digital),pricing_digital,1,,,u_8229f2727ca79427,not continuing to bill me years after I stopped using,,,1,36.0,,Canceled,2026-07-31T22:07:12.000Z,2026-07-31T22:07:50.000Z,2026-07-31T22:07:51.000Z,,16.91,2026-07-31T22:07:51.000Z,cancel,Valid Cancel,annual,2027-07-08T15:04:41.000Z,2027-07-08T15:04:41.000Z,3.0,3.0,36.0,Brightback,,,,,,,230343,2022-07-08T15:04:40.000Z,,2022-07-08T15:04:41.000Z,,h_7ebfee07fa8c5377,,1,2022-07-08T15:04:41.000Z,USD,u_8229f2727ca79427,ACTIVE,h_a1c1ba9edc608b57,[name],36.0,annual,,2026-07-08T15:04:41.000Z,student,,1,annual,2022-07-08T15:04:41.000Z,_UNKNOWN,3600,YEAR,annual,,Middle School,[name],2027-07-08T15:04:41.000Z,,300,,2027-07-08T15:04:41.000Z,2022-07-08T15:04:41.000Z,3600,[name],,https://www.supersummary.com/subscription,https://www.supersummary.com/subscription/confirming/cancel,,Student Experience [July 2025] [25% one-time / No Entry Modal],,07-08-2022,,07-31-2026,07-08-2022,07-08-2022,07-08-2022,,07-08-2022,07-08-2027
Wg7VM22_a8bd15491c24ae46,1712714,,Students; fallback,,,[name],[name],[name],I didn’t expect to be charged,i_didnt_expect_to_be_charged_2010816994,Not ready to commit to annual membership,not_ready_to_commit_to_annual_membership,,Pricing (Digital),pricing_digital,4,,,u_93b5d5cd741a87cd,,,,0,36.0,,Canceled,2026-07-31T22:02:08.000Z,2026-07-31T22:02:28.000Z,2026-07-31T22:02:28.000Z,,16.91,2026-07-31T22:02:28.000Z,cancel,Valid Cancel,annual,2027-07-31T22:00:22.000Z,2027-07-31T22:00:22.000Z,3.0,3.0,36.0,Brightback,,,,,,,1712714,2026-07-31T22:00:20.000Z,,2026-07-31T22:00:22.000Z,,h_dfb6a12c77e5a132,,1,2026-07-31T22:00:22.000Z,USD,u_93b5d5cd741a87cd,ACTIVE,h_989e0fbc780c1aee,[name],36.0,annual_essentials,,2026-07-31T22:00:22.000Z,student,,1,annual_essentials,2026-07-31T22:00:22.000Z,_UNKNOWN,3600,YEAR,annual_essentials,,College,[name],2027-07-31T22:00:22.000Z,,300,,2027-07-31T22:00:22.000Z,2026-07-31T22:00:22.000Z,3600,[name],,https://www.supersummary.com/subscription,https://www.supersummary.com/subscription/confirming/cancel,,Student Experience [July 2025] [25% one-time / No Entry Modal],,07-31-2026,,07-31-2026,07-31-2026,07-31-2026,07-31-2026,,07-31-2026,07-31-2027
Wg7VIj6_9d18e65efb3874a0,1252872,,Students; Monthly,,,[name],[name],[name],I didn’t expect to be charged,i_didnt_expect_to_be_charged_2010816994,Not ready to commit to annual membership,not_ready_to_commit_to_annual_membership,,Pricing (Digital),pricing_digital,1,,,u_f7db72f6dbfefb8a,,,,0,9.95,,Canceled,2026-07-31T18:45:13.000Z,2026-07-31T18:45:30.000Z,2026-07-31T18:45:31.000Z,,17.05,2026-07-31T18:45:31.000Z,cancel,Valid Cancel,monthly,2026-08-05T00:10:12.000Z,,9.95,9.95,9.95,Brightback,,,,,,,1252872,2025-07-05T00:10:09.000Z,,2025-07-05T00:10:12.000Z,,h_c45c3d30de8fb92e,,1,2025-07-05T00:10:12.000Z,USD,u_f7db72f6dbfefb8a,NON_RENEWING,h_212010fc0f2174a5,[name],9.95,monthly,,2026-07-05T00:10:12.000Z,student,,1,monthly,2025-07-05T00:10:12.000Z,_UNKNOWN,995,MONTH,monthly,,College,[name],,,995,,2026-08-05T00:10:12.000Z,2025-07-05T00:10:12.000Z,995,[name],,https://www.supersummary.com/subscription,https://www.supersummary.com/subscription/confirming/cancel,,Student Experience [July 2025] [40% forever / Modal],,07-05-2025,,07-31-2026,07-05-2025,07-05-2025,07-05-2025,,07-05-2025,
Wg7VHMr_814a7b628dcafe5a,AzZkPKVPBsYKW42UY,,Teachers; fallback,,,[name],[name],,I didn’t expect to be charged,i_didnt_expect_to_be_charged_2010816994,Not ready to commit to annual membership,not_ready_to_commit_to_annual_membership,,Pricing (Digital),pricing_digital,2,nothing,,u_e78a5facdf1439d1,nothing,,,1,,,Canceled,2026-07-31T17:22:57.000Z,2026-07-31T17:23:26.000Z,2026-07-31T17:23:26.000Z,,17.11,2026-07-31T17:23:26.000Z,cancel,Valid Cancel,annual,2027-07-12T19:56:05.000Z,2027-07-12T19:56:05.000Z,5.0,5.0,60.0,Brightback,,,,,,,AzZkPKVPBsYKW42UY,2026-07-12T19:56:03.000Z,,2026-07-12T19:56:05.000Z,,h_d7a4aa26a9cec69f,,1,2026-07-12T19:56:05.000Z,USD,u_e78a5facdf1439d1,ACTIVE,h_9bdfc12022879baf,[name],,,,2026-07-12T19:56:05.000Z,teacher,,1,annual_plus,2026-07-12T19:56:05.000Z,_UNKNOWN,6000,YEAR,,,Middle School,[name],2027-07-12T19:56:05.000Z,,500,,2027-07-12T19:56:05.000Z,2026-07-12T19:56:05.000Z,6000,,,,,,Teacher Experience [July 2025] [40% one-time / Modal],,07-12-2026,,07-31-2026,07-12-2026,07-12-2026,07-12-2026,,07-12-2026,07-12-2027
Wg7VGsu_b7508536b69b50d3,16BjoFUZnh2CP7Wml,,Book Club Members; Annual,,,[name],[name],,I didn’t expect to be charged,i_didnt_expect_to_be_charged_2010816994,Not ready to commit to annual membership,not_ready_to_commit_to_annual_membership,,Pricing (Digital),pricing_digital,6,,,u_125430e8129c3be0,,,,0,,,Canceled,2026-07-31T16:54:58.000Z,2026-07-31T16:55:40.000Z,2026-07-31T16:55:40.000Z,,17.13,2026-07-31T16:55:40.000Z,cancel,Valid Cancel,annual,2027-01-13T22:06:53.000Z,2027-01-13T22:06:53.000Z,3.0,3.0,36.0,Brightback,,,,,,,16BjoFUZnh2CP7Wml,2025-01-13T22:06:51.000Z,,2025-01-13T22:06:53.000Z,,h_9e67c7bbe93b8d5f,,1,2025-01-13T22:06:53.000Z,USD,u_125430e8129c3be0,ACTIVE,h_81f1849fd73b2fb5,[name],,,,2026-01-13T22:06:53.000Z,book_club_member,,1,annual,2025-01-13T22:06:53.000Z,_UNKNOWN,3600,YEAR,,,,[name],2027-01-13T22:06:53.000Z,,300,,2027-01-13T22:06:53.000Z,2025-01-13T22:06:53.000Z,3600,,,,,,BCM Experience [July 2025] [25% one-time / No Entry Modal],,01-13-2025,,07-31-2026,01-13-2025,01-13-2025,01-13-2025,,01-13-2025,01-13-2027
Wg7VGAS_bd6f26f1fc87827b,16BjRQUsSnQ5M386W,,Book Club Members; Annual,,,[name],[name],,I didn’t expect to be charged,i_didnt_expect_to_be_charged_2010816994,Not ready to commit to annual membership,not_ready_to_commit_to_annual_membership,,Pricing (Digital),pricing_digital,3,,,u_f769d8748b8a5f5f,,,,0,,,Canceled,2026-07-31T16:10:31.000Z,2026-07-31T16:11:06.000Z,2026-07-31T16:11:06.000Z,,17.16,2026-07-31T16:11:06.000Z,cancel,Valid Cancel,annual,2027-07-30T19:29:16.000Z,2027-07-30T19:29:16.000Z,3.0,3.0,36.0,Brightback,,,,,,,16BjRQUsSnQ5M386W,2025-07-30T19:29:13.000Z,,2025-07-30T19:29:16.000Z,,h_8870a5283ac43cff,,1,2025-07-30T19:29:16.000Z,USD,u_f769d8748b8a5f5f,ACTIVE,h_92027cee5f03655c,[name],,,,2026-07-30T19:29:16.000Z,book_club_member,,1,annual,2025-07-30T19:29:16.000Z,_UNKNOWN,3600,YEAR,,,,[name],2027-07-30T19:29:16.000Z,,300,,2027-07-30T19:29:16.000Z,2025-07-30T19:29:16.000Z,3600,,,,,,BCM Experience [July 2025] [25% one-time / No Entry Modal],,07-30-2025,,07-31-2026,07-30-2025,07-30-2025,07-30-2025,,07-30-2025,07-30-2027
Wg7VFth_a3606396cac3994e,AzqddEUsXkG8C2Izr,,Students; Annual,,,[name],[name],,I didn’t expect to be charged,i_didnt_expect_to_be_charged_2010816994,Not ready to commit to annual membership,not_ready_to_commit_to_annual_membership,,Pricing (Digital),pricing_digital,7,,,u_e355dcb64b2fcfe5,,,,0,,,Canceled,2026-07-31T15:55:46.000Z,2026-07-31T15:56:06.000Z,2026-07-31T15:56:06.000Z,,17.17,2026-07-31T15:56:06.000Z,cancel,Valid Cancel,annual,2027-07-31T15:48:04.000Z,2027-07-31T15:48:04.000Z,3.0,3.0,36.0,Brightback,,,,,,,AzqddEUsXkG8C2Izr,2025-07-31T15:48:03.000Z,,2025-07-31T15:48:04.000Z,,h_751e7b7007a8c80e,,1,2025-07-31T15:48:04.000Z,USD,u_e355dcb64b2fcfe5,ACTIVE,h_048ec0569463cc4b,[name],,,,2026-07-31T15:48:04.000Z,student,,1,annual,2025-07-31T15:48:04.000Z,_UNKNOWN,3600,YEAR,,,other,[name],2027-07-31T15:48:04.000Z,,300,,2027-07-31T15:48:04.000Z,2025-07-31T15:48:04.000Z,3600,,,,,,Student Experience [July 2025] [25% one-time / No Entry Modal],,07-31-2025,,07-31-2026,07-31-2025,07-31-2025,07-31-2025,,07-31-2025,07-31-2027
Wg7VBcU_92a60f80dbdd9348,617979,,Teachers; Annual,,,[name],[name],[name],I didn’t expect to be charged,i_didnt_expect_to_be_charged_2010816994,Not ready to commit to annual membership,not_ready_to_commit_to_annual_membership,,Pricing (Digital),pricing_digital,1,,,u_84b185904031f162,,,,0,36.0,,Canceled,2026-07-31T11:38:40.000Z,2026-07-31T11:39:09.000Z,2026-07-31T11:39:09.000Z,,17.35,2026-07-31T11:39:09.000Z,cancel,Valid Cancel,annual,2027-07-29T23:55:39.000Z,2027-07-29T23:55:39.000Z,3.0,3.0,36.0,Brightback,,,,,,,617979,2024-07-29T23:55:38.000Z,,2024-07-29T23:55:39.000Z,,h_774dfd5d0623733b,,1,2024-07-29T23:55:39.000Z,USD,u_84b185904031f162,ACTIVE,h_87d01d3093c60c18,[name],36.0,annual,,2026-07-29T23:55:39.000Z,teacher,,1,annual,2024-07-29T23:55:39.000Z,_UNKNOWN,3600,YEAR,annual,,Middle School,[name],2027-07-29T23:55:39.000Z,,300,,2027-07-29T23:55:39.000Z,2024-07-29T23:55:39.000Z,3600,[name],,https://www.supersummary.com/subscription,https://www.supersummary.com/subscription/confirming/cancel,,Teacher Experience [July 2025] [40% one-time / Modal],,07-29-2024,,07-31-2026,07-29-2024,07-29-2024,07-29-2024,,07-29-2024,07-29-2027
Wg7V4E3_a0e20ef1dd049463,1712104,,fallback,,,[name],[name],[name],I didn’t expect to be charged,i_didnt_expect_to_be_charged_2010816994,Not ready to commit to annual membership,not_ready_to_commit_to_annual_membership,,Pricing (Digital),pricing_digital,5,,,u_680acfd6580b6e47,,,,0,60.0,,Canceled,2026-07-31T04:14:09.000Z,2026-07-31T04:14:31.000Z,2026-07-31T04:14:31.000Z,,17.65,2026-07-31T04:14:31.000Z,cancel,Valid Cancel,annual,2027-07-31T04:11:20.000Z,2027-07-31T04:11:20.000Z,5.0,5.0,60.0,Brightback,,,,,,,1712104,2026-07-31T04:11:18.000Z,,2026-07-31T04:11:20.000Z,,h_89c6f289096ee7fa,,1,2026-07-31T04:11:20.000Z,USD,u_680acfd6580b6e47,ACTIVE,h_6ba011c5761cb449,[name],60.0,annual_plus,,2026-07-31T04:11:20.000Z,avid_reader,,1,annual_plus,2026-07-31T04:11:20.000Z,_UNKNOWN,6000,YEAR,annual_plus,,,[name],2027-07-31T04:11:20.000Z,,500,,2027-07-31T04:11:20.000Z,2026-07-31T04:11:20.000Z,6000,[name],,https://www.supersummary.com/subscription,https://www.supersummary.com/subscription/confirming/cancel,,Default/Fallback [July 2025] [25% one time / No entry modal],,07-31-2026,,07-31-2026,07-31-2026,07-31-2026,07-31-2026,,07-31-2026,07-31-2027
Wg7V45J_8971f59dfedc0323,169xS3Ui06iHb7N4s,,Students; Annual,,,[name],[name],,I didn’t expect to be charged,i_didnt_expect_to_be_charged_2010816994,Not ready to commit to annual membership,not_ready_to_commit_to_annual_membership,,Pricing (Digital),pricing_digital,1,,,u_e123e87bac2304e3,,,,0,,,Canceled,2026-07-31T04:05:22.000Z,2026-07-31T04:05:39.000Z,2026-07-31T04:05:39.000Z,,17.66,2026-07-31T04:05:39.000Z,cancel,Valid Cancel,annual,2027-04-10T20:55:12.000Z,2027-04-10T20:55:12.000Z,3.0,3.0,36.0,Brightback,,,,,,,169xS3Ui06iHb7N4s,2025-04-10T20:55:10.000Z,,2025-04-10T20:55:12.000Z,,h_9e298a90876ae90b,,1,2025-04-10T20:55:12.000Z,USD,u_e123e87bac2304e3,ACTIVE,h_1fa1b26c8c1b1798,[name],,,,2026-04-10T20:55:12.000Z,student,,1,annual,2025-04-10T20:55:12.000Z,_UNKNOWN,3600,YEAR,,,College,[name],2027-04-10T20:55:12.000Z,,300,,2027-04-10T20:55:12.000Z,2025-04-10T20:55:12.000Z,3600,,,,,,Student Experience [July 2025] [25% one-time / No Entry Modal],,04-10-2025,,07-31-2026,04-10-2025,04-10-2025,04-10-2025,,04-10-2025,04-10-2027
Wg7UN5F_9f9b4b39b4f3c75a,AzqjgAUrEZwWV3aqD,,Students; Monthly,,,[name],[name],,I didn’t expect to be charged,i_didnt_expect_to_be_charged_2010816994,Not ready to commit to annual membership,not_ready_to_commit_to_annual_membership,,Pricing (Digital),pricing_digital,1,,,u_d40e17a6126df91a,,,,0,,,Canceled,2026-07-30T23:05:20.000Z,2026-07-30T23:05:57.000Z,2026-07-30T23:05:57.000Z,,17.87,2026-07-30T23:05:57.000Z,cancel,Valid Cancel,monthly,2026-08-17T18:39:02.000Z,2026-08-17T18:39:02.000Z,9.95,9.95,9.95,Brightback,,,,,,,AzqjgAUrEZwWV3aqD,2025-07-17T18:39:00.000Z,,2025-07-17T18:39:02.000Z,,h_371582c580141dec,,1,2025-07-17T18:39:02.000Z,USD,u_d40e17a6126df91a,ACTIVE,h_18d89cc9646a14e3,[name],,,,2026-07-17T18:39:02.000Z,student,,1,monthly,2025-07-17T18:39:02.000Z,_UNKNOWN,995,MONTH,,,High School,[name],2026-08-17T18:39:02.000Z,,995,,2026-08-17T18:39:02.000Z,2025-07-17T18:39:02.000Z,995,,,,,,Student Experience [July 2025] [40% forever / Modal],,07-17-2025,,07-30-2026,07-17-2025,07-17-2025,07-17-2025,,07-17-2025,08-17-2026
Wg7UIBf_88dae0d94287aade,614758,,fallback,,,[name],[name],[name],I didn’t expect to be charged,i_didnt_expect_to_be_charged_2010816994,Not ready to commit to annual membership,not_ready_to_commit_to_annual_membership,,Pricing (Digital),pricing_digital,1,,,u_3f634c549156ed41,,,,0,36.0,,Canceled,2026-07-30T18:12:48.000Z,2026-07-30T18:14:26.000Z,2026-07-30T18:14:26.000Z,,18.07,2026-07-30T18:14:26.000Z,cancel,Valid Cancel,annual,2027-07-23T10:55:49.000Z,2027-07-23T10:55:49.000Z,3.0,3.0,36.0,Brightback,,,,,,,614758,2024-07-23T10:55:47.000Z,,2024-07-23T10:55:49.000Z,,h_84942f39968191f9,,1,2024-07-23T10:55:49.000Z,USD,u_3f634c549156ed41,ACTIVE,h_6006774b35cabf1d,[name],36.0,annual,,2026-07-23T10:55:49.000Z,other,,1,annual,2024-07-23T10:55:49.000Z,_UNKNOWN,3600,YEAR,annual,,,[name],2027-07-23T10:55:49.000Z,,300,,2027-07-23T10:55:49.000Z,2024-07-23T10:55:49.000Z,3600,[name],,https://www.supersummary.com/subscription,https://www.supersummary.com/subscription/confirming/cancel,,Default/Fallback [July 2025] [25% one time / No entry modal],,07-23-2024,,07-30-2026,07-23-2024,07-23-2024,07-23-2024,,07-23-2024,07-23-2027
Wg7UHkr_a2bdd35f7c4ead32,1711609,,fallback,,,[name],[name],[name],I didn’t expect to be charged,i_didnt_expect_to_be_charged_2010816994,Not ready to commit to annual membership,not_ready_to_commit_to_annual_membership,,Pricing (Digital),pricing_digital,1,,,u_a008a71646d43463,,,,0,36.0,,Canceled,2026-07-30T17:47:15.000Z,2026-07-30T17:47:31.000Z,2026-07-30T17:47:31.000Z,,18.09,2026-07-30T17:47:31.000Z,cancel,Valid Cancel,annual,2027-07-30T17:44:24.000Z,2027-07-30T17:44:24.000Z,3.0,3.0,36.0,Brightback,,,,,,,1711609,2026-07-30T17:44:23.000Z,,2026-07-30T17:44:24.000Z,,h_6b5e9aa09e6bcafe,,1,2026-07-30T17:44:24.000Z,USD,u_a008a71646d43463,ACTIVE,h_e849801e868a67f3,[name],36.0,annual_essentials,,2026-07-30T17:44:24.000Z,avid_reader,,1,annual_essentials,2026-07-30T17:44:24.000Z,_UNKNOWN,3600,YEAR,annual_essentials,,,[name],2027-07-30T17:44:24.000Z,,300,,2027-07-30T17:44:24.000Z,2026-07-30T17:44:24.000Z,3600,[name],,https://www.supersummary.com/subscription,https://www.supersummary.com/subscription/confirming/cancel,,Default/Fallback [July 2025] [25% one time / No entry modal],,07-30-2026,,07-30-2026,07-30-2026,07-30-2026,07-30-2026,,07-30-2026,07-30-2027
Wg7UEFG_bae98389a3e441db,AzZl8fVQriwHG1gmm,,Students; fallback,,,[name],[name],,I didn’t expect to be charged,i_didnt_expect_to_be_charged_2010816994,Not ready to commit to annual membership,not_ready_to_commit_to_annual_membership,,Pricing (Digital),pricing_digital,1,,,u_63ede834f3425b01,,,,0,,,Canceled,2026-07-30T14:15:24.000Z,2026-07-30T14:15:38.000Z,2026-07-30T14:15:38.000Z,,18.24,2026-07-30T14:15:38.000Z,cancel,Valid Cancel,annual,2027-07-30T14:10:13.000Z,2027-07-30T14:10:13.000Z,5.0,5.0,60.0,Brightback,,,,,,,AzZl8fVQriwHG1gmm,2026-07-30T14:10:11.000Z,,2026-07-30T14:10:13.000Z,,h_1cbb386e8582c5b1,,1,2026-07-30T14:10:13.000Z,USD,u_63ede834f3425b01,ACTIVE,h_08979adbcacd281b,[name],,,,2026-07-30T14:10:13.000Z,student,,1,annual_plus,2026-07-30T14:10:13.000Z,_UNKNOWN,6000,YEAR,,,College,[name],2027-07-30T14:10:13.000Z,,500,,2027-07-30T14:10:13.000Z,2026-07-30T14:10:13.000Z,6000,,,,,,Student Experience [July 2025] [25% one-time / No Entry Modal],,07-30-2026,,07-30-2026,07-30-2026,07-30-2026,07-30-2026,,07-30-2026,07-30-2027
Wg7UDax_a9c9f6c65302fa2a,392543,,Teachers; fallback,,,[name],[name],[name],I didn’t expect to be charged,i_didnt_expect_to_be_charged_2010816994,Not ready to commit to annual membership,not_ready_to_commit_to_annual_membership,,Pricing (Digital),pricing_digital,5,,,u_9c8d03cebee8f760,,,,0,60.0,,Canceled,2026-07-30T13:37:09.000Z,2026-07-30T13:37:50.000Z,2026-07-30T13:37:50.000Z,,18.26,2026-07-30T13:37:50.000Z,cancel,Valid Cancel,annual,2027-07-30T13:29:48.000Z,2027-07-30T13:29:48.000Z,5.0,5.0,60.0,Brightback,,,,,,,392543,2023-07-30T22:01:29.000Z,,2026-07-30T13:29:48.000Z,,h_a7f2a3c6124a4c2b,,1,2026-07-30T13:29:48.000Z,USD,u_9c8d03cebee8f760,ACTIVE,h_3d8fefc2716ba02b,[name],60.0,annual_plus,,2026-07-30T13:29:48.000Z,teacher,,1,annual_plus,2026-07-30T13:29:48.000Z,_UNKNOWN,6000,YEAR,annual_plus,,High School,[name],2027-07-30T13:29:48.000Z,,500,,2027-07-30T13:29:48.000Z,2026-07-30T13:29:48.000Z,6000,[name],,https://www.supersummary.com/subscription,https://www.supersummary.com/subscription/confirming/cancel,,Teacher Experience [July 2025] [40% one-time / Modal],,07-30-2026,,07-30-2026,07-30-2026,07-30-2026,07-30-2023,,07-30-2026,07-30-2027
Wg7U4vm_86603ea4e313f647,AzZNZPVQi37AN2pU1,,Students; fallback,,,[name],[name],,I didn’t expect to be charged,i_didnt_expect_to_be_charged_2010816994,Not ready to commit to annual membership,not_ready_to_commit_to_annual_membership,,Pricing (Digital),pricing_digital,6,Na,,u_dd871b61b7760198,,,,0,,,Canceled,2026-07-30T04:57:51.000Z,2026-07-30T04:58:33.000Z,2026-07-30T04:58:33.000Z,,18.62,2026-07-30T04:58:33.000Z,cancel,Valid Cancel,annual,2026-07-30T06:53:01.000Z,2026-07-30T06:53:01.000Z,3.0,3.0,36.0,Brightback,,,,,,,AzZNZPVQi37AN2pU1,2026-07-28T22:27:36.000Z,,2026-07-28T22:27:38.000Z,,h_9a45e34ecefeebfd,,1,2026-07-28T22:27:38.000Z,USD,u_dd871b61b7760198,ACTIVE,h_754d5c7bf711d2b0,[name],,,,2026-07-28T22:27:38.000Z,student,,1,annual_essentials,2026-07-28T22:27:38.000Z,_UNKNOWN,3600,YEAR,,,Postgrad Program,[name],2027-07-28T22:27:38.000Z,,300,,2027-07-28T22:27:38.000Z,2026-07-28T22:27:38.000Z,3600,,,,,,Student Experience [July 2025] [25% one-time / No Entry Modal],,07-28-2026,,07-30-2026,07-28-2026,07-28-2026,07-28-2026,,07-28-2026,07-28-2027
Wg7U4tu_a0b12d300c724d4f,16A0xdVI89BYK6Ntj,,Students; fallback,,,[name],[name],,I didn’t expect to be charged,i_didnt_expect_to_be_charged_2010816994,Not ready to commit to annual membership,not_ready_to_commit_to_annual_membership,,Pricing (Digital),pricing_digital,1,,,u_7b8ece465e691504,,,,0,,,Canceled,2026-07-30T04:56:01.000Z,2026-07-30T04:56:34.000Z,2026-07-30T04:56:35.000Z,,18.63,2026-07-30T04:56:35.000Z,cancel,Valid Cancel,monthly,2026-07-30T06:53:51.000Z,2026-07-30T06:53:51.000Z,16.65,16.65,16.65,Brightback,,,,,,,16A0xdVI89BYK6Ntj,2026-04-28T23:14:50.000Z,,2026-04-28T23:14:54.000Z,,h_d0d3c309b9172320,,1,2026-04-28T23:14:54.000Z,USD,u_7b8ece465e691504,ACTIVE,h_008eb14ea737fa3c,[name],,,,2026-07-28T23:14:54.000Z,student,,1,monthly_plus,2026-04-28T23:14:54.000Z,_UNKNOWN,1665,MONTH,,,High School,[name],2026-08-28T23:14:54.000Z,,1665,,2026-08-28T23:14:54.000Z,2026-04-28T23:14:54.000Z,1665,,,,,,Student Experience [July 2025] [25% one-time / No Entry Modal],,04-28-2026,,07-30-2026,04-28-2026,04-28-2026,04-28-2026,,04-28-2026,08-28-2026
Wg7TLGK_a2b84e22e19415c4,1699441,,Book Club Members; fallback,,,[name],[name],[name],I didn’t expect to be charged,i_didnt_expect_to_be_charged_2010816994,Not ready to commit to annual membership,not_ready_to_commit_to_annual_membership,,Pricing (Digital),pricing_digital,1,,,u_2b65e0ff1e51ead5,"Have a free month to see if I like it, before charging me.",,,1,60.0,,Canceled,2026-07-29T21:16:49.000Z,2026-07-29T21:17:53.000Z,2026-07-29T21:17:53.000Z,,18.94,2026-07-29T21:17:53.000Z,cancel,Valid Cancel,annual,2027-07-17T18:06:54.000Z,2027-07-17T18:06:54.000Z,5.0,5.0,60.0,Brightback,,,,,,,1699441,2026-07-17T18:06:52.000Z,,2026-07-17T18:06:54.000Z,,h_0f5f53dce7599dbc,,1,2026-07-17T18:06:54.000Z,USD,u_2b65e0ff1e51ead5,ACTIVE,h_2ce49cbe87d887c0,[name],60.0,annual_plus,,2026-07-17T18:06:54.000Z,book_club_member,,1,annual_plus,2026-07-17T18:06:54.000Z,_UNKNOWN,6000,YEAR,annual_plus,,,[name],2027-07-17T18:06:54.000Z,,500,,2027-07-17T18:06:54.000Z,2026-07-17T18:06:54.000Z,6000,[name],,https://www.supersummary.com/subscription,https://www.supersummary.com/subscription/confirming/cancel,,BCM Experience [July 2025] [25% one-time / No Entry Modal],,07-17-2026,,07-29-2026,07-17-2026,07-17-2026,07-17-2026,,07-17-2026,07-17-2027
Wg7TGuR_9e81a4f49dc4121a,1709401,,Book Club Members; fallback,,,[name],[name],[name],I didn’t expect to be charged,i_didnt_expect_to_be_charged_2010816994,Not ready to commit to annual membership,not_ready_to_commit_to_annual_membership,,Pricing (Digital),pricing_digital,5,,,u_a0521d3920d05353,,,,0,9.95,,Canceled,2026-07-29T16:56:34.000Z,2026-07-29T16:57:10.000Z,2026-07-29T16:57:11.000Z,,19.12,2026-07-29T16:57:11.000Z,cancel,Valid Cancel,monthly,2026-08-28T15:03:21.000Z,2026-08-28T15:03:21.000Z,9.95,9.95,9.95,Brightback,,,,,,,1709401,2026-07-28T15:03:17.000Z,,2026-07-28T15:03:21.000Z,,h_00b46c3079bd831a,,1,2026-07-28T15:03:21.000Z,USD,u_a0521d3920d05353,ACTIVE,h_d2e7659f945a7e74,[name],9.95,monthly_essentials,,2026-07-28T15:03:21.000Z,book_club_member,,1,monthly_essentials,2026-07-28T15:03:21.000Z,_UNKNOWN,995,MONTH,monthly_essentials,,,[name],2026-08-28T15:03:21.000Z,,995,,2026-08-28T15:03:21.000Z,2026-07-28T15:03:21.000Z,995,[name],,https://www.supersummary.com/subscription,https://www.supersummary.com/subscription/confirming/cancel,,BCM Experience [July 2025] [25% one-time / No Entry Modal],,07-28-2026,,07-29-2026,07-28-2026,07-28-2026,07-28-2026,,07-28-2026,08-28-2026
Wg7TFhi_8f1b7927c3fd2c70,Azq8PLVI1RPom3h1a,,Students; fallback,,,[name],[name],,I didn’t expect to be charged,i_didnt_expect_to_be_charged_2010816994,Not ready to commit to annual membership,not_ready_to_commit_to_annual_membership,,Pricing (Digital),pricing_digital,1,,,u_52486bc3d5d0451e,,,,0,,,Canceled,2026-07-29T15:43:46.000Z,2026-07-29T15:44:11.000Z,2026-07-29T15:44:12.000Z,,19.18,2026-07-29T15:44:12.000Z,cancel,Valid Cancel,monthly,2026-08-27T19:43:24.000Z,2026-08-27T19:43:24.000Z,16.65,16.65,16.65,Brightback,,,,,,,Azq8PLVI1RPom3h1a,2026-04-27T19:43:19.000Z,,2026-04-27T19:43:24.000Z,,h_a2b87f4cd253c978,,1,2026-04-27T19:43:24.000Z,USD,u_52486bc3d5d0451e,ACTIVE,h_c63ae771eb823287,[name],,,,2026-07-27T19:43:24.000Z,student,,1,monthly_plus,2026-04-27T19:43:24.000Z,_UNKNOWN,1665,MONTH,,,College,[name],2026-08-27T19:43:24.000Z,,1665,,2026-08-27T19:43:24.000Z,2026-04-27T19:43:24.000Z,1665,,,,,,Student Experience [July 2025] [25% one-time / No Entry Modal],,04-27-2026,,07-29-2026,04-27-2026,04-27-2026,04-27-2026,,04-27-2026,08-27-2026
Wg7TDbs_b2922b9a08f16a15,AzZcHnVQlimrO1NDD,,Teachers; fallback,,,[name],[name],,I didn’t expect to be charged,i_didnt_expect_to_be_charged_2010816994,Not ready to commit to annual membership,not_ready_to_commit_to_annual_membership,,Pricing (Digital),pricing_digital,7,I was just doing the free trial.,,u_3a706582968bce04,,,,0,,,Canceled,2026-07-29T13:37:57.000Z,2026-07-29T13:39:05.000Z,2026-07-29T13:39:06.000Z,,19.26,2026-07-29T13:39:06.000Z,cancel,Valid Cancel,annual,2026-07-29T17:02:38.000Z,2026-07-29T17:02:38.000Z,3.0,3.0,36.0,Brightback,,,,,,,AzZcHnVQlimrO1NDD,2026-07-29T13:31:57.000Z,,2026-07-29T13:31:58.000Z,,h_2b9a1713ba9fa768,,1,2026-07-29T13:31:58.000Z,USD,u_3a706582968bce04,ACTIVE,h_22701587a77f5842,[name],,,,2026-07-29T13:31:58.000Z,teacher,,1,annual_essentials,2026-07-29T13:31:58.000Z,_UNKNOWN,3600,YEAR,,,other,[name],2027-07-29T13:31:58.000Z,,300,,2027-07-29T13:31:58.000Z,2026-07-29T13:31:58.000Z,3600,,,,,,Teacher Experience [July 2025] [40% one-time / Modal],,07-29-2026,,07-29-2026,07-29-2026,07-29-2026,07-29-2026,,07-29-2026,07-29-2027
Wg7TCoD_bb629e8876595560,1577936,,Students; fallback,,,[name],[name],[name],I didn’t expect to be charged,i_didnt_expect_to_be_charged_2010816994,Not ready to commit to annual membership,not_ready_to_commit_to_annual_membership,,Pricing (Digital),pricing_digital,6,,,u_adf1657b9f4c2646,,,,0,9.95,,Canceled,2026-07-29T12:50:26.000Z,2026-07-29T12:50:39.000Z,2026-07-29T12:50:39.000Z,,19.3,2026-07-29T12:51:02.000Z,cancel,Valid Cancel,monthly,2026-08-28T21:16:17.000Z,2026-08-28T21:16:17.000Z,9.95,9.95,9.95,Brightback,,,,,,,1577936,2026-03-28T21:14:26.000Z,,2026-03-28T21:16:17.000Z,,h_dcfcfc735d2ad676,,1,2026-03-28T21:16:17.000Z,USD,u_adf1657b9f4c2646,ACTIVE,h_4b1174573899a717,[name],9.95,monthly_essentials,,2026-07-28T21:16:17.000Z,student,,1,monthly_essentials,2026-03-28T21:16:17.000Z,_UNKNOWN,995,MONTH,monthly_essentials,,College,[name],2026-08-28T21:16:17.000Z,,995,,2026-08-28T21:16:17.000Z,2026-03-28T21:16:17.000Z,995,[name],,https://www.supersummary.com/subscription,https://www.supersummary.com/subscription/confirming/cancel,,Student Experience [July 2025] [25% one-time / No Entry Modal],,03-28-2026,,07-29-2026,03-28-2026,03-28-2026,03-28-2026,,03-28-2026,08-28-2026
Wg7TB4X_a6caa7c9878c9304,6oqCmUozIBf95Z0l,,Book Club Members; Annual,,,[name],[name],,I didn’t expect to be charged,i_didnt_expect_to_be_charged_2010816994,Not ready to commit to annual membership,not_ready_to_commit_to_annual_membership,,Pricing (Digital),pricing_digital,1,I forgot i had this subscription and i dont use it,,u_ff5d6cd30f8aa989,,,,0,,,Canceled,2026-07-29T11:04:37.000Z,2026-07-29T11:05:06.000Z,2026-07-29T11:05:06.000Z,,19.37,2026-07-29T11:05:06.000Z,cancel,Valid Cancel,annual,2026-07-29T11:16:19.000Z,2026-07-29T11:16:19.000Z,3.0,3.0,36.0,Brightback,,,,,,,6oqCmUozIBf95Z0l,2025-06-23T22:56:38.000Z,,2025-06-23T22:56:40.000Z,,h_b35a8d3e804972ab,,1,2025-06-23T22:56:40.000Z,USD,u_ff5d6cd30f8aa989,ACTIVE,h_c270055388ccbc4b,[name],,,,2026-06-23T22:56:40.000Z,book_club_member,,1,annual,2025-06-23T22:56:40.000Z,_UNKNOWN,3600,YEAR,,,,[name],2027-06-23T22:56:40.000Z,,300,,2027-06-23T22:56:40.000Z,2025-06-23T22:56:40.000Z,3600,,,,,,BCM Experience [July 2025] [25% one-time / No Entry Modal],,06-23-2025,,07-29-2026,06-23-2025,06-23-2025,06-23-2025,,06-23-2025,06-23-2027
Wg7T3X9_a8c0fb3b7c8c7910,1710092,,Students; fallback,,,[name],[name],[name],I didn’t expect to be charged,i_didnt_expect_to_be_charged_2010816994,Not ready to commit to annual membership,not_ready_to_commit_to_annual_membership,,Pricing (Digital),pricing_digital,7,,,u_2f160b4dc3b59386,,,,0,36.0,,Canceled,2026-07-29T03:33:16.000Z,2026-07-29T03:35:05.000Z,2026-07-29T03:35:06.000Z,,19.68,2026-07-29T03:35:06.000Z,cancel,Valid Cancel,annual,2027-07-29T03:32:04.000Z,2027-07-29T03:32:04.000Z,3.0,3.0,36.0,Brightback,,,,,,,1710092,2026-07-29T03:32:03.000Z,,2026-07-29T03:32:04.000Z,,h_1733d834f9484b6c,,1,2026-07-29T03:32:04.000Z,USD,u_2f160b4dc3b59386,ACTIVE,h_30a93a38edbd2060,[name],36.0,annual_essentials,,2026-07-29T03:32:04.000Z,student,,1,annual_essentials,2026-07-29T03:32:04.000Z,_UNKNOWN,3600,YEAR,annual_essentials,,Postgrad Program,[name],2027-07-29T03:32:04.000Z,,300,,2027-07-29T03:32:04.000Z,2026-07-29T03:32:04.000Z,3600,[name],,https://www.supersummary.com/subscription,https://www.supersummary.com/subscription/confirming/cancel,,Student Experience [July 2025] [25% one-time / No Entry Modal],,07-29-2026,,07-29-2026,07-29-2026,07-29-2026,07-29-2026,,07-29-2026,07-29-2027
Wg7T0XE_86d71d471004b703,16Ca8RUsHgVtL3xw7,,Students; Annual,,,[name],[name],,I didn’t expect to be charged,i_didnt_expect_to_be_charged_2010816994,Not ready to commit to annual membership,not_ready_to_commit_to_annual_membership,,Pricing (Digital),pricing_digital,1,I graduated ,,u_53aa7ea693797ebc,,,,0,,,Canceled,2026-07-29T00:33:16.000Z,2026-07-29T00:33:40.000Z,2026-07-29T00:33:40.000Z,,19.81,2026-07-29T00:33:40.000Z,cancel,Valid Cancel,annual,2027-07-28T21:52:50.000Z,2027-07-28T21:52:50.000Z,3.0,3.0,36.0,Brightback,,,,,,,16Ca8RUsHgVtL3xw7,2025-07-28T21:52:48.000Z,,2025-07-28T21:52:50.000Z,,h_bb9f40a00572cefa,,1,2025-07-28T21:52:50.000Z,USD,u_53aa7ea693797ebc,ACTIVE,h_99bb1a65d5d1acdc,[name],,,,2026-07-28T21:52:50.000Z,student,,1,annual,2025-07-28T21:52:50.000Z,_UNKNOWN,3600,YEAR,,,other,[name],2027-07-28T21:52:50.000Z,,300,,2027-07-28T21:52:50.000Z,2025-07-28T21:52:50.000Z,3600,,,,,,Student Experience [July 2025] [25% one-time / No Entry Modal],,07-28-2025,,07-29-2026,07-28-2025,07-28-2025,07-28-2025,,07-28-2025,07-28-2027
Wg7T0aU_83c87af647284b92,1270109,,fallback,,,[name],[name],[name],I didn’t expect to be charged,i_didnt_expect_to_be_charged_2010816994,Not ready to commit to annual membership,not_ready_to_commit_to_annual_membership,,Pricing (Digital),pricing_digital,2,,,u_844149890053592e,,,,0,36.0,,Canceled,2026-07-29T00:36:49.000Z,2026-07-29T00:37:27.000Z,2026-07-29T00:37:27.000Z,,19.81,2026-07-29T00:37:27.000Z,cancel,Valid Cancel,annual,2027-07-28T08:08:15.000Z,2027-07-28T08:08:15.000Z,3.0,3.0,36.0,Brightback,,,,,,,1270109,2025-07-28T08:08:13.000Z,,2025-07-28T08:08:15.000Z,,h_f94b8043b37ceca4,,1,2025-07-28T08:08:15.000Z,USD,u_844149890053592e,ACTIVE,h_52e24dcac4942606,[name],36.0,annual,,2026-07-28T08:08:15.000Z,other,,1,annual,2025-07-28T08:08:15.000Z,_UNKNOWN,3600,YEAR,annual,,,[name],2027-07-28T08:08:15.000Z,,300,,2027-07-28T08:08:15.000Z,2025-07-28T08:08:15.000Z,3600,[name],,https://www.supersummary.com/subscription,https://www.supersummary.com/subscription/confirming/cancel,,Default/Fallback [July 2025] [25% one time / No entry modal],,07-28-2025,,07-29-2026,07-28-2025,07-28-2025,07-28-2025,,07-28-2025,07-28-2027
Wg7T00U_9bb5806b9ce0eb16,16BY3qVQiQAhq2zsS,,Book Club Members; fallback,,,[name],[name],,I didn’t expect to be charged,i_didnt_expect_to_be_charged_2010816994,Not ready to commit to annual membership,not_ready_to_commit_to_annual_membership,Idk,Pricing (Digital),pricing_digital,1,Wikipedia,,u_a5b97e9b6069fd26,By not making it weirdly difficult to cancel the subscription ,,,1,,,Canceled,2026-07-29T00:00:32.000Z,2026-07-29T00:02:27.000Z,2026-08-11T23:50:11.000Z,,19.83,2026-08-11T23:50:11.000Z,cancel,Valid Cancel,monthly,2026-08-28T23:59:13.000Z,2026-08-28T23:59:13.000Z,9.95,9.95,9.95,Brightback,,,,,,,16BY3qVQiQAhq2zsS,2026-07-28T23:59:09.000Z,,2026-07-28T23:59:13.000Z,,h_b7b969cb31879886,,1,2026-07-28T23:59:13.000Z,USD,u_a5b97e9b6069fd26,ACTIVE,h_aee715183f40956d,[name],,,,2026-07-28T23:59:13.000Z,book_club_member,,1,monthly_essentials,2026-07-28T23:59:13.000Z,_UNKNOWN,995,MONTH,,,,[name],2026-08-28T23:59:13.000Z,,995,,2026-08-28T23:59:13.000Z,2026-07-28T23:59:13.000Z,995,,,,,,BCM Experience [July 2025] [25% one-time / No Entry Modal],,07-28-2026,,07-29-2026,07-28-2026,07-28-2026,07-28-2026,,07-28-2026,08-28-2026
Wg7SLGF_b9c6b4d53614a00f,169wSmVQhjaYZ2emM,,Parents; fallback,,,[name],[name],,I didn’t expect to be charged,i_didnt_expect_to_be_charged_2010816994,Not ready to commit to annual membership,not_ready_to_commit_to_annual_membership,,Pricing (Digital),pricing_digital,1,,,u_02c29cfd84ecb075,,,,0,,,Canceled,2026-07-28T21:16:18.000Z,2026-07-28T21:16:43.000Z,2026-07-28T21:16:44.000Z,,19.94,2026-07-28T21:16:44.000Z,cancel,Valid Cancel,annual,2027-07-28T21:10:04.000Z,2027-07-28T21:10:04.000Z,5.0,5.0,60.0,Brightback,,,,,,,169wSmVQhjaYZ2emM,2026-07-28T21:10:02.000Z,,2026-07-28T21:10:04.000Z,,h_0c59eaf0f6f77be6,,1,2026-07-28T21:10:04.000Z,USD,u_02c29cfd84ecb075,ACTIVE,h_4232456615aca23e,[name],,,,2026-07-28T21:10:04.000Z,parent_of_student,,1,annual_plus,2026-07-28T21:10:04.000Z,_UNKNOWN,6000,YEAR,,,High School,[name],2027-07-28T21:10:04.000Z,,500,,2027-07-28T21:10:04.000Z,2026-07-28T21:10:04.000Z,6000,,,,,,Parent Experience [July 2025] [25% one-time / No Entry Modal],,07-28-2026,,07-28-2026,07-28-2026,07-28-2026,07-28-2026,,07-28-2026,07-28-2027
Wg7SGg4_93fa5b9a5cdefe3c,609598,,Students; Annual,,,[name],[name],[name],I didn’t expect to be charged,i_didnt_expect_to_be_charged_2010816994,Not ready to commit to annual membership,not_ready_to_commit_to_annual_membership,No,Pricing (Digital),pricing_digital,1,No,,u_ee2d8495492ed498,No,,,1,36.0,,Canceled,2026-07-28T16:42:21.000Z,2026-07-28T16:43:39.000Z,2026-07-28T16:43:40.000Z,,20.13,2026-07-28T16:43:40.000Z,cancel,Valid Cancel,annual,2027-07-11T18:58:35.000Z,2027-07-11T18:58:35.000Z,3.0,3.0,36.0,Brightback,,,,,,,609598,2024-07-11T18:58:32.000Z,,2024-07-11T18:58:35.000Z,,h_27d408228f9f9655,,1,2024-07-11T18:58:35.000Z,USD,u_ee2d8495492ed498,ACTIVE,h_f325725f6eee585c,[name],36.0,annual,,2026-07-11T18:58:35.000Z,student,,1,annual,2024-07-11T18:58:35.000Z,_UNKNOWN,3600,YEAR,annual,,College,[name],2027-07-11T18:58:35.000Z,,300,,2027-07-11T18:58:35.000Z,2024-07-11T18:58:35.000Z,3600,[name],,https://www.supersummary.com/subscription,https://www.supersummary.com/subscription/confirming/cancel,,Student Experience [July 2025] [25% one-time / No Entry Modal],,07-11-2024,,07-28-2026,07-11-2024,07-11-2024,07-11-2024,,07-11-2024,07-11-2027
Wg7SAXX_85e49c89f8dcfc2f,1269694,,Students; Annual,,,[name],[name],[name],I didn’t expect to be charged,i_didnt_expect_to_be_charged_2010816994,Not ready to commit to annual membership,not_ready_to_commit_to_annual_membership,,Pricing (Digital),pricing_digital,1,,,u_06decef0917a444e,,,,0,36.0,,Canceled,2026-07-28T10:33:46.000Z,2026-07-28T10:34:13.000Z,2026-07-28T10:34:13.000Z,,20.39,2026-07-28T10:34:13.000Z,cancel,Valid Cancel,annual,2027-07-27T18:59:38.000Z,2027-07-27T18:59:38.000Z,3.0,3.0,36.0,Brightback,,,,,,,1269694,2025-07-27T18:59:35.000Z,,2025-07-27T18:59:38.000Z,,h_9b9d17cf377c4efe,,1,2025-07-27T18:59:38.000Z,USD,u_06decef0917a444e,ACTIVE,h_b3a001db474846c2,[name],36.0,annual,,2026-07-27T18:59:38.000Z,student,,1,annual,2025-07-27T18:59:38.000Z,_UNKNOWN,3600,YEAR,annual,,College,[name],2027-07-27T18:59:38.000Z,,300,,2027-07-27T18:59:38.000Z,2025-07-27T18:59:38.000Z,3600,[name],,https://www.supersummary.com/subscription,https://www.supersummary.com/subscription/confirming/cancel,,Student Experience [July 2025] [25% one-time / No Entry Modal],,07-27-2025,,07-28-2026,07-27-2025,07-27-2025,07-27-2025,,07-27-2025,07-27-2027
Wg7SAsK_855bac8bf99f2c3c,1709191,,Teachers; fallback,,,[name],[name],[name],I didn’t expect to be charged,i_didnt_expect_to_be_charged_2010816994,Not ready to commit to annual membership,not_ready_to_commit_to_annual_membership,,Pricing (Digital),pricing_digital,1,None,,u_330abe88ad3784bc,Honesty about immediate charging. Not what you expect when clicking 7-day free access button.,,,1,36.0,,Canceled,2026-07-28T10:54:36.000Z,2026-07-28T10:56:07.000Z,2026-07-28T10:56:08.000Z,,20.38,2026-07-28T10:56:08.000Z,cancel,Valid Cancel,annual,2027-07-28T09:38:49.000Z,2027-07-28T09:38:49.000Z,3.0,3.0,36.0,Brightback,,,,,,,1709191,2026-07-28T09:38:48.000Z,,2026-07-28T09:38:49.000Z,,h_2ea5fae746014a92,,1,2026-07-28T09:38:49.000Z,USD,u_330abe88ad3784bc,ACTIVE,h_427039d4d0adb749,[name],36.0,annual_essentials,,2026-07-28T09:38:49.000Z,teacher,,1,annual_essentials,2026-07-28T09:38:49.000Z,_UNKNOWN,3600,YEAR,annual_essentials,,High School,[name],2027-07-28T09:38:49.000Z,,300,,2027-07-28T09:38:49.000Z,2026-07-28T09:38:49.000Z,3600,[name],,https://www.supersummary.com/subscription,https://www.supersummary.com/subscription/confirming/cancel,,Teacher Experience [July 2025] [40% one-time / Modal],,07-28-2026,,07-28-2026,07-28-2026,07-28-2026,07-28-2026,,07-28-2026,07-28-2027
Wg7S3ef_8c7d8b6e79a57e4a,AzZSuHVPydDYqCNY,,Teachers; fallback,,,[name],[name],,I didn’t expect to be charged,i_didnt_expect_to_be_charged_2010816994,Not ready to commit to annual membership,not_ready_to_commit_to_annual_membership,,Pricing (Digital),pricing_digital,8,,,u_dd12b7e563542549,I wanted to try the free trial and it didn't seem worth it,,,1,,,Canceled,2026-07-28T03:40:54.000Z,2026-07-28T03:42:12.000Z,2026-07-28T03:42:12.000Z,,20.68,2026-07-28T03:42:12.000Z,cancel,Valid Cancel,monthly,2026-08-21T04:02:31.000Z,2026-08-21T04:02:31.000Z,9.95,9.95,9.95,Brightback,,,,,,,AzZSuHVPydDYqCNY,2026-07-21T04:02:26.000Z,,2026-07-21T04:02:31.000Z,,h_11732ad1fc75b04d,,1,2026-07-21T04:02:31.000Z,USD,u_dd12b7e563542549,ACTIVE,h_24f5b281b56288c5,[name],,,,2026-07-21T04:02:31.000Z,teacher,,1,monthly_essentials,2026-07-21T04:02:31.000Z,_UNKNOWN,995,MONTH,,,High School,[name],2026-08-21T04:02:31.000Z,,995,,2026-08-21T04:02:31.000Z,2026-07-21T04:02:31.000Z,995,,,,,,Teacher Experience [July 2025] [40% one-time / Modal],,07-21-2026,,07-28-2026,07-21-2026,07-21-2026,07-21-2026,,07-21-2026,08-21-2026
Wg7S0st_84b5790f12becf96,391878,,Teachers; Annual,,,[name],[name],[name],I didn’t expect to be charged,i_didnt_expect_to_be_charged_2010816994,Not ready to commit to annual membership,not_ready_to_commit_to_annual_membership,,Pricing (Digital),pricing_digital,1,NO,,u_d709435258593c20,,,,0,36.0,,Canceled,2026-07-28T00:55:10.000Z,2026-07-28T00:55:34.000Z,2026-07-28T00:55:35.000Z,,20.79,2026-07-28T00:55:35.000Z,cancel,Valid Cancel,annual,2027-07-28T00:50:30.000Z,2027-07-28T00:50:30.000Z,3.0,3.0,36.0,Brightback,,,,,,,391878,2023-07-28T00:50:28.000Z,,2023-07-28T00:50:30.000Z,,h_2226e2ec22979559,,1,2023-07-28T00:50:30.000Z,USD,u_d709435258593c20,ACTIVE,h_26d3878b8e350d6c,[name],36.0,annual,,2026-07-28T00:50:30.000Z,teacher,,1,annual,2023-07-28T00:50:30.000Z,_UNKNOWN,3600,YEAR,annual,,College,[name],2027-07-28T00:50:30.000Z,,300,,2027-07-28T00:50:30.000Z,2023-07-28T00:50:30.000Z,3600,[name],,https://www.supersummary.com/subscription,https://www.supersummary.com/subscription/confirming/cancel,,Teacher Experience [July 2025] [40% one-time / Modal],,07-28-2023,,07-28-2026,07-28-2023,07-28-2023,07-28-2023,,07-28-2023,07-28-2027
Wg7RLYr_87ffd2159b8f40cf,AzqWskUs5cz768BGo,,Book Club Members; Annual,,,[name],[name],,I didn’t expect to be charged,i_didnt_expect_to_be_charged_2010816994,Not ready to commit to annual membership,not_ready_to_commit_to_annual_membership,,Pricing (Digital),pricing_digital,1,I wont,,u_e83a28c4a4b842e0,,,,0,,,Canceled,2026-07-27T21:34:57.000Z,2026-07-27T21:35:21.000Z,2026-07-27T21:35:21.000Z,,20.93,2026-07-27T21:35:21.000Z,cancel,Valid Cancel,annual,2027-07-26T20:23:33.000Z,2027-07-26T20:23:33.000Z,3.0,3.0,36.0,Brightback,,,,,,,AzqWskUs5cz768BGo,2025-07-26T20:23:30.000Z,,2025-07-26T20:23:33.000Z,,h_4fecaa4d0d377e16,,1,2025-07-26T20:23:33.000Z,USD,u_e83a28c4a4b842e0,ACTIVE,h_aa0ff97786d4526c,[name],,,,2026-07-26T20:23:33.000Z,book_club_member,,1,annual,2025-07-26T20:23:33.000Z,_UNKNOWN,3600,YEAR,,,,[name],2027-07-26T20:23:33.000Z,,300,,2027-07-26T20:23:33.000Z,2025-07-26T20:23:33.000Z,3600,,,,,,BCM Experience [July 2025] [25% one-time / No Entry Modal],,07-26-2025,,07-27-2026,07-26-2025,07-26-2025,07-26-2025,,07-26-2025,07-26-2027
Wg7RIRv_8527fc33a8a01ea1,674694,,Students; Annual,,,[name],[name],[name],I didn’t expect to be charged,i_didnt_expect_to_be_charged_2010816994,Not ready to commit to annual membership,not_ready_to_commit_to_annual_membership,,Pricing (Digital),pricing_digital,1,,,u_8c97015c975efe01,,,,0,36.0,,Canceled,2026-07-27T18:28:03.000Z,2026-07-27T18:28:20.000Z,2026-07-27T18:28:20.000Z,,21.06,2026-07-27T18:28:20.000Z,cancel,Valid Cancel,annual,2026-09-22T20:08:24.000Z,2026-09-22T20:08:24.000Z,3.0,3.0,36.0,Brightback,,,,,,,674694,2024-09-22T20:06:34.000Z,,2024-09-22T20:08:24.000Z,,h_d5fd4a86379ed304,,1,2024-09-22T20:08:24.000Z,USD,u_8c97015c975efe01,ACTIVE,h_7f41caa514e8e9de,[name],36.0,annual,,2025-09-22T20:08:24.000Z,student,,1,annual,2024-09-22T20:08:24.000Z,_UNKNOWN,3600,YEAR,annual,,College,[name],2026-09-22T20:08:24.000Z,,300,,2026-09-22T20:08:24.000Z,2024-09-22T20:08:24.000Z,3600,[name],,https://www.supersummary.com/subscription,https://www.supersummary.com/subscription/confirming/cancel,,Student Experience [July 2025] [25% one-time / No Entry Modal],,09-22-2024,,07-27-2026,09-22-2024,09-22-2024,09-22-2024,,09-22-2024,09-22-2026
Wg7RIAC_b9e66dc4ce72aa50,16CcWnVOYZMhsaNU,,Students; fallback,,,[name],[name],,I didn’t expect to be charged,i_didnt_expect_to_be_charged_2010816994,Not ready to commit to annual membership,not_ready_to_commit_to_annual_membership,,Pricing (Digital),pricing_digital,2,,,u_9961dc6eb515775a,,,,0,,,Canceled,2026-07-27T18:10:16.000Z,2026-07-27T18:11:02.000Z,2026-07-27T18:11:03.000Z,,21.07,2026-07-27T18:11:03.000Z,cancel,Valid Cancel,annual,2027-07-06T02:35:15.000Z,2027-07-06T02:35:15.000Z,3.0,3.0,36.0,Brightback,,,,,,,16CcWnVOYZMhsaNU,2026-07-06T02:35:13.000Z,,2026-07-06T02:35:15.000Z,,h_6cb95f111d326448,,1,2026-07-06T02:35:15.000Z,USD,u_9961dc6eb515775a,ACTIVE,h_c2fd39bb60c41492,[name],,,,2026-07-06T02:35:15.000Z,student,,1,annual_essentials,2026-07-06T02:35:15.000Z,_UNKNOWN,3600,YEAR,,,College,[name],2027-07-06T02:35:15.000Z,,300,,2027-07-06T02:35:15.000Z,2026-07-06T02:35:15.000Z,3600,,,,,,Student Experience [July 2025] [25% one-time / No Entry Modal],,07-06-2026,,07-27-2026,07-06-2026,07-06-2026,07-06-2026,,07-06-2026,07-06-2027
Wg7RG2O_85a417a23769d1da,1268994,,Book Club Members; Annual,,,[name],[name],[name],I didn’t expect to be charged,i_didnt_expect_to_be_charged_2010816994,Not ready to commit to annual membership,not_ready_to_commit_to_annual_membership,,Pricing (Digital),pricing_digital,1,,,u_94fb8057a23cc220,Remind us about a payment being billed because I would like to request a refund. I have not used the service and I don’t know how long so I was not expecting a charge.,,,1,36.0,,Canceled,2026-07-27T16:02:47.000Z,2026-07-27T16:03:32.000Z,2026-07-27T16:03:33.000Z,,21.16,2026-07-27T16:03:33.000Z,cancel,Valid Cancel,annual,2027-07-26T16:51:35.000Z,2027-07-26T16:51:35.000Z,3.0,3.0,36.0,Brightback,,,,,,,1268994,2025-07-26T16:51:33.000Z,,2025-07-26T16:51:35.000Z,,h_4dc79dd52175797d,,1,2025-07-26T16:51:35.000Z,USD,u_94fb8057a23cc220,ACTIVE,h_b52187cc8ca286fe,[name],36.0,annual,,2026-07-26T16:51:35.000Z,book_club_member,,1,annual,2025-07-26T16:51:35.000Z,_UNKNOWN,3600,YEAR,annual,,,[name],2027-07-26T16:51:35.000Z,,300,,2027-07-26T16:51:35.000Z,2025-07-26T16:51:35.000Z,3600,[name],,https://www.supersummary.com/subscription,https://www.supersummary.com/subscription/confirming/cancel,,BCM Experience [July 2025] [25% one-time / No Entry Modal],,07-26-2025,,07-27-2026,07-26-2025,07-26-2025,07-26-2025,,07-26-2025,07-26-2027
Wg7RDfO_b92771e01ca4c44f,AzZfEmUJjbzcBExBQ,,Students; Annual,,,[name],[name],,I didn’t expect to be charged,i_didnt_expect_to_be_charged_2010816994,Not ready to commit to annual membership,not_ready_to_commit_to_annual_membership,,Pricing (Digital),pricing_digital,1,,,u_07b7f2a9583919ef,,,,0,,,Canceled,2026-07-27T13:41:27.000Z,2026-07-27T13:41:41.000Z,2026-07-27T13:41:41.000Z,,21.26,2026-07-27T13:41:41.000Z,cancel,Valid Cancel,annual,2027-07-27T13:39:41.000Z,2027-07-27T13:39:41.000Z,3.0,3.0,36.0,Brightback,,,,,,,AzZfEmUJjbzcBExBQ,2024-07-27T13:39:39.000Z,,2024-07-27T13:39:41.000Z,,h_6e4be32387708d0d,,1,2024-07-27T13:39:41.000Z,USD,u_07b7f2a9583919ef,ACTIVE,h_01181a2f3251e290,[name],,,,2026-07-27T13:39:41.000Z,student,,1,annual,2024-07-27T13:39:41.000Z,_UNKNOWN,3600,YEAR,,,College,[name],2027-07-27T13:39:41.000Z,,300,,2027-07-27T13:39:41.000Z,2024-07-27T13:39:41.000Z,3600,,,,,,Student Experience [July 2025] [25% one-time / No Entry Modal],,07-27-2024,,07-27-2026,07-27-2024,07-27-2024,07-27-2024,,07-27-2024,07-27-2027
Wg7RCaA_8408847abca30012,169kFoTl4cGZg3xbY,,Parents; Annual,,,[name],[name],,I didn’t expect to be charged,i_didnt_expect_to_be_charged_2010816994,Not ready to commit to annual membership,not_ready_to_commit_to_annual_membership,,Pricing (Digital),pricing_digital,1,,,u_846421f19689bb06,A reminder that the subscription was due would have been nice.  I didn’t even remember we signed up for this!  We only needed it once.,,,1,,,Canceled,2026-07-27T12:36:14.000Z,2026-07-27T12:37:51.000Z,2026-07-27T12:37:52.000Z,,21.31,2026-07-27T12:37:52.000Z,cancel,Valid Cancel,annual,2027-07-26T01:01:40.000Z,2027-07-26T01:01:40.000Z,3.0,3.0,36.0,Brightback,,,,,,,169kFoTl4cGZg3xbY,2023-07-26T01:01:37.000Z,,2023-07-26T01:01:40.000Z,,h_d1f02e0877acbdae,,1,2023-07-26T01:01:40.000Z,USD,u_846421f19689bb06,ACTIVE,h_0aba364c6bd7261a,[name],,,,2026-07-26T01:01:40.000Z,parent_of_student,,1,annual,2023-07-26T01:01:40.000Z,_UNKNOWN,3600,YEAR,,,other,[name],2027-07-26T01:01:40.000Z,,300,,2027-07-26T01:01:40.000Z,2023-07-26T01:01:40.000Z,3600,,,,,,Parent Experience [July 2025] [25% one-time / Modal],,07-26-2023,,07-27-2026,07-26-2023,07-26-2023,07-26-2023,,07-26-2023,07-26-2027
Wg7R2WR_a2e9ec1840810fb5,637816,,Students; Annual,,,[name],[name],[name],I didn’t expect to be charged,i_didnt_expect_to_be_charged_2010816994,Not ready to commit to annual membership,not_ready_to_commit_to_annual_membership,,Pricing (Digital),pricing_digital,1,idk ,,u_cc3cea5d562f3442,idk ,,,1,36.0,,Canceled,2026-07-27T02:32:44.000Z,2026-07-27T02:33:06.000Z,2026-07-27T02:33:06.000Z,,21.72,2026-07-27T02:33:06.000Z,cancel,Valid Cancel,annual,2026-08-26T08:54:19.000Z,2026-08-26T08:54:19.000Z,3.0,3.0,36.0,Brightback,,,,,,,637816,2024-08-26T08:54:17.000Z,,2024-08-26T08:54:19.000Z,,h_3776f1c19617a725,,1,2024-08-26T08:54:19.000Z,USD,u_cc3cea5d562f3442,ACTIVE,h_37d07924578a0958,[name],36.0,annual,,2025-08-26T08:54:19.000Z,student,,1,annual,2024-08-26T08:54:19.000Z,_UNKNOWN,3600,YEAR,annual,,High School,[name],2026-08-26T08:54:19.000Z,,300,,2026-08-26T08:54:19.000Z,2024-08-26T08:54:19.000Z,3600,[name],,https://www.supersummary.com/subscription,https://www.supersummary.com/subscription/confirming/cancel,,Student Experience [July 2025] [25% one-time / No Entry Modal],,08-26-2024,,07-27-2026,08-26-2024,08-26-2024,08-26-2024,,08-26-2024,08-26-2026
Wg7R1k0_ac7d22bfb56d944b,1534765,,Parents; fallback,,,[name],[name],[name],I didn’t expect to be charged,i_didnt_expect_to_be_charged_2010816994,Not ready to commit to annual membership,not_ready_to_commit_to_annual_membership,,Pricing (Digital),pricing_digital,2,,,u_d7d1a4fba0e8eb70,,,,0,9.95,,Canceled,2026-07-27T01:46:07.000Z,2026-07-27T01:46:28.000Z,2026-07-27T01:46:29.000Z,,21.76,2026-07-27T03:43:34.000Z,cancel,Valid Cancel,monthly,2026-08-26T14:49:41.000Z,2026-08-26T14:49:41.000Z,9.95,9.95,9.95,Brightback,,,,,,,1534765,2026-02-26T14:49:38.000Z,,2026-02-26T14:49:41.000Z,,h_1d2a674c9107ec8d,,1,2026-02-26T14:49:41.000Z,USD,u_d7d1a4fba0e8eb70,ACTIVE,h_4b18da76e06b3a65,[name],9.95,monthly_essentials,,2026-07-26T14:49:41.000Z,parent_of_student,,1,monthly_essentials,2026-02-26T14:49:41.000Z,_UNKNOWN,995,MONTH,monthly_essentials,,College,[name],2026-08-26T14:49:41.000Z,,995,,2026-08-26T14:49:41.000Z,2026-02-26T14:49:41.000Z,995,[name],,https://www.supersummary.com/subscription,https://www.supersummary.com/subscription/confirming/cancel,,Parent Experience [July 2025] [25% one-time / No Entry Modal],,02-26-2026,,07-27-2026,02-26-2026,02-26-2026,02-26-2026,,02-26-2026,08-26-2026
Wg7QMOf_a1682de973a0db11,AzqXqSVQ6TTEB1CE3,,Book Club Members; fallback,,,[name],[name],,I didn’t expect to be charged,i_didnt_expect_to_be_charged_2010816994,Not ready to commit to annual membership,not_ready_to_commit_to_annual_membership,,Pricing (Digital),pricing_digital,6,,,u_057bc7187008fc02,7 day free trial ,,,1,,,Canceled,2026-07-26T22:24:46.000Z,2026-07-26T22:25:24.000Z,2026-07-26T22:25:24.000Z,,21.9,2026-07-26T22:25:24.000Z,cancel,Valid Cancel,monthly,2026-08-22T12:13:58.000Z,2026-08-22T12:13:58.000Z,16.65,16.65,16.65,Brightback,,,,,,,AzqXqSVQ6TTEB1CE3,2026-07-22T12:13:55.000Z,,2026-07-22T12:13:58.000Z,,h_ce961426fbe39583,,1,2026-07-22T12:13:58.000Z,USD,u_057bc7187008fc02,ACTIVE,h_cea6ee4f51cae135,[name],,,,2026-07-22T12:13:58.000Z,book_club_member,,1,monthly_plus,2026-07-22T12:13:58.000Z,_UNKNOWN,1665,MONTH,,,,[name],2026-08-22T12:13:58.000Z,,1665,,2026-08-22T12:13:58.000Z,2026-07-22T12:13:58.000Z,1665,,,,,,BCM Experience [July 2025] [25% one-time / No Entry Modal],,07-22-2026,,07-26-2026,07-22-2026,07-22-2026,07-22-2026,,07-22-2026,08-22-2026
Wg7QLFF_97b033815bce7d71,1707341,,Book Club Members; fallback,,,[name],[name],[name],I didn’t expect to be charged,i_didnt_expect_to_be_charged_2010816994,Not ready to commit to annual membership,not_ready_to_commit_to_annual_membership,,Pricing (Digital),pricing_digital,5,,,u_06fa415b88f32bad,I wanted questions and could not get without increasing my cost,,,1,36.0,,Canceled,2026-07-26T21:15:20.000Z,2026-07-26T21:16:46.000Z,2026-07-26T21:16:46.000Z,,21.95,2026-07-26T21:16:46.000Z,cancel,Valid Cancel,annual,2027-07-26T16:27:45.000Z,2027-07-26T16:27:45.000Z,3.0,3.0,36.0,Brightback,,,,,,,1707341,2026-07-26T16:27:43.000Z,,2026-07-26T16:27:45.000Z,,h_dcd0404d4c96f000,,1,2026-07-26T16:27:45.000Z,USD,u_06fa415b88f32bad,ACTIVE,h_c6ba738085cff3c8,[name],36.0,annual_essentials,,2026-07-26T16:27:45.000Z,book_club_member,,1,annual_essentials,2026-07-26T16:27:45.000Z,_UNKNOWN,3600,YEAR,annual_essentials,,,[name],2027-07-26T16:27:45.000Z,,300,,2027-07-26T16:27:45.000Z,2026-07-26T16:27:45.000Z,3600,[name],,https://www.supersummary.com/subscription,https://www.supersummary.com/subscription/confirming/cancel,,BCM Experience [July 2025] [25% one-time / No Entry Modal],,07-26-2026,,07-26-2026,07-26-2026,07-26-2026,07-26-2026,,07-26-2026,07-26-2027
Wg7QKlV_84425e8b645be1fd,608395,,Book Club Members; Annual,,,[name],[name],[name],I didn’t expect to be charged,i_didnt_expect_to_be_charged_2010816994,Not ready to commit to annual membership,not_ready_to_commit_to_annual_membership,,Pricing (Digital),pricing_digital,1,,,u_640996a23d04fdc3,,,,0,36.0,,Canceled,2026-07-26T20:47:39.000Z,2026-07-26T20:48:02.000Z,2026-07-26T20:48:02.000Z,,21.96,2026-07-26T20:48:02.000Z,cancel,Valid Cancel,annual,2027-07-11T23:31:47.000Z,2027-07-11T23:31:47.000Z,3.0,3.0,36.0,Brightback,,,,,,,608395,2024-07-11T23:31:44.000Z,,2024-07-11T23:31:47.000Z,,h_5a70c9ba5bbff840,,1,2024-07-11T23:31:47.000Z,USD,u_640996a23d04fdc3,ACTIVE,h_3e43ce42d6745d4e,[name],36.0,annual,,2026-07-11T23:31:47.000Z,book_club_member,,1,annual,2024-07-11T23:31:47.000Z,_UNKNOWN,3600,YEAR,annual,,,[name],2027-07-11T23:31:47.000Z,,300,,2027-07-11T23:31:47.000Z,2024-07-11T23:31:47.000Z,3600,[name],,https://www.supersummary.com/subscription,https://www.supersummary.com/subscription/confirming/cancel,,BCM Experience [July 2025] [25% one-time / No Entry Modal],,07-11-2024,,07-26-2026,07-11-2024,07-11-2024,07-11-2024,,07-11-2024,07-11-2027
Wg7QK50_8c375d0e90bccaf8,1701209,,Students; fallback,,,[name],[name],[name],I didn’t expect to be charged,i_didnt_expect_to_be_charged_2010816994,Not ready to commit to annual membership,not_ready_to_commit_to_annual_membership,,Pricing (Digital),pricing_digital,5,not sure.. I was trying to look at book summaries so I will just see what else I can find online,,u_30b735e4a77a0124,"nothing.. website is good, just didn’t expect to be charged is all",,,1,36.0,,Canceled,2026-07-26T20:05:11.000Z,2026-07-26T20:06:52.000Z,2026-07-26T20:06:52.000Z,,21.99,2026-07-26T20:06:52.000Z,cancel,Valid Cancel,annual,2027-07-20T09:12:22.000Z,2027-07-20T09:12:22.000Z,3.0,3.0,36.0,Brightback,,,,,,,1701209,2026-07-20T09:12:21.000Z,,2026-07-20T09:12:22.000Z,,h_349e5da538cde78e,,1,2026-07-20T09:12:22.000Z,USD,u_30b735e4a77a0124,ACTIVE,h_fc679ecd71d36fbb,[name],36.0,annual_essentials,,2026-07-20T09:12:22.000Z,student,,1,annual_essentials,2026-07-20T09:12:22.000Z,_UNKNOWN,3600,YEAR,annual_essentials,,College,[name],2027-07-20T09:12:22.000Z,,300,,2027-07-20T09:12:22.000Z,2026-07-20T09:12:22.000Z,3600,[name],,https://www.supersummary.com/subscription,https://www.supersummary.com/subscription/confirming/cancel,,Student Experience [July 2025] [25% one-time / No Entry Modal],,07-20-2026,,07-26-2026,07-20-2026,07-20-2026,07-20-2026,,07-20-2026,07-20-2027
Wg7QJh5_9bdf63c5a3420bb9,16Bf8hVQVeGPTdKs,,Book Club Members; fallback,,,[name],[name],,I didn’t expect to be charged,i_didnt_expect_to_be_charged_2010816994,Not ready to commit to annual membership,not_ready_to_commit_to_annual_membership,,Pricing (Digital),pricing_digital,6,,,u_be32ae75a0eaceea,,,,0,,,Canceled,2026-07-26T19:43:07.000Z,2026-07-26T19:43:35.000Z,2026-07-26T19:43:35.000Z,,22.01,2026-07-26T19:43:35.000Z,cancel,Valid Cancel,monthly,2026-08-26T19:33:39.000Z,2026-08-26T19:33:39.000Z,9.95,9.95,9.95,Brightback,,,,,,,16Bf8hVQVeGPTdKs,2026-07-26T19:33:36.000Z,,2026-07-26T19:33:39.000Z,,h_508a3743dfc6633f,,1,2026-07-26T19:33:39.000Z,USD,u_be32ae75a0eaceea,ACTIVE,h_f5a9f48a0ac8ac84,[name],,,,2026-07-26T19:33:39.000Z,book_club_member,,1,monthly_essentials,2026-07-26T19:33:39.000Z,_UNKNOWN,995,MONTH,,,,[name],2026-08-26T19:33:39.000Z,,995,,2026-08-26T19:33:39.000Z,2026-07-26T19:33:39.000Z,995,,,,,,BCM Experience [July 2025] [25% one-time / No Entry Modal],,07-26-2026,,07-26-2026,07-26-2026,07-26-2026,07-26-2026,,07-26-2026,08-26-2026
Wg7Q5LE_8748996e505b1388,589459,,Students; Annual,,,[name],[name],[name],I didn’t expect to be charged,i_didnt_expect_to_be_charged_2010816994,Not ready to commit to annual membership,not_ready_to_commit_to_annual_membership,,Pricing (Digital),pricing_digital,2,,,u_ef888271bb29655a,,,,0,36.0,,Canceled,2026-07-26T05:21:38.000Z,2026-07-26T05:22:51.000Z,2026-07-26T05:22:52.000Z,,22.61,2026-07-26T05:22:52.000Z,cancel,Valid Cancel,annual,2027-06-02T22:36:44.000Z,2027-06-02T22:36:44.000Z,3.0,3.0,36.0,Brightback,,,,,,,589459,2024-06-02T22:36:41.000Z,,2024-06-02T22:36:44.000Z,,h_5d49d304595ee7db,,1,2024-06-02T22:36:44.000Z,USD,u_ef888271bb29655a,ACTIVE,h_ad08646a2a945aa3,[name],36.0,annual,,2026-06-02T22:36:44.000Z,student,,1,annual,2024-06-02T22:36:44.000Z,_UNKNOWN,3600,YEAR,annual,,High School,[name],2027-06-02T22:36:44.000Z,,300,,2027-06-02T22:36:44.000Z,2024-06-02T22:36:44.000Z,3600,[name],,https://www.supersummary.com/subscription,https://www.supersummary.com/subscription/confirming/cancel,,Student Experience [July 2025] [25% one-time / No Entry Modal],,06-02-2024,,07-26-2026,06-02-2024,06-02-2024,06-02-2024,,06-02-2024,06-02-2027
Wg7Q4oj_b25ffe360d567b50,1706575,,Book Club Members; fallback,,,[name],[name],[name],I didn’t expect to be charged,i_didnt_expect_to_be_charged_2010816994,Not ready to commit to annual membership,not_ready_to_commit_to_annual_membership,,Pricing (Digital),pricing_digital,5,,,u_33a6f29b0ad5f3d0,,,,0,9.95,,Canceled,2026-07-26T04:50:50.000Z,2026-07-26T04:51:31.000Z,2026-07-26T04:51:31.000Z,,22.63,2026-07-26T04:51:31.000Z,cancel,Valid Cancel,monthly,2026-08-25T18:21:25.000Z,2026-08-25T18:21:25.000Z,9.95,9.95,9.95,Brightback,,,,,,,1706575,2026-07-25T18:21:22.000Z,,2026-07-25T18:21:25.000Z,,h_7853ace19829aa01,,1,2026-07-25T18:21:25.000Z,USD,u_33a6f29b0ad5f3d0,ACTIVE,h_89db1b8ef01581f2,[name],9.95,monthly_essentials,,2026-07-25T18:21:25.000Z,book_club_member,,1,monthly_essentials,2026-07-25T18:21:25.000Z,_UNKNOWN,995,MONTH,monthly_essentials,,,[name],2026-08-25T18:21:25.000Z,,995,,2026-08-25T18:21:25.000Z,2026-07-25T18:21:25.000Z,995,[name],,https://www.supersummary.com/subscription,https://www.supersummary.com/subscription/confirming/cancel,,BCM Experience [July 2025] [25% one-time / No Entry Modal],,07-25-2026,,07-26-2026,07-25-2026,07-25-2026,07-25-2026,,07-25-2026,08-25-2026
Wg7Q2iX_b805707dee88223f,323885,,fallback,,,[name],[name],[name],I didn’t expect to be charged,i_didnt_expect_to_be_charged_2010816994,Not ready to commit to annual membership,not_ready_to_commit_to_annual_membership,,Pricing (Digital),pricing_digital,8,Sparknotes,,u_fc801897757b2c91,,,,0,9.95,,Canceled,2026-07-26T02:44:48.000Z,2026-07-26T02:46:38.000Z,2026-07-26T02:46:38.000Z,,22.72,2026-07-26T02:46:38.000Z,cancel,Valid Cancel,monthly,2026-08-26T02:37:10.000Z,2026-08-26T02:37:10.000Z,9.95,9.95,9.95,Brightback,,,,,,,323885,2023-03-03T06:42:06.000Z,,2026-07-26T02:37:10.000Z,,h_2f9694e6db303f68,,1,2026-07-26T02:37:10.000Z,USD,u_fc801897757b2c91,ACTIVE,h_5ac14e0fda4cd55d,[name],9.95,monthly_essentials,,2026-07-26T02:37:10.000Z,other,,1,monthly_essentials,2026-07-26T02:37:10.000Z,_UNKNOWN,995,MONTH,monthly_essentials,,,[name],2026-08-26T02:37:10.000Z,,995,,2026-08-26T02:37:10.000Z,2026-07-26T02:37:10.000Z,995,[name],,https://www.supersummary.com/subscription,https://www.supersummary.com/subscription/confirming/cancel,,Default/Fallback [July 2025] [25% one time / No entry modal],,07-26-2026,,07-26-2026,07-26-2026,07-26-2026,03-03-2023,,07-26-2026,08-26-2026
Wg7PHRL_83c080a6d67b6381,1569182,,Students; fallback,,,[name],[name],[name],I didn’t expect to be charged,i_didnt_expect_to_be_charged_2010816994,Not ready to commit to annual membership,not_ready_to_commit_to_annual_membership,,Pricing (Digital),pricing_digital,4,,,u_3fdadcef9549a037,,,,0,9.95,,Canceled,2026-07-25T17:27:27.000Z,2026-07-25T17:27:42.000Z,2026-07-25T17:27:43.000Z,,23.1,2026-07-25T17:27:43.000Z,cancel,Valid Cancel,monthly,2026-08-23T02:50:45.000Z,2026-08-23T02:50:45.000Z,9.95,9.95,9.95,Brightback,,,,,,,1569182,2026-03-23T02:50:41.000Z,,2026-03-23T02:50:45.000Z,,h_a7dcfc55c57c8d06,,1,2026-03-23T02:50:45.000Z,USD,u_3fdadcef9549a037,ACTIVE,h_69f6f81d60b47a8b,[name],9.95,monthly_essentials,,2026-07-23T02:50:45.000Z,student,,1,monthly_essentials,2026-03-23T02:50:45.000Z,_UNKNOWN,995,MONTH,monthly_essentials,,College,[name],2026-08-23T02:50:45.000Z,,995,,2026-08-23T02:50:45.000Z,2026-03-23T02:50:45.000Z,995,[name],,https://www.supersummary.com/subscription,https://www.supersummary.com/subscription/confirming/cancel,,Student Experience [July 2025] [25% one-time / No Entry Modal],,03-23-2026,,07-25-2026,03-23-2026,03-23-2026,03-23-2026,,03-23-2026,08-23-2026
Wg7P1qI_ad824d3328b2b663,1701746,,Students; fallback,,,[name],[name],[name],I didn’t expect to be charged,i_didnt_expect_to_be_charged_2010816994,Not ready to commit to annual membership,not_ready_to_commit_to_annual_membership,,Pricing (Digital),pricing_digital,6,,,u_6528ae5cab2518c9,,,,0,60.0,,Canceled,2026-07-25T01:52:22.000Z,2026-07-25T01:52:39.000Z,2026-07-25T01:52:39.000Z,,23.75,2026-07-25T01:52:39.000Z,cancel,Valid Cancel,annual,2027-07-20T20:57:37.000Z,,5.0,5.0,60.0,Brightback,,,,,,,1701746,2026-07-20T20:57:36.000Z,,2026-07-20T20:57:37.000Z,,h_2839b79ef1d9e7ff,,1,2026-07-20T20:57:37.000Z,USD,u_6528ae5cab2518c9,NON_RENEWING,h_8433cb7de0ada783,[name],60.0,annual_plus,,2026-07-20T20:57:37.000Z,student,,1,annual_plus,2026-07-20T20:57:37.000Z,_UNKNOWN,6000,YEAR,annual_plus,,College,[name],,,500,,2027-07-20T20:57:37.000Z,2026-07-20T20:57:37.000Z,6000,[name],,https://www.supersummary.com/subscription,https://www.supersummary.com/subscription/confirming/cancel,,Student Experience [July 2025] [25% one-time / No Entry Modal],,07-20-2026,,07-25-2026,07-20-2026,07-20-2026,07-20-2026,,07-20-2026,
Wg7P1pk_b1b0d0ebf2d5d2e3,16CLZ5VPwuFWc2MQO,,Students; fallback,,,[name],[name],,I didn’t expect to be charged,i_didnt_expect_to_be_charged_2010816994,Not ready to commit to annual membership,not_ready_to_commit_to_annual_membership,,Pricing (Digital),pricing_digital,7,,,u_6528ae5cab2518c9,,,,0,,,Canceled,2026-07-25T01:51:48.000Z,2026-07-25T01:52:14.000Z,2026-07-25T01:52:14.000Z,,23.75,2026-07-25T01:52:14.000Z,cancel,Valid Cancel,annual,2027-07-20T20:57:37.000Z,2027-07-20T20:57:37.000Z,5.0,5.0,60.0,Brightback,,,,,,,16CLZ5VPwuFWc2MQO,2026-07-20T20:57:36.000Z,,2026-07-20T20:57:37.000Z,,h_2839b79ef1d9e7ff,,1,2026-07-20T20:57:37.000Z,USD,u_6528ae5cab2518c9,ACTIVE,h_8433cb7de0ada783,[name],,,,2026-07-20T20:57:37.000Z,student,,1,annual_plus,2026-07-20T20:57:37.000Z,_UNKNOWN,6000,YEAR,,,College,[name],2027-07-20T20:57:37.000Z,,500,,2027-07-20T20:57:37.000Z,2026-07-20T20:57:37.000Z,6000,,,,,,Student Experience [July 2025] [25% one-time / No Entry Modal],,07-20-2026,,07-25-2026,07-20-2026,07-20-2026,07-20-2026,,07-20-2026,07-20-2027
Wg7P133_b7f1b4b8c3ae908a,6obACUruriOj4gbw,,Students; Annual,,,[name],[name],,I didn’t expect to be charged,i_didnt_expect_to_be_charged_2010816994,Not ready to commit to annual membership,not_ready_to_commit_to_annual_membership,,Pricing (Digital),pricing_digital,2,,,u_1739799d012d83f1,,,,0,,,Canceled,2026-07-25T01:03:06.000Z,2026-07-25T01:03:46.000Z,2026-07-25T01:03:46.000Z,,23.79,2026-07-25T01:03:46.000Z,cancel,Valid Cancel,annual,2027-07-25T00:13:04.000Z,2027-07-25T00:13:04.000Z,3.0,3.0,36.0,Brightback,,,,,,,6obACUruriOj4gbw,2025-07-25T00:13:02.000Z,,2025-07-25T00:13:04.000Z,,h_ab56d4dfe74b5b63,,1,2025-07-25T00:13:04.000Z,USD,u_1739799d012d83f1,ACTIVE,h_d25b8851dac45e70,[name],,,,2026-07-25T00:13:04.000Z,student,,1,annual,2025-07-25T00:13:04.000Z,_UNKNOWN,3600,YEAR,,,High School,[name],2027-07-25T00:13:04.000Z,,300,,2027-07-25T00:13:04.000Z,2025-07-25T00:13:04.000Z,3600,,,,,,Student Experience [July 2025] [25% one-time / No Entry Modal],,07-25-2025,,07-25-2026,07-25-2025,07-25-2025,07-25-2025,,07-25-2025,07-25-2027
Wg7OL4u_9c3dfe1a3cef5700,1674815,,Book Club Members; fallback,,,[name],[name],[name],I didn’t expect to be charged,i_didnt_expect_to_be_charged_2010816994,Not ready to commit to annual membership,not_ready_to_commit_to_annual_membership,,Pricing (Digital),pricing_digital,5,Nothing,,u_8fa2426c9ecdbc7e,,,,0,60.0,,Canceled,2026-07-24T21:05:15.000Z,2026-07-24T21:05:50.000Z,2026-07-24T21:05:51.000Z,,23.95,2026-07-24T21:05:51.000Z,cancel,Valid Cancel,annual,2027-07-18T13:18:01.000Z,2027-07-18T13:18:01.000Z,5.0,5.0,60.0,Brightback,,,,,,,1674815,2026-07-18T13:17:59.000Z,,2026-07-18T13:18:01.000Z,,h_96f66aac510ed01d,,1,2026-07-18T13:18:01.000Z,USD,u_8fa2426c9ecdbc7e,ACTIVE,h_6fa9f4920d193d5d,[name],60.0,annual_plus,,2026-07-18T13:18:01.000Z,book_club_member,,1,annual_plus,2026-07-18T13:18:01.000Z,_UNKNOWN,6000,YEAR,annual_plus,,,[name],2027-07-18T13:18:01.000Z,,500,,2027-07-18T13:18:01.000Z,2026-07-18T13:18:01.000Z,6000,[name],,https://www.supersummary.com/subscription,https://www.supersummary.com/subscription/confirming/cancel,,BCM Experience [July 2025] [25% one-time / No Entry Modal],,07-18-2026,,07-24-2026,07-18-2026,07-18-2026,07-18-2026,,07-18-2026,07-18-2027
Wg7OL3P_9a91a3aa546e2843,AzyoXXVQ0iecY1BWe,,Students; fallback,,,[name],[name],,I didn’t expect to be charged,i_didnt_expect_to_be_charged_2010816994,Not ready to commit to annual membership,not_ready_to_commit_to_annual_membership,,Pricing (Digital),pricing_digital,5,,,u_90a3f497eb66d7ef,,,,0,,,Canceled,2026-07-24T21:03:27.000Z,2026-07-24T21:03:59.000Z,2026-07-24T21:03:59.000Z,,23.95,2026-07-24T21:03:59.000Z,cancel,Valid Cancel,monthly,2026-08-21T12:36:39.000Z,2026-08-21T12:36:39.000Z,16.65,16.65,16.65,Brightback,,,,,,,AzyoXXVQ0iecY1BWe,2026-07-21T12:36:34.000Z,,2026-07-21T12:36:39.000Z,,h_10278c9cf55666ca,,1,2026-07-21T12:36:39.000Z,USD,u_90a3f497eb66d7ef,ACTIVE,h_704dcda26d66d5c9,[name],,,,2026-07-21T12:36:39.000Z,student,,1,monthly_plus,2026-07-21T12:36:39.000Z,_UNKNOWN,1665,MONTH,,,Postgrad Program,[name],2026-08-21T12:36:39.000Z,,1665,,2026-08-21T12:36:39.000Z,2026-07-21T12:36:39.000Z,1665,,,,,,Student Experience [July 2025] [25% one-time / No Entry Modal],,07-21-2026,,07-24-2026,07-21-2026,07-21-2026,07-21-2026,,07-21-2026,08-21-2026
Wg7OHCk_8cdece481f6bc4f5,1408736,,Book Club Members; fallback,,,[name],[name],[name],I didn’t expect to be charged,i_didnt_expect_to_be_charged_2010816994,Not ready to commit to annual membership,not_ready_to_commit_to_annual_membership,,Pricing (Digital),pricing_digital,5,,,u_b24096db36ede5f5,,,,0,9.95,,Canceled,2026-07-24T17:12:52.000Z,2026-07-24T17:13:14.000Z,2026-07-24T17:13:14.000Z,,24.11,2026-07-24T17:13:14.000Z,cancel,Valid Cancel,monthly,2026-08-22T01:25:22.000Z,2026-08-22T01:25:22.000Z,9.95,9.95,9.95,Brightback,,,,,,,1408736,2026-04-22T01:25:19.000Z,,2026-04-22T01:25:22.000Z,,h_ac56518fa62a762d,,1,2026-04-22T01:25:22.000Z,USD,u_b24096db36ede5f5,ACTIVE,h_8bd1dd1084793671,[name],9.95,monthly_essentials,,2026-07-22T01:25:22.000Z,book_club_member,,1,monthly_essentials,2026-04-22T01:25:22.000Z,_UNKNOWN,995,MONTH,monthly_essentials,,,[name],2026-08-22T01:25:22.000Z,,995,,2026-08-22T01:25:22.000Z,2026-04-22T01:25:22.000Z,995,[name],,https://www.supersummary.com/subscription,https://www.supersummary.com/subscription/confirming/cancel,,BCM Experience [July 2025] [25% one-time / No Entry Modal],,04-22-2026,,07-24-2026,04-22-2026,04-22-2026,04-22-2026,,04-22-2026,08-22-2026
Wg7OFMD_bba0c0e8e66b63a2,AzqXwmVPkWMj64eG5,,Students; fallback,,,[name],[name],,I didn’t expect to be charged,i_didnt_expect_to_be_charged_2010816994,Not ready to commit to annual membership,not_ready_to_commit_to_annual_membership,,Pricing (Digital),pricing_digital,6,,,u_b3c95431cbad3d21,,,,0,,,Canceled,2026-07-24T15:22:18.000Z,2026-07-24T15:22:46.000Z,2026-07-24T15:22:46.000Z,,24.19,2026-07-24T15:22:46.000Z,cancel,Valid Cancel,annual,2027-07-18T18:07:29.000Z,2027-07-18T18:07:29.000Z,3.0,3.0,36.0,Brightback,,,,,,,AzqXwmVPkWMj64eG5,2026-07-18T18:07:27.000Z,,2026-07-18T18:07:29.000Z,,h_f6ed4ae4da74c26d,,1,2026-07-18T18:07:29.000Z,USD,u_b3c95431cbad3d21,ACTIVE,h_917633b4f6243ed8,[name],,,,2026-07-18T18:07:29.000Z,student,,1,annual_essentials,2026-07-18T18:07:29.000Z,_UNKNOWN,3600,YEAR,,,College,[name],2027-07-18T18:07:29.000Z,,300,,2027-07-18T18:07:29.000Z,2026-07-18T18:07:29.000Z,3600,,,,,,Student Experience [July 2025] [25% one-time / No Entry Modal],,07-18-2026,,07-24-2026,07-18-2026,07-18-2026,07-18-2026,,07-18-2026,07-18-2027
Wg7OF8H_ae0a964830ad574c,Azq9SUTkwKpVeDSkv,,Parents; Annual,,,[name],[name],,I didn’t expect to be charged,i_didnt_expect_to_be_charged_2010816994,Not ready to commit to annual membership,not_ready_to_commit_to_annual_membership,,Pricing (Digital),pricing_digital,4,,,u_6440abc18c0ac9f4,Didn’t even know we had this ,,,1,,,Canceled,2026-07-24T15:08:19.000Z,2026-07-24T15:08:46.000Z,2026-07-24T15:08:46.000Z,,24.2,2026-07-24T15:08:46.000Z,cancel,Valid Cancel,annual,2027-07-24T15:02:14.000Z,2027-07-24T15:02:14.000Z,3.0,3.0,36.0,Brightback,,,,1,36.0,2026-07-29T15:02:21.000Z,Azq9SUTkwKpVeDSkv,2023-07-24T15:02:12.000Z,,2023-07-24T15:02:14.000Z,,h_a6707d514222678c,,1,2023-07-24T15:02:14.000Z,USD,u_6440abc18c0ac9f4,ACTIVE,h_5ac8219c12e276c7,[name],,,,2026-07-24T15:02:14.000Z,parent_of_student,,1,annual,2023-07-24T15:02:14.000Z,_UNKNOWN,3600,YEAR,,,Middle School,[name],2027-07-24T15:02:14.000Z,,300,,2027-07-24T15:02:14.000Z,2023-07-24T15:02:14.000Z,3600,,,,,,Parent Experience [July 2025] [25% one-time / Modal],,07-24-2023,,07-24-2026,07-24-2023,07-24-2023,07-24-2023,,07-24-2023,07-24-2027
Wg7O7tW_a34f87d185572a30,16CHotTN8EQG98Hu6,,Students; Monthly,,,[name],[name],,I didn’t expect to be charged,i_didnt_expect_to_be_charged_2010816994,Not ready to commit to annual membership,not_ready_to_commit_to_annual_membership,,Pricing (Digital),pricing_digital,6,,,u_988bd066fab34afa,,,,0,,,Canceled,2026-07-24T07:55:36.000Z,2026-07-24T07:56:16.000Z,2026-07-24T07:56:16.000Z,,24.5,2026-07-24T07:56:16.000Z,cancel,Valid Cancel,monthly,2026-08-14T04:18:55.000Z,2026-08-14T04:18:55.000Z,9.95,9.95,9.95,Brightback,,,,,,,16CHotTN8EQG98Hu6,2022-11-14T04:18:53.000Z,,2022-11-14T04:18:55.000Z,,h_dda5be9d11c316a7,,1,2022-11-14T04:18:55.000Z,USD,u_988bd066fab34afa,ACTIVE,h_c5b024cb294c9cce,[name],,,,2026-07-14T04:18:55.000Z,student,,1,monthly,2022-11-14T04:18:55.000Z,_UNKNOWN,995,MONTH,,,College,[name],2026-08-14T04:18:55.000Z,,995,,2026-08-14T04:18:55.000Z,2022-11-14T04:18:55.000Z,995,,,,,,Student Experience [July 2025] [40% forever / Modal],,11-14-2022,,07-24-2026,11-14-2022,11-14-2022,11-14-2022,,11-14-2022,08-14-2026
Wg7O5Rl_9062d174dea82dfe,AzZMsuTkte0VNAwx8,,fallback,,,[name],[name],,I didn’t expect to be charged,i_didnt_expect_to_be_charged_2010816994,Not ready to commit to annual membership,not_ready_to_commit_to_annual_membership,,Pricing (Digital),pricing_digital,1,,,u_73ee27dafa1910e7,,,,0,,,Canceled,2026-07-24T05:27:48.000Z,2026-07-24T05:28:12.000Z,2026-07-24T05:28:12.000Z,,24.6,2026-07-24T05:28:12.000Z,cancel,Valid Cancel,annual,2027-07-24T03:59:35.000Z,2027-07-24T03:59:35.000Z,3.0,3.0,36.0,Brightback,,,,,,,AzZMsuTkte0VNAwx8,2023-07-24T03:59:34.000Z,,2023-07-24T03:59:35.000Z,,h_96ed2fbd02c2b242,,1,2023-07-24T03:59:35.000Z,USD,u_73ee27dafa1910e7,ACTIVE,h_4ff4a530feea6973,[name],,,,2026-07-24T03:59:35.000Z,other,,1,annual,2023-07-24T03:59:35.000Z,_UNKNOWN,3600,YEAR,,,,[name],2027-07-24T03:59:35.000Z,,300,,2027-07-24T03:59:35.000Z,2023-07-24T03:59:35.000Z,3600,,,,,,Default/Fallback [July 2025] [25% one time / No entry modal],,07-24-2023,,07-24-2026,07-24-2023,07-24-2023,07-24-2023,,07-24-2023,07-24-2027
Wg7O3rV_a8c40cc0240295dc,1699722,,fallback,,,[name],[name],[name],I didn’t expect to be charged,i_didnt_expect_to_be_charged_2010816994,Not ready to commit to annual membership,not_ready_to_commit_to_annual_membership,,Pricing (Digital),pricing_digital,6,nothing,,u_9d2e26570d51b6d0,,,,0,9.95,,Canceled,2026-07-24T03:53:36.000Z,2026-07-24T03:54:04.000Z,2026-07-24T03:54:05.000Z,,24.67,2026-07-24T03:54:05.000Z,cancel,Valid Cancel,monthly,2026-08-18T02:21:47.000Z,2026-08-18T02:21:47.000Z,9.95,9.95,9.95,Brightback,,,,,,,1699722,2026-07-18T02:21:33.000Z,,2026-07-18T02:21:47.000Z,,h_f5716e17d444198d,,1,2026-07-18T02:21:47.000Z,USD,u_9d2e26570d51b6d0,ACTIVE,h_0b8215fcb50f5156,[name],9.95,monthly_essentials,,2026-07-18T02:21:47.000Z,other,,1,monthly_essentials,2026-07-18T02:21:47.000Z,_UNKNOWN,995,MONTH,monthly_essentials,,,[name],2026-08-18T02:21:47.000Z,,995,,2026-08-18T02:21:47.000Z,2026-07-18T02:21:47.000Z,995,[name],,https://www.supersummary.com/subscription,https://www.supersummary.com/subscription/confirming/cancel,,Default/Fallback [July 2025] [25% one time / No entry modal],,07-18-2026,,07-24-2026,07-18-2026,07-18-2026,07-18-2026,,07-18-2026,08-18-2026
Wg7O05R_a08990ce3364f9d1,1705057,,fallback,,,[name],[name],[name],I didn’t expect to be charged,i_didnt_expect_to_be_charged_2010816994,Not ready to commit to annual membership,not_ready_to_commit_to_annual_membership,,Pricing (Digital),pricing_digital,2,,,u_de979e13ac333237,The site is misleading. It led me to believe that there was a 7 day free trial. I wouldn’t have signed up if that wasn’t the case. ,,,1,60.0,,Canceled,2026-07-24T00:05:34.000Z,2026-07-24T00:07:21.000Z,2026-07-24T00:07:21.000Z,,24.83,2026-07-24T00:07:21.000Z,cancel,Valid Cancel,annual,2027-07-23T20:51:44.000Z,2027-07-23T20:51:44.000Z,5.0,5.0,60.0,Brightback,,,,,,,1705057,2026-07-23T20:51:41.000Z,,2026-07-23T20:51:44.000Z,,h_8b54102f577c2812,,1,2026-07-23T20:51:44.000Z,USD,u_de979e13ac333237,ACTIVE,h_2cb9a41290088663,[name],60.0,annual_plus,,2026-07-23T20:51:44.000Z,other,,1,annual_plus,2026-07-23T20:51:44.000Z,_UNKNOWN,6000,YEAR,annual_plus,,,[name],2027-07-23T20:51:44.000Z,,500,,2027-07-23T20:51:44.000Z,2026-07-23T20:51:44.000Z,6000,[name],,https://www.supersummary.com/subscription,https://www.supersummary.com/subscription/confirming/cancel,,Default/Fallback [July 2025] [25% one time / No entry modal],,07-23-2026,,07-24-2026,07-23-2026,07-23-2026,07-23-2026,,07-23-2026,07-23-2027
Wg7NK8m_b8e62c5671da1d60,169nZCVPge4PO2zpc,,Teachers; fallback,,,[name],[name],,I didn’t expect to be charged,i_didnt_expect_to_be_charged_2010816994,Not ready to commit to annual membership,not_ready_to_commit_to_annual_membership,,Pricing (Digital),pricing_digital,1,,,u_56f6c8214af6afdf,,,,0,,,Canceled,2026-07-23T20:08:50.000Z,2026-07-23T20:09:16.000Z,2026-07-23T20:09:16.000Z,,24.99,2026-07-23T20:09:16.000Z,cancel,Valid Cancel,annual,2027-07-18T02:13:00.000Z,2027-07-18T02:13:00.000Z,3.0,3.0,36.0,Brightback,,,,,,,169nZCVPge4PO2zpc,2026-07-18T02:12:57.000Z,,2026-07-18T02:13:00.000Z,,h_74e85e12755ddabc,,1,2026-07-18T02:13:00.000Z,USD,u_56f6c8214af6afdf,ACTIVE,h_6b7feba6c0197060,[name],,,,2026-07-18T02:13:00.000Z,teacher,,1,annual_essentials,2026-07-18T02:13:00.000Z,_UNKNOWN,3600,YEAR,,,Middle School,[name],2027-07-18T02:13:00.000Z,,300,,2027-07-18T02:13:00.000Z,2026-07-18T02:13:00.000Z,3600,,,,,,Teacher Experience [July 2025] [40% one-time / Modal],,07-18-2026,,07-23-2026,07-18-2026,07-18-2026,07-18-2026,,07-18-2026,07-18-2027
Wg7NIQY_b4facf560963f92a,16BjmkVJA0gb13Y6I,,Students; fallback,,,[name],[name],,I didn’t expect to be charged,i_didnt_expect_to_be_charged_2010816994,Not ready to commit to annual membership,not_ready_to_commit_to_annual_membership,,Pricing (Digital),pricing_digital,1,,,u_c2e221aded239bb6,,,,0,,,Canceled,2026-07-23T18:26:35.000Z,2026-07-23T18:26:53.000Z,2026-07-23T18:26:53.000Z,,25.06,2026-07-23T18:26:53.000Z,cancel,Valid Cancel,monthly,2026-08-09T21:22:34.000Z,2026-08-09T21:22:34.000Z,9.95,9.95,9.95,Brightback,,,,,,,16BjmkVJA0gb13Y6I,2026-05-09T21:22:32.000Z,,2026-05-09T21:22:34.000Z,,h_9f9de15b08a9f814,,1,2026-05-09T21:22:34.000Z,USD,u_c2e221aded239bb6,ACTIVE,h_24e538c70ebb6c79,[name],,,,2026-07-09T21:22:34.000Z,student,,1,monthly_essentials,2026-05-09T21:22:34.000Z,_UNKNOWN,995,MONTH,,,other,[name],2026-08-09T21:22:34.000Z,,995,,2026-08-09T21:22:34.000Z,2026-05-09T21:22:34.000Z,995,,,,,,Student Experience [July 2025] [25% one-time / No Entry Modal],,05-09-2026,,07-23-2026,05-09-2026,05-09-2026,05-09-2026,,05-09-2026,08-09-2026
Wg7NICi_a3ec3988709532aa,1704830,,Students; fallback,,,[name],[name],[name],I didn’t expect to be charged,i_didnt_expect_to_be_charged_2010816994,Not ready to commit to annual membership,not_ready_to_commit_to_annual_membership,,Pricing (Digital),pricing_digital,1,N/A,,u_9d8cef77c3b61a63,,,,0,16.65,,Canceled,2026-07-23T18:12:51.000Z,2026-07-23T18:13:20.000Z,2026-07-23T18:13:20.000Z,,25.07,2026-07-23T18:13:20.000Z,cancel,Valid Cancel,monthly,2026-08-23T16:58:51.000Z,2026-08-23T16:58:51.000Z,16.65,16.65,16.65,Brightback,,,,,,,1704830,2026-07-23T16:58:48.000Z,,2026-07-23T16:58:51.000Z,,h_f5b86dd7bc569d63,,1,2026-07-23T16:58:51.000Z,USD,u_9d8cef77c3b61a63,ACTIVE,h_e432acc58644dfd4,[name],16.65,monthly_plus,,2026-07-23T16:58:51.000Z,student,,1,monthly_plus,2026-07-23T16:58:51.000Z,_UNKNOWN,1665,MONTH,monthly_plus,,Postgrad Program,[name],2026-08-23T16:58:51.000Z,,1665,,2026-08-23T16:58:51.000Z,2026-07-23T16:58:51.000Z,1665,[name],,https://www.supersummary.com/subscription,https://www.supersummary.com/subscription/confirming/cancel,,Student Experience [July 2025] [25% one-time / No Entry Modal],,07-23-2026,,07-23-2026,07-23-2026,07-23-2026,07-23-2026,,07-23-2026,08-23-2026
Wg7NGo0_92a272cb55f9c987,1704817,,fallback,,,[name],[name],[name],I didn’t expect to be charged,i_didnt_expect_to_be_charged_2010816994,Not ready to commit to annual membership,not_ready_to_commit_to_annual_membership,,Pricing (Digital),pricing_digital,7,nothing ,,u_632dd3667745d971,"There's nothing wrong with your product, I just wanted one quick summary, and I don't need to pay an annual subscription. Maybe a per use model?",,,1,60.0,,Canceled,2026-07-23T16:50:08.000Z,2026-07-23T16:52:15.000Z,2026-07-23T16:52:15.000Z,,25.13,2026-07-23T16:52:15.000Z,cancel,Valid Cancel,annual,2027-07-23T16:44:20.000Z,2027-07-23T16:44:20.000Z,5.0,5.0,60.0,Brightback,,,,,,,1704817,2026-07-23T16:44:18.000Z,,2026-07-23T16:44:20.000Z,,h_cc56e3f5653b672f,,1,2026-07-23T16:44:20.000Z,USD,u_632dd3667745d971,ACTIVE,h_a77fdf1975a513a3,[name],60.0,annual_plus,,2026-07-23T16:44:20.000Z,other,,1,annual_plus,2026-07-23T16:44:20.000Z,_UNKNOWN,6000,YEAR,annual_plus,,,[name],2027-07-23T16:44:20.000Z,,500,,2027-07-23T16:44:20.000Z,2026-07-23T16:44:20.000Z,6000,[name],,https://www.supersummary.com/subscription,https://www.supersummary.com/subscription/confirming/cancel,,Default/Fallback [July 2025] [25% one time / No entry modal],,07-23-2026,,07-23-2026,07-23-2026,07-23-2026,07-23-2026,,07-23-2026,07-23-2027
Wg7NGJt_9b12de64018566f0,1704748,,Students; fallback,,,[name],[name],[name],I didn’t expect to be charged,i_didnt_expect_to_be_charged_2010816994,Not ready to commit to annual membership,not_ready_to_commit_to_annual_membership,,Pricing (Digital),pricing_digital,4,,,u_a56784d44a48f237,,,,0,16.65,,Canceled,2026-07-23T16:20:01.000Z,2026-07-23T16:21:00.000Z,2026-07-23T16:21:00.000Z,,25.15,2026-07-23T16:21:00.000Z,cancel,Valid Cancel,monthly,2026-08-23T15:51:50.000Z,2026-08-23T15:51:50.000Z,16.65,16.65,16.65,Brightback,,,,,,,1704748,2026-07-23T15:51:49.000Z,,2026-07-23T15:51:50.000Z,,h_36aafd45bd9f4ff2,,1,2026-07-23T15:51:50.000Z,USD,u_a56784d44a48f237,ACTIVE,h_20f8a54413ff7f40,[name],16.65,monthly_plus,,2026-07-23T15:51:50.000Z,student,,1,monthly_plus,2026-07-23T15:51:50.000Z,_UNKNOWN,1665,MONTH,monthly_plus,,Postgrad Program,[name],2026-08-23T15:51:50.000Z,,1665,,2026-08-23T15:51:50.000Z,2026-07-23T15:51:50.000Z,1665,[name],,https://www.supersummary.com/subscription,https://www.supersummary.com/subscription/confirming/cancel,,Student Experience [July 2025] [25% one-time / No Entry Modal],,07-23-2026,,07-23-2026,07-23-2026,07-23-2026,07-23-2026,,07-23-2026,08-23-2026
Wg7NDj1_89365d29215c7248,16BZLCVQCQTNf1IKO,,Teachers; fallback,,,[name],[name],,I didn’t expect to be charged,i_didnt_expect_to_be_charged_2010816994,Not ready to commit to annual membership,not_ready_to_commit_to_annual_membership,,Pricing (Digital),pricing_digital,1,,,u_d51a6e44315af803,,,,0,,,Canceled,2026-07-23T13:45:06.000Z,2026-07-23T13:45:31.000Z,2026-07-23T13:45:31.000Z,,25.26,2026-07-23T13:45:31.000Z,cancel,Valid Cancel,annual,2027-07-23T12:39:42.000Z,2027-07-23T12:39:42.000Z,5.0,5.0,60.0,Brightback,,,,,,,16BZLCVQCQTNf1IKO,2026-07-23T12:39:40.000Z,,2026-07-23T12:39:42.000Z,,h_cd8edcd13cc85364,,1,2026-07-23T12:39:42.000Z,USD,u_d51a6e44315af803,ACTIVE,h_780318aa4f714dd0,[name],,,,2026-07-23T12:39:42.000Z,teacher,,1,annual_plus,2026-07-23T12:39:42.000Z,_UNKNOWN,6000,YEAR,,,Middle School,[name],2027-07-23T12:39:42.000Z,,500,,2027-07-23T12:39:42.000Z,2026-07-23T12:39:42.000Z,6000,,,,,,Teacher Experience [July 2025] [40% one-time / Modal],,07-23-2026,,07-23-2026,07-23-2026,07-23-2026,07-23-2026,,07-23-2026,07-23-2027
Wg7NCgp_9418697016ca179e,AzZvSMVQCQrR31IWp,,Students; fallback,,,[name],[name],,I didn’t expect to be charged,i_didnt_expect_to_be_charged_2010816994,Not ready to commit to annual membership,not_ready_to_commit_to_annual_membership,,Pricing (Digital),pricing_digital,1,,,u_b62a718de32162c7,Signed up for a free trial and was charged??????,,,1,,,Canceled,2026-07-23T12:42:52.000Z,2026-07-23T12:43:41.000Z,2026-07-23T12:43:41.000Z,,25.3,2026-07-23T12:43:41.000Z,cancel,Valid Cancel,annual,2027-07-23T12:41:14.000Z,2027-07-23T12:41:14.000Z,5.0,5.0,60.0,Brightback,,,,,,,AzZvSMVQCQrR31IWp,2026-07-23T12:41:12.000Z,,2026-07-23T12:41:14.000Z,,h_877ebc2d1942182e,,1,2026-07-23T12:41:14.000Z,USD,u_b62a718de32162c7,ACTIVE,h_b8f24078928ee7df,[name],,,,2026-07-23T12:41:14.000Z,student,,1,annual_plus,2026-07-23T12:41:14.000Z,_UNKNOWN,6000,YEAR,,,College,[name],2027-07-23T12:41:14.000Z,,500,,2027-07-23T12:41:14.000Z,2026-07-23T12:41:14.000Z,6000,,,,,,Student Experience [July 2025] [25% one-time / No Entry Modal],,07-23-2026,,07-23-2026,07-23-2026,07-23-2026,07-23-2026,,07-23-2026,07-23-2027
Wg7N6RV_9d2c7541ebec68b7,389540,,Students; Annual,,,[name],[name],[name],I didn’t expect to be charged,i_didnt_expect_to_be_charged_2010816994,Not ready to commit to annual membership,not_ready_to_commit_to_annual_membership,,Pricing (Digital),pricing_digital,1,,,u_929b65a31b24ac2b,,,,0,36.0,,Canceled,2026-07-23T06:27:41.000Z,2026-07-23T06:28:03.000Z,2026-07-23T06:28:03.000Z,,25.56,2026-07-23T06:28:03.000Z,cancel,Valid Cancel,annual,2027-07-21T23:38:29.000Z,2027-07-21T23:38:29.000Z,3.0,3.0,36.0,Brightback,,,,,,,389540,2023-07-21T23:38:28.000Z,,2023-07-21T23:38:29.000Z,,h_170c49ddd41b2f66,,1,2023-07-21T23:38:29.000Z,USD,u_929b65a31b24ac2b,ACTIVE,h_125a3276107c0fc2,[name],36.0,annual,,2026-07-21T23:38:29.000Z,student,,1,annual,2023-07-21T23:38:29.000Z,_UNKNOWN,3600,YEAR,annual,,Postgrad Program,[name],2027-07-21T23:38:29.000Z,,300,,2027-07-21T23:38:29.000Z,2023-07-21T23:38:29.000Z,3600,[name],,https://www.supersummary.com/subscription,https://www.supersummary.com/subscription/confirming/cancel,,Student Experience [July 2025] [25% one-time / No Entry Modal],,07-21-2023,,07-23-2026,07-21-2023,07-21-2023,07-21-2023,,07-21-2023,07-21-2027
Wg7N3Ih_975257f0525efdc8,1704305,,Students; fallback,,,[name],[name],[name],I didn’t expect to be charged,i_didnt_expect_to_be_charged_2010816994,Not ready to commit to annual membership,not_ready_to_commit_to_annual_membership,,Pricing (Digital),pricing_digital,1,,,u_4759d2d2038b98b1,,,,0,36.0,,Canceled,2026-07-23T03:18:50.000Z,2026-07-23T03:19:21.000Z,2026-07-23T03:19:22.000Z,,25.69,2026-07-23T03:19:22.000Z,cancel,Valid Cancel,annual,2027-07-23T03:08:15.000Z,2027-07-23T03:08:15.000Z,3.0,3.0,36.0,Brightback,,,,,,,1704305,2026-07-23T03:08:14.000Z,,2026-07-23T03:08:15.000Z,,h_663615bedc672f77,,1,2026-07-23T03:08:15.000Z,USD,u_4759d2d2038b98b1,ACTIVE,h_e36798de48796cff,[name],36.0,annual_essentials,,2026-07-23T03:08:15.000Z,student,,1,annual_essentials,2026-07-23T03:08:15.000Z,_UNKNOWN,3600,YEAR,annual_essentials,,Middle School,[name],2027-07-23T03:08:15.000Z,,300,,2027-07-23T03:08:15.000Z,2026-07-23T03:08:15.000Z,3600,[name],,https://www.supersummary.com/subscription,https://www.supersummary.com/subscription/confirming/cancel,,Student Experience [July 2025] [25% one-time / No Entry Modal],,07-23-2026,,07-23-2026,07-23-2026,07-23-2026,07-23-2026,,07-23-2026,07-23-2027
Wg7MIOu_962f3d15cc89cfb8,AzybTKVQ7wlU12AZO,,Book Club Members; fallback,,,[name],[name],,I didn’t expect to be charged,i_didnt_expect_to_be_charged_2010816994,Not ready to commit to annual membership,not_ready_to_commit_to_annual_membership,,Pricing (Digital),pricing_digital,6,,,u_91b297ed7f6e2e53,,,,0,,,Canceled,2026-07-22T18:24:58.000Z,2026-07-22T18:25:32.000Z,2026-07-22T18:25:33.000Z,,26.06,2026-07-22T18:25:33.000Z,cancel,Valid Cancel,annual,2027-07-22T18:16:36.000Z,2027-07-22T18:16:36.000Z,3.0,3.0,36.0,Brightback,,,,,,,AzybTKVQ7wlU12AZO,2026-07-22T18:16:35.000Z,,2026-07-22T18:16:36.000Z,,h_33e0c6d0a4960c4a,,1,2026-07-22T18:16:36.000Z,USD,u_91b297ed7f6e2e53,ACTIVE,h_d7592737e3c840e5,[name],,,,2026-07-22T18:16:36.000Z,book_club_member,,1,annual_essentials,2026-07-22T18:16:36.000Z,_UNKNOWN,3600,YEAR,,,,[name],2027-07-22T18:16:36.000Z,,300,,2027-07-22T18:16:36.000Z,2026-07-22T18:16:36.000Z,3600,,,,,,BCM Experience [July 2025] [25% one-time / No Entry Modal],,07-22-2026,,07-22-2026,07-22-2026,07-22-2026,07-22-2026,,07-22-2026,07-22-2027
Wg7MG2x_8627408559a3f41f,1701918,,Students; fallback,,,[name],[name],[name],I didn’t expect to be charged,i_didnt_expect_to_be_charged_2010816994,Not ready to commit to annual membership,not_ready_to_commit_to_annual_membership,,Pricing (Digital),pricing_digital,3,,,u_fc369ca2a5be556a,allowing a free trial before being charged immediately,,,1,36.0,,Canceled,2026-07-22T16:03:13.000Z,2026-07-22T16:03:53.000Z,2026-07-22T16:03:53.000Z,,26.16,2026-07-22T16:03:53.000Z,cancel,Valid Cancel,annual,2027-07-21T00:29:10.000Z,2027-07-21T00:29:10.000Z,3.0,3.0,36.0,Brightback,,,,,,,1701918,2026-07-21T00:29:08.000Z,,2026-07-21T00:29:10.000Z,,h_c793fb9c7b1635f2,,1,2026-07-21T00:29:10.000Z,USD,u_fc369ca2a5be556a,ACTIVE,h_638e3f925d4c45fe,[name],36.0,annual_essentials,,2026-07-21T00:29:10.000Z,student,,1,annual_essentials,2026-07-21T00:29:10.000Z,_UNKNOWN,3600,YEAR,annual_essentials,,College,[name],2027-07-21T00:29:10.000Z,,300,,2027-07-21T00:29:10.000Z,2026-07-21T00:29:10.000Z,3600,[name],,https://www.supersummary.com/subscription,https://www.supersummary.com/subscription/confirming/cancel,,Student Experience [July 2025] [25% one-time / No Entry Modal],,07-21-2026,,07-22-2026,07-21-2026,07-21-2026,07-21-2026,,07-21-2026,07-21-2027
Wg7MDlH_95d9055efa47d459,1703512,,Students; fallback,,,[name],[name],[name],I didn’t expect to be charged,i_didnt_expect_to_be_charged_2010816994,Not ready to commit to annual membership,not_ready_to_commit_to_annual_membership,,Pricing (Digital),pricing_digital,1,,,u_13030a64d848014f,Awful,,,1,36.0,,Canceled,2026-07-22T13:48:06.000Z,2026-07-22T13:48:48.000Z,2026-07-22T13:48:48.000Z,,26.26,2026-07-22T13:48:48.000Z,cancel,Valid Cancel,annual,2027-07-22T13:45:32.000Z,2027-07-22T13:45:32.000Z,3.0,3.0,36.0,Brightback,,,,,,,1703512,2026-07-22T13:45:29.000Z,,2026-07-22T13:45:32.000Z,,h_c1af0dc5a2a45afd,,1,2026-07-22T13:45:32.000Z,USD,u_13030a64d848014f,ACTIVE,h_fa9f29a21e5c5368,[name],36.0,annual_essentials,,2026-07-22T13:45:32.000Z,student,,1,annual_essentials,2026-07-22T13:45:32.000Z,_UNKNOWN,3600,YEAR,annual_essentials,,other,[name],2027-07-22T13:45:32.000Z,,300,,2027-07-22T13:45:32.000Z,2026-07-22T13:45:32.000Z,3600,[name],,https://www.supersummary.com/subscription,https://www.supersummary.com/subscription/confirming/cancel,,Student Experience [July 2025] [25% one-time / No Entry Modal],,07-22-2026,,07-22-2026,07-22-2026,07-22-2026,07-22-2026,,07-22-2026,07-22-2027
Wg7MDI3_a7327b01a4425c17,1701018,,Book Club Members; fallback,,,[name],[name],[name],I didn’t expect to be charged,i_didnt_expect_to_be_charged_2010816994,Not ready to commit to annual membership,not_ready_to_commit_to_annual_membership,,Pricing (Digital),pricing_digital,5,,,u_5335e7807a5b4ec3,you offered a 7 day free trial.   I want to cancel.  ,,,1,60.0,,Canceled,2026-07-22T13:18:09.000Z,2026-07-22T13:19:22.000Z,2026-07-22T13:19:23.000Z,,26.28,2026-07-22T13:19:23.000Z,cancel,Valid Cancel,annual,2027-07-20T00:52:36.000Z,2027-07-20T00:52:36.000Z,5.0,5.0,60.0,Brightback,,,,,,,1701018,2026-07-20T00:52:13.000Z,,2026-07-20T00:52:36.000Z,,h_bbc39afc883a51e5,,1,2026-07-20T00:52:36.000Z,USD,u_5335e7807a5b4ec3,ACTIVE,h_f9cb97fa7d0eb910,[name],60.0,annual_plus,,2026-07-20T00:52:36.000Z,book_club_member,,1,annual_plus,2026-07-20T00:52:36.000Z,_UNKNOWN,6000,YEAR,annual_plus,,,[name],2027-07-20T00:52:36.000Z,,500,,2027-07-20T00:52:36.000Z,2026-07-20T00:52:36.000Z,6000,[name],,https://www.supersummary.com/subscription,https://www.supersummary.com/subscription/confirming/cancel,,BCM Experience [July 2025] [25% one-time / No Entry Modal],,07-20-2026,,07-22-2026,07-20-2026,07-20-2026,07-20-2026,,07-20-2026,07-20-2027
Wg7MCw4_b95238a2824ee60a,16CGUzUJC01u2Jpqa,,Teachers; Annual,,,[name],[name],,I didn’t expect to be charged,i_didnt_expect_to_be_charged_2010816994,Not ready to commit to annual membership,not_ready_to_commit_to_annual_membership,,Pricing (Digital),pricing_digital,6,Na,,u_bdb52bce3def6664,Na,,,1,,,Canceled,2026-07-22T12:58:08.000Z,2026-07-22T12:58:58.000Z,2026-07-22T12:58:59.000Z,,26.29,2026-07-22T12:58:59.000Z,cancel,Valid Cancel,annual,2027-07-21T19:41:54.000Z,2027-07-21T19:41:54.000Z,3.0,3.0,36.0,Brightback,,,,,,,16CGUzUJC01u2Jpqa,2024-07-21T19:41:52.000Z,,2024-07-21T19:41:54.000Z,,h_d18e651dc50dd9e8,,1,2024-07-21T19:41:54.000Z,USD,u_bdb52bce3def6664,ACTIVE,h_12e19e8c7e1ef680,[name],,,,2026-07-21T19:41:54.000Z,teacher,,1,annual,2024-07-21T19:41:54.000Z,_UNKNOWN,3600,YEAR,,,other,[name],2027-07-21T19:41:54.000Z,,300,,2027-07-21T19:41:54.000Z,2024-07-21T19:41:54.000Z,3600,,,,,,Teacher Experience [July 2025] [40% one-time / Modal],,07-21-2024,,07-22-2026,07-21-2024,07-21-2024,07-21-2024,,07-21-2024,07-21-2027
Wg7MCf1_94af27074f181077,AzZdslVHWUAk31ZyI,,Students; fallback,,,[name],[name],,I didn’t expect to be charged,i_didnt_expect_to_be_charged_2010816994,Not ready to commit to annual membership,not_ready_to_commit_to_annual_membership,,Pricing (Digital),pricing_digital,1,,,u_0f8797020747be6b,,,,0,,,Canceled,2026-07-22T12:41:04.000Z,2026-07-22T12:41:22.000Z,2026-07-22T12:41:23.000Z,,26.3,2026-07-22T12:41:23.000Z,cancel,Valid Cancel,monthly,2026-08-22T12:39:55.000Z,2026-08-22T12:39:55.000Z,9.95,9.95,9.95,Brightback,,,,,,,AzZdslVHWUAk31ZyI,2026-04-22T12:39:53.000Z,,2026-04-22T12:39:55.000Z,,h_5142e770be824cb0,,1,2026-04-22T12:39:55.000Z,USD,u_0f8797020747be6b,ACTIVE,h_764ac1f2b579eb33,[name],,,,2026-07-22T12:39:55.000Z,student,,1,monthly_essentials,2026-04-22T12:39:55.000Z,_UNKNOWN,995,MONTH,,,College,[name],2026-08-22T12:39:55.000Z,,995,,2026-08-22T12:39:55.000Z,2026-04-22T12:39:55.000Z,995,,,,,,Student Experience [July 2025] [25% one-time / No Entry Modal],,04-22-2026,,07-22-2026,04-22-2026,04-22-2026,04-22-2026,,04-22-2026,08-22-2026
Wg7MBAE_82c809ab7dbadf7f,gHcZUJFlDJF2EYY,,Students; Annual,,,[name],[name],,I didn’t expect to be charged,i_didnt_expect_to_be_charged_2010816994,Not ready to commit to annual membership,not_ready_to_commit_to_annual_membership,,Pricing (Digital),pricing_digital,1,G,,u_aa8fafdb6bf4738b,G,,,1,,,Canceled,2026-07-22T11:10:16.000Z,2026-07-22T11:10:31.000Z,2026-07-22T11:10:31.000Z,,26.37,2026-07-22T11:10:31.000Z,cancel,Valid Cancel,annual,2027-07-22T11:08:08.000Z,2027-07-22T11:08:08.000Z,3.0,3.0,36.0,Brightback,,,,,,,gHcZUJFlDJF2EYY,2024-07-22T11:08:07.000Z,,2024-07-22T11:08:08.000Z,,h_c47349eace7fde87,,1,2024-07-22T11:08:08.000Z,USD,u_aa8fafdb6bf4738b,ACTIVE,h_33fe5e6dc0245dff,[name],,,,2026-07-22T11:08:08.000Z,student,,1,annual,2024-07-22T11:08:08.000Z,_UNKNOWN,3600,YEAR,,,College,[name],2027-07-22T11:08:08.000Z,,300,,2027-07-22T11:08:08.000Z,2024-07-22T11:08:08.000Z,3600,,,,,,Student Experience [July 2025] [25% one-time / No Entry Modal],,07-22-2024,,07-22-2026,07-22-2024,07-22-2024,07-22-2024,,07-22-2024,07-22-2027
Wg7M9CG_8bd7f8051213e4ac,1703340,,Students; fallback,,,[name],[name],[name],I didn’t expect to be charged,i_didnt_expect_to_be_charged_2010816994,Not ready to commit to annual membership,not_ready_to_commit_to_annual_membership,,Pricing (Digital),pricing_digital,1,,,u_26a96d491b6dcbac,,,,0,36.0,,Canceled,2026-07-22T09:12:24.000Z,2026-07-22T09:12:47.000Z,2026-07-22T09:12:48.000Z,,26.45,2026-07-22T09:13:12.000Z,cancel,Valid Cancel,annual,2027-07-22T08:54:17.000Z,2027-07-22T08:54:17.000Z,3.0,3.0,36.0,Brightback,,,,,,,1703340,2026-07-22T08:54:16.000Z,,2026-07-22T08:54:17.000Z,,h_a85b7851478e97b9,,1,2026-07-22T08:54:17.000Z,USD,u_26a96d491b6dcbac,ACTIVE,h_2b647cda4d8b5379,[name],36.0,annual_essentials,,2026-07-22T08:54:17.000Z,student,,1,annual_essentials,2026-07-22T08:54:17.000Z,_UNKNOWN,3600,YEAR,annual_essentials,,College,[name],2027-07-22T08:54:17.000Z,,300,,2027-07-22T08:54:17.000Z,2026-07-22T08:54:17.000Z,3600,[name],,https://www.supersummary.com/subscription,https://www.supersummary.com/subscription/confirming/cancel,,Student Experience [July 2025] [25% one-time / No Entry Modal],,07-22-2026,,07-22-2026,07-22-2026,07-22-2026,07-22-2026,,07-22-2026,07-22-2027
Wg7M4M8_a401553258164eac,AzZMyNSxbWUWeHFz,,Students; Monthly,,,[name],[name],,I didn’t expect to be charged,i_didnt_expect_to_be_charged_2010816994,Not ready to commit to annual membership,not_ready_to_commit_to_annual_membership,,Pricing (Digital),pricing_digital,1,,,u_1fee407a8801b867,,,,0,,,Canceled,2026-07-22T04:22:12.000Z,2026-07-22T04:22:28.000Z,2026-07-22T04:22:29.000Z,,26.65,2026-07-22T04:22:29.000Z,cancel,Valid Cancel,monthly,2026-08-16T12:01:41.000Z,2026-08-16T12:01:41.000Z,9.95,9.95,9.95,Brightback,,,,,,,AzZMyNSxbWUWeHFz,2022-02-16T12:01:40.000Z,,2022-02-16T12:01:41.000Z,,h_71ce82d53f595fb2,,1,2022-02-16T12:01:41.000Z,USD,u_1fee407a8801b867,ACTIVE,h_87ec20938df1a76c,[name],,,,2026-07-16T12:01:41.000Z,student,,1,monthly,2022-02-16T12:01:41.000Z,_UNKNOWN,995,MONTH,,,College,[name],2026-08-16T12:01:41.000Z,,995,,2026-08-16T12:01:41.000Z,2022-02-16T12:01:41.000Z,995,,,,,,Student Experience [July 2025] [40% forever / Modal],,02-16-2022,,07-22-2026,02-16-2022,02-16-2022,02-16-2022,,02-16-2022,08-16-2026
Wg7M4A5_9761cf8bde0b079b,1265470,,Book Club Members; Annual,,,[name],[name],[name],I didn’t expect to be charged,i_didnt_expect_to_be_charged_2010816994,Not ready to commit to annual membership,not_ready_to_commit_to_annual_membership,,Pricing (Digital),pricing_digital,6,,,u_4ab7fcb87c675f73,,,,0,36.0,,Canceled,2026-07-22T04:10:32.000Z,2026-07-22T04:10:58.000Z,2026-07-22T04:10:58.000Z,,26.66,2026-07-22T04:10:58.000Z,cancel,Valid Cancel,annual,2027-07-21T22:17:48.000Z,2027-07-21T22:17:48.000Z,3.0,3.0,36.0,Brightback,,,,1,36.0,2026-07-26T22:17:59.000Z,1265470,2025-07-21T22:17:46.000Z,,2025-07-21T22:17:48.000Z,,h_5c8ff0861fe57a3b,,1,2025-07-21T22:17:48.000Z,USD,u_4ab7fcb87c675f73,ACTIVE,h_f4a76ad1fea3fc4a,[name],36.0,annual,,2026-07-21T22:17:48.000Z,book_club_member,,1,annual,2025-07-21T22:17:48.000Z,_UNKNOWN,3600,YEAR,annual,,,[name],2027-07-21T22:17:48.000Z,,300,,2027-07-21T22:17:48.000Z,2025-07-21T22:17:48.000Z,3600,[name],,https://www.supersummary.com/subscription,https://www.supersummary.com/subscription/confirming/cancel,,BCM Experience [July 2025] [25% one-time / No Entry Modal],,07-21-2025,,07-22-2026,07-21-2025,07-21-2025,07-21-2025,,07-21-2025,07-21-2027
Wg7M3Ec_a0185fb4962e1d32,1701053,,Students; fallback,,,[name],[name],[name],I didn’t expect to be charged,i_didnt_expect_to_be_charged_2010816994,Not ready to commit to annual membership,not_ready_to_commit_to_annual_membership,,Pricing (Digital),pricing_digital,2,nothing,,u_169f916bfd8a4cf6,I had to put a cc information in just to look at the information that I needed for less than an hour. ,,,1,16.65,,Canceled,2026-07-22T03:14:44.000Z,2026-07-22T03:16:47.000Z,2026-07-22T03:16:48.000Z,,26.7,2026-07-22T03:16:48.000Z,cancel,Valid Cancel,monthly,2026-08-20T01:42:20.000Z,2026-08-20T01:42:20.000Z,16.65,16.65,16.65,Brightback,,,,,,,1701053,2026-07-20T01:42:17.000Z,,2026-07-20T01:42:20.000Z,,h_e6df680fdcb510ce,,1,2026-07-20T01:42:20.000Z,USD,u_169f916bfd8a4cf6,ACTIVE,h_bb4fe3e787605d6f,[name],16.65,monthly_plus,,2026-07-20T01:42:20.000Z,student,,1,monthly_plus,2026-07-20T01:42:20.000Z,_UNKNOWN,1665,MONTH,monthly_plus,,College,[name],2026-08-20T01:42:20.000Z,,1665,,2026-08-20T01:42:20.000Z,2026-07-20T01:42:20.000Z,1665,[name],,https://www.supersummary.com/subscription,https://www.supersummary.com/subscription/confirming/cancel,,Student Experience [July 2025] [25% one-time / No Entry Modal],,07-20-2026,,07-22-2026,07-20-2026,07-20-2026,07-20-2026,,07-20-2026,08-20-2026
Wg7M2K5_932f417dc6d8137c,16BPPqUxSKFxQ1WXX,,Students; fallback,,,[name],[name],,I didn’t expect to be charged,i_didnt_expect_to_be_charged_2010816994,Not ready to commit to annual membership,not_ready_to_commit_to_annual_membership,,Pricing (Digital),pricing_digital,1,,,u_4d0067c10a8e6617,,,,0,,,Canceled,2026-07-22T02:20:09.000Z,2026-07-22T02:20:46.000Z,2026-07-22T02:20:46.000Z,,26.73,2026-07-22T02:20:46.000Z,cancel,Valid Cancel,monthly,2026-08-21T17:57:49.000Z,2026-08-21T17:57:49.000Z,16.65,16.65,16.65,Brightback,,,,,,,16BPPqUxSKFxQ1WXX,2025-09-21T17:57:47.000Z,,2025-09-21T17:57:49.000Z,,h_8ba7fff7c26d9877,,1,2025-09-21T17:57:49.000Z,USD,u_4d0067c10a8e6617,ACTIVE,h_97f4d3f3344c05f1,[name],,,,2026-07-21T17:57:49.000Z,student,,1,monthly_plus,2025-09-21T17:57:49.000Z,_UNKNOWN,1665,MONTH,,,High School,[name],2026-08-21T17:57:49.000Z,,1665,,2026-08-21T17:57:49.000Z,2025-09-21T17:57:49.000Z,1665,,,,,,Student Experience [July 2025] [25% one-time / No Entry Modal],,09-21-2025,,07-22-2026,09-21-2025,09-21-2025,09-21-2025,,09-21-2025,08-21-2026
Wg7LNsr_8e928ea1ee31243b,1702935,,Book Club Members; fallback,,,[name],[name],[name],I didn’t expect to be charged,i_didnt_expect_to_be_charged_2010816994,Not ready to commit to annual membership,not_ready_to_commit_to_annual_membership,,Pricing (Digital),pricing_digital,3,,,u_0f9cdce30c4b471a,I thought there was a 7 day free trial ,,,1,36.0,,Canceled,2026-07-21T23:54:57.000Z,2026-07-21T23:55:30.000Z,2026-07-21T23:55:30.000Z,,26.83,2026-07-21T23:55:30.000Z,cancel,Valid Cancel,annual,2027-07-21T23:42:39.000Z,2027-07-21T23:42:39.000Z,3.0,3.0,36.0,Brightback,,,,,,,1702935,2026-07-21T23:42:37.000Z,,2026-07-21T23:42:39.000Z,,h_f1381d0c110da4a9,,1,2026-07-21T23:42:39.000Z,USD,u_0f9cdce30c4b471a,ACTIVE,h_e13c37e713da3099,[name],36.0,annual_essentials,,2026-07-21T23:42:39.000Z,book_club_member,,1,annual_essentials,2026-07-21T23:42:39.000Z,_UNKNOWN,3600,YEAR,annual_essentials,,,[name],2027-07-21T23:42:39.000Z,,300,,2027-07-21T23:42:39.000Z,2026-07-21T23:42:39.000Z,3600,[name],,https://www.supersummary.com/subscription,https://www.supersummary.com/subscription/confirming/cancel,,BCM Experience [July 2025] [25% one-time / No Entry Modal],,07-21-2026,,07-21-2026,07-21-2026,07-21-2026,07-21-2026,,07-21-2026,07-21-2027
Wg7LK5u_b0dfc70a3238ca84,Azyyx8UrVLM6G4NXk,,Book Club Members; Annual,,,[name],[name],,I didn’t expect to be charged,i_didnt_expect_to_be_charged_2010816994,Not ready to commit to annual membership,not_ready_to_commit_to_annual_membership,,Pricing (Digital),pricing_digital,1,,,u_6f073921ebc56b45,,,,0,,,Canceled,2026-07-21T20:06:00.000Z,2026-07-21T20:06:27.000Z,2026-07-21T20:06:28.000Z,,26.99,2026-07-21T20:06:28.000Z,cancel,Valid Cancel,annual,2027-07-20T15:27:43.000Z,2027-07-20T15:27:43.000Z,3.0,3.0,36.0,Brightback,,,,,,,Azyyx8UrVLM6G4NXk,2025-07-20T15:27:42.000Z,,2025-07-20T15:27:43.000Z,,h_1b58c12e6718a181,,1,2025-07-20T15:27:43.000Z,USD,u_6f073921ebc56b45,ACTIVE,h_159882a164d88e2b,[name],,,,2026-07-20T15:27:43.000Z,book_club_member,,1,annual,2025-07-20T15:27:43.000Z,_UNKNOWN,3600,YEAR,,,,[name],2027-07-20T15:27:43.000Z,,300,,2027-07-20T15:27:43.000Z,2025-07-20T15:27:43.000Z,3600,,,,,,BCM Experience [July 2025] [25% one-time / No Entry Modal],,07-20-2025,,07-21-2026,07-20-2025,07-20-2025,07-20-2025,,07-20-2025,07-20-2027
Wg7LHxf_9c73c0820c96fc9e,AzqAT0UrbnoKY3Bra,,Students; Annual,,,[name],[name],,I didn’t expect to be charged,i_didnt_expect_to_be_charged_2010816994,Not ready to commit to annual membership,not_ready_to_commit_to_annual_membership,,Pricing (Digital),pricing_digital,1,,,u_4e13b8484ce12b87,,,,0,,,Canceled,2026-07-21T17:59:49.000Z,2026-07-21T18:00:14.000Z,2026-07-21T18:00:15.000Z,,27.08,2026-07-21T18:00:15.000Z,cancel,Valid Cancel,annual,2027-07-21T17:58:23.000Z,2027-07-21T17:58:23.000Z,3.0,3.0,36.0,Brightback,,,,,,,AzqAT0UrbnoKY3Bra,2025-07-21T17:58:21.000Z,,2025-07-21T17:58:23.000Z,,h_e38414ae5763b43c,,1,2025-07-21T17:58:23.000Z,USD,u_4e13b8484ce12b87,ACTIVE,h_c5e3d656c91aa4fa,[name],,,,2026-07-21T17:58:23.000Z,student,,1,annual,2025-07-21T17:58:23.000Z,_UNKNOWN,3600,YEAR,,,High School,[name],2027-07-21T17:58:23.000Z,,300,,2027-07-21T17:58:23.000Z,2025-07-21T17:58:23.000Z,3600,,,,,,Student Experience [July 2025] [25% one-time / No Entry Modal],,07-21-2025,,07-21-2026,07-21-2025,07-21-2025,07-21-2025,,07-21-2025,07-21-2027
Wg7LG7b_b392393c6c72c39d,169wy5VPUCcJE2kMm,,Book Club Members; fallback,,,[name],[name],,I didn’t expect to be charged,i_didnt_expect_to_be_charged_2010816994,Not ready to commit to annual membership,not_ready_to_commit_to_annual_membership,,Pricing (Digital),pricing_digital,3,,,u_2a4d2f956aa8f30b,,,,0,,,Canceled,2026-07-21T16:07:42.000Z,2026-07-21T16:08:28.000Z,2026-07-21T16:08:28.000Z,,27.16,2026-07-21T16:08:28.000Z,cancel,Valid Cancel,annual,2027-07-15T23:08:41.000Z,2027-07-15T23:08:41.000Z,5.0,5.0,60.0,Brightback,,,,,,,169wy5VPUCcJE2kMm,2026-07-15T23:08:39.000Z,,2026-07-15T23:08:41.000Z,,h_07a352783d34f462,,1,2026-07-15T23:08:41.000Z,USD,u_2a4d2f956aa8f30b,ACTIVE,h_bd00ac4db3765f4d,[name],,,,2026-07-15T23:08:41.000Z,book_club_member,,1,annual_plus,2026-07-15T23:08:41.000Z,_UNKNOWN,6000,YEAR,,,,[name],2027-07-15T23:08:41.000Z,,500,,2027-07-15T23:08:41.000Z,2026-07-15T23:08:41.000Z,6000,,,,,,BCM Experience [July 2025] [25% one-time / No Entry Modal],,07-15-2026,,07-21-2026,07-15-2026,07-15-2026,07-15-2026,,07-15-2026,07-15-2027
Wg7LElv_ae86ed68800b4802,1674469,,Students; fallback,,,[name],[name],[name],I didn’t expect to be charged,i_didnt_expect_to_be_charged_2010816994,Not ready to commit to annual membership,not_ready_to_commit_to_annual_membership,,Pricing (Digital),pricing_digital,5,,,u_8293d5e77b5041db,,,,0,9.95,,Canceled,2026-07-21T14:48:06.000Z,2026-07-21T14:48:41.000Z,2026-07-21T14:48:42.000Z,,27.21,2026-07-21T14:48:42.000Z,cancel,Valid Cancel,monthly,2026-08-14T11:28:39.000Z,2026-08-14T11:28:39.000Z,9.95,9.95,9.95,Brightback,,,,,,,1674469,2026-06-14T11:27:55.000Z,,2026-06-14T11:28:39.000Z,,h_286c16fe1a7a5fa5,,1,2026-06-14T11:28:39.000Z,USD,u_8293d5e77b5041db,ACTIVE,h_fa54ce635062684e,[name],9.95,monthly_essentials,,2026-07-14T11:28:39.000Z,student,,1,monthly_essentials,2026-06-14T11:28:39.000Z,_UNKNOWN,995,MONTH,monthly_essentials,,High School,[name],2026-08-14T11:28:39.000Z,,995,,2026-08-14T11:28:39.000Z,2026-06-14T11:28:39.000Z,995,[name],,https://www.supersummary.com/subscription,https://www.supersummary.com/subscription/confirming/cancel,,Student Experience [July 2025] [25% one-time / No Entry Modal],,06-14-2026,,07-21-2026,06-14-2026,06-14-2026,06-14-2026,,06-14-2026,08-14-2026
Wg7L3mR_9814b2e2f69e0db2,AzyZFMVHNuXyw2Uva,,Students; fallback,,,[name],[name],,I didn’t expect to be charged,i_didnt_expect_to_be_charged_2010816994,Not ready to commit to annual membership,not_ready_to_commit_to_annual_membership,,Pricing (Digital),pricing_digital,1,,,u_b298d22618ed123f,,,,0,,,Canceled,2026-07-21T03:48:29.000Z,2026-07-21T03:49:18.000Z,2026-07-21T03:49:27.000Z,,27.67,2026-07-21T03:49:27.000Z,cancel,Valid Cancel,monthly,2026-08-21T01:28:13.000Z,2026-08-21T01:28:13.000Z,9.95,9.95,9.95,Brightback,,,,,,,AzyZFMVHNuXyw2Uva,2026-04-21T01:28:10.000Z,,2026-04-21T01:28:13.000Z,,h_71551c37c24f8156,,1,2026-04-21T01:28:13.000Z,USD,u_b298d22618ed123f,ACTIVE,h_d10470eb0305dba0,[name],,,,2026-07-21T01:28:13.000Z,student,,1,monthly_essentials,2026-04-21T01:28:13.000Z,_UNKNOWN,995,MONTH,,,College,[name],2026-08-21T01:28:13.000Z,,995,,2026-08-21T01:28:13.000Z,2026-04-21T01:28:13.000Z,995,,,,,,Student Experience [July 2025] [25% one-time / No Entry Modal],,04-21-2026,,07-21-2026,04-21-2026,04-21-2026,04-21-2026,,04-21-2026,08-21-2026
Wg7KNnX_ab16c89b291977d8,169vN0VES2Stv4pGi,,Students; fallback,,,[name],[name],,I didn’t expect to be charged,i_didnt_expect_to_be_charged_2010816994,Not ready to commit to annual membership,not_ready_to_commit_to_annual_membership,,Pricing (Digital),pricing_digital,1,,,u_e7f74c390834ab57,,,,0,,,Canceled,2026-07-20T23:49:36.000Z,2026-07-20T23:49:54.000Z,2026-07-20T23:49:54.000Z,,27.84,2026-07-20T23:49:54.000Z,cancel,Valid Cancel,monthly,2026-08-20T22:58:07.000Z,2026-08-20T22:58:07.000Z,9.95,9.95,9.95,Brightback,,,,1,9.95,2026-07-21T22:58:12.000Z,169vN0VES2Stv4pGi,2026-03-20T22:58:06.000Z,,2026-03-20T22:58:07.000Z,,h_87ede2c8cf2c99cb,,1,2026-03-20T22:58:07.000Z,USD,u_e7f74c390834ab57,ACTIVE,h_491525ff39a13917,[name],,,,2026-07-20T22:58:07.000Z,student,,1,monthly_essentials,2026-03-20T22:58:07.000Z,_UNKNOWN,995,MONTH,,,College,[name],2026-08-20T22:58:07.000Z,,995,,2026-08-20T22:58:07.000Z,2026-03-20T22:58:07.000Z,995,,,,,,Student Experience [July 2025] [25% one-time / No Entry Modal],,03-20-2026,,07-20-2026,03-20-2026,03-20-2026,03-20-2026,,03-20-2026,08-20-2026
Wg7KNJu_947d13252297ea12,Azz5gcVPs8rGo7G8d,,Book Club Members; fallback,,,[name],[name],,I didn’t expect to be charged,i_didnt_expect_to_be_charged_2010816994,Not ready to commit to annual membership,not_ready_to_commit_to_annual_membership,,Pricing (Digital),pricing_digital,5,,,u_6fa310a98e9bce4f,,,,0,,,Canceled,2026-07-20T23:19:58.000Z,2026-07-20T23:20:14.000Z,2026-07-20T23:20:14.000Z,,27.86,2026-07-20T23:20:14.000Z,cancel,Valid Cancel,annual,2027-07-20T01:24:17.000Z,2027-07-20T01:24:17.000Z,3.0,3.0,36.0,Brightback,,,,,,,Azz5gcVPs8rGo7G8d,2026-07-20T01:21:32.000Z,,2026-07-20T01:24:17.000Z,,h_d399fa94fff4243f,,1,2026-07-20T01:24:17.000Z,USD,u_6fa310a98e9bce4f,ACTIVE,h_9cec2e218149088a,[name],,,,2026-07-20T01:24:17.000Z,book_club_member,,1,annual_essentials,2026-07-20T01:24:17.000Z,_UNKNOWN,3600,YEAR,,,,[name],2027-07-20T01:24:17.000Z,,300,,2027-07-20T01:24:17.000Z,2026-07-20T01:24:17.000Z,3600,,,,,,BCM Experience [July 2025] [25% one-time / No Entry Modal],,07-20-2026,,07-20-2026,07-20-2026,07-20-2026,07-20-2026,,07-20-2026,07-20-2027
Wg7KMPc_9915f01f24d1114d,16CLZ5VPvMBEt1RR6,,Students; fallback,,,[name],[name],,I didn’t expect to be charged,i_didnt_expect_to_be_charged_2010816994,Not ready to commit to annual membership,not_ready_to_commit_to_annual_membership,,Pricing (Digital),pricing_digital,5,,,u_e2e7ebc1ace44e56,,,,0,,,Canceled,2026-07-20T22:25:42.000Z,2026-07-20T22:26:04.000Z,2026-07-20T22:26:04.000Z,,27.9,2026-07-20T22:26:04.000Z,cancel,Valid Cancel,annual,2027-07-20T14:36:01.000Z,2027-07-20T14:36:01.000Z,5.0,5.0,60.0,Brightback,,,,,,,16CLZ5VPvMBEt1RR6,2026-07-20T14:35:58.000Z,,2026-07-20T14:36:01.000Z,,h_b7dde12418bfea54,,1,2026-07-20T14:36:01.000Z,USD,u_e2e7ebc1ace44e56,ACTIVE,h_a88f316f2171ebd3,[name],,,,2026-07-20T14:36:01.000Z,student,,1,annual_plus,2026-07-20T14:36:01.000Z,_UNKNOWN,6000,YEAR,,,College,[name],2027-07-20T14:36:01.000Z,,500,,2027-07-20T14:36:01.000Z,2026-07-20T14:36:01.000Z,6000,,,,,,Student Experience [July 2025] [25% one-time / No Entry Modal],,07-20-2026,,07-20-2026,07-20-2026,07-20-2026,07-20-2026,,07-20-2026,07-20-2027
Wg7KKeP_b03c89d7e03caef1,AzqJdUVJvbKirAYVf,,Students; fallback,,,[name],[name],,I didn’t expect to be charged,i_didnt_expect_to_be_charged_2010816994,Not ready to commit to annual membership,not_ready_to_commit_to_annual_membership,,Pricing (Digital),pricing_digital,3,Nothing,,u_ff03b381568aacfc,Nothing,,,1,,,Canceled,2026-07-20T20:40:27.000Z,2026-07-20T20:40:55.000Z,2026-07-20T22:00:46.000Z,,27.97,2026-07-20T22:00:46.000Z,cancel,Valid Cancel,monthly,2026-08-18T00:42:55.000Z,2026-08-18T00:42:55.000Z,16.65,16.65,16.65,Brightback,,,,,,,AzqJdUVJvbKirAYVf,2026-05-18T00:42:54.000Z,,2026-05-18T00:42:55.000Z,,h_c69d831d3a25a40b,,1,2026-05-18T00:42:55.000Z,USD,u_ff03b381568aacfc,ACTIVE,h_ba7f9abd437e826f,[name],,,,2026-07-18T00:42:55.000Z,student,,1,monthly_plus,2026-05-18T00:42:55.000Z,_UNKNOWN,1665,MONTH,,,High School,[name],2026-08-18T00:42:55.000Z,,1665,,2026-08-18T00:42:55.000Z,2026-05-18T00:42:55.000Z,1665,,,,,,Student Experience [July 2025] [25% one-time / No Entry Modal],,05-18-2026,,07-20-2026,05-18-2026,05-18-2026,05-18-2026,,05-18-2026,08-18-2026
Wg7KHVU_8c71315f18f19a68,1698501,,Parents; fallback,,,[name],[name],[name],I didn’t expect to be charged,i_didnt_expect_to_be_charged_2010816994,Not ready to commit to annual membership,not_ready_to_commit_to_annual_membership,,Pricing (Digital),pricing_digital,5,TBD,,u_d856e9dc52150c9a,N/A,,,1,60.0,,Canceled,2026-07-20T17:31:35.000Z,2026-07-20T17:32:18.000Z,2026-07-20T17:32:18.000Z,,28.1,2026-07-20T17:32:18.000Z,cancel,Valid Cancel,annual,2027-07-16T12:37:16.000Z,2027-07-16T12:37:16.000Z,5.0,5.0,60.0,Brightback,,,,,,,1698501,2026-07-16T12:37:14.000Z,,2026-07-16T12:37:16.000Z,,h_0c80e101d1b46fdf,,1,2026-07-16T12:37:16.000Z,USD,u_d856e9dc52150c9a,ACTIVE,h_dd7dc14fe00538b1,[name],60.0,annual_plus,,2026-07-16T12:37:16.000Z,parent_of_student,,1,annual_plus,2026-07-16T12:37:16.000Z,_UNKNOWN,6000,YEAR,annual_plus,,Middle School,[name],2027-07-16T12:37:16.000Z,,500,,2027-07-16T12:37:16.000Z,2026-07-16T12:37:16.000Z,6000,[name],,https://www.supersummary.com/subscription,https://www.supersummary.com/subscription/confirming/cancel,,Parent Experience [July 2025] [25% one-time / No Entry Modal],,07-16-2026,,07-20-2026,07-16-2026,07-16-2026,07-16-2026,,07-16-2026,07-16-2027
Wg7KB6i_bbfb175d8034e997,AzqUHcVPuUqrJxGy,,Book Club Members; fallback,,,[name],[name],,I didn’t expect to be charged,i_didnt_expect_to_be_charged_2010816994,Not ready to commit to annual membership,not_ready_to_commit_to_annual_membership,,Pricing (Digital),pricing_digital,9,,,u_813549d105d4ea23,,,,0,,,Canceled,2026-07-20T11:06:49.000Z,2026-07-20T11:07:16.000Z,2026-07-20T11:07:16.000Z,,28.37,2026-07-20T11:07:16.000Z,cancel,Valid Cancel,annual,2026-07-20T19:09:43.000Z,2026-07-20T19:09:43.000Z,5.0,5.0,60.0,Brightback,,,,,,,AzqUHcVPuUqrJxGy,2026-07-20T11:04:09.000Z,,2026-07-20T11:04:11.000Z,,h_ff3f733a9b7fcc95,,1,2026-07-20T11:04:11.000Z,USD,u_813549d105d4ea23,ACTIVE,h_f14d8cd9611d4814,[name],,,,2026-07-20T11:04:11.000Z,book_club_member,,1,annual_plus,2026-07-20T11:04:11.000Z,_UNKNOWN,6000,YEAR,,,,[name],2027-07-20T11:04:11.000Z,,500,,2027-07-20T11:04:11.000Z,2026-07-20T11:04:11.000Z,6000,,,,,,BCM Experience [July 2025] [25% one-time / No Entry Modal],,07-20-2026,,07-20-2026,07-20-2026,07-20-2026,07-20-2026,,07-20-2026,07-20-2027
Wg7K7Dd_8569810dc1a88d05,16BZVlVPtYGwtZ3G,,Parents; fallback,,,[name],[name],,I didn’t expect to be charged,i_didnt_expect_to_be_charged_2010816994,Not ready to commit to annual membership,not_ready_to_commit_to_annual_membership,,Pricing (Digital),pricing_digital,1,,,u_3294ec8b7f5e6666,,,,0,,,Canceled,2026-07-20T07:13:42.000Z,2026-07-20T07:14:02.000Z,2026-07-20T07:14:02.000Z,,28.53,2026-07-20T07:14:02.000Z,cancel,Valid Cancel,annual,2026-07-20T07:22:13.000Z,2026-07-20T07:22:13.000Z,5.0,5.0,60.0,Brightback,,,,,,,16BZVlVPtYGwtZ3G,2026-07-20T07:11:28.000Z,,2026-07-20T07:11:30.000Z,,h_f060a60280fb916e,,1,2026-07-20T07:11:30.000Z,USD,u_3294ec8b7f5e6666,ACTIVE,h_ad35f3afb8e7ecaf,[name],,,,2026-07-20T07:11:30.000Z,parent_of_student,,1,annual_plus,2026-07-20T07:11:30.000Z,_UNKNOWN,6000,YEAR,,,High School,[name],2027-07-20T07:11:30.000Z,,500,,2027-07-20T07:11:30.000Z,2026-07-20T07:11:30.000Z,6000,,,,,,Parent Experience [July 2025] [25% one-time / No Entry Modal],,07-20-2026,,07-20-2026,07-20-2026,07-20-2026,07-20-2026,,07-20-2026,07-20-2027
Wg7JNtD_a3d6e828e57c732b,AzqZmNVPrhMmP1MG,,fallback,,,[name],[name],,I didn’t expect to be charged,i_didnt_expect_to_be_charged_2010816994,Not ready to commit to annual membership,not_ready_to_commit_to_annual_membership,,Pricing (Digital),pricing_digital,5,,,u_54480b359545ee08,,,,0,,,Canceled,2026-07-19T23:55:17.000Z,2026-07-19T23:55:40.000Z,2026-07-19T23:55:41.000Z,,28.83,2026-07-19T23:55:41.000Z,cancel,Valid Cancel,annual,2026-07-20T06:30:37.000Z,2026-07-20T06:30:37.000Z,3.0,3.0,36.0,Brightback,,,,,,,AzqZmNVPrhMmP1MG,2026-07-19T23:35:03.000Z,,2026-07-19T23:35:05.000Z,,h_51c021d2f2b1abb9,,1,2026-07-19T23:35:05.000Z,USD,u_54480b359545ee08,ACTIVE,h_23810be1c778b976,[name],,,,2026-07-19T23:35:05.000Z,other,,1,annual_essentials,2026-07-19T23:35:05.000Z,_UNKNOWN,3600,YEAR,,,,[name],2027-07-19T23:35:05.000Z,,300,,2027-07-19T23:35:05.000Z,2026-07-19T23:35:05.000Z,3600,,,,,,Default/Fallback [July 2025] [25% one time / No entry modal],,07-19-2026,,07-19-2026,07-19-2026,07-19-2026,07-19-2026,,07-19-2026,07-19-2027
Wg7JNCK_babd91e4936ab527,387013,,Students; Annual,,,[name],[name],[name],I didn’t expect to be charged,i_didnt_expect_to_be_charged_2010816994,Not ready to commit to annual membership,not_ready_to_commit_to_annual_membership,,Pricing (Digital),pricing_digital,1,,,u_9dd80bc1961c51ff,,,,0,36.0,,Canceled,2026-07-19T23:12:31.000Z,2026-07-19T23:12:53.000Z,2026-07-19T23:12:53.000Z,,28.86,2026-07-19T23:12:53.000Z,cancel,Valid Cancel,annual,2027-07-09T07:25:16.000Z,2027-07-09T07:25:16.000Z,3.0,3.0,36.0,Brightback,,,,,,,387013,2023-07-09T07:25:14.000Z,,2023-07-09T07:25:16.000Z,,h_59d707be25e46803,,1,2023-07-09T07:25:16.000Z,USD,u_9dd80bc1961c51ff,ACTIVE,h_3a678dee3a807e90,[name],36.0,annual,,2026-07-09T07:25:16.000Z,student,,1,annual,2023-07-09T07:25:16.000Z,_UNKNOWN,3600,YEAR,annual,,College,[name],2027-07-09T07:25:16.000Z,,300,,2027-07-09T07:25:16.000Z,2023-07-09T07:25:16.000Z,3600,[name],,https://www.supersummary.com/subscription,https://www.supersummary.com/subscription/confirming/cancel,,Student Experience [July 2025] [25% one-time / No Entry Modal],,07-09-2023,,07-19-2026,07-09-2023,07-09-2023,07-09-2023,,07-09-2023,07-09-2027
Wg7JN6m_b25cc50c96f34c04,1698789,,Teachers; fallback,,,[name],[name],[name],I didn’t expect to be charged,i_didnt_expect_to_be_charged_2010816994,Not ready to commit to annual membership,not_ready_to_commit_to_annual_membership,,Pricing (Digital),pricing_digital,5,what happened to first 7 days free? I was already charged? Am I getting a refund? ,,u_e78f014bf62639d8,Return my money,,,1,36.0,,Canceled,2026-07-19T23:07:16.000Z,2026-07-19T23:09:34.000Z,2026-07-19T23:09:35.000Z,,28.87,2026-07-19T23:09:35.000Z,cancel,Valid Cancel,annual,2026-07-20T06:35:46.000Z,2026-07-20T06:35:46.000Z,3.0,3.0,36.0,Brightback,,,,,,,1698789,2026-07-16T19:35:08.000Z,,2026-07-16T19:35:11.000Z,,h_74aebd3e4636abdb,,1,2026-07-16T19:35:11.000Z,USD,u_e78f014bf62639d8,ACTIVE,h_600a1b1020cc5c6e,[name],36.0,annual_essentials,,2026-07-16T19:35:11.000Z,teacher,,1,annual_essentials,2026-07-16T19:35:11.000Z,_UNKNOWN,3600,YEAR,annual_essentials,,High School,[name],2027-07-16T19:35:11.000Z,,300,,2027-07-16T19:35:11.000Z,2026-07-16T19:35:11.000Z,3600,[name],,https://www.supersummary.com/subscription,https://www.supersummary.com/subscription/confirming/cancel,,Teacher Experience [July 2025] [40% one-time / Modal],,07-16-2026,,07-19-2026,07-16-2026,07-16-2026,07-16-2026,,07-16-2026,07-16-2027
Wg7JMKS_9530e0b19b6ace86,16CPRSVPrGPm97POr,,Parents; fallback,,,[name],[name],,I didn’t expect to be charged,i_didnt_expect_to_be_charged_2010816994,Not ready to commit to annual membership,not_ready_to_commit_to_annual_membership,,Pricing (Digital),pricing_digital,1,,,u_380d6dcc978994bd,,,,0,,,Canceled,2026-07-19T22:20:32.000Z,2026-07-19T22:21:03.000Z,2026-07-19T22:21:04.000Z,,28.9,2026-07-19T22:21:04.000Z,cancel,Valid Cancel,annual,2026-07-20T06:36:12.000Z,2026-07-20T06:36:12.000Z,3.0,3.0,36.0,Brightback,,,,,,,16CPRSVPrGPm97POr,2026-07-19T21:47:10.000Z,,2026-07-19T21:48:02.000Z,,h_44ae1dd64d0c5fd3,,1,2026-07-19T21:48:02.000Z,USD,u_380d6dcc978994bd,ACTIVE,h_3007b569ebc62b6b,[name],,,,2026-07-19T21:48:02.000Z,parent_of_student,,1,annual_essentials,2026-07-19T21:48:02.000Z,_UNKNOWN,3600,YEAR,,,Postgrad Program,[name],2027-07-19T21:48:02.000Z,,300,,2027-07-19T21:48:02.000Z,2026-07-19T21:48:02.000Z,3600,,,,,,Parent Experience [July 2025] [25% one-time / No Entry Modal],,07-19-2026,,07-19-2026,07-19-2026,07-19-2026,07-19-2026,,07-19-2026,07-19-2027
Wg7JJiY_ac2d21d8ce55e8f4,342249,,Students; fallback,,,[name],[name],[name],I didn’t expect to be charged,i_didnt_expect_to_be_charged_2010816994,Not ready to commit to annual membership,not_ready_to_commit_to_annual_membership,,Pricing (Digital),pricing_digital,1,,,u_67accb70da1ff7e9,,,,0,60.0,,Canceled,2026-07-19T19:44:40.000Z,2026-07-19T19:45:03.000Z,2026-07-19T19:45:03.000Z,,29.01,2026-07-19T19:45:03.000Z,cancel,Valid Cancel,annual,2026-07-20T07:20:13.000Z,2026-07-20T07:20:13.000Z,5.0,5.0,60.0,Brightback,,,,,,,342249,2023-04-03T12:19:59.000Z,,2026-07-19T15:58:07.000Z,,h_69270fac68b7b5c4,,1,2026-07-19T15:58:07.000Z,USD,u_67accb70da1ff7e9,ACTIVE,h_d7bb863c3dc0768a,[name],60.0,annual_plus,,2026-07-19T15:58:07.000Z,student,,1,annual_plus,2026-07-19T15:58:07.000Z,_UNKNOWN,6000,YEAR,annual_plus,,College,[name],2027-07-19T15:58:07.000Z,,500,,2027-07-19T15:58:07.000Z,2026-07-19T15:58:07.000Z,6000,[name],,https://www.supersummary.com/subscription,https://www.supersummary.com/subscription/confirming/cancel,,Student Experience [July 2025] [25% one-time / No Entry Modal],,07-19-2026,,07-19-2026,07-19-2026,07-19-2026,04-03-2023,,07-19-2026,07-19-2027
Wg7JFiD_b2f7e2cc981e6012,16CWbcVN0MEzo1U9Z,,Teachers; fallback,,,[name],[name],,I didn’t expect to be charged,i_didnt_expect_to_be_charged_2010816994,Not ready to commit to annual membership,not_ready_to_commit_to_annual_membership,,Pricing (Digital),pricing_digital,1,,,u_8fc857b95aa49ccc,,,,0,,,Canceled,2026-07-19T15:44:16.000Z,2026-07-19T15:44:40.000Z,2026-07-19T15:44:40.000Z,,29.18,2026-07-19T15:44:40.000Z,cancel,Valid Cancel,monthly,2026-07-20T06:52:14.000Z,2026-07-20T06:52:14.000Z,9.95,9.95,9.95,Brightback,,,,,,,16CWbcVN0MEzo1U9Z,2026-06-19T15:40:57.000Z,,2026-06-19T15:40:59.000Z,,h_10bdc3748a69d7a6,,1,2026-06-19T15:40:59.000Z,USD,u_8fc857b95aa49ccc,ACTIVE,h_2a3a666732f35874,[name],,,,2026-07-19T15:40:59.000Z,teacher,,1,monthly_essentials,2026-06-19T15:40:59.000Z,_UNKNOWN,995,MONTH,,,Postgrad Program,[name],2026-08-19T15:40:59.000Z,,995,,2026-08-19T15:40:59.000Z,2026-06-19T15:40:59.000Z,995,,,,,,Teacher Experience [July 2025] [40% one-time / Modal],,06-19-2026,,07-19-2026,06-19-2026,06-19-2026,06-19-2026,,06-19-2026,08-19-2026
Wg7INQj_97a9bd4abde3b7fa,Azz3SjVPloPrU5Ar4,,fallback,,,[name],[name],,I didn’t expect to be charged,i_didnt_expect_to_be_charged_2010816994,Not ready to commit to annual membership,not_ready_to_commit_to_annual_membership,,Pricing (Digital),pricing_digital,4,,,u_32dfa4aa4d6ee78d,,,,0,,,Canceled,2026-07-18T23:26:48.000Z,2026-07-18T23:27:06.000Z,2026-07-18T23:27:07.000Z,,29.85,2026-07-18T23:27:07.000Z,cancel,Valid Cancel,monthly,2026-08-18T23:25:27.000Z,2026-08-18T23:25:27.000Z,16.65,16.65,16.65,Brightback,,,,,,,Azz3SjVPloPrU5Ar4,2026-07-18T23:25:26.000Z,,2026-07-18T23:25:27.000Z,,h_b2585f9c34b73cad,,1,2026-07-18T23:25:27.000Z,USD,u_32dfa4aa4d6ee78d,ACTIVE,h_e5385fd38a63fb7f,[name],,,,2026-07-18T23:25:27.000Z,other,,1,monthly_plus,2026-07-18T23:25:27.000Z,_UNKNOWN,1665,MONTH,,,,[name],2026-08-18T23:25:27.000Z,,1665,,2026-08-18T23:25:27.000Z,2026-07-18T23:25:27.000Z,1665,,,,,,Default/Fallback [July 2025] [25% one time / No entry modal],,07-18-2026,,07-18-2026,07-18-2026,07-18-2026,07-18-2026,,07-18-2026,08-18-2026
Wg7IMSD_896274c3fa87f61a,Azq9XPTiy4Mi11mW8,,Students; Annual,,,[name],[name],,I didn’t expect to be charged,i_didnt_expect_to_be_charged_2010816994,Not ready to commit to annual membership,not_ready_to_commit_to_annual_membership,,Pricing (Digital),pricing_digital,1,,,u_ad8ff696d527e0df,,,,0,,,Canceled,2026-07-18T22:28:17.000Z,2026-07-18T22:28:36.000Z,2026-07-18T22:28:36.000Z,,29.89,2026-07-18T22:28:36.000Z,cancel,Valid Cancel,annual,2027-07-03T17:11:37.000Z,2027-07-03T17:11:37.000Z,3.0,3.0,36.0,Brightback,,,,,,,Azq9XPTiy4Mi11mW8,2023-07-03T17:11:35.000Z,,2023-07-03T17:11:37.000Z,,h_b34699ce34120da5,,1,2023-07-03T17:11:37.000Z,USD,u_ad8ff696d527e0df,ACTIVE,h_396289a0d6c62243,[name],,,,2026-07-03T17:11:37.000Z,student,,1,annual,2023-07-03T17:11:37.000Z,_UNKNOWN,3600,YEAR,,,Postgrad Program,[name],2027-07-03T17:11:37.000Z,,300,,2027-07-03T17:11:37.000Z,2023-07-03T17:11:37.000Z,3600,,,,,,Student Experience [July 2025] [25% one-time / No Entry Modal],,07-03-2023,,07-18-2026,07-03-2023,07-03-2023,07-03-2023,,07-03-2023,07-03-2027
Wg7IKBw_9b917e0e7a43766e,AzqgDYVPl1IV54s9m,,Book Club Members; fallback,,,[name],[name],,I didn’t expect to be charged,i_didnt_expect_to_be_charged_2010816994,Not ready to commit to annual membership,not_ready_to_commit_to_annual_membership,,Pricing (Digital),pricing_digital,1,,,u_dd04e6c8ed54139b,Do the free trial that it said,,,1,,,Canceled,2026-07-18T20:12:01.000Z,2026-07-18T20:13:26.000Z,2026-07-18T20:13:26.000Z,,29.99,2026-07-18T20:13:26.000Z,cancel,Valid Cancel,annual,2027-07-18T20:10:21.000Z,2027-07-18T20:10:21.000Z,5.0,5.0,60.0,Brightback,,,,,,,AzqgDYVPl1IV54s9m,2026-07-18T20:10:19.000Z,,2026-07-18T20:10:21.000Z,,h_0e668339a10c7607,,1,2026-07-18T20:10:21.000Z,USD,u_dd04e6c8ed54139b,ACTIVE,h_536d29de88ee2cbf,[name],,,,2026-07-18T20:10:21.000Z,book_club_member,,1,annual_plus,2026-07-18T20:10:21.000Z,_UNKNOWN,6000,YEAR,,,,[name],2027-07-18T20:10:21.000Z,,500,,2027-07-18T20:10:21.000Z,2026-07-18T20:10:21.000Z,6000,,,,,,BCM Experience [July 2025] [25% one-time / No Entry Modal],,07-18-2026,,07-18-2026,07-18-2026,07-18-2026,07-18-2026,,07-18-2026,07-18-2027
Wg7IGO1_a455150f17c3f9e5,16CLm6VMipSKE1ulb,,Book Club Members; fallback,,,[name],[name],,I didn’t expect to be charged,i_didnt_expect_to_be_charged_2010816994,Not ready to commit to annual membership,not_ready_to_commit_to_annual_membership,,Pricing (Digital),pricing_digital,6,,,u_73831c56ac2d6b9c,,,,0,,,Canceled,2026-07-18T16:24:03.000Z,2026-07-18T16:24:23.000Z,2026-07-28T22:32:40.000Z,,30.15,2026-07-28T22:32:40.000Z,cancel,Valid Cancel,monthly,2026-08-16T15:44:07.000Z,2026-08-16T15:44:07.000Z,9.95,9.95,9.95,Brightback,,,,,,,16CLm6VMipSKE1ulb,2026-06-16T15:44:04.000Z,,2026-06-16T15:44:07.000Z,,h_1c98cf31d98f46da,,1,2026-06-16T15:44:07.000Z,USD,u_73831c56ac2d6b9c,ACTIVE,h_fbbb9046373f5817,[name],,,,2026-07-16T15:44:07.000Z,book_club_member,,1,monthly_essentials,2026-06-16T15:44:07.000Z,_UNKNOWN,995,MONTH,,,,[name],2026-08-16T15:44:07.000Z,,995,,2026-08-16T15:44:07.000Z,2026-06-16T15:44:07.000Z,995,,,,,,BCM Experience [July 2025] [25% one-time / No Entry Modal],,06-16-2026,,07-18-2026,06-16-2026,06-16-2026,06-16-2026,,06-16-2026,08-16-2026
Wg7IEgg_8193814552aa5a72,Azz1UwUrDjQrl2SLZ,,Parents; Annual,,,[name],[name],,I didn’t expect to be charged,i_didnt_expect_to_be_charged_2010816994,Not ready to commit to annual membership,not_ready_to_commit_to_annual_membership,,Pricing (Digital),pricing_digital,6,,,u_1ffd67f39295b3b4,,,,0,,,Canceled,2026-07-18T14:42:47.000Z,2026-07-18T14:43:46.000Z,2026-07-18T14:43:46.000Z,,30.22,2026-07-18T14:43:46.000Z,cancel,Valid Cancel,annual,2027-07-17T15:10:28.000Z,2027-07-17T15:10:28.000Z,3.0,3.0,36.0,Brightback,,,,,,,Azz1UwUrDjQrl2SLZ,2025-07-17T15:10:24.000Z,,2025-07-17T15:10:28.000Z,,h_1677ac91975dccb5,,1,2025-07-17T15:10:28.000Z,USD,u_1ffd67f39295b3b4,ACTIVE,h_5aaa57a9ae7e5b8c,[name],,,,2026-07-17T15:10:28.000Z,parent_of_student,,1,annual,2025-07-17T15:10:28.000Z,_UNKNOWN,3600,YEAR,,,Middle School,[name],2027-07-17T15:10:28.000Z,,300,,2027-07-17T15:10:28.000Z,2025-07-17T15:10:28.000Z,3600,,,,,,Parent Experience [July 2025] [25% one-time / Modal],,07-17-2025,,07-18-2026,07-17-2025,07-17-2025,07-17-2025,,07-17-2025,07-17-2027
Wg7I6N5_ae887722d649146c,1699798,,fallback,,,[name],[name],[name],I didn’t expect to be charged,i_didnt_expect_to_be_charged_2010816994,Not ready to commit to annual membership,not_ready_to_commit_to_annual_membership,,Pricing (Digital),pricing_digital,6,,,u_b3e323a285ef8ba5,,,,0,36.0,,Canceled,2026-07-18T06:23:14.000Z,2026-07-18T06:23:30.000Z,2026-07-18T06:23:30.000Z,,30.56,2026-07-18T06:23:30.000Z,cancel,Valid Cancel,annual,2027-07-18T06:20:46.000Z,,3.0,3.0,36.0,Brightback,,,,,,,1699798,2026-07-18T06:20:44.000Z,,2026-07-18T06:20:46.000Z,,h_dcd92c55441e4083,,1,2026-07-18T06:20:46.000Z,USD,u_b3e323a285ef8ba5,NON_RENEWING,h_0500438590e644c3,[name],36.0,annual_essentials,,2026-07-18T06:20:46.000Z,other,,1,annual_essentials,2026-07-18T06:20:46.000Z,_UNKNOWN,3600,YEAR,annual_essentials,,,[name],,,300,,2027-07-18T06:20:46.000Z,2026-07-18T06:20:46.000Z,3600,[name],,https://www.supersummary.com/subscription,https://www.supersummary.com/subscription/confirming/cancel,,Default/Fallback [July 2025] [25% one time / No entry modal],,07-18-2026,,07-18-2026,07-18-2026,07-18-2026,07-18-2026,,07-18-2026,
Wg7I6MJ_88253562dd8370ea,AzqDTTVPheRiF3Ng0,,fallback,,,[name],[name],,I didn’t expect to be charged,i_didnt_expect_to_be_charged_2010816994,Not ready to commit to annual membership,not_ready_to_commit_to_annual_membership,,Pricing (Digital),pricing_digital,7,Wiki,,u_b3e323a285ef8ba5,Dee,,,1,,,Canceled,2026-07-18T06:22:21.000Z,2026-07-18T06:22:58.000Z,2026-07-18T06:22:58.000Z,,30.57,2026-07-18T06:22:58.000Z,cancel,Valid Cancel,annual,2027-07-18T06:20:46.000Z,2027-07-18T06:20:46.000Z,3.0,3.0,36.0,Brightback,,,,,,,AzqDTTVPheRiF3Ng0,2026-07-18T06:20:44.000Z,,2026-07-18T06:20:46.000Z,,h_dcd92c55441e4083,,1,2026-07-18T06:20:46.000Z,USD,u_b3e323a285ef8ba5,ACTIVE,h_0500438590e644c3,[name],,,,2026-07-18T06:20:46.000Z,other,,1,annual_essentials,2026-07-18T06:20:46.000Z,_UNKNOWN,3600,YEAR,,,,[name],2027-07-18T06:20:46.000Z,,300,,2027-07-18T06:20:46.000Z,2026-07-18T06:20:46.000Z,3600,,,,,,Default/Fallback [July 2025] [25% one time / No entry modal],,07-18-2026,,07-18-2026,07-18-2026,07-18-2026,07-18-2026,,07-18-2026,07-18-2027
Wg7HLIo_b2d675f7593693c0,AzqgHEVPQl9Ydk5z,,Students; fallback,,,[name],[name],,I didn’t expect to be charged,i_didnt_expect_to_be_charged_2010816994,Not ready to commit to annual membership,not_ready_to_commit_to_annual_membership,,Pricing (Digital),pricing_digital,4,,,u_54dc8f0095becb0b,,,,0,,,Canceled,2026-07-17T21:18:55.000Z,2026-07-17T21:19:40.000Z,2026-07-24T15:57:37.000Z,,30.94,2026-07-24T15:57:37.000Z,cancel,Valid Cancel,annual,2027-07-15T09:00:46.000Z,2027-07-15T09:00:46.000Z,5.0,5.0,60.0,Brightback,,,,,,,AzqgHEVPQl9Ydk5z,2026-07-15T09:00:44.000Z,,2026-07-15T09:00:46.000Z,,h_5d16142bcf244fdc,,1,2026-07-15T09:00:46.000Z,USD,u_54dc8f0095becb0b,ACTIVE,h_814e87f8d109f527,[name],,,,2026-07-15T09:00:46.000Z,student,,1,annual_plus,2026-07-15T09:00:46.000Z,_UNKNOWN,6000,YEAR,,,College,[name],2027-07-15T09:00:46.000Z,,500,,2027-07-15T09:00:46.000Z,2026-07-15T09:00:46.000Z,6000,,,,,,Student Experience [July 2025] [25% one-time / No Entry Modal],,07-15-2026,,07-17-2026,07-15-2026,07-15-2026,07-15-2026,,07-15-2026,07-15-2027
Wg7HJ3k_a176ceb04ceecc94,1677699,,Book Club Members; fallback,,,[name],[name],[name],I didn’t expect to be charged,i_didnt_expect_to_be_charged_2010816994,Not ready to commit to annual membership,not_ready_to_commit_to_annual_membership,,Pricing (Digital),pricing_digital,5,,,u_77aeb5e38db00be8,,,,0,16.65,,Canceled,2026-07-17T19:03:49.000Z,2026-07-17T19:04:10.000Z,2026-07-17T19:04:10.000Z,,31.04,2026-07-17T19:04:10.000Z,cancel,Valid Cancel,monthly,2026-08-17T16:34:51.000Z,2026-08-17T16:34:51.000Z,16.65,16.65,16.65,Brightback,,,,1,16.65,2026-07-24T16:34:55.000Z,1677699,2026-06-17T16:33:29.000Z,,2026-06-17T16:34:51.000Z,,h_994ccf7d480e67fb,,1,2026-06-17T16:34:51.000Z,USD,u_77aeb5e38db00be8,ACTIVE,h_0433fc1f10724e73,[name],16.65,monthly_plus,,2026-07-17T16:34:51.000Z,book_club_member,,1,monthly_plus,2026-06-17T16:34:51.000Z,_UNKNOWN,1665,MONTH,monthly_plus,,,[name],2026-08-17T16:34:51.000Z,,1665,,2026-08-17T16:34:51.000Z,2026-06-17T16:34:51.000Z,1665,[name],,https://www.supersummary.com/subscription,https://www.supersummary.com/subscription/confirming/cancel,,BCM Experience [July 2025] [25% one-time / No Entry Modal],,06-17-2026,,07-17-2026,06-17-2026,06-17-2026,06-17-2026,,06-17-2026,08-17-2026
Wg7HHxT_95c97eb488a6bc97,1699422,,fallback,,,[name],[name],[name],I didn’t expect to be charged,i_didnt_expect_to_be_charged_2010816994,Not ready to commit to annual membership,not_ready_to_commit_to_annual_membership,,Pricing (Digital),pricing_digital,5,,,u_35cc73c8d0295c40,I wanted to use 7 days trial option to see if it is worth subscribing but ended up paying the full fee,,,1,60.0,,Canceled,2026-07-17T17:59:46.000Z,2026-07-17T18:00:44.000Z,2026-07-17T18:00:44.000Z,,31.08,2026-07-17T18:00:44.000Z,cancel,Valid Cancel,annual,2027-07-17T17:45:47.000Z,2027-07-17T17:45:47.000Z,5.0,5.0,60.0,Brightback,,,,,,,1699422,2026-07-17T17:45:44.000Z,,2026-07-17T17:45:47.000Z,,h_b4076359b905b13d,,1,2026-07-17T17:45:47.000Z,USD,u_35cc73c8d0295c40,ACTIVE,h_706d7dfba0078a51,[name],60.0,annual_plus,,2026-07-17T17:45:47.000Z,other,,1,annual_plus,2026-07-17T17:45:47.000Z,_UNKNOWN,6000,YEAR,annual_plus,,,[name],2027-07-17T17:45:47.000Z,,500,,2027-07-17T17:45:47.000Z,2026-07-17T17:45:47.000Z,6000,[name],,https://www.supersummary.com/subscription,https://www.supersummary.com/subscription/confirming/cancel,,Default/Fallback [July 2025] [25% one time / No entry modal],,07-17-2026,,07-17-2026,07-17-2026,07-17-2026,07-17-2026,,07-17-2026,07-17-2027
Wg7HFhX_b5e9a3025b0d0bfc,1699331,,Students; fallback,,,[name],[name],[name],I didn’t expect to be charged,i_didnt_expect_to_be_charged_2010816994,Not ready to commit to annual membership,not_ready_to_commit_to_annual_membership,,Pricing (Digital),pricing_digital,1,,,u_c37951b2c601cf04,Just let me quit,,,1,36.0,,Canceled,2026-07-17T15:43:39.000Z,2026-07-17T15:44:09.000Z,2026-07-17T15:44:10.000Z,,31.18,2026-07-17T15:44:10.000Z,cancel,Valid Cancel,annual,2027-07-17T15:31:42.000Z,2027-07-17T15:31:42.000Z,3.0,3.0,36.0,Brightback,,,,,,,1699331,2026-07-17T15:31:40.000Z,,2026-07-17T15:31:42.000Z,,h_c9e5ebefdb8aa63b,,1,2026-07-17T15:31:42.000Z,USD,u_c37951b2c601cf04,ACTIVE,h_87a42fc3f85cbbf2,[name],36.0,annual_essentials,,2026-07-17T15:31:42.000Z,student,,1,annual_essentials,2026-07-17T15:31:42.000Z,_UNKNOWN,3600,YEAR,annual_essentials,,Postgrad Program,[name],2027-07-17T15:31:42.000Z,,300,,2027-07-17T15:31:42.000Z,2026-07-17T15:31:42.000Z,3600,[name],,https://www.supersummary.com/subscription,https://www.supersummary.com/subscription/confirming/cancel,,Student Experience [July 2025] [25% one-time / No Entry Modal],,07-17-2026,,07-17-2026,07-17-2026,07-17-2026,07-17-2026,,07-17-2026,07-17-2027
Wg7HF6H_9f10534842511b61,AzqXwmVPd5pHQ17nr,,Students; fallback,,,[name],[name],,I didn’t expect to be charged,i_didnt_expect_to_be_charged_2010816994,Not ready to commit to annual membership,not_ready_to_commit_to_annual_membership,,Pricing (Digital),pricing_digital,1,,,u_3d05f23ce18d315c,,,,0,,,Canceled,2026-07-17T15:06:28.000Z,2026-07-17T15:06:42.000Z,2026-07-17T15:06:42.000Z,,31.2,2026-07-17T15:06:42.000Z,cancel,Valid Cancel,monthly,2026-08-17T11:38:09.000Z,2026-08-17T11:38:09.000Z,9.95,9.95,9.95,Brightback,,,,,,,AzqXwmVPd5pHQ17nr,2026-07-17T11:38:08.000Z,,2026-07-17T11:38:09.000Z,,h_0be797087aa679e3,,1,2026-07-17T11:38:09.000Z,USD,u_3d05f23ce18d315c,ACTIVE,h_e07c03523b49da67,[name],,,,2026-07-17T11:38:09.000Z,student,,1,monthly_essentials,2026-07-17T11:38:09.000Z,_UNKNOWN,995,MONTH,,,College,[name],2026-08-17T11:38:09.000Z,,995,,2026-08-17T11:38:09.000Z,2026-07-17T11:38:09.000Z,995,,,,,,Student Experience [July 2025] [25% one-time / No Entry Modal],,07-17-2026,,07-17-2026,07-17-2026,07-17-2026,07-17-2026,,07-17-2026,08-17-2026
Wg7HDLm_85be0ad0c022f739,6oqUaVPdGzWX17zt,,fallback,,,[name],[name],,I didn’t expect to be charged,i_didnt_expect_to_be_charged_2010816994,Not ready to commit to annual membership,not_ready_to_commit_to_annual_membership,,Pricing (Digital),pricing_digital,4,,,u_230014b0b0cabf68,,,,0,,,Canceled,2026-07-17T13:21:51.000Z,2026-07-17T13:22:28.000Z,2026-07-17T13:22:28.000Z,,31.27,2026-07-17T13:22:28.000Z,cancel,Valid Cancel,annual,2027-07-17T12:22:30.000Z,2027-07-17T12:22:30.000Z,3.0,3.0,36.0,Brightback,,,,,,,6oqUaVPdGzWX17zt,2026-07-17T12:22:28.000Z,,2026-07-17T12:22:30.000Z,,h_21f2e0fb20c68a3d,,1,2026-07-17T12:22:30.000Z,USD,u_230014b0b0cabf68,ACTIVE,h_a99dbdbf8cf5c834,[name],,,,2026-07-17T12:22:30.000Z,other,,1,annual_essentials,2026-07-17T12:22:30.000Z,_UNKNOWN,3600,YEAR,,,,[name],2027-07-17T12:22:30.000Z,,300,,2027-07-17T12:22:30.000Z,2026-07-17T12:22:30.000Z,3600,,,,,,Default/Fallback [July 2025] [25% one time / No entry modal],,07-17-2026,,07-17-2026,07-17-2026,07-17-2026,07-17-2026,,07-17-2026,07-17-2027
Wg7HDeh_896523fc457e62da,1699253,,Book Club Members; fallback,,,[name],[name],[name],I didn’t expect to be charged,i_didnt_expect_to_be_charged_2010816994,Not ready to commit to annual membership,not_ready_to_commit_to_annual_membership,,Pricing (Digital),pricing_digital,5,,,u_211ff43e4a53be32,,,,0,36.0,,Canceled,2026-07-17T13:40:48.000Z,2026-07-17T13:41:21.000Z,2026-07-17T13:41:22.000Z,,31.26,2026-07-17T13:41:22.000Z,cancel,Valid Cancel,annual,2027-07-17T13:17:58.000Z,2027-07-17T13:17:58.000Z,3.0,3.0,36.0,Brightback,,,,,,,1699253,2026-07-17T13:17:56.000Z,,2026-07-17T13:17:58.000Z,,h_27cd46eb647a4a76,,1,2026-07-17T13:17:58.000Z,USD,u_211ff43e4a53be32,ACTIVE,h_437e35c1369b3992,[name],36.0,annual_essentials,,2026-07-17T13:17:58.000Z,book_club_member,,1,annual_essentials,2026-07-17T13:17:58.000Z,_UNKNOWN,3600,YEAR,annual_essentials,,,[name],2027-07-17T13:17:58.000Z,,300,,2027-07-17T13:17:58.000Z,2026-07-17T13:17:58.000Z,3600,[name],,https://www.supersummary.com/subscription,https://www.supersummary.com/subscription/confirming/cancel,,BCM Experience [July 2025] [25% one-time / No Entry Modal],,07-17-2026,,07-17-2026,07-17-2026,07-17-2026,07-17-2026,,07-17-2026,07-17-2027
Wg7H5uh_9ca65a27f4e462fe,1547203,,Teachers; fallback,,,[name],[name],[name],I didn’t expect to be charged,i_didnt_expect_to_be_charged_2010816994,Not ready to commit to annual membership,not_ready_to_commit_to_annual_membership,,Pricing (Digital),pricing_digital,6,,,u_f399c3d243a013e8,,,,0,16.65,,Canceled,2026-07-17T05:56:46.000Z,2026-07-17T05:57:17.000Z,2026-07-17T05:57:18.000Z,,31.58,2026-07-17T05:57:18.000Z,cancel,Valid Cancel,monthly,2026-08-17T05:55:47.000Z,2026-08-17T05:55:47.000Z,16.65,16.65,16.65,Brightback,,,,,,,1547203,2026-03-06T05:53:10.000Z,,2026-06-17T05:55:47.000Z,,h_15048fa60b878e26,,1,2026-06-17T05:55:47.000Z,USD,u_f399c3d243a013e8,ACTIVE,h_24f63a75b0f1803d,[name],16.65,monthly_plus,,2026-07-17T05:55:47.000Z,teacher,,1,monthly_plus,2026-06-17T05:55:47.000Z,_UNKNOWN,1665,MONTH,monthly_plus,,other,[name],2026-08-17T05:55:47.000Z,,1665,,2026-08-17T05:55:47.000Z,2026-06-17T05:55:47.000Z,1665,[name],,https://www.supersummary.com/subscription,https://www.supersummary.com/subscription/confirming/cancel,,Teacher Experience [July 2025] [40% one-time / Modal],,06-17-2026,,07-17-2026,06-17-2026,06-17-2026,03-06-2026,,06-17-2026,08-17-2026
Wg7H1Wp_9e7f816299449cfb,1699029,,Teachers; fallback,,,[name],[name],[name],I didn’t expect to be charged,i_didnt_expect_to_be_charged_2010816994,Not ready to commit to annual membership,not_ready_to_commit_to_annual_membership,,Pricing (Digital),pricing_digital,3,,,u_94842d61474bb0cf,,,,0,36.0,,Canceled,2026-07-17T01:32:54.000Z,2026-07-17T01:33:17.000Z,2026-07-17T01:33:17.000Z,,31.77,2026-07-17T01:33:17.000Z,cancel,Valid Cancel,annual,2027-07-17T01:27:06.000Z,2027-07-17T01:27:06.000Z,3.0,3.0,36.0,Brightback,,,,,,,1699029,2026-07-17T01:27:04.000Z,,2026-07-17T01:27:06.000Z,,h_65b94cb43dab46d2,,1,2026-07-17T01:27:06.000Z,USD,u_94842d61474bb0cf,ACTIVE,h_f6cef90da29499f3,[name],36.0,annual_essentials,,2026-07-17T01:27:06.000Z,teacher,,1,annual_essentials,2026-07-17T01:27:06.000Z,_UNKNOWN,3600,YEAR,annual_essentials,,other,[name],2027-07-17T01:27:06.000Z,,300,,2027-07-17T01:27:06.000Z,2026-07-17T01:27:06.000Z,3600,[name],,https://www.supersummary.com/subscription,https://www.supersummary.com/subscription/confirming/cancel,,Teacher Experience [July 2025] [40% one-time / Modal],,07-17-2026,,07-17-2026,07-17-2026,07-17-2026,07-17-2026,,07-17-2026,07-17-2027
Wg7H161_80e15d47bf001af0,1627024,,Students; fallback,,,[name],[name],[name],I didn’t expect to be charged,i_didnt_expect_to_be_charged_2010816994,Not ready to commit to annual membership,not_ready_to_commit_to_annual_membership,,Pricing (Digital),pricing_digital,1,d,,u_1b53b389b3f5ca16,d,,,1,16.65,,Canceled,2026-07-17T01:06:06.000Z,2026-07-17T01:06:20.000Z,2026-07-17T01:06:21.000Z,,31.78,2026-07-17T01:06:21.000Z,cancel,Valid Cancel,monthly,2026-08-04T19:06:06.000Z,,16.65,16.65,16.65,Brightback,,,,,,,1627024,2026-05-04T19:06:04.000Z,,2026-05-04T19:06:06.000Z,,h_fbee87bc7cc6d854,,1,2026-05-04T19:06:06.000Z,USD,u_1b53b389b3f5ca16,NON_RENEWING,h_801163e0fb55109c,[name],16.65,monthly_plus,,2026-07-04T19:06:06.000Z,student,,1,monthly_plus,2026-05-04T19:06:06.000Z,_UNKNOWN,1665,MONTH,monthly_plus,,College,[name],,,1665,,2026-08-04T19:06:06.000Z,2026-05-04T19:06:06.000Z,1665,[name],,https://www.supersummary.com/subscription,https://www.supersummary.com/subscription/confirming/cancel,,Student Experience [July 2025] [25% one-time / No Entry Modal],,05-04-2026,,07-17-2026,05-04-2026,05-04-2026,05-04-2026,,05-04-2026,
Wg7H15c_8d00057bd810c154,16CRveVIgDhm844m4,,Students; fallback,,,[name],[name],,I didn’t expect to be charged,i_didnt_expect_to_be_charged_2010816994,Not ready to commit to annual membership,not_ready_to_commit_to_annual_membership,,Pricing (Digital),pricing_digital,10,dd,,u_1b53b389b3f5ca16,sdafas,,,1,,,Canceled,2026-07-17T01:05:40.000Z,2026-07-17T01:05:54.000Z,2026-07-17T01:05:54.000Z,,31.79,2026-07-17T01:05:54.000Z,cancel,Valid Cancel,monthly,2026-08-04T19:06:06.000Z,2026-08-04T19:06:06.000Z,16.65,16.65,16.65,Brightback,,,,,,,16CRveVIgDhm844m4,2026-05-04T19:06:04.000Z,,2026-05-04T19:06:06.000Z,,h_fbee87bc7cc6d854,,1,2026-05-04T19:06:06.000Z,USD,u_1b53b389b3f5ca16,ACTIVE,h_801163e0fb55109c,[name],,,,2026-07-04T19:06:06.000Z,student,,1,monthly_plus,2026-05-04T19:06:06.000Z,_UNKNOWN,1665,MONTH,,,College,[name],2026-08-04T19:06:06.000Z,,1665,,2026-08-04T19:06:06.000Z,2026-05-04T19:06:06.000Z,1665,,,,,,Student Experience [July 2025] [25% one-time / No Entry Modal],,05-04-2026,,07-17-2026,05-04-2026,05-04-2026,05-04-2026,,05-04-2026,08-04-2026
Wg7GKDW_b54cc61614adc5ac,169lVKUIhdy8a5tpz,,Students; Annual,,,[name],[name],,I didn’t expect to be charged,i_didnt_expect_to_be_charged_2010816994,Not ready to commit to annual membership,not_ready_to_commit_to_annual_membership,,Pricing (Digital),pricing_digital,1,,,u_d40d607c165a4655,,,,0,,,Canceled,2026-07-16T20:13:36.000Z,2026-07-16T20:13:53.000Z,2026-07-16T20:13:53.000Z,,31.99,2026-07-16T20:13:53.000Z,cancel,Valid Cancel,annual,2027-07-16T15:06:06.000Z,2027-07-16T15:06:06.000Z,3.0,3.0,36.0,Brightback,,,,,,,169lVKUIhdy8a5tpz,2024-07-16T15:04:09.000Z,,2024-07-16T15:06:06.000Z,,h_c72161bbdad9ad53,,1,2024-07-16T15:06:06.000Z,USD,u_d40d607c165a4655,ACTIVE,h_0090c6cae2a0e0b0,[name],,,,2026-07-16T15:06:06.000Z,student,,1,annual,2024-07-16T15:06:06.000Z,_UNKNOWN,3600,YEAR,,,High School,[name],2027-07-16T15:06:06.000Z,,300,,2027-07-16T15:06:06.000Z,2024-07-16T15:06:06.000Z,3600,,,,,,Student Experience [July 2025] [25% one-time / No Entry Modal],,07-16-2024,,07-16-2026,07-16-2024,07-16-2024,07-16-2024,,07-16-2024,07-16-2027
Wg7GJeP_9c18ce43bb787abd,16CFd2VPYn3ZS1hgy,,Students; fallback,,,[name],[name],,I didn’t expect to be charged,i_didnt_expect_to_be_charged_2010816994,Not ready to commit to annual membership,not_ready_to_commit_to_annual_membership,,Pricing (Digital),pricing_digital,6,,,u_e546799ac8d6bd2e,,,,0,,,Canceled,2026-07-16T19:40:28.000Z,2026-07-16T19:40:54.000Z,2026-07-28T04:58:03.000Z,,32.01,2026-07-28T04:58:03.000Z,cancel,Valid Cancel,annual,2027-07-16T17:58:31.000Z,2027-07-16T17:58:31.000Z,5.0,5.0,60.0,Brightback,,,,,,,16CFd2VPYn3ZS1hgy,2026-07-16T17:58:28.000Z,,2026-07-16T17:58:31.000Z,,h_83073d0846f75e0b,,1,2026-07-16T17:58:31.000Z,USD,u_e546799ac8d6bd2e,ACTIVE,h_d369a3a35838dd63,[name],,,,2026-07-16T17:58:31.000Z,student,,1,annual_plus,2026-07-16T17:58:31.000Z,_UNKNOWN,6000,YEAR,,,College,[name],2027-07-16T17:58:31.000Z,,500,,2027-07-16T17:58:31.000Z,2026-07-16T17:58:31.000Z,6000,,,,,,Student Experience [July 2025] [25% one-time / No Entry Modal],,07-16-2026,,07-16-2026,07-16-2026,07-16-2026,07-16-2026,,07-16-2026,07-16-2027
Wg7GIxT_91729b3ca06acbf9,1261708,,Teachers; Annual,,,[name],[name],[name],I didn’t expect to be charged,i_didnt_expect_to_be_charged_2010816994,Not ready to commit to annual membership,not_ready_to_commit_to_annual_membership,,Pricing (Digital),pricing_digital,1,,,u_912c8cfe7b336e21,make it free,,,1,36.0,,Canceled,2026-07-16T18:59:39.000Z,2026-07-16T19:00:12.000Z,2026-07-16T19:00:13.000Z,,32.04,2026-07-16T19:00:13.000Z,cancel,Valid Cancel,annual,2027-07-16T18:46:11.000Z,2027-07-16T18:46:11.000Z,3.0,3.0,36.0,Brightback,,,,,,,1261708,2025-07-16T18:46:10.000Z,,2025-07-16T18:46:11.000Z,,h_c046e2812baea4c5,,1,2025-07-16T18:46:11.000Z,USD,u_912c8cfe7b336e21,ACTIVE,h_236e7f2b745a4cea,[name],36.0,annual,,2026-07-16T18:46:11.000Z,teacher,,1,annual,2025-07-16T18:46:11.000Z,_UNKNOWN,3600,YEAR,annual,,College,[name],2027-07-16T18:46:11.000Z,,300,,2027-07-16T18:46:11.000Z,2025-07-16T18:46:11.000Z,3600,[name],,https://www.supersummary.com/subscription,https://www.supersummary.com/subscription/confirming/cancel,,Teacher Experience [July 2025] [40% one-time / Modal],,07-16-2025,,07-16-2026,07-16-2025,07-16-2025,07-16-2025,,07-16-2025,07-16-2027
Wg7GGSn_ad1da5ad3e43ecfc,AzZoRGV5JFmAB6KCb,,Parents; fallback,,,[name],[name],,I didn’t expect to be charged,i_didnt_expect_to_be_charged_2010816994,Not ready to commit to annual membership,not_ready_to_commit_to_annual_membership,,Pricing (Digital),pricing_digital,1,,,u_dc9fb58956879f10,,,,0,,,Canceled,2026-07-16T16:28:52.000Z,2026-07-16T16:29:06.000Z,2026-07-16T16:29:06.000Z,,32.14,2026-07-16T16:29:06.000Z,cancel,Valid Cancel,monthly,2026-08-14T00:34:37.000Z,2026-08-14T00:34:37.000Z,16.65,16.65,16.65,Brightback,,,,,,,AzZoRGV5JFmAB6KCb,2025-12-14T00:34:34.000Z,,2025-12-14T00:34:37.000Z,,h_18d416eef23a3e10,,1,2025-12-14T00:34:37.000Z,USD,u_dc9fb58956879f10,ACTIVE,h_d714c8f61dff1706,[name],,,,2026-07-14T00:34:37.000Z,parent_of_student,,1,monthly_plus,2025-12-14T00:34:37.000Z,_UNKNOWN,1665,MONTH,,,High School,[name],2026-08-14T00:34:37.000Z,,1665,,2026-08-14T00:34:37.000Z,2025-12-14T00:34:37.000Z,1665,,,,,,Parent Experience [July 2025] [25% one-time / No Entry Modal],,12-14-2025,,07-16-2026,12-14-2025,12-14-2025,12-14-2025,,12-14-2025,08-14-2026
Wg7GCgm_8584944539fa83fc,1698443,,Book Club Members; fallback,,,[name],[name],[name],I didn’t expect to be charged,i_didnt_expect_to_be_charged_2010816994,Not ready to commit to annual membership,not_ready_to_commit_to_annual_membership,,Pricing (Digital),pricing_digital,8,I don't know,,u_c0f5d218d0c40e59,"the problem with my poor English, thank you",,,1,36.0,,Canceled,2026-07-16T12:43:07.000Z,2026-07-16T12:48:44.000Z,2026-07-16T21:10:26.000Z,,32.3,2026-07-16T21:10:26.000Z,cancel,Valid Cancel,annual,2027-07-16T09:30:54.000Z,2027-07-16T09:30:54.000Z,3.0,3.0,36.0,Brightback,,,,,,,1698443,2026-07-16T09:30:51.000Z,,2026-07-16T09:30:54.000Z,,h_a964208a02fbc95f,,1,2026-07-16T09:30:54.000Z,USD,u_c0f5d218d0c40e59,ACTIVE,h_5fb921c6d225309a,[name],36.0,annual_essentials,,2026-07-16T09:30:54.000Z,book_club_member,,1,annual_essentials,2026-07-16T09:30:54.000Z,_UNKNOWN,3600,YEAR,annual_essentials,,,[name],2027-07-16T09:30:54.000Z,,300,,2027-07-16T09:30:54.000Z,2026-07-16T09:30:54.000Z,3600,[name],,https://www.supersummary.com/subscription,https://www.supersummary.com/subscription/confirming/cancel,,BCM Experience [July 2025] [25% one-time / No Entry Modal],,07-16-2026,,07-16-2026,07-16-2026,07-16-2026,07-16-2026,,07-16-2026,07-16-2027
Wg7GBs2_bed038218320b51c,AzZnHjVPNcYiW1Qp9,,Book Club Members; fallback,,,[name],[name],,I didn’t expect to be charged,i_didnt_expect_to_be_charged_2010816994,Not ready to commit to annual membership,not_ready_to_commit_to_annual_membership,,Pricing (Digital),pricing_digital,5,me ,,u_721e81527095ab61,,,,0,,,Canceled,2026-07-16T11:54:06.000Z,2026-07-16T11:54:24.000Z,2026-07-16T11:55:09.000Z,,32.33,2026-07-16T11:55:09.000Z,cancel,Valid Cancel,annual,2027-07-14T20:07:49.000Z,2027-07-14T20:07:49.000Z,3.0,3.0,36.0,Brightback,,,,,,,AzZnHjVPNcYiW1Qp9,2026-07-14T20:07:47.000Z,,2026-07-14T20:07:49.000Z,,h_fb8980cd756fecce,,1,2026-07-14T20:07:49.000Z,USD,u_721e81527095ab61,ACTIVE,h_b71ab04b20216c93,[name],,,,2026-07-14T20:07:49.000Z,book_club_member,,1,annual_essentials,2026-07-14T20:07:49.000Z,_UNKNOWN,3600,YEAR,,,,[name],2027-07-14T20:07:49.000Z,,300,,2027-07-14T20:07:49.000Z,2026-07-14T20:07:49.000Z,3600,,,,,,BCM Experience [July 2025] [25% one-time / No Entry Modal],,07-14-2026,,07-16-2026,07-14-2026,07-14-2026,07-14-2026,,07-14-2026,07-14-2027
Wg7G97A_b4a232b12dfdc3b7,611280,,Students; Annual,,,[name],[name],[name],I didn’t expect to be charged,i_didnt_expect_to_be_charged_2010816994,Not ready to commit to annual membership,not_ready_to_commit_to_annual_membership,,Pricing (Digital),pricing_digital,1,,,u_84bbd0d47c087070,not randomly charging me 70$ for something i havent used in years,,,1,36.0,,Canceled,2026-07-16T09:07:33.000Z,2026-07-16T09:08:11.000Z,2026-07-16T09:08:11.000Z,,32.45,2026-07-16T09:08:11.000Z,cancel,Valid Cancel,annual,2027-07-15T21:36:49.000Z,2027-07-15T21:36:49.000Z,3.0,3.0,36.0,Brightback,,,,,,,611280,2024-07-15T21:36:48.000Z,,2024-07-15T21:36:49.000Z,,h_c1a0ba9b1dc2794c,,1,2024-07-15T21:36:49.000Z,USD,u_84bbd0d47c087070,ACTIVE,h_3ec357547a140f3e,[name],36.0,annual,,2026-07-15T21:36:49.000Z,student,,1,annual,2024-07-15T21:36:49.000Z,_UNKNOWN,3600,YEAR,annual,,High School,[name],2027-07-15T21:36:49.000Z,,300,,2027-07-15T21:36:49.000Z,2024-07-15T21:36:49.000Z,3600,[name],,https://www.supersummary.com/subscription,https://www.supersummary.com/subscription/confirming/cancel,,Student Experience [July 2025] [25% one-time / No Entry Modal],,07-15-2024,,07-16-2026,07-15-2024,07-15-2024,07-15-2024,,07-15-2024,07-15-2027
Wg7G6bs_bf441ca73093a962,1509498,,Students; fallback,,,[name],[name],[name],I didn’t expect to be charged,i_didnt_expect_to_be_charged_2010816994,Not ready to commit to annual membership,not_ready_to_commit_to_annual_membership,,Pricing (Digital),pricing_digital,10,,,u_244560a9a7fec4f8,,,,0,9.95,,Canceled,2026-07-16T06:37:57.000Z,2026-07-16T06:38:28.000Z,2026-07-16T06:38:28.000Z,,32.55,2026-07-16T06:38:28.000Z,cancel,Valid Cancel,monthly,2026-08-10T03:43:38.000Z,2026-08-10T03:43:38.000Z,9.95,9.95,9.95,Brightback,,,,1,9.95,2026-07-17T03:43:43.000Z,1509498,2026-02-10T03:43:36.000Z,,2026-02-10T03:43:38.000Z,,h_88ded5379653a13a,,1,2026-02-10T03:43:38.000Z,USD,u_244560a9a7fec4f8,ACTIVE,h_9741d2fc630e4bee,[name],9.95,monthly_essentials,,2026-07-10T03:43:38.000Z,student,,1,monthly_essentials,2026-02-10T03:43:38.000Z,_UNKNOWN,995,MONTH,monthly_essentials,,High School,[name],2026-08-10T03:43:38.000Z,,995,,2026-08-10T03:43:38.000Z,2026-02-10T03:43:38.000Z,995,[name],,https://www.supersummary.com/subscription,https://www.supersummary.com/subscription/confirming/cancel,,Student Experience [July 2025] [25% one-time / No Entry Modal],,02-10-2026,,07-16-2026,02-10-2026,02-10-2026,02-10-2026,,02-10-2026,08-10-2026
Wg7G5WE_87dffa712db829a1,16CJtZUnQsvLC8Sa6,,Students; Annual,,,[name],[name],,I didn’t expect to be charged,i_didnt_expect_to_be_charged_2010816994,Not ready to commit to annual membership,not_ready_to_commit_to_annual_membership,,Pricing (Digital),pricing_digital,6,,,u_c0eee313720e26ed,,,,0,,,Canceled,2026-07-16T05:32:16.000Z,2026-07-16T05:32:47.000Z,2026-07-16T05:32:47.000Z,,32.6,2026-07-16T05:32:47.000Z,cancel,Valid Cancel,annual,2027-06-07T11:14:11.000Z,2027-06-07T11:14:11.000Z,3.0,3.0,36.0,Brightback,,,,,,,16CJtZUnQsvLC8Sa6,2025-06-07T11:14:08.000Z,,2025-06-07T11:14:11.000Z,,h_7d1b0241cd40e4d5,,1,2025-06-07T11:14:11.000Z,USD,u_c0eee313720e26ed,ACTIVE,h_570334eb01823599,[name],,,,2026-06-07T11:14:11.000Z,student,,1,annual,2025-06-07T11:14:11.000Z,_UNKNOWN,3600,YEAR,,,Postgrad Program,[name],2027-06-07T11:14:11.000Z,,300,,2027-06-07T11:14:11.000Z,2025-06-07T11:14:11.000Z,3600,,,,,,Student Experience [July 2025] [25% one-time / No Entry Modal],,06-07-2025,,07-16-2026,06-07-2025,06-07-2025,06-07-2025,,06-07-2025,06-07-2027
Wg7G2tN_8611a76a39945a56,AzyZSZV4Ldc2K2k3j,,Students; fallback,,,[name],[name],,I didn’t expect to be charged,i_didnt_expect_to_be_charged_2010816994,Not ready to commit to annual membership,not_ready_to_commit_to_annual_membership,,Pricing (Digital),pricing_digital,5,,,u_4d7bec5cf7a23c9c,,,,0,,,Canceled,2026-07-16T02:55:25.000Z,2026-07-16T02:55:50.000Z,2026-07-16T02:55:50.000Z,,32.71,2026-07-16T02:55:50.000Z,cancel,Valid Cancel,monthly,2026-08-03T19:52:58.000Z,2026-08-03T19:52:58.000Z,9.95,9.95,9.95,Brightback,,,,,,,AzyZSZV4Ldc2K2k3j,2025-12-03T19:52:54.000Z,,2025-12-03T19:52:58.000Z,,h_5f7c5119a1c04e36,,1,2025-12-03T19:52:58.000Z,USD,u_4d7bec5cf7a23c9c,ACTIVE,h_b349aa1454a967a9,[name],,,,2026-07-03T19:52:58.000Z,student,,1,monthly_essentials,2025-12-03T19:52:58.000Z,_UNKNOWN,995,MONTH,,,Postgrad Program,[name],2026-08-03T19:52:58.000Z,,995,,2026-08-03T19:52:58.000Z,2025-12-03T19:52:58.000Z,995,,,,,,Student Experience [July 2025] [25% one-time / No Entry Modal],,12-03-2025,,07-16-2026,12-03-2025,12-03-2025,12-03-2025,,12-03-2025,08-03-2026
Wg7FNlR_a9dd62fd97f3bcfe,AzZMqUTuz1nKqZk2t,,Students; Annual,,,[name],[name],,I didn’t expect to be charged,i_didnt_expect_to_be_charged_2010816994,Not ready to commit to annual membership,not_ready_to_commit_to_annual_membership,,Pricing (Digital),pricing_digital,1,,,u_71e94a8f1036c1e0,,,,0,,,Canceled,2026-07-15T23:47:29.000Z,2026-07-15T23:47:45.000Z,2026-07-15T23:47:45.000Z,,32.84,2026-07-15T23:47:45.000Z,cancel,Valid Cancel,annual,2026-11-08T02:54:15.000Z,2026-11-08T02:54:15.000Z,3.0,3.0,36.0,Brightback,,,,,,,AzZMqUTuz1nKqZk2t,2023-11-08T02:54:13.000Z,,2023-11-08T02:54:15.000Z,,h_4a47c4ea81e22011,,1,2023-11-08T02:54:15.000Z,USD,u_71e94a8f1036c1e0,ACTIVE,h_9003b688788d490d,[name],,,,2025-11-08T02:54:15.000Z,student,,1,annual,2023-11-08T02:54:15.000Z,_UNKNOWN,3600,YEAR,,,College,[name],2026-11-08T02:54:15.000Z,,300,,2026-11-08T02:54:15.000Z,2023-11-08T02:54:15.000Z,3600,,,,,,Student Experience [July 2025] [25% one-time / No Entry Modal],,11-08-2023,,07-15-2026,11-08-2023,11-08-2023,11-08-2023,,11-08-2023,11-08-2026
Wg7FMZg_8cce2afa9297ebb1,1222691,,Book Club Members; Annual,,,[name],[name],[name],I didn’t expect to be charged,i_didnt_expect_to_be_charged_2010816994,Not ready to commit to annual membership,not_ready_to_commit_to_annual_membership,,Pricing (Digital),pricing_digital,2,i won't,,u_bdebd5a15f27d7ec,no surprise charges,,,1,36.0,,Canceled,2026-07-15T22:35:52.000Z,2026-07-15T22:37:05.000Z,2026-07-15T22:37:05.000Z,,32.89,2026-07-15T22:37:05.000Z,cancel,Valid Cancel,annual,2027-06-02T13:20:06.000Z,2027-06-02T13:20:06.000Z,3.0,3.0,36.0,Brightback,,,,,,,1222691,2025-06-02T13:20:04.000Z,,2025-06-02T13:20:06.000Z,,h_998fd21f87783041,,1,2025-06-02T13:20:06.000Z,USD,u_bdebd5a15f27d7ec,ACTIVE,h_a423c58420f9a974,[name],36.0,annual,,2026-06-02T13:20:06.000Z,book_club_member,,1,annual,2025-06-02T13:20:06.000Z,_UNKNOWN,3600,YEAR,annual,,,[name],2027-06-02T13:20:06.000Z,,300,,2027-06-02T13:20:06.000Z,2025-06-02T13:20:06.000Z,3600,[name],,https://www.supersummary.com/subscription,https://www.supersummary.com/subscription/confirming/cancel,,BCM Experience [July 2025] [25% one-time / No Entry Modal],,06-02-2025,,07-15-2026,06-02-2025,06-02-2025,06-02-2025,,06-02-2025,06-02-2027
Wg7FM0U_9aed8a6264be79f6,6oqEPUHro7ATEcdd,,Students; Annual,,,[name],[name],,I didn’t expect to be charged,i_didnt_expect_to_be_charged_2010816994,Not ready to commit to annual membership,not_ready_to_commit_to_annual_membership,,Pricing (Digital),pricing_digital,1,,,u_792097645c18b551,,,,0,,,Canceled,2026-07-15T22:00:31.000Z,2026-07-15T22:01:01.000Z,2026-07-15T22:01:01.000Z,,32.91,2026-07-15T22:01:01.000Z,cancel,Valid Cancel,annual,2027-07-07T18:20:15.000Z,2027-07-07T18:20:15.000Z,3.0,3.0,36.0,Brightback,,,,,,,6oqEPUHro7ATEcdd,2024-07-07T18:20:11.000Z,,2024-07-07T18:20:15.000Z,,h_8e45fa98c7963da3,,1,2024-07-07T18:20:15.000Z,USD,u_792097645c18b551,ACTIVE,h_d3c3b2ceaab77308,[name],,,,2026-07-07T18:20:15.000Z,student,,1,annual,2024-07-07T18:20:15.000Z,_UNKNOWN,3600,YEAR,,,Postgrad Program,[name],2027-07-07T18:20:15.000Z,,300,,2027-07-07T18:20:15.000Z,2024-07-07T18:20:15.000Z,3600,,,,,,Student Experience [July 2025] [25% one-time / No Entry Modal],,07-07-2024,,07-15-2026,07-07-2024,07-07-2024,07-07-2024,,07-07-2024,07-07-2027
Wg7FJf9_b47834b045634bd4,1258186,,Book Club Members; Annual,,,[name],[name],[name],I didn’t expect to be charged,i_didnt_expect_to_be_charged_2010816994,Not ready to commit to annual membership,not_ready_to_commit_to_annual_membership,,Pricing (Digital),pricing_digital,5,unknown,,u_b77276a436a9faeb,I did not sign up for this service and was surprised to see the yearly charge.,,,1,36.0,,Canceled,2026-07-15T19:42:37.000Z,2026-07-15T19:44:05.000Z,2026-07-15T19:44:05.000Z,,33.01,2026-07-15T19:44:05.000Z,cancel,Valid Cancel,annual,2027-07-12T14:11:10.000Z,2027-07-12T14:11:10.000Z,3.0,3.0,36.0,Brightback,,,,,,,1258186,2025-07-12T14:11:08.000Z,,2025-07-12T14:11:10.000Z,,h_5365a080ffcfe31b,,1,2025-07-12T14:11:10.000Z,USD,u_b77276a436a9faeb,ACTIVE,h_6f35e7182462b80f,[name],36.0,annual,,2026-07-12T14:11:10.000Z,book_club_member,,1,annual,2025-07-12T14:11:10.000Z,_UNKNOWN,3600,YEAR,annual,,,[name],2027-07-12T14:11:10.000Z,,300,,2027-07-12T14:11:10.000Z,2025-07-12T14:11:10.000Z,3600,[name],,https://www.supersummary.com/subscription,https://www.supersummary.com/subscription/confirming/cancel,,BCM Experience [July 2025] [25% one-time / No Entry Modal],,07-12-2025,,07-15-2026,07-12-2025,07-12-2025,07-12-2025,,07-12-2025,07-12-2027
Wg7FHOn_9211ca874c6106b9,Azqc2tUr2ZdLR3N7l,,Students; Annual,,,[name],[name],,I didn’t expect to be charged,i_didnt_expect_to_be_charged_2010816994,Not ready to commit to annual membership,not_ready_to_commit_to_annual_membership,,Pricing (Digital),pricing_digital,1,,,u_b6184f6684033198,,,,0,,,Canceled,2026-07-15T17:24:50.000Z,2026-07-15T17:25:00.000Z,2026-07-15T17:25:00.000Z,,33.11,2026-07-15T17:25:00.000Z,cancel,Valid Cancel,annual,2027-07-15T17:22:33.000Z,2027-07-15T17:22:33.000Z,3.0,3.0,36.0,Brightback,,,,,,,Azqc2tUr2ZdLR3N7l,2025-07-15T17:21:54.000Z,,2025-07-15T17:22:33.000Z,,h_78280f77f60ffef1,,1,2025-07-15T17:22:33.000Z,USD,u_b6184f6684033198,ACTIVE,h_71fb97e0cccc7c59,[name],,,,2026-07-15T17:22:33.000Z,student,,1,annual,2025-07-15T17:22:33.000Z,_UNKNOWN,3600,YEAR,,,College,[name],2027-07-15T17:22:33.000Z,,300,,2027-07-15T17:22:33.000Z,2025-07-15T17:22:33.000Z,3600,,,,,,Student Experience [July 2025] [25% one-time / No Entry Modal],,07-15-2025,,07-15-2026,07-15-2025,07-15-2025,07-15-2025,,07-15-2025,07-15-2027
Wg7FEbA_93f2b2eb287840b2,1697817,,Parents; fallback,,,[name],[name],[name],I didn’t expect to be charged,i_didnt_expect_to_be_charged_2010816994,Not ready to commit to annual membership,not_ready_to_commit_to_annual_membership,,Pricing (Digital),pricing_digital,1,,,u_84a086ce06274300,,,,0,36.0,,Canceled,2026-07-15T14:38:03.000Z,2026-07-15T14:38:25.000Z,2026-07-15T14:38:25.000Z,,33.22,2026-07-15T14:38:25.000Z,cancel,Valid Cancel,annual,2027-07-15T14:35:57.000Z,2027-07-15T14:35:57.000Z,3.0,3.0,36.0,Brightback,,,,,,,1697817,2026-07-15T14:35:55.000Z,,2026-07-15T14:35:57.000Z,,h_42fca2c68c8edf3b,,1,2026-07-15T14:35:57.000Z,USD,u_84a086ce06274300,ACTIVE,h_9e94b8d97fc1552a,[name],36.0,annual_essentials,,2026-07-15T14:35:57.000Z,parent_of_student,,1,annual_essentials,2026-07-15T14:35:57.000Z,_UNKNOWN,3600,YEAR,annual_essentials,,College,[name],2027-07-15T14:35:57.000Z,,300,,2027-07-15T14:35:57.000Z,2026-07-15T14:35:57.000Z,3600,[name],,https://www.supersummary.com/subscription,https://www.supersummary.com/subscription/confirming/cancel,,Parent Experience [July 2025] [25% one-time / No Entry Modal],,07-15-2026,,07-15-2026,07-15-2026,07-15-2026,07-15-2026,,07-15-2026,07-15-2027
Wg7FAYe_8a2b4bc27fbe0cbd,610857,,fallback,,,[name],[name],[name],I didn’t expect to be charged,i_didnt_expect_to_be_charged_2010816994,Not ready to commit to annual membership,not_ready_to_commit_to_annual_membership,,Pricing (Digital),pricing_digital,1,scam,,u_02b95b9b888ecede,don't scam people,,,1,36.0,,Canceled,2026-07-15T10:34:47.000Z,2026-07-15T10:35:30.000Z,2026-07-15T10:35:30.000Z,,33.39,2026-07-15T10:35:30.000Z,cancel,Valid Cancel,annual,2027-07-15T01:37:37.000Z,2027-07-15T01:37:37.000Z,3.0,3.0,36.0,Brightback,,,,,,,610857,2024-07-15T01:37:35.000Z,,2024-07-15T01:37:37.000Z,,h_caff5506a24af44e,,1,2024-07-15T01:37:37.000Z,USD,u_02b95b9b888ecede,ACTIVE,h_ca369b5038ed8496,[name],36.0,annual,,2026-07-15T01:37:37.000Z,other,,1,annual,2024-07-15T01:37:37.000Z,_UNKNOWN,3600,YEAR,annual,,,[name],2027-07-15T01:37:37.000Z,,300,,2027-07-15T01:37:37.000Z,2024-07-15T01:37:37.000Z,3600,[name],,https://www.supersummary.com/subscription,https://www.supersummary.com/subscription/confirming/cancel,,Default/Fallback [July 2025] [25% one time / No entry modal],,07-15-2024,,07-15-2026,07-15-2024,07-15-2024,07-15-2024,,07-15-2024,07-15-2027
Wg7FAoS_b969cfc079ed7b5a,AzqUqdUqdaM8e1PYq,,Students; Annual,,,[name],[name],,I didn’t expect to be charged,i_didnt_expect_to_be_charged_2010816994,Not ready to commit to annual membership,not_ready_to_commit_to_annual_membership,,Pricing (Digital),pricing_digital,1,,,u_3da1b8c290eccb4b,,,,0,,,Canceled,2026-07-15T10:50:33.000Z,2026-07-15T10:51:15.000Z,2026-07-15T10:51:15.000Z,,33.38,2026-07-15T10:51:15.000Z,cancel,Valid Cancel,annual,2027-07-11T10:48:36.000Z,2027-07-11T10:48:36.000Z,3.0,3.0,36.0,Brightback,,,,,,,AzqUqdUqdaM8e1PYq,2025-07-11T10:48:33.000Z,,2025-07-11T10:48:36.000Z,,h_4384d18522ac9f16,,1,2025-07-11T10:48:36.000Z,USD,u_3da1b8c290eccb4b,ACTIVE,h_b783bbfa1f112c51,[name],,,,2026-07-11T10:48:36.000Z,student,,1,annual,2025-07-11T10:48:36.000Z,_UNKNOWN,3600,YEAR,,,College,[name],2027-07-11T10:48:36.000Z,,300,,2027-07-11T10:48:36.000Z,2025-07-11T10:48:36.000Z,3600,,,,,,Student Experience [July 2025] [25% one-time / No Entry Modal],,07-11-2025,,07-15-2026,07-11-2025,07-11-2025,07-11-2025,,07-11-2025,07-11-2027
Wg7F4AR_b5e740cf85e0ee87,1324942,,Students; fallback,,,[name],[name],[name],I didn’t expect to be charged,i_didnt_expect_to_be_charged_2010816994,Not ready to commit to annual membership,not_ready_to_commit_to_annual_membership,,Pricing (Digital),pricing_digital,1,,,u_f0693ca4ddd862a3,,,,0,16.65,,Canceled,2026-07-15T04:10:34.000Z,2026-07-15T04:10:54.000Z,2026-07-15T04:10:54.000Z,,33.66,2026-07-15T04:10:54.000Z,cancel,Valid Cancel,monthly,2026-08-15T04:09:22.000Z,2026-08-15T04:09:22.000Z,16.65,16.65,16.65,Brightback,,,,,,,1324942,2025-09-15T04:09:20.000Z,,2025-09-15T04:09:22.000Z,,h_739c90f14bffe6c3,,1,2025-09-15T04:09:22.000Z,USD,u_f0693ca4ddd862a3,ACTIVE,h_97f693e4340447d7,[name],16.65,monthly_plus,,2026-07-15T04:09:22.000Z,student,,1,monthly_plus,2025-09-15T04:09:22.000Z,_UNKNOWN,1665,MONTH,monthly_plus,,College,[name],2026-08-15T04:09:22.000Z,,1665,,2026-08-15T04:09:22.000Z,2025-09-15T04:09:22.000Z,1665,[name],,https://www.supersummary.com/subscription,https://www.supersummary.com/subscription/confirming/cancel,,Student Experience [July 2025] [25% one-time / No Entry Modal],,09-15-2025,,07-15-2026,09-15-2025,09-15-2025,09-15-2025,,09-15-2025,08-15-2026
Wg7F2pL_b352b2102633a44a,16BbbLVPLlGcoCGd,,Students; fallback,,,[name],[name],,I didn’t expect to be charged,i_didnt_expect_to_be_charged_2010816994,Not ready to commit to annual membership,not_ready_to_commit_to_annual_membership,,Pricing (Digital),pricing_digital,1,,,u_fb08fb90ae452a8b,,,,0,,,Canceled,2026-07-15T02:51:24.000Z,2026-07-15T02:52:20.000Z,2026-07-15T02:52:20.000Z,,33.71,2026-07-15T02:52:20.000Z,cancel,Valid Cancel,monthly,2026-08-14T12:29:52.000Z,2026-08-14T12:29:52.000Z,16.65,16.65,16.65,Brightback,,,,,,,16BbbLVPLlGcoCGd,2026-07-14T12:29:51.000Z,,2026-07-14T12:29:52.000Z,,h_b22ad5ce03ba6d12,,1,2026-07-14T12:29:52.000Z,USD,u_fb08fb90ae452a8b,ACTIVE,h_aa3bbe6e98dff3ea,[name],,,,2026-07-14T12:29:52.000Z,student,,1,monthly_plus,2026-07-14T12:29:52.000Z,_UNKNOWN,1665,MONTH,,,Postgrad Program,[name],2026-08-14T12:29:52.000Z,,1665,,2026-08-14T12:29:52.000Z,2026-07-14T12:29:52.000Z,1665,,,,,,Student Experience [July 2025] [25% one-time / No Entry Modal],,07-14-2026,,07-15-2026,07-14-2026,07-14-2026,07-14-2026,,07-14-2026,08-14-2026
Wg7F20F_80bff74873278635,AzZMwYTk2MHSN2pwO,,Teachers; Annual,,,[name],[name],,I didn’t expect to be charged,i_didnt_expect_to_be_charged_2010816994,Not ready to commit to annual membership,not_ready_to_commit_to_annual_membership,,Pricing (Digital),pricing_digital,6,No need,,u_810b6dbdaaf89011,,,,0,,,Canceled,2026-07-15T02:00:18.000Z,2026-07-15T02:01:01.000Z,2026-07-15T02:01:01.000Z,,33.75,2026-07-15T02:01:01.000Z,cancel,Valid Cancel,annual,2027-07-15T01:16:45.000Z,2027-07-15T01:16:45.000Z,3.0,3.0,36.0,Brightback,,,,,,,AzZMwYTk2MHSN2pwO,2023-07-15T01:16:42.000Z,,2023-07-15T01:16:45.000Z,,h_8598dad4418ed549,,1,2023-07-15T01:16:45.000Z,USD,u_810b6dbdaaf89011,ACTIVE,h_36fd1dafd66f18e3,[name],,,,2026-07-15T01:16:45.000Z,teacher,,1,annual,2023-07-15T01:16:45.000Z,_UNKNOWN,3600,YEAR,,,Middle School,[name],2027-07-15T01:16:45.000Z,,300,,2027-07-15T01:16:45.000Z,2023-07-15T01:16:45.000Z,3600,,,,,,Teacher Experience [July 2025] [40% one-time / Modal],,07-15-2023,,07-15-2026,07-15-2023,07-15-2023,07-15-2023,,07-15-2023,07-15-2027
Wg7F1QL_9a95080692624af2,AzyxfhVP4lUkjsLm,,Book Club Members; fallback,,,[name],[name],,I didn’t expect to be charged,i_didnt_expect_to_be_charged_2010816994,Not ready to commit to annual membership,not_ready_to_commit_to_annual_membership,,Pricing (Digital),pricing_digital,4,,,u_e6c13593b5f54863,,,,0,,,Canceled,2026-07-15T01:26:26.000Z,2026-07-15T01:26:59.000Z,2026-07-15T01:26:59.000Z,,33.77,2026-07-15T01:26:59.000Z,cancel,Valid Cancel,annual,2027-07-11T14:44:08.000Z,2027-07-11T14:44:08.000Z,3.0,3.0,36.0,Brightback,,,,,,,AzyxfhVP4lUkjsLm,2026-07-11T14:44:07.000Z,,2026-07-11T14:44:08.000Z,,h_79e790371d17458f,,1,2026-07-11T14:44:08.000Z,USD,u_e6c13593b5f54863,ACTIVE,h_8aebab0b07315365,[name],,,,2026-07-11T14:44:08.000Z,book_club_member,,1,annual_essentials,2026-07-11T14:44:08.000Z,_UNKNOWN,3600,YEAR,,,,[name],2027-07-11T14:44:08.000Z,,300,,2027-07-11T14:44:08.000Z,2026-07-11T14:44:08.000Z,3600,,,,,,BCM Experience [July 2025] [25% one-time / No Entry Modal],,07-11-2026,,07-15-2026,07-11-2026,07-11-2026,07-11-2026,,07-11-2026,07-11-2027
Wg7F1CX_b34b7a766a4a696d,169yoiVPOSx2C1iMS,,Students; fallback,,,[name],[name],,I didn’t expect to be charged,i_didnt_expect_to_be_charged_2010816994,Not ready to commit to annual membership,not_ready_to_commit_to_annual_membership,,Pricing (Digital),pricing_digital,8,Still looking,,u_a9adeb6862d33175,,,,0,,,Canceled,2026-07-15T01:12:34.000Z,2026-07-15T01:13:13.000Z,2026-07-15T01:13:13.000Z,,33.78,2026-07-15T01:13:13.000Z,cancel,Valid Cancel,monthly,2026-08-14T23:35:56.000Z,2026-08-14T23:35:56.000Z,9.95,9.95,9.95,Brightback,,,,,,,169yoiVPOSx2C1iMS,2026-07-14T23:35:54.000Z,,2026-07-14T23:35:56.000Z,,h_23aef0d938a73257,,1,2026-07-14T23:35:56.000Z,USD,u_a9adeb6862d33175,ACTIVE,h_5e10a48e19c0f2e7,[name],,,,2026-07-14T23:35:56.000Z,student,,1,monthly_essentials,2026-07-14T23:35:56.000Z,_UNKNOWN,995,MONTH,,,Postgrad Program,[name],2026-08-14T23:35:56.000Z,,995,,2026-08-14T23:35:56.000Z,2026-07-14T23:35:56.000Z,995,,,,,,Student Experience [July 2025] [25% one-time / No Entry Modal],,07-14-2026,,07-15-2026,07-14-2026,07-14-2026,07-14-2026,,07-14-2026,08-14-2026
Wg7EMhh_b7d713c15cc93b92,169qj9VPNSlF71Me2,,Parents; fallback,,,[name],[name],,I didn’t expect to be charged,i_didnt_expect_to_be_charged_2010816994,Not ready to commit to annual membership,not_ready_to_commit_to_annual_membership,,Pricing (Digital),pricing_digital,1,,,u_048ce1c3dc913165,Don’t charge me when you say you’re giving me a 7 day free trial period first,,,1,,,Canceled,2026-07-14T22:43:47.000Z,2026-07-14T22:44:58.000Z,2026-07-14T22:44:58.000Z,,33.88,2026-07-14T22:44:58.000Z,cancel,Valid Cancel,monthly,2026-08-14T19:28:54.000Z,2026-08-14T19:28:54.000Z,9.95,9.95,9.95,Brightback,,,,,,,169qj9VPNSlF71Me2,2026-07-14T19:28:53.000Z,,2026-07-14T19:28:54.000Z,,h_404f070fc688b42d,,1,2026-07-14T19:28:54.000Z,USD,u_048ce1c3dc913165,ACTIVE,h_4554cede8d8d8e7b,[name],,,,2026-07-14T19:28:54.000Z,parent_of_student,,1,monthly_essentials,2026-07-14T19:28:54.000Z,_UNKNOWN,995,MONTH,,,High School,[name],2026-08-14T19:28:54.000Z,,995,,2026-08-14T19:28:54.000Z,2026-07-14T19:28:54.000Z,995,,,,,,Parent Experience [July 2025] [25% one-time / No Entry Modal],,07-14-2026,,07-14-2026,07-14-2026,07-14-2026,07-14-2026,,07-14-2026,08-14-2026
Wg7EKpn_a04eccd2b466125e,Azq7ZMVPNhnpR1Ntf,,Book Club Members; fallback,,,[name],[name],,I didn’t expect to be charged,i_didnt_expect_to_be_charged_2010816994,Not ready to commit to annual membership,not_ready_to_commit_to_annual_membership,,Pricing (Digital),pricing_digital,3,,,u_5fc25bddc93fda66,,,,0,,,Canceled,2026-07-14T20:51:52.000Z,2026-07-14T20:52:06.000Z,2026-07-14T20:52:06.000Z,,33.96,2026-07-14T20:52:06.000Z,cancel,Valid Cancel,annual,2027-07-14T20:28:39.000Z,2027-07-14T20:28:39.000Z,3.0,3.0,36.0,Brightback,,,,,,,Azq7ZMVPNhnpR1Ntf,2026-07-14T20:28:37.000Z,,2026-07-14T20:28:39.000Z,,h_f33e0882c025b95d,,1,2026-07-14T20:28:39.000Z,USD,u_5fc25bddc93fda66,ACTIVE,h_efeea738d19dd393,[name],,,,2026-07-14T20:28:39.000Z,book_club_member,,1,annual_essentials,2026-07-14T20:28:39.000Z,_UNKNOWN,3600,YEAR,,,,[name],2027-07-14T20:28:39.000Z,,300,,2027-07-14T20:28:39.000Z,2026-07-14T20:28:39.000Z,3600,,,,,,BCM Experience [July 2025] [25% one-time / No Entry Modal],,07-14-2026,,07-14-2026,07-14-2026,07-14-2026,07-14-2026,,07-14-2026,07-14-2027
Wg7EKGL_a7ea5a5b4b551bff,1687467,,Students; fallback,,,[name],[name],[name],I didn’t expect to be charged,i_didnt_expect_to_be_charged_2010816994,Not ready to commit to annual membership,not_ready_to_commit_to_annual_membership,,Pricing (Digital),pricing_digital,5,I will just read the book,,u_998ea066c29616b8,A free 7 day trial is a free 7 day trial.  I should not have been automatically on the first day.  ,,,1,60.0,,Canceled,2026-07-14T20:16:27.000Z,2026-07-14T20:17:45.000Z,2026-07-14T20:17:45.000Z,,33.99,2026-07-14T20:18:48.000Z,cancel,Valid Cancel,annual,2027-06-30T19:08:28.000Z,2027-06-30T19:08:28.000Z,5.0,5.0,60.0,Brightback,,,,,,,1687467,2026-06-30T19:08:26.000Z,,2026-06-30T19:08:28.000Z,,h_e04a54d6083f4846,,1,2026-06-30T19:08:28.000Z,USD,u_998ea066c29616b8,ACTIVE,h_d8d0fc82ad387f25,[name],60.0,annual_plus,,2026-06-30T19:08:28.000Z,student,,1,annual_plus,2026-06-30T19:08:28.000Z,_UNKNOWN,6000,YEAR,annual_plus,,Postgrad Program,[name],2027-06-30T19:08:28.000Z,,500,,2027-06-30T19:08:28.000Z,2026-06-30T19:08:28.000Z,6000,[name],,https://www.supersummary.com/subscription,https://www.supersummary.com/subscription/confirming/cancel,,Student Experience [July 2025] [25% one-time / No Entry Modal],,06-30-2026,,07-14-2026,06-30-2026,06-30-2026,06-30-2026,,06-30-2026,06-30-2027
Wg7EJQI_93f6e923ba23b79d,AzZvaLVLy7trr1YJA,,Students; fallback,,,[name],[name],,I didn’t expect to be charged,i_didnt_expect_to_be_charged_2010816994,Not ready to commit to annual membership,not_ready_to_commit_to_annual_membership,,Pricing (Digital),pricing_digital,5,,,u_08fe487a2a511d3d,,,,0,,,Canceled,2026-07-14T19:26:21.000Z,2026-07-14T19:26:38.000Z,2026-07-14T19:26:39.000Z,,34.02,2026-07-14T19:26:39.000Z,cancel,Valid Cancel,monthly,2026-08-08T16:02:35.000Z,2026-08-08T16:02:35.000Z,16.65,16.65,16.65,Brightback,,,,,,,AzZvaLVLy7trr1YJA,2026-06-08T16:02:31.000Z,,2026-06-08T16:02:35.000Z,,h_9047c97ed65728e9,,1,2026-06-08T16:02:35.000Z,USD,u_08fe487a2a511d3d,ACTIVE,h_1d4021d368cd63e2,[name],,,,2026-07-08T16:02:35.000Z,student,,1,monthly_plus,2026-06-08T16:02:35.000Z,_UNKNOWN,1665,MONTH,,,High School,[name],2026-08-08T16:02:35.000Z,,1665,,2026-08-08T16:02:35.000Z,2026-06-08T16:02:35.000Z,1665,,,,,,Student Experience [July 2025] [25% one-time / No Entry Modal],,06-08-2026,,07-14-2026,06-08-2026,06-08-2026,06-08-2026,,06-08-2026,08-08-2026
Wg7EJhJ_8990118c6fa675db,AzZqj1UI8ifqs59V0,,Teachers; Annual,,,[name],[name],,I didn’t expect to be charged,i_didnt_expect_to_be_charged_2010816994,Not ready to commit to annual membership,not_ready_to_commit_to_annual_membership,,Pricing (Digital),pricing_digital,4,,,u_587adf567dcf4585,,,,0,,,Canceled,2026-07-14T19:43:22.000Z,2026-07-14T19:43:37.000Z,2026-07-14T19:43:37.000Z,,34.01,2026-07-14T19:43:37.000Z,cancel,Valid Cancel,annual,2027-07-10T15:45:16.000Z,2027-07-10T15:45:16.000Z,3.0,3.0,36.0,Brightback,,,,,,,AzZqj1UI8ifqs59V0,2024-07-10T15:45:13.000Z,,2024-07-10T15:45:16.000Z,,h_543375951801a5d3,,1,2024-07-10T15:45:16.000Z,USD,u_587adf567dcf4585,ACTIVE,h_6487e0393221f3ee,[name],,,,2026-07-10T15:45:16.000Z,teacher,,1,annual,2024-07-10T15:45:16.000Z,_UNKNOWN,3600,YEAR,,,College,[name],2027-07-10T15:45:16.000Z,,300,,2027-07-10T15:45:16.000Z,2024-07-10T15:45:16.000Z,3600,,,,,,Teacher Experience [July 2025] [40% one-time / Modal],,07-10-2024,,07-14-2026,07-10-2024,07-10-2024,07-10-2024,,07-10-2024,07-10-2027
Wg7EIw7_9192ce20e53581d6,169yoiVPMIE5dUXn,,Students; fallback,,,[name],[name],,I didn’t expect to be charged,i_didnt_expect_to_be_charged_2010816994,Not ready to commit to annual membership,not_ready_to_commit_to_annual_membership,,Pricing (Digital),pricing_digital,8,,,u_0f2520e22f81432a,,,,0,,,Canceled,2026-07-14T18:58:09.000Z,2026-07-14T18:58:48.000Z,2026-07-14T18:58:48.000Z,,34.04,2026-07-14T18:58:48.000Z,cancel,Valid Cancel,monthly,2026-08-14T14:40:47.000Z,2026-08-14T14:40:47.000Z,9.95,9.95,9.95,Brightback,,,,,,,169yoiVPMIE5dUXn,2026-07-14T14:40:45.000Z,,2026-07-14T14:40:47.000Z,,h_29d701623b42219a,,1,2026-07-14T14:40:47.000Z,USD,u_0f2520e22f81432a,ACTIVE,h_aa4775084a94c6ba,[name],,,,2026-07-14T14:40:47.000Z,student,,1,monthly_essentials,2026-07-14T14:40:47.000Z,_UNKNOWN,995,MONTH,,,College,[name],2026-08-14T14:40:47.000Z,,995,,2026-08-14T14:40:47.000Z,2026-07-14T14:40:47.000Z,995,,,,,,Student Experience [July 2025] [25% one-time / No Entry Modal],,07-14-2026,,07-14-2026,07-14-2026,07-14-2026,07-14-2026,,07-14-2026,08-14-2026
Wg7EIV0_bc824bb5cfc10791,16BfTCUqwbxzj2q3G,,Book Club Members; Annual,,,[name],[name],,I didn’t expect to be charged,i_didnt_expect_to_be_charged_2010816994,Not ready to commit to annual membership,not_ready_to_commit_to_annual_membership,,Pricing (Digital),pricing_digital,1,,,u_86ca8fdc4edaf5bd,,,,0,,,Canceled,2026-07-14T18:31:06.000Z,2026-07-14T18:31:32.000Z,2026-07-23T18:40:13.000Z,,34.06,2026-07-23T18:40:13.000Z,cancel,Valid Cancel,annual,2027-07-14T16:54:11.000Z,2027-07-14T16:54:11.000Z,3.0,3.0,36.0,Brightback,,,,,,,16BfTCUqwbxzj2q3G,2025-07-14T16:54:09.000Z,,2025-07-14T16:54:11.000Z,,h_2dd5c392acab3137,,1,2025-07-14T16:54:11.000Z,USD,u_86ca8fdc4edaf5bd,ACTIVE,h_a7f2a9770216ff8f,[name],,,,2026-07-14T16:54:11.000Z,book_club_member,,1,annual,2025-07-14T16:54:11.000Z,_UNKNOWN,3600,YEAR,,,,[name],2027-07-14T16:54:11.000Z,,300,,2027-07-14T16:54:11.000Z,2025-07-14T16:54:11.000Z,3600,,,,,,BCM Experience [July 2025] [25% one-time / No Entry Modal],,07-14-2025,,07-14-2026,07-14-2025,07-14-2025,07-14-2025,,07-14-2025,07-14-2027
Wg7EHlR_9e29f29fadfdba52,16BawuVP1XGUY2bmG,,Book Club Members; fallback,,,[name],[name],,I didn’t expect to be charged,i_didnt_expect_to_be_charged_2010816994,Not ready to commit to annual membership,not_ready_to_commit_to_annual_membership,,Pricing (Digital),pricing_digital,4,,,u_1cb68e24d6d0e600,,,,0,,,Canceled,2026-07-14T17:47:30.000Z,2026-07-14T17:48:07.000Z,2026-07-14T17:48:07.000Z,,34.09,2026-07-14T17:48:07.000Z,cancel,Valid Cancel,monthly,2026-08-11T01:28:48.000Z,2026-08-11T01:28:48.000Z,9.95,9.95,9.95,Brightback,,,,,,,16BawuVP1XGUY2bmG,2026-07-11T01:28:47.000Z,,2026-07-11T01:28:48.000Z,,h_a099b603864551c5,,1,2026-07-11T01:28:48.000Z,USD,u_1cb68e24d6d0e600,ACTIVE,h_f3bc41ac8b70472b,[name],,,,2026-07-11T01:28:48.000Z,book_club_member,,1,monthly_essentials,2026-07-11T01:28:48.000Z,_UNKNOWN,995,MONTH,,,,[name],2026-08-11T01:28:48.000Z,,995,,2026-08-11T01:28:48.000Z,2026-07-11T01:28:48.000Z,995,,,,,,BCM Experience [July 2025] [25% one-time / No Entry Modal],,07-11-2026,,07-14-2026,07-11-2026,07-11-2026,07-11-2026,,07-11-2026,08-11-2026
Wg7EGxS_858bf4a1e3c003b0,1681413,,Students; fallback,,,[name],[name],[name],I didn’t expect to be charged,i_didnt_expect_to_be_charged_2010816994,Not ready to commit to annual membership,not_ready_to_commit_to_annual_membership,,Pricing (Digital),pricing_digital,4,,,u_72c0adddb8c296c5,,,,0,16.65,,Canceled,2026-07-14T17:03:03.000Z,2026-07-14T17:03:50.000Z,2026-07-14T17:03:50.000Z,,34.12,2026-07-14T17:03:50.000Z,cancel,Valid Cancel,monthly,2026-08-14T16:56:10.000Z,2026-08-14T16:56:10.000Z,16.65,16.65,16.65,Brightback,,,,,,,1681413,2026-07-14T16:56:08.000Z,,2026-07-14T16:56:10.000Z,,h_ba3451dfa7b0a434,,1,2026-07-14T16:56:10.000Z,USD,u_72c0adddb8c296c5,ACTIVE,h_6dc9277349ef18af,[name],16.65,monthly_plus,,2026-07-14T16:56:10.000Z,student,,1,monthly_plus,2026-07-14T16:56:10.000Z,_UNKNOWN,1665,MONTH,monthly_plus,,Postgrad Program,[name],2026-08-14T16:56:10.000Z,,1665,,2026-08-14T16:56:10.000Z,2026-07-14T16:56:10.000Z,1665,[name],,https://www.supersummary.com/subscription,https://www.supersummary.com/subscription/confirming/cancel,,Student Experience [July 2025] [25% one-time / No Entry Modal],,07-14-2026,,07-14-2026,07-14-2026,07-14-2026,07-14-2026,,07-14-2026,08-14-2026
Wg7EGRi_b993fd38afd6c6a3,AzZnHjVPMiZIqt9A,,Students; fallback,,,[name],[name],,I didn’t expect to be charged,i_didnt_expect_to_be_charged_2010816994,Not ready to commit to annual membership,not_ready_to_commit_to_annual_membership,,Pricing (Digital),pricing_digital,1,Sparks notes ,,u_5a31d944de367ffe,By not charging me when not wanted,,,1,,,Canceled,2026-07-14T16:28:02.000Z,2026-07-14T16:28:49.000Z,2026-07-14T16:28:49.000Z,,34.14,2026-07-14T16:28:49.000Z,cancel,Valid Cancel,annual,2027-07-14T16:25:25.000Z,2027-07-14T16:25:25.000Z,3.0,3.0,36.0,Brightback,,,,,,,AzZnHjVPMiZIqt9A,2026-07-14T16:25:23.000Z,,2026-07-14T16:25:25.000Z,,h_8331e32cc744e9b9,,1,2026-07-14T16:25:25.000Z,USD,u_5a31d944de367ffe,ACTIVE,h_45539ed614eb0718,[name],,,,2026-07-14T16:25:25.000Z,student,,1,annual_essentials,2026-07-14T16:25:25.000Z,_UNKNOWN,3600,YEAR,,,College,[name],2027-07-14T16:25:25.000Z,,300,,2027-07-14T16:25:25.000Z,2026-07-14T16:25:25.000Z,3600,,,,,,Student Experience [July 2025] [25% one-time / No Entry Modal],,07-14-2026,,07-14-2026,07-14-2026,07-14-2026,07-14-2026,,07-14-2026,07-14-2027
Wg7E6UJ_ac86b4d7246900eb,1695899,,Parents; fallback,,,[name],[name],[name],I didn’t expect to be charged,i_didnt_expect_to_be_charged_2010816994,Not ready to commit to annual membership,not_ready_to_commit_to_annual_membership,,Pricing (Digital),pricing_digital,1,litcharts,,u_4650d5ac5ac62107,less expensive,,,1,60.0,,Canceled,2026-07-14T06:30:26.000Z,2026-07-14T06:30:55.000Z,2026-07-14T06:30:55.000Z,,34.56,2026-07-14T06:30:55.000Z,cancel,Valid Cancel,annual,2027-07-13T11:25:53.000Z,2027-07-13T11:25:53.000Z,5.0,5.0,60.0,Brightback,,,,,,,1695899,2026-07-13T11:25:50.000Z,,2026-07-13T11:25:53.000Z,,h_7ad3cd8c803e2ff3,,1,2026-07-13T11:25:53.000Z,USD,u_4650d5ac5ac62107,ACTIVE,h_3d41478abf9a946f,[name],60.0,annual_plus,,2026-07-13T11:25:53.000Z,parent_of_student,,1,annual_plus,2026-07-13T11:25:53.000Z,_UNKNOWN,6000,YEAR,annual_plus,,High School,[name],2027-07-13T11:25:53.000Z,,500,,2027-07-13T11:25:53.000Z,2026-07-13T11:25:53.000Z,6000,[name],,https://www.supersummary.com/subscription,https://www.supersummary.com/subscription/confirming/cancel,,Parent Experience [July 2025] [25% one-time / No Entry Modal],,07-13-2026,,07-14-2026,07-13-2026,07-13-2026,07-13-2026,,07-13-2026,07-13-2027
Wg7E5Xg_8e4306b0d94f53ca,169lOyVPK3MbHOF7,,Book Club Members; fallback,,,[name],[name],,I didn’t expect to be charged,i_didnt_expect_to_be_charged_2010816994,Not ready to commit to annual membership,not_ready_to_commit_to_annual_membership,,Pricing (Digital),pricing_digital,5,,,u_e4d4fd5bb8a90c66,,,,0,,,Canceled,2026-07-14T05:33:49.000Z,2026-07-14T05:34:17.000Z,2026-07-14T05:34:17.000Z,,34.6,2026-07-14T05:34:17.000Z,cancel,Valid Cancel,annual,2027-07-14T05:29:12.000Z,2027-07-14T05:29:12.000Z,3.0,3.0,36.0,Brightback,,,,,,,169lOyVPK3MbHOF7,2026-07-14T05:29:09.000Z,,2026-07-14T05:29:12.000Z,,h_f94a0a365c0c156d,,1,2026-07-14T05:29:12.000Z,USD,u_e4d4fd5bb8a90c66,ACTIVE,h_90135e880e305f51,[name],,,,2026-07-14T05:29:12.000Z,book_club_member,,1,annual_essentials,2026-07-14T05:29:12.000Z,_UNKNOWN,3600,YEAR,,,,[name],2027-07-14T05:29:12.000Z,,300,,2027-07-14T05:29:12.000Z,2026-07-14T05:29:12.000Z,3600,,,,,,BCM Experience [July 2025] [25% one-time / No Entry Modal],,07-14-2026,,07-14-2026,07-14-2026,07-14-2026,07-14-2026,,07-14-2026,07-14-2027
Wg7DMKI_aa907c68d948d4ea,AzqGzkVFradcS6nYd,,Book Club Members; fallback,,,[name],[name],,I didn’t expect to be charged,i_didnt_expect_to_be_charged_2010816994,Not ready to commit to annual membership,not_ready_to_commit_to_annual_membership,,Pricing (Digital),pricing_digital,7,NA,,u_2230040efeefc637,NA,,,1,,,Canceled,2026-07-13T22:20:21.000Z,2026-07-13T22:21:15.000Z,2026-07-13T22:21:15.000Z,,34.9,2026-07-13T22:21:15.000Z,cancel,Valid Cancel,annual,2027-04-04T22:19:33.000Z,2027-04-04T22:19:33.000Z,3.0,3.0,36.0,Brightback,,,,,,,AzqGzkVFradcS6nYd,2026-04-04T22:19:32.000Z,,2026-04-04T22:19:33.000Z,,h_a2ac905419c2f2e0,,1,2026-04-04T22:19:33.000Z,USD,u_2230040efeefc637,ACTIVE,h_7343d258264ca400,[name],,,,2026-04-04T22:19:33.000Z,book_club_member,,1,annual_essentials,2026-04-04T22:19:33.000Z,_UNKNOWN,3600,YEAR,,,,[name],2027-04-04T22:19:33.000Z,,300,,2027-04-04T22:19:33.000Z,2026-04-04T22:19:33.000Z,3600,,,,,,BCM Experience [July 2025] [25% one-time / No Entry Modal],,04-04-2026,,07-13-2026,04-04-2026,04-04-2026,04-04-2026,,04-04-2026,04-04-2027
Wg7DJJC_8ffc3aae37e279d1,AzqBokVPHELkq1p5h,,Students; fallback,,,[name],[name],,I didn’t expect to be charged,i_didnt_expect_to_be_charged_2010816994,Not ready to commit to annual membership,not_ready_to_commit_to_annual_membership,,Pricing (Digital),pricing_digital,1,Nothing ,,u_31c6e64c7454b1fa,Nothing ,,,1,,,Canceled,2026-07-13T19:19:15.000Z,2026-07-13T19:20:07.000Z,2026-08-07T16:23:13.000Z,,35.03,2026-08-07T16:23:13.000Z,cancel,Valid Cancel,annual,2027-07-13T17:54:01.000Z,2027-07-13T17:54:01.000Z,3.0,3.0,36.0,Brightback,,,,,,,AzqBokVPHELkq1p5h,2026-07-13T17:53:36.000Z,,2026-07-13T17:54:01.000Z,,h_5f687bcb3118bf54,,1,2026-07-13T17:54:01.000Z,USD,u_31c6e64c7454b1fa,ACTIVE,h_99f1824beeb5f9cc,[name],,,,2026-07-13T17:54:01.000Z,student,,1,annual_essentials,2026-07-13T17:54:01.000Z,_UNKNOWN,3600,YEAR,,,College,[name],2027-07-13T17:54:01.000Z,,300,,2027-07-13T17:54:01.000Z,2026-07-13T17:54:01.000Z,3600,,,,,,Student Experience [July 2025] [25% one-time / No Entry Modal],,07-13-2026,,07-13-2026,07-13-2026,07-13-2026,07-13-2026,,07-13-2026,07-13-2027
Wg7DIOc_a833ff85416b47c2,AzZwQZUqZRXA23L2d,,fallback,,,[name],[name],,I didn’t expect to be charged,i_didnt_expect_to_be_charged_2010816994,Not ready to commit to annual membership,not_ready_to_commit_to_annual_membership,,Pricing (Digital),pricing_digital,5,I had already cancelled this in July 2025 so I should not have been charged the 2 $36 fees!,,u_5bddd4e202aba42c,I had already cancelled this in July 2025 so I should not have been charged the 2 $36 fees!,,,1,,,Canceled,2026-07-13T18:24:48.000Z,2026-07-13T18:26:41.000Z,2026-07-13T18:26:42.000Z,,35.06,2026-07-13T18:26:42.000Z,cancel,Valid Cancel,annual,2027-07-10T17:48:28.000Z,2027-07-10T17:48:28.000Z,3.0,3.0,36.0,Brightback,,,,,,,AzZwQZUqZRXA23L2d,2025-07-10T17:48:26.000Z,,2025-07-10T17:48:28.000Z,,h_a7c0aac09e09325c,,1,2025-07-10T17:48:28.000Z,USD,u_5bddd4e202aba42c,ACTIVE,h_aef8b667eb8a7c9e,[name],,,,2026-07-10T17:48:28.000Z,other,,1,annual,2025-07-10T17:48:28.000Z,_UNKNOWN,3600,YEAR,,,,[name],2027-07-10T17:48:28.000Z,,300,,2027-07-10T17:48:28.000Z,2025-07-10T17:48:28.000Z,3600,,,,,,Default/Fallback [July 2025] [25% one time / No entry modal],,07-10-2025,,07-13-2026,07-10-2025,07-10-2025,07-10-2025,,07-10-2025,07-10-2027
Wg7DHx5_aa318ce44b709594,AzZLe3Uqg2R7d3ous,,Parents; Annual,,,[name],[name],,I didn’t expect to be charged,i_didnt_expect_to_be_charged_2010816994,Not ready to commit to annual membership,not_ready_to_commit_to_annual_membership,,Pricing (Digital),pricing_digital,5,I canceled  this last  year. I wasnt expecting to be charged again,,u_f6be729d8258a7e2,Cancel when requested  the first time,,,1,,,Canceled,2026-07-13T17:59:12.000Z,2026-07-13T18:01:37.000Z,2026-07-13T18:01:37.000Z,,35.08,2026-07-13T18:01:37.000Z,cancel,Valid Cancel,annual,2026-07-14T07:20:39.000Z,2026-07-14T07:20:39.000Z,3.0,3.0,36.0,Brightback,,,,,,,AzZLe3Uqg2R7d3ous,2025-07-11T20:52:37.000Z,,2025-07-11T20:52:41.000Z,,h_7ad0a7a78287fb3f,,1,2025-07-11T20:52:41.000Z,USD,u_f6be729d8258a7e2,ACTIVE,h_8948e39c7a431201,[name],,,,2026-07-11T20:52:41.000Z,parent_of_student,,1,annual,2025-07-11T20:52:41.000Z,_UNKNOWN,3600,YEAR,,,Middle School,[name],2027-07-11T20:52:41.000Z,,300,,2027-07-11T20:52:41.000Z,2025-07-11T20:52:41.000Z,3600,,,,,,Parent Experience [July 2025] [25% one-time / Modal],,07-11-2025,,07-13-2026,07-11-2025,07-11-2025,07-11-2025,,07-11-2025,07-11-2027
Wg7DHpK_b1a13c3131c70c0b,6obCgVPHD1uO1fXo,,Book Club Members; fallback,,,[name],[name],,I didn’t expect to be charged,i_didnt_expect_to_be_charged_2010816994,Not ready to commit to annual membership,not_ready_to_commit_to_annual_membership,,Pricing (Digital),pricing_digital,1,,,u_0675e830d95fa8b0,,,,0,,,Canceled,2026-07-13T17:51:24.000Z,2026-07-13T17:52:04.000Z,2026-07-13T17:52:04.000Z,,35.09,2026-07-13T17:52:04.000Z,cancel,Valid Cancel,annual,2027-07-13T17:48:47.000Z,2027-07-13T17:48:47.000Z,5.0,5.0,60.0,Brightback,,,,,,,6obCgVPHD1uO1fXo,2026-07-13T17:48:45.000Z,,2026-07-13T17:48:47.000Z,,h_37a7263039cc1b2a,,1,2026-07-13T17:48:47.000Z,USD,u_0675e830d95fa8b0,ACTIVE,h_140ce70701b18b57,[name],,,,2026-07-13T17:48:47.000Z,book_club_member,,1,annual_plus,2026-07-13T17:48:47.000Z,_UNKNOWN,6000,YEAR,,,,[name],2027-07-13T17:48:47.000Z,,500,,2027-07-13T17:48:47.000Z,2026-07-13T17:48:47.000Z,6000,,,,,,BCM Experience [July 2025] [25% one-time / No Entry Modal],,07-13-2026,,07-13-2026,07-13-2026,07-13-2026,07-13-2026,,07-13-2026,07-13-2027
Wg7DH1Y_9755d13dc5cd379a,1638594,,Students; fallback,,,[name],[name],[name],I didn’t expect to be charged,i_didnt_expect_to_be_charged_2010816994,Not ready to commit to annual membership,not_ready_to_commit_to_annual_membership,,Pricing (Digital),pricing_digital,9,nothinh for now,,u_037faac30c749a41,nothing good service,,,1,9.95,,Canceled,2026-07-13T17:01:43.000Z,2026-07-13T17:04:10.000Z,2026-07-13T17:04:10.000Z,,35.12,2026-07-13T17:04:10.000Z,cancel,Valid Cancel,monthly,2026-07-14T07:12:22.000Z,2026-07-14T07:12:22.000Z,9.95,9.95,9.95,Brightback,,,,,,,1638594,2026-05-13T00:42:19.000Z,,2026-05-13T00:42:22.000Z,,h_a47fe0a4fa91be56,,1,2026-05-13T00:42:22.000Z,USD,u_037faac30c749a41,ACTIVE,h_203d78f03a2ad686,[name],9.95,monthly_essentials,,2026-07-13T00:42:22.000Z,student,,1,monthly_essentials,2026-05-13T00:42:22.000Z,_UNKNOWN,995,MONTH,monthly_essentials,,College,[name],2026-08-13T00:42:22.000Z,,995,,2026-08-13T00:42:22.000Z,2026-05-13T00:42:22.000Z,995,[name],,https://www.supersummary.com/subscription,https://www.supersummary.com/subscription/confirming/cancel,,Student Experience [July 2025] [25% one-time / No Entry Modal],,05-13-2026,,07-13-2026,05-13-2026,05-13-2026,05-13-2026,,05-13-2026,08-13-2026
Wg7DEqb_8b4a4a430c57e063,169zslVNJ4VWi2QbR,,Book Club Members; fallback,,,[name],[name],,I didn’t expect to be charged,i_didnt_expect_to_be_charged_2010816994,Not ready to commit to annual membership,not_ready_to_commit_to_annual_membership,,Pricing (Digital),pricing_digital,1,,,u_c04efb8ffbbff731,,,,0,,,Canceled,2026-07-13T14:52:38.000Z,2026-07-13T14:52:51.000Z,2026-07-13T14:52:51.000Z,,35.21,2026-07-13T14:52:51.000Z,cancel,Valid Cancel,monthly,2026-07-22T20:29:43.000Z,2026-07-22T20:29:43.000Z,16.65,16.65,16.65,Brightback,,,,,,,169zslVNJ4VWi2QbR,2026-06-22T20:29:39.000Z,,2026-06-22T20:29:43.000Z,,h_70e1a9216cae7878,,1,2026-06-22T20:29:43.000Z,USD,u_c04efb8ffbbff731,ACTIVE,h_603b4ed80dfdcad5,[name],,,,2026-06-22T20:29:43.000Z,book_club_member,,1,monthly_plus,2026-06-22T20:29:43.000Z,_UNKNOWN,1665,MONTH,,,,[name],2026-07-22T20:29:43.000Z,,1665,,2026-07-22T20:29:43.000Z,2026-06-22T20:29:43.000Z,1665,,,,,,BCM Experience [July 2025] [25% one-time / No Entry Modal],,06-22-2026,,07-13-2026,06-22-2026,06-22-2026,06-22-2026,,06-22-2026,07-22-2026
Wg7DCeB_89bdb891109fb9ed,16BVV2VOoNKvJ2Byr,,Students; fallback,,,[name],[name],,I didn’t expect to be charged,i_didnt_expect_to_be_charged_2010816994,Not ready to commit to annual membership,not_ready_to_commit_to_annual_membership,,Pricing (Digital),pricing_digital,5,,,u_5f212f61da108e9a,,,,0,,,Canceled,2026-07-13T12:40:17.000Z,2026-07-13T12:40:37.000Z,2026-07-13T12:40:37.000Z,,35.3,2026-07-13T12:40:37.000Z,cancel,Valid Cancel,monthly,2026-08-08T19:27:49.000Z,2026-08-08T19:27:49.000Z,9.95,9.95,9.95,Brightback,,,,,,,16BVV2VOoNKvJ2Byr,2026-07-08T19:27:45.000Z,,2026-07-08T19:27:49.000Z,,h_1b376b2ccdbd7f40,,1,2026-07-08T19:27:49.000Z,USD,u_5f212f61da108e9a,ACTIVE,h_7f4f0f11a17c6d54,[name],,,,2026-07-08T19:27:49.000Z,student,,1,monthly_essentials,2026-07-08T19:27:49.000Z,_UNKNOWN,995,MONTH,,,Postgrad Program,[name],2026-08-08T19:27:49.000Z,,995,,2026-08-08T19:27:49.000Z,2026-07-08T19:27:49.000Z,995,,,,,,Student Experience [July 2025] [25% one-time / No Entry Modal],,07-08-2026,,07-13-2026,07-08-2026,07-08-2026,07-08-2026,,07-08-2026,08-08-2026
Wg7DBHw_ae87507479cc80c1,AzZmABVPFcMhRjgZ,,Students; fallback,,,[name],[name],,I didn’t expect to be charged,i_didnt_expect_to_be_charged_2010816994,Not ready to commit to annual membership,not_ready_to_commit_to_annual_membership,,Pricing (Digital),pricing_digital,2,",",,u_59edf0950dadd7fb,",",,,1,,,Canceled,2026-07-13T11:18:15.000Z,2026-07-13T11:19:11.000Z,2026-07-13T11:19:11.000Z,,35.36,2026-07-13T11:19:11.000Z,cancel,Valid Cancel,monthly,2026-08-13T11:16:52.000Z,2026-08-13T11:16:52.000Z,9.95,9.95,9.95,Brightback,,,,,,,AzZmABVPFcMhRjgZ,2026-07-13T11:16:49.000Z,,2026-07-13T11:16:52.000Z,,h_8a0d0c05dc873c65,,1,2026-07-13T11:16:52.000Z,USD,u_59edf0950dadd7fb,ACTIVE,h_c3e20ba64e360f91,[name],,,,2026-07-13T11:16:52.000Z,student,,1,monthly_essentials,2026-07-13T11:16:52.000Z,_UNKNOWN,995,MONTH,,,High School,[name],2026-08-13T11:16:52.000Z,,995,,2026-08-13T11:16:52.000Z,2026-07-13T11:16:52.000Z,995,,,,,,Student Experience [July 2025] [25% one-time / No Entry Modal],,07-13-2026,,07-13-2026,07-13-2026,07-13-2026,07-13-2026,,07-13-2026,08-13-2026
Wg7D69F_89f5406f4b6349b6,589630,,Parents; Annual,,,[name],[name],[name],I didn’t expect to be charged,i_didnt_expect_to_be_charged_2010816994,Not ready to commit to annual membership,not_ready_to_commit_to_annual_membership,,Pricing (Digital),pricing_digital,1,,,u_1c605639e1b6fb0b,,,,0,36.0,,Canceled,2026-07-13T06:09:36.000Z,2026-07-13T06:10:31.000Z,2026-07-13T06:10:31.000Z,,35.57,2026-07-13T06:10:31.000Z,cancel,Valid Cancel,annual,2027-06-03T02:12:16.000Z,2027-06-03T02:12:16.000Z,3.0,3.0,36.0,Brightback,,,,,,,589630,2024-06-03T02:12:14.000Z,,2024-06-03T02:12:16.000Z,,h_5376a306d177b526,,1,2024-06-03T02:12:16.000Z,USD,u_1c605639e1b6fb0b,ACTIVE,h_d16fcdbe30a5e48d,[name],36.0,annual,,2026-06-03T02:12:16.000Z,parent_of_student,,1,annual,2024-06-03T02:12:16.000Z,_UNKNOWN,3600,YEAR,annual,,Middle School,[name],2027-06-03T02:12:16.000Z,,300,,2027-06-03T02:12:16.000Z,2024-06-03T02:12:16.000Z,3600,[name],,https://www.supersummary.com/subscription,https://www.supersummary.com/subscription/confirming/cancel,,Parent Experience [July 2025] [25% one-time / Modal],,06-03-2024,,07-13-2026,06-03-2024,06-03-2024,06-03-2024,,06-03-2024,06-03-2027
Wg7D0vW_b2a5f6a2244277f4,1671152,,Students; fallback,,,[name],[name],[name],I didn’t expect to be charged,i_didnt_expect_to_be_charged_2010816994,Not ready to commit to annual membership,not_ready_to_commit_to_annual_membership,,Pricing (Digital),pricing_digital,1,,,u_e1e9798764183667,,,,0,9.95,,Canceled,2026-07-13T00:57:37.000Z,2026-07-13T00:57:54.000Z,2026-07-13T00:57:54.000Z,,35.79,2026-07-13T00:58:27.000Z,cancel,Valid Cancel,monthly,2026-08-10T14:02:18.000Z,2026-08-10T14:02:18.000Z,9.95,9.95,9.95,Brightback,,,,,,,1671152,2026-06-10T14:02:16.000Z,,2026-06-10T14:02:18.000Z,,h_1d210f28ed163329,,1,2026-06-10T14:02:18.000Z,USD,u_e1e9798764183667,ACTIVE,h_bc092d0682932614,[name],9.95,monthly_essentials,,2026-07-10T14:02:18.000Z,student,,1,monthly_essentials,2026-06-10T14:02:18.000Z,_UNKNOWN,995,MONTH,monthly_essentials,,Postgrad Program,[name],2026-08-10T14:02:18.000Z,,995,,2026-08-10T14:02:18.000Z,2026-06-10T14:02:18.000Z,995,[name],,https://www.supersummary.com/subscription,https://www.supersummary.com/subscription/confirming/cancel,,Student Experience [July 2025] [25% one-time / No Entry Modal],,06-10-2026,,07-13-2026,06-10-2026,06-10-2026,06-10-2026,,06-10-2026,08-10-2026
Wg7CNTo_aef6574f41b1f5a2,16CMtgVPCagvb46fA,,Students; fallback,,,[name],[name],,I didn’t expect to be charged,i_didnt_expect_to_be_charged_2010816994,Not ready to commit to annual membership,not_ready_to_commit_to_annual_membership,,Pricing (Digital),pricing_digital,6,,,u_c6cda5582c49014c,,,,0,,,Canceled,2026-07-12T23:29:53.000Z,2026-07-12T23:30:12.000Z,2026-07-12T23:30:12.000Z,,35.85,2026-07-12T23:30:12.000Z,cancel,Valid Cancel,annual,2027-07-12T22:51:24.000Z,2027-07-12T22:51:24.000Z,5.0,5.0,60.0,Brightback,,,,,,,16CMtgVPCagvb46fA,2026-07-12T22:51:23.000Z,,2026-07-12T22:51:24.000Z,,h_3012b652c834c5a1,,1,2026-07-12T22:51:24.000Z,USD,u_c6cda5582c49014c,ACTIVE,h_17d5d76505c3fa93,[name],,,,2026-07-12T22:51:24.000Z,student,,1,annual_plus,2026-07-12T22:51:24.000Z,_UNKNOWN,6000,YEAR,,,Postgrad Program,[name],2027-07-12T22:51:24.000Z,,500,,2027-07-12T22:51:24.000Z,2026-07-12T22:51:24.000Z,6000,,,,,,Student Experience [July 2025] [25% one-time / No Entry Modal],,07-12-2026,,07-12-2026,07-12-2026,07-12-2026,07-12-2026,,07-12-2026,07-12-2027
Wg7CHvG_b921a8df5e78feed,1695229,,Teachers; fallback,,,[name],[name],[name],I didn’t expect to be charged,i_didnt_expect_to_be_charged_2010816994,Not ready to commit to annual membership,not_ready_to_commit_to_annual_membership,,Pricing (Digital),pricing_digital,2,Nothing ,,u_1ef9ad5576c3cab8,Stop charging people for the free trial period ,,,1,36.0,,Canceled,2026-07-12T17:57:25.000Z,2026-07-12T17:58:43.000Z,2026-07-12T17:58:43.000Z,,36.08,2026-07-12T17:58:43.000Z,cancel,Valid Cancel,annual,2027-07-12T12:59:01.000Z,2027-07-12T12:59:01.000Z,3.0,3.0,36.0,Brightback,,,,,,,1695229,2026-07-12T12:59:00.000Z,,2026-07-12T12:59:01.000Z,,h_bf58f4ad0a4eb906,,1,2026-07-12T12:59:01.000Z,USD,u_1ef9ad5576c3cab8,ACTIVE,h_1d17c087ad72bf31,[name],36.0,annual_essentials,,2026-07-12T12:59:01.000Z,teacher,,1,annual_essentials,2026-07-12T12:59:01.000Z,_UNKNOWN,3600,YEAR,annual_essentials,,High School,[name],2027-07-12T12:59:01.000Z,,300,,2027-07-12T12:59:01.000Z,2026-07-12T12:59:01.000Z,3600,[name],,https://www.supersummary.com/subscription,https://www.supersummary.com/subscription/confirming/cancel,,Teacher Experience [July 2025] [40% one-time / Modal],,07-12-2026,,07-12-2026,07-12-2026,07-12-2026,07-12-2026,,07-12-2026,07-12-2027
Wg7CHha_94758f96b246eeac,AzZOLqVPB49mV3M9W,,Book Club Members; fallback,,,[name],[name],,I didn’t expect to be charged,i_didnt_expect_to_be_charged_2010816994,Not ready to commit to annual membership,not_ready_to_commit_to_annual_membership,,Pricing (Digital),pricing_digital,1,,,u_c1a8aaf70515f680,,,,0,,,Canceled,2026-07-12T17:43:56.000Z,2026-07-12T17:44:23.000Z,2026-07-12T17:44:23.000Z,,36.09,2026-07-12T17:44:23.000Z,cancel,Valid Cancel,monthly,2026-08-12T16:35:54.000Z,2026-08-12T16:35:54.000Z,9.95,9.95,9.95,Brightback,,,,,,,AzZOLqVPB49mV3M9W,2026-07-12T16:35:52.000Z,,2026-07-12T16:35:54.000Z,,h_2f862f2bfe5186fa,,1,2026-07-12T16:35:54.000Z,USD,u_c1a8aaf70515f680,ACTIVE,h_7cc089f939c925e8,[name],,,,2026-07-12T16:35:54.000Z,book_club_member,,1,monthly_essentials,2026-07-12T16:35:54.000Z,_UNKNOWN,995,MONTH,,,,[name],2026-08-12T16:35:54.000Z,,995,,2026-08-12T16:35:54.000Z,2026-07-12T16:35:54.000Z,995,,,,,,BCM Experience [July 2025] [25% one-time / No Entry Modal],,07-12-2026,,07-12-2026,07-12-2026,07-12-2026,07-12-2026,,07-12-2026,08-12-2026
Wg7CGNO_b1d45b31ecbb5141,16Bkb8VHZEVft3GR1,,Book Club Members; fallback,,,[name],[name],,I didn’t expect to be charged,i_didnt_expect_to_be_charged_2010816994,Not ready to commit to annual membership,not_ready_to_commit_to_annual_membership,,Pricing (Digital),pricing_digital,1,,,u_d39c04da1fff9985,,,,0,,,Canceled,2026-07-12T16:23:27.000Z,2026-07-12T16:23:44.000Z,2026-07-12T16:23:45.000Z,,36.15,2026-07-12T16:23:45.000Z,cancel,Valid Cancel,monthly,2026-07-22T23:56:31.000Z,2026-07-22T23:56:31.000Z,16.65,16.65,16.65,Brightback,,,,,,,16Bkb8VHZEVft3GR1,2026-03-11T23:03:17.000Z,,2026-04-22T23:56:31.000Z,,h_4227ca8f11417c17,,1,2026-04-22T23:56:31.000Z,USD,u_d39c04da1fff9985,ACTIVE,h_365644b4347c1fe3,[name],,,,2026-06-22T23:56:31.000Z,book_club_member,,1,monthly_plus,2026-04-22T23:56:31.000Z,_UNKNOWN,1665,MONTH,,,,[name],2026-07-22T23:56:31.000Z,,1665,,2026-07-22T23:56:31.000Z,2026-04-22T23:56:31.000Z,1665,,,,,,BCM Experience [July 2025] [25% one-time / No Entry Modal],,04-22-2026,,07-12-2026,04-22-2026,04-22-2026,03-11-2026,,04-22-2026,07-22-2026
Wg7CGjs_a0ac043362b8331b,594937,,Book Club Members; Annual,,,[name],[name],[name],I didn’t expect to be charged,i_didnt_expect_to_be_charged_2010816994,Not ready to commit to annual membership,not_ready_to_commit_to_annual_membership,,Pricing (Digital),pricing_digital,4,,,u_0fc6930b108e17fa,,,,0,36.0,,Canceled,2026-07-12T16:46:01.000Z,2026-07-12T16:46:25.000Z,2026-07-12T16:46:25.000Z,,36.13,2026-07-12T16:46:25.000Z,cancel,Valid Cancel,annual,2027-06-10T20:25:38.000Z,2027-06-10T20:25:38.000Z,3.0,3.0,36.0,Brightback,,,,,,,594937,2024-06-10T20:25:35.000Z,,2024-06-10T20:25:38.000Z,,h_b787fe8a141b48cb,,1,2024-06-10T20:25:38.000Z,USD,u_0fc6930b108e17fa,ACTIVE,h_a9c39f40fd36c58e,[name],36.0,annual,,2026-06-10T20:25:38.000Z,book_club_member,,1,annual,2024-06-10T20:25:38.000Z,_UNKNOWN,3600,YEAR,annual,,,[name],2027-06-10T20:25:38.000Z,,300,,2027-06-10T20:25:38.000Z,2024-06-10T20:25:38.000Z,3600,[name],,https://www.supersummary.com/subscription,https://www.supersummary.com/subscription/confirming/cancel,,BCM Experience [July 2025] [25% one-time / No Entry Modal],,06-10-2024,,07-12-2026,06-10-2024,06-10-2024,06-10-2024,,06-10-2024,06-10-2027
Wg7CG9x_b564cc1feba42e38,AzqA9xVPAwwQ13Yy9,,Book Club Members; fallback,,,[name],[name],,I didn’t expect to be charged,i_didnt_expect_to_be_charged_2010816994,Not ready to commit to annual membership,not_ready_to_commit_to_annual_membership,,Pricing (Digital),pricing_digital,1,,,u_3ac154e5cc32636b,,,,0,,,Canceled,2026-07-12T16:10:04.000Z,2026-07-12T16:10:24.000Z,2026-07-12T16:10:24.000Z,,36.16,2026-07-12T16:10:24.000Z,cancel,Valid Cancel,annual,2027-07-12T16:07:14.000Z,2027-07-12T16:07:14.000Z,3.0,3.0,36.0,Brightback,,,,,,,AzqA9xVPAwwQ13Yy9,2026-07-12T16:07:13.000Z,,2026-07-12T16:07:14.000Z,,h_37a6291b70237ec2,,1,2026-07-12T16:07:14.000Z,USD,u_3ac154e5cc32636b,ACTIVE,h_1a187d2aa40a1d22,[name],,,,2026-07-12T16:07:14.000Z,book_club_member,,1,annual_essentials,2026-07-12T16:07:14.000Z,_UNKNOWN,3600,YEAR,,,,[name],2027-07-12T16:07:14.000Z,,300,,2027-07-12T16:07:14.000Z,2026-07-12T16:07:14.000Z,3600,,,,,,BCM Experience [July 2025] [25% one-time / No Entry Modal],,07-12-2026,,07-12-2026,07-12-2026,07-12-2026,07-12-2026,,07-12-2026,07-12-2027
Wg7CAjN_898bcbec9aecfb09,16BV9kTBOvW472Kqb,,Students; Annual,,,[name],[name],,I didn’t expect to be charged,i_didnt_expect_to_be_charged_2010816994,Not ready to commit to annual membership,not_ready_to_commit_to_annual_membership,,Pricing (Digital),pricing_digital,1,Nothing ,,u_dbd0f9a922bb0e2d,Nothing ,,,1,,,Canceled,2026-07-12T10:45:27.000Z,2026-07-12T10:45:49.000Z,2026-07-12T10:45:50.000Z,,36.38,2026-07-12T10:45:50.000Z,cancel,Valid Cancel,annual,2027-07-12T00:01:07.000Z,2027-07-12T00:01:07.000Z,3.0,3.0,36.0,Brightback,,,,,,,16BV9kTBOvW472Kqb,2022-07-12T19:03:51.000Z,,2022-07-12T19:03:53.000Z,,h_624226b65c1ba27f,,1,2022-07-12T19:03:53.000Z,USD,u_dbd0f9a922bb0e2d,ACTIVE,h_187c112ba182cc96,[name],,,,2026-07-12T00:01:07.000Z,student,,1,annual,2022-07-12T19:03:53.000Z,_UNKNOWN,3600,YEAR,,,High School,[name],2027-07-12T00:01:07.000Z,,300,,2027-07-12T00:01:07.000Z,2022-07-12T19:03:53.000Z,3600,,,,,,Student Experience [July 2025] [25% one-time / No Entry Modal],,07-12-2022,,07-12-2026,07-12-2022,07-12-2022,07-12-2022,,07-12-2022,07-12-2027
Wg7C6sL_b5da7cca337d555f,AzypATVOjNVJm2pK6,,fallback,,,[name],[name],,I didn’t expect to be charged,i_didnt_expect_to_be_charged_2010816994,Not ready to commit to annual membership,not_ready_to_commit_to_annual_membership,,Pricing (Digital),pricing_digital,5,,,u_94c79823d3dbb77e,,,,0,,,Canceled,2026-07-12T06:54:23.000Z,2026-07-12T06:54:52.000Z,2026-07-12T06:54:52.000Z,,36.54,2026-07-12T06:54:52.000Z,cancel,Valid Cancel,annual,2027-07-07T22:57:08.000Z,2027-07-07T22:57:08.000Z,3.0,3.0,36.0,Brightback,,,,,,,AzypATVOjNVJm2pK6,2026-07-07T22:57:06.000Z,,2026-07-07T22:57:08.000Z,,h_6ade87eef6c0753d,,1,2026-07-07T22:57:08.000Z,USD,u_94c79823d3dbb77e,ACTIVE,h_059d65490c88d293,[name],,,,2026-07-07T22:57:08.000Z,other,,1,annual_essentials,2026-07-07T22:57:08.000Z,_UNKNOWN,3600,YEAR,,,,[name],2027-07-07T22:57:08.000Z,,300,,2027-07-07T22:57:08.000Z,2026-07-07T22:57:08.000Z,3600,,,,,,Default/Fallback [July 2025] [25% one time / No entry modal],,07-07-2026,,07-12-2026,07-07-2026,07-07-2026,07-07-2026,,07-07-2026,07-07-2027
Wg7C1E0_97b75429e895d398,6oqeBVP7EK0w1qE8,,Book Club Members; fallback,,,[name],[name],,I didn’t expect to be charged,i_didnt_expect_to_be_charged_2010816994,Not ready to commit to annual membership,not_ready_to_commit_to_annual_membership,,Pricing (Digital),pricing_digital,5,,,u_d3c95ea54271415d,,,,0,,,Canceled,2026-07-12T01:14:03.000Z,2026-07-12T01:14:34.000Z,2026-07-12T01:14:34.000Z,,36.78,2026-07-12T01:14:34.000Z,cancel,Valid Cancel,monthly,2026-08-12T00:51:11.000Z,2026-08-12T00:51:11.000Z,9.95,9.95,9.95,Brightback,,,,,,,6oqeBVP7EK0w1qE8,2026-07-12T00:51:10.000Z,,2026-07-12T00:51:11.000Z,,h_042bda41ca46bf9a,,1,2026-07-12T00:51:11.000Z,USD,u_d3c95ea54271415d,ACTIVE,h_f2537731b6ddcf57,[name],,,,2026-07-12T00:51:11.000Z,book_club_member,,1,monthly_essentials,2026-07-12T00:51:11.000Z,_UNKNOWN,995,MONTH,,,,[name],2026-08-12T00:51:11.000Z,,995,,2026-08-12T00:51:11.000Z,2026-07-12T00:51:11.000Z,995,,,,,,BCM Experience [July 2025] [25% one-time / No Entry Modal],,07-12-2026,,07-12-2026,07-12-2026,07-12-2026,07-12-2026,,07-12-2026,08-12-2026
Wg7C0LI_acd8ddf70d30218d,1692807,,Book Club Members; fallback,,,[name],[name],[name],I didn’t expect to be charged,i_didnt_expect_to_be_charged_2010816994,Not ready to commit to annual membership,not_ready_to_commit_to_annual_membership,,Pricing (Digital),pricing_digital,5,,,u_0bfce7ed783ee263,,,,0,9.95,,Canceled,2026-07-12T00:21:39.000Z,2026-07-12T00:22:06.000Z,2026-07-12T00:22:06.000Z,,36.82,2026-07-12T00:22:06.000Z,cancel,Valid Cancel,monthly,2026-08-08T20:31:18.000Z,2026-08-08T20:31:18.000Z,9.95,9.95,9.95,Brightback,,,,,,,1692807,2026-07-08T20:31:16.000Z,,2026-07-08T20:31:18.000Z,,h_05940e25805f83fd,,1,2026-07-08T20:31:18.000Z,USD,u_0bfce7ed783ee263,ACTIVE,h_9bf681a55b8c7876,[name],9.95,monthly_essentials,,2026-07-08T20:31:18.000Z,book_club_member,,1,monthly_essentials,2026-07-08T20:31:18.000Z,_UNKNOWN,995,MONTH,monthly_essentials,,,[name],2026-08-08T20:31:18.000Z,,995,,2026-08-08T20:31:18.000Z,2026-07-08T20:31:18.000Z,995,[name],,https://www.supersummary.com/subscription,https://www.supersummary.com/subscription/confirming/cancel,,BCM Experience [July 2025] [25% one-time / No Entry Modal],,07-08-2026,,07-12-2026,07-08-2026,07-08-2026,07-08-2026,,07-08-2026,08-08-2026
Wg7BMge_b93cb6cc73d329f3,169rWQVP6HVLU1TY9,,fallback,,,[name],[name],,I didn’t expect to be charged,i_didnt_expect_to_be_charged_2010816994,Not ready to commit to annual membership,not_ready_to_commit_to_annual_membership,,Pricing (Digital),pricing_digital,6,,,u_8dca012c9e1489b2,"I didn’t expect to b charged until after 7 days. And at $3 per month. Pls credit me asap $36 that was not authorized today. Thank you. 
",,,1,,,Canceled,2026-07-11T22:42:44.000Z,2026-07-11T22:46:31.000Z,2026-07-11T22:46:31.000Z,,36.88,2026-07-11T22:46:31.000Z,cancel,Valid Cancel,annual,2027-07-11T20:57:34.000Z,2027-07-11T20:57:34.000Z,3.0,3.0,36.0,Brightback,,,,,,,169rWQVP6HVLU1TY9,2026-07-11T20:57:32.000Z,,2026-07-11T20:57:34.000Z,,h_5852df8c7930a99e,,1,2026-07-11T20:57:34.000Z,USD,u_8dca012c9e1489b2,ACTIVE,h_8c29e5df6c4744c1,[name],,,,2026-07-11T20:57:34.000Z,other,,1,annual_essentials,2026-07-11T20:57:34.000Z,_UNKNOWN,3600,YEAR,,,,[name],2027-07-11T20:57:34.000Z,,300,,2027-07-11T20:57:34.000Z,2026-07-11T20:57:34.000Z,3600,,,,,,Default/Fallback [July 2025] [25% one time / No entry modal],,07-11-2026,,07-11-2026,07-11-2026,07-11-2026,07-11-2026,,07-11-2026,07-11-2027
Wg7BJ7E_8006f7f8706bec2d,16BZDwV7SbnBO30km,,Students; fallback,,,[name],[name],,I didn’t expect to be charged,i_didnt_expect_to_be_charged_2010816994,Not ready to commit to annual membership,not_ready_to_commit_to_annual_membership,,Pricing (Digital),pricing_digital,1,,,u_ce082f5165756846,,,,0,,,Canceled,2026-07-11T19:07:16.000Z,2026-07-11T19:07:38.000Z,2026-07-11T19:07:39.000Z,,37.03,2026-07-11T19:07:39.000Z,cancel,Valid Cancel,monthly,2026-08-05T19:56:17.000Z,2026-08-05T19:56:17.000Z,9.95,9.95,9.95,Brightback,,,,,,,16BZDwV7SbnBO30km,2026-01-05T19:56:14.000Z,,2026-01-05T19:56:17.000Z,,h_fae2fcd4146bbae5,,1,2026-01-05T19:56:17.000Z,USD,u_ce082f5165756846,ACTIVE,h_9d77ed0e0deacd4f,[name],,,,2026-07-05T19:56:17.000Z,student,,1,monthly_essentials,2026-01-05T19:56:17.000Z,_UNKNOWN,995,MONTH,,,High School,[name],2026-08-05T19:56:17.000Z,,995,,2026-08-05T19:56:17.000Z,2026-01-05T19:56:17.000Z,995,,,,,,Student Experience [July 2025] [25% one-time / No Entry Modal],,01-05-2026,,07-11-2026,01-05-2026,01-05-2026,01-05-2026,,01-05-2026,08-05-2026
Wg7BC89_a379fd586fe282d5,16Be5OVP47jcFYZ4,,Teachers; fallback,,,[name],[name],,I didn’t expect to be charged,i_didnt_expect_to_be_charged_2010816994,Not ready to commit to annual membership,not_ready_to_commit_to_annual_membership,,Pricing (Digital),pricing_digital,7,,,u_d7e565d6881d62e8,,,,0,,,Canceled,2026-07-11T12:08:17.000Z,2026-07-11T12:09:36.000Z,2026-07-11T12:09:36.000Z,,37.33,2026-07-11T12:09:36.000Z,cancel,Valid Cancel,annual,2027-07-11T12:06:12.000Z,2027-07-11T12:06:12.000Z,1.8,1.8,36.0,Brightback,,,,,,,16Be5OVP47jcFYZ4,2026-07-11T12:06:11.000Z,,2026-07-11T12:06:12.000Z,,h_d2b5006c46de6669,,1,2026-07-11T12:06:12.000Z,USD,u_d7e565d6881d62e8,ACTIVE,h_5e92bc27ba4f6bb6,[name],,,,2026-07-11T12:06:12.000Z,teacher,,1,annual_essentials,2026-07-11T12:06:12.000Z,_UNKNOWN,3600,YEAR,,7ldb9lCl3Zq,other,[name],2027-07-11T12:06:12.000Z,,180,,2027-07-11T12:06:12.000Z,2026-07-11T12:06:12.000Z,3600,,,,,,Teacher Experience [July 2025] [40% one-time / Modal],,07-11-2026,,07-11-2026,07-11-2026,07-11-2026,07-11-2026,,07-11-2026,07-11-2027
Wg7B5Hg_a995378c7e6fca2b,AzqSIKTABlEup3lsw,,Teachers; Annual,,,[name],[name],,I didn’t expect to be charged,i_didnt_expect_to_be_charged_2010816994,Not ready to commit to annual membership,not_ready_to_commit_to_annual_membership,,Pricing (Digital),pricing_digital,4,,,u_ab63a75d4cd85aaa,,,,0,,,Canceled,2026-07-11T05:17:50.000Z,2026-07-11T05:18:35.000Z,2026-07-11T05:18:35.000Z,,37.61,2026-07-11T05:18:35.000Z,cancel,Valid Cancel,annual,2027-06-29T22:32:38.000Z,2027-06-29T22:32:38.000Z,3.0,3.0,36.0,Brightback,,,,,,,AzqSIKTABlEup3lsw,2022-06-29T22:32:36.000Z,,2022-06-29T22:32:38.000Z,,h_dbd9eb6811bf7be6,,1,2022-06-29T22:32:38.000Z,USD,u_ab63a75d4cd85aaa,ACTIVE,h_d786ed0ad5eba0e2,[name],,,,2026-06-29T22:32:38.000Z,teacher,,1,annual,2022-06-29T22:32:38.000Z,_UNKNOWN,3600,YEAR,,,Middle School,[name],2027-06-29T22:32:38.000Z,,300,,2027-06-29T22:32:38.000Z,2022-06-29T22:32:38.000Z,3600,,,,,,Teacher Experience [July 2025] [40% one-time / Modal],,06-29-2022,,07-11-2026,06-29-2022,06-29-2022,06-29-2022,,06-29-2022,06-29-2027
Wg7B48w_a2744dd06feaf501,1694415,,Students; fallback,,,[name],[name],[name],I didn’t expect to be charged,i_didnt_expect_to_be_charged_2010816994,Not ready to commit to annual membership,not_ready_to_commit_to_annual_membership,,Pricing (Digital),pricing_digital,5,I didnt realise it was USD,,u_a980eb340e952264,,,,0,36.0,,Canceled,2026-07-11T04:09:24.000Z,2026-07-11T04:10:18.000Z,2026-07-11T04:10:18.000Z,,37.66,2026-07-11T04:10:18.000Z,cancel,Valid Cancel,annual,2027-07-11T01:25:15.000Z,2027-07-11T01:25:15.000Z,3.0,3.0,36.0,Brightback,,,,,,,1694415,2026-07-11T01:25:13.000Z,,2026-07-11T01:25:15.000Z,,h_d61a40671d37bde4,,1,2026-07-11T01:25:15.000Z,USD,u_a980eb340e952264,ACTIVE,h_4ae766daba3c3c23,[name],36.0,annual_essentials,,2026-07-11T01:25:15.000Z,student,,1,annual_essentials,2026-07-11T01:25:15.000Z,_UNKNOWN,3600,YEAR,annual_essentials,,High School,[name],2027-07-11T01:25:15.000Z,,300,,2027-07-11T01:25:15.000Z,2026-07-11T01:25:15.000Z,3600,[name],,https://www.supersummary.com/subscription,https://www.supersummary.com/subscription/confirming/cancel,,Student Experience [July 2025] [25% one-time / No Entry Modal],,07-11-2026,,07-11-2026,07-11-2026,07-11-2026,07-11-2026,,07-11-2026,07-11-2027
Wg7B3Kg_beec8a3a83f3403c,1257371,,Book Club Members; Annual,,,[name],[name],[name],I didn’t expect to be charged,i_didnt_expect_to_be_charged_2010816994,Not ready to commit to annual membership,not_ready_to_commit_to_annual_membership,,Pricing (Digital),pricing_digital,5,,,u_d2013dcd62a04596,,,,0,36.0,,Canceled,2026-07-11T03:21:40.000Z,2026-07-11T03:22:28.000Z,2026-07-11T03:22:28.000Z,,37.69,2026-07-11T03:22:28.000Z,cancel,Valid Cancel,annual,2027-07-11T02:16:28.000Z,2027-07-11T02:16:28.000Z,3.0,3.0,36.0,Brightback,,,,,,,1257371,2025-07-11T02:16:26.000Z,,2025-07-11T02:16:28.000Z,,h_c1d84eeeb1ae0fae,,1,2025-07-11T02:16:28.000Z,USD,u_d2013dcd62a04596,ACTIVE,h_47e408435d936bda,[name],36.0,annual,,2026-07-11T02:16:28.000Z,book_club_member,,1,annual,2025-07-11T02:16:28.000Z,_UNKNOWN,3600,YEAR,annual,,,[name],2027-07-11T02:16:28.000Z,,300,,2027-07-11T02:16:28.000Z,2025-07-11T02:16:28.000Z,3600,[name],,https://www.supersummary.com/subscription,https://www.supersummary.com/subscription/confirming/cancel,,BCM Experience [July 2025] [25% one-time / No Entry Modal],,07-11-2025,,07-11-2026,07-11-2025,07-11-2025,07-11-2025,,07-11-2025,07-11-2027
Wg7AMKs_95d07674809c8835,16BPzyUqZBZ1Q31ac,,Students; Annual,,,[name],[name],,I didn’t expect to be charged,i_didnt_expect_to_be_charged_2010816994,Not ready to commit to annual membership,not_ready_to_commit_to_annual_membership,,Pricing (Digital),pricing_digital,1,,,u_112fe72c8f2ce160,,,,0,,,Canceled,2026-07-10T22:20:56.000Z,2026-07-10T22:21:17.000Z,2026-07-10T22:21:17.000Z,,37.9,2026-07-10T22:21:17.000Z,cancel,Valid Cancel,annual,2027-07-10T16:45:02.000Z,2027-07-10T16:45:02.000Z,3.0,3.0,36.0,Brightback,,,,,,,16BPzyUqZBZ1Q31ac,2025-07-10T16:44:59.000Z,,2025-07-10T16:45:02.000Z,,h_a36e89df77106a46,,1,2025-07-10T16:45:02.000Z,USD,u_112fe72c8f2ce160,ACTIVE,h_9a0567350c47b525,[name],,,,2026-07-10T16:45:02.000Z,student,,1,annual,2025-07-10T16:45:02.000Z,_UNKNOWN,3600,YEAR,,,College,[name],2027-07-10T16:45:02.000Z,,300,,2027-07-10T16:45:02.000Z,2025-07-10T16:45:02.000Z,3600,,,,,,Student Experience [July 2025] [25% one-time / No Entry Modal],,07-10-2025,,07-10-2026,07-10-2025,07-10-2025,07-10-2025,,07-10-2025,07-10-2027
Wg7AHKk_b14caa4531a4cf50,1257052,,Book Club Members; Annual,,,[name],[name],[name],I didn’t expect to be charged,i_didnt_expect_to_be_charged_2010816994,Not ready to commit to annual membership,not_ready_to_commit_to_annual_membership,,Pricing (Digital),pricing_digital,1,,,u_895c077befcdced8,,,,0,36.0,,Canceled,2026-07-10T17:20:53.000Z,2026-07-10T17:21:10.000Z,2026-07-10T17:21:10.000Z,,38.11,2026-07-10T17:21:42.000Z,cancel,Valid Cancel,annual,2027-07-10T17:19:04.000Z,2027-07-10T17:19:04.000Z,3.0,3.0,36.0,Brightback,,,,,,,1257052,2025-07-10T17:19:02.000Z,,2025-07-10T17:19:04.000Z,,h_a9a915f4166349c3,,1,2025-07-10T17:19:04.000Z,USD,u_895c077befcdced8,ACTIVE,h_fca6ae1f6e94acfc,[name],36.0,annual,,2026-07-10T17:19:04.000Z,book_club_member,,1,annual,2025-07-10T17:19:04.000Z,_UNKNOWN,3600,YEAR,annual,,,[name],2027-07-10T17:19:04.000Z,,300,,2027-07-10T17:19:04.000Z,2025-07-10T17:19:04.000Z,3600,[name],,https://www.supersummary.com/subscription,https://www.supersummary.com/subscription/confirming/cancel,,BCM Experience [July 2025] [25% one-time / No Entry Modal],,07-10-2025,,07-10-2026,07-10-2025,07-10-2025,07-10-2025,,07-10-2025,07-10-2027
Wg7AGdc_9909be195528bca9,650428,,Students; fallback,,,[name],[name],[name],I didn’t expect to be charged,i_didnt_expect_to_be_charged_2010816994,Not ready to commit to annual membership,not_ready_to_commit_to_annual_membership,,Pricing (Digital),pricing_digital,1,,,u_092ad0768be04670,,,,0,60.0,,Canceled,2026-07-10T16:39:43.000Z,2026-07-10T16:40:07.000Z,2026-07-10T16:40:07.000Z,,38.14,2026-07-10T16:40:07.000Z,cancel,Valid Cancel,annual,2027-07-10T16:37:02.000Z,2027-07-10T16:37:02.000Z,3.75,3.75,60.0,Brightback,,,,,,,650428,2026-07-10T16:37:01.000Z,,2026-07-10T16:37:02.000Z,,h_c7eedd2e1a79b4a1,,1,2026-07-10T16:37:02.000Z,USD,u_092ad0768be04670,ACTIVE,h_6c81e14b27faabfc,[name],60.0,annual_plus,,2026-07-10T16:37:02.000Z,student,,1,annual_plus,2026-07-10T16:37:02.000Z,_UNKNOWN,6000,YEAR,annual_plus,nmTKUhkQCvq,College,[name],2027-07-10T16:37:02.000Z,,500,,2027-07-10T16:37:02.000Z,2026-07-10T16:37:02.000Z,6000,[name],,https://www.supersummary.com/subscription,https://www.supersummary.com/subscription/confirming/cancel,,Student Experience [July 2025] [25% one-time / No Entry Modal],,07-10-2026,,07-10-2026,07-10-2026,07-10-2026,07-10-2026,,07-10-2026,07-10-2027
Wg7ACma_9172e852e1443545,1689825,,Parents; fallback,,,[name],[name],[name],I didn’t expect to be charged,i_didnt_expect_to_be_charged_2010816994,Not ready to commit to annual membership,not_ready_to_commit_to_annual_membership,,Pricing (Digital),pricing_digital,1,T,,u_7eb8a61953e3303b,Charging $3/ per book ,,,1,36.0,,Canceled,2026-07-10T12:48:47.000Z,2026-07-10T12:50:05.000Z,2026-07-10T12:50:05.000Z,,38.3,2026-07-10T12:50:05.000Z,cancel,Valid Cancel,annual,2027-07-10T12:43:13.000Z,2027-07-10T12:43:13.000Z,3.0,3.0,36.0,Brightback,,,,,,,1689825,2026-07-10T12:43:11.000Z,,2026-07-10T12:43:13.000Z,,h_1e74bdc900592765,,1,2026-07-10T12:43:13.000Z,USD,u_7eb8a61953e3303b,ACTIVE,h_7c34f11e108fbe62,[name],36.0,annual_essentials,,2026-07-10T12:43:13.000Z,parent_of_student,,1,annual_essentials,2026-07-10T12:43:13.000Z,_UNKNOWN,3600,YEAR,annual_essentials,,High School,[name],2027-07-10T12:43:13.000Z,,300,,2027-07-10T12:43:13.000Z,2026-07-10T12:43:13.000Z,3600,[name],,https://www.supersummary.com/subscription,https://www.supersummary.com/subscription/confirming/cancel,,Parent Experience [July 2025] [25% one-time / No Entry Modal],,07-10-2026,,07-10-2026,07-10-2026,07-10-2026,07-10-2026,,07-10-2026,07-10-2027
Wg7A622_af2f75fa61d01c69,AzqTrlVOlBodISI5,,Students; fallback,,,[name],[name],,I didn’t expect to be charged,i_didnt_expect_to_be_charged_2010816994,Not ready to commit to annual membership,not_ready_to_commit_to_annual_membership,,Pricing (Digital),pricing_digital,3,,,u_0ab6e6cc792fbad0,,,,0,,,Canceled,2026-07-10T06:02:07.000Z,2026-07-10T06:02:30.000Z,2026-07-10T06:02:30.000Z,,38.58,2026-07-10T06:02:30.000Z,cancel,Valid Cancel,annual,2027-07-08T06:23:15.000Z,2027-07-08T06:23:15.000Z,3.0,3.0,36.0,Brightback,,,,,,,AzqTrlVOlBodISI5,2026-07-08T06:23:13.000Z,,2026-07-08T06:23:15.000Z,,h_039b09566b4c432c,,1,2026-07-08T06:23:15.000Z,USD,u_0ab6e6cc792fbad0,ACTIVE,h_87622099bc06bf4d,[name],,,,2026-07-08T06:23:15.000Z,student,,1,annual_essentials,2026-07-08T06:23:15.000Z,_UNKNOWN,3600,YEAR,,,Middle School,[name],2027-07-08T06:23:15.000Z,,300,,2027-07-08T06:23:15.000Z,2026-07-08T06:23:15.000Z,3600,,,,,,Student Experience [July 2025] [25% one-time / No Entry Modal],,07-08-2026,,07-10-2026,07-08-2026,07-08-2026,07-08-2026,,07-08-2026,07-08-2027
Wg7A2oi_86d6d26c19eaab24,Azq9QrTjWc0XR1yVl,,Students; Annual,,,[name],[name],,I didn’t expect to be charged,i_didnt_expect_to_be_charged_2010816994,Not ready to commit to annual membership,not_ready_to_commit_to_annual_membership,,Pricing (Digital),pricing_digital,1,,,u_638bd94607eb0ea7,,,,0,,,Canceled,2026-07-10T02:50:47.000Z,2026-07-10T02:51:07.000Z,2026-07-10T02:51:07.000Z,,38.71,2026-07-10T02:51:07.000Z,cancel,Valid Cancel,annual,2027-07-09T14:58:30.000Z,2027-07-09T14:58:30.000Z,3.0,3.0,36.0,Brightback,,,,,,,Azq9QrTjWc0XR1yVl,2023-07-09T14:58:28.000Z,,2023-07-09T14:58:30.000Z,,h_7a9868c63d3f68f3,,1,2023-07-09T14:58:30.000Z,USD,u_638bd94607eb0ea7,ACTIVE,h_cea5874453f60268,[name],,,,2026-07-09T14:58:30.000Z,student,,1,annual,2023-07-09T14:58:30.000Z,_UNKNOWN,3600,YEAR,,,College,[name],2027-07-09T14:58:30.000Z,,300,,2027-07-09T14:58:30.000Z,2023-07-09T14:58:30.000Z,3600,,,,,,Student Experience [July 2025] [25% one-time / No Entry Modal],,07-09-2023,,07-10-2026,07-09-2023,07-09-2023,07-09-2023,,07-09-2023,07-09-2027
Wg7A2IE_bdc9edfadaaabf58,1670766,,Students; fallback,,,[name],[name],[name],I didn’t expect to be charged,i_didnt_expect_to_be_charged_2010816994,Not ready to commit to annual membership,not_ready_to_commit_to_annual_membership,,Pricing (Digital),pricing_digital,10,,,u_8d83751a30871b7c,,,,0,9.95,,Canceled,2026-07-10T02:18:20.000Z,2026-07-10T02:18:34.000Z,2026-07-10T02:18:34.000Z,,38.73,2026-07-10T02:18:34.000Z,cancel,Valid Cancel,monthly,2026-08-10T02:16:30.000Z,,9.95,9.95,9.95,Brightback,,,,,,,1670766,2026-06-10T02:16:28.000Z,,2026-06-10T02:16:30.000Z,,h_dd695103b6050816,,1,2026-06-10T02:16:30.000Z,USD,u_8d83751a30871b7c,NON_RENEWING,h_9d61f588ff3ee205,[name],9.95,monthly_essentials,,2026-07-10T02:16:30.000Z,student,,1,monthly_essentials,2026-06-10T02:16:30.000Z,_UNKNOWN,995,MONTH,monthly_essentials,,College,[name],,,995,,2026-08-10T02:16:30.000Z,2026-06-10T02:16:30.000Z,995,[name],,https://www.supersummary.com/subscription,https://www.supersummary.com/subscription/confirming/cancel,,Student Experience [July 2025] [25% one-time / No Entry Modal],,06-10-2026,,07-10-2026,06-10-2026,06-10-2026,06-10-2026,,06-10-2026,
Wg7A2Hj_bf81ce588f7ec837,Azq6vsVM6Syqh361z,,Students; fallback,,,[name],[name],,I didn’t expect to be charged,i_didnt_expect_to_be_charged_2010816994,Not ready to commit to annual membership,not_ready_to_commit_to_annual_membership,,Pricing (Digital),pricing_digital,8,,,u_8d83751a30871b7c,,,,0,,,Canceled,2026-07-10T02:17:48.000Z,2026-07-10T02:18:06.000Z,2026-07-10T02:18:06.000Z,,38.74,2026-07-10T02:18:06.000Z,cancel,Valid Cancel,monthly,2026-08-10T02:16:30.000Z,2026-08-10T02:16:30.000Z,9.95,9.95,9.95,Brightback,,,,,,,Azq6vsVM6Syqh361z,2026-06-10T02:16:28.000Z,,2026-06-10T02:16:30.000Z,,h_dd695103b6050816,,1,2026-06-10T02:16:30.000Z,USD,u_8d83751a30871b7c,ACTIVE,h_9d61f588ff3ee205,[name],,,,2026-07-10T02:16:30.000Z,student,,1,monthly_essentials,2026-06-10T02:16:30.000Z,_UNKNOWN,995,MONTH,,,College,[name],2026-08-10T02:16:30.000Z,,995,,2026-08-10T02:16:30.000Z,2026-06-10T02:16:30.000Z,995,,,,,,Student Experience [July 2025] [25% one-time / No Entry Modal],,06-10-2026,,07-10-2026,06-10-2026,06-10-2026,06-10-2026,,06-10-2026,08-10-2026
Wg7A1Du_b5e80a728ca45811,AzZUx6VDO3ghu2D4h,,Students; fallback,,,[name],[name],,I didn’t expect to be charged,i_didnt_expect_to_be_charged_2010816994,Not ready to commit to annual membership,not_ready_to_commit_to_annual_membership,,Pricing (Digital),pricing_digital,3,,,u_a110abe772d24805,,,,0,,,Canceled,2026-07-10T01:14:08.000Z,2026-07-10T01:14:26.000Z,2026-07-10T01:14:26.000Z,,38.78,2026-07-10T01:14:26.000Z,cancel,Valid Cancel,monthly,2026-08-09T16:09:01.000Z,2026-08-09T16:09:01.000Z,16.65,16.65,16.65,Brightback,,,,,,,AzZUx6VDO3ghu2D4h,2026-03-09T16:08:58.000Z,,2026-03-09T16:09:01.000Z,,h_a0fcd3e43b75d358,,1,2026-03-09T16:09:01.000Z,USD,u_a110abe772d24805,ACTIVE,h_ffafcb379084e07d,[name],,,,2026-07-09T16:09:01.000Z,student,,1,monthly_plus,2026-03-09T16:09:01.000Z,_UNKNOWN,1665,MONTH,,,College,[name],2026-08-09T16:09:01.000Z,,1665,,2026-08-09T16:09:01.000Z,2026-03-09T16:09:01.000Z,1665,,,,,,Student Experience [July 2025] [25% one-time / No Entry Modal],,03-09-2026,,07-10-2026,03-09-2026,03-09-2026,03-09-2026,,03-09-2026,08-09-2026
Wg79LrV_b1ed08fafa70888e,1692407,,Book Club Members; fallback,,,[name],[name],[name],I didn’t expect to be charged,i_didnt_expect_to_be_charged_2010816994,Not ready to commit to annual membership,not_ready_to_commit_to_annual_membership,,Pricing (Digital),pricing_digital,6,,,u_677f5dbd58965d1c,,,,0,60.0,,Canceled,2026-07-09T21:53:35.000Z,2026-07-09T21:54:02.000Z,2026-07-09T21:54:02.000Z,,38.92,2026-07-09T21:54:02.000Z,cancel,Valid Cancel,annual,2027-07-09T17:50:41.000Z,2027-07-09T17:50:41.000Z,5.0,5.0,60.0,Brightback,,,,,,,1692407,2026-07-09T17:50:39.000Z,,2026-07-09T17:50:41.000Z,,h_21ff2870d2536aa7,,1,2026-07-09T17:50:41.000Z,USD,u_677f5dbd58965d1c,ACTIVE,h_aa360dcdef82655d,[name],60.0,annual_plus,,2026-07-09T17:50:41.000Z,book_club_member,,1,annual_plus,2026-07-09T17:50:41.000Z,_UNKNOWN,6000,YEAR,annual_plus,,,[name],2027-07-09T17:50:41.000Z,,500,,2027-07-09T17:50:41.000Z,2026-07-09T17:50:41.000Z,6000,[name],,https://www.supersummary.com/subscription,https://www.supersummary.com/subscription/confirming/cancel,,BCM Experience [July 2025] [25% one-time / No Entry Modal],,07-09-2026,,07-09-2026,07-09-2026,07-09-2026,07-09-2026,,07-09-2026,07-09-2027
Wg79HP1_9147a14b30b7b5aa,AzZf4lUeJqZgvQZc1,,Book Club Members; Annual,,,[name],[name],,I didn’t expect to be charged,i_didnt_expect_to_be_charged_2010816994,Not ready to commit to annual membership,not_ready_to_commit_to_annual_membership,,Pricing (Digital),pricing_digital,3,nothing,,u_e967d3baa16abfbe,nothing,,,1,,,Canceled,2026-07-09T17:25:09.000Z,2026-07-09T17:27:08.000Z,2026-07-09T17:27:08.000Z,,39.11,2026-07-09T17:27:08.000Z,cancel,Valid Cancel,annual,2027-03-02T20:01:01.000Z,2027-03-02T20:01:01.000Z,3.0,3.0,36.0,Brightback,,,,,,,AzZf4lUeJqZgvQZc1,2025-03-02T20:00:59.000Z,,2025-03-02T20:01:01.000Z,,h_51a1f62615d9e090,,1,2025-03-02T20:01:01.000Z,USD,u_e967d3baa16abfbe,ACTIVE,h_3258c44d72965907,[name],,,,2026-03-02T20:01:01.000Z,book_club_member,,1,annual,2025-03-02T20:01:01.000Z,_UNKNOWN,3600,YEAR,,,,[name],2027-03-02T20:01:01.000Z,,300,,2027-03-02T20:01:01.000Z,2025-03-02T20:01:01.000Z,3600,,,,,,BCM Experience [July 2025] [25% one-time / No Entry Modal],,03-02-2025,,07-09-2026,03-02-2025,03-02-2025,03-02-2025,,03-02-2025,03-02-2027
Wg79HiL_837587d338340dde,AzypZOVOpyHOe3B4D,,fallback,,,[name],[name],,I didn’t expect to be charged,i_didnt_expect_to_be_charged_2010816994,Not ready to commit to annual membership,not_ready_to_commit_to_annual_membership,,Pricing (Digital),pricing_digital,1,,,u_ce309a4d886f281b,,,,0,,,Canceled,2026-07-09T17:44:24.000Z,2026-07-09T17:45:21.000Z,2026-07-09T17:45:21.000Z,,39.09,2026-07-09T17:45:21.000Z,cancel,Valid Cancel,annual,2027-07-09T02:00:50.000Z,2027-07-09T02:00:50.000Z,3.0,3.0,36.0,Brightback,,,,,,,AzypZOVOpyHOe3B4D,2026-07-09T02:00:49.000Z,,2026-07-09T02:00:50.000Z,,h_5de722ab3b7b271c,,1,2026-07-09T02:00:50.000Z,USD,u_ce309a4d886f281b,ACTIVE,h_b88edd0a65fa4783,[name],,,,2026-07-09T02:00:50.000Z,other,,1,annual_essentials,2026-07-09T02:00:50.000Z,_UNKNOWN,3600,YEAR,,,,[name],2027-07-09T02:00:50.000Z,,300,,2027-07-09T02:00:50.000Z,2026-07-09T02:00:50.000Z,3600,,,,,,Default/Fallback [July 2025] [25% one time / No entry modal],,07-09-2026,,07-09-2026,07-09-2026,07-09-2026,07-09-2026,,07-09-2026,07-09-2027
Wg79DbZ_af1a91a27a2a3270,AzqYJ3UhpWEud7FA2,,Students; Monthly,,,[name],[name],,I didn’t expect to be charged,i_didnt_expect_to_be_charged_2010816994,Not ready to commit to annual membership,not_ready_to_commit_to_annual_membership,,Pricing (Digital),pricing_digital,1,,,u_4bb7663c9eecedf1,,,,0,,,Canceled,2026-07-09T13:37:38.000Z,2026-07-09T13:38:06.000Z,2026-07-09T13:38:06.000Z,,39.26,2026-07-09T13:38:06.000Z,cancel,Valid Cancel,monthly,2026-08-09T01:27:36.000Z,2026-08-09T01:27:36.000Z,9.95,9.95,9.95,Brightback,,,,,,,AzqYJ3UhpWEud7FA2,2025-04-09T01:27:34.000Z,,2025-04-09T01:27:36.000Z,,h_fb8d1d94882c7dae,,1,2025-04-09T01:27:36.000Z,USD,u_4bb7663c9eecedf1,ACTIVE,h_7fd8e7a52b0d92b3,[name],,,,2026-07-09T01:27:36.000Z,student,,1,monthly,2025-04-09T01:27:36.000Z,_UNKNOWN,995,MONTH,,,College,[name],2026-08-09T01:27:36.000Z,,995,,2026-08-09T01:27:36.000Z,2025-04-09T01:27:36.000Z,995,,,,,,Student Experience [July 2025] [40% forever / Modal],,04-09-2025,,07-09-2026,04-09-2025,04-09-2025,04-09-2025,,04-09-2025,08-09-2026
Wg7951V_84d207ba96a94cb8,AzZqeiUHpzGnvBvjK,,fallback,,,[name],[name],,I didn’t expect to be charged,i_didnt_expect_to_be_charged_2010816994,Not ready to commit to annual membership,not_ready_to_commit_to_annual_membership,,Pricing (Digital),pricing_digital,1,,,u_c496ad8f6ee59956,,,,0,,,Canceled,2026-07-09T05:01:35.000Z,2026-07-09T05:01:59.000Z,2026-07-09T05:01:59.000Z,,39.62,2026-07-09T05:01:59.000Z,cancel,Valid Cancel,annual,2027-07-07T10:52:01.000Z,2027-07-07T10:52:01.000Z,3.0,3.0,36.0,Brightback,,,,,,,AzZqeiUHpzGnvBvjK,2024-07-07T10:51:58.000Z,,2024-07-07T10:52:01.000Z,,h_27dce650ff5ee483,,1,2024-07-07T10:52:01.000Z,USD,u_c496ad8f6ee59956,ACTIVE,h_2704c5f3bbb94bd5,[name],,,,2026-07-07T10:52:01.000Z,other,,1,annual,2024-07-07T10:52:01.000Z,_UNKNOWN,3600,YEAR,,,,[name],2027-07-07T10:52:01.000Z,,300,,2027-07-07T10:52:01.000Z,2024-07-07T10:52:01.000Z,3600,,,,,,Default/Fallback [July 2025] [25% one time / No entry modal],,07-07-2024,,07-09-2026,07-07-2024,07-07-2024,07-07-2024,,07-07-2024,07-07-2027
Wg79384_979540b95463c806,1693062,,Parents; fallback,,,[name],[name],[name],I didn’t expect to be charged,i_didnt_expect_to_be_charged_2010816994,Not ready to commit to annual membership,not_ready_to_commit_to_annual_membership,,Pricing (Digital),pricing_digital,1,,,u_55e79d13b844841d,,,,0,9.95,,Canceled,2026-07-09T03:08:10.000Z,2026-07-09T03:08:28.000Z,2026-07-09T03:08:28.000Z,,39.7,2026-07-09T03:08:28.000Z,cancel,Valid Cancel,monthly,2026-08-09T02:53:38.000Z,2026-08-09T02:53:38.000Z,9.95,9.95,9.95,Brightback,,,,,,,1693062,2026-07-09T02:53:35.000Z,,2026-07-09T02:53:38.000Z,,h_1dcc8c4ac3e4a484,,1,2026-07-09T02:53:38.000Z,USD,u_55e79d13b844841d,ACTIVE,h_f9ea8075b6d48740,[name],9.95,monthly_essentials,,2026-07-09T02:53:38.000Z,parent_of_student,,1,monthly_essentials,2026-07-09T02:53:38.000Z,_UNKNOWN,995,MONTH,monthly_essentials,,High School,[name],2026-08-09T02:53:38.000Z,,995,,2026-08-09T02:53:38.000Z,2026-07-09T02:53:38.000Z,995,[name],,https://www.supersummary.com/subscription,https://www.supersummary.com/subscription/confirming/cancel,,Parent Experience [July 2025] [25% one-time / No Entry Modal],,07-09-2026,,07-09-2026,07-09-2026,07-09-2026,07-09-2026,,07-09-2026,08-09-2026
Wg7914g_b68b47c90bee5906,386726,,Students; Annual,,,[name],[name],[name],I didn’t expect to be charged,i_didnt_expect_to_be_charged_2010816994,Not ready to commit to annual membership,not_ready_to_commit_to_annual_membership,,Pricing (Digital),pricing_digital,1,,,u_2293561c86581f46,,,,0,36.0,,Canceled,2026-07-09T01:06:07.000Z,2026-07-09T01:06:47.000Z,2026-07-09T01:06:47.000Z,,39.78,2026-07-09T01:06:47.000Z,cancel,Valid Cancel,annual,2027-07-07T06:23:47.000Z,2027-07-07T06:23:47.000Z,3.0,3.0,36.0,Brightback,,,,,,,386726,2023-07-07T06:23:45.000Z,,2023-07-07T06:23:47.000Z,,h_6551104dae1591a2,,1,2023-07-07T06:23:47.000Z,USD,u_2293561c86581f46,ACTIVE,h_39f2e71ec578d2d4,[name],36.0,annual,,2026-07-07T06:23:47.000Z,student,,1,annual,2023-07-07T06:23:47.000Z,_UNKNOWN,3600,YEAR,annual,,College,[name],2027-07-07T06:23:47.000Z,,300,,2027-07-07T06:23:47.000Z,2023-07-07T06:23:47.000Z,3600,[name],,https://www.supersummary.com/subscription,https://www.supersummary.com/subscription/confirming/cancel,,Student Experience [July 2025] [25% one-time / No Entry Modal],,07-07-2023,,07-09-2026,07-07-2023,07-07-2023,07-07-2023,,07-07-2023,07-07-2027
Wg78KEd_a463a3508eb69995,AzqBgFUqOKFE24pV5,,Students; Annual,,,[name],[name],,I didn’t expect to be charged,i_didnt_expect_to_be_charged_2010816994,Not ready to commit to annual membership,not_ready_to_commit_to_annual_membership,,Pricing (Digital),pricing_digital,1,,,u_99a89fa224e9d7db,,,,0,,,Canceled,2026-07-08T20:14:44.000Z,2026-07-08T20:15:07.000Z,2026-07-08T20:15:07.000Z,,39.99,2026-07-08T20:15:07.000Z,cancel,Valid Cancel,annual,2027-07-08T20:10:31.000Z,2027-07-08T20:10:31.000Z,3.0,3.0,36.0,Brightback,,,,,,,AzqBgFUqOKFE24pV5,2025-07-08T20:10:30.000Z,,2025-07-08T20:10:31.000Z,,h_68f7248a95d12c8f,,1,2025-07-08T20:10:31.000Z,USD,u_99a89fa224e9d7db,ACTIVE,h_a077b3c23cf71644,[name],,,,2026-07-08T20:10:31.000Z,student,,1,annual,2025-07-08T20:10:31.000Z,_UNKNOWN,3600,YEAR,,,College,[name],2027-07-08T20:10:31.000Z,,300,,2027-07-08T20:10:31.000Z,2025-07-08T20:10:31.000Z,3600,,,,,,Student Experience [July 2025] [25% one-time / No Entry Modal],,07-08-2025,,07-08-2026,07-08-2025,07-08-2025,07-08-2025,,07-08-2025,07-08-2027
Wg78K69_9c08e64136df343b,AzywqVVOoWizX2GO1,,Book Club Members; fallback,,,[name],[name],,I didn’t expect to be charged,i_didnt_expect_to_be_charged_2010816994,Not ready to commit to annual membership,not_ready_to_commit_to_annual_membership,,Pricing (Digital),pricing_digital,1,I won't use anything. I thought I was paying for a month not $36,,u_015e324a07d0c966,Have the fine print more obvious. Don't say 7 days free if you don't mean it.,,,1,,,Canceled,2026-07-08T20:06:15.000Z,2026-07-08T20:07:14.000Z,2026-07-08T20:07:14.000Z,,39.99,2026-07-08T20:07:14.000Z,cancel,Valid Cancel,annual,2027-07-08T20:05:07.000Z,2027-07-08T20:05:07.000Z,3.0,3.0,36.0,Brightback,,,,,,,AzywqVVOoWizX2GO1,2026-07-08T20:05:05.000Z,,2026-07-08T20:05:07.000Z,,h_b759aa5995330d46,,1,2026-07-08T20:05:07.000Z,USD,u_015e324a07d0c966,ACTIVE,h_3b768963537f805d,[name],,,,2026-07-08T20:05:07.000Z,book_club_member,,1,annual_essentials,2026-07-08T20:05:07.000Z,_UNKNOWN,3600,YEAR,,,,[name],2027-07-08T20:05:07.000Z,,300,,2027-07-08T20:05:07.000Z,2026-07-08T20:05:07.000Z,3600,,,,,,BCM Experience [July 2025] [25% one-time / No Entry Modal],,07-08-2026,,07-08-2026,07-08-2026,07-08-2026,07-08-2026,,07-08-2026,07-08-2027
Wg78Fvq_a6c766f7a4bd2f90,169uckUtu2SnH3ogD,,Students; Monthly,,,[name],[name],,I didn’t expect to be charged,i_didnt_expect_to_be_charged_2010816994,Not ready to commit to annual membership,not_ready_to_commit_to_annual_membership,,Pricing (Digital),pricing_digital,6,,,u_70d29ce5d1a4d720,,,,0,,,Canceled,2026-07-08T15:58:17.000Z,2026-07-08T15:59:12.000Z,2026-07-08T15:59:12.000Z,,40.17,2026-07-08T15:59:12.000Z,cancel,Valid Cancel,monthly,2026-07-15T01:47:15.000Z,2026-07-15T01:47:15.000Z,9.95,9.95,9.95,Brightback,,,,,,,169uckUtu2SnH3ogD,2025-08-15T01:47:12.000Z,,2025-08-15T01:47:15.000Z,,h_77ee4cb92296e831,,1,2025-08-15T01:47:15.000Z,USD,u_70d29ce5d1a4d720,ACTIVE,h_460df3d7c57ff9e5,[name],,,,2026-06-15T01:47:15.000Z,student,,1,monthly,2025-08-15T01:47:15.000Z,_UNKNOWN,995,MONTH,,,High School,[name],2026-07-15T01:47:15.000Z,,995,,2026-07-15T01:47:15.000Z,2025-08-15T01:47:15.000Z,995,,,,,,Student Experience [July 2025] [40% forever / Modal],,08-15-2025,,07-08-2026,08-15-2025,08-15-2025,08-15-2025,,08-15-2025,07-15-2026
Wg78Bhb_b83b195ce76878ef,16Ca0iV4iToMdAepx,,Students; fallback,,,[name],[name],,I didn’t expect to be charged,i_didnt_expect_to_be_charged_2010816994,Not ready to commit to annual membership,not_ready_to_commit_to_annual_membership,,Pricing (Digital),pricing_digital,1,,,u_35f052113c865084,,,,0,,,Canceled,2026-07-08T11:44:13.000Z,2026-07-08T11:44:28.000Z,2026-07-08T11:44:28.000Z,,40.34,2026-07-08T11:44:28.000Z,cancel,Valid Cancel,monthly,2026-08-07T17:38:18.000Z,2026-08-07T17:38:18.000Z,9.95,9.95,9.95,Brightback,,,,,,,16Ca0iV4iToMdAepx,2025-12-07T17:38:15.000Z,,2025-12-07T17:38:18.000Z,,h_7c9c7a4de635a971,,1,2025-12-07T17:38:18.000Z,USD,u_35f052113c865084,ACTIVE,h_b8c659320a5d6be5,[name],,,,2026-07-07T17:38:18.000Z,student,,1,monthly_essentials,2025-12-07T17:38:18.000Z,_UNKNOWN,995,MONTH,,,High School,[name],2026-08-07T17:38:18.000Z,,995,,2026-08-07T17:38:18.000Z,2025-12-07T17:38:18.000Z,995,,,,,,Student Experience [July 2025] [25% one-time / No Entry Modal],,12-07-2025,,07-08-2026,12-07-2025,12-07-2025,12-07-2025,,12-07-2025,08-07-2026
Wg77LU6_874554235364715b,AzqebzUnM6nbf3T8K,,Teachers; Annual,,,[name],[name],,I didn’t expect to be charged,i_didnt_expect_to_be_charged_2010816994,Not ready to commit to annual membership,not_ready_to_commit_to_annual_membership,,Pricing (Digital),pricing_digital,1,,,u_f06a13951269f2aa,,,,0,,,Canceled,2026-07-07T21:30:10.000Z,2026-07-07T21:30:35.000Z,2026-07-07T21:30:35.000Z,,40.93,2026-07-07T21:30:35.000Z,cancel,Valid Cancel,annual,2027-06-06T15:37:56.000Z,2027-06-06T15:37:56.000Z,3.0,3.0,36.0,Brightback,,,,,,,AzqebzUnM6nbf3T8K,2025-06-06T15:37:53.000Z,,2025-06-06T15:37:56.000Z,,h_8085525ff67f0195,,1,2025-06-06T15:37:56.000Z,USD,u_f06a13951269f2aa,ACTIVE,h_5dcd0bf0c57341d0,[name],,,,2026-06-06T15:37:56.000Z,teacher,,1,annual,2025-06-06T15:37:56.000Z,_UNKNOWN,3600,YEAR,,,High School,[name],2027-06-06T15:37:56.000Z,,300,,2027-06-06T15:37:56.000Z,2025-06-06T15:37:56.000Z,3600,,,,,,Teacher Experience [July 2025] [40% one-time / Modal],,06-06-2025,,07-07-2026,06-06-2025,06-06-2025,06-06-2025,,06-06-2025,06-06-2027
Wg77Lo1_95f299a1b862d459,1692032,,Students; fallback,,,[name],[name],[name],I didn’t expect to be charged,i_didnt_expect_to_be_charged_2010816994,Not ready to commit to annual membership,not_ready_to_commit_to_annual_membership,,Pricing (Digital),pricing_digital,3,,,u_1f1e8af254e56d02,,,,0,60.0,,Canceled,2026-07-07T21:50:10.000Z,2026-07-07T21:50:25.000Z,2026-07-07T21:50:25.000Z,,40.92,2026-07-07T21:50:25.000Z,cancel,Valid Cancel,annual,2026-07-08T06:19:38.000Z,2026-07-08T06:19:38.000Z,5.0,5.0,60.0,Brightback,,,,,,,1692032,2026-07-07T21:40:05.000Z,,2026-07-07T21:40:07.000Z,,h_47cae8639a9e8ca6,,1,2026-07-07T21:40:07.000Z,USD,u_1f1e8af254e56d02,ACTIVE,h_cce7e24c7a6d2e8e,[name],60.0,annual_plus,,2026-07-07T21:40:07.000Z,student,,1,annual_plus,2026-07-07T21:40:07.000Z,_UNKNOWN,6000,YEAR,annual_plus,,Postgrad Program,[name],2027-07-07T21:40:07.000Z,,500,,2027-07-07T21:40:07.000Z,2026-07-07T21:40:07.000Z,6000,[name],,https://www.supersummary.com/subscription,https://www.supersummary.com/subscription/confirming/cancel,,Student Experience [July 2025] [25% one-time / No Entry Modal],,07-07-2026,,07-07-2026,07-07-2026,07-07-2026,07-07-2026,,07-07-2026,07-07-2027
Wg77Fe8_84ac40016f70df0d,6oqPuUHDdzYXFSRH,,Book Club Members; Annual,,,[name],[name],,I didn’t expect to be charged,i_didnt_expect_to_be_charged_2010816994,Not ready to commit to annual membership,not_ready_to_commit_to_annual_membership,,Pricing (Digital),pricing_digital,4,,,u_77aed63a4a804caf,,,,0,,,Canceled,2026-07-07T15:40:10.000Z,2026-07-07T15:40:36.000Z,2026-07-07T15:40:36.000Z,,41.18,2026-07-07T15:40:36.000Z,cancel,Valid Cancel,annual,2027-06-30T21:29:09.000Z,2027-06-30T21:29:09.000Z,3.0,3.0,36.0,Brightback,,,,,,,6oqPuUHDdzYXFSRH,2024-06-30T21:29:06.000Z,,2024-06-30T21:29:09.000Z,,h_e1b7e43eb36982af,,1,2024-06-30T21:29:09.000Z,USD,u_77aed63a4a804caf,ACTIVE,h_352b8703990ad903,[name],,,,2026-06-30T21:29:09.000Z,book_club_member,,1,annual,2024-06-30T21:29:09.000Z,_UNKNOWN,3600,YEAR,,,,[name],2027-06-30T21:29:09.000Z,,300,,2027-06-30T21:29:09.000Z,2024-06-30T21:29:09.000Z,3600,,,,,,BCM Experience [July 2025] [25% one-time / No Entry Modal],,06-30-2024,,07-07-2026,06-30-2024,06-30-2024,06-30-2024,,06-30-2024,06-30-2027
Wg76Mql_a109dd89e9e3c92f,1663340,,Students; fallback,,,[name],[name],[name],I didn’t expect to be charged,i_didnt_expect_to_be_charged_2010816994,Not ready to commit to annual membership,not_ready_to_commit_to_annual_membership,,Pricing (Digital),pricing_digital,1,brain,,u_06821a9235166d86,not 60 dollars,,,1,60.0,,Canceled,2026-07-06T22:52:56.000Z,2026-07-06T22:53:22.000Z,2026-07-06T22:53:22.000Z,,41.88,2026-07-06T22:53:22.000Z,cancel,Valid Cancel,annual,2027-06-02T21:14:21.000Z,2027-06-02T21:14:21.000Z,5.0,5.0,60.0,Brightback,,,,,,,1663340,2026-06-02T21:14:19.000Z,,2026-06-02T21:14:21.000Z,,h_a60d37811d73e83a,,1,2026-06-02T21:14:21.000Z,USD,u_06821a9235166d86,ACTIVE,h_6b0144bd5c70e8f5,[name],60.0,annual_plus,,2026-06-02T21:14:21.000Z,student,,1,annual_plus,2026-06-02T21:14:21.000Z,_UNKNOWN,6000,YEAR,annual_plus,,College,[name],2027-06-02T21:14:21.000Z,,500,,2027-06-02T21:14:21.000Z,2026-06-02T21:14:21.000Z,6000,[name],,https://www.supersummary.com/subscription,https://www.supersummary.com/subscription/confirming/cancel,,Student Experience [July 2025] [25% one-time / No Entry Modal],,06-02-2026,,07-06-2026,06-02-2026,06-02-2026,06-02-2026,,06-02-2026,06-02-2027
Wg76Lom_9d079c3082123160,1690794,,Teachers; fallback,,,[name],[name],[name],I didn’t expect to be charged,i_didnt_expect_to_be_charged_2010816994,Not ready to commit to annual membership,not_ready_to_commit_to_annual_membership,,Pricing (Digital),pricing_digital,1,Nothing,,u_ab393337602a1738,By not charging ,,,1,36.0,,Canceled,2026-07-06T21:50:57.000Z,2026-07-06T21:51:43.000Z,2026-07-06T21:51:43.000Z,,41.92,2026-07-06T21:51:43.000Z,cancel,Valid Cancel,annual,2027-07-06T16:55:50.000Z,2027-07-06T16:55:50.000Z,3.0,3.0,36.0,Brightback,,,,,,,1690794,2026-07-06T16:55:49.000Z,,2026-07-06T16:55:50.000Z,,h_34904aa2447ac51b,,1,2026-07-06T16:55:50.000Z,USD,u_ab393337602a1738,ACTIVE,h_cbc073585333824b,[name],36.0,annual_essentials,,2026-07-06T16:55:50.000Z,teacher,,1,annual_essentials,2026-07-06T16:55:50.000Z,_UNKNOWN,3600,YEAR,annual_essentials,,High School,[name],2027-07-06T16:55:50.000Z,,300,,2027-07-06T16:55:50.000Z,2026-07-06T16:55:50.000Z,3600,[name],,https://www.supersummary.com/subscription,https://www.supersummary.com/subscription/confirming/cancel,,Teacher Experience [July 2025] [40% one-time / Modal],,07-06-2026,,07-06-2026,07-06-2026,07-06-2026,07-06-2026,,07-06-2026,07-06-2027
Wg76KOP_8b6df057fff7a58a,AzytAJUvwLESB29Yk,,fallback,,,[name],[name],,I didn’t expect to be charged,i_didnt_expect_to_be_charged_2010816994,Not ready to commit to annual membership,not_ready_to_commit_to_annual_membership,,Pricing (Digital),pricing_digital,1,,,u_aee63cbfeabb1af6,,,,0,,,Canceled,2026-07-06T20:24:26.000Z,2026-07-06T20:24:37.000Z,2026-07-06T20:24:37.000Z,,41.98,2026-07-06T20:24:37.000Z,cancel,Valid Cancel,monthly,2026-08-05T16:12:06.000Z,2026-08-05T16:12:06.000Z,16.65,16.65,16.65,Brightback,,,,,,,AzytAJUvwLESB29Yk,2025-09-05T16:12:03.000Z,,2025-09-05T16:12:06.000Z,,h_47032c5784e7f1f9,,1,2025-09-05T16:12:06.000Z,USD,u_aee63cbfeabb1af6,ACTIVE,h_73f3cd883f2899b7,[name],,,,2026-07-05T16:12:06.000Z,other,,1,monthly_plus,2025-09-05T16:12:06.000Z,_UNKNOWN,1665,MONTH,,,,[name],2026-08-05T16:12:06.000Z,,1665,,2026-08-05T16:12:06.000Z,2025-09-05T16:12:06.000Z,1665,,,,,,Default/Fallback [July 2025] [25% one time / No entry modal],,09-05-2025,,07-06-2026,09-05-2025,09-05-2025,09-05-2025,,09-05-2025,08-05-2026
Wg76KjQ_a963b346aff52a54,1253923,,Book Club Members; Annual,,,[name],[name],[name],I didn’t expect to be charged,i_didnt_expect_to_be_charged_2010816994,Not ready to commit to annual membership,not_ready_to_commit_to_annual_membership,,Pricing (Digital),pricing_digital,1,other research tools,,u_541eba370944882f,nothing,,,1,36.0,,Canceled,2026-07-06T20:45:46.000Z,2026-07-06T20:46:57.000Z,2026-07-06T20:46:57.000Z,,41.97,2026-07-06T20:46:57.000Z,cancel,Valid Cancel,annual,2027-07-06T20:27:09.000Z,2027-07-06T20:27:09.000Z,3.0,3.0,36.0,Brightback,,,,,,,1253923,2025-07-06T20:27:07.000Z,,2025-07-06T20:27:09.000Z,,h_4e4b0506f4db73bd,,1,2025-07-06T20:27:09.000Z,USD,u_541eba370944882f,ACTIVE,h_953420b6b8edd43a,[name],36.0,annual,,2026-07-06T20:27:09.000Z,book_club_member,,1,annual,2025-07-06T20:27:09.000Z,_UNKNOWN,3600,YEAR,annual,,,[name],2027-07-06T20:27:09.000Z,,300,,2027-07-06T20:27:09.000Z,2025-07-06T20:27:09.000Z,3600,[name],,https://www.supersummary.com/subscription,https://www.supersummary.com/subscription/confirming/cancel,,BCM Experience [July 2025] [25% one-time / No Entry Modal],,07-06-2025,,07-06-2026,07-06-2025,07-06-2025,07-06-2025,,07-06-2025,07-06-2027
Wg76IZc_a45e95258d4a7214,AzyqdyVOcSWF0Cw5C,,Parents; fallback,,,[name],[name],,I didn’t expect to be charged,i_didnt_expect_to_be_charged_2010816994,Not ready to commit to annual membership,not_ready_to_commit_to_annual_membership,,Pricing (Digital),pricing_digital,5,,,u_74523ac45777db33,,,,0,,,Canceled,2026-07-06T18:36:04.000Z,2026-07-06T18:36:27.000Z,2026-07-06T18:36:27.000Z,,42.06,2026-07-06T18:36:27.000Z,cancel,Valid Cancel,annual,2027-07-06T18:33:08.000Z,2027-07-06T18:33:08.000Z,3.75,3.75,60.0,Brightback,,,,,,,AzyqdyVOcSWF0Cw5C,2026-07-06T18:33:07.000Z,,2026-07-06T18:33:08.000Z,,h_c317b411461886a2,,1,2026-07-06T18:33:08.000Z,USD,u_74523ac45777db33,ACTIVE,h_f464ce2aa5a07665,[name],,,,2026-07-06T18:33:08.000Z,parent_of_student,,1,annual_plus,2026-07-06T18:33:08.000Z,_UNKNOWN,6000,YEAR,,nmTKUhkQCvq,other,[name],2027-07-06T18:33:08.000Z,,375,,2027-07-06T18:33:08.000Z,2026-07-06T18:33:08.000Z,6000,,,,,,Parent Experience [July 2025] [25% one-time / No Entry Modal],,07-06-2026,,07-06-2026,07-06-2026,07-06-2026,07-06-2026,,07-06-2026,07-06-2027
Wg76Gbp_a740c798c566f65b,16BcBrVOE8DKj1d6u,,fallback,,,[name],[name],,I didn’t expect to be charged,i_didnt_expect_to_be_charged_2010816994,Not ready to commit to annual membership,not_ready_to_commit_to_annual_membership,,Pricing (Digital),pricing_digital,10,,,u_499ccf76a4313444,,,,0,,,Canceled,2026-07-06T16:37:54.000Z,2026-07-06T16:38:17.000Z,2026-07-06T16:38:17.000Z,,42.14,2026-07-06T16:38:17.000Z,cancel,Valid Cancel,monthly,2026-08-02T14:41:57.000Z,2026-08-02T14:41:57.000Z,16.65,16.65,16.65,Brightback,,,,,,,16BcBrVOE8DKj1d6u,2025-05-23T14:35:19.000Z,,2026-07-02T14:41:57.000Z,,h_b443154d25c200a5,,1,2026-07-02T14:41:57.000Z,USD,u_499ccf76a4313444,ACTIVE,h_887bd65732f4e158,[name],,,,2026-07-02T14:41:57.000Z,other,,1,monthly_plus,2026-07-02T14:41:57.000Z,_UNKNOWN,1665,MONTH,,,,[name],2026-08-02T14:41:57.000Z,,1665,,2026-08-02T14:41:57.000Z,2026-07-02T14:41:57.000Z,1665,,,,,,Default/Fallback [July 2025] [25% one time / No entry modal],,07-02-2026,,07-06-2026,07-02-2026,07-02-2026,05-23-2025,,07-02-2026,08-02-2026
Wg76Bve_8f72f2960b8f8b31,AzyiQXVOW8YiG93Bi,,Book Club Members; fallback,,,[name],[name],,I didn’t expect to be charged,i_didnt_expect_to_be_charged_2010816994,Not ready to commit to annual membership,not_ready_to_commit_to_annual_membership,,Pricing (Digital),pricing_digital,4,,,u_4d1321863e569bdd,,,,0,,,Canceled,2026-07-06T11:57:41.000Z,2026-07-06T11:58:15.000Z,2026-07-06T11:58:15.000Z,,42.33,2026-07-06T11:58:15.000Z,cancel,Valid Cancel,monthly,2026-08-05T16:36:13.000Z,2026-08-05T16:36:13.000Z,9.95,9.95,9.95,Brightback,,,,,,,AzyiQXVOW8YiG93Bi,2026-07-05T16:36:11.000Z,,2026-07-05T16:36:13.000Z,,h_4ca3c05ec4152b88,,1,2026-07-05T16:36:13.000Z,USD,u_4d1321863e569bdd,ACTIVE,h_bbefd5eb87247958,[name],,,,2026-07-05T16:36:13.000Z,book_club_member,,1,monthly_essentials,2026-07-05T16:36:13.000Z,_UNKNOWN,995,MONTH,,,,[name],2026-08-05T16:36:13.000Z,,995,,2026-08-05T16:36:13.000Z,2026-07-05T16:36:13.000Z,995,,,,,,BCM Experience [July 2025] [25% one-time / No Entry Modal],,07-05-2026,,07-06-2026,07-05-2026,07-05-2026,07-05-2026,,07-05-2026,08-05-2026
Wg76BfR_9c651236807f0f33,801772,,Teachers; fallback,,,[name],[name],[name],I didn’t expect to be charged,i_didnt_expect_to_be_charged_2010816994,Not ready to commit to annual membership,not_ready_to_commit_to_annual_membership,,Pricing (Digital),pricing_digital,10,,,u_62452578e586ad27,,,,0,60.0,,Canceled,2026-07-06T11:41:31.000Z,2026-07-06T11:42:09.000Z,2026-07-06T11:42:09.000Z,,42.34,2026-07-06T11:42:09.000Z,cancel,Valid Cancel,annual,2027-07-06T11:40:46.000Z,2027-07-06T11:40:46.000Z,5.0,5.0,60.0,Brightback,,,,,,,801772,2026-07-06T11:40:45.000Z,,2026-07-06T11:40:46.000Z,,h_f6b3c01fd7fdab6e,,1,2026-07-06T11:40:46.000Z,USD,u_62452578e586ad27,ACTIVE,h_ae21a79d59b28b70,[name],60.0,annual_plus,,2026-07-06T11:40:46.000Z,teacher,,1,annual_plus,2026-07-06T11:40:46.000Z,_UNKNOWN,6000,YEAR,annual_plus,,Postgrad Program,[name],2027-07-06T11:40:46.000Z,,500,,2027-07-06T11:40:46.000Z,2026-07-06T11:40:46.000Z,6000,[name],,https://www.supersummary.com/subscription,https://www.supersummary.com/subscription/confirming/cancel,,Teacher Experience [July 2025] [40% one-time / Modal],,07-06-2026,,07-06-2026,07-06-2026,07-06-2026,07-06-2026,,07-06-2026,07-06-2027
Wg767pF_a00aa5fa89b8c21c,AzZTePVOZqXaeAYi2,,Students; fallback,,,[name],[name],,I didn’t expect to be charged,i_didnt_expect_to_be_charged_2010816994,Not ready to commit to annual membership,not_ready_to_commit_to_annual_membership,,Pricing (Digital),pricing_digital,1,,,u_cd610151dda41b88,,,,0,,,Canceled,2026-07-06T07:51:17.000Z,2026-07-06T07:52:06.000Z,2026-07-06T19:32:20.000Z,,42.5,2026-07-06T19:32:20.000Z,cancel,Valid Cancel,annual,2027-07-06T07:49:45.000Z,2027-07-06T07:49:45.000Z,5.0,5.0,60.0,Brightback,,,,,,,AzZTePVOZqXaeAYi2,2026-07-06T07:49:43.000Z,,2026-07-06T07:49:45.000Z,,h_d506014d3bbac6d2,,1,2026-07-06T07:49:45.000Z,USD,u_cd610151dda41b88,ACTIVE,h_c5e3653c0f31412e,[name],,,,2026-07-06T07:49:45.000Z,student,,1,annual_plus,2026-07-06T07:49:45.000Z,_UNKNOWN,6000,YEAR,,,College,[name],2027-07-06T07:49:45.000Z,,500,,2027-07-06T07:49:45.000Z,2026-07-06T07:49:45.000Z,6000,,,,,,Student Experience [July 2025] [25% one-time / No Entry Modal],,07-06-2026,,07-06-2026,07-06-2026,07-06-2026,07-06-2026,,07-06-2026,07-06-2027
Wg7653c_bea8f36c206fa498,169wRiUoSQz9q1Edz,,Students; Annual,,,[name],[name],,I didn’t expect to be charged,i_didnt_expect_to_be_charged_2010816994,Not ready to commit to annual membership,not_ready_to_commit_to_annual_membership,,Pricing (Digital),pricing_digital,1,,,u_140da529f2ffdafb,,,,0,,,Canceled,2026-07-06T05:03:46.000Z,2026-07-06T05:04:13.000Z,2026-07-06T05:04:14.000Z,,42.62,2026-07-06T05:04:14.000Z,cancel,Valid Cancel,annual,2027-06-18T08:04:38.000Z,2027-06-18T08:04:38.000Z,3.0,3.0,36.0,Brightback,,,,,,,169wRiUoSQz9q1Edz,2025-06-18T08:04:35.000Z,,2025-06-18T08:04:38.000Z,,h_ca89c367eacb2c33,,1,2025-06-18T08:04:38.000Z,USD,u_140da529f2ffdafb,ACTIVE,h_c577e213f0f6f6fe,[name],,,,2026-06-18T08:04:38.000Z,student,,1,annual,2025-06-18T08:04:38.000Z,_UNKNOWN,3600,YEAR,,,College,[name],2027-06-18T08:04:38.000Z,,300,,2027-06-18T08:04:38.000Z,2025-06-18T08:04:38.000Z,3600,,,,,,Student Experience [July 2025] [25% one-time / No Entry Modal],,06-18-2025,,07-06-2026,06-18-2025,06-18-2025,06-18-2025,,06-18-2025,06-18-2027
Wg762mb_94e8ae7987dd5c11,16BgtFUHfaX0c20PV,,Students; Annual,,,[name],[name],,I didn’t expect to be charged,i_didnt_expect_to_be_charged_2010816994,Not ready to commit to annual membership,not_ready_to_commit_to_annual_membership,,Pricing (Digital),pricing_digital,1,,,u_f1f0cc0b8a90c4b3,,,,0,,,Canceled,2026-07-06T02:48:42.000Z,2026-07-06T02:49:32.000Z,2026-07-06T02:49:32.000Z,,42.71,2026-07-06T02:49:32.000Z,cancel,Valid Cancel,annual,2027-07-05T16:11:02.000Z,2027-07-05T16:11:02.000Z,3.0,3.0,36.0,Brightback,,,,,,,16BgtFUHfaX0c20PV,2024-07-05T16:10:59.000Z,,2024-07-05T16:11:02.000Z,,h_5906f0cfacd13a2a,,1,2024-07-05T16:11:02.000Z,USD,u_f1f0cc0b8a90c4b3,ACTIVE,h_eb07df20fc0a55f3,[name],,,,2026-07-05T16:11:02.000Z,student,,1,annual,2024-07-05T16:11:02.000Z,_UNKNOWN,3600,YEAR,,,College,[name],2027-07-05T16:11:02.000Z,,300,,2027-07-05T16:11:02.000Z,2024-07-05T16:11:02.000Z,3600,,,,,,Student Experience [July 2025] [25% one-time / No Entry Modal],,07-05-2024,,07-06-2026,07-05-2024,07-05-2024,07-05-2024,,07-05-2024,07-05-2027
Wg75KQE_ba71329e879c7453,117552,,Students; Annual,,,[name],[name],[name],I didn’t expect to be charged,i_didnt_expect_to_be_charged_2010816994,Not ready to commit to annual membership,not_ready_to_commit_to_annual_membership,,Pricing (Digital),pricing_digital,9,,,u_72bbcd598ae78c55,,,,0,36.0,,Canceled,2026-07-05T20:26:22.000Z,2026-07-05T20:27:06.000Z,2026-07-10T21:22:31.000Z,,42.98,2026-07-10T21:22:31.000Z,cancel,Valid Cancel,annual,2027-07-05T19:57:40.000Z,2027-07-05T19:57:40.000Z,3.0,3.0,36.0,Brightback,,,,,,,117552,2021-11-02T23:51:37.000Z,,2022-07-05T19:57:40.000Z,,h_6edf65ade37d197a,,1,2022-07-05T19:57:40.000Z,USD,u_72bbcd598ae78c55,ACTIVE,h_a9368e6c527485ed,[name],36.0,annual,,2026-07-05T19:57:40.000Z,student,,1,annual,2022-07-05T19:57:40.000Z,_UNKNOWN,3600,YEAR,annual,,other,[name],2027-07-05T19:57:40.000Z,,300,,2027-07-05T19:57:40.000Z,2022-07-05T19:57:40.000Z,3600,[name],,https://www.supersummary.com/subscription,https://www.supersummary.com/subscription/confirming/cancel,,Student Experience [July 2025] [25% one-time / No Entry Modal],,07-05-2022,,07-05-2026,07-05-2022,07-05-2022,11-02-2021,,07-05-2022,07-05-2027
Wg75KfY_a98611aa6a0237e6,6oZmhVLhJCXz143F,,Book Club Members; fallback,,,[name],[name],,I didn’t expect to be charged,i_didnt_expect_to_be_charged_2010816994,Not ready to commit to annual membership,not_ready_to_commit_to_annual_membership,,Pricing (Digital),pricing_digital,5,,,u_2e1681614e74f16b,,,,0,,,Canceled,2026-07-05T20:41:39.000Z,2026-07-05T20:42:12.000Z,2026-07-05T20:42:13.000Z,,42.97,2026-07-05T20:42:13.000Z,cancel,Valid Cancel,monthly,2026-08-05T19:00:51.000Z,2026-08-05T19:00:51.000Z,9.95,9.95,9.95,Brightback,,,,,,,6oZmhVLhJCXz143F,2026-06-05T19:00:50.000Z,,2026-06-05T19:00:51.000Z,,h_782a140a13933089,,1,2026-06-05T19:00:51.000Z,USD,u_2e1681614e74f16b,ACTIVE,h_778482813baf3d8f,[name],,,,2026-07-05T19:00:51.000Z,book_club_member,,1,monthly_essentials,2026-06-05T19:00:51.000Z,_UNKNOWN,995,MONTH,,,,[name],2026-08-05T19:00:51.000Z,,995,,2026-08-05T19:00:51.000Z,2026-06-05T19:00:51.000Z,995,,,,,,BCM Experience [July 2025] [25% one-time / No Entry Modal],,06-05-2026,,07-05-2026,06-05-2026,06-05-2026,06-05-2026,,06-05-2026,08-05-2026
Wg75ImU_9d14a3ccb4eec379,AzyUr7VOWeMCn9F8l,,Students; fallback,,,[name],[name],,I didn’t expect to be charged,i_didnt_expect_to_be_charged_2010816994,Not ready to commit to annual membership,not_ready_to_commit_to_annual_membership,,Pricing (Digital),pricing_digital,1,,,u_ed7bc15e805c342c,Was charged $60 instead of signing up for the FREE trial period. ,,,1,,,Canceled,2026-07-05T18:48:33.000Z,2026-07-05T18:49:22.000Z,2026-07-05T18:49:22.000Z,,43.05,2026-07-05T18:49:22.000Z,cancel,Valid Cancel,annual,2027-07-05T18:42:32.000Z,2027-07-05T18:42:32.000Z,5.0,5.0,60.0,Brightback,,,,,,,AzyUr7VOWeMCn9F8l,2026-07-05T18:42:31.000Z,,2026-07-05T18:42:32.000Z,,h_35b43d2a8de903ec,,1,2026-07-05T18:42:32.000Z,USD,u_ed7bc15e805c342c,ACTIVE,h_287adb6186159960,[name],,,,2026-07-05T18:42:32.000Z,student,,1,annual_plus,2026-07-05T18:42:32.000Z,_UNKNOWN,6000,YEAR,,,College,[name],2027-07-05T18:42:32.000Z,,500,,2027-07-05T18:42:32.000Z,2026-07-05T18:42:32.000Z,6000,,,,,,Student Experience [July 2025] [25% one-time / No Entry Modal],,07-05-2026,,07-05-2026,07-05-2026,07-05-2026,07-05-2026,,07-05-2026,07-05-2027
Wg75G65_8bcff330518d8827,Azq7GkVOVm4Wt9ZnT,,Book Club Members; fallback,,,[name],[name],,I didn’t expect to be charged,i_didnt_expect_to_be_charged_2010816994,Not ready to commit to annual membership,not_ready_to_commit_to_annual_membership,,Pricing (Digital),pricing_digital,3,None,,u_c6b80aa76b313c7a,My 7 day free trial wasn’t activated - I was charged immediately when I shouldn’t have been. ,,,1,,,Canceled,2026-07-05T16:06:08.000Z,2026-07-05T16:07:07.000Z,2026-07-05T16:07:07.000Z,,43.16,2026-07-05T16:07:07.000Z,cancel,Valid Cancel,monthly,2026-08-05T15:06:54.000Z,2026-08-05T15:06:54.000Z,9.95,9.95,9.95,Brightback,,,,,,,Azq7GkVOVm4Wt9ZnT,2026-07-05T15:06:53.000Z,,2026-07-05T15:06:54.000Z,,h_18a40beed788530d,,1,2026-07-05T15:06:54.000Z,USD,u_c6b80aa76b313c7a,ACTIVE,h_6b1339ab11a6e895,[name],,,,2026-07-05T15:06:54.000Z,book_club_member,,1,monthly_essentials,2026-07-05T15:06:54.000Z,_UNKNOWN,995,MONTH,,,,[name],2026-08-05T15:06:54.000Z,,995,,2026-08-05T15:06:54.000Z,2026-07-05T15:06:54.000Z,995,,,,,,BCM Experience [July 2025] [25% one-time / No Entry Modal],,07-05-2026,,07-05-2026,07-05-2026,07-05-2026,07-05-2026,,07-05-2026,08-05-2026
Wg75DdR_80cc8a71a493b193,AzZvI6Uq2l95U5ldU,,Students; Annual,,,[name],[name],,I didn’t expect to be charged,i_didnt_expect_to_be_charged_2010816994,Not ready to commit to annual membership,not_ready_to_commit_to_annual_membership,,Pricing (Digital),pricing_digital,1,nothing. i didn’t know i was subscribed and got charged without my consent ,,u_3e2639b6226778fc,maybe notify me of my subscription ,,,1,,,Canceled,2026-07-05T13:39:31.000Z,2026-07-05T13:40:13.000Z,2026-07-05T13:40:13.000Z,,43.26,2026-07-05T13:40:13.000Z,cancel,Valid Cancel,annual,2027-07-05T03:39:23.000Z,2027-07-05T03:39:23.000Z,3.0,3.0,36.0,Brightback,,,,,,,AzZvI6Uq2l95U5ldU,2025-07-05T03:39:22.000Z,,2025-07-05T03:39:23.000Z,,h_9ccdcd73bc3fa424,,1,2025-07-05T03:39:23.000Z,USD,u_3e2639b6226778fc,ACTIVE,h_664779ef49e28592,[name],,,,2026-07-05T03:39:23.000Z,student,,1,annual,2025-07-05T03:39:23.000Z,_UNKNOWN,3600,YEAR,,,Postgrad Program,[name],2027-07-05T03:39:23.000Z,,300,,2027-07-05T03:39:23.000Z,2025-07-05T03:39:23.000Z,3600,,,,,,Student Experience [July 2025] [25% one-time / No Entry Modal],,07-05-2025,,07-05-2026,07-05-2025,07-05-2025,07-05-2025,,07-05-2025,07-05-2027
Wg754R8_8e3516d0f2f2921c,1398343,,Students; fallback,,,[name],[name],[name],I didn’t expect to be charged,i_didnt_expect_to_be_charged_2010816994,Not ready to commit to annual membership,not_ready_to_commit_to_annual_membership,,Pricing (Digital),pricing_digital,1,,,u_b1378ea49522abb7,,,,0,9.95,,Canceled,2026-07-05T04:27:15.000Z,2026-07-05T04:27:28.000Z,2026-07-05T04:27:28.000Z,,43.65,2026-07-05T04:27:53.000Z,cancel,Valid Cancel,monthly,2026-07-13T00:19:19.000Z,2026-07-13T00:19:19.000Z,9.95,9.95,9.95,Brightback,,,,,,,1398343,2025-11-08T19:53:15.000Z,,2026-04-13T00:19:19.000Z,,h_cf197ec65a43e609,,1,2026-04-13T00:19:19.000Z,USD,u_b1378ea49522abb7,ACTIVE,h_59ebc4ccb2a207e5,[name],9.95,monthly_essentials,,2026-06-13T00:19:19.000Z,student,,1,monthly_essentials,2026-04-13T00:19:19.000Z,_UNKNOWN,995,MONTH,monthly_essentials,,College,[name],2026-07-13T00:19:19.000Z,,995,,2026-07-13T00:19:19.000Z,2026-04-13T00:19:19.000Z,995,[name],,https://www.supersummary.com/subscription,https://www.supersummary.com/subscription/confirming/cancel,,Student Experience [July 2025] [25% one-time / No Entry Modal],,04-13-2026,,07-05-2026,04-13-2026,04-13-2026,11-08-2025,,04-13-2026,07-13-2026
Wg74NnT_847df52027fbae90,AzZTePVOS11c37YHP,,Parents; fallback,,,[name],[name],,I didn’t expect to be charged,i_didnt_expect_to_be_charged_2010816994,Not ready to commit to annual membership,not_ready_to_commit_to_annual_membership,,Pricing (Digital),pricing_digital,1,,,u_d7f117557fc48267,"I need a refund because I was told I had
A seven day free trail and instead you charged me immediately",,,1,,,Canceled,2026-07-04T23:49:31.000Z,2026-07-04T23:53:30.000Z,2026-07-04T23:53:30.000Z,,43.84,2026-07-04T23:53:30.000Z,cancel,Valid Cancel,annual,2027-07-04T23:41:13.000Z,2027-07-04T23:41:13.000Z,3.0,3.0,36.0,Brightback,,,,,,,AzZTePVOS11c37YHP,2026-07-04T23:41:11.000Z,,2026-07-04T23:41:13.000Z,,h_ebdef0206e7c8888,,1,2026-07-04T23:41:13.000Z,USD,u_d7f117557fc48267,ACTIVE,h_a1edbe71a6306f23,[name],,,,2026-07-04T23:41:13.000Z,parent_of_student,,1,annual_essentials,2026-07-04T23:41:13.000Z,_UNKNOWN,3600,YEAR,,,other,[name],2027-07-04T23:41:13.000Z,,300,,2027-07-04T23:41:13.000Z,2026-07-04T23:41:13.000Z,3600,,,,,,Parent Experience [July 2025] [25% one-time / No Entry Modal],,07-04-2026,,07-04-2026,07-04-2026,07-04-2026,07-04-2026,,07-04-2026,07-04-2027
Wg74Nik_b77a8073265ba014,1498807,,Students; fallback,,,[name],[name],[name],I didn’t expect to be charged,i_didnt_expect_to_be_charged_2010816994,Not ready to commit to annual membership,not_ready_to_commit_to_annual_membership,,Pricing (Digital),pricing_digital,1,N,,u_aeebbc7339a4804e,N,,,1,9.95,,Canceled,2026-07-04T23:44:53.000Z,2026-07-04T23:45:08.000Z,2026-07-04T23:45:08.000Z,,43.84,2026-07-04T23:45:08.000Z,cancel,Valid Cancel,monthly,2026-08-02T21:28:33.000Z,,9.95,9.95,9.95,Brightback,,,,,,,1498807,2026-02-02T21:28:30.000Z,,2026-02-02T21:28:33.000Z,,h_c131e3a425d0b4e4,,1,2026-02-02T21:28:33.000Z,USD,u_aeebbc7339a4804e,NON_RENEWING,h_6e965e64ab8fde3f,[name],9.95,monthly_essentials,,2026-07-02T21:28:33.000Z,student,,1,monthly_essentials,2026-02-02T21:28:33.000Z,_UNKNOWN,995,MONTH,monthly_essentials,,High School,[name],,,995,,2026-08-02T21:28:33.000Z,2026-02-02T21:28:33.000Z,995,[name],,https://www.supersummary.com/subscription,https://www.supersummary.com/subscription/confirming/cancel,,Student Experience [July 2025] [25% one-time / No Entry Modal],,02-02-2026,,07-04-2026,02-02-2026,02-02-2026,02-02-2026,,02-02-2026,
Wg74Nhs_97c1edfefe466eb4,Azqj0IVA6hjru3V7D,,Students; fallback,,,[name],[name],,I didn’t expect to be charged,i_didnt_expect_to_be_charged_2010816994,Not ready to commit to annual membership,not_ready_to_commit_to_annual_membership,,Pricing (Digital),pricing_digital,9,Nothing ,,u_aeebbc7339a4804e,Give better answers ,,,1,,,Canceled,2026-07-04T23:43:56.000Z,2026-07-04T23:44:41.000Z,2026-07-04T23:44:41.000Z,,43.84,2026-07-04T23:44:41.000Z,cancel,Valid Cancel,monthly,2026-08-02T21:28:33.000Z,2026-08-02T21:28:33.000Z,9.95,9.95,9.95,Brightback,,,,,,,Azqj0IVA6hjru3V7D,2026-02-02T21:28:30.000Z,,2026-02-02T21:28:33.000Z,,h_c131e3a425d0b4e4,,1,2026-02-02T21:28:33.000Z,USD,u_aeebbc7339a4804e,ACTIVE,h_6e965e64ab8fde3f,[name],,,,2026-07-02T21:28:33.000Z,student,,1,monthly_essentials,2026-02-02T21:28:33.000Z,_UNKNOWN,995,MONTH,,,High School,[name],2026-08-02T21:28:33.000Z,,995,,2026-08-02T21:28:33.000Z,2026-02-02T21:28:33.000Z,995,,,,,,Student Experience [July 2025] [25% one-time / No Entry Modal],,02-02-2026,,07-04-2026,02-02-2026,02-02-2026,02-02-2026,,02-02-2026,08-02-2026
Wg74LJY_bed0cef1733ba85f,1689890,,Students; fallback,,,[name],[name],[name],I didn’t expect to be charged,i_didnt_expect_to_be_charged_2010816994,Not ready to commit to annual membership,not_ready_to_commit_to_annual_membership,,Pricing (Digital),pricing_digital,2,სსს,,u_ea2139e3db619f9c,სსს,,,1,9.95,,Canceled,2026-07-04T21:20:15.000Z,2026-07-04T21:20:36.000Z,2026-07-04T21:20:36.000Z,,43.94,2026-07-04T21:20:36.000Z,cancel,Valid Cancel,monthly,2026-08-04T20:40:54.000Z,2026-08-04T20:40:54.000Z,9.95,9.95,9.95,Brightback,,,,,,,1689890,2026-07-04T20:40:50.000Z,,2026-07-04T20:40:54.000Z,,h_6dbdacd3aa3091d4,,1,2026-07-04T20:40:54.000Z,USD,u_ea2139e3db619f9c,ACTIVE,h_fdb9b60c421c0c7b,[name],9.95,monthly_essentials,,2026-07-04T20:40:54.000Z,student,,1,monthly_essentials,2026-07-04T20:40:54.000Z,_UNKNOWN,995,MONTH,monthly_essentials,,College,[name],2026-08-04T20:40:54.000Z,,995,,2026-08-04T20:40:54.000Z,2026-07-04T20:40:54.000Z,995,[name],,https://www.supersummary.com/subscription,https://www.supersummary.com/subscription/confirming/cancel,,Student Experience [July 2025] [25% one-time / No Entry Modal],,07-04-2026,,07-04-2026,07-04-2026,07-04-2026,07-04-2026,,07-04-2026,08-04-2026
Wg74LBs_840c5d0519d5622c,16BkeGVAGinyY2jZt,,Students; fallback,,,[name],[name],,I didn’t expect to be charged,i_didnt_expect_to_be_charged_2010816994,Not ready to commit to annual membership,not_ready_to_commit_to_annual_membership,,Pricing (Digital),pricing_digital,1,,,u_f188c90912846327,,,,0,,,Canceled,2026-07-04T21:11:59.000Z,2026-07-04T21:12:22.000Z,2026-07-04T21:12:23.000Z,,43.95,2026-07-04T21:12:23.000Z,cancel,Valid Cancel,monthly,2026-08-04T14:35:31.000Z,2026-08-04T14:35:31.000Z,9.95,9.95,9.95,Brightback,,,,,,,16BkeGVAGinyY2jZt,2026-02-04T14:35:29.000Z,,2026-02-04T14:35:31.000Z,,h_16275ea1c94b0cef,,1,2026-02-04T14:35:31.000Z,USD,u_f188c90912846327,ACTIVE,h_10ec9f2e2a399130,[name],,,,2026-07-04T14:35:31.000Z,student,,1,monthly_essentials,2026-02-04T14:35:31.000Z,_UNKNOWN,995,MONTH,,,other,[name],2026-08-04T14:35:31.000Z,,995,,2026-08-04T14:35:31.000Z,2026-02-04T14:35:31.000Z,995,,,,,,Student Experience [July 2025] [25% one-time / No Entry Modal],,02-04-2026,,07-04-2026,02-04-2026,02-04-2026,02-04-2026,,02-04-2026,08-04-2026
Wg74Fcf_8f2ff24def799981,1689747,,fallback,,,[name],[name],[name],I didn’t expect to be charged,i_didnt_expect_to_be_charged_2010816994,Not ready to commit to annual membership,not_ready_to_commit_to_annual_membership,,Pricing (Digital),pricing_digital,2,I am trying to reduce subscriptions.  I will get by.,,u_f20fe717d17bc15c,,,,0,60.0,,Canceled,2026-07-04T15:38:47.000Z,2026-07-04T15:40:09.000Z,2026-07-04T15:40:09.000Z,,44.18,2026-07-04T15:40:09.000Z,cancel,Valid Cancel,annual,2027-07-04T15:31:23.000Z,2027-07-04T15:31:23.000Z,5.0,5.0,60.0,Brightback,,,,,,,1689747,2026-07-04T15:31:20.000Z,,2026-07-04T15:31:23.000Z,,h_8cc234d086add789,,1,2026-07-04T15:31:23.000Z,USD,u_f20fe717d17bc15c,ACTIVE,h_c6d96eaa43436702,[name],60.0,annual_plus,,2026-07-04T15:31:23.000Z,other,,1,annual_plus,2026-07-04T15:31:23.000Z,_UNKNOWN,6000,YEAR,annual_plus,,,[name],2027-07-04T15:31:23.000Z,,500,,2027-07-04T15:31:23.000Z,2026-07-04T15:31:23.000Z,6000,[name],,https://www.supersummary.com/subscription,https://www.supersummary.com/subscription/confirming/cancel,,Default/Fallback [July 2025] [25% one time / No entry modal],,07-04-2026,,07-04-2026,07-04-2026,07-04-2026,07-04-2026,,07-04-2026,07-04-2027
Wg74BXR_99e77a8e3a04e26e,1685356,,Parents; fallback,,,[name],[name],[name],I didn’t expect to be charged,i_didnt_expect_to_be_charged_2010816994,Not ready to commit to annual membership,not_ready_to_commit_to_annual_membership,,Pricing (Digital),pricing_digital,1,,,u_46da13adf1ec80db,,,,0,60.0,,Canceled,2026-07-04T11:33:40.000Z,2026-07-04T11:34:31.000Z,2026-07-04T11:34:31.000Z,,44.35,2026-07-04T11:34:31.000Z,cancel,Valid Cancel,annual,2027-06-27T18:33:14.000Z,2027-06-27T18:33:14.000Z,5.0,5.0,60.0,Brightback,,,,,,,1685356,2026-06-27T18:33:13.000Z,,2026-06-27T18:33:14.000Z,,h_fad193f4ea6ef764,,1,2026-06-27T18:33:14.000Z,USD,u_46da13adf1ec80db,ACTIVE,h_9c3b68c3a34d88a7,[name],60.0,annual_plus,,2026-06-27T18:33:14.000Z,parent_of_student,,1,annual_plus,2026-06-27T18:33:14.000Z,_UNKNOWN,6000,YEAR,annual_plus,,Postgrad Program,[name],2027-06-27T18:33:14.000Z,,500,,2027-06-27T18:33:14.000Z,2026-06-27T18:33:14.000Z,6000,[name],,https://www.supersummary.com/subscription,https://www.supersummary.com/subscription/confirming/cancel,,Parent Experience [July 2025] [25% one-time / No Entry Modal],,06-27-2026,,07-04-2026,06-27-2026,06-27-2026,06-27-2026,,06-27-2026,06-27-2027
Wg740LV_be7be3a74792c968,1680857,,Students; fallback,,,[name],[name],[name],I didn’t expect to be charged,i_didnt_expect_to_be_charged_2010816994,Not ready to commit to annual membership,not_ready_to_commit_to_annual_membership,,Pricing (Digital),pricing_digital,7,,,u_990930fe522d6650,,,,0,36.0,,Canceled,2026-07-04T00:21:40.000Z,2026-07-04T00:22:24.000Z,2026-07-04T00:22:24.000Z,,44.82,2026-07-04T00:22:24.000Z,cancel,Valid Cancel,annual,2027-06-21T23:56:55.000Z,2027-06-21T23:56:55.000Z,3.0,3.0,36.0,Brightback,,,,,,,1680857,2026-06-21T23:56:54.000Z,,2026-06-21T23:56:55.000Z,,h_7e12913e216e2c1b,,1,2026-06-21T23:56:55.000Z,USD,u_990930fe522d6650,ACTIVE,h_9bbdda80bf573fd4,[name],36.0,annual_essentials,,2026-06-21T23:56:55.000Z,student,,1,annual_essentials,2026-06-21T23:56:55.000Z,_UNKNOWN,3600,YEAR,annual_essentials,,Postgrad Program,[name],2027-06-21T23:56:55.000Z,,300,,2027-06-21T23:56:55.000Z,2026-06-21T23:56:55.000Z,3600,[name],,https://www.supersummary.com/subscription,https://www.supersummary.com/subscription/confirming/cancel,,Student Experience [July 2025] [25% one-time / No Entry Modal],,06-21-2026,,07-04-2026,06-21-2026,06-21-2026,06-21-2026,,06-21-2026,06-21-2027
Wg73N30_a0a825c62bd7b69a,AzqAzIVI2yVs74h19,,Students; fallback,,,[name],[name],,I didn’t expect to be charged,i_didnt_expect_to_be_charged_2010816994,Not ready to commit to annual membership,not_ready_to_commit_to_annual_membership,,Pricing (Digital),pricing_digital,5,,,u_fbd3623198f253b1,,,,0,,,Canceled,2026-07-03T23:03:08.000Z,2026-07-03T23:03:35.000Z,2026-07-03T23:03:35.000Z,,44.87,2026-07-03T23:03:35.000Z,cancel,Valid Cancel,monthly,2026-07-28T02:01:08.000Z,2026-07-28T02:01:08.000Z,16.65,16.65,16.65,Brightback,,,,,,,AzqAzIVI2yVs74h19,2021-10-10T09:12:37.000Z,,2026-04-28T02:01:08.000Z,,h_72a45fb658b651f4,,1,2026-04-28T02:01:08.000Z,USD,u_fbd3623198f253b1,ACTIVE,h_bd1febed2405a252,[name],,,,2026-06-28T02:01:08.000Z,student,,1,monthly_plus,2026-04-28T02:01:08.000Z,_UNKNOWN,1665,MONTH,,,Postgrad Program,[name],2026-07-28T02:01:08.000Z,,1665,,2026-07-28T02:01:08.000Z,2026-04-28T02:01:08.000Z,1665,,,,,,Student Experience [July 2025] [25% one-time / No Entry Modal],,04-28-2026,,07-03-2026,04-28-2026,04-28-2026,10-10-2021,,04-28-2026,07-28-2026
Wg73MmB_aeb2f88811740d99,AzypiDUpvPAt1FaUd,,Students; Annual,,,[name],[name],,I didn’t expect to be charged,i_didnt_expect_to_be_charged_2010816994,Not ready to commit to annual membership,not_ready_to_commit_to_annual_membership,,Pricing (Digital),pricing_digital,1,,,u_591a57eb9a2e4e1d,,,,0,,,Canceled,2026-07-03T22:48:13.000Z,2026-07-03T22:48:30.000Z,2026-07-03T22:48:31.000Z,,44.88,2026-07-03T22:48:31.000Z,cancel,Valid Cancel,annual,2027-07-03T21:28:13.000Z,2027-07-03T21:28:13.000Z,3.0,3.0,36.0,Brightback,,,,,,,AzypiDUpvPAt1FaUd,2025-07-03T21:28:11.000Z,,2025-07-03T21:28:13.000Z,,h_bae6ebd7f8e46226,,1,2025-07-03T21:28:13.000Z,USD,u_591a57eb9a2e4e1d,ACTIVE,h_a75916e12bb8d5ac,[name],,,,2026-07-03T21:28:13.000Z,student,,1,annual,2025-07-03T21:28:13.000Z,_UNKNOWN,3600,YEAR,,,College,[name],2027-07-03T21:28:13.000Z,,300,,2027-07-03T21:28:13.000Z,2025-07-03T21:28:13.000Z,3600,,,,,,Student Experience [July 2025] [25% one-time / No Entry Modal],,07-03-2025,,07-03-2026,07-03-2025,07-03-2025,07-03-2025,,07-03-2025,07-03-2027
Wg73Jlp_8880a43aebc934f9,AzqSiZVFW6kkS4S4V,,Students; fallback,,,[name],[name],,I didn’t expect to be charged,i_didnt_expect_to_be_charged_2010816994,Not ready to commit to annual membership,not_ready_to_commit_to_annual_membership,,Pricing (Digital),pricing_digital,5,,,u_511cccd879ef13cf,,,,0,,,Canceled,2026-07-03T19:47:52.000Z,2026-07-03T19:48:10.000Z,2026-07-03T19:48:10.000Z,,45.01,2026-07-03T19:48:10.000Z,cancel,Valid Cancel,monthly,2026-08-01T06:09:08.000Z,2026-08-01T06:09:08.000Z,9.95,9.95,9.95,Brightback,,,,,,,AzqSiZVFW6kkS4S4V,2026-04-01T06:09:04.000Z,,2026-04-01T06:09:08.000Z,,h_d55a9c864a74a888,,1,2026-04-01T06:09:08.000Z,USD,u_511cccd879ef13cf,ACTIVE,h_9c80d1d60efc3efd,[name],,,,2026-07-01T06:09:08.000Z,student,,1,monthly_essentials,2026-04-01T06:09:08.000Z,_UNKNOWN,995,MONTH,,,Middle School,[name],2026-08-01T06:09:08.000Z,,995,,2026-08-01T06:09:08.000Z,2026-04-01T06:09:08.000Z,995,,,,,,Student Experience [July 2025] [25% one-time / No Entry Modal],,04-01-2026,,07-03-2026,04-01-2026,04-01-2026,04-01-2026,,04-01-2026,08-01-2026
Wg73IPe_8d74bd4ea534b915,AzymhWUpuUjDzEUns,,Students; Annual,,,[name],[name],,I didn’t expect to be charged,i_didnt_expect_to_be_charged_2010816994,Not ready to commit to annual membership,not_ready_to_commit_to_annual_membership,,Pricing (Digital),pricing_digital,1,,,u_64e5c47113467f22,,,,0,,,Canceled,2026-07-03T18:25:44.000Z,2026-07-03T18:26:48.000Z,2026-07-03T18:26:48.000Z,,45.06,2026-07-03T18:26:48.000Z,cancel,Valid Cancel,annual,2027-07-03T17:44:00.000Z,2027-07-03T17:44:00.000Z,3.0,3.0,36.0,Brightback,,,,,,,AzymhWUpuUjDzEUns,2025-07-03T17:43:58.000Z,,2025-07-03T17:44:00.000Z,,h_9efb0faacdb9018d,,1,2025-07-03T17:44:00.000Z,USD,u_64e5c47113467f22,ACTIVE,h_c7b12eeb020484d9,[name],,,,2026-07-03T17:44:00.000Z,student,,1,annual,2025-07-03T17:44:00.000Z,_UNKNOWN,3600,YEAR,,,High School,[name],2027-07-03T17:44:00.000Z,,300,,2027-07-03T17:44:00.000Z,2025-07-03T17:44:00.000Z,3600,,,,,,Student Experience [July 2025] [25% one-time / No Entry Modal],,07-03-2025,,07-03-2026,07-03-2025,07-03-2025,07-03-2025,,07-03-2025,07-03-2027
Wg73HlY_85de15d6293027c1,AzZTePVOKj8jn4jz1,,Parents; fallback,,,[name],[name],,I didn’t expect to be charged,i_didnt_expect_to_be_charged_2010816994,Not ready to commit to annual membership,not_ready_to_commit_to_annual_membership,,Pricing (Digital),pricing_digital,1,I,,u_7eb170a1822de7f5,,,,0,,,Canceled,2026-07-03T17:47:37.000Z,2026-07-03T17:48:13.000Z,2026-07-03T17:52:41.000Z,,45.09,2026-07-03T17:52:41.000Z,cancel,Valid Cancel,annual,2027-07-03T17:46:16.000Z,2027-07-03T17:46:16.000Z,5.0,5.0,60.0,Brightback,,,,,,,AzZTePVOKj8jn4jz1,2026-07-03T17:46:14.000Z,,2026-07-03T17:46:16.000Z,,h_748ab85ddd9ba449,,1,2026-07-03T17:46:16.000Z,USD,u_7eb170a1822de7f5,ACTIVE,h_be20b0a2a67b425b,[name],,,,2026-07-03T17:46:16.000Z,parent_of_student,,1,annual_plus,2026-07-03T17:46:16.000Z,_UNKNOWN,6000,YEAR,,,High School,[name],2027-07-03T17:46:16.000Z,,500,,2027-07-03T17:46:16.000Z,2026-07-03T17:46:16.000Z,6000,,,,,,Parent Experience [July 2025] [25% one-time / No Entry Modal],,07-03-2026,,07-03-2026,07-03-2026,07-03-2026,07-03-2026,,07-03-2026,07-03-2027
Wg73Gh8_ba36f32ff716e544,AzZZUqVOJiApM4VdP,,Book Club Members; fallback,,,[name],[name],,I didn’t expect to be charged,i_didnt_expect_to_be_charged_2010816994,Not ready to commit to annual membership,not_ready_to_commit_to_annual_membership,,Pricing (Digital),pricing_digital,2,,,u_a21fa5b3b756e96a,,,,0,,,Canceled,2026-07-03T16:43:15.000Z,2026-07-03T16:43:55.000Z,2026-07-03T16:43:56.000Z,,45.13,2026-07-03T16:43:56.000Z,cancel,Valid Cancel,annual,2027-07-03T13:36:09.000Z,2027-07-03T13:36:09.000Z,5.0,5.0,60.0,Brightback,,,,,,,AzZZUqVOJiApM4VdP,2026-07-03T13:36:08.000Z,,2026-07-03T13:36:09.000Z,,h_3916746e1d7ec8a6,,1,2026-07-03T13:36:09.000Z,USD,u_a21fa5b3b756e96a,ACTIVE,h_fd7d1b38fa0f7476,[name],,,,2026-07-03T13:36:09.000Z,book_club_member,,1,annual_plus,2026-07-03T13:36:09.000Z,_UNKNOWN,6000,YEAR,,,,[name],2027-07-03T13:36:09.000Z,,500,,2027-07-03T13:36:09.000Z,2026-07-03T13:36:09.000Z,6000,,,,,,BCM Experience [July 2025] [25% one-time / No Entry Modal],,07-03-2026,,07-03-2026,07-03-2026,07-03-2026,07-03-2026,,07-03-2026,07-03-2027
Wg73FGN_bf9c441b236916d6,1249729,,Parents; Annual,,,[name],[name],[name],I didn’t expect to be charged,i_didnt_expect_to_be_charged_2010816994,Not ready to commit to annual membership,not_ready_to_commit_to_annual_membership,,Pricing (Digital),pricing_digital,6,N/A,,u_0b47de79b20ff07c,N/A,,,1,36.0,,Canceled,2026-07-03T15:16:34.000Z,2026-07-03T15:17:55.000Z,2026-07-03T15:17:55.000Z,,45.19,2026-07-03T15:17:55.000Z,cancel,Valid Cancel,annual,2027-06-30T15:23:29.000Z,2027-06-30T15:23:29.000Z,3.0,3.0,36.0,Brightback,,,,,,,1249729,2025-06-30T15:23:26.000Z,,2025-06-30T15:23:29.000Z,,h_6046c7d8934fcbb3,,1,2025-06-30T15:23:29.000Z,USD,u_0b47de79b20ff07c,ACTIVE,h_f5e4d9ae13ec489b,[name],36.0,annual,,2026-06-30T15:23:29.000Z,parent_of_student,,1,annual,2025-06-30T15:23:29.000Z,_UNKNOWN,3600,YEAR,annual,,High School,[name],2027-06-30T15:23:29.000Z,,300,,2027-06-30T15:23:29.000Z,2025-06-30T15:23:29.000Z,3600,[name],,https://www.supersummary.com/subscription,https://www.supersummary.com/subscription/confirming/cancel,,Parent Experience [July 2025] [25% one-time / Modal],,06-30-2025,,07-03-2026,06-30-2025,06-30-2025,06-30-2025,,06-30-2025,06-30-2027
Wg73FG1_ba35fc4e59da77e8,16Bh1OUGw9xVG7YZR,,Book Club Members; Annual,,,[name],[name],,I didn’t expect to be charged,i_didnt_expect_to_be_charged_2010816994,Not ready to commit to annual membership,not_ready_to_commit_to_annual_membership,,Pricing (Digital),pricing_digital,1,,,u_57c402ba5d6bd2fc,,,,0,,,Canceled,2026-07-03T15:16:07.000Z,2026-07-03T15:16:57.000Z,2026-07-03T15:16:58.000Z,,45.19,2026-07-03T15:16:58.000Z,cancel,Valid Cancel,annual,2027-06-27T21:43:14.000Z,2027-06-27T21:43:14.000Z,3.0,3.0,36.0,Brightback,,,,,,,16Bh1OUGw9xVG7YZR,2024-06-27T21:43:12.000Z,,2024-06-27T21:43:14.000Z,,h_8ced026bd3b61593,,1,2024-06-27T21:43:14.000Z,USD,u_57c402ba5d6bd2fc,ACTIVE,h_f885e7d6afc24f9b,[name],,,,2026-06-27T21:43:14.000Z,book_club_member,,1,annual,2024-06-27T21:43:14.000Z,_UNKNOWN,3600,YEAR,,,,[name],2027-06-27T21:43:14.000Z,,300,,2027-06-27T21:43:14.000Z,2024-06-27T21:43:14.000Z,3600,,,,,,BCM Experience [July 2025] [25% one-time / No Entry Modal],,06-27-2024,,07-03-2026,06-27-2024,06-27-2024,06-27-2024,,06-27-2024,06-27-2027
Wg735vw_9927e14918136365,1689097,,Students; fallback,,,[name],[name],[name],I didn’t expect to be charged,i_didnt_expect_to_be_charged_2010816994,Not ready to commit to annual membership,not_ready_to_commit_to_annual_membership,,Pricing (Digital),pricing_digital,3,,,u_d2d124dee88d8a7d,,,,0,16.65,,Canceled,2026-07-03T05:58:21.000Z,2026-07-03T05:58:39.000Z,2026-07-03T05:58:39.000Z,,45.58,2026-07-03T05:58:39.000Z,cancel,Valid Cancel,monthly,2026-08-03T05:49:31.000Z,2026-08-03T05:49:31.000Z,16.65,16.65,16.65,Brightback,,,,,,,1689097,2026-07-03T05:42:21.000Z,,2026-07-03T05:49:31.000Z,,h_e7d93e33cb36463d,,1,2026-07-03T05:49:31.000Z,USD,u_d2d124dee88d8a7d,ACTIVE,h_27290b57aa39669c,[name],16.65,monthly_plus,,2026-07-03T05:49:31.000Z,student,,1,monthly_plus,2026-07-03T05:49:31.000Z,_UNKNOWN,1665,MONTH,monthly_plus,,High School,[name],2026-08-03T05:49:31.000Z,,1665,,2026-08-03T05:49:31.000Z,2026-07-03T05:49:31.000Z,1665,[name],,https://www.supersummary.com/subscription,https://www.supersummary.com/subscription/confirming/cancel,,Student Experience [July 2025] [25% one-time / No Entry Modal],,07-03-2026,,07-03-2026,07-03-2026,07-03-2026,07-03-2026,,07-03-2026,08-03-2026
Wg733ta_a2f81708cc41cb09,AzqAUhVIQp0XR9vYx,,Students; fallback,,,[name],[name],,I didn’t expect to be charged,i_didnt_expect_to_be_charged_2010816994,Not ready to commit to annual membership,not_ready_to_commit_to_annual_membership,,Pricing (Digital),pricing_digital,1,,,u_122675a0d17ac050,,,,0,,,Canceled,2026-07-03T03:55:37.000Z,2026-07-03T03:56:07.000Z,2026-07-03T03:56:07.000Z,,45.67,2026-07-03T03:56:07.000Z,cancel,Valid Cancel,monthly,2026-08-02T03:53:55.000Z,2026-08-02T03:53:55.000Z,7.46,7.46,9.95,Brightback,,,,,,,AzqAUhVIQp0XR9vYx,2026-05-02T03:53:53.000Z,,2026-05-02T03:53:55.000Z,,h_83ad19ec07598246,,1,2026-05-02T03:53:55.000Z,USD,u_122675a0d17ac050,ACTIVE,h_9efec0f0516528f1,[name],,,,2026-07-02T03:53:55.000Z,student,,1,monthly_essentials,2026-05-02T03:53:55.000Z,_UNKNOWN,995,MONTH,,nmTKUhkQCvq,College,[name],2026-08-02T03:53:55.000Z,,746,,2026-08-02T03:53:55.000Z,2026-05-02T03:53:55.000Z,995,,,,,,Student Experience [July 2025] [25% one-time / No Entry Modal],,05-02-2026,,07-03-2026,05-02-2026,05-02-2026,05-02-2026,,05-02-2026,08-02-2026
Wg733lF_8169afe7ab729dc8,1689068,,Book Club Members; fallback,,,[name],[name],[name],I didn’t expect to be charged,i_didnt_expect_to_be_charged_2010816994,Not ready to commit to annual membership,not_ready_to_commit_to_annual_membership,,Pricing (Digital),pricing_digital,5,,,u_7d39fa0710ba83b5,,,,0,36.0,,Canceled,2026-07-03T03:47:44.000Z,2026-07-03T03:48:10.000Z,2026-07-03T03:48:10.000Z,,45.67,2026-07-03T03:48:10.000Z,cancel,Valid Cancel,annual,2027-07-03T03:46:36.000Z,2027-07-03T03:46:36.000Z,3.0,3.0,36.0,Brightback,,,,,,,1689068,2026-07-03T03:46:35.000Z,,2026-07-03T03:46:36.000Z,,h_b1ec05ccbee63be9,,1,2026-07-03T03:46:36.000Z,USD,u_7d39fa0710ba83b5,ACTIVE,h_54379055a0a33d45,[name],36.0,annual_essentials,,2026-07-03T03:46:36.000Z,book_club_member,,1,annual_essentials,2026-07-03T03:46:36.000Z,_UNKNOWN,3600,YEAR,annual_essentials,,,[name],2027-07-03T03:46:36.000Z,,300,,2027-07-03T03:46:36.000Z,2026-07-03T03:46:36.000Z,3600,[name],,https://www.supersummary.com/subscription,https://www.supersummary.com/subscription/confirming/cancel,,BCM Experience [July 2025] [25% one-time / No Entry Modal],,07-03-2026,,07-03-2026,07-03-2026,07-03-2026,07-03-2026,,07-03-2026,07-03-2027
Wg730xM_a934661b2c41c1ba,AzyWBBVODMwGW14Y4,,fallback,,,[name],[name],,I didn’t expect to be charged,i_didnt_expect_to_be_charged_2010816994,Not ready to commit to annual membership,not_ready_to_commit_to_annual_membership,,Pricing (Digital),pricing_digital,1,Mambo,,u_8639dfa3ea527ed8,,,,0,,,Canceled,2026-07-03T00:59:28.000Z,2026-07-03T01:00:13.000Z,2026-07-03T01:00:14.000Z,,45.79,2026-07-03T01:00:14.000Z,cancel,Valid Cancel,monthly,2026-08-02T11:34:10.000Z,2026-08-02T11:34:10.000Z,16.65,16.65,16.65,Brightback,,,,,,,AzyWBBVODMwGW14Y4,2026-07-02T11:34:06.000Z,,2026-07-02T11:34:10.000Z,,h_285a950e58e40175,,1,2026-07-02T11:34:10.000Z,USD,u_8639dfa3ea527ed8,ACTIVE,h_b02a36a39cd5483c,[name],,,,2026-07-02T11:34:10.000Z,other,,1,monthly_plus,2026-07-02T11:34:10.000Z,_UNKNOWN,1665,MONTH,,,,[name],2026-08-02T11:34:10.000Z,,1665,,2026-08-02T11:34:10.000Z,2026-07-02T11:34:10.000Z,1665,,,,,,Default/Fallback [July 2025] [25% one time / No entry modal],,07-02-2026,,07-03-2026,07-02-2026,07-02-2026,07-02-2026,,07-02-2026,08-02-2026
Wg72N5k_898cb4f6ad1b5879,1406016,,Teachers; fallback,,,[name],[name],[name],I didn’t expect to be charged,i_didnt_expect_to_be_charged_2010816994,Not ready to commit to annual membership,not_ready_to_commit_to_annual_membership,,Pricing (Digital),pricing_digital,5,,,u_23b74fbcab3c2759,,,,0,9.95,,Canceled,2026-07-02T23:05:50.000Z,2026-07-02T23:06:22.000Z,2026-07-02T23:06:22.000Z,,45.87,2026-07-02T23:06:22.000Z,cancel,Valid Cancel,monthly,2026-07-13T22:07:56.000Z,2026-07-13T22:07:56.000Z,9.95,9.95,9.95,Brightback,,,,,,,1406016,2025-11-13T22:07:53.000Z,,2025-11-13T22:07:56.000Z,,h_f4c04b2c089bb086,,1,2025-11-13T22:07:56.000Z,USD,u_23b74fbcab3c2759,ACTIVE,h_d723d3542cd659fd,[name],9.95,monthly_essentials,,2026-06-13T22:07:56.000Z,teacher,,1,monthly_essentials,2025-11-13T22:07:56.000Z,_UNKNOWN,995,MONTH,monthly_essentials,,Middle School,[name],2026-07-13T22:07:56.000Z,,995,,2026-07-13T22:07:56.000Z,2025-11-13T22:07:56.000Z,995,[name],,https://www.supersummary.com/subscription,https://www.supersummary.com/subscription/confirming/cancel,,Teacher Experience [July 2025] [40% one-time / Modal],,11-13-2025,,07-02-2026,11-13-2025,11-13-2025,11-13-2025,,11-13-2025,07-13-2026
Wg72Knt_93517ea915bbd480,348333,,Parents; Annual,,,[name],[name],[name],I didn’t expect to be charged,i_didnt_expect_to_be_charged_2010816994,Not ready to commit to annual membership,not_ready_to_commit_to_annual_membership,,Pricing (Digital),pricing_digital,1,,,u_d6a6fa8841e02265,,,,0,36.0,,Canceled,2026-07-02T20:50:00.000Z,2026-07-02T20:50:16.000Z,2026-07-02T20:50:16.000Z,,45.96,2026-07-02T20:50:16.000Z,cancel,Valid Cancel,annual,2027-03-28T22:40:33.000Z,,3.0,3.0,36.0,Brightback,,,,,,,348333,2023-04-13T19:44:53.000Z,,2025-03-28T22:40:33.000Z,,h_fdd7c273b2d9ade3,,1,2025-03-28T22:40:33.000Z,USD,u_d6a6fa8841e02265,NON_RENEWING,h_b3884aee84f26c77,[name],36.0,annual,,2026-03-28T22:40:33.000Z,parent_of_student,,1,annual,2025-03-28T22:40:33.000Z,_UNKNOWN,3600,YEAR,annual,,other,[name],,,300,,2027-03-28T22:40:33.000Z,2025-03-28T22:40:33.000Z,3600,[name],,https://www.supersummary.com/subscription,https://www.supersummary.com/subscription/confirming/cancel,,Parent Experience [July 2025] [25% one-time / Modal],,03-28-2025,,07-02-2026,03-28-2025,03-28-2025,04-13-2023,,03-28-2025,
Wg72HBP_b8de626d3670e6e2,AzqIP3VO2QCO85Ft9,,Book Club Members; fallback,,,[name],[name],,I didn’t expect to be charged,i_didnt_expect_to_be_charged_2010816994,Not ready to commit to annual membership,not_ready_to_commit_to_annual_membership,,Pricing (Digital),pricing_digital,4,,,u_edcf0d06a07dd211,free trial,,,1,,,Canceled,2026-07-02T17:11:34.000Z,2026-07-02T17:12:23.000Z,2026-07-02T17:12:24.000Z,,46.11,2026-07-02T17:12:24.000Z,cancel,Valid Cancel,monthly,2026-07-30T14:38:07.000Z,2026-07-30T14:38:07.000Z,9.95,9.95,9.95,Brightback,,,,,,,AzqIP3VO2QCO85Ft9,2026-06-30T14:37:18.000Z,,2026-06-30T14:38:07.000Z,,h_15e21ffeb51cd419,,1,2026-06-30T14:38:07.000Z,USD,u_edcf0d06a07dd211,ACTIVE,h_8efe3cd2962869cd,[name],,,,2026-06-30T14:38:07.000Z,book_club_member,,1,monthly_essentials,2026-06-30T14:38:07.000Z,_UNKNOWN,995,MONTH,,,,[name],2026-07-30T14:38:07.000Z,,995,,2026-07-30T14:38:07.000Z,2026-06-30T14:38:07.000Z,995,,,,,,BCM Experience [July 2025] [25% one-time / No Entry Modal],,06-30-2026,,07-02-2026,06-30-2026,06-30-2026,06-30-2026,,06-30-2026,07-30-2026
Wg72DDp_9263405e4c149546,16A15DVNypr2333Ii,,fallback,,,[name],[name],,I didn’t expect to be charged,i_didnt_expect_to_be_charged_2010816994,Not ready to commit to annual membership,not_ready_to_commit_to_annual_membership,,Pricing (Digital),pricing_digital,8,,,u_1273e5168f850a13,,,,0,,,Canceled,2026-07-02T13:13:57.000Z,2026-07-02T13:14:27.000Z,2026-07-02T13:14:29.000Z,,46.28,2026-07-02T13:14:29.000Z,cancel,Valid Cancel,monthly,2026-07-29T23:54:57.000Z,2026-07-29T23:54:57.000Z,16.65,16.65,16.65,Brightback,,,,,,,16A15DVNypr2333Ii,2026-06-29T23:52:47.000Z,,2026-06-29T23:54:57.000Z,,h_aae68d55e71f073d,,1,2026-06-29T23:54:57.000Z,USD,u_1273e5168f850a13,ACTIVE,h_179ae897122395da,[name],,,,2026-06-29T23:54:57.000Z,other,,1,monthly_plus,2026-06-29T23:54:57.000Z,_UNKNOWN,1665,MONTH,,,Postgrad Program,[name],2026-07-29T23:54:57.000Z,,1665,,2026-07-29T23:54:57.000Z,2026-06-29T23:54:57.000Z,1665,,,,,,Default/Fallback [July 2025] [25% one time / No entry modal],,06-29-2026,,07-02-2026,06-29-2026,06-29-2026,06-29-2026,,06-29-2026,07-29-2026
Wg723ww_98242e898ca669b9,AzyvyHVO3e7Ok691g,,Book Club Members; fallback,,,[name],[name],,I didn’t expect to be charged,i_didnt_expect_to_be_charged_2010816994,Not ready to commit to annual membership,not_ready_to_commit_to_annual_membership,,Pricing (Digital),pricing_digital,3,,,u_34c63ca58477c255,,,,0,,,Canceled,2026-07-02T03:59:01.000Z,2026-07-02T03:59:52.000Z,2026-07-02T03:59:52.000Z,,46.66,2026-07-02T03:59:52.000Z,cancel,Valid Cancel,annual,2027-06-30T19:39:41.000Z,2027-06-30T19:39:41.000Z,3.0,3.0,36.0,Brightback,,,,,,,AzyvyHVO3e7Ok691g,2026-06-30T19:39:40.000Z,,2026-06-30T19:39:41.000Z,,h_056bea505e2994db,,1,2026-06-30T19:39:41.000Z,USD,u_34c63ca58477c255,ACTIVE,h_66c768165dfab67a,[name],,,,2026-06-30T19:39:41.000Z,book_club_member,,1,annual_essentials,2026-06-30T19:39:41.000Z,_UNKNOWN,3600,YEAR,,,,[name],2027-06-30T19:39:41.000Z,,300,,2027-06-30T19:39:41.000Z,2026-06-30T19:39:41.000Z,3600,,,,,,BCM Experience [July 2025] [25% one-time / No Entry Modal],,06-30-2026,,07-02-2026,06-30-2026,06-30-2026,06-30-2026,,06-30-2026,06-30-2027
Wg723qV_a791e6607a44ab90,AzZWrqV1PrmDJCPd1,,Students; fallback,,,[name],[name],,I didn’t expect to be charged,i_didnt_expect_to_be_charged_2010816994,Not ready to commit to annual membership,not_ready_to_commit_to_annual_membership,,Pricing (Digital),pricing_digital,7,,,u_dee94c0c7d655cbf,,,,0,,,Canceled,2026-07-02T03:52:35.000Z,2026-07-02T03:53:13.000Z,2026-07-02T03:53:13.000Z,,46.67,2026-07-02T03:53:13.000Z,cancel,Valid Cancel,monthly,2026-07-02T17:47:41.000Z,2026-07-02T17:47:41.000Z,9.95,9.95,9.95,Brightback,,,,,,,AzZWrqV1PrmDJCPd1,2025-11-02T17:47:38.000Z,,2025-11-02T17:47:41.000Z,,h_4660766fe338d884,,1,2025-11-02T17:47:41.000Z,USD,u_dee94c0c7d655cbf,ACTIVE,h_c5d9fcaecfab24b7,[name],,,,2026-06-02T17:47:41.000Z,student,,1,monthly_essentials,2025-11-02T17:47:41.000Z,_UNKNOWN,995,MONTH,,,College,[name],2026-07-02T17:47:41.000Z,,995,,2026-07-02T17:47:41.000Z,2025-11-02T17:47:41.000Z,995,,,,,,Student Experience [July 2025] [25% one-time / No Entry Modal],,11-02-2025,,07-02-2026,11-02-2025,11-02-2025,11-02-2025,,11-02-2025,07-02-2026
Wg720oA_88bc2980c1de3dbd,16CHIeVOAjnf0A4eL,,Students; fallback,,,[name],[name],,I didn’t expect to be charged,i_didnt_expect_to_be_charged_2010816994,Not ready to commit to annual membership,not_ready_to_commit_to_annual_membership,,Pricing (Digital),pricing_digital,1,,,u_f1f5c9652a6cf0b2,,,,0,,,Canceled,2026-07-02T00:50:12.000Z,2026-07-02T00:50:34.000Z,2026-07-02T00:50:35.000Z,,46.8,2026-07-02T00:50:35.000Z,cancel,Valid Cancel,annual,2027-07-02T00:46:10.000Z,2027-07-02T00:46:10.000Z,3.0,3.0,36.0,Brightback,,,,,,,16CHIeVOAjnf0A4eL,2026-07-02T00:46:08.000Z,,2026-07-02T00:46:10.000Z,,h_d19e91ba8e0f1c8f,,1,2026-07-02T00:46:10.000Z,USD,u_f1f5c9652a6cf0b2,ACTIVE,h_315e02d68d3e6e98,[name],,,,2026-07-02T00:46:10.000Z,student,,1,annual_essentials,2026-07-02T00:46:10.000Z,_UNKNOWN,3600,YEAR,,,College,[name],2027-07-02T00:46:10.000Z,,300,,2027-07-02T00:46:10.000Z,2026-07-02T00:46:10.000Z,3600,,,,,,Student Experience [July 2025] [25% one-time / No Entry Modal],,07-02-2026,,07-02-2026,07-02-2026,07-02-2026,07-02-2026,,07-02-2026,07-02-2027
Wg720aE_83a6977b24f7bade,AzqOxPUpjqP302SVP,,Teachers; Annual,,,[name],[name],,I didn’t expect to be charged,i_didnt_expect_to_be_charged_2010816994,Not ready to commit to annual membership,not_ready_to_commit_to_annual_membership,,Pricing (Digital),pricing_digital,5,,,u_1e935f87574fdb3b,,,,0,,,Canceled,2026-07-02T00:36:15.000Z,2026-07-02T00:37:11.000Z,2026-07-02T00:37:12.000Z,,46.81,2026-07-02T00:37:12.000Z,cancel,Valid Cancel,annual,2027-07-01T22:01:06.000Z,2027-07-01T22:01:06.000Z,3.0,3.0,36.0,Brightback,,,,,,,AzqOxPUpjqP302SVP,2025-07-01T22:01:04.000Z,,2025-07-01T22:01:06.000Z,,h_8950981a258e170a,,1,2025-07-01T22:01:06.000Z,USD,u_1e935f87574fdb3b,ACTIVE,h_1e936835f4a8f6c5,[name],,,,2026-07-01T22:01:06.000Z,teacher,,1,annual,2025-07-01T22:01:06.000Z,_UNKNOWN,3600,YEAR,,,Middle School,[name],2027-07-01T22:01:06.000Z,,300,,2027-07-01T22:01:06.000Z,2025-07-01T22:01:06.000Z,3600,,,,,,Teacher Experience [July 2025] [40% one-time / Modal],,07-01-2025,,07-02-2026,07-01-2025,07-01-2025,07-01-2025,,07-01-2025,07-01-2027
Wg71Luq_9b398598ff640072,1379804,,fallback,,,[name],[name],[name],I didn’t expect to be charged,i_didnt_expect_to_be_charged_2010816994,Not ready to commit to annual membership,not_ready_to_commit_to_annual_membership,,Pricing (Digital),pricing_digital,6,,,u_32a579b911c18087,,,,0,9.95,,Canceled,2026-07-01T21:57:04.000Z,2026-07-01T21:57:28.000Z,2026-07-01T21:57:28.000Z,,46.92,2026-07-01T21:57:52.000Z,cancel,Valid Cancel,monthly,2026-07-28T16:58:49.000Z,2026-07-28T16:58:49.000Z,9.95,9.95,9.95,Brightback,,,,,,,1379804,2025-10-26T17:06:07.000Z,,2025-12-28T16:58:49.000Z,,h_c6ec8de7f18882e2,,1,2025-12-28T16:58:49.000Z,USD,u_32a579b911c18087,ACTIVE,h_310ed78dbb762655,[name],9.95,monthly_essentials,,2026-06-28T16:58:49.000Z,other,,1,monthly_essentials,2025-12-28T16:58:49.000Z,_UNKNOWN,995,MONTH,monthly_essentials,,,[name],2026-07-28T16:58:49.000Z,,995,,2026-07-28T16:58:49.000Z,2025-12-28T16:58:49.000Z,995,[name],,https://www.supersummary.com/subscription,https://www.supersummary.com/subscription/confirming/cancel,,Default/Fallback [July 2025] [25% one time / No entry modal],,12-28-2025,,07-01-2026,12-28-2025,12-28-2025,10-26-2025,,12-28-2025,07-28-2026
Wg71LoN_a649ab9396781cc3,670554,,Students; Annual,,,[name],[name],[name],I didn’t expect to be charged,i_didnt_expect_to_be_charged_2010816994,Not ready to commit to annual membership,not_ready_to_commit_to_annual_membership,,Pricing (Digital),pricing_digital,3,,,u_080ef6cd448b9bce,,,,0,36.0,,Canceled,2026-07-01T21:50:37.000Z,2026-07-01T21:50:52.000Z,2026-07-01T21:50:52.000Z,,46.92,2026-07-01T21:50:52.000Z,cancel,Valid Cancel,annual,2026-09-19T22:11:15.000Z,2026-09-19T22:11:15.000Z,3.0,3.0,36.0,Brightback,,,,,,,670554,2024-09-19T22:11:12.000Z,,2024-09-19T22:11:15.000Z,,h_caff04cda001b644,,1,2024-09-19T22:11:15.000Z,USD,u_080ef6cd448b9bce,ACTIVE,h_7c332d2e14a5deb0,[name],36.0,annual,,2025-09-19T22:11:15.000Z,student,,1,annual,2024-09-19T22:11:15.000Z,_UNKNOWN,3600,YEAR,annual,,College,[name],2026-09-19T22:11:15.000Z,,300,,2026-09-19T22:11:15.000Z,2024-09-19T22:11:15.000Z,3600,[name],,https://www.supersummary.com/subscription,https://www.supersummary.com/subscription/confirming/cancel,,Student Experience [July 2025] [25% one-time / No Entry Modal],,09-19-2024,,07-01-2026,09-19-2024,09-19-2024,09-19-2024,,09-19-2024,09-19-2026
Wg71IXr_a5fc7dddf0dcad9c,16CGXqUHIjLAHPfEw,,Students; Annual,,,[name],[name],,I didn’t expect to be charged,i_didnt_expect_to_be_charged_2010816994,Not ready to commit to annual membership,not_ready_to_commit_to_annual_membership,,Pricing (Digital),pricing_digital,5,,,u_69b88f7d69f68d80,,,,0,,,Canceled,2026-07-01T18:33:55.000Z,2026-07-01T18:34:15.000Z,2026-07-01T18:34:16.000Z,,47.06,2026-07-01T18:34:16.000Z,cancel,Valid Cancel,annual,2027-07-01T18:21:45.000Z,2027-07-01T18:21:45.000Z,2.25,2.25,36.0,Brightback,,,,,,,16CGXqUHIjLAHPfEw,2024-07-01T18:21:44.000Z,,2024-07-01T18:21:45.000Z,,h_84470a356865be67,,1,2024-07-01T18:21:45.000Z,USD,u_69b88f7d69f68d80,ACTIVE,h_512e434004f4bfbc,[name],,,,2026-07-01T18:21:45.000Z,student,,1,annual,2024-07-01T18:21:45.000Z,_UNKNOWN,3600,YEAR,,nmTKUhkQCvq,College,[name],2027-07-01T18:21:45.000Z,,225,,2027-07-01T18:21:45.000Z,2024-07-01T18:21:45.000Z,3600,,,,,,Student Experience [July 2025] [25% one-time / No Entry Modal],,07-01-2024,,07-01-2026,07-01-2024,07-01-2024,07-01-2024,,07-01-2024,07-01-2027
Wg71FkQ_ac4c63edf0ccd0eb,1687684,,Book Club Members; fallback,,,[name],[name],[name],I didn’t expect to be charged,i_didnt_expect_to_be_charged_2010816994,Not ready to commit to annual membership,not_ready_to_commit_to_annual_membership,,Pricing (Digital),pricing_digital,4,,,u_1e4ee8cbe3ac3449,,,,0,60.0,,Canceled,2026-07-01T15:46:32.000Z,2026-07-01T15:46:58.000Z,2026-07-01T15:46:58.000Z,,47.17,2026-07-01T15:46:58.000Z,cancel,Valid Cancel,annual,2027-07-01T01:06:04.000Z,2027-07-01T01:06:04.000Z,5.0,5.0,60.0,Brightback,,,,,,,1687684,2026-07-01T01:06:01.000Z,,2026-07-01T01:06:04.000Z,,h_d9a009a36c6efa3f,,1,2026-07-01T01:06:04.000Z,USD,u_1e4ee8cbe3ac3449,ACTIVE,h_90b69fe87cb92dbf,[name],60.0,annual_plus,,2026-07-01T01:06:04.000Z,book_club_member,,1,annual_plus,2026-07-01T01:06:04.000Z,_UNKNOWN,6000,YEAR,annual_plus,,,[name],2027-07-01T01:06:04.000Z,,500,,2027-07-01T01:06:04.000Z,2026-07-01T01:06:04.000Z,6000,[name],,https://www.supersummary.com/subscription,https://www.supersummary.com/subscription/confirming/cancel,,BCM Experience [July 2025] [25% one-time / No Entry Modal],,07-01-2026,,07-01-2026,07-01-2026,07-01-2026,07-01-2026,,07-01-2026,07-01-2027
Wg71FhE_94e75d36d92c4e9d,604987,,Students; Annual,,,[name],[name],[name],I didn’t expect to be charged,i_didnt_expect_to_be_charged_2010816994,Not ready to commit to annual membership,not_ready_to_commit_to_annual_membership,,Pricing (Digital),pricing_digital,1,,,u_564c5abaa808f32c,,,,0,36.0,,Canceled,2026-07-01T15:43:22.000Z,2026-07-01T15:43:37.000Z,2026-07-01T15:43:37.000Z,,47.18,2026-07-01T15:43:37.000Z,cancel,Valid Cancel,annual,2027-06-30T19:04:21.000Z,2027-06-30T19:04:21.000Z,3.0,3.0,36.0,Brightback,,,,,,,604987,2024-06-30T19:03:41.000Z,,2024-06-30T19:04:21.000Z,,h_583a42d0e909fda4,,1,2024-06-30T19:04:21.000Z,USD,u_564c5abaa808f32c,ACTIVE,h_68adb977af8274e8,[name],36.0,annual,,2026-06-30T19:04:21.000Z,student,,1,annual,2024-06-30T19:04:21.000Z,_UNKNOWN,3600,YEAR,annual,,College,[name],2027-06-30T19:04:21.000Z,,300,,2027-06-30T19:04:21.000Z,2024-06-30T19:04:21.000Z,3600,[name],,https://www.supersummary.com/subscription,https://www.supersummary.com/subscription/confirming/cancel,,Student Experience [July 2025] [25% one-time / No Entry Modal],,06-30-2024,,07-01-2026,06-30-2024,06-30-2024,06-30-2024,,06-30-2024,06-30-2027
Wg71Eab_a58075a035a75031,16COTzSXrx6mwn76,,Teachers; Annual,,,[name],[name],,I didn’t expect to be charged,i_didnt_expect_to_be_charged_2010816994,Not ready to commit to annual membership,not_ready_to_commit_to_annual_membership,,Pricing (Digital),pricing_digital,1,,,u_95b3d01037d47fe2,I just don’t need this program anymore. Thanks anyway anyways!,,,1,,,Canceled,2026-07-01T14:36:39.000Z,2026-07-01T14:54:46.000Z,2026-07-01T14:54:46.000Z,,47.22,2026-07-01T14:54:46.000Z,cancel,Valid Cancel,annual,2027-05-19T17:01:05.000Z,2027-05-19T17:01:05.000Z,3.0,3.0,36.0,Brightback,,,,,,,16COTzSXrx6mwn76,2021-05-19T14:56:52.000Z,,2021-05-19T17:01:05.000Z,,h_0d235dbb9b4ee5d8,,1,2021-05-19T17:01:05.000Z,USD,u_95b3d01037d47fe2,ACTIVE,h_2d708b5ba5c6e790,[name],,,,2026-05-19T17:01:05.000Z,teacher,,1,annual,2021-05-19T17:01:05.000Z,_UNKNOWN,3600,YEAR,,,Middle School,[name],2027-05-19T17:01:05.000Z,,300,,2027-05-19T17:01:05.000Z,2021-05-19T17:01:05.000Z,3600,,,,,,Teacher Experience [July 2025] [40% one-time / Modal],,05-19-2021,,07-01-2026,05-19-2021,05-19-2021,05-19-2021,,05-19-2021,05-19-2027
Wg7102b_8b229178b1e2c442,16BWW4UpdWsXy2CAB,,Students; Annual,,,[name],[name],,I didn’t expect to be charged,i_didnt_expect_to_be_charged_2010816994,Not ready to commit to annual membership,not_ready_to_commit_to_annual_membership,,Pricing (Digital),pricing_digital,1,,,u_1c6c395c0786dd83,,,,0,,,Canceled,2026-07-01T00:05:04.000Z,2026-07-01T00:05:23.000Z,2026-07-01T00:05:23.000Z,,47.83,2026-07-01T00:05:23.000Z,cancel,Valid Cancel,annual,2027-06-30T20:05:55.000Z,2027-06-30T20:05:55.000Z,3.0,3.0,36.0,Brightback,,,,,,,16BWW4UpdWsXy2CAB,2024-05-06T01:19:07.000Z,,2025-06-30T20:05:55.000Z,,h_0e02c72ae66c7a84,,1,2025-06-30T20:05:55.000Z,USD,u_1c6c395c0786dd83,ACTIVE,h_7cdd40f74f36faa8,[name],,,,2026-06-30T20:05:55.000Z,student,,1,annual,2025-06-30T20:05:55.000Z,_UNKNOWN,3600,YEAR,,,College,[name],2027-06-30T20:05:55.000Z,,300,,2027-06-30T20:05:55.000Z,2025-06-30T20:05:55.000Z,3600,,,,,,Student Experience [July 2025] [25% one-time / No Entry Modal],,06-30-2025,,07-01-2026,06-30-2025,06-30-2025,05-06-2024,,06-30-2025,06-30-2027
