Users,Email,Segment,Booking date,Interview date,Lead Interviewer,Assistant Interviewer,Outcome,Payment tracked?,Metabase Info,Interview recording link,Snapshot link,Consider for Follow Up?,Consider for Testimonials?,Additional Notes,Days between schedule and interview,Consider for Trustpilot Review?,Days between interview and update,Interview Time,Last edited on,Plan,Snapshot (for Zapier),Snapshot Completed,Snapshot sent to slack?,Transcript (for Zapier),Transcript link,Transcript sent to GDrive?
[name],u_09229da2d97554d5,,,"July 20, 2026",[name],,5. Interviewed,Yes,[removed],[removed],,,,,,,,,"July 27, 2026 2:01 PM",,"Interview Snapshot — BCMs Outside SuperSummary
Project: BCMs outside SuperSummary · Segment: Book club member (non-leader), unaware of SuperSummary · Interviewee: [name] · Interviewer: SPK_2 (Lift Ventures) · Format: Remote, ~30 min, participant driving
Quick Facts
• Segment fit: Strong. Active book club member, has never heard of SuperSummary, and articulated an unprompted sign-up trigger during the session.
• Role: Member, not host. The club is run by Dara, a financial advisor who launched it partly as a client-acquisition channel.
• Club profile: ~15 members, majority young moms (stay-at-home or part-time), recruited through a local Facebook moms group and swap shops. Many members are strangers to one another. Includes a librarian member with book-club licensing access.
• Cadence: Meets monthly, reads a book every other month. Off-months are social catch-ups and book selection.
• Logistics: Facebook group for coordination, monthly date poll, meets at a restaurant with separate checks. No host home, no themed food, no formal agenda.
• Selection rule: The book must be one no member at the table has read.
• Reading pace: Roughly one book per month; self-describes as slow.
• Reading method: Reads print and audiobook of the same title simultaneously to increase speed and comprehension.
• Tools in use: Goodreads (primary, auto-logs via Kindle/Libby), StoryGraph (account opened, abandoned), Libby (primary acquisition, hold-constrained), Reddit (ad hoc recall).
• Prep behavior: None. Arrives with unstructured personal reactions.
• Behavior of note: Skipped the most recent meeting because she had not finished the book.
• Professional context: Works in community building and affinity groups, which shapes how she evaluates group tools.
Representative Quote""But I could have had the community this week, but I missed it because I didn't read the book. And maybe an app or a summary or something would have helped me feel better about going.""
Insights
1. Non-attendance follows spoiler risk and a perceived breach of obligation, not lost interest. She wanted to attend, expected to enjoy the book, and still skipped. Two causes compounded: she did not want the plot spoiled, and she did not want to impose spoiler rules on the group. She frames finishing the book as her side of a bargain: ""My end of the bargain is that I will read this book and I will show up ready to participate in the discussion. And I left the book club."" Catch-up content therefore protects group attendance, not just comprehension.
2. Reading capacity, not motivation, is the binding constraint — and it is moralized. At one book per month, the club selection consumes her entire monthly capacity, crowding out her personal list. She left a previous monthly club rather than under-deliver: ""I don't read at this pace. Sorry."" Any offer positioned as a substitute for reading conflicts with this self-concept. Positioning must read as participate fully, not skip the book.
3. Library access friction, not preference, governs what the club reads and when. The July title was placed on hold in March; she was still 400th in queue weeks before the meeting and sourced a physical copy through an Instagram request. This produces a multi-month dead interval between selection and access, then a compressed reading window — six days in this case.
4. The ""nobody has read it"" rule systematically pushes clubs toward titles no member is intrinsically interested in. ""What's been happening is I feel like we've been reading obscure books that are, like, outside of anyone's genre of interest, because if they were within the genre of interest, then you would have read them already."" Consequences: lower completion rates, higher latent demand for recaps and discussion scaffolding, and demand concentrated in backlist and obscure titles rather than bestsellers.
5. The rule also produces active suppression of reading. She is deliberately not reading a title she wants — ""I'm not reading yesteryear because I want it to be our book club book. And if I read it, then it can't be our book club book. So I am literally reserving it."" Club membership is measurably reducing her reading volume.
6. Structure demand and structural authority sit with different people. She wants introductions, go-arounds, and spoiler ground rules; the host explicitly does not. She improvises structure when present and withdraws when absent. Host-facing tooling would miss her entirely; member-side self-serve prep would not.
7. Genre reality conflicts with analytical framing. The group's stated appetite is contemporary romance and ""smut."" She notes those readers ""don't really care about the Character's development that much."" Themes, symbols, and character analysis carry lower perceived relevance for the genre this club actually wants to read.
8. Her comprehension strategy already contains the shape of the need. She alternates print and audio, and loses the thread when attention lapses: ""I went on airplane mode in my brain and I did not listen to that chapter. So now I'm gonna read it."" Position-aware recaps map onto behavior she performs manually today.
9. Tool switching is governed by network effects and logging effort, not features. She acknowledges StoryGraph is the better product and still abandoned it, because Goodreads auto-logs from Kindle/Libby and everyone else is there. A SuperSummary offer that resembles a tracker inherits this switching barrier; a complementary offer does not.
10. Screen-time values create a specific objection to any app framing. ""Aren't we reading books because we, like, want a break from, like, our phones?"" She resolves the tension herself by locating value before and after the meeting, not during it. Usage framed as in-meeting activity will meet resistance from this profile.
11. Awareness is absent where distribution should be easiest. A 15-person club with a Facebook group and a librarian member had zero SuperSummary awareness. Her default recall aid is a Reddit thread — meaning SuperSummary competes first against free, and must demonstrate value before payment is discussed.
Pain Points
• Missed a wanted meeting and lost the community benefit because the book was unfinished.
• No socially acceptable way to attend an unfinished book without absorbing spoilers or policing the group.
• Hold queues delay access for months; the actual reading window collapses to days.
• Club selections fall outside her genre interests as a direct result of the eligibility rule.
• Club cadence consumes her full reading capacity, displacing her personal list.
• She withholds books she wants to read to keep them eligible for the club.
• Discussions are unstructured; her preference for a format goes unmet because she does not control the meeting.
• Loss of narrative thread during audio listening requires manual re-reading to recover.
• Duplicate logging across two tracking apps led her to abandon one.
• No awareness of any purpose-built resource; falls back on Reddit for recall.
• Attendance and date-setting churn each month via polling; membership composition varies meeting to meeting.
Opportunities
1. Position existing guides as attendance insurance for unfinished books. Gap: she needed a spoiler-safe way to arrive prepared and did not know one existed. Evidence: she skipped the meeting and named the missing thing herself. Business tie: directly addresses the acquisition trigger for this segment — the week before a meeting with an unfinished book. The capability largely exists (Study Guide, chapter summaries, Section Summarizer, Book Club Questions); the gap is framing and discovery, not features.
2. Serve the hold-queue interval between selection and access. Gap: three to four months elapse between a club choosing a title and members obtaining it, and nothing serves the reader during that window. Evidence: held in March for a July meeting, 400th in line. Business tie: creates a natural sign-up moment at selection time rather than at the deadline, and demonstrates instant availability against a queue.
3. Build for the member who wants structure but does not run the meeting. Gap: current book-club material is oriented toward whoever leads the discussion. Evidence: she supplies structure informally when present and has no standing to impose it. Business tie: expands the addressable audience from hosts to the much larger member population.
4. Treat the club's own Facebook group as the acquisition channel. Gap: zero awareness inside a 15-member club with an active group, a monthly poll, and a librarian member. Evidence: she volunteered two referrals unprompted within the session. Business tie: word-of-mouth inside clubs is a low-cost channel that current distribution does not reach.
5. Address perceived relevance for contemporary romance and popular genre fiction. Gap: the analytical apparatus reads as mismatched to the books this club most wants to read. Evidence: her explicit comment on character development in that genre. Business tie: relevance in the club's actual reading mix determines whether a subscription feels worth renewing.
6. Support resumption across print and audio. Gap: she manually reconciles her position between formats and re-reads chapters after attention lapses. Evidence: described as her ideal reading method, practiced for about a year. Business tie: audio narration already exists; connecting listening position to spoiler-bounded recall converts an existing asset into a daily-use behavior. Aligns with the 3HAG.
7. Aggregate group opinion as discussion material. Gap: she describes reading community as fragmented across Reddit and Facebook groups with no taste matching. Evidence: she raised ""the data tracking of it all"" and profile-based access to readers worldwide. Caveat: raised after the interviewer described this concept — treat as reaction, not demand.
Experience Map
1. Joins club through a personal connection after leaving a prior monthly club whose pace she could not sustain.
2. Nominates titles on paper slips at the first meeting; the eligibility rule filters out anything a member has already read, which pushes the pool toward unfamiliar genres.
3. Selection narrows further by copy availability, since most members depend on Libby and one member supplies book-club-licensed copies.
4. Places holds months in advance as a consequence of that dependency — March for a July read.
5. Waits in queue. Still 400th in line weeks out; no reading-adjacent activity fills the interval.
6. Acquires a copy off-platform by asking her Instagram followers, which resolves access but only days before the meeting.
7. Reads under a compressed window — six days against a normal month-long pace — combining print and audio to move faster.
8. Loses the thread when attention lapses during listening, then re-reads the affected chapter to recover it, consuming part of the remaining window.
9. Confirms the meeting date through a Facebook poll in parallel with reading.
10. Skips preparation. For fresh reads she relies on recall; for older reads she would consult Reddit or a guide, if aware of one.
11. Reaches the decision point unfinished and weighs spoiler exposure and social obligation against the community benefit; chooses not to attend.
12. Off-month meeting resets the cycle as a social catch-up and selection session.
13. Logs completion passively through Goodreads via her Kindle and Libby, having abandoned a second tracker to avoid duplicate entry.",,Yes,"00:00:43 SPK_1
Hi, can you hear me now?

00:00:44 SPK_2
Yeah. Hi.

00:00:46 SPK_1
Hi. I had my mic on, but then it like, because it said recording in progress, it canceled my unmute. Thank you. I'm just leaving a coffee shop. I could have totally met you there. But sometimes, whenever I end my meetings so that I don't like ask them to leave me, I just leave with them.

00:01:07 SPK_2
Oh, that makes sense. So you're like, can you get up now, please?

00:01:10 SPK_1
Right? I'm like, I have a 1030. And sometimes people are like, oh my God, I'll leave you. And then other times I'm like, let me go ahead and pack up. At the same time they're packing up. So I'm like, I'm just gonna drive home and I'll talk to you on my drive.

00:01:21 SPK_2
Oh, yeah, no, that's totally fine. So I can have all insights. Yeah.

00:01:30 SPK_1
How are you?

00:01:31 SPK_2
Good, good. Thanks for meeting me. And time. I am. I can't remember how much I told you about this project.

00:01:41 SPK_1
You're doing some freelance work or. I'm sorry, they call it. They don't call it freelance consulting. Consulting, yes. When you're a marketer, you consult?

00:01:49 SPK_2
Yes, yes, we consulted in this world. But yes. So basically, have you heard of super summary before?

00:01:57 SPK_1
No.

00:01:57 SPK_2
Okay, so super summary historically has been this academic based, kind of like study guide resource. So they put together these super in depth study guides for literature. Historically, like you would use it if you're like writing an essay. And it's like a two hour, like if you were listening to the study guide, it'd be like a two hour study guide like overview of this book that you are trying to like learn from. And they're like sourced by literature professionals. They're super in depth, super like well researched, etc. And they are, they have found that over time the audience that's using these study guides has transitioned from like teacher students to a ton of book club usage. Because people are basically like needing to recap either like the book that they read and they've already forgotten it before the next meeting or they didn't finish it or they just like want a refresher or they're trying to prepare like for the like hosting of book club. And so I'm kind of doing these interviews to try to learn more about how people like prepare for book club, whether they use any type of like apps or tools, what they're like book club meetings actually like feel like and like what the content is like, are you doing questions, Are they like formal, informal, etc. So if you could just tell me like one just like about your club, like, who's in it, when, how. How do you choose your book? We can start there.

00:03:30 SPK_1
Okay, well, that's really cool. I love that. I. And I wish I would have known about it because I didn't read the book this week. And so I actually didn't go to book club. I am going to read it, but I just hadn't had a chance to read it before the book club, so I kind of sucked on that. My book club is actually Raina's sister Dara, who started it, and I was excited that she started a book club because I've been in them before and I felt like they put a lot of pressure on reading the book before so that they would like have a, you know, full out discussion and they would meet every single month. So it was like you'd have to read the book every single month. But that didn't. Like, that might be the only book I'd read, if that makes sense. Like I wouldn't have time to read that book and then also read a book that I wanted to read. Yeah. So I actually left that book club. I was like, hey, I. I don't read at this pace. Sorry. So I left and their sister was like, I'm starting a book club, but I want to read a book every other month. But I want us to meet every month. So I just feel like we will, we will read a book, we'll discuss it, and then whatever is like in between there, we won't have a book to discuss. We'll just catch up and maybe we'll pick our next book. So basically we do it every other. If that makes sense. And I think that pace has been better also because a lot of the girls in this book club are using Libby and you have to wait on those books to come off of hold. We have Lindy in the book club and she's a librarian, obviously. She's like the head of library services at the Independence branch or something like that. Maybe Parkville. Anyway, she has access to book club books, so. So they have more licensing to release them than just like a regular library. I think it's cool.

00:05:26 SPK_2
Yeah.

00:05:28 SPK_1
So she's been able to get some books for us that way. So we, we have to pick our book not just based on interest, but based on like how many copies are available, how long will it take? So I know that like, we put our book for July on hold in March because it was such a long wait. And then it was, you know, towards the end of last month in June, when I put on my Instagram story, does anybody have this book? Because I need to read it by July 16, and I am still, like, 400th in line for this.

00:06:00 SPK_2
What book was it?

00:06:03 SPK_1
Anatomy of an Alibi.

00:06:05 SPK_2
Oh, okay.

00:06:06 SPK_1
Yeah, I've seen that one, I think. And so I have the physical copy because somebody responded to my story and was like, I have it. You can borrow it. So I'm still not off the hold list. So that we've read that book. We also read Husbands. Did you read that, by the way?

00:06:24 SPK_2
No, I haven't.

00:06:25 SPK_1
It was really odd. It was, like this book about. It was. It was, like, British, which I like, but it was this girl that has, like, a magic addict and attic, and all of these husbands come out of her attic. Very weird.

00:06:43 SPK_2
How do you pick your concept?

00:06:46 SPK_1
Well, it's. Okay. So at our very first meeting, we all wrote down books and on little slips of paper. And I don't think that we, like, draw them out of a hat. But if we were to do that, it has to be a book that no one at the table has read, which is really hard because there's like, 15 of us, and they're all really avid readers.

00:07:05 SPK_2
Yeah.

00:07:05 SPK_1
So what we. What's been happening is I feel like we've been reading obscure books that are, like, outside of anyone's genre of interest, because if they were within the genre of interest, then you would have read them already.

00:07:17 SPK_2
Yeah.

00:07:18 SPK_1
So, like, one of the first books we discussed was, like, Withering Heights. Half the table had not read it and didn't even really know what it was. And the other half, the table, like, of course. But we were talking about it because the film had come out and all that. And I was reading it currently, or I just finished it, and I was like, I'd love to talk to somebody. Somebody about it. Like, I have a lot of feelings. And they were like, no, the rule is nobody can read the book. And then what other books? You know, just like, really, really popular ones where the crawdads sing. You know, things like that. Like, people wrote down being like, oh, I've heard people like that book. I'd like to read it. But you can't, because half the table or over half the table is read in it. We don't have the same people show up to book club every single time. And Dara started this book club in, like, the Liberty Moms group. And then also just in, like, she posted in, like, swap shops. And I saw it because Dara's my friend. So it popped Up. But for a lot of people in the book club, they've never met her. And she's a financial advisor, so she's actually doing this to try and get clients.

00:08:21 SPK_2
Okay.

00:08:22 SPK_1
Which is pretty smart.

00:08:23 SPK_2
Yeah.

00:08:24 SPK_1
So she's meeting a bunch of new people in Liberty that have kids that would need financial advice, possibly. And then we're, like, just having fun and talking books. I would say that we do not have a structured book discussion. And I'm the one that wants a little more structure. So whenever I'm there, I'll be like, everyone go around and introduce yourselves and then tell us if you liked the book or if you're still reading it. And that's why I didn't go, because I like the structure. And then I would be asking people to, like, avoid all the spoilers of the book. So I just told Gara. I was like, I just don't feel right going. And she was like, you can come without having read the book. That was a lot of people last time when we were discussing the husband that hadn't read it. But again, I. I think that book was so weird that a bunch of people were like, there wasn't a lot of spoilers. The book really didn't have anything that was revealed.

00:09:18 SPK_2
Do you think that people, or even for you, like, want to avoid spoilers either of, like, if you're not done with it or if you, like, would you rather not go than have it be spoiled for you and just be like, eh, dnf, like, whatever.

00:09:35 SPK_1
Yeah, I would be okay dnfing it if I actually started it, you know, and I really didn't like it. But I do think I will really like this book. This seems like one I will enjoy. So I just didn't want to have it spoiled and I didn't want to ask people not to spoil it for me, you know? And I was like, I've had a lot going on this week anyway, so I'm not gonna go. But I like the community and the camaraderie of it all. So, you know, it was. I could have just gone and been like, eh, whatever. It's not that big of a deal. This book isn't the biggest deal for me. So I do like the every other structure. But sometimes I'm excited to go to book club. But then I'm like, man, we don't have anything. What are we even going to talk about?

00:10:15 SPK_2
Like, when you're not on the off months?

00:10:22 SPK_1
Say it again.

00:10:23 SPK_2
Sorry, I'm losing you. You're very choppy. You sound Like a robot.

00:10:46 SPK_1
Hold on.

00:10:50 SPK_2
I heard that. I'm holding on.

00:10:53 SPK_1
Oh, okay, I've got you back now. What did you say?

00:10:57 SPK_2
Shoot. I think I said, oh. I just meant like, on the ones where you're not discussing the book. You mean you, like, wish, like, you're like, what are we going to talk about on this meeting?

00:11:08 SPK_1
Yeah, yeah. But then I think that if we were discussing a brand new book every single month, it would feel rushed for me.

00:11:18 SPK_2
Yeah. Have you guys ever done just like a half. Like, do half the book and then me and then half the book?

00:11:25 SPK_1
See, that's what. Maybe what I would prefer, but I think we just have faster readers. Like, Lindy reads like a book a day.

00:11:32 SPK_2
Yeah.

00:11:32 SPK_1
Like, she is such a fast reader that, like, she, she'll forget what the book was even about by the time we meet. She'll be like, oh, yeah, I read someone tell. Okay, now I know what we're talking about, you know, but others are like, a little bit slower. Like me, where they're like, oh, I, you know, I have just a little bit left. So the. So like, every other month basically gives people two months to read the book if it's available to you off Libyan time. That was the issue for me. Like, I, I had to go get the physical book from somebody.

00:12:02 SPK_3
Right.

00:12:02 SPK_1
And then I only had like six days to read it right before we met. And I, I need a little bit more time than that to, to get through book. I usually like, I'm about a month depending. Yeah. Which is pretty slow.

00:12:19 SPK_2
I mean, it's. Especially if that's the only book you're reading, then it has to be like the best book ever, like, the one you want to read the most, because then you only get 12 books a year and it's like, okay. And nine of them were these weird.

00:12:30 SPK_1
Books that book club chose and that I didn't choose. That's why I, like, left the other book club where I was like, I don't wanna, I want something to motivate me to read more books. Yes. And I want to read more variety, but I want to read what I want to read. So I think that is the challenge with book clubs in general. It's like you've got your people who are just like, I just love to read in general. I'll read anything. And I'm a fast reader, so I'm still going to have time to read and read what book club chooses. But then you have other people that are like, I only read if somebody makes me. So these books for book Club are the only books I'm going to read. And I'm somewhere in the middle where I'm like, I'll read the book club books, but I also have books that I want to read. And because I'm slow, I just sometimes I don't get to them, you know, and then, I mean, I don't know who else you're talking to, but I just, I think that there's smaller book clubs where these are like your best friends and there's like four people, five people. And you guys are never gonna pick a book that like somebody is in love with. And you'd probably be okay with picking a book that somebody in the group has already read.

00:13:41 SPK_2
Yeah, I think that like, I would like, I'd be fine reading a book that I've or doing book club on a book that I've read because I'll just keep reading the books I want and then we can talk about this book that I read a few months ago.

00:13:52 SPK_1
Right.

00:13:53 SPK_2
And that's like, fine. Like, then I can. I still have thoughts.

00:13:55 SPK_1
You know, I've told Dara that and I've like put it in our. We have like a Facebook group and I put it in there that like, I'm not reading yesteryear because I want it to be our book club book. And if I read it, then it can't be our book club book. So I am literally reserving it.

00:14:14 SPK_3
Yeah.

00:14:15 SPK_2
Yeah. That's a silly and like weird, nuanced thing.

00:14:20 SPK_1
It is mostly this. This is another thing that's interesting with, with book clubs is just like, again, on the genre point, I do not read like a lot of smut books, but I also know that there is this like craze for just, you know, heated rivalry level smart books. And a lot of us in the group wanted to read heated rivalry, but like four people had already read them. So like, we can't do that. And I would say like a majority of the women in this group are moms of young kids that are either stay at home moms or like part time work. And they just love to read a smut book. Like, oh, that's not my. Yeah, it's not my thing.

00:15:05 SPK_2
I think it's like, that's another, I mean, like, super summary has that challenge too, is like, we're creating these guides that are like, let's talk about the characters, the themes, the whatever. And it's like book clubs are reading heated Rivalry. And it's like, well, the theme is sex and the theme is like really.

00:15:23 SPK_1
Care about the Character's development that much.

00:15:25 SPK_2
Right, right. It's not really what the author was focused on. Do you prep when you prep for a book club? Like, do you do any. Do you do any type of prep, like when you have read the book or do you just kind of like, show up with your thoughts?

00:15:40 SPK_1
I think I just. Yeah, I just show up with my thoughts. Again, if we were reading or if the. If we were allowed to pick a book that I've already read and like, may it. Maybe it was where the crowd had sing and I read that during COVID So like, I would need to like, go back and look at something. Maybe I would find like, Super Summary or something. Or I would just find a Reddit thread or something.

00:16:04 SPK_2
Yeah.

00:16:05 SPK_1
And just re familiarize myself. But because we're reading books nobody's read, they're pretty fresh for me. Yeah. Who else are you talking to? Like, are you talking to.

00:16:16 SPK_2
I'm talking to people that responded to my Instagram story, but also to a bunch of like, people that have book clubs online, like on Instagram, like, people that like, host their book club on Instagram kind of thing, like doing direct outreach and just kind of learning. Because basically Super Summary is trying to expand outside of just the summaries and create tools for book clubs. So both for the hosts. So like, discussion questions for the book club based on like, the type of book club you have and like the kinds of questions people want to answer based on, but then also like fun, like games and activities, like hot takes, where everyone in your book club answers these hot takes of like, do we like or hate this character? Or like those kinds of things. And then like, it aggregates all of your group data. So you could talk about that, like, at the book club kind of thing. Like, kind of like games and activities around books. They also have like a recipe generator. So it's like snacks or cocktails themed on the book. So you type in the book and it's like, here's a cocktail that's like, about it and why it's called this and what you should make to like, add like, more. Yeah.

00:17:21 SPK_3
And I think that we could have more structure, but I just think that Dara felt really strongly going into this that she didn't want as much structure. She was like, I don't. I'm not like the type of moderator for this group that's like, we need to read a book every single month. And I'm like, I was the one that told her, like, we should go around and introduce ourselves. I feel like people don't know everyone here. Then, like, go around and share. Like, at least. At the very least, just like, did we like the book? Yeah, but I don't know that they like, some. Some books are being printed with questions in the back now for a book club.

00:18:05 SPK_2
Yeah.

00:18:06 SPK_3
And, you know, if it was my book club, I probably would. I would also probably home host a book club. Like, I would tell people to come to my house, and I want to do, like, themed snacks and I want to do themed drinks and. But that's just my vibe. But there is a mom, and a lot of these people are, like, young moms, and they don't have, like, they're not going to open their homes for this, and they don't have the time. So, like, we just meet at a restaurant and then we all just, like, order our own dinner, pay for our own, you know, everything and talk.

00:18:31 SPK_2
Do you schedule it? Like, is it a recurring and like. Or is it based on, like, is it every Sunday at whatever?

00:18:37 SPK_3
Like, no, we do a poll every month and, like, in the Facebook group, and then we, like, select what date we can do, and we'll pick the one with the most people that are able to do it. So just like a doodle.

00:18:48 SPK_2
Yeah. Okay, that makes sense. Let me see if I have any other pressing questions for you.

00:18:54 SPK_3
I hope I've been an okay interview.

00:18:56 SPK_2
No, it's been great. No, it's super. It's super helpful, I think, like, figuring out just kind of, like, what people like, what the biggest challenges are. And as we're building, like, product tools. Tools for book club, it's like, really, it's helpful to talk to both people that are in the book club and people that are hosting the book club, because that's, I think, two very different people. And I talk to people that are incredibly, like, like, diligent about planning for book club. Like, they're hosting and moderating and all these things. And then there are people that are like, I'm just bringing a bottle of wine. And, like, maybe I read the book, maybe I didn't. And, like, we're just here to chat. Um, but I think, like, our ultimate goal is to figure out, like, if there was a book club app that people would use that's like, what. What would be the, like, the best features for it to have that would be actually useful for the most people. And so, like, that's kind of like, what the core of these interviews is hopefully going to achieve.

00:19:53 SPK_3
Oh, that's so fascinating to me because, like, I mean, as somebody that does Community work. Like, I mean, my whole job is creating groups of people, affinity groups, and, like, make, you know, making them like each other and finding similar interests and all that. I think there's people that are really strong on the principle of it all. Like, I would never be a part of a book club. Like, the. Like, I left the book club. Like, I left that book club, even though I liked those girls and I had a nice time with them, but I was like, I'm not holding up my end of the bargain. My end of the bargain is that I will read this book and I will show up ready to participate in the discussion. And I left the book club. Other girls in that group are like, you do not need to leave. Like, we like hanging out with you. We literally don't care about the book. But for me, that's what it's about.

00:20:41 SPK_2
Right?

00:20:41 SPK_3
So I see it differently. But I. So the idea of having an app is, like, hard for me to grasp because I'm like, aren't we reading books because we, like, want a break from, like, our phones? And this gives us the opportunity to be real, present with people. But I could have had the community this week, but I missed it because I didn't read the book. And maybe an app or a summary or something would have helped me feel better about going. And so I see both sides, and I think especially for, like, a younger generation who are way more plugged in than I am on apps and phones and things, they would be like, I wouldn't be able to join a book club. I'm not a reader. But I do want the community, so I would need something like this.

00:21:30 SPK_2
Yeah. And I think there's also, like, a lot. Like, I think it's. It's the use cases for both sides, right. Of the people that didn't finish the book. So maybe they want the recap, they want the character list, they want the whatever. But I think there's also, like, the resources for someone like Lindy that read the book a month ago and, like, still wants to be refreshed. So, like, there are quizzes on each chapter. So, like, you could do a quiz at the end of each chapter and be like, did I, like, grasp the core concepts? What did my score? What was my score? Like, I could quiz myself on comprehension or, like, there's story recaps. So, like, this happens to me all the time, where I'll, like, start a book and read to chapter six and then put it down because I read something else, and then I need to come back to the book, but I'm like, I forget what has happened up to this point. So, like, there's story recap where you can click which chapter you're on and get a recap up to that point that doesn't have spoilers any further than that chapter, which I think is super valuable because I'm like, I can't Google a recap or it'll spoil something for me.

00:22:26 SPK_3
This is really funny too, because this is something I've started doing in the last, like, year. I guess ideally, I like to read a book at the same time I'm doing the audiobook.

00:22:39 SPK_2
Yeah, I do that too.

00:22:40 SPK_3
Get through a book the fastest. And when I feel like I grasp every single concept of it because I'll listen to it, like on my drive. But then on times where I can't listen to an audiobook or I want that sit down reading time, I can either pick up where I left off or read what I've left listen to if I need that. Like, where was I? Okay, I was here. Yes, I remember that. Okay. But other times I'll be like, you know what? I went on airplane mode in my brain and I did not listen to that chapter. So now I'm gonna read it. So that's like my ideal way to read. But that's probably, like, way overkill. And then there's a lot of people who feel like audiobooks aren't reading. I'm not one of those people. I think audiobooks are definitely reading. I just like to do them simultaneously.

00:23:23 SPK_2
Yeah, I switch back and forth too. Like, I'll be reading one and then, like, listen to it and then catch up where I was and, like, switch just depending on the medium. And that way you finish the book faster too.

00:23:32 SPK_3
Right.

00:23:33 SPK_2
I do feel like I forget what I was listening, like, where I was. And so the little quick recaps are helpful. But yeah, I think it's just like, how do we build an app that feels like a reading companion where, like, do you use any reading app? Like, do you reuse any book related reading?

00:23:49 SPK_3
Yeah, yeah, I have Goodreads and Storygraphy.

00:23:51 SPK_2
Okay. Do you use storygraph?

00:23:53 SPK_3
I. I opened one a few months ago, an account, because my co worker really likes it and she was like, I want to know what you're reading and I want to know how many books you're reading. Just because I'm nosy and I want to talk to you about books, but I don't keep it updated. What I love about Goodreads is that it's, like, linked to, like, Amazon. So when I'm delivering books to my Kindle from Libby, it knows when I'm finished with them and then it like logs them for me. And I think storygraph might have those same capabilities.

00:24:25 SPK_2
But yeah, I feel like they're like the same app, but they are like. And I know that storygraph is obviously prettier than Goodreads, but also it's like I've just been on Goodreads forever, that there's nothing new and cool enough about storygraph for me to like make the full switch. Because everyone else is on Goodread, I'm like, that's how I've always felt. I'm like, if we all switch to storygraph, I'm down. But like, because everyone's still on Goodreads, I'm like, whatever. I'm not updating this in two places.

00:24:51 SPK_3
Well, that's what I was doing. I was like, upgrade. I was updating it in both. But I know why people switched to storygraph because they were like, Amazon's evil. And you know, and I'm like, okay, I get it. I'm down with it. There was even another one. Or a story graph. The one, isn't it black owned?

00:25:08 SPK_2
I think so, yeah.

00:25:10 SPK_3
Because it was minority owned. Was like another reason to switch over to it or whatever. I'm also curious, like, this is just a reading companion, right? Or is there like a goal in mind to like replace a another thing?

00:25:27 SPK_2
I think that like there, there's like a lot of talk, right, about like internally I've been discouraging, but basically like, let's do Goodreads. Like let's track books, let's do this, let's do that, let's change. Like let's be book http://club.com/ and like figure out how to host your meeting and the calendar and all these things. And like my thought is like, it's going to be more valuable to build something that people don't have an app that they already are using to do. Like, the switching cost is more difficult. Like, I would rather build something that's valuable off the bat for people that they don't have elsewhere. And then if people are already using it and it's easier for them to choose the calendar date on our on summary, then like, great. But to me, similar to storygraph, like, if we just build a prettier version of something that already exists, it's just not enough to compel people to use it.

00:26:17 SPK_3
Have something of its own, right?

00:26:19 SPK_2
And so like we already have such in depth guides and research and all These things that like, I would rather lean into being the. Like, how do you, like, how do you get more from every book that you read? Like, that's, I think, a much more compelling like, argument. And to me it's like, if you're a reader, like, I am a type a reader. Like, I'm not in a book club, but if I was like, I think I would use super summary for book club, but then I would also use it for the books that I'm just reading by myself to be like, oh, did I catch the major themes? So I can do like a post read of like, interesting, this is how people felt about this. Or like, I could go do the hot takes myself and see. Again, super summary. Like, wow, like everyone agrees with you or like no one agrees with you. Like that to me, me sounds fun.

00:27:05 SPK_3
I was gonna say. Yeah, yeah, the data tracking of it all in that regard. But also the forum.

00:27:11 SPK_2
Yeah.

00:27:12 SPK_3
Like, yes, we can have forums on Reddit. Yes, we have forums on Facebook. Yes, we have like massive, you know, thousands or million, you know, Facebook groups that we can join that are like readers. And then like, there's people talking about smut and there's people talking about murder. But like, if I have a profile on this app and you know what I like or you know what I'm reading, I then get like access to these forums to talk about books with people all over the world. I think that's really cool.

00:27:41 SPK_2
Yeah. And like, maybe it's not like forum based where it's like a bunch of text like that already again exists on it. But is it like a gamified, like, is it and does it become an app where you're like sitting on your couch bored and you like are instead like diving into books versus like scrolling through your feed? Right. It's like, how do I lean into this hobby that's actually like good for me and fun then versus like, but in a fun way versus like a slider bar of like, how strongly do you feel? Or like a yes, no, like I think there's something there to create this kind of like, not academic, but like for smart people like that to read. That's like fun kind of app. So this is super helpful and I will aggregate your input and insights. If you have anyone else that you think might be want to talk about book club or is in like a different club or it has a different perspective than you happy to chat with anyone.

00:28:39 SPK_3
Well, I was just going to say I don't know if Sarah is in a book club. She's my grand little. She used to live in Lakeview. She's got that account, Sarah's lit. I think you follow it.

00:28:54 SPK_2
Yeah.

00:28:55 SPK_3
She'd be amazing person to talk to. I just don't know for sure if she's in a book club or not, but she's such a reader.

00:29:00 SPK_2
No, she'd be great.

00:29:02 SPK_3
Huge books. Like, she reads those, like Court of Thorns and Rose, that, like, she's way into those types of books. So if you want to reach out to her via her lit account, you can. And then Savannah, my other sorority sister here in Casey that you also know, that is birthday twins with Harlow. She runs a book club with, like, her five best friends.

00:29:27 SPK_2
Oh, amazing. Yeah.

00:29:28 SPK_3
Talking about where I was, like, she just. They. They read every month, but, like, I don't know that they have these, like, quirky rules about, like, rereading something or whatever.

00:29:38 SPK_2
Yeah, that would be super helpful if you could introd me to her, and then I'll reach out to Sarah via Instagram.

00:29:46 SPK_3
Okay, I'll do that.

00:29:49 SPK_2
Okay. Well, thank you so much again. Appreciate you. And I will keep you posted on my quest for a book club companion app.

00:29:57 SPK_3
Absolutely.

00:29:58 SPK_2
Okay.

00:29:58 SPK_1
All right, bye.

00:29:59 SPK_2
Love you, too. Bye.",[removed],
[name],u_b30eaba18b4c2307,,,"July 24, 2026",[name],,5. Interviewed,Yes,[removed],[removed],,,,,,,,,"July 27, 2026 2:15 PM",,"Participant Context
[name] hosts a chapter of a franchised ""book and sip"" network — a paid, private community with 400+ members and 80–90 attendees per event. She is well within the target segment, and fits the ""outside SuperSummary"" criterion precisely: aware of the product through peers, never used it. Note that her club sits at the high end of scale and formality; a host running a 10-person living-room club will have a different cost structure and different tooling needs.

Interview Snapshot — [name]
Project: BCMs outside SuperSummary · Date recorded: Friday session, ~15 min · Feature/Area: N/A (discovery)
Quick Facts
• Based in Chicago; recruited via Instagram.
• Hosts a chapter of a franchised ""book and sip"" club network; positions it as a social club with books, not a study group.
• 400+ paying members; 80–90 attendees per signature book party; 3–4 events per month.
• One book per month, mainly fiction, organized around rotating themes she sets.
• Runs a two-round selection process: open nominations (15–20 titles) → volunteer committee shortlists 4 → community poll in the Book Clubs app.
• Community, polls, event info, and partner links all live in the Book Clubs app; payments run separately through Stripe.
• Aware of SuperSummary through other people; has never used it.
• Personal reading is format-fluid: audiobooks, iPhone Books app, and print, switching frequently. Lapsed Goodreads user.
• Sources discussion questions from three places: her own writing, web searches, and ChatGPT.
• Prints questions as a multi-page PDF placed on tables, plus a QR code for phone access; adds cards or dice to route members to questions.
• Uses summaries herself, because event operations regularly displace finishing the book.
Representative Quote""I find that the people who are using those questions are mainly, like, newer girlies who obviously don't know anybody. So that's like, the perfect kind of, like, icebreaker to. To get the conversation going.""
Opportunities
1. Treat the leader as the acquisition channel. One host controls the app feed, the printed handouts, and the QR code reaching 400+ paying members monthly, and already routes bookstore and partner links through that feed. Adoption by her is distribution to the club; adoption by a member is one seat. Acquisition effort aimed at leaders compounds in a way member-level acquisition does not.
2. Consolidate a three-source question workflow. [name] assembles each month's questions from her own drafts, free web results, and ChatGPT output: ""I'll do a little bit of everything, so might come up myself. Some I look up online that are already available. Some may come from Chad."" SuperSummary's expert-authored book club questions already answer this need, but she does not know the resource exists. The gap is discovery and positioning, not content.
3. Package questions for the host's delivery moment, not the reader's screen. She hand-builds two artifacts per meeting: a printable multi-page document scattered across tables, and a QR-linked mobile version. A single host-facing output that produces both, and that survives being handed to 80–90 people at a rooftop bar, would replace manual assembly.
4. Frame catch-up support around social participation, not comprehension. She names the audience unprompted: ""So I think this could definitely be helpful for the girlies who maybe that month they didn't have time to read the full book, but still want to be part of the conversation."" Existing chapter summaries and the Section Summarizer serve this need; they are currently framed as study aids rather than as a way to arrive at a social event able to talk.
5. Give the shortlisting committee a discussion-suitability signal. The volunteer group screens on Goodreads rating and trend momentum — ""We try to never read a book that's below, like, a 3.5 rating on Goodreads"" — because no signal exists for how well a book will actually sustain a two-hour group conversation. Book Briefs are positioned as reader discovery, not as selection input for leaders.
Insights
• Discussion questions serve social onboarding, not literary analysis. Veteran members ignore the prepared questions because their conversation already flows; newcomers use them as icebreakers. The need is driven by relationship maturity within the group, not by depth of engagement with the text. Question sets optimized for analytical rigor solve a problem her members do not have.
• The host is a summary consumer, not only a summary supplier. Operational load is the cause: ""I do use the summaries personally because sometimes like life gets in the way."" Leader-facing tools that assume the leader has read the book will misfire on the person most responsible for the discussion.
• Awareness without trial persists because a free, assembled stack feels sufficient. She has heard of SuperSummary repeatedly — ""it's been in my radar"" — yet never tried it, because web results plus ChatGPT produce a workable question set at zero cost. Signup requires a capability her improvised stack cannot produce, not a better version of what it already produces.
• Club identity is social-first, and tool framing must match. She describes the format as ""half girls night out, half book club"" and repeatedly emphasizes creativity, dressing up, and rooftops. Anything reading as academic will be filtered out before evaluation. This reinforces the cross-study finding that study-oriented framing conflicts with book club culture.
• Format switching suppresses tracking behavior. Rotating among audio, e-book, and print left her a lapsed Goodreads user: ""I'm not the best at keep like staying on top of Goodreads, to be honest."" Progress-dependent features cannot rely on her having recorded where she is.
• Her stated top pain sits outside the literary domain entirely. Payments are the headache, not content. This bounds where SuperSummary can create leader-side value and indicates content tooling is a secondary rather than urgent need for this profile.
Pain Points
• Payment and tooling fragmentation. Stripe and the Book Clubs app operate separately across free and paid events: ""I would say the main thing is just payments."" Named as her single biggest headache.
• Manual, repeated question assembly across three sources every month, with no reusable system.
• Event operations crowd out her own reading, leaving her leading discussions on books she has not finished.
• Prep effort partially wasted — the printed and QR-delivered questions go unused by long-tenured members.
• No tracking habit survives her format switching, so reading progress is not recorded anywhere.
• Selection depends on proxy signals (Goodreads rating, trend) rather than any indicator of discussion quality.
• Awareness has not converted to trial after repeated exposure through peers.
Experience Map
1. Theme setting — [name] selects the month's genre or theme, changing it each cycle.
2. Nomination — she opens nominations in the Book Clubs app; the community submits 15–20 titles against the theme.
3. Committee shortlisting — a volunteer group narrows to four using Goodreads ratings (3.5 minimum) and trend momentum.
4. Community vote — a second app poll runs; highest vote count wins. An optional second read is occasionally added.
5. Announcement and sourcing — she posts the winner, partner links, and bookstore or FM partnerships to the app feed; members acquire the book independently.
6. Between-meeting communication — light activity in the app feed: her updates, member questions. No daily group chat; the community is in-person by design.
7. Individual reading — members read at their own pace across formats; a known share does not finish. [name] reads when event operations allow, and turns to summaries when they do not.
8. Question preparation — she drafts questions herself, supplements from web searches and ChatGPT, formats them into a multi-page printable document, and generates a QR code for mobile access.
9. Interaction design — she prepares cards or dice that route participants to specific questions, adding a game layer to the discussion.
10. Arrival and check-in — members check in, get their books stamped, receive free bookmarks, find seats, and order drinks.
11. Social window — roughly 20–30 minutes of unstructured mingling while the group assembles.
12. Discussion — she opens the book conversation. Newer members lean on the prepared questions as icebreakers; established members converse without them.
13. Cycle restart — nominations for the following month open shortly after the event, restarting at step 1.",,Yes,"00:00:35 SPK_1
Hello.

00:00:36 SPK_2
Hi, [name]. How's it going?

00:00:38 SPK_1
Good, how are you?

00:00:39 SPK_2
Good, good. Sorry again about yesterday. Oh my gosh, no worries.

00:00:44 SPK_1
It was totally fine. You gave me a little extra time to get something else done, so I was like, oh, no worries. How are you?

00:00:51 SPK_2
Good, good. How are you?

00:00:54 SPK_1
So great. It's a Friday. Living the dream.

00:00:56 SPK_2
That's right. Where are you based out of? Are you in Nashville?

00:00:59 SPK_1
I'm in Chicago, actually.

00:01:00 SPK_2
Okay, amazing.

00:01:02 SPK_1
I just found you through Instagram because you had a good account and I was like, okay, this would be a perfect person to talk to. So I really appreciate you responding.

00:01:10 SPK_2
Yes, of course. Tell me about what your, you guys are doing.

00:01:14 SPK_1
Yeah. First, before I start, have you heard of Super Summary before?

00:01:17 SPK_2
I have, I have.

00:01:19 SPK_1
Okay, cool. So have you used it in any like, capacity for book club at all?

00:01:26 SPK_2
I personally have not, but I know other people that have and so I've heard of it, I've heard of it. So definitely it's been in my radar.

00:01:37 SPK_1
Okay, cool. So yeah, just a little background on kind of what I'm working on. So essentially Super Summary has historically been pretty academic focused. A lot of people have used it for like, I'm writing an essay on the Odyssey and I want like a full breakdown of the book and that's what I'm using it for. But I think over time we realized that people were using it a lot for book clubs specifically, even though we hadn't really designed any of it for book clubs. Like, there's a lot of resources that are helpful, but it doesn't have. It's clearly not like positioned as a book club app. And so the project that I'm working on is just reaching out to people that are active in book clubs and figuring out kind of like how their book club runs, how they use technology as part of their book club now, and then figuring out kind of where the biggest pain points are for running a book club that we could potentially build tools to help solve. So that's kind of like where I reached out. So I would love if you could just tell me a little bit about your club, how it runs, et cetera, and then I'll kind of ask you some follow ups from there.

00:02:41 SPK_2
Yeah. Yeah. Awesome. So we read one book a month and we do. I pick like the genres and themes. So we constantly change our themes, but it's mainly fiction. And then I let our community do a group vote on let's say the top picks. Let's say we have five books.

00:03:03 SPK_1
They.

00:03:03 SPK_2
And then we do a vote and Then that's the one that wins. Occasionally we'll have an optional read as well. And I mean, and then we host our signature book party. By the way, I'm part of like this beautiful, like franchise book clubs of book and sip clubs. I don't know if you were able to kind of like find the other chapters as well. But then we have what we call our signature book party. So this is where we discuss our book of the month. And it's like half girls night out, half book club. So we try to make book club, like very fun. We're dressing up, going to rooftops, and then I design questions around the book. Now a lot of girls obviously read the book. There are girls that will show up and they haven't finished the book or they didn't read it, but they just want to be there anyway and like be part of the conversation. So I think this could definitely be helpful for the girlies who maybe that month they didn't have time to read the full book, but still want to be part of the conversation. So them having this option I think would definitely be beneficial. Cool.

00:04:11 SPK_1
How do you generally like come up with the questions that you ask at meeting?

00:04:16 SPK_2
I'll do a little bit of everything, so might come up myself. Some I look up online that are already available. Some may come from Chad. So I try to do a little bit of everything.

00:04:29 SPK_1
Are you like, when you're talking about the voting process, what, what tool are you guys using to vote on the book? The next book.

00:04:38 SPK_2
So our community lives in the book clubs app. Okay.

00:04:41 SPK_1
And you vote in the book clubs app?

00:04:43 SPK_2
Yep. So in the app itself, there's a feature where you could do polls.

00:04:47 SPK_1
Got it. And then do you guys usually have communication during like outside of book club, on the meetings? Like, is anyone talking in between meetings or is it pretty much like we picked the book? I'll see you next month.

00:05:01 SPK_2
We could, we do communicate through the app. There's like, it's. It's kind of like the book club's app is really cool because it's designed for book club. So there's an event, there's the books we choose, and then there is kind of like a feed where we can post. So that is where the girls can ask questions and I will post updates of what's coming up. But we are mainly an in person community, so we are not. This is not necessarily like a group chat where we're like chatting every single day, but there is communication definitely through the weeks.

00:05:38 SPK_1
Is there anything that the book clubs app doesn't do. That's like a, like makes your life harder as a book club host. That like, something would be like a tool that would be helpful if you could make your process easier.

00:05:52 SPK_2
I would say the main thing is just payments. We are, my book club specifically is a private paid community. We host three to four events per month. So we're very, very in person experience base. We're more than a book club, we're a social book club. So for us, I think what makes us a little bit different too is that girls have to pay to join in. So there's a little bit of like I use stripe and then the book clubs app is separate and, and then some events are free, some events are paid. So mainly that's my biggest headache if anything. But when it comes in terms to the books, I will just post links. Like if we're. Sometimes we partner with, let's say a local bookstore or you know, we just partner with Liberal fm. So all of that just gets posted in the app itself.

00:06:44 SPK_1
Cool. That makes sense. Do you personally use any like, reading tools yourself, like to track your books or like in any way? Like any apps that you use, like on a regular basis for reading?

00:07:00 SPK_2
Like, like Goodreads, something like that?

00:07:02 SPK_1
Yeah, sure, yeah.

00:07:03 SPK_2
I'm not the best at keep like staying on top of Goodreads, to be honest. I, when I remember I do it, I, I go back and forth between audiobooks and like reading online through the iPhones, like books and then real books. So I like switch all the time personally. And I will say, because I'm the one running the show sometimes, like I, I do use the summaries personally because sometimes like life gets in the way. I'm so focused on making sure our four events a month, like are executed properly. So there's times where I do read the books, there's times where I don't finish the books.

00:07:46 SPK_1
For sure. Yeah, no, I think that makes sense. And everyone I talk to, like, there's kind of a wide variety of people that read the book really fast and then need a refresher on the book that they read, but I've forgotten about. And then the people that are like, I didn't read the book. I just like want a couple of things. At your book club, I know you said it's social. Like walk me through what a typical book club meeting looks like. Like, are there activities? Are there? Like, I know you said you do questions but like, what is the general like agenda of the meeting?

00:08:17 SPK_2
Girls come in check and they stamp their books. I Give them free bookmarks. They go find, like, an area to sit, and usually they'll grab a drink. Then probably 20, 30 minutes in ones like, most of the group. Usually we have around 80, 90 women shop. So wait for everybody to. And then we will kick off the book discussion section. So I print out these, like. Like I said, book club questions and like a PD and like, multiple pages, and I put them all over the tables so that group has that. And I also have a QR code so they could have it on their phone ready to go. Or they have the physical questions. And then I usually have cards or dices that, like, just to make it a little bit more interactive, where they get to pick a card, then takes them to a question. I just tried to be a little creative there. But I will say not everybody uses the question, especially for the girlies who have been in the book club for a while because they already have, like, great friends, and the conversation just flows more easily. I find that the people who are using those questions are mainly, like, newer girlies who obviously don't know anybody. So that's like, the perfect kind of, like, icebreaker to. To get the conversation going.

00:09:37 SPK_1
Does. So would you say, like, people. I mean, with that many people, there's probably a lot of people that know people, but they don't know everyone. Like, it's not. It's a. It's a pretty broad community of people that come.

00:09:48 SPK_2
Yes, yes, yes.

00:09:50 SPK_1
And do the same people come every month, or is it, like, new people every month and then, like, maybe some regulars that are also coming?

00:09:57 SPK_2
Yeah, yeah. I think, like, our girls who have been in the book club for a long time, they kind of just will come whenever they want, whenever they can, maybe if it's a book they really like. And then we have. We add new members every single month. We're a little bit over 400 now.

00:10:11 SPK_1
Insane. Congratulations.

00:10:13 SPK_2
That's so cool. Thank you.

00:10:14 SPK_1
Do you have. When you're talking, like, when you say that you give them the discussion questions, do you send them ahead of time or do you wait until the meeting to, like, give them those questions? Or, like.

00:10:24 SPK_2
No, the meeting. Just during the meeting. Yep, yep.

00:10:27 SPK_1
And then when do you guys choose your next book? Is that, like, immediately after the meeting or during the meeting? Like, do people. How do people propose books to choose? Is that all through the Goodreads or the Book Clubs app to.

00:10:38 SPK_2
All through the Book Clubs app? Yep. Yep. So we will probably open up nomination. So we do two polls. We open up nominations, probably. We'll do it this weekend. And our next book party is next Thursday. So then at the during the book party, we'll probably launch so nominations based on the theme. Everybody will throw in books. We will pick internally, four probably out of the 15, 20 for combinations we get. And then we do a second poll with the four, and we're like, okay, community, go vote. The one that gets the highest votes just wins.

00:11:14 SPK_1
How do you choose which one? Like, which four to pick of the ones that they said we.

00:11:20 SPK_2
I have a group of, like, volunteers of girlies who will help me. And what we do is we'll see which are the highest rated, which are the ones may be trending a little bit more. We try to never read a book that's below, like, a 3.5 rating on Goodreads.

00:11:34 SPK_1
That makes sense.

00:11:36 SPK_2
Yeah.

00:11:37 SPK_1
Cool. Well, beer. So one thing we're working on kind of with super Summary, is to create this kind of, like, book club council. So right now we're building out all of these tools for book clubs that are like cocktail and snack recipe generators for each book. So, like, that are themed around the book. So you can just get like a recipe to make for book club. Or we have something called story recap, where if you've read to chapter eight and then you, like, put the book down for a couple of weeks and you don't remember where you were, you can like, click recap and it'll let you know what happened up to chapter eight, but without spoiling, like, anything in the future. Basically, we're creating kind of, like, all of these tools based on the research that we're doing, and we're looking for book club leaders to, like, test them and see what they think is cool and just give us input. And in exchange, we're giving them a super summary, like, paid subscription for free. And so the paid subscription gives you access to all of our book club discussion questions, all of, like, the resources that obviously cost money right now, but it would be free. So if you're interested, I would love to just add you to the list. And if we, like, launch a new feature, I can be like, hey, [name], like, try this out. And in the meantime, if you send me your email, like via Instagram or however it's easier, then I can get you the paid account and you can play around with it and see if it's useful for your club setup.

00:12:59 SPK_2
Yeah, that would be awesome. That would be great. So you could use this email, by the way, but I'll send it to you again. And so what you're asking from me is just as new features. Come on. That's what you'll email me and be like, hey, let me know what you think of this. And that's pretty much it. Or anything.

00:13:16 SPK_1
Yeah, there's no, there's no real like requirement. I think it's just like as long as you're down to just like give us input or you know, once we launch some of these things, like our hope is that they're actually useful for you and that you're like, oh, this made my life easier or this was not necessary. Or we're launching like things like hot takes where it'll let everyone vote on like a super spicy take from the book of like I think this versus this and like again, giving book clubs things to fight about in person and like, you know, that kind of thing. So trying to create these like activities so that it's not just questions but it gives like every club more kind of like fun game type things to play. So just things like that where we might say, like, hey, we launched hot takes, like maybe print those on your document and see if people like them. That kind of thing. But it's really fun.

00:14:05 SPK_2
Yeah, like, I'm excited.

00:14:08 SPK_1
Yeah.

00:14:08 SPK_2
Excited to see like what you guys have.

00:14:11 SPK_1
Cool. Okay, well I'll send you the link and all the like information and then I'll via email and then. Yeah, I don't have anything else for you right now, but just kind of in a discovery phase. And then as we launch things or if we have like questions, I might just be like, hey, what do you think about this? And if you have time to respond, that's great.

00:14:29 SPK_2
Perfect. Perfect. Awesome. I'm so glad you guys are doing this.

00:14:33 SPK_1
Yeah, thank you so much.

00:14:35 SPK_2
You guys probably will stand out. So that's great.

00:14:39 SPK_1
Yeah, I think that's like my biggest thing is like I just want us to build things that are actually useful that no one else is doing. Like, I don't want to build like a, like a prettier version of book http://clubs.com/, you know, like I don't like, I don't have any. So I think it's more just we have all these resources and these really smart literature like professionals reviewing all this content. So I think just repackaging it in a way that's fun and exciting for people can hopefully just like support book club members and hosts even more.

00:15:08 SPK_2
Yeah, that's amazing. Well, thank you so much, girl. It was so nice to meet you.

00:15:12 SPK_1
Yeah, you too. Thanks so much for responding and I will be in touch soon.

00:15:17 SPK_2
Okay, sounds great. Have a nice weekend, you.

00:15:19 SPK_1
Bye.

00:15:20 SPK_2
Bye.",[removed],
[name],u_710beae9366dcac6,,,"July 23, 2026",[name],,5. Interviewed,Yes,[removed],[removed],,,,,,,,,"July 27, 2026 2:11 PM",,"Interview Snapshot — [name] O'Brien
Project: BCMs outside SuperSummary · Segment fit: On target (active book club member, zero prior brand awareness)
Method caveat (read before acting on sign-up signals): The participant was recruited from the interviewer's personal network, and the interviewer described SuperSummary's features — including the recipe/cocktail generator and the story recap — before the participant reacted to them. Statements of interest that follow those disclosures (""I do wish that exist"") carry demand-effect risk and should be treated as directional, not as validated intent. The unprompted behavioral evidence in this transcript is strong; the stated purchase intent is not.
Quick Facts
• Relocated to Phoenix in January to live with her partner during his flight training; joined a book club to meet people in a new city.
• Belongs to three book clubs, all traced to one organizer she met at an apartment complex event:

    ◦ Club 1 (original): monthly, one book per month, organizer's coworkers, meets poolside, potluck plus themed snacks.
    ◦ Club 2 (summer): seasonal by design, light romance ([name], [name] Reid), explicitly social-first.
    ◦ Club 3 (themed): weekly cadence, three chapters per week, launched by a Club 2 member around erotic fiction.
• Attends as a member, not a leader, but performs moderator-adjacent prep: notes discussion topics and questions while reading, and sources themed food.
• Reads primarily by audio: Audible and Libro.fm; borrows via Libby; avoids purchasing books.
• Tracks reading by hand in a drawn bullet journal — author, page count, minutes, days and weeks, genre.
• Used SparkNotes once, to refresh a five-year-old read before her first meeting.
• Considers general-purpose AI (Gemini, ChatGPT) the tool for structuring her raw notes.
• Had never heard of SuperSummary before this interview; closed by saying she intends to follow it and offered to refer the organizer.
Quote""I definitely to wrap up would say it was mostly a social thing. But I do like the idea of actually talking about the book and having a resource to be able to do that.""
Supporting:""All I want is a Shadow Daddy mocktail with black food dye. How hard is this to find, right?""
Opportunities
1. Position the existing recipe and cocktail generator as an acquisition entry point, and make it book-specific.

She invested the most unassisted effort of any prep task into themed food, searching across unrelated sources and improvising when they failed: ""I looked through Buzzfeed Tasty. I looked through Pinterest. I looked through, like, all these different things."" Her searches degraded to adjacent categories — Halloware party ideas and nursing-themed parties — because the book itself returned nothing. Two implications separate here: the capability already exists but reaches no one in this segment, and her unmet need is generation from a specific title's motifs rather than a sweet-or-savory selector. Themed food is her highest-friction, lowest-stakes task, which makes it a plausible first contact with the brand.
2. Convert a member's own reading notes into structured discussion material.

She captures raw notes on her phone throughout a read, then reaches outside the reading ecosystem to organize them: ""if I was going to take my notes and throw them into Gemini or ChatGPT and say, hey, can you summarize these into less of just my raw thoughts and more of, like, can you group these thematically? Can you help me create kind of a document to bring that would help me?"" Existing book club questions are authored ahead of the reader; nothing accepts what the reader produced. She has already specified the input, the transformation, and the output artifact.
3. Attach prep material to the person who picked the book.

Her clubs operate on an unstated rule: ""if you pick the book, you are also signing up to moderate and lead the conversation."" The single meeting she reports as unsatisfying failed at exactly this handoff. A prep pack that arrives with the act of choosing a title — rather than waiting to be discovered by a searching user — targets the moment the obligation is created.
4. Fit guide consumption to a club's weekly reading schedule.

The themed club reads three chapters per week and meets weekly. Reviewing a guide, she immediately mapped its structure onto that cadence: ""This is actually pretty consistent with how we were breaking it out to read it weekly too."" Serialized clubs need guide content bounded to the current week's range, which is a configuration of existing chapter-level material rather than new content.
5. Support book-to-adaptation comparison as a discussion format.

She proposed the club's next activity herself: ""we should watch the movie after everybody reads the book, and then we can talk about the differences and what people thought."" The organizer independently refused to watch Project Hail Mary before reading it. Adaptations already drive selection and discussion in this group, and no current content addresses them.
6. Give reading statistics a home for readers who want the data but not the drawing.

She maintains her tracker by hand because drawing is the reward, and named the condition under which she would switch: ""if I didn't like drawing, but I also liked having the statistics, I would use an app because I find that fun."" Saved Guides organizes titles; it does not return stats. She is not the buyer for this, but she describes the buyer precisely.
7. Build referral mechanics around organizers.

One organizer generated three clubs and the membership of all three. She volunteered a referral to that organizer unprompted. Acquisition compounds through organizers rather than individual members in this structure.
Insights
1. Brand awareness fails in the exact segment with the highest prep intent.

[name] prepares more than her clubs require, wanted a discussion resource, and reached for SparkNotes — a competitor whose equity is academic. She had never encountered SuperSummary. The root cause is channel, not value: SuperSummary's discoverability lives in study-related search intent, while this segment's need surfaces during social planning, recipe hunting, and pre-meeting recall.
2. Book clubs function as social containers; the reading is the pretext.

She characterizes all three clubs as social first and states that attendance does not depend on having read the book: ""people come because they want to be social and they want to participate, but they don't necessarily care if they read the book or not."" Prep tools therefore serve a minority within each club — the organizer, the picker, and prep-inclined members like her. Product value must be legible to that minority, not to the average attendee.
3. Clubs propagate by fission from a single organizer, with membership overlap and divergent formats.

Three clubs originated from one person within months, differing in cadence (monthly, seasonal, weekly), genre, and formality. Two consequences: organizers are acquisition multipliers, and any club-facing feature must flex across full-book monthly, casual seasonal, and serialized weekly formats rather than assuming one.
4. Choosing the book creates an implicit obligation to lead it, and that handoff is the visible failure point.

The organizer ""got irritated because the person didn't like prep any materials or like discussion questions or have a way to kind of like bring the conversation back,"" and absorbed the work herself. Dissatisfaction in this group traces to unprepared moderation, not to poor content or scheduling.
5. Prep effort concentrates on hospitality, not comprehension.

She judged her own notes sufficient for discussion but spent extensive time on themed food, and her peers reacted to the food, not the analysis. The perceived difficulty of book club preparation sits in atmosphere and hosting. Comprehension support may be easier to sell as the second thing a user finds than as the first.
6. Recall gaps, not reading gaps, drive her to outside resources.

Her one prior use of a study guide followed a five-year interval since reading: ""I hadn't read the book in, like, five years."" Re-readers and long-interval readers, rather than non-readers, represent the trigger condition for guide use in this segment.
7. Ownership aversion shapes her spending on reading.

She borrows through Libby, and uses Libro.fm specifically to route around Amazon: ""I hate buying books."" A recurring subscription that replaces neither the book nor the purchase must justify itself against a reader who declines to pay for the books themselves.
8. Group chat carries logistics only; discussion is reserved for in-person.

Chatter before meetings is minimal and functional, and the group sits on WhatsApp because ""we have a mix of Apple and Android and that gets difficult over chat."" An in-product async discussion layer would compete against a deliberate norm. Shareable artifacts that paste into an existing group chat align with observed behavior.
9. General-purpose AI is already the incumbent for the prep job.

When she imagines assistance, she names Gemini and ChatGPT, not a book platform. SuperSummary's AI tools compete on convenience and book-specific grounding against tools she already has open.
Pain Points
• No source exists for book-specific themed food and drink. Multi-platform searching (Buzzfeed Tasty, Pinterest, Halloween and nursing-party ideas) ended in substitution rather than a match.
• Raw notes stay raw. She accumulates phone notes across a read with no path to a grouped, presentable document.
• Meetings degrade when the picker does not prepare. Conversation drifts off-book with no mechanism to return to it, and the organizer covers the gap.
• Recall decays over long intervals, forcing a search for external refreshers before a first meeting.
• Cross-platform messaging friction. The Android organizer had to create a new group thread for each added member before the group migrated to WhatsApp.
• Manual tracking labor. The statistics are the payoff; the transcription is overhead she accepts only because she enjoys drawing.
• Awareness gap on both sides of the value proposition. She was unaware SuperSummary existed, that it covers contemporary and erotic-fiction titles, and that a recipe generator was already built.
• Book selection is ad hoc. Titles emerge from casual conversation and are confirmed by a single chat message, with no shared shortlist or record of candidates.
Experience Map
1. Relocates and seeks connection — joins a club through a neighbor met at a complex event, on the strength of having already read that month's book.
2. Absorbs the selection — a title surfaces from casual conversation or a recommendation, then lands in the WhatsApp group as a proposal; the picker implicitly inherits moderation.
3. Acquires the book without buying it — borrows through Libby or listens via Audible or Libro.fm.
4. Reads by ear in transit — driving, walking, and traveling: ""my lifestyle is more conducive to listening.""
5. Captures notes on her phone while reading — candidate discussion topics, questions to ask, and themes that could shape the snack she brings.
6. Refreshes recall when the read is old — searches an external study resource before the meeting.
7. Sources themed food — searches across unrelated platforms, widens to adjacent themes, and improvises a substitute.
8. Logs the finished book by hand — author, pages, minutes, elapsed days and weeks, genre.
9. Attends in person — potluck and themed snacks; discussion alternates between the book and unrelated topics; quality tracks whether the picker prepared.
10. Extends the cycle — recommends the next title, proposes follow-on activity such as watching and comparing the adaptation, and carries membership into newly spawned clubs.",,Yes,"00:04:14 SPK_1
Hi.

00:04:15 SPK_2
Hello. It didn't make sense. It'll give you a little noise when you joined.

00:04:21 SPK_1
Oh, it's. Yeah. I don't know why. It also always joins with me default, like muted and no video. So it feels very creepy when I join.

00:04:28 SPK_2
I know. Then you, like, pop up and you don't get to look at yourself before. So then you're like, like, oh, that's what I look like.

00:04:36 SPK_1
Cool.

00:04:36 SPK_2
Yeah, I'm good.

00:04:37 SPK_1
I'm in Tahoe this week visiting Liz. I don't know if you remember [name] from Caio.

00:04:43 SPK_2
Yeah. So fun. That's so.

00:04:46 SPK_1
Yeah. And Lizzie Matusav is coming up this weekend as well, so.

00:04:49 SPK_2
Oh, cute little reunion. Does she live there?

00:04:54 SPK_1
How's it going? Liz does live in Tahoe now. Lizzie's in San Francisco and I'm in Phoenix.

00:05:00 SPK_2
Oh, I don't think I realized that you went to Phoenix? How long?

00:05:06 SPK_1
I moved in January to move in with my boyfriend while he does flight school.

00:05:09 SPK_2
Oh, flight school. That's fun.

00:05:12 SPK_1
I know. Very exciting. I'm hopeful for free flights and standby in my distant future.

00:05:18 SPK_2
Heck, yeah. Does someone. This is a dumb question, but when someone goes to flight school, do they do that before they find out, like, who they're going to be flying for or is it as part of their onboarding for the company they're flying for? They go to flight school.

00:05:34 SPK_1
It's before. So you can go to flight school and have. There's no guarantee you'll get to a commercial airline. Some programs guarantee, like United's program, they have a specific cadet program where they guarantee it, but there's also a lot of, like, rules and time and stuff. So he's not in a program that guarantees it, but he. I mean, honestly, that just gives him a little bit more flexibility. But, yeah, I mean, it'll probably be anywhere from four to six years before he's actually at a commercial airline.

00:06:01 SPK_2
Whoa, that's so interesting. I feel like I don't know any pilots. Like, I don't know how that process even works.

00:06:07 SPK_1
It's a lot of just like, practicing and building hours, as they call it, because they need to have, you know, X number of hours of flight time before they're even eligible to be flying passengers around, which totally makes sense.

00:06:20 SPK_2
I was gonna say that. I like that. I'm glad. Yeah, I literally just. How about you?

00:06:25 SPK_1
An hour ago, your new mom life, right?

00:06:29 SPK_2
Yeah. She's six months old. She's, my God, the best. I was at a New York work trip yesterday, so I left, like, before she woke up yesterday and then obviously I just got home like an hour ago. So I haven't seen her in over 24 hours and I'm like literally counting down, like I'm gonna go pick her up from daycare early I think because I'm just like counting down the hours to seeing her. But yeah, it's been so, so fun.

00:06:54 SPK_1
That's awesome.

00:06:55 SPK_2
Yeah.

00:06:56 SPK_1
And I imagine you're sleeping now, right?

00:06:59 SPK_2
Definitely more. Yeah, for sure. She's still doing one middle of the night feed, but mostly getting good sleep, which is nice. It was pretty tragic there for a while. And I'm a big, I'm a big sleeper. Like, I really like getting eight hours of sleep. So when I was consistently getting four hours of sleep, it was just a little rough. But that's hard. Thankfully Alex is a champion and we both like can tag team a lot, but now it's a lot smoother and she's just like way more alive and interested in just like part of the crew, which is really fun. Connor's actually coming over for dinner tonight.

00:07:36 SPK_1
No way.

00:07:37 SPK_2
Yeah. So he lives literally like a 10 minute walk from me.

00:07:43 SPK_1
Oh, wild. I didn't realize he moved to Chicago.

00:07:45 SPK_2
Yeah, he bought a place. So he's been here for a few years now and like actually lives here with his. I. I actually don't think his boyfriend's moved in yet, but he has like a pretty serious boyfriend and it's like. Yeah, he lives very close to me. So very fun. Wow.

00:08:00 SPK_1
Good for him. That's awesome.

00:08:03 SPK_2
Super fun. But thank you so much for like responding to my message. I was so excited that people responded because I have to do a number of these every week and I was like, if I could talk to my friends instead, that would be even better. But before I dive in, have you heard of Super Summary at all?

00:08:21 SPK_1
No.

00:08:22 SPK_2
Okay. I hadn't heard of them either until I started working here. So historically they are very much been like an academic resource. They do like very in depth study guides on a variety of books and they're like super well resourced, researched, like put together by literary professionals. They're like for a normal sized book, the study guide itself is like two hours long if you were to listen to it. They're very, very in depth and they were primarily being used by students and teachers. And then they kind of realized over the last year especially that on their platform, like a ton of people were using Super Summary that were book club members and they were using all of their various tools to like in just a bunch of different ways to like, get a refresher on the book, to get a summary of the book themes, characters, et cetera, et cetera. And so we're kind of doing this project where we're leaning into book club members and trying to figure out kind of just like more about their book club, how it works, if they're using any tools, how they choose their next book, like how they meet, etcetera, etcetera. And just kind of putting together all this data so that we can build more features and products that are related to like, what people would actually use and how book clubs are functioning right now. So if you want to just dive in and tell me more about your book club, any details about like, who you guys are, who's in it, how you meet, how it got started, how you choose your books, anything like that. And then I'll follow up with some more questions.

00:09:58 SPK_1
Okay, sounds good. The first one, because they all sort of are a spin off of this one. So I'm just going to start there. But since I was new to the city, I was looking for ways to meet people. And I met a girl in my complex through like a complex event and we just connected and hit it off. And she's like, hey, you know, if you like reading, I have a book club that I run with like some coworkers. And I think it was mostly just coworkers and she's a nurse. So I was like, oh yes, I love to read. I would love to do book club. So I joined because I happened to have read the book that they were going to discuss and I went and it was mostly social, but we met at our complex, like at the pool area. And she provided like a bunch of themed snacks and everybody brought a little dish and came together and like there was a little bit of discussion about the book, but it definitely very quickly deviates to like non book topics. And we were talking about it afterwards and she's like, sometimes it bothers me when nobody wants to like talk about the book because she gets very into wanting to actually discuss things and well, I'll get into that. But yeah. So then the next book club I missed and she got irritated because the person didn't like prep any materials or like discussion questions or have a way to kind of like bring the conversation back. And she also just didn't really like the book. But the book, the way the books were chosen, I don't know about the first one, but the one while I was away, it was just a girl at the book club. We somehow got on the conversation of recommending books. And she was like, oh, I would potentially love to have this be our next read. And the one organizing it was like, yeah, that's great. We'll do it for the next read. And then for. So that month has come and gone. And then we. I had suggested to the friend who runs the book club that she watched the movie project hail mary, because it was amazing. And she's like, oh, well, I want to read the book first. So then a few weeks later, she sent it in the book club chat. What do you guys think of making project hail Mary our next book read? So that's what we're doing. And then I was like, when I'm reading, I'm, like, taking notes, trying to remember things that I want to talk about for book club, Because I also actually really like discussing the book and hearing other people's thoughts. And I was like, we should watch the movie after everybody reads the book, and then we can talk about the differences and what people thought and, like, the people who have a perspective of I read the book first, and then the movie versus I watched the movie and then read the book. So, yeah, that's. That book club from that book club spawned a second one. Same organizer who was like, I don't want to mess with the book club with my co workers, But I do want to create one that's just for the summer where we read, like, kind of silly pool, you know, [name] and [name] Reid, and just, like, very easy romance, kind of fun things that are quick, and I only want to do it for the summer. So she offered folks from that group if they wanted to join, but she also just extended it to friends. So I joined that one. And that's been kind of an excuse to just go to the pool some random weekend in the summer with floaties and, like, make sugary cocktails, and then lightly discuss the book. But that one's definitely more of, like, a social thing. And then the third one that spawned from that was a girl who she invited was like, I love this idea of having a themed book club. I'm gonna start one that's centered around smutty books, and we're gonna read books about sex, and I'm gonna invite. So she started one with, like, some overlapping people from the pool book club, but then expanded it to her friends. And that one we met again at our complex by the pool, and we actually. We ended up going inside into a conference room because it was raining. But that actually worked better because I feel like if I'M going to talk about sex in a book. I'd want it to be kind of private.

00:14:00 SPK_2
Yeah.

00:14:02 SPK_1
But yeah, it was. You know, everybody brings snacks, sit around this conference table, have you know, any type of drinks or whatever and like talk about it. And this one similarly kind of went back and forth between book conversation and non book conversation. But definitely like I'm one of the people who as I'm reading and like taking notes on things in my phone to try to figure out like, well, could this be something we'd want to talk about? Or what are some questions I might want to ask. What are some like themes from the book that I could. That could influence the snacks that I bring? Because I really like being able to bring a themed snack like for water for elephants. The one who organized it, it's like this about the circus and so she brought animal crackers and like what else? Like Cracker Jacks and just like cute kind of circus themed food. And for the smutty one I brought like penis shaped crescent rolls. Like I just. And just funny things like that. So yeah, that's everything I can think of off the top of my head. But I definitely to wrap up would say it was mostly a social thing. But I do like the idea of actually talking about the book and having a resource to be able to do that.

00:15:13 SPK_2
Do you. A couple questions. When you say you are chatting with these people, do you just have like a group chat or are you using an app or like how you communicate with Everybody?

00:15:22 SPK_1
It's a WhatsApp group. Just because we have a mix of Apple and Android and that gets difficult over chat. And the one organizing it has an Android phone. So every time she wanted to add someone new, she had to start a new group chat. Yeah, so that got irritating. There's not a ton of chatter in the WhatsApp prior to the discussion itself. It's a lot more. The WhatsApp is used for like logistical planning and then once we get they're together then it's the discussion happens in.

00:15:49 SPK_2
Person and then did you. So is. Is it generally the same person? Like I know that there's like someone that's host that got the group together. Is she like moderating or hosting every event or do you guys take like, do you take turns with who's the host?

00:16:06 SPK_1
I am curious to find that out myself because I haven't been a part of enough of them to get that vibe. My impression of the original book club that she created and hosts is that she tends to moderate, but it sounded like Because I missed the second one that she was expecting the person who picked the book to moderate more and had to kind of pick up that slack when it didn't happen. So that my assumption is the expectation is if you pick the book, you are also signing up to moderate and lead the conversation. And so far, that's been the case. At the poolside one, she was the organizer. She picked the book she moderated. And then for the smutty one, same thing, she picked the book she moderated. What is interesting about the Smutty one is that normally the other two book clubs are like, meet once a month, read one book a month. The smutty one, she set it up as a weekly thing where you read a couple of chapters per week and then get together each week to discuss it. So that one she moderated a little bit, but it definitely felt more of like a democratic people bringing up topics and like having a lot to say. So I'll be curious to see how that goes moving forward if she continues to be the moderator or not.

00:17:26 SPK_2
That's fun. Do you do anything else now to prepare other than take the notes? Like, as you're reading, do you, like, look up things before the meeting or, like, refresh your memory in terms of, like, what you'd forgotten if you've read it before, like, anything like that?

00:17:42 SPK_1
I looked up the, like, Spark notes for Water for Elephants because it was the first book club I was joining and I wanted to be able to discuss it. But I hadn't read the book in, like, five years. Otherwise I had not thought to do that. Or it had because my notes felt sufficient. But I think if I was going to take my notes and throw them into Gemini or ChatGPT and say, hey, can you summarize these into less of just my raw thoughts and more of, like, can you group these thematically? Can you help me create kind of a document to bring that would help me?

00:18:20 SPK_2
Yeah, that makes sense. Are you. Does anyone, like, come to book club and clearly not have read the book? Yeah, I feel like that's very common in everyone that I talk to.

00:18:37 SPK_1
Yes, definitely. I think the Smutty one was the first time where every single person had read the book and in fact, multiple people had even read ahead because the format was that you're only supposed to read three chapters and people got sucked in and just kept going. But, yeah, the bigger ones, people come because they want to be social and they want to participate, but they don't necessarily care if they read the book or not. The rule is Just. Well then expect spoilers, right?

00:19:02 SPK_2
Yeah. I feel like you can't really expect people to save spare you from the book.

00:19:07 SPK_1
Right.

00:19:09 SPK_2
Cool. Are you. Do you yourself use any like book related apps or like reading apps of any kind?

00:19:17 SPK_1
I use Audible just because my lifestyle is more conducive to listening. If I'm driving or walking, it's nice to have that traveling. I also have Libby because I hate buying books. I like to. I like to library them. And then I have this other weird one called Libro fm which is basically just another version of Audible, but it's just not run by Amazon.

00:19:43 SPK_2
Nice. Do you use. Do you track like the books that you're reading in like Goodreads or any of the like Goodreads alternatives at all?

00:19:51 SPK_1
Not in an app, but I really like to draw. So I have my own bullet journal planner and I've manually made a book tracker because I do like to see the stats, but I also like to draw it all out because that's a fun activity for me. So I track the author, the number of pages, the number of minutes, how many days and weeks that adds up to or how in a year, and the different genres and stuff. So I think if I didn't like drawing, but I also liked having the statistics, I would use an app because I find that fun.

00:20:28 SPK_2
I want to see it. It sounds pretty.

00:20:30 SPK_1
Thanks. I don't have it with me.

00:20:32 SPK_2
No worries.

00:20:32 SPK_1
But I probably have a photo I could dig up somewhere of my old one.

00:20:36 SPK_2
Yeah, you should just DM it to me sometime because I'm just cool. I think that's pretty much all of the questions that I have. Do you think that your friend that started all the book clubs would be down to talk to me too if you send her account? Yeah, just see if she is. Because I'm so curious. I'm trying to get like a good perspective of book club members and like book club leaders and like what people need differently around. If I'm preparing for book club, to host book club. Like one of the things you kind of mentioned that super summary is building is a. We actually already have. It is like a recipe and cocktail generator.

00:21:14 SPK_1
No way.

00:21:14 SPK_2
So you like click and it gives you ideas for like sweet or savory, how many people. And then it just gives you the recipe and the story of the like recipe behind it for drinks or food. So like little things like that where it's like, is that just something a host would use or is it like, oh, I'm going to book club and I want to bring A themed snack. Let me see, what's a good, like, easy thing for me to bring? So just things like that that I'm excited to, like, roll out because I think that they're like, there's just exciting things that people are mentioning in these conversations of like, oh, I wish this existed. I'm like, ding, great. We can make that.

00:21:50 SPK_1
I do wish that exist. I spent so much time for Slutty Book Club trying to come up with themed recipes, and people were kind of shocked. They're like, how did you come up with this? And I was like, I had to look through. I looked through Buzzfeed Tasty. I looked through Pinterest. I looked through, like, all these different things because. Because there wasn't really any. And I had to kind of branch my search to, like, Halloween. And, like, even I started looking up, like, RN nursing parties because the main character's a nurse. And I was like, okay, maybe if I can't find anything for, like, Shadow Daddy, then I guess I'll bring cotton swab pretzels. So good.

00:22:27 SPK_2
Wait, what?

00:22:28 SPK_1
All I want is a Shadow Daddy mocktail with black food dye. How hard is this to find, right?

00:22:33 SPK_2
Somebody's gotta come up with this. What book did you read?

00:22:36 SPK_1
It's called Lights out by Nevesa. And it's kind of like a dark, you know, I will burn the world down for you mix of, like, stalking and sex.

00:22:47 SPK_2
It's on. It's on. Super summary. I was just checking.

00:22:50 SPK_1
Yeah, that's one of the I need to check out. Super summary. I'm really glad you introduced.

00:22:55 SPK_2
It's pretty fun. I'll link you just to the super summary, like, thing for this book that I just searched. But for Lights out, it's one of those things that's very, like, interesting because prior to this kind of, like, expansion and change of audience, super summary was very like [name] and Great Expectations, right? But now I think we release like, 50 study guides a month and they're just whatever is, like, trending. So it's all of the, like, popular book club titles. All of the popular, including, like, kind of some of the, like, more smutty kind of content. But it's funny because I think there's, like, still try. They still try to approach it from, like, an ac. Like a more academic lens, I guess, where you can kind of like, dig through and find themes and characters and things that are a little more like, what can we pull out of this that's sex related, but also other things that we can look at. Like, it's like the theme for this book. It's like the themes like interplay between fantasy, obsession and reality. Like, it kind of of like tells you the things that to talk about, I guess.

00:24:04 SPK_1
And it goes. It breaks out. It out by chapters, which is nice too, because that means I could stick to our. This is actually pretty consistent with how we were breaking it out to read it weekly too.

00:24:14 SPK_2
Yeah. And one of my favorite tools that is that there is a story recap. So, like, you can say I'm on chapter seven and I, like, forgot what happened up to this point. Like, I took a break and it'll give you the summary, but only up to chapter seven. So, like, you don't have spoilers, which is helpful for me because sometimes I'll just like, put a book down and then forget about it for a month and then try to go back and be like, where was I? Like what? Like what was happening? But then I can't search it because there's spoilers. So then. So just things like that, which is really fun and exciting. But yeah, check it out. I. This was super helpful and if there's anything else I think of to ask, I will absolutely reach out. Um, but I really appreciate you talking to me.

00:25:00 SPK_1
Yeah, for sure. I'll text my friend Carly and send her your link and tell her that you're working for super summary. And want to talk about book clubs.

00:25:10 SPK_2
Yes. Perfect. Thank you. Yeah, no pressure. She doesn't feel like chatting, but if she does, she's welcome to book a time and would love to get her perspective. And if you have any other thoughts, let me know.

00:25:21 SPK_1
Okay, cool. I'm going to keep an eye on this now. This is awesome. Thank you.

00:25:25 SPK_2
Of course, yeah. Have so much fun in Tahoe.

00:25:27 SPK_1
Thank you. Have fun reuniting with baby.

00:25:30 SPK_2
Thank you, I will. All right, I'll talk to you later. Bye.",[removed],
[name],u_976236249f13f959,,,"July 20, 2026",[name],,5. Interviewed,Yes,[removed],[removed],,,,,,,,,"July 27, 2026 2:06 PM",,"Interview Snapshot — BCMs Outside SuperSummary
Project: BCMs outside SuperSummary · Participant: [name] · Segment: Book Club Member (in target segment) · Date of analysis: July 27, 2026
Analysis note: [name] reads far more than most of her club (multiple books in parallel, three audio/ebook subscriptions). Her accounts of other members' behavior are secondhand and should be treated as hypotheses, not evidence. Several product ideas in the transcript originated with the interviewer; attribution is marked below where relevant.
Quick Facts
• Book club member in Chicago; club formed 3–4 years ago out of a friend group of partners of college friends.
• Club started at 6–7 members and grew through referrals as friends moved to the city; membership fluctuates month to month.
• Meeting cadence slipped from monthly to every 6–8 weeks as members married and had children (two children in the club, two babies due within three months).
• Meetings moved from members' homes to local coffee shops and a wine/coffee/book bar to reduce host burden and support small businesses.
• Meetings run ~2.5 hours; the book occupies roughly 30 minutes.
• At least five members read the book each cycle; attendance does not require finishing, and spoilers are an accepted condition of attending.
• Discussion format is informal: no prepared question sets, a standing out-of-five star rating with a short rationale from each member, and ad-hoc plot or theme questions.
• Two informal roles: one member keeps discussion on the book, another owns logistics (two-week reminder, book confirmation, date polls).
• All coordination happens in an iMessage group chat.
• Reading stack: Goodreads (primary, dislikes it), tried StoryGraph, never tried Fable; Spotify Premium audiobooks, Kindle Unlimited, Audible; heavy audiobook use. Uses Beli for restaurant social signals.
• No prior awareness of SuperSummary as a brand; suspects she may have used its book club questions without recognizing the source.
• Not a Book of the Month subscriber.
Quote""I remember liking it. I remember like having some like, whatever feelings about it, but I was like, I couldn't tell you, like, really in depth how I felt about it until we were actually talking about it.""
Opportunities
1. Shared club container that holds the current book, its summary, and meeting logistics. [name] designed this unprompted: ""if you can do, like, lack of a better term, like a project for your book club or like a group for your book club that all of us could join. And then if you could do, like, a book. So once we pick a book, like, you put it in there and then the summary is something you can just click on in the group. And then, like, if you could have reminders of, like, hey, it's at [name]'s on, like, September 10th or whatever."" She named the cost it removes: members currently must add dates to a personal calendar or ""scroll back through a group text that has multiple other texts in it.""
2. Selection support driven by the club's own reading history. [name] identified selection as the highest-value target twice, opening and closing the interview on it: ""where I think the most value would be, at least for my group, is, like, easy picking our next book."" She specified the mechanic: ""maybe we put in a genre that we're looking for and then like, based off what everyone's read previously, it gives recommendations.""
3. Time-to-read signals surfaced before commitment. Explicit request: ""even honestly give, like, oh, it's 270 pages, like, average reading time or something like that."" Grounded in a real exclusion event — a member eight months pregnant declined a title on length, and the club chose a shorter book next.
4. TBR overlap as a decision signal inside the club. [name] already reverse-engineers this in Goodreads: ""if I'm like, oh, yeah, I heard this book is really good. And I go into Goodreads and I'm like, oh, Paris, like, you have it bookmarked too... there's multiple people in the album group that have marked that they're interested."" She cited Beli's mutuals-want-to-try pattern as the model: ""it's like, oh, like three of my friends have also marked interest in reading this book."" The interviewer raised pulling in TBRs; [name] supplied the underlying behavior and the analogous product pattern.
5. Meeting-day delivery of existing content, triggered by the scheduled date. [name] proposed the trigger and the payload: ""day of. If it pops up and it's like, reminder you have book club tonight. Like, here's a summary of the book and then like, prompts like, do you want other, like, popular questions that other book clubs are discussing?"" She tied it to an outcome the business can measure: ""it might cause us to be more engaged if that was like an interactive thing."" Note that value sits in the timing and the social framing, not in new content — the guides already exist.
6. Club memory. The club retains no record of what it has read. Asked directly, [name] confirmed the only archive is the chat log: ""obviously, if I scrolled back far enough in, like, the group text. Yes. But that's it."" The club also generates structured data every cycle — a per-member five-star rating plus rationale — that currently evaporates.
7. Discussion prompts framed by peer clubs rather than by curriculum. [name]'s club dropped formal questions: ""I feel like on some of like when we started we did like questions and stuff to go through but we don't really do like anything formal anymore."" Her own phrasing for what she would accept is social, not academic: questions ""that other book clubs are discussing.""
8. Adoption path that does not require rebuilding a library. [name]'s stated barrier to any new reading app: ""it just already exists with all my information. So unfortunately, I'm just, like, not willing to spend the time to move all of my books over and stuff. But I liked Storygraph when I tried it."" Liking a product was not sufficient to move her. A club-level use case that coexists with Goodreads avoids competing on the axis where the incumbent is protected.
Insights
1. Selection, not comprehension, is the club's highest-friction activity. [name] opened the interview by nominating it before being asked about pain: ""how we choose our books is something that, like, from the sounds of it would be something like, great to explore because I think that's where we spend like the most time kind of going back and forth."" The club has a repeatable discussion ritual but no repeatable decision process, so effort concentrates upstream of reading.
2. The meeting is a social event with a literary anchor. Two and a half hours together yield roughly thirty minutes on the book, with the remainder spent ""just kind of catching up with you know, everyone's lives being busy."" The club's goal is connection; the book supplies structure and a shared reference. Tools that increase depth of analysis address a goal this club does not hold. Tools that increase the number of members able to participate address one it does.
3. Recall decay is caused by schedule lag, not by weak reading. [name] finished a book within a week of selection and discussed it six weeks later. The failure point is the interval, not the effort: ""we got there yesterday and I was like, okay. I remember liking it... I couldn't tell you, like, really in depth how I felt about it until we were actually talking about it."" Because the meeting date is known in advance, this need is predictable and can be met on a schedule rather than on demand.
4. Partial reading is a sanctioned norm, which legitimizes catch-up needs. ""People come whether they read the book or not or whether they've gotten, like, halfway through it. And they're just like, I'm open to spoilers. So it's kind of an agreement."" Non-finishers are not lapsed users to be recovered; they are a standing majority-adjacent group whose participation the club actively protects. Catch-up content carries no social cost here.
5. Book length functions as a feasibility filter tied to life stage. As members married and had children, cadence stretched and page count became a selection criterion. [name] relayed the mechanism directly: ""yesteryear I didn't think was long, but a lot of people in the group were like, yeah, I'm like eight months pregnant. I'm not. I don't have time to read a book like that."" Reading-time estimates are decision inputs, not enrichment.
6. The club runs on informal role specialization, which points to a distribution path. One member enforces the agenda (""hey, we haven't like, even talked about the book yet and we've been together an hour""); another owns logistics — two-week reminders, book confirmation for absentees, date polls. Any club-level tool competes for the logistics owner's workflow first and reaches the other members through her.
7. Incumbent retention rests on accumulated data, not satisfaction. [name] dislikes Goodreads, liked StoryGraph on trial, and stayed anyway because of migration cost. Preference and retention are decoupled in this category, which means differentiation on interface quality alone will not move this segment.
8. Summaries already sit inside the club's existing decision step. Describing selection: ""it's basically just like a. Have you heard of a good book? Let's read the summary of it. So see if like people are interested and decide from there."" SuperSummary content is consumed at the point of book choice, before anyone has committed to reading. This is a pre-purchase, pre-reading moment the platform is currently positioned away from.
9. Content reaches this segment without brand attribution. On first hearing the company name: ""I wonder if I have used it before for like book club questions and just didn't know what it was."" Guides may already be doing acquisition work that produces no recognition, no account, and no return visit — an attribution gap rather than a reach gap.
10. The group chat is simultaneously the club's coordination tool and its failed archive. Scheduling, book announcements, and reminders all live in iMessage alongside unrelated conversation. It works for broadcast and fails for retrieval, which is why [name]'s proposed container is organized around persistence rather than messaging.
11. Genre selection follows a predictable annual calendar. Summer draws romance and beach reads, fall draws thrillers and cozy titles, December draws Hallmark-style Christmas books, January draws nonfiction and self-improvement, with buzzy releases inserted opportunistically. Selection support that ignores season would miss the club's actual heuristic.
Pain Points
1. Unstructured book selection consumes the most group effort. Repeated back-and-forth in the chat with no method beyond open solicitation and a no-repeats rule.
2. Six-week gaps erase discussion-ready recall. [name] sometimes looks up reminders on her own, ""but not very often"" — the workaround exists and is abandoned for lack of convenience.
3. Logistics are buried in the group chat. Date polls, venue, and book announcements compete with unrelated messages; members must manually transfer dates into personal calendars.
4. The club has no history. Four years of reads, ratings, and rationales are recoverable only by scrolling the chat log.
5. Hosting burden. Home hosting required food preparation and fell on one member; the club solved this by relocating to coffee shops, leaving residual load on the logistics owner.
6. Life-stage time pressure narrows the eligible book pool and can exclude members from a cycle entirely when a title runs long.
7. Migration cost blocks trial of any new reading tool, even one the participant liked.
8. Preparation is uneven across the club. Several members do not read outside book club, producing a wide spread in readiness at each meeting.
9. No awareness of SuperSummary in this segment, despite probable prior contact with its content.
Experience Map
1. Cycle opens. At or shortly after a meeting, the club solicits candidates: ""has anyone like been recommended a good book lately or anything on your like TBR that you've been wanting to read?""
2. Candidates surface from word of mouth, personal TBRs, and current buzz, filtered by the seasonal genre convention and a rule against titles anyone has already read.
3. Screening. The group reads summaries of candidates to gauge interest; [name] separately checks Goodreads to see which members have already bookmarked a title, using that overlap as a proxy for group appetite.
4. Decision reaches informal consensus in the chat or in person. Length enters the conversation when members raise capacity constraints.
5. Announcement and scheduling. The logistics owner posts the selection for absentees, sends a date poll, confirms host and venue, and follows with a two-week reminder.
6. Acquisition and reading. [name] obtains the book through audio or ebook subscriptions and frequently finishes within days of selection, while reading other books in parallel.
7. Dormant interval of four to six weeks. Details fade. Occasional self-directed lookups occur but are not habitual. No prep ritual exists.
8. Meeting day. Members travel to the coffee shop or book bar. [name] arrives with no refresher and unclear recall of her own reactions.
9. Discussion, ~30 minutes. The group covers plot points, likes and dislikes, and ad-hoc thematic questions, then completes the standing round of out-of-five ratings with a short rationale from each member. Spoilers are permitted; partial readers participate.
10. Social catch-up occupies the remaining two hours and is the primary reason members attend.
11. Cycle closes without capture. The next book is often chosen before the group disperses; no record of the read, the ratings, or the discussion persists beyond the chat log, and step 1 begins again.",,Yes,"00:00:25 SPK_1
Hi.

00:00:26 SPK_2
Hello. How are you?

00:00:28 SPK_1
Good, how are you?

00:00:29 SPK_2
I love your glasses. Thank you.

00:00:31 SPK_1
I didn't want to put makeup on today, so it's a glasses day.

00:00:34 SPK_2
I literally never want to put makeup on ever.

00:00:37 SPK_1
So I. On days that I don't have to talk, like outside of my organization, I'm like, no. And I only had one call outside of it today and I was like, she'll be fine.

00:00:47 SPK_2
Glasses, those are. They feel like an accessory of their own that like kind of do the work for you, you know?

00:00:54 SPK_1
Yeah, agreed. How have you been so good?

00:00:57 SPK_2
Busy with baby and life. But like in a fun way. And it's just been different for sure. But like so much fun. Yeah.

00:01:08 SPK_1
I mean, hasn't slowed down your guys's traveling. It doesn't seem like so, you know,.

00:01:15 SPK_2
If it would. We were like, oh, it's like, like, how is this gonna change? Like, I guess we'll play it by like, you know, hear or feel. And yeah, it just really hasn't changed much, so. She's a trooper.

00:01:28 SPK_1
I mean, I feel like if you start them out young, they get used to flights and it just all becomes like second nature almost.

00:01:35 SPK_2
Right.

00:01:35 SPK_1
That's kind of how it's like socializing your kid, but you're just socializing them with flying and.

00:01:41 SPK_2
Right. They just. Yeah, they get used to it and like, it definitely makes us travel slower than usual. Like my, my used to be like jam packed itineraries are now like much more calm. Room to feed her, room to change her, room to like nap time, you know, like it's a little less bang bang, but overall, still. Still getting after it. Yeah. Nice.

00:02:05 SPK_1
Well, congrats. I saw the big news last week too.

00:02:07 SPK_2
Yeah.

00:02:08 SPK_1
Maybe two. Yeah.

00:02:10 SPK_2
Yeah. Thank you. It's been really exciting and fun and I'm still running bracketology underneath the company that acquired us full time. So this super summary thing is a little side project I'm working on just consulting, but it's been. Yeah, it's been really exciting and it's fun to have a team helping us and like working on it with us and then, yeah, doing this just kind of like in a passion project area of like books and reading, I like, kind of love. So it's been really fun. But yeah, thank you for saying yes. I thought of you when I was like thinking of friend before I posted on Instagram. I was like, who do I know that I know is in the book club? That would be a good resource for this.

00:02:54 SPK_1
We actually met yesterday, so I was like my friend. I'm like Talking to her tomorrow about it. So they're like, okay, well if she writes poorly about us, tell us. And I was like, I probably won't mention that.

00:03:04 SPK_2
So I will not. But in. Yeah, I mean, first off, have you heard of Super Summary at all? Okay, so Super Summary is the company that I'm working for. Basically. They historically have been primarily like an academic, more academic study guide company. So they create really like, well done, like literature experts level study guides for a ton of books. And we're primarily used by like students and teachers. And then over time they kind of realized that a massive portion of their demographic were actually book club members who were like looking for, whether it be like plot, summaries, character lists, theme like themes, book discover questions, like those kinds of things.

00:03:53 SPK_1
And then I wonder if I have used it before for like book club questions and just didn't know what it was.

00:03:58 SPK_2
Very possible. So it's like never been like this book club, like segment has never been like focused on for them ever. It's really just been a side kind of group. And so lately this project that I'm kind of working with them on is how do they build a product inside of Super Summary that's like specifically for book club members and like, what are the technical needs of book club members? How do book clubs run? How are those like, meetings happening? Both like when you're away from each other and also when you're together. And so yeah, if you just want to start by like telling me and I'm recording so like telling us about your book club and like how many people are in it, how often you meet, how you choose your books, like that kind of thing.

00:04:43 SPK_1
Yeah, I mean, off the top, I feel like how we choose our books is something that, like, from the sounds of it would be something like, great to explore because I think that's where we spend like the most time kind of going back and forth and just like. Or like, has anyone heard of a book they're interested in lately? But it started like four years ago now. Ish. Three or four years ago. And it's like very randomly. One of Cam's old co workers, who ironically is now one of my current co workers, we were at her boyfriend's birthday party and like the girls are all the significant others of college guy friends. And we were just like talking about books we'd been reading lately. And one of them was like, I've been like wanting to do a book club. Are you guys interested? So like I. My book club that I'm in prior to Book club. I had met one of the girls more than once, and then the rest of it was just, like, significant others of, like, the guy friends, really. And now it's funny because, like, I mean, it's been three or four years, and I see them all multiple times outside of book club. They're like, some of my best friends, like, have been at all of their weddings since. So it's been great. But it really started as like, maybe like six or seven of us. And then it expands a little bit just like, as people have had friends move to Chicago or just like, express interest, they're like, oh, great. Like, I have a book club. You're welcome to join. So the numbers have shifted a good amount because we started with the six or seven since we started. I think two of the girls were married. Now everyone but three of us are married. And then we now have two kids and two babies due within the next, like, three months.

00:06:37 SPK_2
Oh, wow.

00:06:37 SPK_1
In the book club. So it's shifted a lot. And people definitely, like, pop in and out a lot more. It's not as, I guess, like, every month we're meeting, so it's probably more like every month and a half to two now. And we used to do it someone's house every week or every month. And now we've actually shifted to doing at, like, local coffee shops because we're like, it'd be fun if we could, like, support small business. And it's also just less of a burden on whoever is kind of like hosting that month if it's not at their house and they have to, like, make food and stuff. So we've been doing, like, either we've been doing mostly Sundays at a coffee shop, but we're like, maybe after work. I think we're gonna do. Is it passengers? It's on Chicago over here, but it's like a wine and coffee shop, book bar. So we've been kind of doing that just to kind of, like I said, take the burden off. People come whether they read the book or not or whether they've gotten, like, halfway through it. And they're just like, I'm open to spoilers. So it's kind of an agreement. Like, if you're coming, you realize there's going to be spoilers for the book, whether you're going to read it eventually or going to finish it or not. But I'd say probably, like, at least five of us every month have read the book and talk about it. Our discussions are not honestly really in depth. Like, we're not going through like specific questions. It's more stuff like we'll just bring up plot points or like things that we thought were really good about the book. What we didn't like. We always do like an out of five star rating and everyone goes around and says that and just does like a little like blurb on why they feel that way. I feel like on some of like when we started we did like questions and stuff to go through but we don't really do like anything formal anymore. It's just like. Like we just read yesteryear for our most recent book. So it was like do you think she was like obviously just kind of around her mental like wellness illness, whichever you want to look at it as. And like do you think she was more of like a product of how she was raised? Did she know any better? Does that like make it any better and kind of like asking those questions and then having dialogue around it. But it's more just like from our thoughts, not organized honestly. Usually we are together for like two and a half hours and talk about the book for like half an hour of it maybe. And then the rest of it's just kind of catching up with you know, everyone's lives being busy and then to pick the new book we literally are just like has anyone like been recommended a good book lately or anything on your like TBR that you've been wanting to read? We try not to do any books that anyone's read before. So. So we'll normally do like just anything that you've heard is good. And then we do some like patterns of Seasons. So we'll do like if there's just a really popular book. So like yesteryear where like everyone's been talking about it, let's read it. But then during the summer we normally do like more romance like beach read type of vibe. During the win or the fall we normally do like a thriller. Not necessarily like Halloween but just like more like cozy. Well cozy. We always do like a Christmas and they're normally like the cheesiest possible Christmas ones like Hallmark book vibes the better. And then January we'll do like a either like self reflection or just like more like non fiction like growth betterment and otherwise. It's basically just like a. Have you heard of a good book? Let's read the summary of it. So see if like people are interested and decide from there. Cool.

00:10:32 SPK_2
Yeah, that makes sense. Are you when you are doing it at the coffee shop or even when you were hosting, like someone was hosting, are they like serving as a Host in any way, like, moderating at all or is it just everybody's kind of like group moderating?

00:10:47 SPK_1
Yeah, everyone's just kind of group moderating. I feel like my friend Stacy is good at keeping us on track. So honestly, regardless of who's hosting, she's normally the one that's like, hey, we haven't like, even talked about the book yet and we've been together an hour. Do we want to talk about the book? And then my friend Paris, like, is just really good at organizing everything. So she'll send like a two week reminder of book club. That way, if people are like, oh, I haven't even picked up the book yet. They have time. She'll like confirm in our group chat, like, hey, for everyone that couldn't make it today, we picked this book for next book club Stacy's hosting. She's gonna send a poll for dates that work and then we just pick what works for the majority of people.

00:11:34 SPK_2
Do you just do that in like, imessage?

00:11:36 SPK_1
Yeah.

00:11:38 SPK_2
Do you do any prep for book club, like, for yourself, like after you've read the book, or is it relatively like soon between when you read and go to book club that you're like, oh, yeah, I remember this book.

00:11:50 SPK_1
I don't. And honestly, I. Because I read like, so a lot of girls in my book club, I don't think read outside of book club. I'm reading a lot. So there's definitely been times, yesteryear in specific, that I read it like two days after we picked it and finished it within like a week.

00:12:11 SPK_2
I read it so fast.

00:12:12 SPK_1
And then we didn't have book club for another, like, month and a half. So we got there yesterday and I was like, okay. I remember liking it. I remember like having some like, whatever feelings about it, but I was like, I couldn't tell you, like, really in depth how I felt about it until we were actually talking about it. And they're. And what do you think about, like, when this happened? I'm like, oh, yeah, that did happen. I've. I think that's probably more me specific just because I like, am reading multiple books in between and sometimes I'll like go and then like, look up like reminders, but not very often.

00:12:53 SPK_2
Yeah, I, I mean, I think that's like, that's how I am too. It's like I'm reading multiple books at once. So then I'm like, oh, shoot. I kind of forgot, like, what every. What happened. So I think what we're trying to build is kind of a, A Tool that works for both people like you who are reading a lot and need to, like, remember, and then also people who, like, sort of read the book or, like, finished half of it and just want to be able to participate in the conversation. So, like, what are the fun things that we can build for them? For book club, that doesn't feel as, like, academic necessarily. And I think there's just, like, different tools that do different things.

00:13:29 SPK_1
Is it an app right now?

00:13:30 SPK_2
Yeah. Okay.

00:13:31 SPK_1
Yeah. So, I mean, I feel like it could be something as, like, easy as, like, if you can do, like, lack of a better term, like a project for your book club or like a group for your book club that all of us could join. And then if you could do, like, a book. So once we pick a book, like, you put it in there and then the summary is something you can just click on in the group. And then, like, if you could have reminders of, like, hey, it's at [name]'s on, like, September 10th or whatever.

00:14:02 SPK_2
Yeah.

00:14:03 SPK_1
And like, reminders all in there. It would save people, obviously, having to one remember to put it in their own calendar or, like, scroll back through a group text that has multiple other texts in it and stuff.

00:14:14 SPK_2
Yeah.

00:14:15 SPK_1
And it might be cool too, if there's like a. Like, this would be for people more like us or that are reading, like, half the book or like, only read it, but, like, want more in depth is like, day of. If it pops up and it's like, reminder you have book club tonight. Like, here's a summary of the book and then like, prompts like, do you want other, like, popular questions that other book clubs are discussing? Or something like that. Like, it might cause us to be more engaged if that was like an interactive thing.

00:14:48 SPK_2
Yeah, that's something that we're toying with. Is like a one click. Like book clubs tonight. Like, click this button and it's like, quick recap. Here are the main characters. Here are the, like, hot takes that people have, like, things like that that could spark convers. And a lot of these tools, like, already exist, but again, they've never been really positioned for book club before. And so I think there's definitely a space for that. Are you what reading, like, apps slash tools do you use in general?

00:15:17 SPK_1
I mostly just do goodreads. We've tried. What's the other one? Storybook. Is that one Story Graph?

00:15:27 SPK_2
Story.

00:15:28 SPK_1
Story graph. Yeah. I know one girl in my group does use storygraph. And I've tried it before and I just, like, I liked it, but all of my stuff's already in Goodreads. Like, I don't really like Goodreads, but it just.

00:15:40 SPK_2
I know that's like every single person.

00:15:42 SPK_1
Like, yeah, I mean, it just already exists with all my information. So unfortunately, I'm just, like, not willing to spend the time to move all of my books over and stuff. But I liked Storygraph when I tried it. But honestly, like, as of right now, we're mostly doing, like, the summaries and stuff. We'll just go in and then that's a lot of times how we're deciding. So if I'm like, oh, yeah, I heard this book is really good. And I go into Goodreads and I'm like, oh, Paris, like, you have it bookmarked too. That makes it, like, easier to be like, oh. Or like, if someone wasn't at book club, I'm like, oh, Allie also wants to read it. So, like, this would be a good one because there's multiple people in the album group that have marked that they're interested.

00:16:29 SPK_2
Yeah, that'd be really cool if we could pull in, like, people's tbrs. And then if you're already in a club, it's like, ding, ding. This book is on six of your seven people's. Yeah, that'd be really cool. I have.

00:16:41 SPK_1
I feel like there's no way we haven't. But are you on Belly? Like B E, L, I.

00:16:46 SPK_2
You've. I know you've told me about it.

00:16:48 SPK_1
I was like, there's no way I haven't, like, talked to you about it. But something they do if you go to. Which, like, I would assume is pretty easy once you have the data is if you go to a restaurant's page, any of your mutuals, it'll be like, they also have marked it as want to try. So it's like, I feel like as simple as that. It's like, oh, like three of my friends have also marked interest in reading this book.

00:17:11 SPK_2
Yeah.

00:17:11 SPK_1
And specific to the book club.

00:17:14 SPK_2
No, I like that too. And I think that's like, the thing that I've been really, like, trying to find the answer to is I don't want to just make another app that's like the same as Goodreads, basically, like a competitor of Goodreads. Like, I feel like there's a couple of them, like, Storywear Fable is another one that people use.

00:17:31 SPK_1
Yeah. I never tried it. Like, I remember it during COVID I feel like podcasters would talk about it and I never.

00:17:37 SPK_2
They had a lot of, like, venture capital at the start, so they were, like, really big and. But it's like, I want to figure out, like, what we can build that's new and. And useful enough that's not just, like, trying to be a prettier version of something, something that already exists. Because obviously everyone hates Goodreads and, like, no one's like, oh, my God, it's the best app ever, and yet no one stops using it. So, like, I. You would just have to create, like, the most incredible Goodreads ever to get someone to switch. And so I just want to make sure that what we're adding, like, doing is a value add versus a, like, switch to this and do the same thing you're already doing. Do you guys do any type of, like, there's probably nowhere that you're tracking, like, what your club has read or, like, any, like, historical data on the club? Really? No.

00:18:26 SPK_1
Yeah. I mean, obviously, if I scrolled back far enough in, like, the group text. Yes. But that's it.

00:18:32 SPK_2
Yeah. Cool. Well, I know we're at time. Is there anything else that you think is. Would be useful for me? Any other challenges, things that you think people would like or use for from a book club perspective?

00:18:48 SPK_1
I mean, I think in the same thing, like, where I think the most value would be, at least for my group, is, like, easy picking our next book. So, like, honestly, depending on how in depth you guys were wanting to get, like, if it was like, okay, based off your past reads, like, maybe we put in a genre that we're looking for and then like, based off what everyone's read previously, it gives recommendations and obviously, like, a lot of that is algorithmic on, like, what's popular now, all of that. Um, but if it could track that and then even honestly give, like, oh, it's 270 pages, like, average reading time or something like that. So, like. Cause I think like, yesterdayear I didn't think was long, but a lot of people in the group were like, yeah, I'm like eight months pregnant. I'm not. I don't have time to read a book like that. And our next one's like 215 pages or something. So it's like, even that I feel like could be useful, like.

00:19:49 SPK_2
Yeah.

00:19:49 SPK_1
Before getting into it for suggestions on, like, okay, great. Like, you guys really liked this one as the last romance you read. Here's similar authors or similar books. Here's how, like, long, on average it takes people to read it for something like that.

00:20:08 SPK_2
Yeah, no, I think that's a great idea. Are you. Do you do Book of The month club. Oh, I feel like you would love it.

00:20:15 SPK_1
I. I like picturing your shelf with all of them.

00:20:18 SPK_2
It's just so fun to just get a hardcover book in every.

00:20:21 SPK_1
Like, I literally do. I do a lot of audiobooks, but I have like the Spotify Premium with the upgrade for books. I have Kindle Unlimited. I have Audible. I'm like, I can't same.

00:20:35 SPK_2
I do all the. I do all the things. It's the only physical book I get every single month. But it's what I use to get, like, the sexy. Like, I got yesteryear as my, like, book of the month, like, when it came out, because it was like the sexy book of the times.

00:20:48 SPK_1
Yeah.

00:20:50 SPK_2
Cool.

00:20:50 SPK_1
Okay, well, I should start doing it.

00:20:52 SPK_2
Super helpful. I'll send you a link just to, like, so you can see, like, I'll just send you the yesteryear, like, landing page so you can kind of see what it is. But I'll keep you posted and I appreciate your feedback.

00:21:06 SPK_1
Okay, sounds good. If there's anything else you think of or just like, want my feedback or opinion on, like, for my specific group, I'm happy to give it.

00:21:14 SPK_2
Okay, sweet. Yeah, once we launch, I think we are going to launch, like, voting, like, book voting kind of thing. So once we do, I might send you the link just to, like, product test it with your crew. If you think that you would use it just for like, once to see what it's like and then let me know. Okay.

00:21:32 SPK_1
Yeah, happy to.

00:21:33 SPK_2
Sweet. Well, it's good to chat with you.

00:21:35 SPK_1
Yeah, you too.

00:21:37 SPK_2
Thank you. [name]",[removed],
[name],u_7e4051b9ce0815c4,,,"July 27, 2026",[name],,5. Interviewed,Yes,[removed],[removed],,,,,,,,,"July 27, 2026 4:51 PM",,"Segment Flag

[name] is a book club founder/host, not a general book club member. The project targets BCMs; this participant sits one level up — she selects books, builds reading schedules, writes discussion questions, and monetizes meetings. Her pain points are host-side production burdens, not member-side reading burdens. Treat these findings as leader-segment data and weight accordingly. Her account-creation story is still directly on-scope for the acquisition question.

Interview Snapshot — [name]

Project: BCMs outside SuperSummary · Scope: Pain points and signup motivation among BCMs unfamiliar with SuperSummary · Target: Book club members (participant is a host)

Quick Facts
Location: Metro Detroit, USA
Role: Founder and host of her own book club; works full-time and raises children
Club age: ~1 year, 9 meetings held
Audience tiers: ~2,000 Instagram followers → ~450 registered on http://bookclubs.com/ → ~20 in-person + ~15 virtual attendees per month
Cadence: One in-person meeting (Friday) and one virtual meeting (the following Sunday) each month; 4–6 week reading window between cycles
Meeting length: 1.5–2 hours of discussion, preceded by 15–20 minutes of food and socializing
Tool stack: Instagram (daily hub), http://bookclubs.com/ app (scheduling, RSVPs, virtual hosting), Eventbrite (ticket sales), Buy Me a Coffee (voluntary donations)
Book selection: Chooses alone, deliberately picking titles she has not read; occasionally polls genre via Instagram Stories
SuperSummary relationship: Created an account once via Google search, extracted book club questions for one title, never returned
Quote

""I just kind of think of them on my own. And the reason is so funny, the reason I use super summaries, because that's the book I did not like, so I didn't finish it. So I could not come up with questions on my own. So that's kind of what led me down that path.""

Opportunities
Reading schedule generation. She manually breaks every book into weekly chapter blocks so members finish by meeting day, repeating this labor for each 4–6 week cycle. No existing SuperSummary surface converts a book into a paced group schedule tied to a target date.
Spoiler-aware mid-read discussion, hosted for her. Members repeatedly request a GroupMe or WhatsApp thread to discuss during the reading window. She refuses because of maintenance cost, not member disinterest. A discussion space scoped to the current chapter block would satisfy demand without adding host moderation load — the explicit condition of her refusal.
Instagram-ready output formats. Every announcement, reading schedule, and donation prompt she publishes goes through Instagram Stories and posts. Tools that require members to visit a separate destination fall outside her operating channel; exportable, post-shaped assets fit it.
Host-side distribution and attribution. She posts external links after every meeting and already drives ~450 registrations and 2,000 followers, yet SuperSummary offers her no mechanism to share, credit, or benefit from referring guides to that audience. She is a proven, willing link-poster with no path to become a channel.
Decision support at selection. She picks books she has not read, which means a disliked pick later breaks her question-writing process. Book Briefs address this need directly but were never surfaced to her during account creation — an activation and merchandising gap rather than a build gap.
Voluntary contribution support (low strategic fit — logged, not recommended). She rejected her app's dues feature and built a Buy Me a Coffee workaround because she wants optional giving, not mandatory fees. Noted for completeness; adjacent to SuperSummary's core value.
Insights
Acquisition is failure-triggered, not exploration-driven. She writes her own discussion questions by default and only searched externally when her own process broke down on an unfinished, disliked book. SuperSummary entered her workflow as a recovery tool for a specific failure state, which explains both the signup and the immediate abandonment: once the failure resolved, the need disappeared. This mirrors the reactive adoption pattern observed in plan-selection research.
Account creation without activation produces zero retention. She created an account, extracted one artifact, and never returned. Nothing in the experience connected her single task to the rest of the platform, so the account generated no ongoing relationship despite a positive outcome.
Instagram is the club's operating system; the purpose-built app is a utility. She opens http://bookclubs.com/ only when a meeting requires it, while Instagram carries day-to-day DMs, polls, question boxes, and announcements. Consequently, any tool that asks her audience to gather somewhere new competes with a channel she has already invested a year building.
Host labor is the binding constraint on feature adoption. She declined a feature her own members requested: ""I have not done that because it's just another app and stuff to maintain and this is not making me any money and I work and raise kids and whatnot."" Member demand does not translate into host adoption unless the feature reduces, rather than adds, ongoing maintenance.
The host publicly normalizes not finishing the book. Her first question at every meeting is who did not finish, followed by discussion of why. Because non-completion is treated as a legitimate conversation topic rather than a failure, support materials carry no stigma inside this club — a cultural condition that favors guides and summaries, and that contrasts with the academic framing SuperSummary historically carried.
Discussion is the product; activities are garnish. Only 2–3 of 9 meetings included a craft activity, while every meeting sustained 90–120 minutes of debate. Investment in discussion depth serves her core need; activity generation serves an occasional one.
The host functions as project manager, not just facilitator. She sequences an embargo, an announcement, a one-week acquisition window, a chapter-by-chapter schedule, and a prep cycle. Her workload is operational and calendar-driven, which is where automation would create the most relief.
She refuses to collect data she will not use. Her app offers book ratings; she neither completes them nor requires members to. Absent a payoff — informing future selections, remembering club history — collection feels like overhead. Sentiment capture must close a loop to earn her participation.
Engagement extends well beyond attendees. Followers who never attend meetings still read the book and send her their reactions by DM. The club's readership is roughly two orders of magnitude larger than its meeting attendance, which means value delivered to non-attendees is not wasted reach.
Pain Points
Cannot produce discussion questions for books she did not finish or did not enjoy, which is precisely when her prep burden peaks.
Rebuilds a weekly chapter-pacing schedule manually for every book.
Carries an unfulfilled member request for mid-read discussion because fulfilling it would mean maintaining another app.
Operates a fragmented stack of four tools — http://bookclubs.com/, Instagram, Eventbrite, Buy Me a Coffee — none of which talk to each other.
Performs unpaid labor at scale, with no monetization path matching her preference for voluntary giving over dues.
Selects books alone and without prior reading, absorbing full risk when a pick disappoints.
Retains no record of what the club thought about past books, so selection decisions cannot learn from club history.
Manages the next-book embargo by hand, asking Friday and Sunday attendees to stay quiet until she posts on Instagram.
Experience Map
Selects the next book alone, deliberately choosing a title she has not read, occasionally guided by an Instagram genre poll.
Reveals the pick at the Friday in-person meeting and asks attendees not to share it, because Instagram followers who never attend are also waiting for the announcement.
Repeats the reveal at the Sunday virtual meeting, completing the embargo period.
Posts the announcement to Instagram after Sunday, opening participation to the full 2,000-follower audience.
Grants a one-week acquisition window so members can obtain the book before reading begins.
Builds and posts a weekly reading schedule, breaking the book into chapter blocks sized to finish by the next meeting.
Members read across 4–6 weeks in isolation. Requests for a mid-read group chat go unmet, so reaction sharing collapses into her Instagram DMs and Stories, concentrating all interaction on her.
Prepares discussion questions from her own reading. When she has not finished or disliked the book, this step fails and she searches Google — the path that first brought her to SuperSummary.
Hosts the Friday in-person meeting: 15–20 minutes of food and arrival, then the opening question about who did not finish, then 90–120 minutes of discussion, with a craft activity in roughly a quarter of meetings.
Hosts the Sunday virtual meeting inside the http://bookclubs.com/ app rather than Zoom, following the same agenda.
Posts the Buy Me a Coffee link after the meeting, inviting optional donations; captures no ratings or sentiment, so the cycle ends without recorded club memory.
Restarts the cycle with the next solo selection, carrying forward no accumulated data about what the club valued.",,Yes,"00:00:32 Interviewer
Hello. How are you?

00:00:35 SPK_2
Good, how are you doing?

00:00:37 Interviewer
Great, thank you. Thanks for hopping on.

00:00:41 SPK_2
Sure. I just. Sorry I'm late. I had to come get in the car from work.

00:00:45 Interviewer
Oh, you're totally fine. I can keep this pretty quick and casual. Okay, so just a quick background. So basically I am helping super summary. Have you heard of Super Summary before? I reached out to.

00:00:59 SPK_2
Yes.

00:01:00 Interviewer
Okay, cool. Have you used any of the tools before?

00:01:03 SPK_2
I created an account once, but I never really used anything. But I did create an account to scroll through and see was it in.

00:01:12 Interviewer
The context of book club or for some other reason?

00:01:15 SPK_2
Nope, it was for book club. I was trying to come up with book club questions and I did a Google search and it led me to your page.

00:01:24 Interviewer
Yep. Okay, cool. Yeah, so that's kind of like super summary historically has been pretty academic focused. Like they created study guides a lot of students and teachers were using for like classrooms and essays and that type of thing. And then over the last several years, they've kind of realized that we have this really great niche with book clubs because so many people are looking for like, you discussion questions and tools to facilitate their book clubs, et cetera. And so we are really trying to lean into the book club member and figure out what are the things that we could build and tools that we could create that don't exist out there right now to make life easier basically for someone that's hosting a book club and that's in a book club. And so as part of this process, I'm trying to do as many book club interviews as possible to figure out, you know, like more about your club, how it runs, how many people are in it, and then just learn a little bit about more about if you could build your dream book club tool, what kind of features it would have. Okay, so if you want to just start yapping at me with whatever you think based on that about kind of like how your club runs and then I can ask follow up questions from there.

00:02:41 SPK_2
Okay, sure. So my book club has been up and running for about a year now. I'm based in metro Detroit and as far as members, so I have multiple answers for that. So my Instagram page, I have about 2,000 followers. We currently use the book http://clubs.com/ app. I have about, I say about 450 people registered in the book club on the app, but actual participants, so I heard. I host one virtual and one in person meeting every month. In person. I get about 20 people or so in person monthly and virtually I get about 15 people per month. And yeah, so I pretty much use the current book clubs app I use to schedule the meetings, track the RSVPs for the virtual one. I actually host the meeting through the app. So we don't use Zoom or anything. We use the app itself for hosting and for my in person meetings. I use it to put all the in person meeting details and to include the link to my eventbrite to actually purchase a ticket. I sell tickets to come to the meetings and that's pretty much it. I just really use the app for more organizational purposes.

00:04:15 Interviewer
Yeah, that makes sense. That's what I think we hear a lot. It's just, it's more about structure and less about engagement. Are you using like, is anyone communicating on the app app other than you maybe to post a meeting date or anything like that?

00:04:29 SPK_2
No, it is really just me sending messages out to the members. They can reply back, they can send me messages. But I think because I use Instagram as well, they tend to just go to Instagram to reach out to me. So it's really. The app is just me blasting out information to them. Cool.

00:04:49 Interviewer
How do you guys choose your next book?

00:04:52 SPK_2
I just choose. I have not, I have not opened it up yet. So I just choose the next book. But they will. Sometimes I'll put in my Instagram stories, maybe like a poll like what genre do they want to read next? And choose like that. But so far I select Got it.

00:05:11 Interviewer
Can you tell me more about just kind of how you use Instagram? And I found your account obviously via Instagram. So just like, can you talk to me about how that fits into the book club and like why and how you started it? Are people interacting with that obviously that aren't coming to book club?

00:05:28 SPK_2
Yes. So most of my following is on Instagram. I started it there. I mean, I started the book club just because I always wanted to be in a book club and could never really find one to join. So I was like, let's try to start my own. And Instagram was my first step for that. And it took off much faster, you know, than I anticipated. I thought maybe 10 people will be interested and it's grown to be quite larger than that. Most of my interaction with the members is on Instagram in my DMs or I post engagement in my stories of polls and question boxes and, and things like that. I have a lot of participants who don't or I just have a lot of followers who I engage with that don't come to meetings at all. But they'll just read and send me what they Think on Instagram and we just communicate that way. But Instagram is probably is my day to day. I don't even open my book clubs app unless we have a meeting or something going on. But Instagram is my, my day to day contact.

00:06:38 Interviewer
Cool. And can you walk me through like what a typical meeting looks like, whether or if it's different for virtual versus in person, like what the schedule or.

00:06:47 SPK_2
That agenda looks like in person always involves some sort of food and beverage. So for maybe the first 15, 20 minutes, everybody's just coming in, eating. And then when we actually start the meeting itself, I'm usually hosting. So I have a list of questions and some books we just go through chronologically. Like this is what happens from start to finish and discuss along the way. For media books where I feel like there'll just be too much to talk about if we just do that, I'll have specific questions. And so we meet both in person and virtually. Our talking time is about two hours, an hour and a half to two hours of some pretty strong conversation and debating back and forth. Always at the end of my meetings, both in person and virtually, I reveal to them what the next book is going to be. And then I give them about a week. So my, my meetings are my in person meetings are always on a Friday and my virtual meetings are always on the following Sunday. So I do both meetings in the same weekend and I announce what book is going to be to both parties. I asked them not to share it because the followers I have on Instagram who don't participate in meetings also are looking forward to what the next book will be. So after my virtual meeting is over Sunday, I post on Instagram what the next book is. Then I give everybody about a week to get the book and I do a reading schedule. So I break the book down into what chapters you need to read each week in order to be done by the time we meet again. And so the following Sunday after our Sunday virtual meeting is like when we start the book. So I'll post a reading schedule and say, day one, you know, let's get started reading. And then depending on how long the book is we read for this we get, I give everybody four to six weeks or so to read it and then we do it all over again.

00:09:03 Interviewer
I love it. Are you ever doing like activities at the meeting or is it primarily just questions and answers in person?

00:09:11 SPK_2
I have done some, like, one meeting, we decorated like journals. One meeting, we made our own bookmarks. I would say out of the. I've had nine Meetings so far, I would say maybe only like two or three did we do activities. The rest of the time was just discussion.

00:09:29 Interviewer
And you said you found super summary. Looking up discussion questions. But how do you normally come up here, come up with your discussion questions?

00:09:37 SPK_2
I just kind of think of them on my own. And the reason is so funny, the reason I use super summaries, because that's the book I did not like, so I didn't finish it. So I could not come up with questions on my own. So that's kind of what led me down that path.

00:09:49 Interviewer
That makes sense. Are there people that come to your book club meetings that don't finish the book?

00:09:54 SPK_2
100%. Yeah, I think there are some. There are a few people. Couple people who come especially in person, I think, just for the socialization of it. And my guess is they probably never read the book or at least never finish it. But, yeah, I definitely have people who don't always finish.

00:10:14 Interviewer
Are they, like, pretty upfront about not finishing it or they.

00:10:17 SPK_2
Yep, that's my first question.

00:10:19 Interviewer
Okay.

00:10:19 SPK_2
My first question of every meeting is, who didn't finish the book? And I haven't finished, so. And we just joke about it. We don't take it too seriously. But yes, I do ask who finished and why didn't you? Was it a time thing? Did you not like it? That kind of. We. We engaged that way.

00:10:34 Interviewer
Yeah. I feel like that's a good conversation topic because sometimes.

00:10:37 SPK_2
Exactly. Enough about, like, I hated it.

00:10:39 Interviewer
Yeah. Couldn't get into it.

00:10:42 SPK_2
Yeah. And I picked the book. And I have to admit to them, like, yeah, I know I picked it, but I purposely picked books I have not read. So it's potential. I won't. I won't like it either. So I feel like it puts us all on an even playing field.

00:10:54 Interviewer
And then do you keep track in any way of what people in the book club thought about each book? Like, I know you said you sometimes do poll, but there's not really a rating system for you to be like, oh, the book club didn't like this book, or they didn't.

00:11:06 SPK_2
I don't. That's a feature in the app I use. But I don't always complete it and I don't force them to. So if they do, I don't know. I don't like.

00:11:15 Interviewer
I'm not looking at it, even if he did.

00:11:17 SPK_2
No.

00:11:18 Interviewer
Yeah.

00:11:20 SPK_2
Cool.

00:11:20 Interviewer
Anything else that you can think of? Just that, like, you want to tell me about your club or, like, the technology that you use with your club or anything that, like, In a dream world you would love to be able to do.

00:11:34 SPK_2
Yes, actually. So a couple of members have asked me to create like a group me or a WhatsApp chat or something where they can chat about the book during the four to six weeks that we're reading. Like they don't always want to wait till the end to discuss. I have not done that because it's just another app and stuff to maintain and this is not making me any money and I work and raise kids and whatnot, so I have not done that. But they always ask like, can you start a chat or something where we can talk? And also a lot of people have asked me about. So I don't charge, I charge to attend the in person meeting, but there's no monthly fee or anything like that to participate. And so a lot of people have been asking me about how they could donate or pay whatever they could. So I started a Buy me a coffee page. And so the book club app that I use, they allow a, like a, a dues set up, but I don't want to charge dues, but I do want to allow people to pay when they want to. So that's what led me to the Buy a coffee page. So that would be nice if, if it could have a feature where. So basically after every meeting on my Instagram, I post the Buy me a Coffee link and say, you know, if you enjoyed the meeting, feel free to donate 5 bucks or you know, whatever you can. And so that'd be a nice feature to have too.

00:13:12 Interviewer
No, I love that.

00:13:14 SPK_2
Well, cool.

00:13:15 Interviewer
I know we're at time. I just wanted to let you know. So basically what I'm trying to do is put together this kind of like book club council where I. We're building these features right now that I think are going to be really fun and cool for book club hosts specifically. And we need people to like test them and tell them, tell us if they like them. And in exchange we're just going to offer a free premium annual subscription to Super Summary so that you have access to all of the features, whether that be the recipe generators and the discussion questions and the games and activities and the story recaps and all of that. And so if it's something you're interested in, I'm happy to add you to the group. There's no like minimum requirement participation or anything, but if we release something, I'll probably just be like, like a, hey, we just released this, let us know if you think it's cool. And in exchange I can just sign your email up, probably with whatever you already have an account for, and just upgrade the subscription if you want access to the tools, and if not, also totally fine.

00:14:17 SPK_2
I mean, it was it not costing me anything, so why not? You know, I'll give it a try and and see how it goes.

00:14:24 Interviewer
Cool.

00:14:25 SPK_2
I'm open to it.

00:14:26 Interviewer
Awesome. Well, I will send you is the email that you signed up for this under your best contact email. Okay, perfect. I will follow up with just some like, here's the what super summary offers. Check it out and then I'll you should be able to just see your premium subscription with that email whenever you log in.

00:14:43 SPK_2
Okay. Thank you.

00:14:44 Interviewer
Well, thank you. I really appreciate you chatting with me.

00:14:47 SPK_2
You're welcome.

00:14:48 Interviewer
Bye.

00:14:49 SPK_2
Bye.",[removed],
[name],u_ca78f6a0bdc20773,,,"July 27, 2026",[name],,5. Interviewed,Yes,[removed],[removed],,,,,,,,,"July 27, 2026 4:59 PM",,"Segment note before reading

Two flags on fit against the stated target:

She is a book club leader/founder, not a general BCM. All findings reflect host-side prep and moderation labor. Member-side experience is absent.
She is not unfamiliar with SuperSummary. She has used the site at least twice this year without ever creating an account. That makes her a lapsed non-converter rather than a cold prospect — arguably more valuable for the ""what would make them sign up"" question, but the framing differs from the recruit intent.

Interview Snapshot — [name]

Project: BCMs outside SuperSummary
Segment: Book club leader (virtual, monthly)
Date of record: Monday session, interviewer-led, ~20 min

Quick Facts
Founder and sole organizer of Literature Noir, a virtual book club centering Black, Indigenous, and POC authors, with emphasis on Black authors.
Running since 2017; describes it as a 10-year effort. Started while finishing college, in Florida; now based in Los Angeles.
Reads across genres deliberately — literary fiction, historical fiction, speculative fiction, fantasy, poetry, short stories. Plans to add plays, poetry, and 500+ page epics.
Meets once a month, first full week, Monday–Thursday only. Weekends produce low attendance. Operates January–November; no December meeting.
15–20 consistent attendees; up to 40 in January–March; summer is her ""slow season.""
Programs by quarterly theme: Q1 Harlem Renaissance writers, Q2 books set in different countries, Q3 banned books, Q4 member vote.
Runs on the Bookclubs app, with Discord as optional between-meeting chat. Previously tried Slack and other chat setups before settling.
Runs an adjacent ecosystem: optional co-reads (""side quests""), movie-adaptation watches, author brunches (paid, mid-tier), audiobook walks (free), and travel reading retreats (first one nearly at quota).
Also a photographer with a following in the book community; receives free books from publishers but no payment.
No SuperSummary account. Uses the site unauthenticated to compare her own discussion questions against SuperSummary's. Used it for a Theft discussion and at least one earlier title. Upcoming discussion: Beloved.
Quote

""I do like the platform. I just didn't think to invest in it too much. Meaning, like the questions. Because I was like, well, they have one or two questions that I like, but I do like the summary.""

Opportunities
Discussion questions do not match book club register. She crafts her own questions, then consults SuperSummary only as a gap-check, and finds one or two usable items per guide. She actively rejects academic framing: ""I don't want it to feel like we're in school."" The addressable gap is tone and function — openers that surface reaction before analysis (her actual meeting opener is ""how did everybody feel about the book?""), questions that provoke disagreement rather than assess comprehension, and the ability to select, reorder, and edit a set for a specific group.
No planning surface for themed, multi-month programming. She commits to quarterly themes and announces a quarter ahead, meaning her selection decisions are made in batches, months before reading. Selection currently depends on manual discovery of BIPOC-authored titles across shifting genres. She named length as a forward-looking selection criterion (500+ pages). A leader-facing planning view — theme, author provenance, genre spread, length — attaches SuperSummary to the decision that determines which books her 15–40 members buy.
Repeat use with zero account creation. She has used the product multiple times and still says she does not think she has an account. There is currently no capture at her actual moment of need: mid-prep, comparing question sets. This is a conversion gap, not an awareness gap.
Between-meeting channel goes dormant, predictably. Discord is ""kind of like, dead"" in summer and she expects it to revive in September–October. She has no low-effort content to sustain the gap between monthly meetings. She responded openly to the interviewer's description of between-meeting voting with aggregate results, though that response followed a pitch and needs independent validation.
Difficult canonical texts are her highest-intent moment. She volunteered Beloved as the case where SuperSummary would likely be ""really great"" because ""we need to use all our lobes in our brain."" Dense, canonical, discussion-heavy titles are where her own prep is least sufficient — a targeted entry point rather than broad feature marketing.
Leader compensation is unresolved and she knows it. She receives free books and no publisher payment; she calls it ""a labor of love."" She refuses to charge for the book club on principle but monetizes adjacent premium experiences. Any leader offer priced as a personal subscription works against her stated economics. Value delivered to her members, or to her credibility as a curator, is the tradeable currency.
Insights
Her mental model of SuperSummary is ""reference checkpoint,"" not ""tool."" She positions the site as a place to verify she has not missed an angle, consulted after her own work is largely done. That mental model caps perceived value at the price of a single artifact, which explains non-conversion better than lack of awareness does.
A narrow sample formed her judgment of the whole platform. She evaluated SuperSummary almost entirely on Book Club Questions, found them thin, and stopped exploring — while separately noting the summaries surprised her positively (""let me give us some more. Pay attention""). Discovery failure and a quality gap compounded: the weakest artifact for her use case was the one she encountered first.
Book club culture is deliberately anti-academic, by design and for retention. She structures meetings to defuse a specific fear: ""they'll feel stupid or something is a stupid question."" Attendance is protected by removing evaluation, not by adding rigor. This is consistent with prior findings that quiz and essay framing conflict with book club norms — here the conflict is not incidental but the leader's explicit design principle.
The scarce resource is her labor, not her comprehension. She reads the book, crafts questions, programs quarterly themes, manages two platforms, runs side quests, and produces community events alone. She is not seeking help understanding books. Positioning SuperSummary as a comprehension aid addresses a need she does not have.
Curatorial trust is the asset she protects. She describes the free book club as trust-building that underwrites paid offerings: ""I'm buying their trust and when I do that, I know they'll trust me to pay for other things."" Anything she puts in front of her members carries reputational risk, which raises the accuracy bar on recommendations and generated content above what a general reader would require.
Her attendance cycle is predictable and repeats annually. January–March peak (~40), spring decline, summer trough, September–October recovery. Leader-facing activation lands best ahead of the Q4/Q1 planning window she described herself entering — she was already scoping Q1 and Q2 during the interview.
She has already run her own platform selection process. Years of troubleshooting Slack, daily chats, and structured environments produced her current Bookclubs + Discord stack. New tooling must fit alongside that stack; she has demonstrated willingness to abandon tools that do not.
Pain Points
Book Club Questions yield one or two usable items per guide; she still writes her own set from scratch.
Never onboarded — no account, no awareness of feature breadth beyond questions and summaries.
Years of platform churn before arriving at a workable Bookclubs + Discord configuration.
Attendance volatility across seasons, with dormant community channels in the trough.
Unpaid labor: no publisher compensation despite a decent following and influence; free books ""doesn't pay your bills.""
Sustained emotional cost during growth — sat alone in Zoom sessions, describing it as humiliating, and continued anyway.
Member intimidation is a standing obstacle she manages every meeting.
Solo operation across book selection, prep, moderation, community management, and events.
Experience Map
Annual and quarterly framing — sets a year theme or quarterly themes months in advance (Harlem Renaissance → international settings → banned books → member vote), pushing the group and herself outside genre comfort zones.
Selection — picks the monthly title herself, or opens a vote for specific slots; announces a full quarter ahead so members can plan and acquire books.
Announcement — reveals upcoming quarter at the current meeting and reinforces through Instagram, where she rebuilt her positioning to read as a real community rather than a solo project.
Member reading period — Discord carries optional in-progress conversation; activity tracks the seasonal cycle rather than the book.
Her prep — reads the book, crafts a question set, then visits SuperSummary unauthenticated to check for angles she missed. Finds a small number of usable questions; notices the summaries. Does not create an account, so nothing carries forward to the next cycle.
Meeting — announcements first, covering upcoming quarters, then straight to discussion. Opens with how everyone felt about the book and lets that response determine the path. Members raise their own questions. Runs one hour, longer when the book sustains it, as with Heaven & Earth Grocery Store and [name] titles. Deliberately loose; missed meetings carry no consequence, and members return after months away.
Between cycles — optional side quests, adaptation watches, audiobook walks, author brunches, and travel retreats extend engagement and carry the revenue she does not take from the club itself.
Seasonal loop — January–March surge, spring decline, summer trough, autumn recovery, December pause, then repeat with a new theme.",,Yes,"00:03:56 SPK_1
Hi, how are you?

00:03:58 Interviewer
Good. How are you?

00:03:59 SPK_1
Good. Sorry I was running late. I had another meeting that went over.

00:04:06 Interviewer
And yeah, it do be like that on a Monday.

00:04:11 SPK_1
Yeah, I've been. I haven't even had time to like even get dressed or look even to. I apologize for being off camera, but thanks for connecting.

00:04:22 Interviewer
Of course, thank you. I really appreciate it. I'll try to keep this as snappy as possible so you can get back to. Back to life before I dive in. Had you heard of super Summary before I reached out?

00:04:35 SPK_1
Yeah, I have. I think I used it actually for. Not this past book discussion, but actually I did use it for this book discussion that we had for theft. But I think think I used it for another book. I can't remember earlier this year.

00:04:54 Interviewer
Do you have an account already or how. How have you used it in the past?

00:04:59 SPK_1
So I don't have an account, but what I do is just to look at like what other questions you guys are suggesting to ask or like something that I may have not thought of while I was crafting out questions. So that's pretty much how I use it. Yeah, I don't have an account. I don't think I have an official account, to be honest. But yeah, that's for the most part.

00:05:21 Interviewer
Yeah.

00:05:22 SPK_1
Cool.

00:05:22 Interviewer
Yeah, no, that's totally great. Just kind of quick background before I dive into my questions. So super summary. Historically has really been focused on those kind of like study guides that are in depth resources for each book and those discussion questions. But I think over time we've realized that book club members are kind of a very sweet niche for us of people that are looking to understand a book more deeply. People that are hosting book clubs and looking for discussion questions like you members trying to remember where they left off in a book or like the key themes because they finished the book a while ago. And so I'm doing these interviews to try to just get to know a variety of different clubs and how the club runs, what the kind of pain points are in terms of moderating a club like this, any kind of like things that would make your life easier or that you wish you had. So I guess to get started, if you could just tell me a little bit about your club and how it runs, who's in it, how often you're meeting, that kind of thing, we can get started there.

00:06:28 SPK_1
Yeah. So Literature Noir is a book club that is centers black, indigenous and POC authors, an emphasis on black. Because a lot of the stories that are pushed out by marginalized books by marginalized Authors are generally PoC, but there's a disproportionate amount that is pushed for black authors. So I try to prioritize everybody that is marginalized, but I try to emphasize black as well. Nonetheless. We also, across the spectrum, read diversely across genres. So it's not one specific genre that we're reading every month. Sometimes it may lean a little bit more literary fiction or lean a little bit more historical fiction, because sometimes that's where my interest lies. But I really do try to push everybody out their comfort zone, even myself, with my personal reading and book club reading. And I try to pick speculative fiction, fantasy, poetry, sometimes short stories, you know, name it, reread it. Right. And even going into the next year, that's something that we're. That I'm. Something that I'm looking forward to is expanding a little bit more, maybe doing plays, maybe reading more poetry, maybe reading a little bit more epic fantasies or epic books that span maybe 500 plus more pages. Right. So I try to maybe push everybody out their comfort zone. We've been functioning as a book club since 2017, mostly ver. Well, all virtual in a sense, with a little bit of community events happening in la. But everybody that I have started with when I started this book club in Florida upon moving here has been mostly east coast folks, west coast, and now like Midwest and across the world. It's a bit of everybody. And so we meet once a month, typically the first full week of a month. So, like, it's usually between Monday through Thursday. I try not to do the weekends because I feel that for. At least for my book club, people don't necessarily show up on the weekends that much people. I find people more committed during the week, which is very strange because I probably wouldn't. But at the same time, like, well, I would be outside as well on the weekends, so there's that. So we meet once a month. I pick a book once a month. Sometimes I'll have them vote. So like, right now I have them voting on, like, what they want to end the year off on in terms of like November. And then we do not read in December because, again, I find that people check out around the holidays, which is totally fair because I also check out as well. And then. So we function from January to November pretty much. And yeah, that's pretty much the gist of it. Yeah. And so far I've run the book club on book clubs, the app, and then I also have, like, I give them the option after just like a lot of like, troubleshooting in the past of like, okay, what works? Do people want to be in chats? And like other. Like under. At first I was using Slack and all this other stuff. Do people like that or do they like this? So I find people join more structured environment on book clubs apps. If they don't want to have like a discord, which I have creative, they don't want to be in like chats every day or every other day, they have that option. And then the discord serves as additional like talking points for people to talk through if they're reading the book. Stuff like that. To chat before we do our actual discussion. And sometimes I will also have other. I call them side quests where we will read a book. Optional if you want to read another book together. So we've done like SULA or we've done. What's that book called? I can't remember right now, but it had a movie. We. We've read a couple like side quests and we would watch the movie together or stuff like that. Or like if there's an anticipated movie coming out that has the adaptation, we'll read it together, that type of thing. So it's just really random, the side quest, but those are the additions to it. And then other than that, the community events act as like more so for people to meet authors. And I'm also doing reading retreats. So it's like a lot of ecosystem and options for the folks that I have part of book club right now. And that's pretty much the gist of what literature Noir is super cool.

00:11:08 Interviewer
It's such an awesome community that you've built. I feel like I was looking at your Instagram and I was like, this is so cool. You walk me through what a normal book club meeting looks like. You said it's all virtual for the most part. When you're actually discussing the books. How many people are showing up, what kind of like, what's the agenda for a meeting, how long does it go, that kind of thing.

00:11:30 SPK_1
Yeah. So generally it really depends on the book because sometimes, like, I can always tell if a book is going to last. Maybe we're going to be talking for more than the slated hour, which is generally what I have. I can tell by people's interest. So sometimes if it is like the Heaven and Earth grocery story, I remember that one vividly. We went over an hour because people were talking a lot. Or if it's like a [name] that deserves more time, we will go over the hour. Generally, I start off our meetings with announcements just to let People to remind people, like, hey, this is what's coming up. These are the books. Also, I forgot to mention, I announce books by the quarter and I do quarterly themes or a year theme. So I've done all male authors one year. This year I've done quarterly themes. So Q1 was Harlem Renaissance Writers. Q2 was Books Set in different countries. And this quarter is going to be banned books. Q4 is like a toss up just because we're only going to be reading two books. So it's just, they vote on whatever that is. But nonetheless, I give them like, hey, this is what's coming up. You can expect like right now in the next book club, I'll probably announce Q4 and then talk about Q1, because I'm already looking at Q1 and Q2, what that will look like. And then that's the announcements and then we just jump into this question, into discussion. I'll usually kick off with like, how did everybody feel about the book? And that will help me guide the next question or where to go. And then I will have if people want to ask questions to the group as well. It's very open, it's not strict. I don't like that environment. I don't want it to feel like we're in school. I want us to feel lax. I want us to have fun, you know, talking about books. Because I always find that when people join book clubs, they're always intimidated. Intimidated that when they're discussing books that they'll feel stupid or something is a stupid question. I always try to be like, let people know nothing's a stupid question. If you miss a book club, I'm not going to kick you out. Like, it's never that deep. Like, I'll see people one quarter and they'll come back like six months later, like, oh, hey, life was happening. I totally get it if it was me. A lot of is happening for me all the time. I still got to show up. So I get it for you. And generally I have about like 15 to 20 people that show up consistently, depending on the book. I also call certain times of year seasons. So like right now I feel like we're in slow season because it's summer. So like around like May, I start to see people drop off around September, October, a lot of people start to pick up towards the end of the year. And then January through March, I got like 40 people coming.

00:14:32 Interviewer
Resolution readers.

00:14:33 SPK_1
Yeah, like, you know, like I, I, it's like similar to like the gym, you know, like go to the gym three months and then around April, May, it starts to dwindle down. So like I said, it's ebbs and flow and that's starting. Book clubs is not for the week because it does take a hit to. I've had this book club for 10 years. I, trust me, I know I tried every and anything in the last four or five years. This is the format that has worked the best for me at least and for who has joined the book club. So, yeah, I have people that come in and out. I'll have regulars. I know who's going to always show up, who's going to always respond in discord. Right now the discord is kind of like, dead. I guarantee you by September, October is going to be up and popping again because the New Year's coming and they're trying to get their. Their last bit of books before the end of the year. So, yeah, that's pretty much. I don't. It's not strict at all. It's how I start off with, yeah, how do you guys feel about this book? And then from there spawns the questions or, like, where I can like, drive people through the discussion. Yeah, totally.

00:15:50 Interviewer
I know we're at time. Do you have a hard stop? I have one more question. If not.

00:15:55 SPK_1
No, I don't have a hard stop.

00:15:56 Interviewer
No, I'm good. What's your like you. I know you've been doing this for so long and you have had, like, probably seen and experienced so much. Is the book club entirely free? And like, what would you say is like, the. What's your why for why you do all of this and like, coordinate and put everything together and like, how did it get started and why do you keep doing it?

00:16:16 SPK_1
Yeah, the book club is completely free. And that's why I do community events, because I have, like, I, I classify it as like. I feel like book clubs should be third spaces. And I feel like during this time where we are in a deep. I hate to be that person, but literary crisis we are. I feel like book clubs are needed for folks and especially now when we're in a recession. I don't necessarily believe in charging people for something that could honestly be free. You can just make a book club with your friend and it'll be fine. Right? So I, I get it because it is a lot of work. I spend a lot of time doing this. I do it because I enjoy reading and I enjoy trying to make an impact, at least a small impact in helping people rediscover reading. Because for me, why I started the book club is Because I wanted to get back into reading. While my last year in college, I was like, I want to write better because I'm a photographer, so I want to be also wanting to get into curating. So that also required writing. And, you know, I just, I wanted to get better at it. And I missed reading because I've always been a reader. But I feel like once I hit college, it was like everything went downhill. It's like, I'm not reading no more. I read these books, these textbooks right for school. Like, I just don't have the capacity, you know, that type of thing. And so I started it like I hit up on Facebook at the time, I was like, hey, who wants to join a book club? And a group of like local friends, my family, cousins, we all started one. And then, you know, over the again, like ebbs and flows. A lot of people will say they join at the top of the year and then it fizzles out. But I kept at it because I knew that there was something there and I knew I would find people. Like, the first year, I wasn't even on social media. Like, it didn't exist on social media at all. And then I made a Instagram page in 2018 to find more people that would be interested, to peak more interest. And I, I don't know, like, I just kept at it because I was like, I think this could be really fun if people like bite onto it and I keep going at it. There was many times I was sitting in a zoom session alone, but. And it was kind of like, damn, this kind of sucks. It's kind of humiliating. But I kept at it until like, I moved out here. It started to shift. Moved to la. It started to shift a lot because I was finding more people that were into niche things. I would. I'm not sure if you live out here, but there's a lot of like niche groups. Like you can find anybody out here. Right. So when I started posting on Instagram or started taking that seriously, switched up how I approach my content versus being like, oh, it's a full on community people and there's a huge team. Rather than just being like, it's just me, y'. All. I felt like it just got more real from then. And I at times contemplated making it paid. But then I was like, well, I have the leverage of doing paid events out here.

00:19:38 Interviewer
Yeah.

00:19:39 SPK_1
In different tiers. Some like, like, I just started doing Audiobook club. Not Audiobook Club, but Audiobook Walk, that's completely free. But then I have my brunches with Brunching with the author, which is more of like mid tier, more higher end. But it's an intimate brunch experience where you meet an author and you get goodies, you get the book, you get to meet and talk to the author, meet other community members. So there's a lot of value in that. And if people can is if it that if that's accessible to somebody, then they can go with it. And I've been pretty successful with it. And then the next tier would be retreats, which would probably fuel. That would put my mind at ease in terms of money. Right. I'm doing this for free because retreats seem to me for me, travel retreats. Even with this first, this one being my first one, I'm almost meeting my quota and I would make a decent profit from that and I don't have to do anything. I just gotta show up company. Yeah. So it's like, you know, that that makes it all worth the while. I know. It's a long. It really is. And even in this industry, we as creators, we don't get paid from publishers. Like that is a anomaly to people like, oh, you get free books. I know you're getting paid to do the reviews. No, I'm actually not really not even though I have a pretty decent following and a decent influence and I'm not getting paid, I'm just getting free books, which is free, don't get me wrong. But it does.

00:21:19 Interviewer
Doesn't pay your bills.

00:21:21 SPK_1
Yeah, exactly. So it is a labor of love. But I have found my way to hopefully making it profitable without making it making the core of what it always has been a profit. Meaning the book club. People just showing up for that is people's outlet. Like I always get. Wow, you make me read different books that I never would have read. These are amazing. This is this. And that makes it all the worthwhile because I'm buying their trust and when I do that, I know they'll trust me to pay for other things that I have set up for them. So yeah, that's why I don't. In long term summary of things.

00:22:03 Interviewer
Yeah, no, I love it. That's super cool. And I get. I mean it totally makes sense to me and hopefully you can kind of keep expanding it in a way that makes it a little more profitable for you and all the hard work that you're putting in. Yeah. But this is all super great. I really, really appreciate you talking to me. Super summary. We're building out some really cool book club features that are basically going to be everything from you know, how to choose your next book as a club to like voting on hot takes in between meetings and then you get the report and so you can see like 80% of the people in your book club hated this person or like, these kinds of things that you can vote on. So I'd love to send you just like a premium subscription membership to Super Summary just to test out some of the cool stuff that we're building. And then if we build anything that I think you would like, I would love to just like shoot it over to you in Instagram and be like, hey, this feature exists. Like, check it out and let me know what you think. But other than that. Yeah, that was kind of all I was hoping to accomplish.

00:23:08 SPK_1
Yeah, no, totally. I'm open to it. I do like the platform. I just didn't think to invest in it too much. Meaning, like the questions. Because I was like, well, they have one or two questions that I like, but I do like the summary. Like, you guys summarizing stuff that was pretty cool. Like when I was poking around with it, I was like, let me give us some more. Pay attention. So I'm happy to like, look at it more. And especially because I have the [name] discussion coming up for Beloved. I think they're actually gonna be really great because it's [name] and we need to use all our lobes in our brain.

00:23:45 Interviewer
Right? Right. Yeah, that's a big one. And I think even like the thing like what I think Super Summary has not done well up to this point is there's so much really good content that's all vetted by literature professionals so that, you know, it's not like, you know, kind of like out of left field AI that you're not quite sure if it's accurate. But then also even just like the high level themes and like things that the author was thinking and interviews and things like that, really just trying to be like a really well rounded resource for those kind of conversations and for everything from like Beloved to, you know, whatever the latest romanticy thing. Yeah, like they have like kind of a good variety. So sweet. I will. Is the email that you signed up for this on the kind of best email to reach you?

00:24:36 SPK_1
Yeah, that's the best one.

00:24:37 Interviewer
Okay, sweet. I will follow up via email then with you and I will let you know how to access the account and then also just like flag anything that I think might be helpful to kind of get started.

00:24:48 SPK_1
Perfect. Thank you so much.

00:24:50 Interviewer
Of course. Thank you. It's great to meet you.

00:24:52 SPK_1
Nice to meet you. Too. Bye.",[removed],
[name],u_c1b7690578f86a14,,,"July 28, 2026",[name],,5. Interviewed,Yes,[removed],[removed],,,,,,,,,"July 28, 2026 4:38 PM",,"Interview Snapshot — [name]

Project: BCMs outside SuperSummary · Segment: Book Club Member, no prior SuperSummary awareness · Interviewer: Caitlin

Scope note: The session ran ~23 minutes of substantive content and covered club structure, selection, and rituals. It did not include product exposure, feature walkthrough, or pricing discussion. Findings on ""would they sign up"" are therefore inferred from unmet needs and unprompted requests, not from tested value perception. Reactions to the recipe generator and hot-takes voting were interviewer-introduced late in the call and are flagged accordingly.

Quick Facts
Working mother of an 18-month-old; recruited via referral (Julia), not through search or marketing.
Had not heard of SuperSummary before the interview.
Primary club: ""Wives Club"" — 4 members, all close friends met through the Jewish community ~5 years ago. Founded November 2023 after October 7th as a safe social space; initial premise was light fiction as relief.
Meets monthly, rotates between members' homes, schedules the next meeting before leaving (sometimes 3–4 months ahead). Plays mahjong during meetings.
Tool stack: shared note for candidate books (~26 titles), Wheel of Names to select, Libby for acquisition, Kindle for reading, Goodreads + StoryGraph for logging, Instagram group chat for inspiration.
Selection rule: a title drops off the list if two members have already read it.
Also participates in low-structure book texting with individual friends (Lauren, Caitlin) and a work Slack channel. Two prior formal clubs collapsed — one from Zoom fatigue, one from life-stage mismatch.
Declines to join her friend Lauren's two formalized clubs (12 members, attendance barred if the book is unfinished).
Tried Fable at another member's suggestion; adoption failed.
Representative Quote

""I feel like it's like relationship first book second, third, etc. The book is the reason to see each other.""

Insights

1. The club optimizes for relational continuity, not literary throughput.
The group preserves the monthly meeting even when no book is finished or available, substituting discussion of other recent reads and mahjong. She reframes the group's identity directly: ""I almost feel bad someone's calling us a book club because we are a social club that reads a lot of books and plays a lot of mahjong."" Non-completion carries social teasing but no exclusion — ""If someone doesn't read the book, we don't kick anyone out, but we do roast them for not finishing the book."" Implication: features that gate participation on completion, or that measure reading performance, work against the segment's core motivation.

2. Structure is desired in principle but rejected when it reads as assigned work.
She states that ""discussion questions would actually be very helpful,"" yet describes consistent abandonment in practice: ""Every time we try it, we'll do like the first two questions and then just kind of like go, oh, okay."" She simultaneously rejects highly structured clubs — ""it feels like a chore to me."" The pattern indicates the failure is not in the existence of prompts but in their format: they function as a sequential list to complete rather than as fuel for the tangential, overlapping conversation the group actually has. This reinforces the cross-study finding that academic framing conflicts with book club culture.

3. Clubs die from logistics, not from lack of depth.
Her two failed clubs ended from Zoom-mediated discussion (""It fell apart because Zoom, book club discussions are hard"") and from divergent life stages and children's schedules. The surviving club works because all four members occupy the same life stage, their spouses are close, and they meet outside book club monthly. Retention levers for this segment therefore sit in coordination and ritual maintenance, not in analytical content quality.

4. Books are selected without content information, which creates real relational risk.
Selection is randomized from a list the group no longer remembers building — ""it's like gibberish. Like, half the time we don't even remember what the book is, how it got on there"" — and no one checks the premise: ""we're not usually in the habit of reading the synopsis of the book ahead of time."" This produced the horror-novel incident, where two members read a book that caused nightmares (""no one told me it was a horror book"") and which she assessed as a potential club-ending event. The group survived, but she frames survival as notable rather than expected.

5. Public ratings are performative; the club's real opinions live in private channels.
She rates nearly everything five stars on Goodreads ""because I don't want to hurt an author's feelings,"" and routes honest ratings to StoryGraph ""because I feel like authors are not lurking on there as much as they are on Goodreads."" She then revises ratings later in the month. Consequence: the group's most valuable discussion material — genuine reactions — is deliberately withheld from the platforms where they log books.

6. Pre-meeting rating visibility pre-empts the discussion it should feed.
Members check each other's Goodreads ratings before meeting and discuss them over text beforehand, which discharges reaction and surprise before the group convenes.

7. Adoption of a new tool is blocked by logging redundancy, not by disinterest.
Fable failed because its role was ambiguous — she was unclear whether it was a reader or a tracker — and because it duplicated existing infrastructure: ""I already logged my books in Goodreads and Storygraph. I don't need one more app."" Any SuperSummary book club offering must be positioned as complementary to a tracker rather than as a replacement for one.

8. Discovery in this segment travels through existing friendship networks.
She had no awareness of the product, arrived by personal referral, and within minutes volunteered to relay questions to her group chat, collect screenshots of all four members' responses, and recruit a second participant from an adjacent club. She named which member would most want new features. Word of mouth is both the acquisition channel and the qualification mechanism.

Pain Points
Zero brand awareness. An eight-year-tenured book club participant with a multi-app reading stack had never encountered SuperSummary.
Unusable candidate list. The 26-title shared note accumulates without context, causing the group to select books no one remembers proposing or wanting.
No content-fit signal at selection. Genre, tone, and intensity are unknown until members are already reading, producing mismatches that risk group cohesion.
Library wait times fragment the calendar. Popular Libby holds run three to four months, forcing the group to hold meetings with no shared book.
Discussion prompts stall after two questions. Available questions do not match how the group converses.
Honest opinion is suppressed at the point of logging. Author-visibility concerns push real ratings off the primary platform and into private texts.
Reactions leak before the meeting. Visible ratings reduce the novelty of in-person discussion.
Club history is scattered and fragile. Milestones, ratings, and running jokes are held in a personal note, unstructured and not shared.
Hosting ambition exceeds capacity. Themed food ideas are collected and abandoned: ""we will send these to each other and be like, guys, what if we did this and we never do it.""
App fatigue. A fourth book-related app requires an unmistakable, non-duplicative reason to exist.
Opportunities

1. Spoiler-free content and tone signals surfaced at the selection moment.
The group selects blind and has already suffered a mismatch severe enough to threaten the club. Book Brief already delivers exactly this — a short, spoiler-free overview — but is undiscovered by this segment. The opportunity is positioning and entry point, not new content: make Book Briefs reachable at the moment a club picks, and ensure tone and intensity are legible without spoiling.
Evidence: the horror-book incident; ""we're not usually in the habit of reading the synopsis of the book ahead of time.""

2. Reframe Book Club Questions from a sequential list to conversational openers.
She wants prompts and finds current formats unusable past question two. Restructure existing Book Club Questions around reaction, disagreement, and comparison to other reads rather than around ordered analysis, and match the register of a social group rather than a seminar.
Evidence: ""I think discussion questions would actually be very helpful"" paired with consistent abandonment after two questions; ""it feels like a chore to me"" regarding formal clubs.

3. Club-private ratings with reveal held until the meeting.
This is the only explicit feature request in the interview: ""maybe, like, that could be a cool feature of it. Hides your friends ratings until the meeting."" It simultaneously solves the leak problem and the honesty problem, since a private, author-invisible space removes her reason to inflate scores. High feasibility signal — user-originated, specific, and tied to a behavior she performs monthly.

4. A durable, private club record.
She maintains this manually today and articulated the want unprompted: ""it would be so cool to be able to have a look at all of the books we had read for forever, what all of our little ratings are, and funny things someone said, and if it was private."" A persistent club log of books, honest ratings, and moments is a retention mechanism that no tracker provides and that does not duplicate Goodreads or StoryGraph.

5. Support for the months with no shared book.
The group already fills Libby-wait months by discussing other recent reads. Content that supports cross-book conversation — comparison, thematic bridges between what members read individually — would serve meetings the group holds regardless, and would extend engagement beyond the single-title cadence.

6. Positioning around participating without finishing.
Two documented cases of abandonment (Intermezzo at 40 pages) with continued attendance. Existing assets — study guides, audio narration, section summaries — directly enable a member to arrive able to discuss. This is a differentiated, honest value proposition for the segment and does not require new feature development, only messaging aimed at BCMs rather than students.

7. Host preparation, treated cautiously.
She hosts, themes food to the book, and reacted strongly to the recipe generator concept. Caveat: interviewer-introduced. The underlying evidence is behavioral and pre-existing — repeated inspiration collection with zero execution — but her enthusiasm was elicited, not spontaneous, and should be validated with an unprompted participant before it informs prioritization.

8. Referral as the acquisition mechanism for this segment.
She offered, without prompting, to poll her group and recruit an adjacent participant. Give BCMs something explicitly shareable to a club rather than to a public feed, and treat one member as the entry point for four.

Experience Map
Capture — A member encounters a candidate title anywhere and drops it into the shared note, without context or rationale. The list grows to ~26 titles and loses meaning over time.
Select — At or near the meeting, the list is pasted into Wheel of Names and spun. Titles already read by two members are removed first. Because capture carried no context, the group frequently cannot recall why a title is there.
Skip validation — No one reads the synopsis. This step's absence is the direct cause of downstream content mismatches, including the horror-novel incident.
Acquire — All four request the title from Libby. Popular titles carry three-to-four-month holds, which decouples the reading cycle from the meeting cycle.
Bridge the gap — Where a book is unavailable, the group meets anyway and substitutes discussion of individually read books plus mahjong. Meeting continuity is preserved independently of the shared book.
Read — Reading happens on Kindle, at variable depth. Some members finish; some abandon; some read faster than intended to escape a book they dislike.
Log publicly — Books are recorded on Goodreads and StoryGraph and tagged as book club reads. Ratings diverge by platform: inflated on Goodreads for author visibility, honest on StoryGraph.
Pre-meeting leak — Members check each other's Goodreads ratings and discuss them over text, discharging reactions before the group convenes.
Prepare to host — The rotating host may theme food to the book when inspiration allows. Elaborate ideas circulated in the Instagram group chat are typically not executed.
Meet — Discussion begins on the book, may attempt prepared questions, and abandons them after roughly two. Conversation moves to overlapping reactions, other books, and life updates. Non-finishers participate and are teased.
Record the moment — Milestones and jokes are added to the shared note alongside the book list, forming an informal club archive held by one member.
Recommit — The next meeting is scheduled before anyone leaves, sometimes several months out. This scheduling ritual, rather than book completion, is what has sustained the club through pregnancy, childbirth, and shifting availability.
Revise — Later in the month she returns to adjust ratings, reconciling the score she published with the opinion she actually holds.",,Yes,"00:03:34 Interviewer
Hello.

00:03:35 SPK_2
I'm sorry I'm late. My allergist finally called, and I have been trying to get this appointment made for, like, two and a half months.

00:03:43 Interviewer
Oh, my gosh. No worries.

00:03:44 SPK_2
It's been a disaster.

00:03:45 Interviewer
Far more.

00:03:46 SPK_2
Because one of the fun things about postpartum is I developed allergies. Oh, my God.

00:03:51 Interviewer
Wait. Tell me how old your baby is.

00:03:53 SPK_2
Orey is now 18 months. He's almost 19 months.

00:03:55 Interviewer
Oh, my gosh.

00:03:56 SPK_2
How fun. I think he and Harlow share a birthday. Just January 3rd. Yes, yes, yes, yes, yes, yes, yes. Oh, my gosh.

00:04:03 Interviewer
So crazy.

00:04:05 SPK_2
I know. Julia.

00:04:07 Interviewer
Wild time for a baby to be born. Like, just with the holidays and, like, the new year.

00:04:12 SPK_2
And legitimately, if I have the blessing to choose my next child's birth date, it will not be January.

00:04:19 Interviewer
No. Well, that's, like, why it's so. Harlow's a C section baby, and we had her at 37 weeks, and she. She was supposed to be born on the 1st, and, like, everything was packed, ready to go. We were, like, about to leave for the hospital, and they called us, and we're like, hey, we're gonna have to push this two more days. And we were like, what?

00:04:39 SPK_2
You can just do that?

00:04:40 Interviewer
Like, yep. Insane.

00:04:42 SPK_2
I was an induction on the 1st, and it took until an emergency section. January 3rd in the morning.

00:04:50 Interviewer
Oh, my God.

00:04:52 SPK_2
Yeah. So we're C section sisters. It was really. When you were in the hospital recovering, Julia was texting me to go, what do I send someone who just got a C section? And I was like, let me tell you all of the things I love. If she ended up getting you the Mother Love C section cream. That was me.

00:05:09 Interviewer
Oh, my God. Yes. That's so cute. Yeah, she sent me a little care package. It was so nice. Oh, what a time. I.

00:05:16 SPK_2
What a time. How are you feeling? You're like. You're out of the trenches.

00:05:22 Interviewer
Oh, yeah. Well, you say this, and, like, if you had said that two days ago, I've been like, yeah, everything's so good. And then she had, like, one of her worst nights ever last night. So I'm just, like, so mainlining coffee today, just trying to.

00:05:36 SPK_2
Just terrible.

00:05:37 Interviewer
One of those nights, you know, where she just, like, was waking up cry. I'm just like, what is happening right now? Like, what.

00:05:42 SPK_2
It might. It might be that regression or. You got one around seven or eight months.

00:05:46 Interviewer
Really? Yeah. I'm just, like, sometimes she's just such an angel, and so. Actually, most of the time, she's such an angel, and so then, like, when she's not an angel. I'm like, who is this baby? What is this? Like, even this morning before daycare, I was like, I couldn't put her. She's not a Velcro baby. Like, you can put her down and she will play by herself for 30 minutes and like be like, oh, yeah, mom, what? Today I like, could not put this baby down. She was like,.

00:06:10 SPK_2
Bruh, I wonder if it's a tooth.

00:06:13 Interviewer
Maybe I know what we are trying to see, but I can't see anything. But maybe it's like coming because Ori's.

00:06:19 SPK_2
Got a molar coming in. And as soon as you said like, not a Velcro baby, but is one, I was like, you know what? He was being very Velcro this morning. And I. Now that I'm thinking about, I'm like, I'm pretty sure one of his maulers are coming in. So it might be a two.

00:06:33 Interviewer
Yeah, that would be kind of fun. I feel like I'm like excited for that, for her. But also, man, it was a nightmare of a night.

00:06:39 SPK_2
I was like, I hope it's just a single night. Like, I hope it's like, thank you.

00:06:43 Interviewer
Manifest. Manifest that for me.

00:06:45 SPK_2
I will, I will. It's. It's so terrible. Anyway, the book club.

00:06:50 Interviewer
Yes. Yeah, thank you so much for. And sorry I had to move our call before my flight was. It was the whole thing. But yes. So I am working with Super Summary and they. Have you heard of Super Summary before this?

00:07:04 SPK_2
No.

00:07:04 Interviewer
Okay. So they primarily have done a lot of like academic based summary study guides in the past. So they have super, super well researched and in depth study guides and character analyses and themes and all these things for a variety of books. And primarily their audience used to be like students and teachers. And then over time they started to realize that a massive major, like a big group of users on their platform are book club members who are looking for like, resources for their book clubs. And so my kind of like project has been trying to talk to as many people in book clubs as possible and learn more about their club, kind of how it runs, what are the pain points, what are the like, resources currently being used and then use that information to help guide the features that we're developing so that we can kind of create a space that's specifically made for book club members and not just something that like they're using on the side. So yeah.

00:08:02 SPK_2
Yes.

00:08:02 Interviewer
If you want to just dive in and tell me about your book club, how it runs, who's in it, when you meet what. Oh my Gosh. And I will.

00:08:10 SPK_2
Okay, so I feel like I'm always in a book club or various different book clubs. The one that I think Julia specifically wants me to talk to you about is it's a group of four of us. They are my three best friends. We have been running since November 2023. I would say we actually, I think meet every single month. We don't always have a new book. What we have started doing is we usually request all of our books from Libby. And if we pick a book that's too popular and has like a three or four month wait, then in the months we are waiting for the book, we either talk about the other books we've read and we play Moshe during it. So like that way we have like the consistent monthly thing. And I think that is partially why we are so close, is because we make sure we do that and like before we leave to go on to the next thing, we schedule our next book club. And sometimes we even like during if we know it's like a really busy season, we will schedule our meetings like three or four months out. It has weathered the change of like, I'm the only one who has a kid. One of us is pregnant, the other two are trying to get pregnant. And we've managed to weather like the transition in schedule where I have like a lot less free time. And also finding time for book club means that I have to make sure that like Josh isn't golfing or Josh has to make sure, you know, like all of the crazy stuff with the kid. Someone is with Ori at some point in there or Ori comes to book club. That was better when he was Harlow's age. Now that he is like a full toddler, it is chaos. So, okay, so the book club is me, [name]. I remember her new name. [name] Schreiber and [name]. And we all met through the Jewish community like 5ish years ago. So we've been friends for a long time. I was a bridesmaid in one of their weddings. Another one was a brides, a different one. Like that's like how like the levels of closeness we've become. We started after October 7th and for Jews, like disastrous because we felt that we needed a safe space to like be Jewish together, but to also just like not have to deal with social media and also like it was. Julia probably touched on it. To you, it was like a very scary time of suddenly you were discovering that like friends of yours actually would have thrown you to the Nazis. Like it was like, you know, it was like a really, like, I'm making like a little bit of dark humor out of it, but it was a very scary time. It's still a scary time, but it was a different kind of scary post. October 7th and we were like, okay, we're going to read really light, easy fiction and we're just going to get our minds off of the hostages and everything that was going on in Israel and anti Semitism, like will read really light fiction. And that's how we started. We are all over the place in terms of books now. The way we choose our books is everyone kind of like has like a running list in a shared note. So that's like a great way for super summary to deal with. We have a shared note. When you see a book that you think might work for book club, you toss it in there. It's a list of like 26 different books. We then copy and paste that list into the wheel of Names spinner and then we spin it and that's how we decide our next book club book. The rule is, is that if two of us have read the book separately, like Jessica's, like, I'm constantly reading, right. Then it gets removed from our list. But because we try to make it, it's fine if like one of us has already read it, but we try to make it that it's like a new to all of us and it's fresh in our brains. So books are kind of going on, going off. They're books where like after a while we can't tell who actually put them. So when we all complain about it, it turns out like the person who hated it the most is the person who put the book on there. We then all put it on our Goodreads. And I also use storygraph. We log it as a like book club book. I'm actually just gonna pull up our shared note so you can see kind of what we like do to make it cute.

00:12:33 Interviewer
Okay. Um,.

00:12:37 SPK_2
So we have this and then we also log like different things that happened. So like in here, ah, clicked off of it for the book club meeting. That was the summer of broken rules. So it was like April, May 2024. I have a little picture of Orey and it goes shared Ori's existence because then I surprised them with like my ultrasound. And then we also have on there like Ori's first book club that he attended and other like various things in there that happen. And then this is our, this is like our current running list of books. It's just but it's like gibberish. Like, half the time we don't even remember what the book is, how it got on there, and that gets pasted in. So it's like not. It's like very low tech. And then we all rate them in Goodreads. We all peek at each other's ratings before we meet, which maybe, like, that could be a cool feature of it. Hides your friends ratings until the meeting. Because like, if we see each other at dinner or we're texting about, I'll be like, why'd you rate something 2 stars? Or like, Kylie will text me, like, guys, guess what? [name] rated it five stars again. Because I. I will rate everything five stars because I don't want to hurt an author's feelings.

00:13:55 Interviewer
I get.

00:13:56 SPK_2
And everyone else uses the more standard system, which is, I think three stars means you, like, found it average. Four star means you like it. And then you probably give like two five stars, right?

00:14:06 Interviewer
Yeah, I'm pretty stingy with my five.

00:14:08 SPK_2
Yeah, they're like, the other three are, like, really stingy. And I'm over here just being like, oh, I liked the vibes by. And then what else do we do? Sometimes we use book discussion questions. Often we derail really quickly and we'll kind of like. Like. One of the ones that was like, a really good example of it was yesteryear. So we had just finished yesteryear and we couldn't stop talking about it. But it was more like cutting over each other going, oh, I loved this part. Oh, my God. What about this part? Did you hate that? We have tried discussion questions. Every time we try it, we'll do like the first two questions and then just kind of like go, oh, okay. And then what about this part? What about this part? What'd you think of this? What did it remind you of? I think discussion questions would actually be very helpful. And what also is really fun is talking about the other books we've read that month is like going through that. Okay, so that's. That's like a word vomit of book club.

00:15:18 Interviewer
No, that was literally super helpful. You answered like three of the questions that I normally ask as follow up. So super great. Do you guys have a host at all, like, or like anyone that's kind of like the host of the book club that month?

00:15:31 SPK_2
Or does it rotate or do you.

00:15:32 Interviewer
All just kind of like take that role together?

00:15:35 SPK_2
We rotate. So for a long time we were meeting in cafes and like various, like, independent bookstores or like, restaurants or things like that. And then we realized it Was honestly, it was probably post Ori for me that it was so much easier to get me to like someone's house because like I was pumping or like I needed to breastfeed Ori and I felt more comfortable doing it in someone's house than like in the middle of like Billy's grocery, which is like a little hip cafe. And honestly Julia's probably taking you to it as every the last time you visited and I think so we switched to that. We are really good about rotating from house to house. We'll sometimes like, we rarely repeat the same person back to back, but we will like move around from house to house. It also changed when we were playing Maj. Once we started playing Maj, it was easier to go to someone's house sometimes and usually I'm the one who does it. I'll try to like theme our food around the book we read. It depends on if inspiration strikes. So like for yesteryear we I think we actually did have someone's homemade sourdough. I think Jamie made sourdough. I can't remember. And then we read like the English masterpiece. So I did like tea sandwiches. And it is not as all out as like the great ones that we see on TikTok. And like we have an Instagram group and we will send these to each other and be like, guys, what if we did this and we never do it? For us, it's more about spending time together and catching each other up on everything that's going on and like discussing what's going on and like the interesting things we see and then also talking about the books. I feel like it's like relationship first book second, third, etc. The book is the reason to see each other.

00:17:32 Interviewer
No, that totally makes sense and I feel like that's very true for a lot of book clubs. It's like a lot of people don't even read the book and then they go to book club and they're like, yeah, I sort of read it, but I'm mostly just here to see you guys.

00:17:43 SPK_2
We literally, we did that with July 2025 was Intermezzo by [name]. I got 40 pages in and was like, I'm not, I'm not doing this. I can't handle [name]. Like I was like, I forgot how much I hate [name] writing done. And I think I got the furthest in the book. And then there was the month that Sarah had chosen the Southern Book Club's Guide to Vampire Slaying, which is a horror book. She saw it on Kindle in black and white and saw peaches on it and the word Southern and was like, oh, it's a book club. How fun. And it was horror. And. And we're not usually in the habit of reading the synopsis of the book ahead of time. We'll just be like, this is the book that was chosen. Done. So Jamie and I start reading it and are having nightmares. Like, we're like, a third of the way through, and the other two haven't picked it up yet. And we're like, guys, we can't. We can't read this. But then Jamie and I got sucked in, and we need to know what happened. And both of us were reading it, like, tapping as fast as we could because we just wanted the book to end. And at one point, my husband, like, looked at my Kindle and saw what I was reading, and he goes, are you reading horror? And I said, no one told me it was a horror book. So that was one of those moments where I was like, this is either going to destroy this book club or we'll laugh about it and bounce back. Because, like, the book was truly such an awful pick. I'm sure other people love it was not for us. And our book club bounced back totally fine. And I was like, okay, cool. So we can bounce back from really awful picks.

00:19:20 Interviewer
Right? That's how, you know you've made it.

00:19:24 SPK_2
That's exactly how I felt is I was like, okay, Theo. Because I've seen book clubs, like, one really bad pick that, like, everyone kind of hates. Then. Then it, like, starts to fall apart.

00:19:36 Interviewer
Yeah.

00:19:37 SPK_2
I have been in more formalized book clubs before. Like, either through work, like, Hillel had one for years. It fell apart because Zoom, book club discussions are hard. Like, that was like. That's really, like. That was kind of the end of it, like, about a year and a half ago. So now we just have a Slack channel where we discuss the books that we're currently reading. And then my friend Caitlin and I had one running for probably about three years until she had her first kiddo, right before COVID started, or I guess as Covid was starting. And we thought, like, oh, it'll take, like, three or four months. She'll be ready to come back out. And then the world shut down for two years. So Caitlin and I just, like, text about books, but we've never been able to restart a book club. She had three kids in three years. Like, yeah, yeah, she warned me not to do that.

00:20:30 Interviewer
And.

00:20:33 SPK_2
She. So even when, like, we're trying to negotiate, like, her schedule and my schedule and our husband's schedules, and now she. Her kids are older than Ori, so her kids, like, have activities. So it became super hard. So I think one of the reasons it works is we are all in the same life stage and the. Jamie's baby will be exactly two years younger than Ori, and then, God willing, we'll have like a baby boom. And then like, my second baby will be the last one of it, so that helps. Our husbands are all also very, very close. And we have formed like a haverrah where we do Shabbat dinner together once a month. So, like, it's. It's more than just a book club.

00:21:14 Interviewer
Yeah.

00:21:15 SPK_2
And I think that's like part of the success of it is that we see each other honestly, like, every single weekend. So it feels like in some ways we've managed to like, recreate a college friend group or like the. The specialness of that in a way that none of us have had since. In 10 years.

00:21:30 Interviewer
Yeah, that's the dream.

00:21:32 SPK_2
It really. It really is. And Jamie just bought a house 7, 10 of the mile down. A mile down the street for me.

00:21:38 Interviewer
Oh, my God, that's so fun. I know.

00:21:40 SPK_2
I'm really excited. She moves. They closed three weeks ago. The furniture delivery is next Friday. Wow. I know, I know. I'm so excited.

00:21:48 Interviewer
Like, that's literally what you, like, wish for. It is.

00:21:51 SPK_2
And then my other best friend who is not in this friend group, I can see her front door from my living room window.

00:21:57 Interviewer
Wow.

00:21:58 SPK_2
Yeah. So I'm like, I'm getting everyone to leeway.

00:22:00 Interviewer
Yeah. You're just magnet drawing everybody in.

00:22:03 SPK_2
I know, but I really am. So those are kind of what I have noticed is the, like, I feel like I'm in a lot of like one or two friends. Let's text about a book we are reading. And if we line up on a book, then we make a date to go see each other. So, like, if one someone will notice that, like, I'm reading the Shampoo effect, and then we'll text me and go, oh, my God, when I finish that, can we grab drinks together? Can we grab dinner? And I think for especially the life stage I'm in where like, all of my friends have really little kids right now. That's like the best a lot of us can do. Yeah. I think that my, like, the. The group of four of us is probably an almost an anomaly, but I do have friends that are in very serious book clubs where it's like they meet the third Monday of the Month. They all read the same book. So someone is in charge of coming up with questions. And I am super supportive of them who do that. But it feels like a chore to me.

00:23:06 Interviewer
Yeah, I get that. I feel like there's such a wide spectrum of the social book club versus the intense book club.

00:23:14 SPK_2
We're definitely a. So I would say, like, I almost feel bad someone's calling us a book club because we are a social club that reads a lot of books and plays a lot of mahjong. Great. Is really, is really, really good. Yeah, we do. If someone doesn't read the book, we don't kick anyone out, but we do roast them for not finishing the book.

00:23:40 Interviewer
That's fair. I feel like, especially with a group of four, you know, if it's like a big sprawling group, it's one thing, but if a quarter of your group comes to book club and hasn't read the book, it's kind of.

00:23:50 SPK_2
So my friend Lauren, who I'm kind of like, if you are still looking for people, I kind of want you to chat with my friend Lauren. She also, she. So you two are on the exact same schedule. She would have had baby Margie two days after you had Harlow because Margie was also a C section.

00:24:07 Interviewer
There you go.

00:24:08 SPK_2
January 5th. So Lauren is in two formalized book clubs. Lauren and I text about books all the time. We're junior league friends. We're in a dinner club together. But I refuse to join any of her book clubs. She is in one that is straight up terrifying. They are very intense. I think there's like 12 of them. And if you haven't read the book, you're not allowed to go, which that's scary. Even though I rarely not finish books. And then the other book club I think is like a random assortment of girls that Lauren like. I think it's Lauren's sister in law started it and Lauren, like can't leave it. But I feel like Lauren will have some really good takes on structured formalized book clubs.

00:24:54 Interviewer
Yeah. If you want to share like the link with her, that would be awesome. I will love to chat with anyone that can provide like unique perspectives on the different types of clubs.

00:25:04 SPK_2
Yes. And I think it also. Another part that might be really helpful is Lauren is now a stay at home mom. And I think that that's like also a different perspective. And I think some of the. I think one of the book clubs is mostly stay at home moms. So I think for some of them it's an intellectual outlet.

00:25:22 Interviewer
Yeah.

00:25:23 SPK_2
In a way that they're like, you and I work. It's like we're getting that like adult conversation. For Lauren with a six month old, her only adult conversation is Andrew, her husband, when he gets home from work. So I think that's like book club's importance continues that way too. Okay, so I'll send it to Lauren. That'd be great.

00:25:42 Interviewer
Well, this is amazing. Thank you so much. I'm so glad Julia connected us. This was super helpful and I can't wait to go through the transcript and document meant everything.

00:25:52 SPK_2
It is gibberish.

00:25:54 Interviewer
No. Great.

00:25:56 SPK_2
Let me know if there, if there are any like follow up questions that you want me to text in our group chat and get all four of our responses to. That's like an easy way. And I can just send you screenshots.

00:26:07 Interviewer
Yeah, that would be awesome. I also, we're building out some fun book club features that I would love to let you know, like when they launch and be like, hey, we just launched this. Like test it out with your club.

00:26:18 SPK_2
Yes, they would love that. Especially Jamie would love that.

00:26:21 Interviewer
Okay, cool. There's like everything from recipe generators for a book where you can say, like, what should we make for book club? And it'll give you cocktails.

00:26:27 SPK_2
Oh my God.

00:26:29 Interviewer
Like hot takes where you can all vote on like this or that kind of like, I love this. All kinds of things. So.

00:26:35 SPK_2
Oh, this is so clever. Especially the recipe generator. I will text the chat after this and be like. Because Jamie tried to get all of us to use Fable at one point, it just didn't click for us. I don't know what the issue was.

00:26:49 Interviewer
Okay.

00:26:50 SPK_2
Like, Fable didn't work. Like, I don't. I wish. Like, I'll actually ask in the chat.

00:26:57 Interviewer
Yeah, super helpful. Like why she suggested it and then like, why didn't work would be super helpful.

00:27:04 SPK_2
Yes, I. And I think it was just like, I don't know if it was just too complicated. We didn't understand if we were supposed to like read our books on Fable or if it was really supposed to be more like storygraphy or if I. I know I was like, I already logged my books in Goodreads and Storygraph. I don't need one more app. I know that that is probably the obnoxious thing I said, but I'll find out what Sarah and Kylie, why they were like, it didn't. It didn't work. Because that's probably also really helpful because that's probably a good comparison. Not a comparison, but you know what I mean?

00:27:37 Interviewer
Yeah, no, I think. And that's like, one thing that I've been trying to push, too, is just, like, I don't want to be a prettier Goodreads because it's just, like, people already have a place that they're logging books. Like, I want to have a value prop that's much. That's differentiated from that. And so I think, like, any feedback you can get on that would be I.

00:27:55 SPK_2
And I think being able to just, like, have an app just for your book club, and you can, like, click on it. So, like, our book club is called Wives Club because all of our husbands are husband's club. So then by default, we were Wives Club, and we never came up with a better name. And it stuck. Unfortunately, it's stuck because it's really obnoxious. And. And so we, like, it would be so cool to be able to have a look at all of the books we had read for forever, what all of our little ratings are, and funny things someone said, and if it was private, so we could keep that and be able to be like, oh, Sarah really fucking hated this book. But Sarah would probably not want that blasted on Instagram that she felt that way.

00:28:40 Interviewer
Yeah. And maybe someone like you who doesn't want to hurt an author's feelings on Goodreads could. Could share her true feelings on her.

00:28:50 SPK_2
Exactly. Exactly. Because there are books that I know I rated a five that I'm like, [name]. This was probably a 4.25. I will go back at the end of a month and change my ratings. Storygraph gets my real ratings, though, because I feel like authors are not lurking on there as much as they are on Goodreads.

00:29:06 Interviewer
That's very thoughtful of you.

00:29:08 SPK_2
Thank you. Thank you. I'm a people pleaser. Okay. Yay. You know how to reach me.

00:29:13 Interviewer
Well, thank you so much again. This was awesome. And yeah, give me anything that they say, and I will keep you posted on anything.

00:29:20 SPK_2
Cool. That we build. I'm so excited. Okay, cool. Thank you, Caitlin. Have a good day.

00:29:24 Interviewer
Me too. Bye. Bye.",[removed],
[name],,,,"July 24, 2026",[name],,5. Interviewed,Yes,[removed],[removed],,,,,,,,,"July 27, 2026 2:19 PM",,"Interview Snapshot — [name]

Project: BCMs outside SuperSummary · Segment: Book Club Members · Format: ~12 min remote conversation

⚠️ Segment fit caveat — read first. [name] qualifies as a BCM, but her club is an employer-sponsored HR/""Culture Club"" initiative, not a self-organized social book club. She confirms she has never belonged to a traditional book club (""my only book club is this very sad HR sponsored one""). Findings describe the low-commitment workplace club sub-segment and should not be generalized to committed social clubs. Two additional limits: the interviewer disclosed product plans and named specific features (Hot Takes, Story Recap) before probing, so the participant's positive reactions are not independent demand evidence; and several behavioral signals are second-hand reports about colleagues rather than observed behavior.

Quick Facts
Member of a book club run by the HR/Culture Club function at a cannabis distribution company (a few hundred employees; brand, distro, manufacturing, remote, and sales groups).
Club exists to connect employees who do not otherwise interact. ~25 people in the Slack channel; maximum four attend a discussion.
Cadence: the picker posts a Slack poll for the meeting date, which defaults to four or five weeks out every time.
Selection: the picker posts three candidate titles for a Slack vote. Roughly 20 people vote; about three read the book.
Leadership rotates informally — whoever attends becomes eligible to pick and lead next.
Scope drifted from non-fiction only to include fiction.
Members are distributed across states; scheduling collides with time zones (a Friday 3:00 PM slot reads differently in California than New York).
Recent titles: Portrait of a Thief, Brain on Fire (her pick), Living with a SEAL, This Is Your Mind on Plants, The Man Who Died Nine Times.
Tools: audiobooks through http://libro.fm/, chosen because it routes to her local bookstore; relies on bookseller email recommendations. Used Goodreads once — after finishing a book, to prepare discussion.
Zero prior awareness of SuperSummary.
Quote

""There's two gals in the book club that are huge chat GPT people and two of the things that she often does, I don't know if this would be helpful for Super Summary is she will ask chat GPT what should I know at this point? And she'll say how many pages you read? Like in case she's like a little lost to try to be like okay, what should I know at this point of the book?""

Secondary, on how books actually reach her:

""someone I whose taste I trust reads a book, they tell me to read it and then I talk to them about it, and then if I tell someone else to it and they read it, then we talk about it""

Opportunities
Picker-facing shortlist support. The recurring, concrete task in this club is assembling three candidate titles for a Slack vote. [name] volunteered this as the place SuperSummary could help — pairing ""if you liked X"" suggestions with guides that already exist — and framed it explicitly as reducing effort for the picker. The gap is a slate-building job, not a browse-and-discover job.
Participation path for members who vote but never read or attend. Roughly 20 members vote, three read, four attend. The club's engagement problem is not comprehension; it is that most participants stall after voting. A way to contribute an opinion asynchronously in Slack — without finishing the book or joining the call — addresses the actual drop-off point and connects to engagement and acquisition outcomes.
Content heads-up signals at the pick stage. The Man Who Died Nine Times contained material several members would not read past (""there's a lot of people like couldn't get past the incest""). The content became the discussion by default. A pre-selection signal about what a book contains would let pickers choose deliberately and prepare rather than absorb the surprise mid-cycle.
Meet the club inside Slack. The club lives entirely in a Slack channel — voting, scheduling, invitations, and recruitment all happen there, and the channel is described as sparse. Any tool that requires members to leave Slack competes with the club's only shared surface.
Reposition existing host-prep content away from academic framing. [name] built her discussion from memory of high-school and IB training plus a skim of reviews, and never considered that prepared material might exist. Her need was met by improvisation because she never encountered the alternative — a positioning and entry-point problem more than a content problem.
Insights
Book selection is socially routed, not tool-routed. Books reach [name] through people whose taste she trusts, and through curated bookseller emails she already receives. She does not consult ratings or reviews to decide what to read. Content strategy that assumes search-driven or ratings-driven discovery misses how this segment actually chooses.
Reviews serve a retrospective, social function. She consulted Goodreads only after finishing, to check whether other readers shared her ambivalence (""I wanted the look at reviews to see if I. Other people were conflicted""), then converted that finding into a discussion point. She was hunting for disagreement to fuel conversation, not for comprehension.
In low-commitment clubs, the scarce resource is attendance, not understanding. The failure mode she describes is logistical — declines an hour before, time-zone collisions, competing weekend plans — rather than members struggling with the book. For this sub-segment, participation aids rank above comprehension aids.
Rotating leadership resets preparation to zero every cycle. Every four to five weeks a different novice moderator prepares from scratch. Nothing accumulates between cycles: no shared question bank, no record of what worked, no handoff. The prep burden recurs indefinitely at the same low level of sophistication.
Prior schooling substitutes for tooling. Her questions came from formal literature training (""Just nerdy high school... IB trained"") and produced a deliberately basic set — reactions to the ending, author background, agreement with the premise. Because she assumes she can generate questions unaided, she has no felt need to look for them, which suppresses demand she might otherwise express.
General-purpose AI already occupies the mid-read jobs SuperSummary built for. Colleagues use ChatGPT for ""what should I know at this point"" (supplying a page count) and ""if I liked this, what else would I like."" Both jobs correspond to capabilities SuperSummary ships, and neither user knew to look for them. The competitor for these moments is a chat assistant, not a study-guide site.
Variety, not depth, is what retains her. She stays engaged because unfamiliar picks expand her range (""I'm gonna take the Rex""), not because she wants deeper analysis of any single title. Value framed around depth may not land with this member type.
Brand awareness is absent and consistent. She had not heard of SuperSummary, matching the interviewer's report that no participant in the study had.
Pain Points
Attendance collapses at the last minute — invitations go out an hour before, ~30 people decline, four arrive.
Time-zone spread across states makes any single meeting slot bad for part of the company; late-Friday slots compete directly with personal time.
Voting does not predict reading: members vote for books they never open.
The picker role lands on whoever happened to attend, with no support or handoff.
Members lose the narrative thread mid-book and resolve it outside the club, by asking ChatGPT what they should know at their current page.
Seeking mid-book context risks spoilers, which is what pushes the workaround toward a controllable prompt rather than a search.
Objectionable content discovered mid-read causes abandonment (""I think I'm out"") and displaces the intended discussion.
Discussion preparation has no scaffolding — recalled schooling plus a manual review skim for short reactions and ""some basic themes.""
The Slack channel is sparse; engagement tactics like three-book polls produce votes without follow-through.
Experience Map
Join — Employee opts into the Culture Club book club by joining the Slack channel; ~25 do so out of a few hundred.
Propose — The previous cycle's attendee, now the picker, posts three candidate titles to the channel to broaden buy-in.
Vote — About 20 members vote on the title; participation peaks here and declines from this point forward.
Schedule — A second Slack poll sets the date, which defaults to four or five weeks out regardless of the book.
Read — A small subset reads; [name] listens via http://libro.fm/. Members who lose track query ChatGPT with their page count to catch up without spoilers.
Prepare — The picker builds questions from prior literature training and skims Goodreads for polarizing reactions to seed disagreement.
Convene — Invitation goes out an hour ahead; roughly 30 decline, four attend, some readers blocked by time zone rather than lack of preparation.
Discuss — Conversation covers reactions to the ending, author background, and whatever content divided the group.
Hand off — A next picker emerges from those who attended; the cycle restarts with no carryover of prep or process.
Outside the club — Personal reading continues through the trusted-recommendation chain: she receives a recommendation, reads, discusses with the recommender, then passes it onward.",,Yes,"00:00:03 SPK_1
Hello. How are you?

00:00:07 SPK_2
Good. How are you doing?

00:00:08 SPK_1
So good. Good to see you.

00:00:10 SPK_2
Good to see you too. This is so fun.

00:00:13 SPK_1
I know. I was like I talked to Lisa o' Brien yesterday and I was just like, this is so fun. I get to talk to like all the people that came out of the woodwork that are random book people and that I haven't talked to in forever.

00:00:28 SPK_2
There you might hear my dog rustling all around, just saying hi.

00:00:31 SPK_1
Nope, love it. Can't hear it all. Sweet. Well, thank you for hopping on. I am doing this consulting project with Super Summary. Have you heard of Super Summary before? Okay. I hadn't heard of them until I started working here. They historically have been very like academic focus kind of like they provide these really in depth summary study guide summaries for books primarily it was like for students writing an essay like on the Odyssey or like teachers teaching these books. And then what they found over the last few years is that more and more the demo on their app started becoming book club members who were like preparing to lead or attend book club. And so this is kind of like a new sector for them and they're really excited about potentially building out tools and like a home for book clubs in general of and like taking this like deep knowledge that they have about like the literature and the themes and the characters and all these things for these various stories and translating that into like fun and interactive book club like activities and prompts and anything. So my job right now is just to talk to people in book clubs and get kind of a sense for like what their book club is, like what type of club they're in when they meet, how they choose their books, where there are like pain points for both hosts and members. So yeah, if you just want to start by telling me about your book club, we can get started.

00:02:08 SPK_2
Sure. Also this is like through my work through our like Culture Club HR thing.

00:02:15 SPK_1
Perfect.

00:02:16 SPK_2
So it's much more like corporate kind of. And I work for a weed distribution company now. I'm sure if you.

00:02:28 SPK_1
Okay.

00:02:30 SPK_2
But we have like a brand and a distro arm and all of this. So there's like two different facilities, a manufacturing thing, people are remote, a sales team. So it's like pretty freaking hodgepodge. So this is the Culture club is like let's unify people who don't normally interact with together everyone who wants to join Kiva Book Club join the Slack Channel. And we did. And those large company couple hundred. I would say about like 25 people are in the Slack Channel and there's a max of four people that actually show up to a discussion.

00:03:03 SPK_1
Yeah.

00:03:03 SPK_2
But basically someone picks a book whatever they want. It started out as non fiction only we've kind of evolved into fiction. And once they've decided, they put a slack vote of like, when do we want to meet? It's spoiler alert. It's always four or five weeks. Because that's just what people default to.

00:03:23 SPK_1
Yeah.

00:03:23 SPK_2
And then they lead the discussion, invite everybody an hour before 30 people decline and four people show up and then whoever is one of the people left becomes like the picker. And then they pick the book. And to try to get more engagement, usually the picker will in said slack channel that is pretty sparse, will put like three books up, be like, of these three have people vote to then try and join.

00:03:52 SPK_1
And then like 20 people vote and then three people read the book that they voted for.

00:03:56 SPK_2
Yeah, yeah. And then sometimes people read the book but can't come to those meetings because we have different states for the people involved. So Friday at 3 o' clock for someone in California would be very different than someone who's in New York. Right. They're like, I think I'd rather go out and have my weekend than like talk to my HR manager about a book. Yeah. So yeah, this isn't like a more structured bought in book club, but I was like, yeah, I can give you the deets on it.

00:04:24 SPK_1
No, I love it. No, it's super great because I feel like I'm getting such different variety of like book clubs that are so intense and like we. Everyone reads the book and you're not allowed to come if you don't. And like other planes that are like, we have a book club and we like talk about the book sort of at the beginning and then we just drink. Like it's not act like you know or like no one actually reads it, but they just want to come for the social experience. So I think it's good to get different perspectives and like ideally I think the vision is that we could totally, like, we could try to build things that make book clubs more engaging even for people that can't read the book. So. So like, are there ways that they can engage with this text or this book without reading it entirely? And so I think that's like something that's kind of like fun to. Have you ever been in a book club before?

00:05:17 SPK_2
No, not like official one. There have been like me and another person will read a book or me and like two other people will read it and talk about it or what Happens more I feel like is someone I whose taste I trust reads a book, they tell me to read it and then I talk to them about it, and then if I tell someone else to it and they read it, then we talk about it. But no, my only book club is this very sad HR sponsored one.

00:05:38 SPK_1
I like it. It's. It's. It's a book club. It still counts. All book clubs are, are, are worth it.

00:05:44 SPK_2
Definitely get a variety of books being chosen too.

00:05:47 SPK_1
Yeah. What's like, what's a couple of the most recent that you remember?

00:05:52 SPK_2
Right now we're reading Portrait of a Thief, which is like the Chinese art heist novel. I. The book I recommended for the group a couple months ago was Brain on Fire, which is the true story of the gal who's like, goes into full encephalitis and is like losing her mind and takes notes the whole time. We had like 30 days I lived with the Navy Seal. We had your mind on plants. Like just like a lot of random stuff based on who's picking it. Which. Which has been fun and why I'm still like, like, I'm gonna take the Rex.

00:06:28 SPK_1
Yeah, it is kind of fun. Yeah. To like force yourself to read something that maybe you wouldn't have picked and you're like, wait, I'm actually like expanding my brain a little bit.

00:06:37 SPK_2
Yeah.

00:06:39 SPK_1
Do you use any reading tools like Goodreads or any other apps or anything like for your own personal reading?

00:06:48 SPK_2
I get my recommendations whether through people or I do my audiobooks through Libro and so because it's through my local bookstore, they'll do emails and they're like, hey, bookseller recommended things. This is always on sale. And so I'll kind of see what's kind of curated and do that, but not like look up reviews or do anything like that. Yeah, I did use Goodreads to look up reviews for one of the books we did that I led the discussion on. It was the man who Died Nine Times. Kind of a polarizing book. And I wanted the look at reviews to see if I. Other people were conflicted. And so that was a discussion point. So I looked at reviews after the fact.

00:07:31 SPK_1
That makes sense. Do you like when you're asking questions, like when you're moderating, for example, like, where did you get those questions from?

00:07:43 SPK_2
Just nerdy high school. Just kind of thinking through it. Yeah, just IHS for sure. IB trained. And like I said, I looked at the reviews a little bit to be like, what were people's 20 word thing about it? And Just kind of some basic themes. But it's like pretty basic. I was like, how did you like the ending? Here's some history about the author. Do you agree with it? Like this one? I don't know if you've read that book, the man who Died.

00:08:10 SPK_1
I haven't, no.

00:08:11 SPK_2
It's like a time loop thing where he has to repeat the same day like nine times. Set in Japan, but it was written like a couple decades ago. There's like some like incest cousins stuff that just was like, I think I'm out.

00:08:26 SPK_1
Yeah, I don't know about that actually.

00:08:28 SPK_2
At a different time that would be there. So there's a lot of people like couldn't get past the incest. I'm like, yeah, this discussion topic we're going to bring, um. Yeah, but a lot of it was just kind of what I wanted to talk about is if I had recommended to a friend be like, what did you think about this? And kind of prompted that way.

00:08:44 SPK_1
Yeah, that makes sense. Yeah. One of the things, like one of the tools I think we're building is called Hot Takes and it's basically like like sliders or like yes no's of like what you think so that then it can aggregate your book clubs like on, on the meter and then you can talk fight about it in your next meeting, which I think will be super fun. Cool. I think that's really all that I have. I'm just trying to get as many like data points around like the number like how book clubs are functioning. Because one of the things like Super Summary has always done really well is getting user data like surveys from their current users. But I feel like the people that are already using it are a very specific type of type of book club user that is not necessarily indicative of like a normal millennial book club, tech savvy, like type of person. And so I think their entire framing has really been focused on one user. And like every single interview I've done so far, no one has heard of Super Summary. And I was like, I think that's actually better. Like I think it actually gives us more information on like how do we find new people.

00:09:54 SPK_2
Yeah.

00:09:55 SPK_1
So yeah. Any other thoughts or things that you can think of that would be useful about book club or like pain points or anything that anyone's talked about, etc.

00:10:05 SPK_2
There's two gals in the book club that are huge chat GPT people and two of the things that she often does, I don't know if this would be helpful for Super Summary is she will ask chat GPT what should I know at this point? And she'll say how many pages you read? Like in case she's like a little lost to try to be like okay, what should I know at this point of the book? She's like, I do that all the time. It's like, okay. And then similarly like if I liked this book, what else should I. What else would I like? So kind of basic prompts things. But if you guys are building out a platform then like recommended like you liked this, then you should do this. And we already have a study guide for it. Like I could see being a good easy for the picker. However other teams do that.

00:10:51 SPK_1
Yeah, no, that's great feedback. One of the tools that super summary already has actually is called story recap and you can click what chapter you're on and it gives you the summary up to that point so that you don't have to like avoid spoilers by like googling and you know, being nervous. So yeah, no, I think so much of it is we already have cool features that no one knows about and it's just positioning them I think in a way that makes the most sense for book club and doesn't feel necessarily as like academically. I'm like a student driven.

00:11:22 SPK_2
Yeah.

00:11:23 SPK_1
But yeah, cool. Well this is helpful and I have recorded your responses and they will be factored into my finished report. So I appreciate you.

00:11:33 SPK_2
Yeah, no problem. Yeah. Anything else? I offer my opinion freely.

00:11:39 SPK_1
So I love that once we launch some of our initial things, I'll send it to you and be like, what do you think? Maybe test out some hot takes with the book club for your next book.

00:11:49 SPK_2
Sounds good. And we got some, like I said, interesting folks working in the cannabis space. So I'm sure we could have some takes being taken.

00:11:55 SPK_1
I love that we need that we that the hotter the better.

00:11:59 SPK_2
Cool. Well, it was also so good to chat with you. I hope you're well.

00:12:03 SPK_1
You too. Yeah, very well. Very like crazy times in so many lives. I have a 6 month old now so we are very enamored with her I would say which is just been the best. But yeah, it's just been good. I'm working obviously this is like a side project that I'm working on in addition to my regular job. So it's good. I was like ah, books because your.

00:12:29 SPK_2
Hands aren't pulling up with the six month olds.

00:12:30 SPK_1
Right. My job and my company and my baby, but also books. So they pulled me in.

00:12:40 SPK_2
Well, awesome. Well, so happy to hear things are going well. Hope you all continue to be enamored and flourished and all your different side ventures and. Yeah. Wish you all the best. Let me know if there's anything else I can do.

00:12:51 SPK_1
I will. Thank you so much. It was good to see you.

00:12:53 SPK_2
Good to see you, too.

00:12:54 SPK_1
Talk to you later.

00:12:55 SPK_2
Cheers. [name]",[removed],
